dataset,query,N,budget,S0_time,S0_exec,S0_payload,S0_written,S0_hits,S0_bypass,S0_calls,S1_time,S1_exec,S1_payload,S1_written,S1_hits,S1_bypass,S1_calls,SD_time,SD_exec,SD_payload,SD_written,SD_hits,SD_bypass,SD_calls,S2_time,S2_exec,S2_payload,S2_written,S2_hits,S2_bypass,S2_calls,S2c_time,S2c_exec,S2c_payload,S2c_written,S2c_hits,S2c_bypass,S2c_calls,S3_time,S3_exec,S3_payload,S3_written,S3_hits,S3_bypass,S3_calls,S0_t_exec,S0_t_ser,S0_t_spill,S0_t_copy,S0_t_lookup,S0_t_alias,S0_t_regen,S1_t_exec,S1_t_ser,S1_t_spill,S1_t_copy,S1_t_lookup,S1_t_alias,S1_t_regen,SD_t_exec,SD_t_ser,SD_t_spill,SD_t_copy,SD_t_lookup,SD_t_alias,SD_t_regen,S2_t_exec,S2_t_ser,S2_t_spill,S2_t_copy,S2_t_lookup,S2_t_alias,S2_t_regen,S2c_t_exec,S2c_t_ser,S2c_t_spill,S2c_t_copy,S2c_t_lookup,S2c_t_alias,S2c_t_regen,S3_t_exec,S3_t_ser,S3_t_spill,S3_t_copy,S3_t_lookup,S3_t_alias,S3_t_regen,S0_time_mongo,S0_written_mongo,S1_time_mongo,S1_written_mongo,SD_time_mongo,SD_written_mongo,S2_time_mongo,S2_written_mongo,S2c_time_mongo,S2c_written_mongo,S3_time_mongo,S3_written_mongo,S0_time_sqlite,S0_written_sqlite,S1_time_sqlite,S1_written_sqlite,SD_time_sqlite,SD_written_sqlite,S2_time_sqlite,S2_written_sqlite,S2c_time_sqlite,S2c_written_sqlite,S3_time_sqlite,S3_written_sqlite,S0_time_postgres,S0_written_postgres,S1_time_postgres,S1_written_postgres,SD_time_postgres,SD_written_postgres,S2_time_postgres,S2_written_postgres,S2c_time_postgres,S2c_written_postgres,S3_time_postgres,S3_written_postgres,S0_time_duckdb,S0_written_duckdb,S1_time_duckdb,S1_written_duckdb,SD_time_duckdb,SD_written_duckdb,S2_time_duckdb,S2_written_duckdb,S2c_time_duckdb,S2c_written_duckdb,S3_time_duckdb,S3_written_duckdb,S0_peak_foot,S0_peak_foot_seq,S0_p50,S0_p95,S1_peak_foot,S1_peak_foot_seq,S1_p50,S1_p95,SD_peak_foot,SD_peak_foot_seq,SD_p50,SD_p95,S2_peak_foot,S2_peak_foot_seq,S2_p50,S2_p95,S2c_peak_foot,S2c_peak_foot_seq,S2c_p50,S2c_p95,S3_peak_foot,S3_peak_foot_seq,S3_p50,S3_p95,admitted_calls
DEPS_DEV_V1,query1,8,1,53719.461086899275,8824.582875253633,358158638412.0,411966337150.0,0.0,0.0,12170.0,48332.6306502528,8218.119601495331,319025313645.0,367091833785.0,549.0,0.0,12170.0,52158.636892823735,7263.753656040877,226130564799.0,411966337150.0,3950.0,0.0,12170.0,35048.64724021792,7263.753656040877,226130564799.0,626251487195.0,3950.0,0.0,12170.0,34880.69153086026,7263.753656040877,226130564799.0,259159653410.0,3950.0,0.0,12170.0,34878.86806658213,7263.753656040877,226130564799.0,259159653410.0,3950.0,0.0,12170.0,8824.582875253633,26382.569469582755,18512.308742062887,0.0,0.0,0.0,0.0,8218.119601495331,23600.037892812397,16514.465557062533,0.0,0.0006984304636716843,0.006900452077388763,0.0,7263.753656040877,26382.569469582755,18512.308742062887,0.0,0.005025137215852737,0.0,0.0,7263.753656040877,16269.791746297386,11345.267991045257,169.82192124510897,0.005025137215852737,0.006900452077388763,0.0,7263.753656040877,16269.791746297386,11345.267991045257,1.866211887449026,0.005025137215852737,0.006900452077388763,0.0,7263.753656040877,16269.791746297386,11345.267991045257,0.0,0.005025137215852737,0.04964806139469147,0.0,0.0,0.0,0.0,0.0,0.0,0.0,0.0,0.0,0.0,0.0,0.0,0.0,29658.18347385968,249591451774.0,24714.819360112073,208074291139.0,28277.989091946976,249591451774.0,18393.93446391588,362725464465.0,18298.509212879697,154651173326.0,18297.688066878123,154651173326.0,0.0,0.0,0.0,0.0,0.0,0.0,0.0,0.0,0.0,0.0,0.0,0.0,24061.277613039594,162374885376.0,23617.81129014073,159017542646.0,23880.64780087676,162374885376.0,16654.71277630204,263526022730.0,16582.182317980565,104508480084.0,16581.179999704007,104508480084.0,1647865348.6,413812637.508,4.558236549388152,14.320517418262828,1468367335.14,344923722.92,4.019103605778422,14.2446612164936,1647865348.6,413812637.508,4.377125555957668,14.022215460907061,2505005948.78,1277184402.22,0.7715145856757271,13.006280332940909,1036638613.64,1036638613.64,0.7582972242403776,12.956075785045694,1036638613.64,1036638613.64,0.7581101264161989,12.95579579615695,12170
DEPS_DEV_V1,query1,8,1/16,53719.461086899275,8824.582875253633,358158638412.0,411966337150.0,0.0,0.0,12170.0,48332.6306502528,8218.119601495331,319025313645.0,367091833785.0,549.0,0.0,12170.0,52196.72151093208,7301.838368291035,230812522767.0,411966337150.0,3876.0,0.0,12170.0,35585.57204952967,7301.838368291035,230812522767.0,631520310610.0,3876.0,0.0,12170.0,35417.61634017201,7301.838368291035,230812522767.0,264428476825.0,3876.0,0.0,12170.0,35573.09476144961,7311.856319237268,231965275615.0,265756051333.0,3841.0,32.0,12170.0,8824.582875253633,26382.569469582755,18512.308742062887,0.0,0.0,0.0,0.0,8218.119601495331,23600.037892812397,16514.465557062533,0.0,0.0006984304636716843,0.006900452077388763,0.0,7301.838368291035,26382.569469582755,18512.308742062887,0.0,0.004930995404720306,0.0,0.0,7301.838368291035,16564.85089437547,11549.049034170574,169.82192124510897,0.004930995404720306,0.006900452077388763,0.0,7301.838368291035,16564.85089437547,11549.049034170574,1.866211887449026,0.004930995404720306,0.006900452077388763,0.0,7311.856319237268,16652.03307540645,11609.152202310739,0.0,0.00488646887242794,0.04827802628278732,0.0,0.0,0.0,0.0,0.0,0.0,0.0,0.0,0.0,0.0,0.0,0.0,0.0,29658.18347385968,249591451774.0,24714.819360112073,208074291139.0,28310.002642736537,249591451774.0,18690.874875040026,366057059613.0,18595.449624003842,157982768474.0,18658.78017199342,158521586581.0,0.0,0.0,0.0,0.0,0.0,0.0,0.0,0.0,0.0,0.0,0.0,0.0,24061.277613039594,162374885376.0,23617.81129014073,159017542646.0,23886.718868195545,162374885376.0,16894.697174489644,265463250997.0,16822.16671616817,106445708351.0,16914.31458945619,107234464752.0,1647865348.6,413812637.508,4.558236549388152,14.320517418262828,1468367335.14,344923722.92,4.019103605778422,14.2446612164936,1647865348.6,413812637.508,4.377148270017467,14.02432018994032,2135287938.48,976004021.468,0.7718086956770596,13.045025204353767,1057713907.3,712284637.392,0.7587516978941857,12.994656227939478,710282321.144,705277664.632,0.7586415258976631,13.011907815363953,12170
DEPS_DEV_V1,query1,8,1/2,53719.461086899275,8824.582875253633,358158638412.0,411966337150.0,0.0,0.0,12170.0,48332.6306502528,8218.119601495331,319025313645.0,367091833785.0,549.0,0.0,12170.0,52158.636892823735,7263.753656040877,226130564799.0,411966337150.0,3950.0,0.0,12170.0,35048.64724021792,7263.753656040877,226130564799.0,626251487195.0,3950.0,0.0,12170.0,34880.69153086026,7263.753656040877,226130564799.0,259159653410.0,3950.0,0.0,12170.0,34878.86806658213,7263.753656040877,226130564799.0,259159653410.0,3950.0,0.0,12170.0,8824.582875253633,26382.569469582755,18512.308742062887,0.0,0.0,0.0,0.0,8218.119601495331,23600.037892812397,16514.465557062533,0.0,0.0006984304636716843,0.006900452077388763,0.0,7263.753656040877,26382.569469582755,18512.308742062887,0.0,0.005025137215852737,0.0,0.0,7263.753656040877,16269.791746297386,11345.267991045257,169.82192124510897,0.005025137215852737,0.006900452077388763,0.0,7263.753656040877,16269.791746297386,11345.267991045257,1.866211887449026,0.005025137215852737,0.006900452077388763,0.0,7263.753656040877,16269.791746297386,11345.267991045257,0.0,0.005025137215852737,0.04964806139469147,0.0,0.0,0.0,0.0,0.0,0.0,0.0,0.0,0.0,0.0,0.0,0.0,0.0,29658.18347385968,249591451774.0,24714.819360112073,208074291139.0,28277.989091946976,249591451774.0,18393.93446391588,362725464465.0,18298.509212879697,154651173326.0,18297.688066878123,154651173326.0,0.0,0.0,0.0,0.0,0.0,0.0,0.0,0.0,0.0,0.0,0.0,0.0,24061.277613039594,162374885376.0,23617.81129014073,159017542646.0,23880.64780087676,162374885376.0,16654.71277630204,263526022730.0,16582.182317980565,104508480084.0,16581.179999704007,104508480084.0,1647865348.6,413812637.508,4.558236549388152,14.320517418262828,1468367335.14,344923722.92,4.019103605778422,14.2446612164936,1647865348.6,413812637.508,4.377125555957668,14.022215460907061,2505005948.78,1277184402.22,0.7715145856757271,13.006280332940909,1036638613.64,1036638613.64,0.7582972242403776,12.956075785045694,1036638613.64,1036638613.64,0.7581101264161989,12.95579579615695,12170
DEPS_DEV_V1,query1,8,1/4,53719.461086899275,8824.582875253633,358158638412.0,411966337150.0,0.0,0.0,12170.0,48332.6306502528,8218.119601495331,319025313645.0,367091833785.0,549.0,0.0,12170.0,52158.636892823735,7263.753656040877,226130564799.0,411966337150.0,3950.0,0.0,12170.0,35048.64724021792,7263.753656040877,226130564799.0,626251487195.0,3950.0,0.0,12170.0,34880.69153086026,7263.753656040877,226130564799.0,259159653410.0,3950.0,0.0,12170.0,34878.86806658213,7263.753656040877,226130564799.0,259159653410.0,3950.0,0.0,12170.0,8824.582875253633,26382.569469582755,18512.308742062887,0.0,0.0,0.0,0.0,8218.119601495331,23600.037892812397,16514.465557062533,0.0,0.0006984304636716843,0.006900452077388763,0.0,7263.753656040877,26382.569469582755,18512.308742062887,0.0,0.005025137215852737,0.0,0.0,7263.753656040877,16269.791746297386,11345.267991045257,169.82192124510897,0.005025137215852737,0.006900452077388763,0.0,7263.753656040877,16269.791746297386,11345.267991045257,1.866211887449026,0.005025137215852737,0.006900452077388763,0.0,7263.753656040877,16269.791746297386,11345.267991045257,0.0,0.005025137215852737,0.04964806139469147,0.0,0.0,0.0,0.0,0.0,0.0,0.0,0.0,0.0,0.0,0.0,0.0,0.0,29658.18347385968,249591451774.0,24714.819360112073,208074291139.0,28277.989091946976,249591451774.0,18393.93446391588,362725464465.0,18298.509212879697,154651173326.0,18297.688066878123,154651173326.0,0.0,0.0,0.0,0.0,0.0,0.0,0.0,0.0,0.0,0.0,0.0,0.0,24061.277613039594,162374885376.0,23617.81129014073,159017542646.0,23880.64780087676,162374885376.0,16654.71277630204,263526022730.0,16582.182317980565,104508480084.0,16581.179999704007,104508480084.0,1647865348.6,413812637.508,4.558236549388152,14.320517418262828,1468367335.14,344923722.92,4.019103605778422,14.2446612164936,1647865348.6,413812637.508,4.377125555957668,14.022215460907061,2505005948.78,1277184402.22,0.7715145856757271,13.006280332940909,1036638613.64,1036638613.64,0.7582972242403776,12.956075785045694,1036638613.64,1036638613.64,0.7581101264161989,12.95579579615695,12170
DEPS_DEV_V1,query1,8,1/8,53719.461086899275,8824.582875253633,358158638412.0,411966337150.0,0.0,0.0,12170.0,48332.6306502528,8218.119601495331,319025313645.0,367091833785.0,549.0,0.0,12170.0,52158.636892823735,7263.753656040877,226130564799.0,411966337150.0,3950.0,0.0,12170.0,35048.64724021792,7263.753656040877,226130564799.0,626251487195.0,3950.0,0.0,12170.0,34880.69153086026,7263.753656040877,226130564799.0,259159653410.0,3950.0,0.0,12170.0,34878.86806658213,7263.753656040877,226130564799.0,259159653410.0,3950.0,0.0,12170.0,8824.582875253633,26382.569469582755,18512.308742062887,0.0,0.0,0.0,0.0,8218.119601495331,23600.037892812397,16514.465557062533,0.0,0.0006984304636716843,0.006900452077388763,0.0,7263.753656040877,26382.569469582755,18512.308742062887,0.0,0.005025137215852737,0.0,0.0,7263.753656040877,16269.791746297386,11345.267991045257,169.82192124510897,0.005025137215852737,0.006900452077388763,0.0,7263.753656040877,16269.791746297386,11345.267991045257,1.866211887449026,0.005025137215852737,0.006900452077388763,0.0,7263.753656040877,16269.791746297386,11345.267991045257,0.0,0.005025137215852737,0.04964806139469147,0.0,0.0,0.0,0.0,0.0,0.0,0.0,0.0,0.0,0.0,0.0,0.0,0.0,29658.18347385968,249591451774.0,24714.819360112073,208074291139.0,28277.989091946976,249591451774.0,18393.93446391588,362725464465.0,18298.509212879697,154651173326.0,18297.688066878123,154651173326.0,0.0,0.0,0.0,0.0,0.0,0.0,0.0,0.0,0.0,0.0,0.0,0.0,24061.277613039594,162374885376.0,23617.81129014073,159017542646.0,23880.64780087676,162374885376.0,16654.71277630204,263526022730.0,16582.182317980565,104508480084.0,16581.179999704007,104508480084.0,1647865348.6,413812637.508,4.558236549388152,14.320517418262828,1468367335.14,344923722.92,4.019103605778422,14.2446612164936,1647865348.6,413812637.508,4.377125555957668,14.022215460907061,2410269009.116,1216699158.752,0.7715145856757271,13.006280332940909,1036638613.64,956049594.564,0.7582972242403776,12.956075785045694,954755030.676,954755030.676,0.7581101264161989,12.95579579615695,12170
DEPS_DEV_V1,query2,8,1,39503.60550508741,5785.35690407129,269443815286.0,309599060601.0,0.0,0.0,11038.0,36429.73210948636,5372.331539960578,250155519404.0,287110165418.0,519.0,0.0,11038.0,38588.040797887836,4869.788085164502,184529816646.0,309599060601.0,3232.0,0.0,11038.0,26729.33673312961,4869.788085164502,184529816646.0,497393527497.0,3232.0,0.0,11038.0,26598.226643236587,4869.788085164502,184529816646.0,210283362079.0,3232.0,0.0,11038.0,26596.549573174445,4869.788085164502,184529816646.0,210283362079.0,3232.0,0.0,11038.0,5785.35690407129,19985.25425243727,13732.994348578854,0.0,0.0,0.0,0.0,5372.331539960578,18413.80477367039,12643.588612212334,0.0,0.000660264864563942,0.0065233781933784485,0.0,4869.788085164502,19985.25425243727,13732.994348578854,0.0,0.0041117072105407715,0.0,0.0,4869.788085164502,12875.22547061625,8851.491282260045,132.82126000340932,0.0041117072105407715,0.0065233781933784485,0.0,4869.788085164502,12875.22547061625,8851.491282260045,1.711170110385865,0.0041117072105407715,0.0065233781933784485,0.0,4869.788085164502,12875.22547061625,8851.491282260045,0.0,0.0041117072105407715,0.04062342643737793,0.0,0.0,0.0,0.0,0.0,0.0,0.0,0.0,0.0,0.0,0.0,0.0,0.0,17567.080490824068,154157533050.0,15189.258408830967,137104793665.0,16845.831795441685,154157533050.0,12994.56758433541,256265962538.0,12931.871902124956,119161168873.0,12931.146191427484,119161168873.0,0.0,0.0,0.0,0.0,0.0,0.0,0.0,0.0,0.0,0.0,0.0,0.0,21936.525014263345,155441527551.0,21240.47370065539,150005371753.0,21742.20900244615,155441527551.0,13734.769148794201,241127564959.0,13666.35474111163,91122193206.0,13665.40338174696,91122193206.0,1238396242.404,326943196.376,2.71118616161868,13.689985881839316,1148440661.672,283556597.724,2.668323336516507,13.621511994067856,1238396242.404,326943196.376,2.66685648791166,13.472541370404137,1989574109.988,1032748239.424,1.1863592212196559,11.804411261156579,841133448.316,841133448.316,1.1735135779231787,11.759528327932623,841133448.316,841133448.316,1.1733777405479924,11.759242799798068,11038
DEPS_DEV_V1,query2,8,1/16,39503.60550508741,5785.35690407129,269443815286.0,309599060601.0,0.0,0.0,11038.0,36429.73210948636,5372.331539960578,250155519404.0,287110165418.0,519.0,0.0,11038.0,38589.82916579093,4871.576467061648,185074924367.0,309599060601.0,3221.0,0.0,11038.0,26804.545215131984,4871.576467061648,185074924367.0,498025788194.0,3221.0,0.0,11038.0,26673.43512523896,4871.576467061648,185074924367.0,210915622776.0,3221.0,0.0,11038.0,26819.559030775214,4878.255801293766,186139639053.0,212147802673.0,3193.0,8.0,11038.0,5785.35690407129,19985.25425243727,13732.994348578854,0.0,0.0,0.0,0.0,5372.331539960578,18413.80477367039,12643.588612212334,0.0,0.000660264864563942,0.0065233781933784485,0.0,4871.576467061648,19985.25425243727,13732.994348578854,0.0,0.004097713157534599,0.0,0.0,4871.576467061648,12919.054575058864,8881.082291916711,132.82126000340932,0.004097713157534599,0.0065233781933784485,0.0,4871.576467061648,12919.054575058864,8881.082291916711,1.711170110385865,0.004097713157534599,0.0065233781933784485,0.0,4878.255801293766,13003.34626170178,8937.912772457348,0.0,0.0040620919317007065,0.04013323038816452,0.0,0.0,0.0,0.0,0.0,0.0,0.0,0.0,0.0,0.0,0.0,0.0,0.0,17567.080490824068,154157533050.0,15189.258408830967,137104793665.0,16845.831795441685,154157533050.0,12994.56758433541,256265962538.0,12931.871902124956,119161168873.0,12957.050667398144,119366186982.0,0.0,0.0,0.0,0.0,0.0,0.0,0.0,0.0,0.0,0.0,0.0,0.0,21936.525014263345,155441527551.0,21240.47370065539,150005371753.0,21743.997370349243,155441527551.0,13809.977630796575,241759825656.0,13741.563223114004,91754453903.0,13862.50836337707,92781615691.0,1238396242.404,326943196.376,2.71118616161868,13.689985881839316,1148440661.672,283556597.724,2.668323336516507,13.621511994067856,1238396242.404,326943196.376,2.666856495224405,13.474557973520827,1755748989.352,858002809.912,1.186359976118631,11.84376826033479,843662491.104,638469388.488,1.173559480747208,11.798686526862946,638094789.532,634504321.704,1.1734643407752738,11.847661900237524,11038
DEPS_DEV_V1,query2,8,1/2,39503.60550508741,5785.35690407129,269443815286.0,309599060601.0,0.0,0.0,11038.0,36429.73210948636,5372.331539960578,250155519404.0,287110165418.0,519.0,0.0,11038.0,38588.040797887836,4869.788085164502,184529816646.0,309599060601.0,3232.0,0.0,11038.0,26729.33673312961,4869.788085164502,184529816646.0,497393527497.0,3232.0,0.0,11038.0,26598.226643236587,4869.788085164502,184529816646.0,210283362079.0,3232.0,0.0,11038.0,26596.549573174445,4869.788085164502,184529816646.0,210283362079.0,3232.0,0.0,11038.0,5785.35690407129,19985.25425243727,13732.994348578854,0.0,0.0,0.0,0.0,5372.331539960578,18413.80477367039,12643.588612212334,0.0,0.000660264864563942,0.0065233781933784485,0.0,4869.788085164502,19985.25425243727,13732.994348578854,0.0,0.0041117072105407715,0.0,0.0,4869.788085164502,12875.22547061625,8851.491282260045,132.82126000340932,0.0041117072105407715,0.0065233781933784485,0.0,4869.788085164502,12875.22547061625,8851.491282260045,1.711170110385865,0.0041117072105407715,0.0065233781933784485,0.0,4869.788085164502,12875.22547061625,8851.491282260045,0.0,0.0041117072105407715,0.04062342643737793,0.0,0.0,0.0,0.0,0.0,0.0,0.0,0.0,0.0,0.0,0.0,0.0,0.0,17567.080490824068,154157533050.0,15189.258408830967,137104793665.0,16845.831795441685,154157533050.0,12994.56758433541,256265962538.0,12931.871902124956,119161168873.0,12931.146191427484,119161168873.0,0.0,0.0,0.0,0.0,0.0,0.0,0.0,0.0,0.0,0.0,0.0,0.0,21936.525014263345,155441527551.0,21240.47370065539,150005371753.0,21742.20900244615,155441527551.0,13734.769148794201,241127564959.0,13666.35474111163,91122193206.0,13665.40338174696,91122193206.0,1238396242.404,326943196.376,2.71118616161868,13.689985881839316,1148440661.672,283556597.724,2.668323336516507,13.621511994067856,1238396242.404,326943196.376,2.66685648791166,13.472541370404137,1989574109.988,1032748239.424,1.1863592212196559,11.804411261156579,841133448.316,841133448.316,1.1735135779231787,11.759528327932623,841133448.316,841133448.316,1.1733777405479924,11.759242799798068,11038
DEPS_DEV_V1,query2,8,1/4,39503.60550508741,5785.35690407129,269443815286.0,309599060601.0,0.0,0.0,11038.0,36429.73210948636,5372.331539960578,250155519404.0,287110165418.0,519.0,0.0,11038.0,38588.040797887836,4869.788085164502,184529816646.0,309599060601.0,3232.0,0.0,11038.0,26729.33673312961,4869.788085164502,184529816646.0,497393527497.0,3232.0,0.0,11038.0,26598.226643236587,4869.788085164502,184529816646.0,210283362079.0,3232.0,0.0,11038.0,26596.549573174445,4869.788085164502,184529816646.0,210283362079.0,3232.0,0.0,11038.0,5785.35690407129,19985.25425243727,13732.994348578854,0.0,0.0,0.0,0.0,5372.331539960578,18413.80477367039,12643.588612212334,0.0,0.000660264864563942,0.0065233781933784485,0.0,4869.788085164502,19985.25425243727,13732.994348578854,0.0,0.0041117072105407715,0.0,0.0,4869.788085164502,12875.22547061625,8851.491282260045,132.82126000340932,0.0041117072105407715,0.0065233781933784485,0.0,4869.788085164502,12875.22547061625,8851.491282260045,1.711170110385865,0.0041117072105407715,0.0065233781933784485,0.0,4869.788085164502,12875.22547061625,8851.491282260045,0.0,0.0041117072105407715,0.04062342643737793,0.0,0.0,0.0,0.0,0.0,0.0,0.0,0.0,0.0,0.0,0.0,0.0,0.0,17567.080490824068,154157533050.0,15189.258408830967,137104793665.0,16845.831795441685,154157533050.0,12994.56758433541,256265962538.0,12931.871902124956,119161168873.0,12931.146191427484,119161168873.0,0.0,0.0,0.0,0.0,0.0,0.0,0.0,0.0,0.0,0.0,0.0,0.0,21936.525014263345,155441527551.0,21240.47370065539,150005371753.0,21742.20900244615,155441527551.0,13734.769148794201,241127564959.0,13666.35474111163,91122193206.0,13665.40338174696,91122193206.0,1238396242.404,326943196.376,2.71118616161868,13.689985881839316,1148440661.672,283556597.724,2.668323336516507,13.621511994067856,1238396242.404,326943196.376,2.66685648791166,13.472541370404137,1989574109.988,1032748239.424,1.1863592212196559,11.804411261156579,841133448.316,841133448.316,1.1735135779231787,11.759528327932623,841133448.316,841133448.316,1.1733777405479924,11.759242799798068,11038
DEPS_DEV_V1,query2,8,1/8,39503.60550508741,5785.35690407129,269443815286.0,309599060601.0,0.0,0.0,11038.0,36429.73210948636,5372.331539960578,250155519404.0,287110165418.0,519.0,0.0,11038.0,38588.040797887836,4869.788085164502,184529816646.0,309599060601.0,3232.0,0.0,11038.0,26729.33673312961,4869.788085164502,184529816646.0,497393527497.0,3232.0,0.0,11038.0,26598.226643236587,4869.788085164502,184529816646.0,210283362079.0,3232.0,0.0,11038.0,26596.549573174445,4869.788085164502,184529816646.0,210283362079.0,3232.0,0.0,11038.0,5785.35690407129,19985.25425243727,13732.994348578854,0.0,0.0,0.0,0.0,5372.331539960578,18413.80477367039,12643.588612212334,0.0,0.000660264864563942,0.0065233781933784485,0.0,4869.788085164502,19985.25425243727,13732.994348578854,0.0,0.0041117072105407715,0.0,0.0,4869.788085164502,12875.22547061625,8851.491282260045,132.82126000340932,0.0041117072105407715,0.0065233781933784485,0.0,4869.788085164502,12875.22547061625,8851.491282260045,1.711170110385865,0.0041117072105407715,0.0065233781933784485,0.0,4869.788085164502,12875.22547061625,8851.491282260045,0.0,0.0041117072105407715,0.04062342643737793,0.0,0.0,0.0,0.0,0.0,0.0,0.0,0.0,0.0,0.0,0.0,0.0,0.0,17567.080490824068,154157533050.0,15189.258408830967,137104793665.0,16845.831795441685,154157533050.0,12994.56758433541,256265962538.0,12931.871902124956,119161168873.0,12931.146191427484,119161168873.0,0.0,0.0,0.0,0.0,0.0,0.0,0.0,0.0,0.0,0.0,0.0,0.0,21936.525014263345,155441527551.0,21240.47370065539,150005371753.0,21742.20900244615,155441527551.0,13734.769148794201,241127564959.0,13666.35474111163,91122193206.0,13665.40338174696,91122193206.0,1238396242.404,326943196.376,2.71118616161868,13.689985881839316,1148440661.672,283556597.724,2.668323336516507,13.621511994067856,1238396242.404,326943196.376,2.66685648791166,13.472541370404137,1963530594.26,1019283268.544,1.1863592212196559,11.804411261156579,841133448.316,819990176.708,1.1735135779231787,11.759528327932623,819429719.58,819429719.58,1.1733777405479924,11.759242799798068,11038
GITHUB_REPOS,query1,8,1,90113.7651770832,16879.237502902746,708360619185.0,795808542423.0,0.0,0.0,9670.0,74151.41114810947,14900.98684570659,557919787753.0,628800317059.0,618.0,0.0,9670.0,83347.33796535246,10112.806958043016,300269108156.0,795808542423.0,2620.0,0.0,9670.0,42555.63047276311,10112.806958043016,300269108156.0,967515917939.0,2620.0,0.0,9670.0,42266.30887693353,10112.806958043016,300269108156.0,338715600880.0,2620.0,0.0,9670.0,42264.76363559067,10112.806958043016,300269108156.0,338715600880.0,2620.0,0.0,9670.0,16879.237502902746,41374.409725974314,31860.11794820614,0.0,0.0,0.0,0.0,14900.98684570659,33456.33835200034,25794.07739646919,0.0,0.0007862113416194916,0.007767722010612488,0.0,10112.806958043016,41374.409725974314,31860.11794820614,0.0,0.0033331289887428284,0.0,0.0,10112.806958043016,18152.167849922553,13999.752563376911,290.89200056963085,0.0033331289887428284,0.007767722010612488,0.0,10112.806958043016,18152.167849922553,13999.752563376911,1.570404740050435,0.0033331289887428284,0.007767722010612488,0.0,10112.806958043016,18152.167849922553,13999.752563376911,0.0,0.0033331289887428284,0.032931119203567505,0.0,0.0,0.0,0.0,0.0,0.0,0.0,0.0,0.0,0.0,0.0,0.0,0.0,89171.84400406294,794514102033.0,73221.88430651836,627535354694.0,82514.81012696773,794514102033.0,41727.21944651108,965164931470.0,41437.715826226864,337629576776.0,41436.92994327564,337629576776.0,0.0,0.0,0.0,0.0,0.0,0.0,0.0,0.0,0.0,0.0,0.0,0.0,941.921173020266,1294440390.0,929.5268415911123,1264962365.0,832.5278383847326,1294440390.0,828.4110262520256,2350986469.0,828.593050706666,1086024104.0,827.8336923150346,1086024104.0,3183234169.692,918579757.296,8.869759966446086,36.37943025286495,2515201268.236,643047647.22,8.38862387608923,36.24544333523307,3183234169.692,918579757.296,7.9548101366348565,34.51626288908123,3870063671.756,1899606533.488,0.3132034450357745,30.332136696310585,1354862403.52,1354862403.52,0.2851494529992342,30.223797769290016,1354862403.52,1354862403.52,0.28495993503928185,30.223516124338094,9670
GITHUB_REPOS,query1,8,1/16,90113.7651770832,16879.237502902746,708360619185.0,795808542423.0,0.0,0.0,9670.0,74151.41114810947,14900.98684570659,557919787753.0,628800317059.0,618.0,0.0,9670.0,84151.69884297252,10917.168128266,378816441347.0,795808542423.0,2390.0,0.0,9670.0,49600.83045313753,10917.168128266,378816441347.0,1053303547955.0,2390.0,0.0,9670.0,49311.508857307956,10917.168128266,378816441347.0,424503230896.0,2390.0,0.0,9670.0,49440.682700263336,11049.678085844032,376764015921.0,422470164227.0,2361.0,175.0,9670.0,16879.237502902746,41374.409725974314,31860.11794820614,0.0,0.0,0.0,0.0,14900.98684570659,33456.33835200034,25794.07739646919,0.0,0.0007862113416194916,0.007767722010612488,0.0,10917.168128266,41374.409725974314,31860.11794820614,0.0,0.0030405260622501373,0.0,0.0,10917.168128266,21708.236186376773,16684.52332967706,290.89200056963085,0.0030405260622501373,0.007767722010612488,0.0,10917.168128266,21708.236186376773,16684.52332967706,1.570404740050435,0.0030405260622501373,0.007767722010612488,0.0,11049.678085844032,21703.297715553083,16687.6742195189,0.0,0.0030036326497793198,0.029675714671611786,0.0,0.0,0.0,0.0,0.0,0.0,0.0,0.0,0.0,0.0,0.0,0.0,0.0,89171.84400406294,794514102033.0,73221.88430651836,627535354694.0,83312.7371985428,794514102033.0,48765.747761039136,1050939305544.0,48476.24414075492,423403950850.0,48604.560075032525,421368719992.0,0.0,0.0,0.0,0.0,0.0,0.0,0.0,0.0,0.0,0.0,0.0,0.0,941.921173020266,1294440390.0,929.5268415911123,1264962365.0,838.9616444297135,1294440390.0,835.0826920983958,2364242411.0,835.2647165530361,1099280046.0,836.1226252308115,1101444235.0,3183234169.692,918579757.296,8.869759966446086,36.37943025286495,2515201268.236,643047647.22,8.38862387608923,36.24544333523307,3183234169.692,918579757.296,7.96136171120964,34.973673915613254,3144064448.076,1304669759.576,0.3946991286766894,31.272087434688142,1698012923.584,809297569.184,0.3759069765126333,31.142050836652327,1029456228.416,857259138.228,0.37597597095929086,30.936345919504014,9670
GITHUB_REPOS,query1,8,1/2,90113.7651770832,16879.237502902746,708360619185.0,795808542423.0,0.0,0.0,9670.0,74151.41114810947,14900.98684570659,557919787753.0,628800317059.0,618.0,0.0,9670.0,83347.33796535246,10112.806958043016,300269108156.0,795808542423.0,2620.0,0.0,9670.0,42555.63047276311,10112.806958043016,300269108156.0,967515917939.0,2620.0,0.0,9670.0,42266.30887693353,10112.806958043016,300269108156.0,338715600880.0,2620.0,0.0,9670.0,42264.76363559067,10112.806958043016,300269108156.0,338715600880.0,2620.0,0.0,9670.0,16879.237502902746,41374.409725974314,31860.11794820614,0.0,0.0,0.0,0.0,14900.98684570659,33456.33835200034,25794.07739646919,0.0,0.0007862113416194916,0.007767722010612488,0.0,10112.806958043016,41374.409725974314,31860.11794820614,0.0,0.0033331289887428284,0.0,0.0,10112.806958043016,18152.167849922553,13999.752563376911,290.89200056963085,0.0033331289887428284,0.007767722010612488,0.0,10112.806958043016,18152.167849922553,13999.752563376911,1.570404740050435,0.0033331289887428284,0.007767722010612488,0.0,10112.806958043016,18152.167849922553,13999.752563376911,0.0,0.0033331289887428284,0.032931119203567505,0.0,0.0,0.0,0.0,0.0,0.0,0.0,0.0,0.0,0.0,0.0,0.0,0.0,89171.84400406294,794514102033.0,73221.88430651836,627535354694.0,82514.81012696773,794514102033.0,41727.21944651108,965164931470.0,41437.715826226864,337629576776.0,41436.92994327564,337629576776.0,0.0,0.0,0.0,0.0,0.0,0.0,0.0,0.0,0.0,0.0,0.0,0.0,941.921173020266,1294440390.0,929.5268415911123,1264962365.0,832.5278383847326,1294440390.0,828.4110262520256,2350986469.0,828.593050706666,1086024104.0,827.8336923150346,1086024104.0,3183234169.692,918579757.296,8.869759966446086,36.37943025286495,2515201268.236,643047647.22,8.38862387608923,36.24544333523307,3183234169.692,918579757.296,7.9548101366348565,34.51626288908123,3870063671.756,1899606533.488,0.3132034450357745,30.332136696310585,1354862403.52,1354862403.52,0.2851494529992342,30.223797769290016,1354862403.52,1354862403.52,0.28495993503928185,30.223516124338094,9670
GITHUB_REPOS,query1,8,1/4,90113.7651770832,16879.237502902746,708360619185.0,795808542423.0,0.0,0.0,9670.0,74151.41114810947,14900.98684570659,557919787753.0,628800317059.0,618.0,0.0,9670.0,83347.33796535246,10112.806958043016,300269108156.0,795808542423.0,2620.0,0.0,9670.0,42555.63047276311,10112.806958043016,300269108156.0,967515917939.0,2620.0,0.0,9670.0,42266.30887693353,10112.806958043016,300269108156.0,338715600880.0,2620.0,0.0,9670.0,42264.76363559067,10112.806958043016,300269108156.0,338715600880.0,2620.0,0.0,9670.0,16879.237502902746,41374.409725974314,31860.11794820614,0.0,0.0,0.0,0.0,14900.98684570659,33456.33835200034,25794.07739646919,0.0,0.0007862113416194916,0.007767722010612488,0.0,10112.806958043016,41374.409725974314,31860.11794820614,0.0,0.0033331289887428284,0.0,0.0,10112.806958043016,18152.167849922553,13999.752563376911,290.89200056963085,0.0033331289887428284,0.007767722010612488,0.0,10112.806958043016,18152.167849922553,13999.752563376911,1.570404740050435,0.0033331289887428284,0.007767722010612488,0.0,10112.806958043016,18152.167849922553,13999.752563376911,0.0,0.0033331289887428284,0.032931119203567505,0.0,0.0,0.0,0.0,0.0,0.0,0.0,0.0,0.0,0.0,0.0,0.0,0.0,89171.84400406294,794514102033.0,73221.88430651836,627535354694.0,82514.81012696773,794514102033.0,41727.21944651108,965164931470.0,41437.715826226864,337629576776.0,41436.92994327564,337629576776.0,0.0,0.0,0.0,0.0,0.0,0.0,0.0,0.0,0.0,0.0,0.0,0.0,941.921173020266,1294440390.0,929.5268415911123,1264962365.0,832.5278383847326,1294440390.0,828.4110262520256,2350986469.0,828.593050706666,1086024104.0,827.8336923150346,1086024104.0,3183234169.692,918579757.296,8.869759966446086,36.37943025286495,2515201268.236,643047647.22,8.38862387608923,36.24544333523307,3183234169.692,918579757.296,7.9548101366348565,34.51626288908123,3834830125.312,1873463895.508,0.3132034450357745,30.332136696310585,1354862403.52,1324831818.332,0.2851494529992342,30.223797769290016,1322967955.948,1322967955.948,0.28495993503928185,30.223516124338094,9670
GITHUB_REPOS,query1,8,1/8,90113.7651770832,16879.237502902746,708360619185.0,795808542423.0,0.0,0.0,9670.0,74151.41114810947,14900.98684570659,557919787753.0,628800317059.0,618.0,0.0,9670.0,83391.0244017411,10156.493417331018,306306635468.0,795808542423.0,2602.0,0.0,9670.0,43066.97219033413,10156.493417331018,306306635468.0,974093439252.0,2602.0,0.0,9670.0,42777.65059450455,10156.493417331018,306306635468.0,345293122193.0,2602.0,0.0,9670.0,43707.764549364336,10239.497995500453,315250085517.0,355242551547.0,2561.0,18.0,9670.0,16879.237502902746,41374.409725974314,31860.11794820614,0.0,0.0,0.0,0.0,14900.98684570659,33456.33835200034,25794.07739646919,0.0,0.0007862113416194916,0.007767722010612488,0.0,10156.493417331018,41374.409725974314,31860.11794820614,0.0,0.003310229629278183,0.0,0.0,10156.493417331018,18418.69603204727,14200.87966243457,290.89200056963085,0.003310229629278183,0.007767722010612488,0.0,10156.493417331018,18418.69603204727,14200.87966243457,1.570404740050435,0.003310229629278183,0.007767722010612488,0.0,10239.497995500453,18899.343689242378,14568.887417010963,0.0,0.0032580699771642685,0.032189540565013885,0.0,0.0,0.0,0.0,0.0,0.0,0.0,0.0,0.0,0.0,0.0,0.0,0.0,89171.84400406294,794514102033.0,73221.88430651836,627535354694.0,82557.9441193277,794514102033.0,42237.991827112695,971741491821.0,41948.48820682848,344206137127.0,42878.21396785416,354153279015.0,0.0,0.0,0.0,0.0,0.0,0.0,0.0,0.0,0.0,0.0,0.0,0.0,941.921173020266,1294440390.0,929.5268415911123,1264962365.0,833.0802824134007,1294440390.0,828.980363221431,2351947431.0,829.1623876760714,1086985066.0,829.5505815101787,1089272532.0,3183234169.692,918579757.296,8.869759966446086,36.37943025286495,2515201268.236,643047647.22,8.38862387608923,36.24544333523307,3183234169.692,918579757.296,7.954975121648983,34.557025200443526,3551060934.748,1635510866.86,0.3133363497504867,30.403524771041123,1381172488.772,1108501225.724,0.28606223296187816,30.293614549386124,1083229236.004,1083005849.232,0.28815662950463594,30.372784811011698,9670
GITHUB_REPOS,query2,8,1,9264.791905807331,3274.7462331401184,77647859856.0,84555604763.0,0.0,0.0,13871.0,9046.518060523085,3119.2923380555585,77253093632.0,84084972859.0,228.0,0.0,13871.0,8165.666279723868,2175.6174265900627,57585742981.0,84555604763.0,2500.0,0.0,13871.0,6584.423066510148,2175.6174265900627,57585742981.0,146699472484.0,2500.0,0.0,13871.0,6546.472968041431,2175.6174265900627,57585742981.0,62614499625.0,2500.0,0.0,13871.0,6545.552715112455,2175.6174265900627,57585742981.0,62614499625.0,2500.0,0.0,13871.0,3274.7462331401184,3416.632610070519,2573.4130625966936,0.0,0.0,0.0,0.0,3119.2923380555585,3381.32852802705,2545.894038620405,0.0,0.00029005855321884155,0.0028657615184783936,0.0,2175.6174265900627,3416.632610070519,2573.4130625966936,0.0,0.003180466592311859,0.0,0.0,2175.6174265900627,2493.707244899124,1876.1934403330088,38.89890845984193,0.003180466592311859,0.0028657615184783936,0.0,2175.6174265900627,2493.707244899124,1876.1934403330088,0.9488099911250174,0.003180466592311859,0.0028657615184783936,0.0,2175.6174265900627,2493.707244899124,1876.1934403330088,0.0,0.003180466592311859,0.031422823667526245,0.0,0.0,0.0,0.0,0.0,0.0,0.0,0.0,0.0,0.0,0.0,0.0,0.0,8898.460329949856,84037100965.0,8685.553715640679,83628380887.0,7826.264394821599,84037100965.0,6251.404938374692,145809712864.0,6213.076735798735,62181331977.0,6212.734312186018,62181331977.0,0.0,0.0,0.0,0.0,0.0,0.0,0.0,0.0,0.0,0.0,0.0,0.0,366.3315758574754,518503798.0,360.9643448824063,456591972.0,339.40188490226865,518503798.0,333.0181281354562,889759620.0,333.396232242696,433167648.0,332.81840292643756,433167648.0,338222419.052,214204621.064,0.18144529624283315,3.0437740562977247,336339891.436,213253211.6,0.11268465187959373,3.043356496847419,338222419.052,214204621.064,0.06703523032180965,2.716023656464366,586797889.936,460602325.7,0.01796700604851736,0.9921567438822401,250457998.5,250457998.5,0.01791300537530333,0.9908846934512253,250457998.5,250457998.5,0.017817256659269334,0.9907356477649878,13871
GITHUB_REPOS,query2,8,1/16,9264.791905807331,3274.7462331401184,77647859856.0,84555604763.0,0.0,0.0,13871.0,9046.518060523085,3119.2923380555585,77253093632.0,84084972859.0,228.0,135.0,13871.0,8290.297159768641,2300.2483498891816,75883149559.0,84555604763.0,2466.0,135.0,13871.0,8044.51608397699,2300.2483498891816,75883149559.0,87642965089.0,2466.0,135.0,13871.0,8043.044783015735,2300.2483498891816,75883149559.0,82494908055.0,2466.0,135.0,13871.0,8042.1626490345225,2300.2483498891816,75883149559.0,82494908055.0,2466.0,135.0,13871.0,3274.7462331401184,3416.632610070519,2573.4130625966936,0.0,0.0,0.0,0.0,3119.2923380555585,3381.32852802705,2545.894038620405,0.0,0.00029005855321884155,0.0028657615184783936,0.0,2300.2483498891816,3416.632610070519,2573.4130625966936,0.0,0.003137212246656418,0.0,0.0,2300.2483498891816,3277.070013234392,2464.810153225437,2.3815646542148734,0.003137212246656418,0.0028657615184783936,0.0,2300.2483498891816,3277.070013234392,2464.810153225437,0.9102636929601431,0.003137212246656418,0.0028657615184783936,0.0,2300.2483498891816,3277.070013234392,2464.810153225437,0.0,0.003137212246656418,0.030995473265647888,0.0,0.0,0.0,0.0,0.0,0.0,0.0,0.0,0.0,0.0,0.0,0.0,0.0,8898.460329949856,84037100965.0,8685.553715640679,83628380887.0,7950.895274866372,84037100965.0,7711.497955841534,86753205469.0,7709.6485507730395,82061740407.0,7709.344246108085,82061740407.0,0.0,0.0,0.0,0.0,0.0,0.0,0.0,0.0,0.0,0.0,0.0,0.0,366.3315758574754,518503798.0,360.9643448824063,456591972.0,339.40188490226865,518503798.0,333.0181281354562,889759620.0,333.396232242696,433167648.0,332.81840292643756,433167648.0,338222419.052,214204621.064,0.18144529624283315,3.0437740562977247,336339891.436,213253211.6,0.11268465187959373,3.043356496847419,338222419.052,214204621.064,0.06703523032180965,2.875775353204829,350571860.356,224411386.08,0.01796700604851736,2.86835077101578,329979632.22,219994064.14,0.017967533122748135,2.867281205350624,329979632.22,219994064.14,0.01786824495717883,2.8671370136426737,13871
GITHUB_REPOS,query2,8,1/2,9264.791905807331,3274.7462331401184,77647859856.0,84555604763.0,0.0,0.0,13871.0,9046.518060523085,3119.2923380555585,77253093632.0,84084972859.0,228.0,0.0,13871.0,8169.8255475293845,2179.7766969399527,58123902152.0,84555604763.0,2498.0,0.0,13871.0,6628.987599539831,2179.7766969399527,58123902152.0,147284190379.0,2498.0,0.0,13871.0,6591.037501071114,2179.7766969399527,58123902152.0,63199217520.0,2498.0,0.0,13871.0,6590.117223003879,2179.7766969399527,58123902152.0,63199217520.0,2498.0,0.0,13871.0,3274.7462331401184,3416.632610070519,2573.4130625966936,0.0,0.0,0.0,0.0,3119.2923380555585,3381.32852802705,2545.894038620405,0.0,0.00029005855321884155,0.0028657615184783936,0.0,2179.7766969399527,3416.632610070519,2573.4130625966936,0.0,0.0031779222190380096,0.0,0.0,2179.7766969399527,2516.764183934778,1893.541766521521,38.89890845984193,0.0031779222190380096,0.0028657615184783936,0.0,2179.7766969399527,2516.764183934778,1893.541766521521,0.9488099911250174,0.0031779222190380096,0.0028657615184783936,0.0,2179.7766969399527,2516.764183934778,1893.541766521521,0.0,0.0031779222190380096,0.031397685408592224,0.0,0.0,0.0,0.0,0.0,0.0,0.0,0.0,0.0,0.0,0.0,0.0,0.0,8898.460329949856,84037100965.0,8685.553715640679,83628380887.0,7830.423662627116,84037100965.0,6295.969471404375,146394430759.0,6257.641268828418,62766049872.0,6257.298820077442,62766049872.0,0.0,0.0,0.0,0.0,0.0,0.0,0.0,0.0,0.0,0.0,0.0,0.0,366.3315758574754,518503798.0,360.9643448824063,456591972.0,339.40188490226865,518503798.0,333.0181281354562,889759620.0,333.396232242696,433167648.0,332.81840292643756,433167648.0,338222419.052,214204621.064,0.18144529624283315,3.0437740562977247,336339891.436,213253211.6,0.11268465187959373,3.043356496847419,338222419.052,214204621.064,0.06703668714873492,2.7210776052130363,558253789.024,432301077.36,0.01796849290458178,1.051745356763943,252796870.08,222162878.672,0.01791485814936459,1.0500924266170695,222162878.672,222162878.672,0.017819094525650142,1.049943380930832,13871
GITHUB_REPOS,query2,8,1/4,9264.791905807331,3274.7462331401184,77647859856.0,84555604763.0,0.0,0.0,13871.0,9046.518060523085,3119.2923380555585,77253093632.0,84084972859.0,228.0,135.0,13871.0,8290.297159768641,2300.2483498891816,75883149559.0,84555604763.0,2466.0,135.0,13871.0,8044.51608397699,2300.2483498891816,75883149559.0,87642965089.0,2466.0,135.0,13871.0,8043.044783015735,2300.2483498891816,75883149559.0,82494908055.0,2466.0,135.0,13871.0,8042.1626490345225,2300.2483498891816,75883149559.0,82494908055.0,2466.0,135.0,13871.0,3274.7462331401184,3416.632610070519,2573.4130625966936,0.0,0.0,0.0,0.0,3119.2923380555585,3381.32852802705,2545.894038620405,0.0,0.00029005855321884155,0.0028657615184783936,0.0,2300.2483498891816,3416.632610070519,2573.4130625966936,0.0,0.003137212246656418,0.0,0.0,2300.2483498891816,3277.070013234392,2464.810153225437,2.3815646542148734,0.003137212246656418,0.0028657615184783936,0.0,2300.2483498891816,3277.070013234392,2464.810153225437,0.9102636929601431,0.003137212246656418,0.0028657615184783936,0.0,2300.2483498891816,3277.070013234392,2464.810153225437,0.0,0.003137212246656418,0.030995473265647888,0.0,0.0,0.0,0.0,0.0,0.0,0.0,0.0,0.0,0.0,0.0,0.0,0.0,8898.460329949856,84037100965.0,8685.553715640679,83628380887.0,7950.895274866372,84037100965.0,7711.497955841534,86753205469.0,7709.6485507730395,82061740407.0,7709.344246108085,82061740407.0,0.0,0.0,0.0,0.0,0.0,0.0,0.0,0.0,0.0,0.0,0.0,0.0,366.3315758574754,518503798.0,360.9643448824063,456591972.0,339.40188490226865,518503798.0,333.0181281354562,889759620.0,333.396232242696,433167648.0,332.81840292643756,433167648.0,338222419.052,214204621.064,0.18144529624283315,3.0437740562977247,336339891.436,213253211.6,0.11268465187959373,3.043356496847419,338222419.052,214204621.064,0.06703523032180965,2.875775353204829,350571860.356,224411386.08,0.01796700604851736,2.86835077101578,329979632.22,219994064.14,0.017967533122748135,2.867281205350624,329979632.22,219994064.14,0.01786824495717883,2.8671370136426737,13871
GITHUB_REPOS,query2,8,1/8,9264.791905807331,3274.7462331401184,77647859856.0,84555604763.0,0.0,0.0,13871.0,9046.518060523085,3119.2923380555585,77253093632.0,84084972859.0,228.0,135.0,13871.0,8290.297159768641,2300.2483498891816,75883149559.0,84555604763.0,2466.0,135.0,13871.0,8044.51608397699,2300.2483498891816,75883149559.0,87642965089.0,2466.0,135.0,13871.0,8043.044783015735,2300.2483498891816,75883149559.0,82494908055.0,2466.0,135.0,13871.0,8042.1626490345225,2300.2483498891816,75883149559.0,82494908055.0,2466.0,135.0,13871.0,3274.7462331401184,3416.632610070519,2573.4130625966936,0.0,0.0,0.0,0.0,3119.2923380555585,3381.32852802705,2545.894038620405,0.0,0.00029005855321884155,0.0028657615184783936,0.0,2300.2483498891816,3416.632610070519,2573.4130625966936,0.0,0.003137212246656418,0.0,0.0,2300.2483498891816,3277.070013234392,2464.810153225437,2.3815646542148734,0.003137212246656418,0.0028657615184783936,0.0,2300.2483498891816,3277.070013234392,2464.810153225437,0.9102636929601431,0.003137212246656418,0.0028657615184783936,0.0,2300.2483498891816,3277.070013234392,2464.810153225437,0.0,0.003137212246656418,0.030995473265647888,0.0,0.0,0.0,0.0,0.0,0.0,0.0,0.0,0.0,0.0,0.0,0.0,0.0,8898.460329949856,84037100965.0,8685.553715640679,83628380887.0,7950.895274866372,84037100965.0,7711.497955841534,86753205469.0,7709.6485507730395,82061740407.0,7709.344246108085,82061740407.0,0.0,0.0,0.0,0.0,0.0,0.0,0.0,0.0,0.0,0.0,0.0,0.0,366.3315758574754,518503798.0,360.9643448824063,456591972.0,339.40188490226865,518503798.0,333.0181281354562,889759620.0,333.396232242696,433167648.0,332.81840292643756,433167648.0,338222419.052,214204621.064,0.18144529624283315,3.0437740562977247,336339891.436,213253211.6,0.11268465187959373,3.043356496847419,338222419.052,214204621.064,0.06703523032180965,2.875775353204829,350571860.356,224411386.08,0.01796700604851736,2.86835077101578,329979632.22,219994064.14,0.017967533122748135,2.867281205350624,329979632.22,219994064.14,0.01786824495717883,2.8671370136426737,13871
GITHUB_REPOS,query3,8,1,37324.75955296587,29394.651805777103,70734352407.0,80234540567.0,0.0,0.0,9949.0,34419.023367177695,27646.84765589796,59188894829.0,67305763079.0,356.0,0.0,9949.0,31260.597043037415,23330.48666496668,49670418688.0,80234540567.0,2068.0,0.0,9949.0,28508.11205438441,23330.48666496668,49670418688.0,123083968071.0,2068.0,0.0,9949.0,28477.977651584893,23330.48666496668,49670418688.0,55778204992.0,2068.0,0.0,9949.0,28476.996966182254,23330.48666496668,49670418688.0,55778204992.0,2068.0,0.0,9949.0,29394.651805777103,4466.8990392535925,3463.208707935177,0.0,0.0,0.0,0.0,27646.84765589796,3814.7945205559954,2957.3762632152066,0.0,0.00045289844274520874,0.004474610090255737,0.0,23330.48666496668,4466.8990392535925,3463.208707935177,0.0,0.00263088196516037,0.0,0.0,23330.48666496668,2907.026691987179,2239.454985386692,31.136606551804334,0.00263088196516037,0.004474610090255737,0.0,23330.48666496668,2907.026691987179,2239.454985386692,1.0022037522867322,0.00263088196516037,0.004474610090255737,0.0,23330.48666496668,2907.026691987179,2239.454985386692,0.0,0.00263088196516037,0.02599295973777771,0.0,0.0,0.0,0.0,0.0,0.0,0.0,0.0,0.0,0.0,0.0,0.0,0.0,37009.8584042266,77521701560.0,34106.290908953175,64592924072.0,30959.316311741248,77521701560.0,28217.9264206734,117992322453.0,28188.88312276546,53399398381.0,28188.06289913971,53399398381.0,0.0,0.0,0.0,0.0,0.0,0.0,0.0,0.0,0.0,0.0,0.0,0.0,314.90114873927087,2712839007.0,312.7324582245201,2712839007.0,301.2807312961668,2712839007.0,290.1856337110097,5091645618.0,289.09452881943434,2378806611.0,288.9340670425445,2378806611.0,320938162.268,156572706.864,2.8767409888822586,10.330150717000288,269223052.316,122787021.664,2.8057819649763407,10.307111690592205,320938162.268,156572706.864,1.337380127152428,10.139188498628137,492335872.284,319426265.104,0.47855932687094654,10.099449514358824,223112819.968,223112819.968,0.4764985142108053,10.092223798168263,223112819.968,223112819.968,0.4764241654518992,10.09196042701695,9949
GITHUB_REPOS,query3,8,1/16,37324.75955296587,29394.651805777103,70734352407.0,80234540567.0,0.0,0.0,9949.0,34859.17199360393,27683.505902741104,64570484999.0,73152942029.0,346.0,28.0,9949.0,31300.92110057082,23370.81073649414,55590167875.0,80234540567.0,2057.0,28.0,9949.0,28547.25795042208,23334.152489650995,50208577705.0,113143763856.0,2067.0,18.0,9949.0,28521.987387290224,23334.152489650995,50208577705.0,56362922887.0,2067.0,18.0,9949.0,28967.879779831506,23372.254634737037,55617041535.0,62243555291.0,2050.0,49.0,9949.0,29394.651805777103,4466.8990392535925,3463.208707935177,0.0,0.0,0.0,0.0,27683.505902741104,4045.1850196411833,3130.4762821262702,0.0,0.0004401765763759613,0.004348918795585632,0.0,23370.81073649414,4466.8990392535925,3463.208707935177,0.0,0.0026168879121541977,0.0,0.0,23334.152489650995,2930.065741895698,2256.7649872777984,26.26762737772073,0.002629609778523445,0.004474610090255737,0.0,23334.152489650995,2930.065741895698,2256.7649872777984,0.997064245864749,0.002629609778523445,0.004474610090255737,0.0,23372.254634737037,3163.391682241112,2432.205088155344,0.0,0.0026079826056957245,0.02576671540737152,0.0,0.0,0.0,0.0,0.0,0.0,0.0,0.0,0.0,0.0,0.0,0.0,0.0,37009.8584042266,77521701560.0,34546.43953537941,70440103022.0,30999.640369274653,77521701560.0,28257.07231671107,108052118238.0,28232.89285847079,53984116276.0,28678.696235197596,59864732648.0,0.0,0.0,0.0,0.0,0.0,0.0,0.0,0.0,0.0,0.0,0.0,0.0,314.90114873927087,2712839007.0,312.7324582245201,2712839007.0,301.2807312961668,2712839007.0,290.1856337110097,5091645618.0,289.09452881943434,2378806611.0,289.18354463391006,2378822643.0,320938162.268,156572706.864,2.8767409888822586,10.330150717000288,292611768.116,146175737.464,2.8059038768932223,10.329800086634602,320938162.268,156572706.864,1.337380127152428,10.139280522308123,396696630.288,239918316.8,0.47855932687094654,10.124030592199714,225451691.548,171511700.428,0.4765118278916925,10.116854469515754,201914595.632,194869456.448,0.4765270357616246,10.139280522308123,9949
GITHUB_REPOS,query3,8,1/2,37324.75955296587,29394.651805777103,70734352407.0,80234540567.0,0.0,0.0,9949.0,34419.023367177695,27646.84765589796,59188894829.0,67305763079.0,356.0,0.0,9949.0,31260.597043037415,23330.48666496668,49670418688.0,80234540567.0,2068.0,0.0,9949.0,28508.11205438441,23330.48666496668,49670418688.0,123083968071.0,2068.0,0.0,9949.0,28477.977651584893,23330.48666496668,49670418688.0,55778204992.0,2068.0,0.0,9949.0,28476.996966182254,23330.48666496668,49670418688.0,55778204992.0,2068.0,0.0,9949.0,29394.651805777103,4466.8990392535925,3463.208707935177,0.0,0.0,0.0,0.0,27646.84765589796,3814.7945205559954,2957.3762632152066,0.0,0.00045289844274520874,0.004474610090255737,0.0,23330.48666496668,4466.8990392535925,3463.208707935177,0.0,0.00263088196516037,0.0,0.0,23330.48666496668,2907.026691987179,2239.454985386692,31.136606551804334,0.00263088196516037,0.004474610090255737,0.0,23330.48666496668,2907.026691987179,2239.454985386692,1.0022037522867322,0.00263088196516037,0.004474610090255737,0.0,23330.48666496668,2907.026691987179,2239.454985386692,0.0,0.00263088196516037,0.02599295973777771,0.0,0.0,0.0,0.0,0.0,0.0,0.0,0.0,0.0,0.0,0.0,0.0,0.0,37009.8584042266,77521701560.0,34106.290908953175,64592924072.0,30959.316311741248,77521701560.0,28217.9264206734,117992322453.0,28188.88312276546,53399398381.0,28188.06289913971,53399398381.0,0.0,0.0,0.0,0.0,0.0,0.0,0.0,0.0,0.0,0.0,0.0,0.0,314.90114873927087,2712839007.0,312.7324582245201,2712839007.0,301.2807312961668,2712839007.0,290.1856337110097,5091645618.0,289.09452881943434,2378806611.0,288.9340670425445,2378806611.0,320938162.268,156572706.864,2.8767409888822586,10.330150717000288,269223052.316,122787021.664,2.8057819649763407,10.307111690592205,320938162.268,156572706.864,1.337380127152428,10.139188498628137,492335872.284,319426265.104,0.47855932687094654,10.099449514358824,223112819.968,223112819.968,0.4764985142108053,10.092223798168263,223112819.968,223112819.968,0.4764241654518992,10.09196042701695,9949
GITHUB_REPOS,query3,8,1/4,37324.75955296587,29394.651805777103,70734352407.0,80234540567.0,0.0,0.0,9949.0,34419.023367177695,27646.84765589796,59188894829.0,67305763079.0,356.0,0.0,9949.0,31260.597043037415,23330.48666496668,49670418688.0,80234540567.0,2068.0,0.0,9949.0,28508.11205438441,23330.48666496668,49670418688.0,123083968071.0,2068.0,0.0,9949.0,28477.977651584893,23330.48666496668,49670418688.0,55778204992.0,2068.0,0.0,9949.0,28476.996966182254,23330.48666496668,49670418688.0,55778204992.0,2068.0,0.0,9949.0,29394.651805777103,4466.8990392535925,3463.208707935177,0.0,0.0,0.0,0.0,27646.84765589796,3814.7945205559954,2957.3762632152066,0.0,0.00045289844274520874,0.004474610090255737,0.0,23330.48666496668,4466.8990392535925,3463.208707935177,0.0,0.00263088196516037,0.0,0.0,23330.48666496668,2907.026691987179,2239.454985386692,31.136606551804334,0.00263088196516037,0.004474610090255737,0.0,23330.48666496668,2907.026691987179,2239.454985386692,1.0022037522867322,0.00263088196516037,0.004474610090255737,0.0,23330.48666496668,2907.026691987179,2239.454985386692,0.0,0.00263088196516037,0.02599295973777771,0.0,0.0,0.0,0.0,0.0,0.0,0.0,0.0,0.0,0.0,0.0,0.0,0.0,37009.8584042266,77521701560.0,34106.290908953175,64592924072.0,30959.316311741248,77521701560.0,28217.9264206734,117992322453.0,28188.88312276546,53399398381.0,28188.06289913971,53399398381.0,0.0,0.0,0.0,0.0,0.0,0.0,0.0,0.0,0.0,0.0,0.0,0.0,314.90114873927087,2712839007.0,312.7324582245201,2712839007.0,301.2807312961668,2712839007.0,290.1856337110097,5091645618.0,289.09452881943434,2378806611.0,288.9340670425445,2378806611.0,320938162.268,156572706.864,2.8767409888822586,10.330150717000288,269223052.316,122787021.664,2.8057819649763407,10.307111690592205,320938162.268,156572706.864,1.337380127152428,10.139188498628137,481823956.068,313585502.62,0.47855932687094654,10.099449514358824,223112819.968,214272599.676,0.4764985142108053,10.092223798168263,214272599.676,214272599.676,0.4764241654518992,10.09196042701695,9949
GITHUB_REPOS,query3,8,1/8,37324.75955296587,29394.651805777103,70734352407.0,80234540567.0,0.0,0.0,9949.0,34859.17199360393,27683.505902741104,64570484999.0,73152942029.0,346.0,28.0,9949.0,31300.92110057082,23370.81073649414,55590167875.0,80234540567.0,2057.0,28.0,9949.0,28547.25795042208,23334.152489650995,50208577705.0,113143763856.0,2067.0,18.0,9949.0,28521.987387290224,23334.152489650995,50208577705.0,56362922887.0,2067.0,18.0,9949.0,28961.160455251113,23370.81073649414,55590167875.0,62210101837.0,2057.0,28.0,9949.0,29394.651805777103,4466.8990392535925,3463.208707935177,0.0,0.0,0.0,0.0,27683.505902741104,4045.1850196411833,3130.4762821262702,0.0,0.0004401765763759613,0.004348918795585632,0.0,23370.81073649414,4466.8990392535925,3463.208707935177,0.0,0.0026168879121541977,0.0,0.0,23334.152489650995,2930.065741895698,2256.7649872777984,26.26762737772073,0.002629609778523445,0.004474610090255737,0.0,23334.152489650995,2930.065741895698,2256.7649872777984,0.997064245864749,0.002629609778523445,0.004474610090255737,0.0,23370.81073649414,3160.456240980886,2429.865006188862,0.0,0.0026168879121541977,0.025854699313640594,0.0,0.0,0.0,0.0,0.0,0.0,0.0,0.0,0.0,0.0,0.0,0.0,0.0,37009.8584042266,77521701560.0,34546.43953537941,70440103022.0,30999.640369274653,77521701560.0,28257.07231671107,108052118238.0,28232.89285847079,53984116276.0,28672.226388208568,59831295226.0,0.0,0.0,0.0,0.0,0.0,0.0,0.0,0.0,0.0,0.0,0.0,0.0,314.90114873927087,2712839007.0,312.7324582245201,2712839007.0,301.2807312961668,2712839007.0,290.1856337110097,5091645618.0,289.09452881943434,2378806611.0,288.9340670425445,2378806611.0,320938162.268,156572706.864,2.8767409888822586,10.330150717000288,292611768.116,146175737.464,2.8059038768932223,10.329800086634602,320938162.268,156572706.864,1.337380127152428,10.139280522308123,434444151.196,268752161.264,0.47855932687094654,10.124030592199714,225451691.548,202120271.452,0.4765118278916925,10.116854469515754,232783659.108,225508987.252,0.4765100397262722,10.139280522308123,9949
GITHUB_REPOS,query4,8,1,77872.82652622554,8130.139372752979,883101651974.0,964017634015.0,0.0,0.0,8445.0,66189.9542104397,7136.423657699488,749316186769.0,817791589253.0,434.0,0.0,8445.0,72666.02727131639,2923.3353954870254,250874572079.0,964017634015.0,3712.0,0.0,8445.0,23507.958416071175,2923.3353954870254,250874572079.0,1092126350838.0,3712.0,0.0,8445.0,23130.232824076433,2923.3353954870254,250874572079.0,274334761585.0,3712.0,0.0,8445.0,23129.67755740974,2923.3353954870254,250874572079.0,274334761585.0,3712.0,0.0,8445.0,8130.139372752979,39716.409468557686,30026.27768491488,0.0,0.0,0.0,0.0,7136.423657699488,33631.623815189116,25421.900730419904,0.0,0.0005521290004253387,0.005455002188682556,0.0,2923.3353954870254,39716.409468557686,30026.27768491488,0.0,0.0047223567962646484,0.0,0.0,2923.3353954870254,11494.288260148838,8712.0025228085,378.3220602678258,0.0047223567962646484,0.005455002188682556,0.0,2923.3353954870254,11494.288260148838,8712.0025228085,0.5964682730846107,0.0047223567962646484,0.005455002188682556,0.0,2923.3353954870254,11494.288260148838,8712.0025228085,0.0,0.0047223567962646484,0.04665660858154297,0.0,0.0,0.0,0.0,0.0,0.0,0.0,0.0,0.0,0.0,0.0,0.0,0.0,77818.49299013242,963975110930.0,66137.3313068822,817749066168.0,72623.62747005466,963975110930.0,23466.00559808225,1092041695506.0,23088.23400640255,274292629338.0,23087.735009497963,274292629338.0,0.0,0.0,0.0,0.0,0.0,0.0,0.0,0.0,0.0,0.0,0.0,0.0,54.33353609312326,42523085.0,52.62290355749428,42523085.0,42.39980126172304,42523085.0,41.952817988924245,84655332.0,41.99881767388433,42132247.0,41.94254791177809,42132247.0,3856070536.06,1125640242.96,13.430120715605096,37.785086590421756,3271166357.012,689557439.22,10.886798053162172,37.77773835380133,3856070536.06,1125640242.96,12.384026188518853,35.92749357566888,4368505403.352,1754713708.28,0.0856367532457115,20.29624431512838,1097339046.34,1097339046.34,0.00546512864343822,20.18500872252107,1097339046.34,1097339046.34,0.00537872276827693,20.184827412155627,8445
GITHUB_REPOS,query4,8,1/16,77872.82652622554,8130.139372752979,883101651974.0,964017634015.0,0.0,0.0,8445.0,76675.0889724847,8013.5258173709735,877398032815.0,956954448263.0,196.0,1586.0,8445.0,76858.83449562546,7116.14407136105,864914010476.0,964017634015.0,2571.0,1586.0,8445.0,62941.26428129717,6239.041911689565,736832164430.0,833945676646.0,2809.0,1348.0,8445.0,62926.852317106444,6239.041911689565,736832164430.0,802335020770.0,2809.0,1348.0,8445.0,73411.80535448622,7116.14407136105,864914010476.0,941497879780.0,2571.0,1586.0,8445.0,8130.139372752979,39716.409468557686,30026.27768491488,0.0,0.0,0.0,0.0,8013.5258173709735,39115.748935806565,29545.811506409198,0.0,0.00024934858083724976,0.0024635493755340576,0.0,7116.14407136105,39716.409468557686,30026.27768491488,0.0,0.003270791843533516,0.0,0.0,6239.041911689565,32316.820503600873,24370.76929689385,14.623540538426615,0.003573572263121605,0.005455002188682556,0.0,6239.041911689565,32316.820503600873,24370.76929689385,0.2115763477049768,0.003573572263121605,0.005455002188682556,0.0,7116.14407136105,37800.94562421832,28494.680072883144,0.0,0.003270791843533516,0.03231523185968399,0.0,0.0,0.0,0.0,0.0,0.0,0.0,0.0,0.0,0.0,0.0,0.0,0.0,77818.49299013242,963975110930.0,76622.4660689272,956911925178.0,76816.43469436374,963975110930.0,62899.311463308244,833861021314.0,62884.85349943256,802292888523.0,73369.86280657444,941455747533.0,0.0,0.0,0.0,0.0,0.0,0.0,0.0,0.0,0.0,0.0,0.0,0.0,54.33353609312326,42523085.0,52.62290355749428,42523085.0,42.39980126172304,42523085.0,41.952817988924245,84655332.0,41.99881767388433,42132247.0,41.94254791177809,42132247.0,3856070536.06,1125640242.96,13.430120715605096,37.785086590421756,3827817793.052,1117795707.156,12.69977019318007,37.785086590421756,3856070536.06,1125640242.96,13.131854164592921,37.78371880043875,3333139967.288,744105774.804,9.613803839362843,37.77664448844352,3209340083.08,728809394.472,9.60680898627732,37.77637793044419,3763348779.824,1157577294.62,11.321753162911161,37.78371880043875,8445
GITHUB_REPOS,query4,8,1/2,77872.82652622554,8130.139372752979,883101651974.0,964017634015.0,0.0,0.0,8445.0,66189.9542104397,7136.423657699488,749316186769.0,817791589253.0,434.0,0.0,8445.0,72666.02727131639,2923.3353954870254,250874572079.0,964017634015.0,3712.0,0.0,8445.0,23507.958416071175,2923.3353954870254,250874572079.0,1092126350838.0,3712.0,0.0,8445.0,23130.232824076433,2923.3353954870254,250874572079.0,274334761585.0,3712.0,0.0,8445.0,23129.67755740974,2923.3353954870254,250874572079.0,274334761585.0,3712.0,0.0,8445.0,8130.139372752979,39716.409468557686,30026.27768491488,0.0,0.0,0.0,0.0,7136.423657699488,33631.623815189116,25421.900730419904,0.0,0.0005521290004253387,0.005455002188682556,0.0,2923.3353954870254,39716.409468557686,30026.27768491488,0.0,0.0047223567962646484,0.0,0.0,2923.3353954870254,11494.288260148838,8712.0025228085,378.3220602678258,0.0047223567962646484,0.005455002188682556,0.0,2923.3353954870254,11494.288260148838,8712.0025228085,0.5964682730846107,0.0047223567962646484,0.005455002188682556,0.0,2923.3353954870254,11494.288260148838,8712.0025228085,0.0,0.0047223567962646484,0.04665660858154297,0.0,0.0,0.0,0.0,0.0,0.0,0.0,0.0,0.0,0.0,0.0,0.0,0.0,77818.49299013242,963975110930.0,66137.3313068822,817749066168.0,72623.62747005466,963975110930.0,23466.00559808225,1092041695506.0,23088.23400640255,274292629338.0,23087.735009497963,274292629338.0,0.0,0.0,0.0,0.0,0.0,0.0,0.0,0.0,0.0,0.0,0.0,0.0,54.33353609312326,42523085.0,52.62290355749428,42523085.0,42.39980126172304,42523085.0,41.952817988924245,84655332.0,41.99881767388433,42132247.0,41.94254791177809,42132247.0,3856070536.06,1125640242.96,13.430120715605096,37.785086590421756,3271166357.012,689557439.22,10.886798053162172,37.77773835380133,3856070536.06,1125640242.96,12.384026188518853,35.92749357566888,4368505403.352,1754713708.28,0.0856367532457115,20.29624431512838,1097339046.34,1097339046.34,0.00546512864343822,20.18500872252107,1097339046.34,1097339046.34,0.00537872276827693,20.184827412155627,8445
GITHUB_REPOS,query4,8,1/4,77872.82652622554,8130.139372752979,883101651974.0,964017634015.0,0.0,0.0,8445.0,66189.9542104397,7136.423657699488,749316186769.0,817791589253.0,434.0,0.0,8445.0,72678.4304278614,2935.7385596651584,252489052437.0,964017634015.0,3706.0,0.0,8445.0,23642.30584213828,2935.7385596651584,252489052437.0,1093880504523.0,3706.0,0.0,8445.0,23264.58025014354,2935.7385596651584,252489052437.0,276088915270.0,3706.0,0.0,8445.0,23352.634763662703,2943.263622349128,253565371161.0,277258351060.0,3702.0,0.0,8445.0,8130.139372752979,39716.409468557686,30026.27768491488,0.0,0.0,0.0,0.0,7136.423657699488,33631.623815189116,25421.900730419904,0.0,0.0005521290004253387,0.005455002188682556,0.0,2935.7385596651584,39716.409468557686,30026.27768491488,0.0,0.0047147236764431,0.0,0.0,2935.7385596651584,11563.576990602538,8764.658061876893,378.3220602678258,0.0047147236764431,0.005455002188682556,0.0,2935.7385596651584,11563.576990602538,8764.658061876893,0.5964682730846107,0.0047147236764431,0.005455002188682556,0.0,2943.263622349128,11609.736763446592,8799.583137314767,0.0,0.004709634929895401,0.046530917286872864,0.0,0.0,0.0,0.0,0.0,0.0,0.0,0.0,0.0,0.0,0.0,0.0,0.0,77818.49299013242,963975110930.0,66137.3313068822,817749066168.0,72636.0078476835,963975110930.0,23600.32933826749,1093795849191.0,23222.557746587787,276046783023.0,23310.645216338336,277216218813.0,0.0,0.0,0.0,0.0,0.0,0.0,0.0,0.0,0.0,0.0,0.0,0.0,54.33353609312326,42523085.0,52.62290355749428,42523085.0,42.422580177895725,42523085.0,41.97650387079225,84655332.0,42.02250355575234,42132247.0,41.98954732436687,42132247.0,3856070536.06,1125640242.96,13.430120715605096,37.785086590421756,3271166357.012,689557439.22,10.886798053162172,37.77773835380133,3856070536.06,1125640242.96,12.384026890253649,35.932446024213725,4288932560.972,1699980923.6,0.08564242668774742,20.341378148510543,1104355661.08,1044993666.012,0.005504566757008433,20.229872342588365,1038677251.004,1038677251.004,0.005458663627505303,20.34909049166514,8445
GITHUB_REPOS,query4,8,1/8,77872.82652622554,8130.139372752979,883101651974.0,964017634015.0,0.0,0.0,8445.0,66591.09909904096,7170.954486638308,754159617922.0,823054050308.0,425.0,0.0,8445.0,73757.93072416168,4015.239558212459,402463550498.0,964017634015.0,3154.0,0.0,8445.0,35421.45630988238,3962.3789648199454,394929322747.0,1248699319440.0,3169.0,0.0,8445.0,35043.730717887636,3962.3789648199454,394929322747.0,430907730187.0,3169.0,0.0,8445.0,35261.804267660715,3980.2150013837963,397620090283.0,433831319662.0,3191.0,82.0,8445.0,8130.139372752979,39716.409468557686,30026.27768491488,0.0,0.0,0.0,0.0,7170.954486638308,33839.7023375025,25580.43639234081,0.0,0.000540679320693016,0.005341880023479462,0.0,4015.239558212459,39716.409468557686,30026.27768491488,0.0,0.0040124766528606415,0.0,0.0,3962.3789648199454,17697.121262247674,13383.624535985291,378.3220602678258,0.004031559452414513,0.005455002188682556,0.0,3962.3789648199454,17697.121262247674,13383.624535985291,0.5964682730846107,0.004031559452414513,0.005455002188682556,0.0,3980.2150013837963,17812.132470973767,13469.412627663463,0.0,0.004059547558426857,0.0401080921292305,0.0,0.0,0.0,0.0,0.0,0.0,0.0,0.0,0.0,0.0,0.0,0.0,0.0,77818.49299013242,963975110930.0,66538.47619548347,823011527223.0,73713.42728263326,963975110930.0,35377.31955863074,1248614543768.0,34999.54796695104,430865477600.0,35217.916444920935,433789067075.0,0.0,0.0,0.0,0.0,0.0,0.0,0.0,0.0,0.0,0.0,0.0,0.0,54.33353609312326,42523085.0,52.62290355749428,42523085.0,44.50344152841717,42523085.0,44.1367512516375,84775672.0,44.182750936597586,42252587.0,43.88782273977995,42252587.0,3856070536.06,1125640242.96,13.430120715605096,37.785086590421756,3292216201.232,709181983.084,10.886897992463782,37.781672606070146,3856070536.06,1125640242.96,12.460702161082997,36.400184043649205,3882575316.872,1307189854.236,0.9440976195549882,24.570217811538562,1723630920.748,715926613.604,0.8668112335056066,24.43177742325188,815390262.088,738361812.084,0.8667180548086763,24.508862784056547,8445
PANCANCER_ATLAS,query1,8,1,1201.3263020180166,1034.447126573883,2656407269.0,2814136186.0,0.0,0.0,14041.0,1086.4389845188707,999.6952018281445,1128125719.0,1199507424.0,1333.0,0.0,14041.0,880.2510568499565,713.3672061199322,985068300.0,2814136186.0,3675.0,0.0,14041.0,786.416293883267,713.3672061199322,985068300.0,2249366458.0,3675.0,0.0,14041.0,787.4523473959416,713.3672061199322,985068300.0,1049859034.0,3675.0,0.0,14041.0,785.890821531415,713.3672061199322,985068300.0,1049859034.0,3675.0,0.0,14041.0,1034.447126573883,98.04361143708229,68.83556400705129,0.0,0.0,0.0,0.0,999.6952018281445,53.34914047643542,33.37619173992425,0.0,0.0016958247870206833,0.016754649579524994,0.0,713.3672061199322,98.04361143708229,68.83556400705129,0.0,0.004675285890698433,0.0,0.0,713.3672061199322,43.6886438857764,28.78410468902439,0.5549092530637907,0.004675285890698433,0.016754649579524994,0.0,713.3672061199322,43.6886438857764,28.78410468902439,1.590962765738368,0.004675285890698433,0.016754649579524994,0.0,713.3672061199322,43.6886438857764,28.78410468902439,0.0,0.004675285890698433,0.04619155079126358,0.0,0.0,0.0,0.0,0.0,0.0,0.0,0.0,0.0,0.0,0.0,0.0,0.0,0.0,0.0,0.0,0.0,0.0,0.0,0.0,0.0,0.0,0.0,0.0,0.0,225.74615785386413,2724068110.0,131.96049066726118,1111547344.0,204.8129497943446,2724068110.0,115.70089024702816,2099872289.0,116.29452174436301,988324945.0,115.20766302850097,988324945.0,975.5801441641524,90068076.0,954.4784938516095,87960080.0,675.4381070556119,90068076.0,670.7154036362389,149494169.0,671.1578256515786,61534089.0,670.683158502914,61534089.0,11256544.744,6561678.476,0.011670174287632108,0.44579487635493276,4798029.696,1540662.02,0.01014259091578424,0.4420411533378064,11256544.744,6561678.476,0.009566246969625354,0.3880920385774223,8997465.832,5345114.884,0.0075961404723509434,0.3861447653845572,4199436.136,4199436.136,0.007654893739148974,0.3862210053448563,4199436.136,4199436.136,0.007578407483175397,0.38597107053138296,14041
PANCANCER_ATLAS,query1,8,1/16,1201.3263020180166,1034.447126573883,2656407269.0,2814136186.0,0.0,0.0,14041.0,1086.4389845188707,999.6952018281445,1128125719.0,1199507424.0,1333.0,0.0,14041.0,880.270660949871,713.3868127642199,987760557.0,2814136186.0,3673.0,0.0,14041.0,786.5756602124676,713.3868127642199,987760557.0,2252204885.0,3673.0,0.0,14041.0,787.6117137251422,713.3868127642199,987760557.0,1052697461.0,3673.0,0.0,14041.0,786.3606191193685,713.4185855388641,993136099.0,1058374315.0,3671.0,0.0,14041.0,1034.447126573883,98.04361143708229,68.83556400705129,0.0,0.0,0.0,0.0,999.6952018281445,53.34914047643542,33.37619173992425,0.0,0.0016958247870206833,0.016754649579524994,0.0,713.3868127642199,98.04361143708229,68.83556400705129,0.0,0.0046727415174245834,0.0,0.0,713.3868127642199,43.76679174415767,28.84571905992925,0.5549092530637907,0.0046727415174245834,0.016754649579524994,0.0,713.3868127642199,43.76679174415767,28.84571905992925,1.590962765738368,0.0046727415174245834,0.016754649579524994,0.0,713.4185855388641,43.92129124049097,28.96993086859584,0.0,0.004670197144150734,0.04614127427339554,0.0,0.0,0.0,0.0,0.0,0.0,0.0,0.0,0.0,0.0,0.0,0.0,0.0,0.0,0.0,0.0,0.0,0.0,0.0,0.0,0.0,0.0,0.0,0.0,0.0,225.74615785386413,2724068110.0,131.96049066726118,1111547344.0,204.83255389425904,2724068110.0,115.86025657622872,2102710716.0,116.45388807356358,991163372.0,115.67746061645448,996840226.0,975.5801441641524,90068076.0,954.4784938516095,87960080.0,675.4381070556119,90068076.0,670.7154036362389,149494169.0,671.1578256515786,61534089.0,670.683158502914,61534089.0,11256544.744,6561678.476,0.011670174287632108,0.44579487635493276,4798029.696,1540662.02,0.01014259091578424,0.4420411533378064,11256544.744,6561678.476,0.009566246969625354,0.38810815671458826,8048795.108,4581262.58,0.007598988454921472,0.38616101662223307,4210789.844,3382362.632,0.007657741721719504,0.3862371234820222,3360761.416,3360761.416,0.007581255465745926,0.38599892276152953,14041
PANCANCER_ATLAS,query1,8,1/2,1201.3263020180166,1034.447126573883,2656407269.0,2814136186.0,0.0,0.0,14041.0,1086.4389845188707,999.6952018281445,1128125719.0,1199507424.0,1333.0,0.0,14041.0,880.2510568499565,713.3672061199322,985068300.0,2814136186.0,3675.0,0.0,14041.0,786.416293883267,713.3672061199322,985068300.0,2249366458.0,3675.0,0.0,14041.0,787.4523473959416,713.3672061199322,985068300.0,1049859034.0,3675.0,0.0,14041.0,785.890821531415,713.3672061199322,985068300.0,1049859034.0,3675.0,0.0,14041.0,1034.447126573883,98.04361143708229,68.83556400705129,0.0,0.0,0.0,0.0,999.6952018281445,53.34914047643542,33.37619173992425,0.0,0.0016958247870206833,0.016754649579524994,0.0,713.3672061199322,98.04361143708229,68.83556400705129,0.0,0.004675285890698433,0.0,0.0,713.3672061199322,43.6886438857764,28.78410468902439,0.5549092530637907,0.004675285890698433,0.016754649579524994,0.0,713.3672061199322,43.6886438857764,28.78410468902439,1.590962765738368,0.004675285890698433,0.016754649579524994,0.0,713.3672061199322,43.6886438857764,28.78410468902439,0.0,0.004675285890698433,0.04619155079126358,0.0,0.0,0.0,0.0,0.0,0.0,0.0,0.0,0.0,0.0,0.0,0.0,0.0,0.0,0.0,0.0,0.0,0.0,0.0,0.0,0.0,0.0,0.0,0.0,0.0,225.74615785386413,2724068110.0,131.96049066726118,1111547344.0,204.8129497943446,2724068110.0,115.70089024702816,2099872289.0,116.29452174436301,988324945.0,115.20766302850097,988324945.0,975.5801441641524,90068076.0,954.4784938516095,87960080.0,675.4381070556119,90068076.0,670.7154036362389,149494169.0,671.1578256515786,61534089.0,670.683158502914,61534089.0,11256544.744,6561678.476,0.011670174287632108,0.44579487635493276,4798029.696,1540662.02,0.01014259091578424,0.4420411533378064,11256544.744,6561678.476,0.009566246969625354,0.3880920385774223,8997465.832,5345114.884,0.0075961404723509434,0.3861447653845572,4199436.136,4199436.136,0.007654893739148974,0.3862210053448563,4199436.136,4199436.136,0.007578407483175397,0.38597107053138296,14041
PANCANCER_ATLAS,query1,8,1/4,1201.3263020180166,1034.447126573883,2656407269.0,2814136186.0,0.0,0.0,14041.0,1086.4389845188707,999.6952018281445,1128125719.0,1199507424.0,1333.0,0.0,14041.0,880.2510568499565,713.3672061199322,985068300.0,2814136186.0,3675.0,0.0,14041.0,786.416293883267,713.3672061199322,985068300.0,2249366458.0,3675.0,0.0,14041.0,787.4523473959416,713.3672061199322,985068300.0,1049859034.0,3675.0,0.0,14041.0,785.890821531415,713.3672061199322,985068300.0,1049859034.0,3675.0,0.0,14041.0,1034.447126573883,98.04361143708229,68.83556400705129,0.0,0.0,0.0,0.0,999.6952018281445,53.34914047643542,33.37619173992425,0.0,0.0016958247870206833,0.016754649579524994,0.0,713.3672061199322,98.04361143708229,68.83556400705129,0.0,0.004675285890698433,0.0,0.0,713.3672061199322,43.6886438857764,28.78410468902439,0.5549092530637907,0.004675285890698433,0.016754649579524994,0.0,713.3672061199322,43.6886438857764,28.78410468902439,1.590962765738368,0.004675285890698433,0.016754649579524994,0.0,713.3672061199322,43.6886438857764,28.78410468902439,0.0,0.004675285890698433,0.04619155079126358,0.0,0.0,0.0,0.0,0.0,0.0,0.0,0.0,0.0,0.0,0.0,0.0,0.0,0.0,0.0,0.0,0.0,0.0,0.0,0.0,0.0,0.0,0.0,0.0,0.0,225.74615785386413,2724068110.0,131.96049066726118,1111547344.0,204.8129497943446,2724068110.0,115.70089024702816,2099872289.0,116.29452174436301,988324945.0,115.20766302850097,988324945.0,975.5801441641524,90068076.0,954.4784938516095,87960080.0,675.4381070556119,90068076.0,670.7154036362389,149494169.0,671.1578256515786,61534089.0,670.683158502914,61534089.0,11256544.744,6561678.476,0.011670174287632108,0.44579487635493276,4798029.696,1540662.02,0.01014259091578424,0.4420411533378064,11256544.744,6561678.476,0.009566246969625354,0.3880920385774223,8997465.832,5345114.884,0.0075961404723509434,0.3861447653845572,4199436.136,4199436.136,0.007654893739148974,0.3862210053448563,4199436.136,4199436.136,0.007578407483175397,0.38597107053138296,14041
PANCANCER_ATLAS,query1,8,1/8,1201.3263020180166,1034.447126573883,2656407269.0,2814136186.0,0.0,0.0,14041.0,1086.4389845188707,999.6952018281445,1128125719.0,1199507424.0,1333.0,0.0,14041.0,880.2510568499565,713.3672061199322,985068300.0,2814136186.0,3675.0,0.0,14041.0,786.416293883267,713.3672061199322,985068300.0,2249366458.0,3675.0,0.0,14041.0,787.4523473959416,713.3672061199322,985068300.0,1049859034.0,3675.0,0.0,14041.0,785.890821531415,713.3672061199322,985068300.0,1049859034.0,3675.0,0.0,14041.0,1034.447126573883,98.04361143708229,68.83556400705129,0.0,0.0,0.0,0.0,999.6952018281445,53.34914047643542,33.37619173992425,0.0,0.0016958247870206833,0.016754649579524994,0.0,713.3672061199322,98.04361143708229,68.83556400705129,0.0,0.004675285890698433,0.0,0.0,713.3672061199322,43.6886438857764,28.78410468902439,0.5549092530637907,0.004675285890698433,0.016754649579524994,0.0,713.3672061199322,43.6886438857764,28.78410468902439,1.590962765738368,0.004675285890698433,0.016754649579524994,0.0,713.3672061199322,43.6886438857764,28.78410468902439,0.0,0.004675285890698433,0.04619155079126358,0.0,0.0,0.0,0.0,0.0,0.0,0.0,0.0,0.0,0.0,0.0,0.0,0.0,0.0,0.0,0.0,0.0,0.0,0.0,0.0,0.0,0.0,0.0,0.0,0.0,225.74615785386413,2724068110.0,131.96049066726118,1111547344.0,204.8129497943446,2724068110.0,115.70089024702816,2099872289.0,116.29452174436301,988324945.0,115.20766302850097,988324945.0,975.5801441641524,90068076.0,954.4784938516095,87960080.0,675.4381070556119,90068076.0,670.7154036362389,149494169.0,671.1578256515786,61534089.0,670.683158502914,61534089.0,11256544.744,6561678.476,0.011670174287632108,0.44579487635493276,4798029.696,1540662.02,0.01014259091578424,0.4420411533378064,11256544.744,6561678.476,0.009566246969625354,0.3880920385774223,8837916.68,5207303.74,0.0075961404723509434,0.3861447653845572,4199436.136,4052323.588,0.007654893739148974,0.3862210053448563,4052323.588,4052323.588,0.007578407483175397,0.38597107053138296,14041
PANCANCER_ATLAS,query2,8,1,358.3415322685614,184.15661300066859,2398724087.0,2564030504.0,0.0,0.0,14716.0,332.14635484758765,174.46567765437067,2091200384.0,2239234422.0,1137.0,0.0,14716.0,311.6303661717102,137.4412970310077,1822712986.0,2564030504.0,3262.0,0.0,14716.0,276.58799966520917,137.4412970310077,1822712986.0,4197490309.0,3262.0,0.0,14716.0,277.14334615832195,137.4412970310077,1822712986.0,1958255887.0,3262.0,0.0,14716.0,275.5788072645664,137.4412970310077,1822712986.0,1958255887.0,3262.0,0.0,14716.0,184.15661300066859,105.43038419354707,68.75453507434577,0.0,0.0,0.0,0.0,174.46567765437067,96.0435110302642,61.621428586542606,0.0,0.0014464762061834335,0.014291100203990936,0.0,137.4412970310077,105.43038419354707,68.75453507434577,0.0,0.004149872809648514,0.0,0.0,137.4412970310077,83.31689955107868,54.775460309349,1.0359018007601335,0.004149872809648514,0.014291100203990936,0.0,137.4412970310077,83.31689955107868,54.775460309349,1.5912482938729227,0.004149872809648514,0.014291100203990936,0.0,137.4412970310077,83.31689955107868,54.775460309349,0.0,0.004149872809648514,0.041000500321388245,0.0,0.0,0.0,0.0,0.0,0.0,0.0,0.0,0.0,0.0,0.0,0.0,0.0,0.0,0.0,0.0,0.0,0.0,0.0,0.0,0.0,0.0,0.0,0.0,0.0,243.30695917271078,2531903666.0,219.559325074777,2207674314.0,227.7063353601843,2531903666.0,194.49835327686938,4141908395.0,194.73908598721027,1934234081.0,193.49825575388968,1934234081.0,115.03457309585065,32126838.0,112.58702977281064,31560108.0,83.92403081152588,32126838.0,82.08964638833979,55581914.0,82.40426017111167,24021806.0,82.08055151067674,24021806.0,10256122.016,5164677.096,0.009197413235902787,0.09084570987429469,8956937.688,4221588.344,0.008568975685164333,0.08902077560834584,10256122.016,5164677.096,0.00708950174972415,0.08175393951106813,16789961.236,11312214.496,0.0060743154098136095,0.07295413686279947,7833023.548,7833023.548,0.006101331287063658,0.07304930145218964,7833023.548,7833023.548,0.006033637635409832,0.07278730596471575,14716
PANCANCER_ATLAS,query2,8,1/16,358.3415322685614,184.15661300066859,2398724087.0,2564030504.0,0.0,0.0,14716.0,332.14635484758765,174.46567765437067,2091200384.0,2239234422.0,1137.0,9.0,14716.0,311.6303661717102,137.4412970310077,1822712986.0,2564030504.0,3262.0,9.0,14716.0,276.394287136851,137.4412970310077,1822712986.0,3778755868.0,3262.0,9.0,14716.0,277.14077640511096,137.4412970310077,1822712986.0,1958255887.0,3262.0,9.0,14716.0,276.54777129739523,137.97887896280736,1827252031.0,1963256194.0,3253.0,18.0,14716.0,184.15661300066859,105.43038419354707,68.75453507434577,0.0,0.0,0.0,0.0,174.46567765437067,96.0435110302642,61.621428586542606,0.0,0.0014464762061834335,0.014291100203990936,0.0,137.4412970310077,105.43038419354707,68.75453507434577,0.0,0.004149872809648514,0.0,0.0,137.4412970310077,83.31689955107868,54.775460309349,0.842189272401998,0.004149872809648514,0.014291100203990936,0.0,137.4412970310077,83.31689955107868,54.775460309349,1.588678540661931,0.004149872809648514,0.014291100203990936,0.0,137.97887896280736,83.585509294644,54.93835723865777,0.0,0.004138423129916191,0.04088737815618515,0.0,0.0,0.0,0.0,0.0,0.0,0.0,0.0,0.0,0.0,0.0,0.0,0.0,0.0,0.0,0.0,0.0,0.0,0.0,0.0,0.0,0.0,0.0,0.0,0.0,243.30695917271078,2531903666.0,219.559325074777,2207674314.0,227.7063353601843,2531903666.0,194.30464074851125,3723173954.0,194.73651623399928,1934234081.0,193.93686016649008,1939123074.0,115.03457309585065,32126838.0,112.58702977281064,31560108.0,83.92403081152588,32126838.0,82.08964638833979,55581914.0,82.40426017111167,24021806.0,82.61091113090515,24133120.0,10256122.016,5164677.096,0.009197413235902787,0.09084570987429469,8956937.688,4221588.344,0.008568975685164333,0.08902077560834584,10256122.016,5164677.096,0.00708950174972415,0.08175393951106813,13971192.848,8840041.144,0.0060743154098136095,0.07295413686279947,7833023.548,6781609.328,0.006101331287063658,0.07304930145218964,6818067.384,6768590.428,0.006047778429463506,0.07285755739491429,14716
PANCANCER_ATLAS,query2,8,1/2,358.3415322685614,184.15661300066859,2398724087.0,2564030504.0,0.0,0.0,14716.0,332.14635484758765,174.46567765437067,2091200384.0,2239234422.0,1137.0,0.0,14716.0,311.6303661717102,137.4412970310077,1822712986.0,2564030504.0,3262.0,0.0,14716.0,276.58799966520917,137.4412970310077,1822712986.0,4197490309.0,3262.0,0.0,14716.0,277.14334615832195,137.4412970310077,1822712986.0,1958255887.0,3262.0,0.0,14716.0,275.5788072645664,137.4412970310077,1822712986.0,1958255887.0,3262.0,0.0,14716.0,184.15661300066859,105.43038419354707,68.75453507434577,0.0,0.0,0.0,0.0,174.46567765437067,96.0435110302642,61.621428586542606,0.0,0.0014464762061834335,0.014291100203990936,0.0,137.4412970310077,105.43038419354707,68.75453507434577,0.0,0.004149872809648514,0.0,0.0,137.4412970310077,83.31689955107868,54.775460309349,1.0359018007601335,0.004149872809648514,0.014291100203990936,0.0,137.4412970310077,83.31689955107868,54.775460309349,1.5912482938729227,0.004149872809648514,0.014291100203990936,0.0,137.4412970310077,83.31689955107868,54.775460309349,0.0,0.004149872809648514,0.041000500321388245,0.0,0.0,0.0,0.0,0.0,0.0,0.0,0.0,0.0,0.0,0.0,0.0,0.0,0.0,0.0,0.0,0.0,0.0,0.0,0.0,0.0,0.0,0.0,0.0,0.0,243.30695917271078,2531903666.0,219.559325074777,2207674314.0,227.7063353601843,2531903666.0,194.49835327686938,4141908395.0,194.73908598721027,1934234081.0,193.49825575388968,1934234081.0,115.03457309585065,32126838.0,112.58702977281064,31560108.0,83.92403081152588,32126838.0,82.08964638833979,55581914.0,82.40426017111167,24021806.0,82.08055151067674,24021806.0,10256122.016,5164677.096,0.009197413235902787,0.09084570987429469,8956937.688,4221588.344,0.008568975685164333,0.08902077560834584,10256122.016,5164677.096,0.00708950174972415,0.08175393951106813,16789961.236,11312214.496,0.0060743154098136095,0.07295413686279947,7833023.548,7833023.548,0.006101331287063658,0.07304930145218964,7833023.548,7833023.548,0.006033637635409832,0.07278730596471575,14716
PANCANCER_ATLAS,query2,8,1/4,358.3415322685614,184.15661300066859,2398724087.0,2564030504.0,0.0,0.0,14716.0,332.14635484758765,174.46567765437067,2091200384.0,2239234422.0,1137.0,9.0,14716.0,311.6303661717102,137.4412970310077,1822712986.0,2564030504.0,3262.0,9.0,14716.0,276.394287136851,137.4412970310077,1822712986.0,3778755868.0,3262.0,9.0,14716.0,277.14077640511096,137.4412970310077,1822712986.0,1958255887.0,3262.0,9.0,14716.0,275.5788072645664,137.4412970310077,1822712986.0,1958255887.0,3262.0,9.0,14716.0,184.15661300066859,105.43038419354707,68.75453507434577,0.0,0.0,0.0,0.0,174.46567765437067,96.0435110302642,61.621428586542606,0.0,0.0014464762061834335,0.014291100203990936,0.0,137.4412970310077,105.43038419354707,68.75453507434577,0.0,0.004149872809648514,0.0,0.0,137.4412970310077,83.31689955107868,54.775460309349,0.842189272401998,0.004149872809648514,0.014291100203990936,0.0,137.4412970310077,83.31689955107868,54.775460309349,1.588678540661931,0.004149872809648514,0.014291100203990936,0.0,137.4412970310077,83.31689955107868,54.775460309349,0.0,0.004149872809648514,0.041000500321388245,0.0,0.0,0.0,0.0,0.0,0.0,0.0,0.0,0.0,0.0,0.0,0.0,0.0,0.0,0.0,0.0,0.0,0.0,0.0,0.0,0.0,0.0,0.0,0.0,0.0,243.30695917271078,2531903666.0,219.559325074777,2207674314.0,227.7063353601843,2531903666.0,194.30464074851125,3723173954.0,194.73651623399928,1934234081.0,193.49825575388968,1934234081.0,115.03457309585065,32126838.0,112.58702977281064,31560108.0,83.92403081152588,32126838.0,82.08964638833979,55581914.0,82.40426017111167,24021806.0,82.08055151067674,24021806.0,10256122.016,5164677.096,0.009197413235902787,0.09084570987429469,8956937.688,4221588.344,0.008568975685164333,0.08902077560834584,10256122.016,5164677.096,0.00708950174972415,0.08175393951106813,15115023.472,9637276.732,0.0060743154098136095,0.07295413686279947,7833023.548,7648374.568,0.006101331287063658,0.07304930145218964,7833023.548,7648374.568,0.006033637635409832,0.07278730596471575,14716
PANCANCER_ATLAS,query2,8,1/8,358.3415322685614,184.15661300066859,2398724087.0,2564030504.0,0.0,0.0,14716.0,332.14635484758765,174.46567765437067,2091200384.0,2239234422.0,1137.0,9.0,14716.0,311.6303661717102,137.4412970310077,1822712986.0,2564030504.0,3262.0,9.0,14716.0,276.394287136851,137.4412970310077,1822712986.0,3778755868.0,3262.0,9.0,14716.0,277.14077640511096,137.4412970310077,1822712986.0,1958255887.0,3262.0,9.0,14716.0,275.5788072645664,137.4412970310077,1822712986.0,1958255887.0,3262.0,9.0,14716.0,184.15661300066859,105.43038419354707,68.75453507434577,0.0,0.0,0.0,0.0,174.46567765437067,96.0435110302642,61.621428586542606,0.0,0.0014464762061834335,0.014291100203990936,0.0,137.4412970310077,105.43038419354707,68.75453507434577,0.0,0.004149872809648514,0.0,0.0,137.4412970310077,83.31689955107868,54.775460309349,0.842189272401998,0.004149872809648514,0.014291100203990936,0.0,137.4412970310077,83.31689955107868,54.775460309349,1.588678540661931,0.004149872809648514,0.014291100203990936,0.0,137.4412970310077,83.31689955107868,54.775460309349,0.0,0.004149872809648514,0.041000500321388245,0.0,0.0,0.0,0.0,0.0,0.0,0.0,0.0,0.0,0.0,0.0,0.0,0.0,0.0,0.0,0.0,0.0,0.0,0.0,0.0,0.0,0.0,0.0,0.0,0.0,243.30695917271078,2531903666.0,219.559325074777,2207674314.0,227.7063353601843,2531903666.0,194.30464074851125,3723173954.0,194.73651623399928,1934234081.0,193.49825575388968,1934234081.0,115.03457309585065,32126838.0,112.58702977281064,31560108.0,83.92403081152588,32126838.0,82.08964638833979,55581914.0,82.40426017111167,24021806.0,82.08055151067674,24021806.0,10256122.016,5164677.096,0.009197413235902787,0.09084570987429469,8956937.688,4221588.344,0.008568975685164333,0.08902077560834584,10256122.016,5164677.096,0.00708950174972415,0.08175393951106813,15006102.956,9565417.844,0.0060743154098136095,0.07295413686279947,7833023.548,7588411.952,0.006101331287063658,0.07304930145218964,7755020.192,7580075.808,0.006033637635409832,0.07278730596471575,14716
PANCANCER_ATLAS,query3,8,1,449.09186727926135,208.9226274676621,3362747339.0,3601716144.0,0.0,0.0,13086.0,418.1188009530306,201.58672747202218,2919374536.0,3133163127.0,832.0,0.0,13086.0,404.1481264261529,163.97525197733194,2615232132.0,3601716144.0,2857.0,0.0,13086.0,361.28065576825315,163.97525197733194,2615232132.0,5949052478.0,2857.0,0.0,13086.0,361.3764880551025,163.97525197733194,2615232132.0,2815889351.0,2857.0,0.0,13086.0,359.8566622780636,163.97525197733194,2615232132.0,2815889351.0,2857.0,0.0,13086.0,208.9226274676621,143.36154738254845,96.8076924290508,0.0,0.0,0.0,0.0,201.58672747202218,130.2776192771271,86.24293822888285,0.0,0.0010584592819213867,0.010457515716552734,0.0,163.97525197733194,143.36154738254845,96.8076924290508,0.0,0.0036346372216939926,0.0,0.0,163.97525197733194,117.03675253223628,78.80511312838644,1.4494459773602706,0.0036346372216939926,0.010457515716552734,0.0,163.97525197733194,117.03675253223628,78.80511312838644,1.545278264209628,0.0036346372216939926,0.010457515716552734,0.0,163.97525197733194,117.03675253223628,78.80511312838644,0.0,0.0036346372216939926,0.03591000288724899,0.0,0.0,0.0,0.0,0.0,0.0,0.0,0.0,0.0,0.0,0.0,0.0,0.0,0.0,0.0,0.0,0.0,0.0,0.0,0.0,0.0,0.0,0.0,0.0,0.0,306.4700730172917,3564960111.0,275.49700669106096,3096407094.0,291.55598958488554,3564960111.0,250.30788842499305,5882505029.0,250.0415432145819,2786097935.0,248.8956071967259,2786097935.0,142.62179426196963,36756033.0,142.62179426196963,36756033.0,112.59213684126735,36756033.0,110.9727673432601,66547449.0,111.33494484052062,29791416.0,110.96105508133769,29791416.0,14406864.576,7572499.468,0.010962123535573482,0.10939983532559124,12532652.508,6324196.852,0.009759183734655381,0.10794755811654029,14406864.576,7572499.468,0.008823393594473601,0.10614192335233089,23796209.912,16535636.964,0.007035190325660716,0.10139660788840583,11263557.404,11263557.404,0.007050318198278546,0.10142627283474427,11263557.404,11263557.404,0.006978340290486813,0.10116052239164706,13086
PANCANCER_ATLAS,query3,8,1/16,449.09186727926135,208.9226274676621,3362747339.0,3601716144.0,0.0,0.0,13086.0,418.1188009530306,201.58672747202218,2919374536.0,3133163127.0,832.0,24.0,13086.0,404.1481264261529,163.97525197733194,2615232132.0,3601716144.0,2857.0,24.0,13086.0,360.774674698032,163.97525197733194,2615232132.0,4855309588.0,2857.0,24.0,13086.0,361.3696353798732,163.97525197733194,2615232132.0,2815889351.0,2857.0,24.0,13086.0,359.8566622780636,163.97525197733194,2615232132.0,2815889351.0,2857.0,24.0,13086.0,208.9226274676621,143.36154738254845,96.8076924290508,0.0,0.0,0.0,0.0,201.58672747202218,130.2776192771271,86.24293822888285,0.0,0.0010584592819213867,0.010457515716552734,0.0,163.97525197733194,143.36154738254845,96.8076924290508,0.0,0.0036346372216939926,0.0,0.0,163.97525197733194,117.03675253223628,78.80511312838644,0.9434649071391231,0.0036346372216939926,0.010457515716552734,0.0,163.97525197733194,117.03675253223628,78.80511312838644,1.5384255889803171,0.0036346372216939926,0.010457515716552734,0.0,163.97525197733194,117.03675253223628,78.80511312838644,0.0,0.0036346372216939926,0.03591000288724899,0.0,0.0,0.0,0.0,0.0,0.0,0.0,0.0,0.0,0.0,0.0,0.0,0.0,0.0,0.0,0.0,0.0,0.0,0.0,0.0,0.0,0.0,0.0,0.0,0.0,306.4700730172917,3564960111.0,275.49700669106096,3096407094.0,291.55598958488554,3564960111.0,249.8019073547719,4788762139.0,250.0346905393526,2786097935.0,248.8956071967259,2786097935.0,142.62179426196963,36756033.0,142.62179426196963,36756033.0,112.59213684126735,36756033.0,110.9727673432601,66547449.0,111.33494484052062,29791416.0,110.96105508133769,29791416.0,14406864.576,7572499.468,0.010962123535573482,0.10939983532559124,12532652.508,6324196.852,0.009759183734655381,0.10794755811654029,14406864.576,7572499.468,0.008823393594473601,0.10614192335233089,19181155.06,12106145.492,0.007035190325660716,0.10139660788840583,11263557.404,10106658.312,0.007050318198278546,0.10142627283474427,11085987.884,10106618.288,0.006978340290486813,0.10116052239164706,13086
PANCANCER_ATLAS,query3,8,1/2,449.09186727926135,208.9226274676621,3362747339.0,3601716144.0,0.0,0.0,13086.0,418.1188009530306,201.58672747202218,2919374536.0,3133163127.0,832.0,0.0,13086.0,404.1481264261529,163.97525197733194,2615232132.0,3601716144.0,2857.0,0.0,13086.0,361.28065576825315,163.97525197733194,2615232132.0,5949052478.0,2857.0,0.0,13086.0,361.3764880551025,163.97525197733194,2615232132.0,2815889351.0,2857.0,0.0,13086.0,359.8566622780636,163.97525197733194,2615232132.0,2815889351.0,2857.0,0.0,13086.0,208.9226274676621,143.36154738254845,96.8076924290508,0.0,0.0,0.0,0.0,201.58672747202218,130.2776192771271,86.24293822888285,0.0,0.0010584592819213867,0.010457515716552734,0.0,163.97525197733194,143.36154738254845,96.8076924290508,0.0,0.0036346372216939926,0.0,0.0,163.97525197733194,117.03675253223628,78.80511312838644,1.4494459773602706,0.0036346372216939926,0.010457515716552734,0.0,163.97525197733194,117.03675253223628,78.80511312838644,1.545278264209628,0.0036346372216939926,0.010457515716552734,0.0,163.97525197733194,117.03675253223628,78.80511312838644,0.0,0.0036346372216939926,0.03591000288724899,0.0,0.0,0.0,0.0,0.0,0.0,0.0,0.0,0.0,0.0,0.0,0.0,0.0,0.0,0.0,0.0,0.0,0.0,0.0,0.0,0.0,0.0,0.0,0.0,0.0,306.4700730172917,3564960111.0,275.49700669106096,3096407094.0,291.55598958488554,3564960111.0,250.30788842499305,5882505029.0,250.0415432145819,2786097935.0,248.8956071967259,2786097935.0,142.62179426196963,36756033.0,142.62179426196963,36756033.0,112.59213684126735,36756033.0,110.9727673432601,66547449.0,111.33494484052062,29791416.0,110.96105508133769,29791416.0,14406864.576,7572499.468,0.010962123535573482,0.10939983532559124,12532652.508,6324196.852,0.009759183734655381,0.10794755811654029,14406864.576,7572499.468,0.008823393594473601,0.10614192335233089,23796209.912,16535636.964,0.007035190325660716,0.10139660788840583,11263557.404,11263557.404,0.007050318198278546,0.10142627283474427,11263557.404,11263557.404,0.006978340290486813,0.10116052239164706,13086
PANCANCER_ATLAS,query3,8,1/4,449.09186727926135,208.9226274676621,3362747339.0,3601716144.0,0.0,0.0,13086.0,418.1188009530306,201.58672747202218,2919374536.0,3133163127.0,832.0,0.0,13086.0,404.1481264261529,163.97525197733194,2615232132.0,3601716144.0,2857.0,0.0,13086.0,361.28065576825315,163.97525197733194,2615232132.0,5949052478.0,2857.0,0.0,13086.0,361.3764880551025,163.97525197733194,2615232132.0,2815889351.0,2857.0,0.0,13086.0,359.8566622780636,163.97525197733194,2615232132.0,2815889351.0,2857.0,0.0,13086.0,208.9226274676621,143.36154738254845,96.8076924290508,0.0,0.0,0.0,0.0,201.58672747202218,130.2776192771271,86.24293822888285,0.0,0.0010584592819213867,0.010457515716552734,0.0,163.97525197733194,143.36154738254845,96.8076924290508,0.0,0.0036346372216939926,0.0,0.0,163.97525197733194,117.03675253223628,78.80511312838644,1.4494459773602706,0.0036346372216939926,0.010457515716552734,0.0,163.97525197733194,117.03675253223628,78.80511312838644,1.545278264209628,0.0036346372216939926,0.010457515716552734,0.0,163.97525197733194,117.03675253223628,78.80511312838644,0.0,0.0036346372216939926,0.03591000288724899,0.0,0.0,0.0,0.0,0.0,0.0,0.0,0.0,0.0,0.0,0.0,0.0,0.0,0.0,0.0,0.0,0.0,0.0,0.0,0.0,0.0,0.0,0.0,0.0,0.0,306.4700730172917,3564960111.0,275.49700669106096,3096407094.0,291.55598958488554,3564960111.0,250.30788842499305,5882505029.0,250.0415432145819,2786097935.0,248.8956071967259,2786097935.0,142.62179426196963,36756033.0,142.62179426196963,36756033.0,112.59213684126735,36756033.0,110.9727673432601,66547449.0,111.33494484052062,29791416.0,110.96105508133769,29791416.0,14406864.576,7572499.468,0.010962123535573482,0.10939983532559124,12532652.508,6324196.852,0.009759183734655381,0.10794755811654029,14406864.576,7572499.468,0.008823393594473601,0.10614192335233089,22985892.9,15830722.172,0.007035190325660716,0.10139660788840583,11263557.404,10517146.04,0.007050318198278546,0.10142627283474427,10517146.04,10517146.04,0.006978340290486813,0.10116052239164706,13086
PANCANCER_ATLAS,query3,8,1/8,449.09186727926135,208.9226274676621,3362747339.0,3601716144.0,0.0,0.0,13086.0,418.1188009530306,201.58672747202218,2919374536.0,3133163127.0,832.0,24.0,13086.0,404.1481264261529,163.97525197733194,2615232132.0,3601716144.0,2857.0,24.0,13086.0,360.774674698032,163.97525197733194,2615232132.0,4855309588.0,2857.0,24.0,13086.0,361.3696353798732,163.97525197733194,2615232132.0,2815889351.0,2857.0,24.0,13086.0,359.8566622780636,163.97525197733194,2615232132.0,2815889351.0,2857.0,24.0,13086.0,208.9226274676621,143.36154738254845,96.8076924290508,0.0,0.0,0.0,0.0,201.58672747202218,130.2776192771271,86.24293822888285,0.0,0.0010584592819213867,0.010457515716552734,0.0,163.97525197733194,143.36154738254845,96.8076924290508,0.0,0.0036346372216939926,0.0,0.0,163.97525197733194,117.03675253223628,78.80511312838644,0.9434649071391231,0.0036346372216939926,0.010457515716552734,0.0,163.97525197733194,117.03675253223628,78.80511312838644,1.5384255889803171,0.0036346372216939926,0.010457515716552734,0.0,163.97525197733194,117.03675253223628,78.80511312838644,0.0,0.0036346372216939926,0.03591000288724899,0.0,0.0,0.0,0.0,0.0,0.0,0.0,0.0,0.0,0.0,0.0,0.0,0.0,0.0,0.0,0.0,0.0,0.0,0.0,0.0,0.0,0.0,0.0,0.0,0.0,306.4700730172917,3564960111.0,275.49700669106096,3096407094.0,291.55598958488554,3564960111.0,249.8019073547719,4788762139.0,250.0346905393526,2786097935.0,248.8956071967259,2786097935.0,142.62179426196963,36756033.0,142.62179426196963,36756033.0,112.59213684126735,36756033.0,110.9727673432601,66547449.0,111.33494484052062,29791416.0,110.96105508133769,29791416.0,14406864.576,7572499.468,0.010962123535573482,0.10939983532559124,12532652.508,6324196.852,0.009759183734655381,0.10794755811654029,14406864.576,7572499.468,0.008823393594473601,0.10614192335233089,19421238.352,12198510.668,0.007035190325660716,0.10139660788840583,11263557.404,10283119.808,0.007050318198278546,0.10142627283474427,11263557.404,10283119.808,0.006978340290486813,0.10116052239164706,13086
PATENTS,query1,8,1,47984.979032771895,35330.90164720244,695005417334.0,704012431501.0,0.0,0.0,5490.0,44490.033396335784,32935.06629820145,633825621107.0,642062305602.0,253.0,0.0,5490.0,28800.990953653352,16146.91094483505,283820196638.0,704012431501.0,2062.0,0.0,5490.0,21696.65130723773,16146.91094483505,283820196638.0,929685857273.0,2062.0,0.0,5490.0,21400.66430049436,16146.91094483505,283820196638.0,287623551671.0,2062.0,0.0,5490.0,21399.646859055385,16146.91094483505,283820196638.0,287623551671.0,2062.0,0.0,5490.0,35330.90164720244,6894.1843322175555,5759.8930533519015,0.0,0.0,0.0,0.0,32935.06629820145,6294.599345367402,5260.364250913961,0.0,0.00032186321914196014,0.003179989755153656,0.0,16146.91094483505,6894.1843322175555,5759.8930533519015,0.0,0.0026232488453388214,0.0,0.0,16146.91094483505,2862.0194328676444,2390.6879405588843,297.02718573755243,0.0026232488453388214,0.003179989755153656,0.0,16146.91094483505,2862.0194328676444,2390.6879405588843,1.0401789941824973,0.0026232488453388214,0.003179989755153656,0.0,16146.91094483505,2862.0194328676444,2390.6879405588843,0.0,0.0026232488453388214,0.025917544960975647,0.0,0.0,0.0,0.0,0.0,0.0,0.0,0.0,0.0,0.0,0.0,0.0,0.0,47733.01862919284,702802845074.0,44238.655560675776,640852962919.0,28556.515462945215,702802845074.0,21462.99536359984,927327902587.0,21167.450749505544,286474939668.0,21166.54832583363,286474939668.0,251.9604035790544,1209586427.0,251.3778356600087,1209342683.0,244.47549070813693,1209586427.0,233.65594363789089,2357954686.0,233.2135509888176,1148612003.0,233.0985332217533,1148612003.0,0.0,0.0,0.0,0.0,0.0,0.0,0.0,0.0,0.0,0.0,0.0,0.0,2816049726.004,539600052.652,10.938349454371725,20.10800506668831,2568249222.408,409868353.696,10.676830612010788,20.06472150680623,2816049726.004,539600052.652,5.170833237946964,17.92275249439953,3718743429.092,1510152195.932,2.9529585152486835,17.53944986378081,1150494206.684,1150494206.684,2.8673523754826746,17.404760797958257,1150494206.684,1150494206.684,2.8671360272844324,17.404487249059503,5490
PATENTS,query1,8,1/16,47984.979032771895,35330.90164720244,695005417334.0,704012431501.0,0.0,0.0,5490.0,44490.033396335784,32935.06629820145,633825621107.0,642062305602.0,253.0,0.0,5490.0,29510.689759596018,16856.60985891358,299871082096.0,704012431501.0,1977.0,0.0,5490.0,22695.490706637665,16856.60985891358,299871082096.0,945939017976.0,1977.0,0.0,5490.0,22399.503699894296,16856.60985891358,299871082096.0,303876712374.0,1977.0,0.0,5490.0,23083.228175014723,17332.085626492975,311620531463.0,315773957505.0,1932.0,58.0,5490.0,35330.90164720244,6894.1843322175555,5759.8930533519015,0.0,0.0,0.0,0.0,32935.06629820145,6294.599345367402,5260.364250913961,0.0,0.00032186321914196014,0.003179989755153656,0.0,16856.60985891358,6894.1843322175555,5759.8930533519015,0.0,0.002515112981200218,0.0,0.0,16856.60985891358,3019.908689445816,2521.939277437981,297.02718573755243,0.002515112981200218,0.003179989755153656,0.0,16856.60985891358,3019.908689445816,2521.939277437981,1.0401789941824973,0.002515112981200218,0.003179989755153656,0.0,17332.085626492975,3133.592576071853,2617.523231027182,0.0,0.0024578645825386047,0.024283558130264282,0.0,0.0,0.0,0.0,0.0,0.0,0.0,0.0,0.0,0.0,0.0,0.0,0.0,47733.01862919284,702802845074.0,44238.655560675776,640852962919.0,29265.89817165723,702802845074.0,22461.503835042924,943581022666.0,22165.95922094863,302728059747.0,22849.749074540334,314625304878.0,251.9604035790544,1209586427.0,251.3778356600087,1209342683.0,244.79158793878742,1209586427.0,233.98687159474022,2357995310.0,233.54447894566692,1148652627.0,233.47910047438927,1148652627.0,0.0,0.0,0.0,0.0,0.0,0.0,0.0,0.0,0.0,0.0,0.0,0.0,2816049726.004,539600052.652,10.938349454371725,20.10800506668831,2568249222.408,409868353.696,10.676830612010788,20.06472150680623,2816049726.004,539600052.652,5.246478844777681,17.98114359562192,3132425591.796,974561457.384,3.06207452062458,17.598078582454345,1215506849.496,617671999.42,2.976933794240933,17.46315241313129,645006457.544,637933314.22,2.9773333800970576,17.46539016431877,5490
PATENTS,query1,8,1/2,47984.979032771895,35330.90164720244,695005417334.0,704012431501.0,0.0,0.0,5490.0,44490.033396335784,32935.06629820145,633825621107.0,642062305602.0,253.0,0.0,5490.0,28800.990953653352,16146.91094483505,283820196638.0,704012431501.0,2062.0,0.0,5490.0,21696.65130723773,16146.91094483505,283820196638.0,929685857273.0,2062.0,0.0,5490.0,21400.66430049436,16146.91094483505,283820196638.0,287623551671.0,2062.0,0.0,5490.0,21399.646859055385,16146.91094483505,283820196638.0,287623551671.0,2062.0,0.0,5490.0,35330.90164720244,6894.1843322175555,5759.8930533519015,0.0,0.0,0.0,0.0,32935.06629820145,6294.599345367402,5260.364250913961,0.0,0.00032186321914196014,0.003179989755153656,0.0,16146.91094483505,6894.1843322175555,5759.8930533519015,0.0,0.0026232488453388214,0.0,0.0,16146.91094483505,2862.0194328676444,2390.6879405588843,297.02718573755243,0.0026232488453388214,0.003179989755153656,0.0,16146.91094483505,2862.0194328676444,2390.6879405588843,1.0401789941824973,0.0026232488453388214,0.003179989755153656,0.0,16146.91094483505,2862.0194328676444,2390.6879405588843,0.0,0.0026232488453388214,0.025917544960975647,0.0,0.0,0.0,0.0,0.0,0.0,0.0,0.0,0.0,0.0,0.0,0.0,0.0,47733.01862919284,702802845074.0,44238.655560675776,640852962919.0,28556.515462945215,702802845074.0,21462.99536359984,927327902587.0,21167.450749505544,286474939668.0,21166.54832583363,286474939668.0,251.9604035790544,1209586427.0,251.3778356600087,1209342683.0,244.47549070813693,1209586427.0,233.65594363789089,2357954686.0,233.2135509888176,1148612003.0,233.0985332217533,1148612003.0,0.0,0.0,0.0,0.0,0.0,0.0,0.0,0.0,0.0,0.0,0.0,0.0,2816049726.004,539600052.652,10.938349454371725,20.10800506668831,2568249222.408,409868353.696,10.676830612010788,20.06472150680623,2816049726.004,539600052.652,5.170833237946964,17.92275249439953,3718743429.092,1510152195.932,2.9529585152486835,17.53944986378081,1150494206.684,1150494206.684,2.8673523754826746,17.404760797958257,1150494206.684,1150494206.684,2.8671360272844324,17.404487249059503,5490
PATENTS,query1,8,1/4,47984.979032771895,35330.90164720244,695005417334.0,704012431501.0,0.0,0.0,5490.0,44490.033396335784,32935.06629820145,633825621107.0,642062305602.0,253.0,0.0,5490.0,28800.990953653352,16146.91094483505,283820196638.0,704012431501.0,2062.0,0.0,5490.0,21696.65130723773,16146.91094483505,283820196638.0,929685857273.0,2062.0,0.0,5490.0,21400.66430049436,16146.91094483505,283820196638.0,287623551671.0,2062.0,0.0,5490.0,21399.646859055385,16146.91094483505,283820196638.0,287623551671.0,2062.0,0.0,5490.0,35330.90164720244,6894.1843322175555,5759.8930533519015,0.0,0.0,0.0,0.0,32935.06629820145,6294.599345367402,5260.364250913961,0.0,0.00032186321914196014,0.003179989755153656,0.0,16146.91094483505,6894.1843322175555,5759.8930533519015,0.0,0.0026232488453388214,0.0,0.0,16146.91094483505,2862.0194328676444,2390.6879405588843,297.02718573755243,0.0026232488453388214,0.003179989755153656,0.0,16146.91094483505,2862.0194328676444,2390.6879405588843,1.0401789941824973,0.0026232488453388214,0.003179989755153656,0.0,16146.91094483505,2862.0194328676444,2390.6879405588843,0.0,0.0026232488453388214,0.025917544960975647,0.0,0.0,0.0,0.0,0.0,0.0,0.0,0.0,0.0,0.0,0.0,0.0,0.0,47733.01862919284,702802845074.0,44238.655560675776,640852962919.0,28556.515462945215,702802845074.0,21462.99536359984,927327902587.0,21167.450749505544,286474939668.0,21166.54832583363,286474939668.0,251.9604035790544,1209586427.0,251.3778356600087,1209342683.0,244.47549070813693,1209586427.0,233.65594363789089,2357954686.0,233.2135509888176,1148612003.0,233.0985332217533,1148612003.0,0.0,0.0,0.0,0.0,0.0,0.0,0.0,0.0,0.0,0.0,0.0,0.0,2816049726.004,539600052.652,10.938349454371725,20.10800506668831,2568249222.408,409868353.696,10.676830612010788,20.06472150680623,2816049726.004,539600052.652,5.170833237946964,17.92275249439953,3718743429.092,1510152195.932,2.9529585152486835,17.53944986378081,1150494206.684,1150494206.684,2.8673523754826746,17.404760797958257,1150494206.684,1150494206.684,2.8671360272844324,17.404487249059503,5490
PATENTS,query1,8,1/8,47984.979032771895,35330.90164720244,695005417334.0,704012431501.0,0.0,0.0,5490.0,44490.033396335784,32935.06629820145,633825621107.0,642062305602.0,253.0,0.0,5490.0,28800.990953653352,16146.91094483505,283820196638.0,704012431501.0,2062.0,0.0,5490.0,21696.65130723773,16146.91094483505,283820196638.0,929685857273.0,2062.0,0.0,5490.0,21400.66430049436,16146.91094483505,283820196638.0,287623551671.0,2062.0,0.0,5490.0,21419.14858648181,16160.897286190419,284129416583.0,287936661000.0,2061.0,0.0,5490.0,35330.90164720244,6894.1843322175555,5759.8930533519015,0.0,0.0,0.0,0.0,32935.06629820145,6294.599345367402,5260.364250913961,0.0,0.00032186321914196014,0.003179989755153656,0.0,16146.91094483505,6894.1843322175555,5759.8930533519015,0.0,0.0026232488453388214,0.0,0.0,16146.91094483505,2862.0194328676444,2390.6879405588843,297.02718573755243,0.0026232488453388214,0.003179989755153656,0.0,16146.91094483505,2862.0194328676444,2390.6879405588843,1.0401789941824973,0.0026232488453388214,0.003179989755153656,0.0,16160.897286190419,2865.017282693414,2393.205490645487,0.0,0.0026219766587018967,0.025904975831508636,0.0,0.0,0.0,0.0,0.0,0.0,0.0,0.0,0.0,0.0,0.0,0.0,0.0,47733.01862919284,702802845074.0,44238.655560675776,640852962919.0,28556.515462945215,702802845074.0,21462.99536359984,927327902587.0,21167.450749505544,286474939668.0,21186.050053260056,286788048997.0,251.9604035790544,1209586427.0,251.3778356600087,1209342683.0,244.47549070813693,1209586427.0,233.65594363789089,2357954686.0,233.2135509888176,1148612003.0,233.0985332217533,1148612003.0,0.0,0.0,0.0,0.0,0.0,0.0,0.0,0.0,0.0,0.0,0.0,0.0,2816049726.004,539600052.652,10.938349454371725,20.10800506668831,2568249222.408,409868353.696,10.676830612010788,20.06472150680623,2816049726.004,539600052.652,5.170833237946964,17.92275249439953,3534942774.964,1358292124.452,2.9529585152486835,17.53944986378081,1150494206.684,980824257.432,2.8673523754826746,17.404760797958257,975918853.536,975918853.536,2.8671461271136067,17.406343981582573,5490
PATENTS,query2,8,1,62875.20244820742,57823.60870245937,220290616380.0,224390697639.0,0.0,0.0,10117.0,51009.53038432496,47293.01260156231,161079565258.0,164109579259.0,1011.0,0.0,10117.0,50709.68487248896,45658.08908742573,138360510261.0,224390697639.0,1603.0,0.0,10117.0,48929.93160851363,45658.08908742573,138360510261.0,305078315471.0,1603.0,0.0,10117.0,48855.42696697195,45658.08908742573,138360510261.0,140968736212.0,1603.0,0.0,10117.0,48854.01961598988,45658.08908742573,138360510261.0,140968736212.0,1603.0,0.0,10117.0,57823.60870245937,2840.06392941135,2211.529816336697,0.0,0.0,0.0,0.0,47293.01260156231,2089.188598366687,1627.3151908253785,0.0,0.0012861806899309158,0.012707389891147614,0.0,45658.08908742573,2840.06392941135,2211.529816336697,0.0,0.002039315178990364,0.0,0.0,45658.08908742573,1795.5275250356644,1400.3808158987667,75.91943344839576,0.002039315178990364,0.012707389891147614,0.0,45658.08908742573,1795.5275250356644,1400.3808158987667,1.4147919067181647,0.002039315178990364,0.012707389891147614,0.0,45658.08908742573,1795.5275250356644,1400.3808158987667,0.0,0.002039315178990364,0.02014831453561783,0.0,0.0,0.0,0.0,0.0,0.0,0.0,0.0,0.0,0.0,0.0,0.0,0.0,62322.13216341147,220154111290.0,50519.02202338306,160497041832.0,50178.248779405374,220154111290.0,48484.14858394098,298243760919.0,48411.23577694781,137746719087.0,48409.90442169132,137746719087.0,553.0702847959474,4236586349.0,490.50836094189435,3612537427.0,531.4360930835828,4236586349.0,445.78302457264425,6834554552.0,444.19119002413936,3222017125.0,444.1151942985598,3222017125.0,0.0,0.0,0.0,0.0,0.0,0.0,0.0,0.0,0.0,0.0,0.0,0.0,897562790.556,400532987.272,7.24684349572286,16.03125090626096,656438317.036,263297982.856,4.804510932013392,15.658892851078042,897562790.556,400532987.272,5.249506028475706,15.089155577579882,1220313261.884,791230982.704,4.302367559239471,15.132925381729265,563874944.848,563874944.848,4.296641688832548,15.089389767755845,563874944.848,563874944.848,4.296505331840832,15.089155577579882,10117
PATENTS,query2,8,1/16,62875.20244820742,57823.60870245937,220290616380.0,224390697639.0,0.0,0.0,10117.0,51009.53038432496,47293.01260156231,161079565258.0,164109579259.0,1011.0,0.0,10117.0,51005.785677940585,45954.18992595421,147247274000.0,224390697639.0,1577.0,0.0,10117.0,49423.46031948312,45954.18992595421,147247274000.0,314121527724.0,1577.0,0.0,10117.0,49348.95567794144,45954.18992595421,147247274000.0,150011948465.0,1577.0,0.0,10117.0,49333.17388409586,45943.66028403933,146933106864.0,149696363987.0,1577.0,12.0,10117.0,57823.60870245937,2840.06392941135,2211.529816336697,0.0,0.0,0.0,0.0,47293.01260156231,2089.188598366687,1627.3151908253785,0.0,0.0012861806899309158,0.012707389891147614,0.0,45954.18992595421,2840.06392941135,2211.529816336697,0.0,0.0020062383264303207,0.0,0.0,45954.18992595421,1906.813104693545,1486.5231417587493,75.91943344839576,0.0020062383264303207,0.012707389891147614,0.0,45954.18992595421,1906.813104693545,1486.5231417587493,1.4147919067181647,0.0020062383264303207,0.012707389891147614,0.0,45943.66028403933,1904.6711795979645,1484.820592703065,0.0,0.0020062383264303207,0.019821517169475555,0.0,0.0,0.0,0.0,0.0,0.0,0.0,0.0,0.0,0.0,0.0,0.0,0.0,62322.13216341147,220154111290.0,50519.02202338306,160497041832.0,50473.823246071115,220154111290.0,48973.99816388875,307247745944.0,48901.08535689558,146750704112.0,48880.89638154209,146390544711.0,553.0702847959474,4236586349.0,490.50836094189435,3612537427.0,531.9624318694696,4236586349.0,449.4621555943674,6873781780.0,447.8703210458625,3261244353.0,452.2775025537703,3305819276.0,0.0,0.0,0.0,0.0,0.0,0.0,0.0,0.0,0.0,0.0,0.0,0.0,897562790.556,400532987.272,7.24684349572286,16.03125090626096,656438317.036,263297982.856,4.804510932013392,15.658892851078042,897562790.556,400532987.272,5.285724046290387,15.131112432391193,930188656.404,532282990.416,4.469088659119561,15.174882236540576,600047793.86,301382664.956,4.466343265970237,15.131346622567154,302347552.0,301204365.264,4.45268057466764,15.131112432391193,10117
PATENTS,query2,8,1/2,62875.20244820742,57823.60870245937,220290616380.0,224390697639.0,0.0,0.0,10117.0,51009.53038432496,47293.01260156231,161079565258.0,164109579259.0,1011.0,0.0,10117.0,50709.68487248896,45658.08908742573,138360510261.0,224390697639.0,1603.0,0.0,10117.0,48929.93160851363,45658.08908742573,138360510261.0,305078315471.0,1603.0,0.0,10117.0,48855.42696697195,45658.08908742573,138360510261.0,140968736212.0,1603.0,0.0,10117.0,48854.01961598988,45658.08908742573,138360510261.0,140968736212.0,1603.0,0.0,10117.0,57823.60870245937,2840.06392941135,2211.529816336697,0.0,0.0,0.0,0.0,47293.01260156231,2089.188598366687,1627.3151908253785,0.0,0.0012861806899309158,0.012707389891147614,0.0,45658.08908742573,2840.06392941135,2211.529816336697,0.0,0.002039315178990364,0.0,0.0,45658.08908742573,1795.5275250356644,1400.3808158987667,75.91943344839576,0.002039315178990364,0.012707389891147614,0.0,45658.08908742573,1795.5275250356644,1400.3808158987667,1.4147919067181647,0.002039315178990364,0.012707389891147614,0.0,45658.08908742573,1795.5275250356644,1400.3808158987667,0.0,0.002039315178990364,0.02014831453561783,0.0,0.0,0.0,0.0,0.0,0.0,0.0,0.0,0.0,0.0,0.0,0.0,0.0,62322.13216341147,220154111290.0,50519.02202338306,160497041832.0,50178.248779405374,220154111290.0,48484.14858394098,298243760919.0,48411.23577694781,137746719087.0,48409.90442169132,137746719087.0,553.0702847959474,4236586349.0,490.50836094189435,3612537427.0,531.4360930835828,4236586349.0,445.78302457264425,6834554552.0,444.19119002413936,3222017125.0,444.1151942985598,3222017125.0,0.0,0.0,0.0,0.0,0.0,0.0,0.0,0.0,0.0,0.0,0.0,0.0,897562790.556,400532987.272,7.24684349572286,16.03125090626096,656438317.036,263297982.856,4.804510932013392,15.658892851078042,897562790.556,400532987.272,5.249506028475706,15.089155577579882,1220313261.884,791230982.704,4.302367559239471,15.132925381729265,563874944.848,563874944.848,4.296641688832548,15.089389767755845,563874944.848,563874944.848,4.296505331840832,15.089155577579882,10117
PATENTS,query2,8,1/4,62875.20244820742,57823.60870245937,220290616380.0,224390697639.0,0.0,0.0,10117.0,51009.53038432496,47293.01260156231,161079565258.0,164109579259.0,1011.0,0.0,10117.0,50709.68487248896,45658.08908742573,138360510261.0,224390697639.0,1603.0,0.0,10117.0,48929.93160851363,45658.08908742573,138360510261.0,305078315471.0,1603.0,0.0,10117.0,48855.42696697195,45658.08908742573,138360510261.0,140968736212.0,1603.0,0.0,10117.0,48854.01961598988,45658.08908742573,138360510261.0,140968736212.0,1603.0,0.0,10117.0,57823.60870245937,2840.06392941135,2211.529816336697,0.0,0.0,0.0,0.0,47293.01260156231,2089.188598366687,1627.3151908253785,0.0,0.0012861806899309158,0.012707389891147614,0.0,45658.08908742573,2840.06392941135,2211.529816336697,0.0,0.002039315178990364,0.0,0.0,45658.08908742573,1795.5275250356644,1400.3808158987667,75.91943344839576,0.002039315178990364,0.012707389891147614,0.0,45658.08908742573,1795.5275250356644,1400.3808158987667,1.4147919067181647,0.002039315178990364,0.012707389891147614,0.0,45658.08908742573,1795.5275250356644,1400.3808158987667,0.0,0.002039315178990364,0.02014831453561783,0.0,0.0,0.0,0.0,0.0,0.0,0.0,0.0,0.0,0.0,0.0,0.0,0.0,62322.13216341147,220154111290.0,50519.02202338306,160497041832.0,50178.248779405374,220154111290.0,48484.14858394098,298243760919.0,48411.23577694781,137746719087.0,48409.90442169132,137746719087.0,553.0702847959474,4236586349.0,490.50836094189435,3612537427.0,531.4360930835828,4236586349.0,445.78302457264425,6834554552.0,444.19119002413936,3222017125.0,444.1151942985598,3222017125.0,0.0,0.0,0.0,0.0,0.0,0.0,0.0,0.0,0.0,0.0,0.0,0.0,897562790.556,400532987.272,7.24684349572286,16.03125090626096,656438317.036,263297982.856,4.804510932013392,15.658892851078042,897562790.556,400532987.272,5.249506028475706,15.089155577579882,1217431986.676,789672090.652,4.302367559239471,15.132925381729265,563874944.848,560993669.64,4.296641688832548,15.089389767755845,560993669.64,560993669.64,4.296505331840832,15.089155577579882,10117
PATENTS,query2,8,1/8,62875.20244820742,57823.60870245937,220290616380.0,224390697639.0,0.0,0.0,10117.0,51009.53038432496,47293.01260156231,161079565258.0,164109579259.0,1011.0,0.0,10117.0,50709.68487248896,45658.08908742573,138360510261.0,224390697639.0,1603.0,0.0,10117.0,48929.93160851363,45658.08908742573,138360510261.0,305078315471.0,1603.0,0.0,10117.0,48855.42696697195,45658.08908742573,138360510261.0,140968736212.0,1603.0,0.0,10117.0,48854.01961598988,45658.08908742573,138360510261.0,140968736212.0,1603.0,0.0,10117.0,57823.60870245937,2840.06392941135,2211.529816336697,0.0,0.0,0.0,0.0,47293.01260156231,2089.188598366687,1627.3151908253785,0.0,0.0012861806899309158,0.012707389891147614,0.0,45658.08908742573,2840.06392941135,2211.529816336697,0.0,0.002039315178990364,0.0,0.0,45658.08908742573,1795.5275250356644,1400.3808158987667,75.91943344839576,0.002039315178990364,0.012707389891147614,0.0,45658.08908742573,1795.5275250356644,1400.3808158987667,1.4147919067181647,0.002039315178990364,0.012707389891147614,0.0,45658.08908742573,1795.5275250356644,1400.3808158987667,0.0,0.002039315178990364,0.02014831453561783,0.0,0.0,0.0,0.0,0.0,0.0,0.0,0.0,0.0,0.0,0.0,0.0,0.0,62322.13216341147,220154111290.0,50519.02202338306,160497041832.0,50178.248779405374,220154111290.0,48484.14858394098,298243760919.0,48411.23577694781,137746719087.0,48409.90442169132,137746719087.0,553.0702847959474,4236586349.0,490.50836094189435,3612537427.0,531.4360930835828,4236586349.0,445.78302457264425,6834554552.0,444.19119002413936,3222017125.0,444.1151942985598,3222017125.0,0.0,0.0,0.0,0.0,0.0,0.0,0.0,0.0,0.0,0.0,0.0,0.0,897562790.556,400532987.272,7.24684349572286,16.03125090626096,656438317.036,263297982.856,4.804510932013392,15.658892851078042,897562790.556,400532987.272,5.249506028475706,15.089155577579882,1119384205.944,702734680.592,4.302367559239471,15.132925381729265,563874944.848,471255757.508,4.296641688832548,15.089389767755845,469583762.288,469583762.288,4.296505331840832,15.089155577579882,10117
PATENTS,query3,8,1,106080.4501510358,93314.04156260844,876015508443.0,883312086987.0,0.0,0.0,11909.0,98099.87769254996,86675.55770385661,781592156244.0,788142653288.0,685.0,0.0,11909.0,82865.08311359957,70098.67092488403,583885306912.0,883312086987.0,2830.0,0.0,11909.0,78884.94180302734,70098.67092488403,583885306912.0,1376777960675.0,2830.0,0.0,11909.0,78522.36672529159,70098.67092488403,583885306912.0,588635307387.0,2830.0,0.0,11909.0,78520.36272445321,70098.67092488403,583885306912.0,588635307387.0,2830.0,0.0,11909.0,93314.04156260844,6830.33457971015,5936.074008717202,0.0,0.0,0.0,0.0,86675.55770385661,6114.235286287265,5310.075221104547,0.0,0.0008714478462934494,0.008609853684902191,0.0,70098.67092488403,6830.33457971015,5936.074008717202,0.0,0.0036002881824970245,0.0,0.0,70098.67092488403,4503.10734791914,3918.5452807254624,364.6060393568336,0.0036002881824970245,0.008609853684902191,0.0,70098.67092488403,4503.10734791914,3918.5452807254624,2.0309616210870445,0.0036002881824970245,0.008609853684902191,0.0,70098.67092488403,4503.10734791914,3918.5452807254624,0.0,0.0036002881824970245,0.03557063639163971,0.0,0.0,0.0,0.0,0.0,0.0,0.0,0.0,0.0,0.0,0.0,0.0,0.0,105258.76551429927,875020710671.0,97278.19305581343,779851276972.0,82078.390911103,875020710671.0,78299.62273290039,1362744977863.0,77940.81426636991,582893700891.0,77938.87808128889,582893700891.0,821.6846367365215,8291376316.0,821.6846367365215,8291376316.0,786.6922024965752,8291376316.0,585.3190701269393,14032982812.0,581.5524589216802,5741606496.0,581.4846431643236,5741606496.0,0.0,0.0,0.0,0.0,0.0,0.0,0.0,0.0,0.0,0.0,0.0,0.0,3533248347.948,1024577420.568,10.182957528613509,23.983202035490883,3152570613.152,745733022.928,9.088452239498496,23.786343578977036,3533248347.948,1024577420.568,5.841421258690302,22.9400609537729,5507111842.7,2984431304.432,5.104076894962874,23.10154240736973,2354541229.548,2354541229.548,5.080083747348282,22.94030005503278,2354541229.548,2354541229.548,5.079914269327651,22.9400609537729,11909
PATENTS,query3,8,1/16,106080.4501510358,93314.04156260844,876015508443.0,883312086987.0,0.0,0.0,11909.0,98099.87769254996,86675.55770385661,781592156244.0,788142653288.0,685.0,0.0,11909.0,82865.08311359957,70098.67092488403,583885306912.0,883312086987.0,2830.0,0.0,11909.0,78884.94180302734,70098.67092488403,583885306912.0,1376777960675.0,2830.0,0.0,11909.0,78522.36672529159,70098.67092488403,583885306912.0,588635307387.0,2830.0,0.0,11909.0,78537.17522078846,70106.30302489712,584540118257.0,589295119368.0,2829.0,0.0,11909.0,93314.04156260844,6830.33457971015,5936.074008717202,0.0,0.0,0.0,0.0,86675.55770385661,6114.235286287265,5310.075221104547,0.0,0.0008714478462934494,0.008609853684902191,0.0,70098.67092488403,6830.33457971015,5936.074008717202,0.0,0.0036002881824970245,0.0,0.0,70098.67092488403,4503.10734791914,3918.5452807254624,364.6060393568336,0.0036002881824970245,0.008609853684902191,0.0,70098.67092488403,4503.10734791914,3918.5452807254624,2.0309616210870445,0.0036002881824970245,0.008609853684902191,0.0,70106.30302489712,4508.015042867977,3922.8179959401023,0.0,0.0035990159958601,0.0355580672621727,0.0,0.0,0.0,0.0,0.0,0.0,0.0,0.0,0.0,0.0,0.0,0.0,0.0,105258.76551429927,875020710671.0,97278.19305581343,779851276972.0,82078.390911103,875020710671.0,78299.62273290039,1362744977863.0,77940.81426636991,582893700891.0,77955.69057762413,583553512872.0,821.6846367365215,8291376316.0,821.6846367365215,8291376316.0,786.6922024965752,8291376316.0,585.3190701269393,14032982812.0,581.5524589216802,5741606496.0,581.4846431643236,5741606496.0,0.0,0.0,0.0,0.0,0.0,0.0,0.0,0.0,0.0,0.0,0.0,0.0,3533248347.948,1024577420.568,10.182957528613509,23.983202035490883,3152570613.152,745733022.928,9.088452239498496,23.786343578977036,3533248347.948,1024577420.568,5.841421258690302,22.9400609537729,5000598427.348,2540027901.096,5.104076894962874,23.10154240736973,2354541229.548,1896920720.932,5.080083747348282,22.94030005503278,1895513522.896,1895513522.896,5.081591499851551,22.9400609537729,11909
PATENTS,query3,8,1/2,106080.4501510358,93314.04156260844,876015508443.0,883312086987.0,0.0,0.0,11909.0,98099.87769254996,86675.55770385661,781592156244.0,788142653288.0,685.0,0.0,11909.0,82865.08311359957,70098.67092488403,583885306912.0,883312086987.0,2830.0,0.0,11909.0,78884.94180302734,70098.67092488403,583885306912.0,1376777960675.0,2830.0,0.0,11909.0,78522.36672529159,70098.67092488403,583885306912.0,588635307387.0,2830.0,0.0,11909.0,78520.36272445321,70098.67092488403,583885306912.0,588635307387.0,2830.0,0.0,11909.0,93314.04156260844,6830.33457971015,5936.074008717202,0.0,0.0,0.0,0.0,86675.55770385661,6114.235286287265,5310.075221104547,0.0,0.0008714478462934494,0.008609853684902191,0.0,70098.67092488403,6830.33457971015,5936.074008717202,0.0,0.0036002881824970245,0.0,0.0,70098.67092488403,4503.10734791914,3918.5452807254624,364.6060393568336,0.0036002881824970245,0.008609853684902191,0.0,70098.67092488403,4503.10734791914,3918.5452807254624,2.0309616210870445,0.0036002881824970245,0.008609853684902191,0.0,70098.67092488403,4503.10734791914,3918.5452807254624,0.0,0.0036002881824970245,0.03557063639163971,0.0,0.0,0.0,0.0,0.0,0.0,0.0,0.0,0.0,0.0,0.0,0.0,0.0,105258.76551429927,875020710671.0,97278.19305581343,779851276972.0,82078.390911103,875020710671.0,78299.62273290039,1362744977863.0,77940.81426636991,582893700891.0,77938.87808128889,582893700891.0,821.6846367365215,8291376316.0,821.6846367365215,8291376316.0,786.6922024965752,8291376316.0,585.3190701269393,14032982812.0,581.5524589216802,5741606496.0,581.4846431643236,5741606496.0,0.0,0.0,0.0,0.0,0.0,0.0,0.0,0.0,0.0,0.0,0.0,0.0,3533248347.948,1024577420.568,10.182957528613509,23.983202035490883,3152570613.152,745733022.928,9.088452239498496,23.786343578977036,3533248347.948,1024577420.568,5.841421258690302,22.9400609537729,5507111842.7,2984431304.432,5.104076894962874,23.10154240736973,2354541229.548,2354541229.548,5.080083747348282,22.94030005503278,2354541229.548,2354541229.548,5.079914269327651,22.9400609537729,11909
PATENTS,query3,8,1/4,106080.4501510358,93314.04156260844,876015508443.0,883312086987.0,0.0,0.0,11909.0,98099.87769254996,86675.55770385661,781592156244.0,788142653288.0,685.0,0.0,11909.0,82865.08311359957,70098.67092488403,583885306912.0,883312086987.0,2830.0,0.0,11909.0,78884.94180302734,70098.67092488403,583885306912.0,1376777960675.0,2830.0,0.0,11909.0,78522.36672529159,70098.67092488403,583885306912.0,588635307387.0,2830.0,0.0,11909.0,78520.36272445321,70098.67092488403,583885306912.0,588635307387.0,2830.0,0.0,11909.0,93314.04156260844,6830.33457971015,5936.074008717202,0.0,0.0,0.0,0.0,86675.55770385661,6114.235286287265,5310.075221104547,0.0,0.0008714478462934494,0.008609853684902191,0.0,70098.67092488403,6830.33457971015,5936.074008717202,0.0,0.0036002881824970245,0.0,0.0,70098.67092488403,4503.10734791914,3918.5452807254624,364.6060393568336,0.0036002881824970245,0.008609853684902191,0.0,70098.67092488403,4503.10734791914,3918.5452807254624,2.0309616210870445,0.0036002881824970245,0.008609853684902191,0.0,70098.67092488403,4503.10734791914,3918.5452807254624,0.0,0.0036002881824970245,0.03557063639163971,0.0,0.0,0.0,0.0,0.0,0.0,0.0,0.0,0.0,0.0,0.0,0.0,0.0,105258.76551429927,875020710671.0,97278.19305581343,779851276972.0,82078.390911103,875020710671.0,78299.62273290039,1362744977863.0,77940.81426636991,582893700891.0,77938.87808128889,582893700891.0,821.6846367365215,8291376316.0,821.6846367365215,8291376316.0,786.6922024965752,8291376316.0,585.3190701269393,14032982812.0,581.5524589216802,5741606496.0,581.4846431643236,5741606496.0,0.0,0.0,0.0,0.0,0.0,0.0,0.0,0.0,0.0,0.0,0.0,0.0,3533248347.948,1024577420.568,10.182957528613509,23.983202035490883,3152570613.152,745733022.928,9.088452239498496,23.786343578977036,3533248347.948,1024577420.568,5.841421258690302,22.9400609537729,5507111842.7,2984431304.432,5.104076894962874,23.10154240736973,2354541229.548,2354541229.548,5.080083747348282,22.94030005503278,2354541229.548,2354541229.548,5.079914269327651,22.9400609537729,11909
PATENTS,query3,8,1/8,106080.4501510358,93314.04156260844,876015508443.0,883312086987.0,0.0,0.0,11909.0,98099.87769254996,86675.55770385661,781592156244.0,788142653288.0,685.0,0.0,11909.0,82865.08311359957,70098.67092488403,583885306912.0,883312086987.0,2830.0,0.0,11909.0,78884.94180302734,70098.67092488403,583885306912.0,1376777960675.0,2830.0,0.0,11909.0,78522.36672529159,70098.67092488403,583885306912.0,588635307387.0,2830.0,0.0,11909.0,78520.36272445321,70098.67092488403,583885306912.0,588635307387.0,2830.0,0.0,11909.0,93314.04156260844,6830.33457971015,5936.074008717202,0.0,0.0,0.0,0.0,86675.55770385661,6114.235286287265,5310.075221104547,0.0,0.0008714478462934494,0.008609853684902191,0.0,70098.67092488403,6830.33457971015,5936.074008717202,0.0,0.0036002881824970245,0.0,0.0,70098.67092488403,4503.10734791914,3918.5452807254624,364.6060393568336,0.0036002881824970245,0.008609853684902191,0.0,70098.67092488403,4503.10734791914,3918.5452807254624,2.0309616210870445,0.0036002881824970245,0.008609853684902191,0.0,70098.67092488403,4503.10734791914,3918.5452807254624,0.0,0.0036002881824970245,0.03557063639163971,0.0,0.0,0.0,0.0,0.0,0.0,0.0,0.0,0.0,0.0,0.0,0.0,0.0,105258.76551429927,875020710671.0,97278.19305581343,779851276972.0,82078.390911103,875020710671.0,78299.62273290039,1362744977863.0,77940.81426636991,582893700891.0,77938.87808128889,582893700891.0,821.6846367365215,8291376316.0,821.6846367365215,8291376316.0,786.6922024965752,8291376316.0,585.3190701269393,14032982812.0,581.5524589216802,5741606496.0,581.4846431643236,5741606496.0,0.0,0.0,0.0,0.0,0.0,0.0,0.0,0.0,0.0,0.0,0.0,0.0,3533248347.948,1024577420.568,10.182957528613509,23.983202035490883,3152570613.152,745733022.928,9.088452239498496,23.786343578977036,3533248347.948,1024577420.568,5.841421258690302,22.9400609537729,5504452152.252,2982240756.48,5.104076894962874,23.10154240736973,2354541229.548,2352360097.9,5.080083747348282,22.94030005503278,2352360097.9,2352360097.9,5.079914269327651,22.9400609537729,11909
agnews,query1,8,1,1241.1120485533029,176.5700105233118,16954789812.0,18198030404.0,0.0,0.0,2070.0,1212.7430410394445,174.12225379887968,16799373201.0,18009064100.0,110.0,0.0,2070.0,1136.604332995601,72.06146295554936,5539627192.0,18198030404.0,654.0,0.0,2070.0,492.1521855504447,72.06146295554936,5539627192.0,24042352542.0,654.0,0.0,2070.0,484.03993556136265,72.06146295554936,5539627192.0,6033288442.0,654.0,0.0,2070.0,483.8277730885893,72.06146295554936,5539627192.0,6033288442.0,654.0,0.0,2070.0,176.5700105233118,582.6107579339296,481.9312800960615,0.0,0.0,0.0,0.0,174.12225379887968,568.3308554319665,470.2884092638269,0.0,0.0001399405300617218,0.0013826042413711548,0.0,72.06146295554936,582.6107579339296,481.9312800960615,0.0,0.0008320100605487823,0.0,0.0,72.06146295554936,225.00237596128136,186.75488195102662,8.33125006828547,0.0008320100605487823,0.0013826042413711548,0.0,72.06146295554936,225.00237596128136,186.75488195102662,0.21900007920339704,0.0008320100605487823,0.0013826042413711548,0.0,72.06146295554936,225.00237596128136,186.75488195102662,0.0,0.0008320100605487823,0.008220210671424866,0.0,1003.1772244554013,16659638900.0,1003.0688865715638,16659638900.0,903.6158986445516,16659638900.0,310.3954673243892,21532468446.0,302.8789278776385,4872829546.0,302.6931814663112,4872829546.0,237.93482409790158,1538391504.0,209.67415446788073,1349425200.0,232.98843435104936,1538391504.0,181.75671822605554,2509884096.0,181.16100768372416,1160458896.0,181.1345916222781,1160458896.0,0.0,0.0,0.0,0.0,0.0,0.0,0.0,0.0,0.0,0.0,0.0,0.0,0.0,0.0,0.0,0.0,0.0,0.0,0.0,0.0,0.0,0.0,0.0,0.0,72792121.616,16731663.992,0.5670217654931456,1.1417433491863358,72036256.4,15980546.704,0.5546945136776151,1.1303660019364665,72792121.616,16731663.992,0.4901804244783643,1.1284380856835488,96169410.168,39672731.256,0.020491966466167737,1.0556500335134673,24133153.768,24133153.768,0.01627419101282716,1.0494294568365776,24133153.768,24133153.768,0.016181232741519332,1.049231708441865,2070
agnews,query1,8,1/16,1241.1120485533029,176.5700105233118,16954789812.0,18198030404.0,0.0,0.0,2070.0,1212.7430410394445,174.12225379887968,16799373201.0,18009064100.0,110.0,413.0,2070.0,1237.1794945681468,172.6370125450194,16716493807.0,18198030404.0,349.0,413.0,2070.0,1198.7652730357308,172.6370125450194,16716493807.0,19643925971.0,349.0,413.0,2070.0,1198.0638248417526,172.6370125450194,16716493807.0,17909165063.0,349.0,413.0,2070.0,1188.5500785596669,171.84862174931914,16664738105.0,17846176295.0,349.0,429.0,2070.0,176.5700105233118,582.6107579339296,481.9312800960615,0.0,0.0,0.0,0.0,174.12225379887968,568.3308554319665,470.2884092638269,0.0,0.0001399405300617218,0.0013826042413711548,0.0,172.6370125450194,582.6107579339296,481.9312800960615,0.0,0.00044399313628673553,0.0,0.0,172.6370125450194,560.982802182436,464.3411065572873,0.8025251536105067,0.00044399313628673553,0.0013826042413711548,0.0,172.6370125450194,560.982802182436,464.3411065572873,0.1010769596323371,0.00044399313628673553,0.0013826042413711548,0.0,171.84862174931914,556.2364765778184,460.46014961320907,0.0,0.00044399313628673553,0.004386626183986664,0.0,1003.1772244554013,16659638900.0,1003.0688865715638,16659638900.0,1003.0075008831918,16659638900.0,1002.8576074549413,17039558723.0,1002.7518698032945,16654223015.0,1002.6824486376718,16654223015.0,237.93482409790158,1538391504.0,209.67415446788073,1349425200.0,234.17199368495494,1538391504.0,195.90766558078948,2604367248.0,195.3119550384581,1254942048.0,185.8676299219951,1191953280.0,0.0,0.0,0.0,0.0,0.0,0.0,0.0,0.0,0.0,0.0,0.0,0.0,0.0,0.0,0.0,0.0,0.0,0.0,0.0,0.0,0.0,0.0,0.0,0.0,72792121.616,16731663.992,0.5670217654931456,1.1417433491863358,72036256.4,15980546.704,0.5546945136776151,1.1303660019364665,72792121.616,16731663.992,0.5664488974295251,1.138850569350381,76713392.864,20469487.576,0.5540440301549966,1.1208864756030918,71636660.252,16767342.14,0.5539505361285928,1.1194767789588813,70239278.804,16762032.244,0.5539171743487352,1.1012324290415991,2070
agnews,query1,8,1/2,1241.1120485533029,176.5700105233118,16954789812.0,18198030404.0,0.0,0.0,2070.0,1212.7430410394445,174.12225379887968,16799373201.0,18009064100.0,110.0,0.0,2070.0,1136.604332995601,72.06146295554936,5539627192.0,18198030404.0,654.0,0.0,2070.0,492.1521855504447,72.06146295554936,5539627192.0,24042352542.0,654.0,0.0,2070.0,484.03993556136265,72.06146295554936,5539627192.0,6033288442.0,654.0,0.0,2070.0,483.8277730885893,72.06146295554936,5539627192.0,6033288442.0,654.0,0.0,2070.0,176.5700105233118,582.6107579339296,481.9312800960615,0.0,0.0,0.0,0.0,174.12225379887968,568.3308554319665,470.2884092638269,0.0,0.0001399405300617218,0.0013826042413711548,0.0,72.06146295554936,582.6107579339296,481.9312800960615,0.0,0.0008320100605487823,0.0,0.0,72.06146295554936,225.00237596128136,186.75488195102662,8.33125006828547,0.0008320100605487823,0.0013826042413711548,0.0,72.06146295554936,225.00237596128136,186.75488195102662,0.21900007920339704,0.0008320100605487823,0.0013826042413711548,0.0,72.06146295554936,225.00237596128136,186.75488195102662,0.0,0.0008320100605487823,0.008220210671424866,0.0,1003.1772244554013,16659638900.0,1003.0688865715638,16659638900.0,903.6158986445516,16659638900.0,310.3954673243892,21532468446.0,302.8789278776385,4872829546.0,302.6931814663112,4872829546.0,237.93482409790158,1538391504.0,209.67415446788073,1349425200.0,232.98843435104936,1538391504.0,181.75671822605554,2509884096.0,181.16100768372416,1160458896.0,181.1345916222781,1160458896.0,0.0,0.0,0.0,0.0,0.0,0.0,0.0,0.0,0.0,0.0,0.0,0.0,0.0,0.0,0.0,0.0,0.0,0.0,0.0,0.0,0.0,0.0,0.0,0.0,72792121.616,16731663.992,0.5670217654931456,1.1417433491863358,72036256.4,15980546.704,0.5546945136776151,1.1303660019364665,72792121.616,16731663.992,0.4901804244783643,1.1284380856835488,96169410.168,39672731.256,0.020491966466167737,1.0556500335134673,24133153.768,24133153.768,0.01627419101282716,1.0494294568365776,24133153.768,24133153.768,0.016181232741519332,1.049231708441865,2070
agnews,query1,8,1/4,1241.1120485533029,176.5700105233118,16954789812.0,18198030404.0,0.0,0.0,2070.0,1212.7430410394445,174.12225379887968,16799373201.0,18009064100.0,110.0,0.0,2070.0,1154.6745628891513,90.13176154717803,7557612700.0,18198030404.0,600.0,0.0,2070.0,619.6493988339985,90.13176154717803,7557612700.0,26184365358.0,600.0,0.0,2070.0,611.5371488449164,90.13176154717803,7557612700.0,8175301258.0,600.0,0.0,2070.0,611.3243076391518,90.13176154717803,7557612700.0,8175301258.0,600.0,0.0,2070.0,176.5700105233118,582.6107579339296,481.9312800960615,0.0,0.0,0.0,0.0,174.12225379887968,568.3308554319665,470.2884092638269,0.0,0.0001399405300617218,0.0013826042413711548,0.0,90.13176154717803,582.6107579339296,481.9312800960615,0.0,0.0007633119821548462,0.0,0.0,90.13176154717803,284.9816084234044,236.20263287890702,8.33125006828547,0.0007633119821548462,0.0013826042413711548,0.0,90.13176154717803,284.9816084234044,236.20263287890702,0.21900007920339704,0.0007633119821548462,0.0013826042413711548,0.0,90.13176154717803,284.9816084234044,236.20263287890702,0.0,0.0007633119821548462,0.007541477680206299,0.0,1003.1772244554013,16659638900.0,1003.0688865715638,16659638900.0,921.6861285381019,16659638900.0,437.8926806079429,23674481262.0,430.3761411611922,7014842362.0,430.1897160168737,7014842362.0,237.93482409790158,1538391504.0,209.67415446788073,1349425200.0,232.98843435104936,1538391504.0,181.75671822605554,2509884096.0,181.16100768372416,1160458896.0,181.1345916222781,1160458896.0,0.0,0.0,0.0,0.0,0.0,0.0,0.0,0.0,0.0,0.0,0.0,0.0,0.0,0.0,0.0,0.0,0.0,0.0,0.0,0.0,0.0,0.0,0.0,0.0,72792121.616,16731663.992,0.5670217654931456,1.1417433491863358,72036256.4,15980546.704,0.5546945136776151,1.1303660019364665,72792121.616,16731663.992,0.5054607910091338,1.128935432007332,89981103.192,33484761.72,0.12803975657593877,1.0561473798372503,32701205.032,17945116.744,0.12401624419194855,1.0499268031603606,17945116.744,17945116.744,0.12392945233604884,1.0497290547656477,2070
agnews,query1,8,1/8,1241.1120485533029,176.5700105233118,16954789812.0,18198030404.0,0.0,0.0,2070.0,1212.7430410394445,174.12225379887968,16799373201.0,18009064100.0,110.0,395.0,2070.0,1235.991944395937,171.44945219531655,16638547486.0,18198030404.0,357.0,395.0,2070.0,1184.874184038775,171.44945219531655,16638547486.0,20154995950.0,357.0,395.0,2070.0,1183.8975884150714,171.44945219531655,16638547486.0,17814358930.0,357.0,395.0,2070.0,1183.7944765239954,171.44945219531655,16638547486.0,17814358930.0,357.0,395.0,2070.0,176.5700105233118,582.6107579339296,481.9312800960615,0.0,0.0,0.0,0.0,174.12225379887968,568.3308554319665,470.2884092638269,0.0,0.0001399405300617218,0.0013826042413711548,0.0,171.44945219531655,582.6107579339296,481.9312800960615,0.0,0.0004541706293821335,0.0,0.0,171.44945219531655,553.8420087816194,458.49807419721037,1.0828120897579845,0.0004541706293821335,0.0013826042413711548,0.0,171.44945219531655,553.8420087816194,458.49807419721037,0.10621646605432034,0.0004541706293821335,0.0013826042413711548,0.0,171.44945219531655,553.8420087816194,458.49807419721037,0.0,0.0004541706293821335,0.004487179219722748,0.0,1003.1772244554013,16659638900.0,1003.0688865715638,16659638900.0,1003.0035100448877,16659638900.0,1003.1174658127195,17645111854.0,1002.7365807313472,16653900034.0,1002.6598849017173,16653900034.0,237.93482409790158,1538391504.0,209.67415446788073,1349425200.0,232.98843435104936,1538391504.0,181.75671822605554,2509884096.0,181.16100768372416,1160458896.0,181.1345916222781,1160458896.0,0.0,0.0,0.0,0.0,0.0,0.0,0.0,0.0,0.0,0.0,0.0,0.0,0.0,0.0,0.0,0.0,0.0,0.0,0.0,0.0,0.0,0.0,0.0,0.0,72792121.616,16731663.992,0.5670217654931456,1.1417433491863358,72036256.4,15980546.704,0.5546945136776151,1.1303660019364665,72792121.616,16731663.992,0.5664488974295251,1.1355716867325611,80437357.436,23982974.684,0.5540413106463,1.0970456520975416,71257435.72,17736435.304,0.5539445476659646,1.09533989079186,71114664.064,17736435.304,0.5539126624140599,1.0952123809673875,2070
agnews,query2,8,1,143.84588046278805,103.49728831090033,427664964.0,466904088.0,0.0,0.0,6508.0,140.70274317171425,100.99650345556438,425568142.0,464148520.0,365.0,0.0,6508.0,119.1793102780357,78.82646393403411,420701085.0,466904088.0,3344.0,0.0,6508.0,117.52427541223283,78.82646393403411,420701085.0,927057338.0,3344.0,0.0,6508.0,117.40806088922545,78.82646393403411,420701085.0,462908818.0,3344.0,0.0,6508.0,117.34699711948633,78.82646393403411,420701085.0,462908818.0,3344.0,0.0,6508.0,103.49728831090033,23.251041296869516,17.0975508550182,0.0,0.0,0.0,0.0,100.99650345556438,22.888786828145385,16.812400807626545,0.0,0.00046434812247753143,0.004587732255458832,0.0,78.82646393403411,23.251041296869516,17.0975508550182,0.0,0.004254192113876343,0.0,0.0,78.82646393403411,21.70100453682244,16.773243287578225,0.2147217294287158,0.004254192113876343,0.004587732255458832,0.0,78.82646393403411,21.70100453682244,16.773243287578225,0.09850720642134547,0.004254192113876343,0.004587732255458832,0.0,78.82646393403411,21.70100453682244,16.773243287578225,0.0,0.004254192113876343,0.042031168937683105,0.0,85.63202724885195,292866324.0,82.94176472630352,290110756.0,75.92229005880654,292866324.0,75.30027211570717,579036342.0,75.2480093142949,288925586.0,75.17072588670999,288925586.0,58.21385321393609,174037764.0,57.76097844541073,174037764.0,43.25702021922916,174037764.0,42.22400329652565,348020996.0,42.16005157493055,173983232.0,42.176271232776344,173983232.0,0.0,0.0,0.0,0.0,0.0,0.0,0.0,0.0,0.0,0.0,0.0,0.0,0.0,0.0,0.0,0.0,0.0,0.0,0.0,0.0,0.0,0.0,0.0,0.0,1867616.352,1848725.036,0.007633829139173031,0.07084554800279433,1856594.08,1837702.764,0.007241493014618754,0.07080452816113823,1867616.352,1848725.036,0.0009292621146887541,0.06950622526407235,3708229.352,3687500.384,0.0005099073854592786,0.06957877873382066,1851635.272,1851635.272,0.0005126060163602233,0.06956630475223059,1851635.272,1851635.272,0.0005169905535876751,0.06949343797229224,6508
agnews,query2,8,1/16,143.84588046278805,103.49728831090033,427664964.0,466904088.0,0.0,0.0,6508.0,140.70274317171425,100.99650345556438,425568142.0,464148520.0,365.0,17.0,6508.0,119.1793102780357,78.82646393403411,420701085.0,466904088.0,3344.0,17.0,6508.0,117.31569962997925,78.82646393403411,420701085.0,476194070.0,3344.0,17.0,6508.0,117.40320691093802,78.82646393403411,420701085.0,462908818.0,3344.0,17.0,6508.0,117.34699711948633,78.82646393403411,420701085.0,462908818.0,3344.0,17.0,6508.0,103.49728831090033,23.251041296869516,17.0975508550182,0.0,0.0,0.0,0.0,100.99650345556438,22.888786828145385,16.812400807626545,0.0,0.00046434812247753143,0.004587732255458832,0.0,78.82646393403411,23.251041296869516,17.0975508550182,0.0,0.004254192113876343,0.0,0.0,78.82646393403411,21.70100453682244,16.773243287578225,0.006145947175133308,0.004254192113876343,0.004587732255458832,0.0,78.82646393403411,21.70100453682244,16.773243287578225,0.09365322813391685,0.004254192113876343,0.004587732255458832,0.0,78.82646393403411,21.70100453682244,16.773243287578225,0.0,0.004254192113876343,0.042031168937683105,0.0,85.63202724885195,292866324.0,82.94176472630352,290110756.0,75.92229005880654,292866324.0,75.17181878444214,301368014.0,75.24601061735302,288925586.0,75.17072588670999,288925586.0,58.21385321393609,174037764.0,57.76097844541073,174037764.0,43.25702021922916,174037764.0,42.14388084553711,174826056.0,42.157196293585,173983232.0,42.176271232776344,173983232.0,0.0,0.0,0.0,0.0,0.0,0.0,0.0,0.0,0.0,0.0,0.0,0.0,0.0,0.0,0.0,0.0,0.0,0.0,0.0,0.0,0.0,0.0,0.0,0.0,1867616.352,1848725.036,0.007633829139173031,0.07084554800279433,1856594.08,1837702.764,0.007241493014618754,0.07080452816113823,1867616.352,1848725.036,0.0009292621146887541,0.06950622526407235,1904776.28,1884047.312,0.0005099073854592786,0.06949705383381236,1851635.272,1850551.688,0.0005126060163602233,0.06956339236525814,1851635.272,1850551.688,0.0005169905535876751,0.06949343797229224,6508
agnews,query2,8,1/2,143.84588046278805,103.49728831090033,427664964.0,466904088.0,0.0,0.0,6508.0,140.70274317171425,100.99650345556438,425568142.0,464148520.0,365.0,7.0,6508.0,119.1793102780357,78.82646393403411,420701085.0,466904088.0,3344.0,7.0,6508.0,117.39582208096779,78.82646393403411,420701085.0,649389010.0,3344.0,7.0,6508.0,117.40606219228357,78.82646393403411,420701085.0,462908818.0,3344.0,7.0,6508.0,117.34699711948633,78.82646393403411,420701085.0,462908818.0,3344.0,7.0,6508.0,103.49728831090033,23.251041296869516,17.0975508550182,0.0,0.0,0.0,0.0,100.99650345556438,22.888786828145385,16.812400807626545,0.0,0.00046434812247753143,0.004587732255458832,0.0,78.82646393403411,23.251041296869516,17.0975508550182,0.0,0.004254192113876343,0.0,0.0,78.82646393403411,21.70100453682244,16.773243287578225,0.08626839816367178,0.004254192113876343,0.004587732255458832,0.0,78.82646393403411,21.70100453682244,16.773243287578225,0.0965085094794631,0.004254192113876343,0.004587732255458832,0.0,78.82646393403411,21.70100453682244,16.773243287578225,0.0,0.004254192113876343,0.042031168937683105,0.0,85.63202724885195,292866324.0,82.94176472630352,290110756.0,75.92229005880654,292866324.0,75.17181878444214,301368014.0,75.24601061735302,288925586.0,75.17072588670999,288925586.0,58.21385321393609,174037764.0,57.76097844541073,174037764.0,43.25702021922916,174037764.0,42.22400329652565,348020996.0,42.16005157493055,173983232.0,42.176271232776344,173983232.0,0.0,0.0,0.0,0.0,0.0,0.0,0.0,0.0,0.0,0.0,0.0,0.0,0.0,0.0,0.0,0.0,0.0,0.0,0.0,0.0,0.0,0.0,0.0,0.0,1867616.352,1848725.036,0.007633829139173031,0.07084554800279433,1856594.08,1837702.764,0.007241493014618754,0.07080452816113823,1867616.352,1848725.036,0.0009292621146887541,0.06950622526407235,2597556.04,2576827.072,0.0005099073854592786,0.06957877873382066,1851635.272,1850687.136,0.0005126060163602233,0.06956630475223059,1851635.272,1850687.136,0.0005169905535876751,0.06949343797229224,6508
agnews,query2,8,1/4,143.84588046278805,103.49728831090033,427664964.0,466904088.0,0.0,0.0,6508.0,140.70274317171425,100.99650345556438,425568142.0,464148520.0,365.0,17.0,6508.0,119.1793102780357,78.82646393403411,420701085.0,466904088.0,3344.0,17.0,6508.0,117.31569962997925,78.82646393403411,420701085.0,476194070.0,3344.0,17.0,6508.0,117.40320691093802,78.82646393403411,420701085.0,462908818.0,3344.0,17.0,6508.0,117.34699711948633,78.82646393403411,420701085.0,462908818.0,3344.0,17.0,6508.0,103.49728831090033,23.251041296869516,17.0975508550182,0.0,0.0,0.0,0.0,100.99650345556438,22.888786828145385,16.812400807626545,0.0,0.00046434812247753143,0.004587732255458832,0.0,78.82646393403411,23.251041296869516,17.0975508550182,0.0,0.004254192113876343,0.0,0.0,78.82646393403411,21.70100453682244,16.773243287578225,0.006145947175133308,0.004254192113876343,0.004587732255458832,0.0,78.82646393403411,21.70100453682244,16.773243287578225,0.09365322813391685,0.004254192113876343,0.004587732255458832,0.0,78.82646393403411,21.70100453682244,16.773243287578225,0.0,0.004254192113876343,0.042031168937683105,0.0,85.63202724885195,292866324.0,82.94176472630352,290110756.0,75.92229005880654,292866324.0,75.17181878444214,301368014.0,75.24601061735302,288925586.0,75.17072588670999,288925586.0,58.21385321393609,174037764.0,57.76097844541073,174037764.0,43.25702021922916,174037764.0,42.14388084553711,174826056.0,42.157196293585,173983232.0,42.176271232776344,173983232.0,0.0,0.0,0.0,0.0,0.0,0.0,0.0,0.0,0.0,0.0,0.0,0.0,0.0,0.0,0.0,0.0,0.0,0.0,0.0,0.0,0.0,0.0,0.0,0.0,1867616.352,1848725.036,0.007633829139173031,0.07084554800279433,1856594.08,1837702.764,0.007241493014618754,0.07080452816113823,1867616.352,1848725.036,0.0009292621146887541,0.06950622526407235,1904776.28,1884047.312,0.0005099073854592786,0.06949705383381236,1851635.272,1850551.688,0.0005126060163602233,0.06956339236525814,1851635.272,1850551.688,0.0005169905535876751,0.06949343797229224,6508
agnews,query2,8,1/8,143.84588046278805,103.49728831090033,427664964.0,466904088.0,0.0,0.0,6508.0,140.70274317171425,100.99650345556438,425568142.0,464148520.0,365.0,17.0,6508.0,119.1793102780357,78.82646393403411,420701085.0,466904088.0,3344.0,17.0,6508.0,117.31569962997925,78.82646393403411,420701085.0,476194070.0,3344.0,17.0,6508.0,117.40320691093802,78.82646393403411,420701085.0,462908818.0,3344.0,17.0,6508.0,117.34699711948633,78.82646393403411,420701085.0,462908818.0,3344.0,17.0,6508.0,103.49728831090033,23.251041296869516,17.0975508550182,0.0,0.0,0.0,0.0,100.99650345556438,22.888786828145385,16.812400807626545,0.0,0.00046434812247753143,0.004587732255458832,0.0,78.82646393403411,23.251041296869516,17.0975508550182,0.0,0.004254192113876343,0.0,0.0,78.82646393403411,21.70100453682244,16.773243287578225,0.006145947175133308,0.004254192113876343,0.004587732255458832,0.0,78.82646393403411,21.70100453682244,16.773243287578225,0.09365322813391685,0.004254192113876343,0.004587732255458832,0.0,78.82646393403411,21.70100453682244,16.773243287578225,0.0,0.004254192113876343,0.042031168937683105,0.0,85.63202724885195,292866324.0,82.94176472630352,290110756.0,75.92229005880654,292866324.0,75.17181878444214,301368014.0,75.24601061735302,288925586.0,75.17072588670999,288925586.0,58.21385321393609,174037764.0,57.76097844541073,174037764.0,43.25702021922916,174037764.0,42.14388084553711,174826056.0,42.157196293585,173983232.0,42.176271232776344,173983232.0,0.0,0.0,0.0,0.0,0.0,0.0,0.0,0.0,0.0,0.0,0.0,0.0,0.0,0.0,0.0,0.0,0.0,0.0,0.0,0.0,0.0,0.0,0.0,0.0,1867616.352,1848725.036,0.007633829139173031,0.07084554800279433,1856594.08,1837702.764,0.007241493014618754,0.07080452816113823,1867616.352,1848725.036,0.0009292621146887541,0.06950622526407235,1904776.28,1884047.312,0.0005099073854592786,0.06949705383381236,1851635.272,1850551.688,0.0005126060163602233,0.06956339236525814,1851635.272,1850551.688,0.0005169905535876751,0.06949343797229224,6508
agnews,query3,8,1,1513.2317563416436,234.9808631595224,13502864046.0,15082791680.0,0.0,0.0,4565.0,1469.0265369545668,229.53430232591927,13275951032.0,14805630462.0,198.0,0.0,4565.0,1462.265342433937,184.01232978887856,10573432655.0,15082791680.0,1666.0,0.0,4565.0,1097.823220729007,184.01232978887856,10573432655.0,26486720204.0,1666.0,0.0,4565.0,1091.7428520456888,184.01232978887856,10573432655.0,11681089742.0,1666.0,0.0,4565.0,1090.9923762613907,184.01232978887856,10573432655.0,11681089742.0,1666.0,0.0,4565.0,234.9808631595224,695.5103176599368,582.7405755221844,0.0,0.0,0.0,0.0,229.53430232591927,674.4086352977902,565.0808587502688,0.0,0.00025189295411109924,0.0024886876344680786,0.0,184.01232978887856,695.5103176599368,582.7405755221844,0.0,0.002119462937116623,0.0,0.0,184.01232978887856,493.97910137847066,412.97788546141237,6.84929594967386,0.002119462937116623,0.0024886876344680786,0.0,184.01232978887856,493.97910137847066,412.97788546141237,0.7689272663556039,0.002119462937116623,0.0024886876344680786,0.0,184.01232978887856,493.97910137847066,412.97788546141237,0.0,0.002119462937116623,0.02094016969203949,0.0,622.3600363424048,9484775049.0,621.2689726566896,9484531857.0,609.3781174384058,9484775049.0,551.2803335975684,17754079048.0,547.0282796663232,8269547191.0,546.8995165470988,8269547191.0,890.8717199992388,5598016631.0,847.7575642978773,5321098605.0,852.8872249955311,5598016631.0,546.5428871314386,8732641156.0,544.7145723793656,3411542551.0,544.092859714292,3411542551.0,0.0,0.0,0.0,0.0,0.0,0.0,0.0,0.0,0.0,0.0,0.0,0.0,0.0,0.0,0.0,0.0,0.0,0.0,0.0,0.0,0.0,0.0,0.0,0.0,60331166.72,25314213.152,0.14919286131486298,1.3685268529387185,59222521.848,24527717.244,0.14463165967538952,1.345032620805315,60331166.72,25314213.152,0.13972698620334267,1.3375523158837104,105946880.816,69087527.96,0.04989702376619248,1.120493352930974,46724358.968,46724358.968,0.04900283967517317,1.1145815227549514,46724358.968,46724358.968,0.048850166134536264,1.1142965656766657,4565
agnews,query3,8,1/16,1513.2317563416436,234.9808631595224,13502864046.0,15082791680.0,0.0,0.0,4565.0,1469.0265369545668,229.53430232591927,13275951032.0,14805630462.0,198.0,0.0,4565.0,1466.145668245852,187.89267977233976,11003356314.0,15082791680.0,1647.0,0.0,4565.0,1125.7099796031775,187.89267977233976,11003356314.0,26943846093.0,1647.0,0.0,4565.0,1119.6296109198593,187.89267977233976,11003356314.0,12138215631.0,1647.0,0.0,4565.0,1121.617915308103,188.270348331891,11053078369.0,12190513168.0,1650.0,0.0,4565.0,234.9808631595224,695.5103176599368,582.7405755221844,0.0,0.0,0.0,0.0,229.53430232591927,674.4086352977902,565.0808587502688,0.0,0.00025189295411109924,0.0024886876344680786,0.0,187.89267977233976,695.5103176599368,582.7405755221844,0.0,0.002095291391015053,0.0,0.0,187.89267977233976,507.16404451150447,423.79937539063394,6.84929594967386,0.002095291391015053,0.0024886876344680786,0.0,187.89267977233976,507.16404451150447,423.79937539063394,0.7689272663556039,0.002095291391015053,0.0024886876344680786,0.0,188.270348331891,508.46795036643744,424.85677843820304,0.0,0.002099107950925827,0.020739063620567322,0.0,622.3600363424048,9484775049.0,621.2689726566896,9484531857.0,613.1271356213838,9484775049.0,578.2534154573284,18206038497.0,574.0013615260832,8721506640.0,577.1598690785468,8776797049.0,890.8717199992388,5598016631.0,847.7575642978773,5321098605.0,853.0185326244682,5598016631.0,547.4565641458491,8737807596.0,545.6282493937761,3416708991.0,544.4580462295562,3413716119.0,0.0,0.0,0.0,0.0,0.0,0.0,0.0,0.0,0.0,0.0,0.0,0.0,0.0,0.0,0.0,0.0,0.0,0.0,0.0,0.0,0.0,0.0,0.0,0.0,60331166.72,25314213.152,0.14919286131486298,1.3685268529387185,59222521.848,24527717.244,0.14463165967538952,1.345032620805315,60331166.72,25314213.152,0.1398277340978384,1.3415733647173265,89768418.496,54747071.164,0.05305485042571476,1.1364371707629046,48552862.524,32052130.408,0.052379766666330395,1.130404227778687,31841998.716,31841998.716,0.05168582451529801,1.1301254855083294,4565
agnews,query3,8,1/2,1513.2317563416436,234.9808631595224,13502864046.0,15082791680.0,0.0,0.0,4565.0,1469.0265369545668,229.53430232591927,13275951032.0,14805630462.0,198.0,0.0,4565.0,1462.265342433937,184.01232978887856,10573432655.0,15082791680.0,1666.0,0.0,4565.0,1097.823220729007,184.01232978887856,10573432655.0,26486720204.0,1666.0,0.0,4565.0,1091.7428520456888,184.01232978887856,10573432655.0,11681089742.0,1666.0,0.0,4565.0,1090.9923762613907,184.01232978887856,10573432655.0,11681089742.0,1666.0,0.0,4565.0,234.9808631595224,695.5103176599368,582.7405755221844,0.0,0.0,0.0,0.0,229.53430232591927,674.4086352977902,565.0808587502688,0.0,0.00025189295411109924,0.0024886876344680786,0.0,184.01232978887856,695.5103176599368,582.7405755221844,0.0,0.002119462937116623,0.0,0.0,184.01232978887856,493.97910137847066,412.97788546141237,6.84929594967386,0.002119462937116623,0.0024886876344680786,0.0,184.01232978887856,493.97910137847066,412.97788546141237,0.7689272663556039,0.002119462937116623,0.0024886876344680786,0.0,184.01232978887856,493.97910137847066,412.97788546141237,0.0,0.002119462937116623,0.02094016969203949,0.0,622.3600363424048,9484775049.0,621.2689726566896,9484531857.0,609.3781174384058,9484775049.0,551.2803335975684,17754079048.0,547.0282796663232,8269547191.0,546.8995165470988,8269547191.0,890.8717199992388,5598016631.0,847.7575642978773,5321098605.0,852.8872249955311,5598016631.0,546.5428871314386,8732641156.0,544.7145723793656,3411542551.0,544.092859714292,3411542551.0,0.0,0.0,0.0,0.0,0.0,0.0,0.0,0.0,0.0,0.0,0.0,0.0,0.0,0.0,0.0,0.0,0.0,0.0,0.0,0.0,0.0,0.0,0.0,0.0,60331166.72,25314213.152,0.14919286131486298,1.3685268529387185,59222521.848,24527717.244,0.14463165967538952,1.345032620805315,60331166.72,25314213.152,0.13972698620334267,1.3375523158837104,105946880.816,69087527.96,0.04989702376619248,1.120493352930974,46724358.968,46724358.968,0.04900283967517317,1.1145815227549514,46724358.968,46724358.968,0.048850166134536264,1.1142965656766657,4565
agnews,query3,8,1/4,1513.2317563416436,234.9808631595224,13502864046.0,15082791680.0,0.0,0.0,4565.0,1469.0265369545668,229.53430232591927,13275951032.0,14805630462.0,198.0,0.0,4565.0,1462.265342433937,184.01232978887856,10573432655.0,15082791680.0,1666.0,0.0,4565.0,1097.823220729007,184.01232978887856,10573432655.0,26486720204.0,1666.0,0.0,4565.0,1091.7428520456888,184.01232978887856,10573432655.0,11681089742.0,1666.0,0.0,4565.0,1090.9923762613907,184.01232978887856,10573432655.0,11681089742.0,1666.0,0.0,4565.0,234.9808631595224,695.5103176599368,582.7405755221844,0.0,0.0,0.0,0.0,229.53430232591927,674.4086352977902,565.0808587502688,0.0,0.00025189295411109924,0.0024886876344680786,0.0,184.01232978887856,695.5103176599368,582.7405755221844,0.0,0.002119462937116623,0.0,0.0,184.01232978887856,493.97910137847066,412.97788546141237,6.84929594967386,0.002119462937116623,0.0024886876344680786,0.0,184.01232978887856,493.97910137847066,412.97788546141237,0.7689272663556039,0.002119462937116623,0.0024886876344680786,0.0,184.01232978887856,493.97910137847066,412.97788546141237,0.0,0.002119462937116623,0.02094016969203949,0.0,622.3600363424048,9484775049.0,621.2689726566896,9484531857.0,609.3781174384058,9484775049.0,551.2803335975684,17754079048.0,547.0282796663232,8269547191.0,546.8995165470988,8269547191.0,890.8717199992388,5598016631.0,847.7575642978773,5321098605.0,852.8872249955311,5598016631.0,546.5428871314386,8732641156.0,544.7145723793656,3411542551.0,544.092859714292,3411542551.0,0.0,0.0,0.0,0.0,0.0,0.0,0.0,0.0,0.0,0.0,0.0,0.0,0.0,0.0,0.0,0.0,0.0,0.0,0.0,0.0,0.0,0.0,0.0,0.0,60331166.72,25314213.152,0.14919286131486298,1.3685268529387185,59222521.848,24527717.244,0.14463165967538952,1.345032620805315,60331166.72,25314213.152,0.13972698620334267,1.3375523158837104,105779542.348,68920189.492,0.04989702376619248,1.120493352930974,46724358.968,46565691.352,0.04900283967517317,1.1145815227549514,46565691.352,46565691.352,0.048850166134536264,1.1142965656766657,4565
agnews,query3,8,1/8,1513.2317563416436,234.9808631595224,13502864046.0,15082791680.0,0.0,0.0,4565.0,1469.0265369545668,229.53430232591927,13275951032.0,14805630462.0,198.0,0.0,4565.0,1462.265342433937,184.01232978887856,10573432655.0,15082791680.0,1666.0,0.0,4565.0,1097.823220729007,184.01232978887856,10573432655.0,26486720204.0,1666.0,0.0,4565.0,1091.7428520456888,184.01232978887856,10573432655.0,11681089742.0,1666.0,0.0,4565.0,1090.9923762613907,184.01232978887856,10573432655.0,11681089742.0,1666.0,0.0,4565.0,234.9808631595224,695.5103176599368,582.7405755221844,0.0,0.0,0.0,0.0,229.53430232591927,674.4086352977902,565.0808587502688,0.0,0.00025189295411109924,0.0024886876344680786,0.0,184.01232978887856,695.5103176599368,582.7405755221844,0.0,0.002119462937116623,0.0,0.0,184.01232978887856,493.97910137847066,412.97788546141237,6.84929594967386,0.002119462937116623,0.0024886876344680786,0.0,184.01232978887856,493.97910137847066,412.97788546141237,0.7689272663556039,0.002119462937116623,0.0024886876344680786,0.0,184.01232978887856,493.97910137847066,412.97788546141237,0.0,0.002119462937116623,0.02094016969203949,0.0,622.3600363424048,9484775049.0,621.2689726566896,9484531857.0,609.3781174384058,9484775049.0,551.2803335975684,17754079048.0,547.0282796663232,8269547191.0,546.8995165470988,8269547191.0,890.8717199992388,5598016631.0,847.7575642978773,5321098605.0,852.8872249955311,5598016631.0,546.5428871314386,8732641156.0,544.7145723793656,3411542551.0,544.092859714292,3411542551.0,0.0,0.0,0.0,0.0,0.0,0.0,0.0,0.0,0.0,0.0,0.0,0.0,0.0,0.0,0.0,0.0,0.0,0.0,0.0,0.0,0.0,0.0,0.0,0.0,60331166.72,25314213.152,0.14919286131486298,1.3685268529387185,59222521.848,24527717.244,0.14463165967538952,1.345032620805315,60331166.72,25314213.152,0.13972698620334267,1.3375523158837104,100468489.868,64433663.576,0.04989702376619248,1.120493352930974,46724358.968,42111930.592,0.04900283967517317,1.1145815227549514,42099728.4,42099728.4,0.048850166134536264,1.1142965656766657,4565
agnews,query4,8,1,1449.8841907130554,247.71647541876882,15584396377.0,17030702705.0,0.0,0.0,5251.0,1432.3709368491545,242.48200845252723,15524637622.0,16954826934.0,270.0,0.0,5251.0,1403.7584521109238,201.58870259020478,13141718184.0,17030702705.0,1599.0,0.0,5251.0,1174.9131779391923,201.58870259020478,13141718184.0,31249591784.0,1599.0,0.0,5251.0,1167.9219345110469,201.58870259020478,13141718184.0,14294764850.0,1599.0,0.0,5251.0,1167.086337402463,201.58870259020478,13141718184.0,14294764850.0,1599.0,0.0,5251.0,247.71647541876882,655.8772570444271,546.2904582498595,0.0,0.0,0.0,0.0,242.48200845252723,649.3356368215755,540.5495544197038,0.0,0.0003434903919696808,0.0033936649560928345,0.0,201.58870259020478,655.8772570444271,546.2904582498595,0.0,0.002034226432442665,0.0,0.0,201.58870259020478,527.1726283086464,438.3028742391616,7.843544909791054,0.002034226432442665,0.0033936649560928345,0.0,201.58870259020478,527.1726283086464,438.3028742391616,0.8523014816455543,0.002034226432442665,0.0033936649560928345,0.0,201.58870259020478,527.1726283086464,438.3028742391616,0.0,0.002034226432442665,0.020098038017749786,0.0,855.6245108107105,13450466812.0,853.4996453812346,13450466812.0,836.0548647027463,13450466812.0,753.5281150083565,25165169007.0,747.5150292259641,11714702195.0,747.3111921055242,11714702195.0,594.2596799023449,3580235893.0,578.87129146792,3504360122.0,567.7035874081776,3580235893.0,421.38506293083583,6084422777.0,420.40690528508276,2580062655.0,419.7751452969387,2580062655.0,0.0,0.0,0.0,0.0,0.0,0.0,0.0,0.0,0.0,0.0,0.0,0.0,0.0,0.0,0.0,0.0,0.0,0.0,0.0,0.0,0.0,0.0,0.0,0.0,68122810.82,27770777.58,0.09212773186713458,1.3970561999099325,67819307.736,27756313.204,0.0892842372301966,1.39705505293142,68122810.82,27770777.58,0.0828067594897002,1.3757009089870373,124998367.136,82073398.156,0.04547272750119897,1.2275423579064602,57179059.4,57179059.4,0.044869762994349,1.2201100665047762,57179059.4,57179059.4,0.04472667548619211,1.2198245383702215,5251
agnews,query4,8,1/16,1449.8841907130554,247.71647541876882,15584396377.0,17030702705.0,0.0,0.0,5251.0,1432.3709368491545,242.48200845252723,15524637622.0,16954826934.0,270.0,0.0,5251.0,1406.841861885041,204.67213271930814,13479781424.0,17030702705.0,1583.0,0.0,5251.0,1196.5695689917216,204.67213271930814,13479781424.0,31608750588.0,1583.0,0.0,5251.0,1189.578325563576,204.67213271930814,13479781424.0,14653923654.0,1583.0,0.0,5251.0,1188.515464884229,204.63093816768378,13478689702.0,14652590872.0,1585.0,0.0,5251.0,247.71647541876882,655.8772570444271,546.2904582498595,0.0,0.0,0.0,0.0,242.48200845252723,649.3356368215755,540.5495544197038,0.0,0.0003434903919696808,0.0033936649560928345,0.0,204.67213271930814,655.8772570444271,546.2904582498595,0.0,0.002013871446251869,0.0,0.0,204.67213271930814,537.3447606721893,446.70372315403074,7.843544909791054,0.002013871446251869,0.0033936649560928345,0.0,204.67213271930814,537.3447606721893,446.70372315403074,0.8523014816455543,0.002013871446251869,0.0033936649560928345,0.0,204.63093816768378,537.243232560344,446.61935567017645,0.0,0.0020164158195257187,0.01992207020521164,0.0,855.6245108107105,13450466812.0,853.4996453812346,13450466812.0,839.0598180973902,13450466812.0,774.7797919971445,25522171143.0,768.766706214752,12071704331.0,768.5627182647586,12071704331.0,594.2596799023449,3580235893.0,578.87129146792,3504360122.0,567.7820437876508,3580235893.0,421.7897769945771,6086579445.0,420.811619348824,2582219323.0,419.9527466194704,2580886541.0,0.0,0.0,0.0,0.0,0.0,0.0,0.0,0.0,0.0,0.0,0.0,0.0,0.0,0.0,0.0,0.0,0.0,0.0,0.0,0.0,0.0,0.0,0.0,0.0,68122810.82,27770777.58,0.09212773186713458,1.3970561999099325,67819307.736,27756313.204,0.0892842372301966,1.39705505293142,68122810.82,27770777.58,0.082887267395854,1.3759551501771432,100870948.3,60135504.936,0.04613221038413428,1.227924328493023,58615694.616,34891983.352,0.045725998365320264,1.2204896631723265,34898962.252,34898962.252,0.045475410033017395,1.220204135037772,5251
agnews,query4,8,1/2,1449.8841907130554,247.71647541876882,15584396377.0,17030702705.0,0.0,0.0,5251.0,1432.3709368491545,242.48200845252723,15524637622.0,16954826934.0,270.0,0.0,5251.0,1403.7584521109238,201.58870259020478,13141718184.0,17030702705.0,1599.0,0.0,5251.0,1174.9131779391923,201.58870259020478,13141718184.0,31249591784.0,1599.0,0.0,5251.0,1167.9219345110469,201.58870259020478,13141718184.0,14294764850.0,1599.0,0.0,5251.0,1167.086337402463,201.58870259020478,13141718184.0,14294764850.0,1599.0,0.0,5251.0,247.71647541876882,655.8772570444271,546.2904582498595,0.0,0.0,0.0,0.0,242.48200845252723,649.3356368215755,540.5495544197038,0.0,0.0003434903919696808,0.0033936649560928345,0.0,201.58870259020478,655.8772570444271,546.2904582498595,0.0,0.002034226432442665,0.0,0.0,201.58870259020478,527.1726283086464,438.3028742391616,7.843544909791054,0.002034226432442665,0.0033936649560928345,0.0,201.58870259020478,527.1726283086464,438.3028742391616,0.8523014816455543,0.002034226432442665,0.0033936649560928345,0.0,201.58870259020478,527.1726283086464,438.3028742391616,0.0,0.002034226432442665,0.020098038017749786,0.0,855.6245108107105,13450466812.0,853.4996453812346,13450466812.0,836.0548647027463,13450466812.0,753.5281150083565,25165169007.0,747.5150292259641,11714702195.0,747.3111921055242,11714702195.0,594.2596799023449,3580235893.0,578.87129146792,3504360122.0,567.7035874081776,3580235893.0,421.38506293083583,6084422777.0,420.40690528508276,2580062655.0,419.7751452969387,2580062655.0,0.0,0.0,0.0,0.0,0.0,0.0,0.0,0.0,0.0,0.0,0.0,0.0,0.0,0.0,0.0,0.0,0.0,0.0,0.0,0.0,0.0,0.0,0.0,0.0,68122810.82,27770777.58,0.09212773186713458,1.3970561999099325,67819307.736,27756313.204,0.0892842372301966,1.39705505293142,68122810.82,27770777.58,0.0828067594897002,1.3757009089870373,124998367.136,82073398.156,0.04547272750119897,1.2275423579064602,57179059.4,57179059.4,0.044869762994349,1.2201100665047762,57179059.4,57179059.4,0.04472667548619211,1.2198245383702215,5251
agnews,query4,8,1/4,1449.8841907130554,247.71647541876882,15584396377.0,17030702705.0,0.0,0.0,5251.0,1432.3709368491545,242.48200845252723,15524637622.0,16954826934.0,270.0,0.0,5251.0,1403.7584521109238,201.58870259020478,13141718184.0,17030702705.0,1599.0,0.0,5251.0,1174.9131779391923,201.58870259020478,13141718184.0,31249591784.0,1599.0,0.0,5251.0,1167.9219345110469,201.58870259020478,13141718184.0,14294764850.0,1599.0,0.0,5251.0,1167.086337402463,201.58870259020478,13141718184.0,14294764850.0,1599.0,0.0,5251.0,247.71647541876882,655.8772570444271,546.2904582498595,0.0,0.0,0.0,0.0,242.48200845252723,649.3356368215755,540.5495544197038,0.0,0.0003434903919696808,0.0033936649560928345,0.0,201.58870259020478,655.8772570444271,546.2904582498595,0.0,0.002034226432442665,0.0,0.0,201.58870259020478,527.1726283086464,438.3028742391616,7.843544909791054,0.002034226432442665,0.0033936649560928345,0.0,201.58870259020478,527.1726283086464,438.3028742391616,0.8523014816455543,0.002034226432442665,0.0033936649560928345,0.0,201.58870259020478,527.1726283086464,438.3028742391616,0.0,0.002034226432442665,0.020098038017749786,0.0,855.6245108107105,13450466812.0,853.4996453812346,13450466812.0,836.0548647027463,13450466812.0,753.5281150083565,25165169007.0,747.5150292259641,11714702195.0,747.3111921055242,11714702195.0,594.2596799023449,3580235893.0,578.87129146792,3504360122.0,567.7035874081776,3580235893.0,421.38506293083583,6084422777.0,420.40690528508276,2580062655.0,419.7751452969387,2580062655.0,0.0,0.0,0.0,0.0,0.0,0.0,0.0,0.0,0.0,0.0,0.0,0.0,0.0,0.0,0.0,0.0,0.0,0.0,0.0,0.0,0.0,0.0,0.0,0.0,68122810.82,27770777.58,0.09212773186713458,1.3970561999099325,67819307.736,27756313.204,0.0892842372301966,1.39705505293142,68122810.82,27770777.58,0.0828067594897002,1.3757009089870373,124996719.364,82071750.384,0.04547272750119897,1.2275423579064602,57179059.4,57179059.4,0.044869762994349,1.2201100665047762,57153925.196,57153925.196,0.04472667548619211,1.2198245383702215,5251
agnews,query4,8,1/8,1449.8841907130554,247.71647541876882,15584396377.0,17030702705.0,0.0,0.0,5251.0,1432.3709368491545,242.48200845252723,15524637622.0,16954826934.0,270.0,0.0,5251.0,1403.7584521109238,201.58870259020478,13141718184.0,17030702705.0,1599.0,0.0,5251.0,1174.9131779391923,201.58870259020478,13141718184.0,31249591784.0,1599.0,0.0,5251.0,1167.9219345110469,201.58870259020478,13141718184.0,14294764850.0,1599.0,0.0,5251.0,1167.086337402463,201.58870259020478,13141718184.0,14294764850.0,1599.0,0.0,5251.0,247.71647541876882,655.8772570444271,546.2904582498595,0.0,0.0,0.0,0.0,242.48200845252723,649.3356368215755,540.5495544197038,0.0,0.0003434903919696808,0.0033936649560928345,0.0,201.58870259020478,655.8772570444271,546.2904582498595,0.0,0.002034226432442665,0.0,0.0,201.58870259020478,527.1726283086464,438.3028742391616,7.843544909791054,0.002034226432442665,0.0033936649560928345,0.0,201.58870259020478,527.1726283086464,438.3028742391616,0.8523014816455543,0.002034226432442665,0.0033936649560928345,0.0,201.58870259020478,527.1726283086464,438.3028742391616,0.0,0.002034226432442665,0.020098038017749786,0.0,855.6245108107105,13450466812.0,853.4996453812346,13450466812.0,836.0548647027463,13450466812.0,753.5281150083565,25165169007.0,747.5150292259641,11714702195.0,747.3111921055242,11714702195.0,594.2596799023449,3580235893.0,578.87129146792,3504360122.0,567.7035874081776,3580235893.0,421.38506293083583,6084422777.0,420.40690528508276,2580062655.0,419.7751452969387,2580062655.0,0.0,0.0,0.0,0.0,0.0,0.0,0.0,0.0,0.0,0.0,0.0,0.0,0.0,0.0,0.0,0.0,0.0,0.0,0.0,0.0,0.0,0.0,0.0,0.0,68122810.82,27770777.58,0.09212773186713458,1.3970561999099325,67819307.736,27756313.204,0.0892842372301966,1.39705505293142,68122810.82,27770777.58,0.0828067594897002,1.3757009089870373,120101512.8,77910895.26,0.04547272750119897,1.2275423579064602,57179059.4,52765882.888,0.044869762994349,1.2201100665047762,52767530.66,52767530.66,0.04472667548619211,1.2198245383702215,5251
bookreview,query1,8,1,69.43776735663414,14.656540569849312,501306623.0,556774514.0,0.0,0.0,8781.0,66.69205449614674,14.064683120697737,467774102.0,521124977.0,504.0,0.0,8781.0,62.370703467167914,7.584464265033603,272742106.0,556774514.0,3940.0,0.0,8781.0,33.365869505851364,7.584464265033603,272742106.0,816420619.0,3940.0,0.0,8781.0,34.59126215334982,7.584464265033603,272742106.0,295295642.0,3940.0,0.0,8781.0,33.16797718312591,7.584464265033603,272742106.0,295295642.0,3940.0,0.0,8781.0,14.656540569849312,30.639432194642723,24.141794592142105,0.0,0.0,0.0,0.0,14.064683120697737,29.445444316603243,23.174951035529375,0.0,0.0006411820650100708,0.006334841251373291,0.0,7.584464265033603,30.639432194642723,24.141794592142105,0.0,0.00501241534948349,0.0,0.0,7.584464265033603,14.497161510400474,11.031816622242332,0.2410798515741034,0.00501241534948349,0.006334841251373291,0.0,7.584464265033603,14.497161510400474,11.031816622242332,1.4664724990725517,0.00501241534948349,0.006334841251373291,0.0,7.584464265033603,14.497161510400474,11.031816622242332,0.0,0.00501241534948349,0.04952237010002136,0.0,0.0,0.0,0.0,0.0,0.0,0.0,0.0,0.0,0.0,0.0,0.0,0.0,52.08540091384202,313805523.0,51.22813023813069,309544089.0,47.01419608108699,313805523.0,22.994285732989965,468586191.0,23.43841759255156,159042102.0,22.872152080759406,159042102.0,17.352366442792118,242968991.0,15.46392425801605,211580888.0,15.35650738608092,242968991.0,10.3715837728614,347834428.0,11.152844560798258,136253540.0,10.295825102366507,136253540.0,0.0,0.0,0.0,0.0,0.0,0.0,0.0,0.0,0.0,0.0,0.0,0.0,2227098.056,561930.34,0.004537502694875002,0.025132567272894084,2084499.908,506640.236,0.004290623594075441,0.02513077039774507,2227098.056,561930.34,0.004080582836642861,0.023599887672998008,3265682.476,1566859.968,0.001885287227907366,0.01820340406510651,1181182.568,1181182.568,0.0020472310008481146,0.018424537688773116,1181182.568,1181182.568,0.001861274801194668,0.018148660405166443,8781
bookreview,query1,8,1/16,69.43776735663414,14.656540569849312,501306623.0,556774514.0,0.0,0.0,8781.0,66.69205449614674,14.064683120697737,467774102.0,521124977.0,504.0,68.0,8781.0,62.50945795048028,7.723255641758442,292292108.0,556774514.0,3911.0,68.0,8781.0,34.49493775532016,7.723255641758442,292292108.0,755245161.0,3911.0,68.0,8781.0,35.73877158854157,7.723255641758442,292292108.0,315953152.0,3911.0,68.0,8781.0,34.87105068657547,7.822022232227027,293891738.0,318040881.0,3867.0,85.0,8781.0,14.656540569849312,30.639432194642723,24.141794592142105,0.0,0.0,0.0,0.0,14.064683120697737,29.445444316603243,23.174951035529375,0.0,0.0006411820650100708,0.006334841251373291,0.0,7.723255641758442,30.639432194642723,24.141794592142105,0.0,0.004975521937012672,0.0,0.0,7.723255641758442,15.07556186709553,11.481587130576372,0.20322275270143056,0.004975521937012672,0.006334841251373291,0.0,7.723255641758442,15.07556186709553,11.481587130576372,1.4470565859228373,0.004975521937012672,0.006334841251373291,0.0,7.822022232227027,15.315692009404302,11.679812075570226,0.0,0.004919545724987984,0.048604823648929596,0.0,0.0,0.0,0.0,0.0,0.0,0.0,0.0,0.0,0.0,0.0,0.0,0.0,52.08540091384202,313805523.0,51.22813023813069,309544089.0,47.144860808737576,313805523.0,24.089469158205137,406485116.0,24.55204220348969,178773995.0,24.524129974655807,181197693.0,17.352366442792118,242968991.0,15.46392425801605,211580888.0,15.364597141742706,242968991.0,10.40546859711502,348760045.0,11.186729385051876,137179157.0,10.346920711919665,136843188.0,0.0,0.0,0.0,0.0,0.0,0.0,0.0,0.0,0.0,0.0,0.0,0.0,2227098.056,561930.34,0.004537502694875002,0.025132567272894084,2084499.908,506640.236,0.004290623594075441,0.02513077039774507,2227098.056,561930.34,0.004080582836642861,0.02361559153012931,2694425.892,1093750.884,0.0018908988192416955,0.018539462504091178,1263812.608,824162.128,0.00205292356479913,0.018763431278802447,971418.86,816041.36,0.001878630332648754,0.018511835458688432,8781
bookreview,query1,8,1/2,69.43776735663414,14.656540569849312,501306623.0,556774514.0,0.0,0.0,8781.0,66.69205449614674,14.064683120697737,467774102.0,521124977.0,504.0,0.0,8781.0,62.370703467167914,7.584464265033603,272742106.0,556774514.0,3940.0,0.0,8781.0,33.365869505851364,7.584464265033603,272742106.0,816420619.0,3940.0,0.0,8781.0,34.59126215334982,7.584464265033603,272742106.0,295295642.0,3940.0,0.0,8781.0,33.16797718312591,7.584464265033603,272742106.0,295295642.0,3940.0,0.0,8781.0,14.656540569849312,30.639432194642723,24.141794592142105,0.0,0.0,0.0,0.0,14.064683120697737,29.445444316603243,23.174951035529375,0.0,0.0006411820650100708,0.006334841251373291,0.0,7.584464265033603,30.639432194642723,24.141794592142105,0.0,0.00501241534948349,0.0,0.0,7.584464265033603,14.497161510400474,11.031816622242332,0.2410798515741034,0.00501241534948349,0.006334841251373291,0.0,7.584464265033603,14.497161510400474,11.031816622242332,1.4664724990725517,0.00501241534948349,0.006334841251373291,0.0,7.584464265033603,14.497161510400474,11.031816622242332,0.0,0.00501241534948349,0.04952237010002136,0.0,0.0,0.0,0.0,0.0,0.0,0.0,0.0,0.0,0.0,0.0,0.0,0.0,52.08540091384202,313805523.0,51.22813023813069,309544089.0,47.01419608108699,313805523.0,22.994285732989965,468586191.0,23.43841759255156,159042102.0,22.872152080759406,159042102.0,17.352366442792118,242968991.0,15.46392425801605,211580888.0,15.35650738608092,242968991.0,10.3715837728614,347834428.0,11.152844560798258,136253540.0,10.295825102366507,136253540.0,0.0,0.0,0.0,0.0,0.0,0.0,0.0,0.0,0.0,0.0,0.0,0.0,2227098.056,561930.34,0.004537502694875002,0.025132567272894084,2084499.908,506640.236,0.004290623594075441,0.02513077039774507,2227098.056,561930.34,0.004080582836642861,0.023599887672998008,3265682.476,1566859.968,0.001885287227907366,0.01820340406510651,1181182.568,1181182.568,0.0020472310008481146,0.018424537688773116,1181182.568,1181182.568,0.001861274801194668,0.018148660405166443,8781
bookreview,query1,8,1/4,69.43776735663414,14.656540569849312,501306623.0,556774514.0,0.0,0.0,8781.0,66.69205449614674,14.064683120697737,467774102.0,521124977.0,504.0,0.0,8781.0,62.370703467167914,7.584464265033603,272742106.0,556774514.0,3940.0,0.0,8781.0,33.365869505851364,7.584464265033603,272742106.0,816420619.0,3940.0,0.0,8781.0,34.59126215334982,7.584464265033603,272742106.0,295295642.0,3940.0,0.0,8781.0,33.16797718312591,7.584464265033603,272742106.0,295295642.0,3940.0,0.0,8781.0,14.656540569849312,30.639432194642723,24.141794592142105,0.0,0.0,0.0,0.0,14.064683120697737,29.445444316603243,23.174951035529375,0.0,0.0006411820650100708,0.006334841251373291,0.0,7.584464265033603,30.639432194642723,24.141794592142105,0.0,0.00501241534948349,0.0,0.0,7.584464265033603,14.497161510400474,11.031816622242332,0.2410798515741034,0.00501241534948349,0.006334841251373291,0.0,7.584464265033603,14.497161510400474,11.031816622242332,1.4664724990725517,0.00501241534948349,0.006334841251373291,0.0,7.584464265033603,14.497161510400474,11.031816622242332,0.0,0.00501241534948349,0.04952237010002136,0.0,0.0,0.0,0.0,0.0,0.0,0.0,0.0,0.0,0.0,0.0,0.0,0.0,52.08540091384202,313805523.0,51.22813023813069,309544089.0,47.01419608108699,313805523.0,22.994285732989965,468586191.0,23.43841759255156,159042102.0,22.872152080759406,159042102.0,17.352366442792118,242968991.0,15.46392425801605,211580888.0,15.35650738608092,242968991.0,10.3715837728614,347834428.0,11.152844560798258,136253540.0,10.295825102366507,136253540.0,0.0,0.0,0.0,0.0,0.0,0.0,0.0,0.0,0.0,0.0,0.0,0.0,2227098.056,561930.34,0.004537502694875002,0.025132567272894084,2084499.908,506640.236,0.004290623594075441,0.02513077039774507,2227098.056,561930.34,0.004080582836642861,0.023599887672998008,3249611.336,1560464.664,0.001885287227907366,0.01820340406510651,1181182.568,1172814.372,0.0020472310008481146,0.018424537688773116,1172265.712,1172265.712,0.001861274801194668,0.018148660405166443,8781
bookreview,query1,8,1/8,69.43776735663414,14.656540569849312,501306623.0,556774514.0,0.0,0.0,8781.0,66.69205449614674,14.064683120697737,467774102.0,521124977.0,504.0,0.0,8781.0,62.40857124142349,7.622346033342183,277495951.0,556774514.0,3929.0,0.0,8781.0,33.660093490554786,7.622346033342183,277495951.0,821430374.0,3929.0,0.0,8781.0,34.88548613805324,7.622346033342183,277495951.0,300305397.0,3929.0,0.0,8781.0,33.72512572724372,7.6664788676425815,280737464.0,303773454.0,3912.0,7.0,8781.0,14.656540569849312,30.639432194642723,24.141794592142105,0.0,0.0,0.0,0.0,14.064683120697737,29.445444316603243,23.174951035529375,0.0,0.0006411820650100708,0.006334841251373291,0.0,7.622346033342183,30.639432194642723,24.141794592142105,0.0,0.004998421296477318,0.0,0.0,7.622346033342183,14.642278572544456,11.143055770546198,0.2410798515741034,0.004998421296477318,0.006334841251373291,0.0,7.622346033342183,14.642278572544456,11.143055770546198,1.4664724990725517,0.004998421296477318,0.006334841251373291,0.0,7.6664788676425815,14.764269854873419,11.240229776129127,0.0,0.004976794123649597,0.04917043447494507,0.0,0.0,0.0,0.0,0.0,0.0,0.0,0.0,0.0,0.0,0.0,0.0,0.0,52.08540091384202,313805523.0,51.22813023813069,309544089.0,47.05004324298352,313805523.0,23.282322094326673,473515926.0,23.726453953888267,163971837.0,23.370361811481416,165871449.0,17.352366442792118,242968991.0,15.46392425801605,211580888.0,15.358527998439968,242968991.0,10.377771396228114,347914448.0,11.159032184164971,136333560.0,10.354763915762305,137902005.0,0.0,0.0,0.0,0.0,0.0,0.0,0.0,0.0,0.0,0.0,0.0,0.0,2227098.056,561930.34,0.004537502694875002,0.025132567272894084,2084499.908,506640.236,0.004290623594075441,0.02513077039774507,2227098.056,561930.34,0.004080582836642861,0.023601119041629134,3007642.092,1402894.112,0.0018877029780830805,0.018297117182194764,1201221.588,985750.984,0.002049646751023829,0.018519259693939232,987038.996,976589.376,0.001866178620606661,0.018274752963334313,8781
bookreview,query2,8,1,34.50613748282194,12.4385737311095,247363093.0,252966079.0,0.0,0.0,8198.0,32.37560031656176,11.882166032679379,234742419.0,238980132.0,408.0,0.0,8198.0,30.97629505675286,8.905842169187963,186744178.0,252966079.0,2271.0,0.0,8198.0,22.812701243632933,8.905842169187963,186744178.0,426798689.0,2271.0,0.0,8198.0,23.677224203478545,8.905842169187963,186744178.0,187818557.0,2271.0,0.0,8198.0,22.725561912171543,8.905842169187963,186744178.0,187818557.0,2271.0,0.0,8198.0,12.4385737311095,13.454076034016907,8.613487717695534,0.0,0.0,0.0,0.0,11.882166032679379,12.55644059740007,7.931346429511905,0.0,0.0005190521478652954,0.005128204822540283,0.0,8.905842169187963,13.454076034016907,8.613487717695534,0.0,0.002889135852456093,0.0,0.0,8.905842169187963,8.582328089512885,5.205958024598658,0.11055561965842912,0.002889135852456093,0.005128204822540283,0.0,8.905842169187963,8.582328089512885,5.205958024598658,0.9750785795040429,0.002889135852456093,0.005128204822540283,0.0,8.905842169187963,8.582328089512885,5.205958024598658,0.0,0.002889135852456093,0.02854449301958084,0.0,0.0,0.0,0.0,0.0,0.0,0.0,0.0,0.0,0.0,0.0,0.0,0.0,21.213358744978905,76238131.0,19.909703068435192,70327677.0,18.956483798101544,76238131.0,12.544350233722088,112071036.0,12.706260306295007,41743359.0,12.522725651040673,41743359.0,13.292778737843037,176727948.0,12.465897248126566,168652455.0,12.019811258651316,176727948.0,10.268351009910843,314727653.0,10.970963897183537,146075198.0,10.20283626113087,146075198.0,0.0,0.0,0.0,0.0,0.0,0.0,0.0,0.0,0.0,0.0,0.0,0.0,1011864.316,335039.752,0.0027008015885949133,0.014894622303731736,955920.528,320699.94,0.002641461255028844,0.01480929667744785,1011864.316,335039.752,0.002454864289611578,0.013552242421731349,1707194.756,965379.244,0.0022297232427771494,0.009463832174263302,751274.228,751274.228,0.002287698403932154,0.009636030945088709,751274.228,751274.228,0.002223782427608967,0.00940436930749565,8198
bookreview,query2,8,1/16,34.50613748282194,12.4385737311095,247363093.0,252966079.0,0.0,0.0,8198.0,32.37560031656176,11.882166032679379,234742419.0,238980132.0,408.0,0.0,8198.0,30.979468199424446,8.909019128419459,186876667.0,252966079.0,2268.0,0.0,8198.0,22.821426237659058,8.909019128419459,186876667.0,426934144.0,2268.0,0.0,8198.0,23.68594919750467,8.909019128419459,186876667.0,187954012.0,2268.0,0.0,8198.0,22.97725150641054,8.969448370859027,188264064.0,189461279.0,2229.0,33.0,8198.0,12.4385737311095,13.454076034016907,8.613487717695534,0.0,0.0,0.0,0.0,11.882166032679379,12.55644059740007,7.931346429511905,0.0,0.0005190521478652954,0.005128204822540283,0.0,8.909019128419459,13.454076034016907,8.613487717695534,0.0,0.0028853192925453186,0.0,0.0,8.909019128419459,8.58561528660357,5.208222678862512,0.11055561965842912,0.0028853192925453186,0.005128204822540283,0.0,8.909019128419459,8.58561528660357,5.208222678862512,0.9750785795040429,0.0028853192925453186,0.005128204822540283,0.0,8.969448370859027,8.690991196781397,5.285959645174444,0.0,0.0028357040137052536,0.0280165895819664,0.0,0.0,0.0,0.0,0.0,0.0,0.0,0.0,0.0,0.0,0.0,0.0,0.0,21.213358744978905,76238131.0,19.909703068435192,70327677.0,18.956483798101544,76238131.0,12.544350233722088,112071036.0,12.706260306295007,41743359.0,12.70901568327099,42555576.0,13.292778737843037,176727948.0,12.465897248126566,168652455.0,12.022984401322901,176727948.0,10.277076003936967,314863108.0,10.979688891209662,146210653.0,10.268235823139548,146905703.0,0.0,0.0,0.0,0.0,0.0,0.0,0.0,0.0,0.0,0.0,0.0,0.0,1011864.316,335039.752,0.0027008015885949133,0.014894622303731736,955920.528,320699.94,0.002641461255028844,0.01480929667744785,1011864.316,335039.752,0.0024552344121038915,0.013552242421731349,1510095.5,844782.324,0.002229936514656851,0.009463832174263302,751816.048,602185.044,0.00228833847399801,0.009636030945088709,593944.208,593934.644,0.0022292785849422217,0.00952871899772435,8198
bookreview,query2,8,1/2,34.50613748282194,12.4385737311095,247363093.0,252966079.0,0.0,0.0,8198.0,32.37560031656176,11.882166032679379,234742419.0,238980132.0,408.0,0.0,8198.0,30.97629505675286,8.905842169187963,186744178.0,252966079.0,2271.0,0.0,8198.0,22.812701243632933,8.905842169187963,186744178.0,426798689.0,2271.0,0.0,8198.0,23.677224203478545,8.905842169187963,186744178.0,187818557.0,2271.0,0.0,8198.0,22.725561912171543,8.905842169187963,186744178.0,187818557.0,2271.0,0.0,8198.0,12.4385737311095,13.454076034016907,8.613487717695534,0.0,0.0,0.0,0.0,11.882166032679379,12.55644059740007,7.931346429511905,0.0,0.0005190521478652954,0.005128204822540283,0.0,8.905842169187963,13.454076034016907,8.613487717695534,0.0,0.002889135852456093,0.0,0.0,8.905842169187963,8.582328089512885,5.205958024598658,0.11055561965842912,0.002889135852456093,0.005128204822540283,0.0,8.905842169187963,8.582328089512885,5.205958024598658,0.9750785795040429,0.002889135852456093,0.005128204822540283,0.0,8.905842169187963,8.582328089512885,5.205958024598658,0.0,0.002889135852456093,0.02854449301958084,0.0,0.0,0.0,0.0,0.0,0.0,0.0,0.0,0.0,0.0,0.0,0.0,0.0,21.213358744978905,76238131.0,19.909703068435192,70327677.0,18.956483798101544,76238131.0,12.544350233722088,112071036.0,12.706260306295007,41743359.0,12.522725651040673,41743359.0,13.292778737843037,176727948.0,12.465897248126566,168652455.0,12.019811258651316,176727948.0,10.268351009910843,314727653.0,10.970963897183537,146075198.0,10.20283626113087,146075198.0,0.0,0.0,0.0,0.0,0.0,0.0,0.0,0.0,0.0,0.0,0.0,0.0,1011864.316,335039.752,0.0027008015885949133,0.014894622303731736,955920.528,320699.94,0.002641461255028844,0.01480929667744785,1011864.316,335039.752,0.002454864289611578,0.013552242421731349,1707194.756,965379.244,0.0022297232427771494,0.009463832174263302,751274.228,751274.228,0.002287698403932154,0.009636030945088709,751274.228,751274.228,0.002223782427608967,0.00940436930749565,8198
bookreview,query2,8,1/4,34.50613748282194,12.4385737311095,247363093.0,252966079.0,0.0,0.0,8198.0,32.37560031656176,11.882166032679379,234742419.0,238980132.0,408.0,0.0,8198.0,30.97629505675286,8.905842169187963,186744178.0,252966079.0,2271.0,0.0,8198.0,22.812701243632933,8.905842169187963,186744178.0,426798689.0,2271.0,0.0,8198.0,23.677224203478545,8.905842169187963,186744178.0,187818557.0,2271.0,0.0,8198.0,22.725561912171543,8.905842169187963,186744178.0,187818557.0,2271.0,0.0,8198.0,12.4385737311095,13.454076034016907,8.613487717695534,0.0,0.0,0.0,0.0,11.882166032679379,12.55644059740007,7.931346429511905,0.0,0.0005190521478652954,0.005128204822540283,0.0,8.905842169187963,13.454076034016907,8.613487717695534,0.0,0.002889135852456093,0.0,0.0,8.905842169187963,8.582328089512885,5.205958024598658,0.11055561965842912,0.002889135852456093,0.005128204822540283,0.0,8.905842169187963,8.582328089512885,5.205958024598658,0.9750785795040429,0.002889135852456093,0.005128204822540283,0.0,8.905842169187963,8.582328089512885,5.205958024598658,0.0,0.002889135852456093,0.02854449301958084,0.0,0.0,0.0,0.0,0.0,0.0,0.0,0.0,0.0,0.0,0.0,0.0,0.0,21.213358744978905,76238131.0,19.909703068435192,70327677.0,18.956483798101544,76238131.0,12.544350233722088,112071036.0,12.706260306295007,41743359.0,12.522725651040673,41743359.0,13.292778737843037,176727948.0,12.465897248126566,168652455.0,12.019811258651316,176727948.0,10.268351009910843,314727653.0,10.970963897183537,146075198.0,10.20283626113087,146075198.0,0.0,0.0,0.0,0.0,0.0,0.0,0.0,0.0,0.0,0.0,0.0,0.0,1011864.316,335039.752,0.0027008015885949133,0.014894622303731736,955920.528,320699.94,0.002641461255028844,0.01480929667744785,1011864.316,335039.752,0.002454864289611578,0.013552242421731349,1707194.756,965379.244,0.0022297232427771494,0.009463832174263302,751274.228,751274.228,0.002287698403932154,0.009636030945088709,751274.228,751274.228,0.002223782427608967,0.00940436930749565,8198
bookreview,query2,8,1/8,34.50613748282194,12.4385737311095,247363093.0,252966079.0,0.0,0.0,8198.0,32.37560031656176,11.882166032679379,234742419.0,238980132.0,408.0,0.0,8198.0,30.97629505675286,8.905842169187963,186744178.0,252966079.0,2271.0,0.0,8198.0,22.812701243632933,8.905842169187963,186744178.0,426798689.0,2271.0,0.0,8198.0,23.677224203478545,8.905842169187963,186744178.0,187818557.0,2271.0,0.0,8198.0,22.725561912171543,8.905842169187963,186744178.0,187818557.0,2271.0,0.0,8198.0,12.4385737311095,13.454076034016907,8.613487717695534,0.0,0.0,0.0,0.0,11.882166032679379,12.55644059740007,7.931346429511905,0.0,0.0005190521478652954,0.005128204822540283,0.0,8.905842169187963,13.454076034016907,8.613487717695534,0.0,0.002889135852456093,0.0,0.0,8.905842169187963,8.582328089512885,5.205958024598658,0.11055561965842912,0.002889135852456093,0.005128204822540283,0.0,8.905842169187963,8.582328089512885,5.205958024598658,0.9750785795040429,0.002889135852456093,0.005128204822540283,0.0,8.905842169187963,8.582328089512885,5.205958024598658,0.0,0.002889135852456093,0.02854449301958084,0.0,0.0,0.0,0.0,0.0,0.0,0.0,0.0,0.0,0.0,0.0,0.0,0.0,21.213358744978905,76238131.0,19.909703068435192,70327677.0,18.956483798101544,76238131.0,12.544350233722088,112071036.0,12.706260306295007,41743359.0,12.522725651040673,41743359.0,13.292778737843037,176727948.0,12.465897248126566,168652455.0,12.019811258651316,176727948.0,10.268351009910843,314727653.0,10.970963897183537,146075198.0,10.20283626113087,146075198.0,0.0,0.0,0.0,0.0,0.0,0.0,0.0,0.0,0.0,0.0,0.0,0.0,1011864.316,335039.752,0.0027008015885949133,0.014894622303731736,955920.528,320699.94,0.002641461255028844,0.01480929667744785,1011864.316,335039.752,0.002454864289611578,0.013552242421731349,1688036.94,959098.428,0.0022297232427771494,0.009463832174263302,751274.228,737460.164,0.002287698403932154,0.009636030945088709,737153.736,737153.736,0.002223782427608967,0.00940436930749565,8198
bookreview,query3,8,1,25.368102541193366,9.707435496151447,133843218.0,136085610.0,0.0,0.0,6816.0,24.34264838322997,9.219984462484717,130008614.0,133227553.0,466.0,0.0,6816.0,22.361170832067728,6.6975243259221315,105053731.0,136085610.0,2342.0,0.0,6816.0,17.7377238960953,6.6975243259221315,105053731.0,240483882.0,2342.0,0.0,6816.0,18.340800425969064,6.6975243259221315,105053731.0,107256329.0,2342.0,0.0,6816.0,17.69967061560601,6.6975243259221315,105053731.0,107256329.0,2342.0,0.0,6816.0,9.707435496151447,9.806121729314327,5.8545453157275915,0.0,0.0,0.0,0.0,9.219984462484717,9.412381337955594,5.703832529485226,0.0,0.0005928389728069305,0.005857214331626892,0.0,6.6975243259221315,9.806121729314327,5.8545453157275915,0.0,0.0029794611036777496,0.0,0.0,6.6975243259221315,6.852493195794523,4.117236731573939,0.06163296736940127,0.0029794611036777496,0.005857214331626892,0.0,6.6975243259221315,6.852493195794523,4.117236731573939,0.664709497243166,0.0029794611036777496,0.005857214331626892,0.0,6.6975243259221315,6.852493195794523,4.117236731573939,0.0,0.0029794611036777496,0.029436901211738586,0.0,0.0,0.0,0.0,0.0,0.0,0.0,0.0,0.0,0.0,0.0,0.0,0.0,18.40221579745412,84046373.0,17.96434394456446,82568585.0,16.584694124758244,84046373.0,12.920815158794268,144592399.0,13.305199392139912,62023814.0,12.893314082175493,62023814.0,6.965886743739247,52039237.0,6.378304438665509,50658968.0,5.7764767073094845,52039237.0,4.8169087373010315,95891483.0,5.035601033829153,45232515.0,4.806356533430517,45232515.0,0.0,0.0,0.0,0.0,0.0,0.0,0.0,0.0,0.0,0.0,0.0,0.0,544342.44,247110.076,0.0020804176703095438,0.011309656268171963,532910.212,244821.284,0.0020554902367293836,0.011309119569882748,544342.44,247110.076,0.001940581277012825,0.010840916843153532,961935.528,611782.52,0.0014208548211361337,0.009917390525616389,429025.316,429025.316,0.0014914260003715753,0.0101421250780113,429025.316,429025.316,0.0014198390990495682,0.009885811848752197,6816
bookreview,query3,8,1/16,25.368102541193366,9.707435496151447,133843218.0,136085610.0,0.0,0.0,6816.0,24.34264838322997,9.219984462484717,130008614.0,133227553.0,466.0,43.0,6816.0,22.368692223913968,6.705048262141645,106447361.0,136085610.0,2340.0,43.0,6816.0,17.759258309473008,6.705048262141645,106447361.0,207034904.0,2340.0,43.0,6816.0,18.366185071412474,6.705048262141645,106447361.0,108669963.0,2340.0,43.0,6816.0,17.772901087999344,6.710584577172995,106640221.0,108898697.0,2337.0,43.0,6816.0,9.707435496151447,9.806121729314327,5.8545453157275915,0.0,0.0,0.0,0.0,9.219984462484717,9.412381337955594,5.703832529485226,0.0,0.0005928389728069305,0.005857214331626892,0.0,6.705048262141645,9.806121729314327,5.8545453157275915,0.0,0.0029769167304039,0.0,0.0,6.705048262141645,6.8697046441957355,4.130166246555746,0.04550502551785276,0.0029769167304039,0.005857214331626892,0.0,6.705048262141645,6.8697046441957355,4.130166246555746,0.6524317874573171,0.0029769167304039,0.005857214331626892,0.0,6.710584577172995,6.886814441531897,4.143154913559556,0.0,0.002973100170493126,0.029374055564403534,0.0,0.0,0.0,0.0,0.0,0.0,0.0,0.0,0.0,0.0,0.0,0.0,0.0,18.40221579745412,84046373.0,17.96434394456446,82568585.0,16.584694124758244,84046373.0,12.91580466041406,133761565.0,13.30262963892892,62023814.0,12.922808676958084,62216831.0,6.965886743739247,52039237.0,6.378304438665509,50658968.0,5.783998099155724,52039237.0,4.843453649058948,73273339.0,5.063555432483554,46646149.0,4.85009241104126,46681866.0,0.0,0.0,0.0,0.0,0.0,0.0,0.0,0.0,0.0,0.0,0.0,0.0,544342.44,247110.076,0.0020804176703095438,0.011309656268171963,532910.212,244821.284,0.0020554902367293836,0.011309119569882748,544342.44,247110.076,0.001940581277012825,0.01084214222375303,759274.98,453212.616,0.001420982049113052,0.00993568790853481,434679.852,348637.664,0.0014915532283484936,0.010161255761422213,374056.876,347281.748,0.0014200728628784417,0.0099199380736798,6816
bookreview,query3,8,1/2,25.368102541193366,9.707435496151447,133843218.0,136085610.0,0.0,0.0,6816.0,24.34264838322997,9.219984462484717,130008614.0,133227553.0,466.0,0.0,6816.0,22.361170832067728,6.6975243259221315,105053731.0,136085610.0,2342.0,0.0,6816.0,17.7377238960953,6.6975243259221315,105053731.0,240483882.0,2342.0,0.0,6816.0,18.340800425969064,6.6975243259221315,105053731.0,107256329.0,2342.0,0.0,6816.0,17.69967061560601,6.6975243259221315,105053731.0,107256329.0,2342.0,0.0,6816.0,9.707435496151447,9.806121729314327,5.8545453157275915,0.0,0.0,0.0,0.0,9.219984462484717,9.412381337955594,5.703832529485226,0.0,0.0005928389728069305,0.005857214331626892,0.0,6.6975243259221315,9.806121729314327,5.8545453157275915,0.0,0.0029794611036777496,0.0,0.0,6.6975243259221315,6.852493195794523,4.117236731573939,0.06163296736940127,0.0029794611036777496,0.005857214331626892,0.0,6.6975243259221315,6.852493195794523,4.117236731573939,0.664709497243166,0.0029794611036777496,0.005857214331626892,0.0,6.6975243259221315,6.852493195794523,4.117236731573939,0.0,0.0029794611036777496,0.029436901211738586,0.0,0.0,0.0,0.0,0.0,0.0,0.0,0.0,0.0,0.0,0.0,0.0,0.0,18.40221579745412,84046373.0,17.96434394456446,82568585.0,16.584694124758244,84046373.0,12.920815158794268,144592399.0,13.305199392139912,62023814.0,12.893314082175493,62023814.0,6.965886743739247,52039237.0,6.378304438665509,50658968.0,5.7764767073094845,52039237.0,4.8169087373010315,95891483.0,5.035601033829153,45232515.0,4.806356533430517,45232515.0,0.0,0.0,0.0,0.0,0.0,0.0,0.0,0.0,0.0,0.0,0.0,0.0,544342.44,247110.076,0.0020804176703095438,0.011309656268171963,532910.212,244821.284,0.0020554902367293836,0.011309119569882748,544342.44,247110.076,0.001940581277012825,0.010840916843153532,961935.528,611782.52,0.0014208548211361337,0.009917390525616389,429025.316,429025.316,0.0014914260003715753,0.0101421250780113,429025.316,429025.316,0.0014198390990495682,0.009885811848752197,6816
bookreview,query3,8,1/4,25.368102541193366,9.707435496151447,133843218.0,136085610.0,0.0,0.0,6816.0,24.34264838322997,9.219984462484717,130008614.0,133227553.0,466.0,0.0,6816.0,22.361170832067728,6.6975243259221315,105053731.0,136085610.0,2342.0,0.0,6816.0,17.7377238960953,6.6975243259221315,105053731.0,240483882.0,2342.0,0.0,6816.0,18.340800425969064,6.6975243259221315,105053731.0,107256329.0,2342.0,0.0,6816.0,17.933566643856466,6.751709111966193,106147421.0,108500919.0,2310.0,9.0,6816.0,9.707435496151447,9.806121729314327,5.8545453157275915,0.0,0.0,0.0,0.0,9.219984462484717,9.412381337955594,5.703832529485226,0.0,0.0005928389728069305,0.005857214331626892,0.0,6.6975243259221315,9.806121729314327,5.8545453157275915,0.0,0.0029794611036777496,0.0,0.0,6.6975243259221315,6.852493195794523,4.117236731573939,0.06163296736940127,0.0029794611036777496,0.005857214331626892,0.0,6.6975243259221315,6.852493195794523,4.117236731573939,0.664709497243166,0.0029794611036777496,0.005857214331626892,0.0,6.751709111966193,6.956701451912522,4.19318263977766,0.0,0.002938751131296158,0.02903468906879425,0.0,0.0,0.0,0.0,0.0,0.0,0.0,0.0,0.0,0.0,0.0,0.0,0.0,18.40221579745412,84046373.0,17.96434394456446,82568585.0,16.584694124758244,84046373.0,12.920815158794268,144592399.0,13.305199392139912,62023814.0,13.09200834017247,63114906.0,6.965886743739247,52039237.0,6.378304438665509,50658968.0,5.7764767073094845,52039237.0,4.8169087373010315,95891483.0,5.035601033829153,45232515.0,4.841558303683996,45386013.0,0.0,0.0,0.0,0.0,0.0,0.0,0.0,0.0,0.0,0.0,0.0,0.0,544342.44,247110.076,0.0020804176703095438,0.011309656268171963,532910.212,244821.284,0.0020554902367293836,0.011309119569882748,544342.44,247110.076,0.001940581277012825,0.010840916843153532,907662.788,576892.324,0.0014208548211361337,0.009917390525616389,429025.316,401454.656,0.0014914260003715753,0.0101421250780113,411098.728,401245.352,0.0014223564360290766,0.009981043444946405,6816
bookreview,query3,8,1/8,25.368102541193366,9.707435496151447,133843218.0,136085610.0,0.0,0.0,6816.0,24.34264838322997,9.219984462484717,130008614.0,133227553.0,466.0,9.0,6816.0,22.38257894385606,6.718948976136744,105402834.0,136085610.0,2329.0,9.0,6816.0,17.79744499468416,6.718948976136744,105402834.0,230021743.0,2329.0,9.0,6816.0,18.40296226972714,6.718948976136744,105402834.0,107625024.0,2329.0,9.0,6816.0,17.97451125178486,6.761673960834742,107607781.0,109980456.0,2309.0,18.0,6816.0,9.707435496151447,9.806121729314327,5.8545453157275915,0.0,0.0,0.0,0.0,9.219984462484717,9.412381337955594,5.703832529485226,0.0,0.0005928389728069305,0.005857214331626892,0.0,6.718948976136744,9.806121729314327,5.8545453157275915,0.0,0.002962922677397728,0.0,0.0,6.718948976136744,6.8782548466697335,4.134798565879464,0.056622468989194576,0.002962922677397728,0.005857214331626892,0.0,6.718948976136744,6.8782548466697335,4.134798565879464,0.6621397440321743,0.002962922677397728,0.005857214331626892,0.0,6.761673960834742,6.974367931485176,4.206509760580957,0.0,0.002937478944659233,0.02902211993932724,0.0,0.0,0.0,0.0,0.0,0.0,0.0,0.0,0.0,0.0,0.0,0.0,0.0,18.40221579745412,84046373.0,17.96434394456446,82568585.0,16.60059108491987,84046373.0,12.970738956239721,134109000.0,13.35756393475458,62371249.0,13.113889769650996,63323677.0,6.965886743739247,52039237.0,6.378304438665509,50658968.0,5.781987858936191,52039237.0,4.826706038444439,95912743.0,5.04539833497256,45253775.0,4.860621482133865,46656779.0,0.0,0.0,0.0,0.0,0.0,0.0,0.0,0.0,0.0,0.0,0.0,0.0,544342.44,247110.076,0.0020804176703095438,0.011309656268171963,532910.212,244821.284,0.0020554902367293836,0.011309119569882748,544342.44,247110.076,0.0019409299325197935,0.010840916843153532,837933.796,527676.808,0.001422693853532808,0.009917390525616389,430500.096,370079.944,0.0014932650327682496,0.0101421250780113,371045.212,368805.008,0.0014222688004374504,0.01000776917673647,6816
crmarenapro,query1,8,1,78.5106872683391,73.4659532289952,72192136.0,63602737.0,0.0,0.0,6305.0,77.77545620966703,72.76082076877356,72109196.0,63602737.0,29.0,0.0,6305.0,59.223660924471915,54.17756310105324,67021766.0,63602737.0,1072.0,0.0,6305.0,58.26450701513697,54.17756310105324,67021766.0,124111487.0,1072.0,0.0,6305.0,58.39326606784016,54.17756310105324,67021766.0,60508750.0,1072.0,0.0,6305.0,58.24819308333099,54.17756310105324,67021766.0,60508750.0,1072.0,0.0,6305.0,73.4659532289952,4.45767083670944,0.5870632026344538,0.0,0.0,0.0,0.0,72.76082076877356,4.427170840092003,0.5870632026344538,0.0,3.6893412470817566e-05,0.00036450475454330444,0.0,54.17756310105324,4.45767083670944,0.5870632026344538,0.0,0.0013637840747833252,0.0,0.0,54.17756310105324,3.5065214103087783,0.5492706811055541,0.02942353384007294,0.0013637840747833252,0.00036450475454330444,0.0,54.17756310105324,3.5065214103087783,0.5492706811055541,0.158182586543262,0.0013637840747833252,0.00036450475454330444,0.0,54.17756310105324,3.5065214103087783,0.5492706811055541,0.0,0.0013637840747833252,0.013474106788635254,0.0,0.0,0.0,0.0,0.0,0.0,0.0,0.0,0.0,0.0,0.0,0.0,0.0,0.878583007492125,0.0,0.878583007492125,0.0,0.8194698225706816,0.0,0.794561667367816,0.0,0.794561667367816,0.0,0.7955797668546438,0.0,8.313125140964985,63477715.0,8.313125140964985,63477715.0,8.14280055835843,63477715.0,8.072584605710103,123861443.0,8.199688326567411,60383728.0,8.044211870059371,60383728.0,69.31897911988199,125022.0,68.58374806120992,125022.0,50.2613905435428,125022.0,49.39736074205905,250044.0,49.39901607390493,125022.0,49.408401446416974,125022.0,254410.948,154057.592,0.013933473784476519,0.02612064546775073,254410.948,154057.592,0.013674034977331757,0.025961900519952178,254410.948,154057.592,0.01004464204236865,0.023931487727165218,496445.948,384107.12,0.0099961089917023,0.02393154677895174,242035.0,242035.0,0.010026350926607848,0.023931544832792126,242035.0,242035.0,0.009991831593215466,0.023931487727165218,6305
crmarenapro,query1,8,1/16,78.5106872683391,73.4659532289952,72192136.0,63602737.0,0.0,0.0,6305.0,77.77545620966703,72.76082076877356,72109196.0,63602737.0,29.0,69.0,6305.0,59.23593693319708,54.18984419852495,69537029.0,63602737.0,1068.0,69.0,6305.0,58.29211436025613,54.18984419852495,69537029.0,82962655.0,1068.0,69.0,6305.0,58.421379865612835,54.18984419852495,69537029.0,63041869.0,1068.0,69.0,6305.0,58.295958045870066,54.18984419852495,69537029.0,63041869.0,1068.0,69.0,6305.0,73.4659532289952,4.45767083670944,0.5870632026344538,0.0,0.0,0.0,0.0,72.76082076877356,4.427170840092003,0.5870632026344538,0.0,3.6893412470817566e-05,0.00036450475454330444,0.0,54.18984419852495,4.45767083670944,0.5870632026344538,0.0,0.0013586953282356262,0.0,0.0,54.18984419852495,3.524985338561237,0.5663459831848741,0.00921563990228677,0.0013586953282356262,0.00036450475454330444,0.0,54.18984419852495,3.524985338561237,0.5663459831848741,0.1384811452589929,0.0013586953282356262,0.00036450475454330444,0.0,54.18984419852495,3.524985338561237,0.5663459831848741,0.0,0.0013586953282356262,0.013423830270767212,0.0,0.0,0.0,0.0,0.0,0.0,0.0,0.0,0.0,0.0,0.0,0.0,0.0,0.878583007492125,0.0,0.878583007492125,0.0,0.8194698225706816,0.0,0.794561667367816,0.0,0.794561667367816,0.0,0.7955797668546438,0.0,8.313125140964985,63477715.0,8.313125140964985,63477715.0,8.155076567083597,63477715.0,8.100191950829263,82712611.0,8.227802124340087,62916847.0,8.091976832598448,62916847.0,69.31897911988199,125022.0,68.58374806120992,125022.0,50.2613905435428,125022.0,49.39736074205905,250044.0,49.39901607390493,125022.0,49.408401446416974,125022.0,254410.948,154057.592,0.013933473784476519,0.02612064546775073,254410.948,154057.592,0.013674034977331757,0.025961900519952178,254410.948,154057.592,0.01004464204236865,0.023931487727165218,327407.064,217390.172,0.009995516419591188,0.023931487727165218,252167.476,179423.132,0.01002579727768898,0.023931487727165218,248681.384,179423.132,0.009992444587871432,0.023931487727165218,6305
crmarenapro,query1,8,1/2,78.5106872683391,73.4659532289952,72192136.0,63602737.0,0.0,0.0,6305.0,77.77545620966703,72.76082076877356,72109196.0,63602737.0,29.0,0.0,6305.0,59.223660924471915,54.17756310105324,67021766.0,63602737.0,1072.0,0.0,6305.0,58.26450701513697,54.17756310105324,67021766.0,124111487.0,1072.0,0.0,6305.0,58.39326606784016,54.17756310105324,67021766.0,60508750.0,1072.0,0.0,6305.0,58.24819308333099,54.17756310105324,67021766.0,60508750.0,1072.0,0.0,6305.0,73.4659532289952,4.45767083670944,0.5870632026344538,0.0,0.0,0.0,0.0,72.76082076877356,4.427170840092003,0.5870632026344538,0.0,3.6893412470817566e-05,0.00036450475454330444,0.0,54.17756310105324,4.45767083670944,0.5870632026344538,0.0,0.0013637840747833252,0.0,0.0,54.17756310105324,3.5065214103087783,0.5492706811055541,0.02942353384007294,0.0013637840747833252,0.00036450475454330444,0.0,54.17756310105324,3.5065214103087783,0.5492706811055541,0.158182586543262,0.0013637840747833252,0.00036450475454330444,0.0,54.17756310105324,3.5065214103087783,0.5492706811055541,0.0,0.0013637840747833252,0.013474106788635254,0.0,0.0,0.0,0.0,0.0,0.0,0.0,0.0,0.0,0.0,0.0,0.0,0.0,0.878583007492125,0.0,0.878583007492125,0.0,0.8194698225706816,0.0,0.794561667367816,0.0,0.794561667367816,0.0,0.7955797668546438,0.0,8.313125140964985,63477715.0,8.313125140964985,63477715.0,8.14280055835843,63477715.0,8.072584605710103,123861443.0,8.199688326567411,60383728.0,8.044211870059371,60383728.0,69.31897911988199,125022.0,68.58374806120992,125022.0,50.2613905435428,125022.0,49.39736074205905,250044.0,49.39901607390493,125022.0,49.408401446416974,125022.0,254410.948,154057.592,0.013933473784476519,0.02612064546775073,254410.948,154057.592,0.013674034977331757,0.025961900519952178,254410.948,154057.592,0.01004464204236865,0.023931487727165218,496445.948,384107.12,0.0099961089917023,0.02393154677895174,242035.0,242035.0,0.010026350926607848,0.023931544832792126,242035.0,242035.0,0.009991831593215466,0.023931487727165218,6305
crmarenapro,query1,8,1/4,78.5106872683391,73.4659532289952,72192136.0,63602737.0,0.0,0.0,6305.0,77.77545620966703,72.76082076877356,72109196.0,63602737.0,29.0,0.0,6305.0,59.223660924471915,54.17756310105324,67021766.0,63602737.0,1072.0,0.0,6305.0,58.26450701513697,54.17756310105324,67021766.0,124111487.0,1072.0,0.0,6305.0,58.39326606784016,54.17756310105324,67021766.0,60508750.0,1072.0,0.0,6305.0,58.24819308333099,54.17756310105324,67021766.0,60508750.0,1072.0,0.0,6305.0,73.4659532289952,4.45767083670944,0.5870632026344538,0.0,0.0,0.0,0.0,72.76082076877356,4.427170840092003,0.5870632026344538,0.0,3.6893412470817566e-05,0.00036450475454330444,0.0,54.17756310105324,4.45767083670944,0.5870632026344538,0.0,0.0013637840747833252,0.0,0.0,54.17756310105324,3.5065214103087783,0.5492706811055541,0.02942353384007294,0.0013637840747833252,0.00036450475454330444,0.0,54.17756310105324,3.5065214103087783,0.5492706811055541,0.158182586543262,0.0013637840747833252,0.00036450475454330444,0.0,54.17756310105324,3.5065214103087783,0.5492706811055541,0.0,0.0013637840747833252,0.013474106788635254,0.0,0.0,0.0,0.0,0.0,0.0,0.0,0.0,0.0,0.0,0.0,0.0,0.0,0.878583007492125,0.0,0.878583007492125,0.0,0.8194698225706816,0.0,0.794561667367816,0.0,0.794561667367816,0.0,0.7955797668546438,0.0,8.313125140964985,63477715.0,8.313125140964985,63477715.0,8.14280055835843,63477715.0,8.072584605710103,123861443.0,8.199688326567411,60383728.0,8.044211870059371,60383728.0,69.31897911988199,125022.0,68.58374806120992,125022.0,50.2613905435428,125022.0,49.39736074205905,250044.0,49.39901607390493,125022.0,49.408401446416974,125022.0,254410.948,154057.592,0.013933473784476519,0.02612064546775073,254410.948,154057.592,0.013674034977331757,0.025961900519952178,254410.948,154057.592,0.01004464204236865,0.023931487727165218,453811.356,344953.848,0.0099961089917023,0.02393154677895174,242035.0,203020.748,0.010026350926607848,0.023931544832792126,200696.364,200696.364,0.009991831593215466,0.023931487727165218,6305
crmarenapro,query1,8,1/8,78.5106872683391,73.4659532289952,72192136.0,63602737.0,0.0,0.0,6305.0,77.77545620966703,72.76082076877356,72109196.0,63602737.0,29.0,0.0,6305.0,59.464483444578946,54.418428875505924,69255156.0,63602737.0,1038.0,0.0,6305.0,58.56877749403377,54.418428875505924,69255156.0,126358051.0,1038.0,0.0,6305.0,58.697536546736956,54.418428875505924,69255156.0,62755314.0,1038.0,0.0,6305.0,58.93445696029812,54.779597125947475,68730815.0,62182316.0,993.0,26.0,6305.0,73.4659532289952,4.45767083670944,0.5870632026344538,0.0,0.0,0.0,0.0,72.76082076877356,4.427170840092003,0.5870632026344538,0.0,3.6893412470817566e-05,0.00036450475454330444,0.0,54.418428875505924,4.45767083670944,0.5870632026344538,0.0,0.001320529729127884,0.0,0.0,54.418428875505924,3.546413889154792,0.5728261610493064,0.02942353384007294,0.001320529729127884,0.00036450475454330444,0.0,54.418428875505924,3.546413889154792,0.5728261610493064,0.158182586543262,0.001320529729127884,0.00036450475454330444,0.0,54.779597125947475,3.56890903506428,0.5722063723951578,0.0,0.0012632813304662704,0.012481145560741425,0.0,0.0,0.0,0.0,0.0,0.0,0.0,0.0,0.0,0.0,0.0,0.0,0.0,0.878583007492125,0.0,0.878583007492125,0.0,0.8242245754227042,0.0,0.8013954879716039,0.0,0.8013954879716039,0.0,0.8240775968879461,0.0,8.313125140964985,63477715.0,8.313125140964985,63477715.0,8.165030509233475,63477715.0,8.146959791825607,126108007.0,8.274063512682915,62630292.0,8.137222024612129,62057294.0,69.31897911988199,125022.0,68.58374806120992,125022.0,50.47522835992277,125022.0,49.620422214236555,250044.0,49.62207754608244,125022.0,49.973157338798046,125022.0,254410.948,154057.592,0.013933473784476519,0.02612064546775073,254410.948,154057.592,0.013674034977331757,0.025961900519952178,254410.948,154057.592,0.010046612437814474,0.024029228751733897,414798.068,317634.524,0.009999566135546237,0.024029287803520417,251021.256,170720.38,0.01002987484447658,0.024029285857360805,180906.224,170720.38,0.009999252427369355,0.02418707725796848,6305
crmarenapro,query10,8,1,20.50954789854586,11.673398707993329,41738402.0,34072187.0,0.0,0.0,10773.0,20.046501704491675,11.365588241256773,41199326.0,34072187.0,360.0,0.0,10773.0,19.543526941910386,10.70594781357795,36569623.0,34072187.0,1124.0,0.0,10773.0,18.477790746131095,10.70594781357795,36569623.0,63976375.0,1124.0,0.0,10773.0,18.76668698573485,10.70594781357795,36569623.0,29904188.0,1124.0,0.0,10773.0,18.471631281077862,10.70594781357795,36569623.0,29904188.0,1124.0,0.0,10773.0,11.673398707993329,6.967623482458293,1.8685257080942392,0.0,0.0,0.0,0.0,11.365588241256773,6.8074048813432455,1.8685257080942392,0.0,0.0004579871892929077,0.004524886608123779,0.0,10.70594781357795,6.967623482458293,1.8685257080942392,0.0,0.0014299377799034119,0.0,0.0,10.70594781357795,6.124313600361347,1.6258122278377414,0.015762279966030288,0.0014299377799034119,0.004524886608123779,0.0,10.70594781357795,6.124313600361347,1.6258122278377414,0.3046585195697844,0.0014299377799034119,0.004524886608123779,0.0,10.70594781357795,6.124313600361347,1.6258122278377414,0.0,0.0014299377799034119,0.0141277015209198,0.0,0.0,0.0,0.0,0.0,0.0,0.0,0.0,0.0,0.0,0.0,0.0,0.0,0.09546889178454876,176502.0,0.09546889178454876,176502.0,0.09546889178454876,176502.0,0.09555054412868987,353004.0,0.0971820605918765,176502.0,0.09546889178454876,176502.0,20.258109904825687,33895685.0,19.7950637107715,33895685.0,19.292088948190212,33895685.0,18.226271100066782,63623371.0,18.51353582320735,29727686.0,18.220193287357688,29727686.0,0.15596910193562508,0.0,0.15596910193562508,0.0,0.15596910193562508,0.0,0.15596910193562508,0.0,0.15596910193562508,0.0,0.15596910193562508,0.0,136288.748,51961.332,0.0013956992849707603,0.004685380655527114,136288.748,51961.332,0.0013893787059932948,0.004676357044465838,136288.748,51961.332,0.0013698256760835649,0.004652383898384868,255905.5,155478.692,0.001348397770896554,0.004633379010463539,119616.752,119616.752,0.001348397770896554,0.004752625352051108,119616.752,119616.752,0.001348397770896554,0.0046264972612261755,10773
crmarenapro,query10,8,1/16,20.50954789854586,11.673398707993329,41738402.0,34072187.0,0.0,0.0,10773.0,20.046501704491675,11.365588241256773,41199326.0,34072187.0,360.0,0.0,10773.0,19.544476367533207,10.706898511387408,36591701.0,34072187.0,1123.0,0.0,10773.0,18.482395212390575,10.706898511387408,36591701.0,64001821.0,1123.0,0.0,10773.0,18.77129145199433,10.706898511387408,36591701.0,29929634.0,1123.0,0.0,10773.0,18.512637994252145,10.716777749359608,36742353.0,30098946.0,1112.0,0.0,10773.0,11.673398707993329,6.967623482458293,1.8685257080942392,0.0,0.0,0.0,0.0,11.365588241256773,6.8074048813432455,1.8685257080942392,0.0,0.0004579871892929077,0.004524886608123779,0.0,10.706898511387408,6.967623482458293,1.8685257080942392,0.0,0.0014286655932664871,0.0,0.0,10.706898511387408,6.126500313170254,1.627280555665493,0.015762279966030288,0.0014286655932664871,0.004524886608123779,0.0,10.706898511387408,6.126500313170254,1.627280555665493,0.3046585195697844,0.0014286655932664871,0.004524886608123779,0.0,10.716777749359608,6.143210679292679,1.6372580220922828,0.0,0.001414671540260315,0.013976871967315674,0.0,0.0,0.0,0.0,0.0,0.0,0.0,0.0,0.0,0.0,0.0,0.0,0.0,0.09546889178454876,176502.0,0.09546889178454876,176502.0,0.09546889178454876,176502.0,0.09555054412868987,353004.0,0.0971820605918765,176502.0,0.09546889178454876,176502.0,20.258109904825687,33895685.0,19.7950637107715,33895685.0,19.293038373813033,33895685.0,18.23087556632626,63648817.0,18.518140289466828,29753132.0,18.26120000053197,29922444.0,0.15596910193562508,0.0,0.15596910193562508,0.0,0.15596910193562508,0.0,0.15596910193562508,0.0,0.15596910193562508,0.0,0.15596910193562508,0.0,136288.748,51961.332,0.0013956992849707603,0.004685380655527114,136288.748,51961.332,0.0013893787059932948,0.004676357044465838,136288.748,51961.332,0.0013698256760835649,0.004652383898384868,209456.324,125725.036,0.001348462786525488,0.004633379010463539,119718.536,82574.908,0.001348462786525488,0.004752625352051108,81635.948,81635.948,0.0013496434632688761,0.0046264972612261755,10773
crmarenapro,query10,8,1/2,20.50954789854586,11.673398707993329,41738402.0,34072187.0,0.0,0.0,10773.0,20.046501704491675,11.365588241256773,41199326.0,34072187.0,360.0,0.0,10773.0,19.543526941910386,10.70594781357795,36569623.0,34072187.0,1124.0,0.0,10773.0,18.477790746131095,10.70594781357795,36569623.0,63976375.0,1124.0,0.0,10773.0,18.76668698573485,10.70594781357795,36569623.0,29904188.0,1124.0,0.0,10773.0,18.471631281077862,10.70594781357795,36569623.0,29904188.0,1124.0,0.0,10773.0,11.673398707993329,6.967623482458293,1.8685257080942392,0.0,0.0,0.0,0.0,11.365588241256773,6.8074048813432455,1.8685257080942392,0.0,0.0004579871892929077,0.004524886608123779,0.0,10.70594781357795,6.967623482458293,1.8685257080942392,0.0,0.0014299377799034119,0.0,0.0,10.70594781357795,6.124313600361347,1.6258122278377414,0.015762279966030288,0.0014299377799034119,0.004524886608123779,0.0,10.70594781357795,6.124313600361347,1.6258122278377414,0.3046585195697844,0.0014299377799034119,0.004524886608123779,0.0,10.70594781357795,6.124313600361347,1.6258122278377414,0.0,0.0014299377799034119,0.0141277015209198,0.0,0.0,0.0,0.0,0.0,0.0,0.0,0.0,0.0,0.0,0.0,0.0,0.0,0.09546889178454876,176502.0,0.09546889178454876,176502.0,0.09546889178454876,176502.0,0.09555054412868987,353004.0,0.0971820605918765,176502.0,0.09546889178454876,176502.0,20.258109904825687,33895685.0,19.7950637107715,33895685.0,19.292088948190212,33895685.0,18.226271100066782,63623371.0,18.51353582320735,29727686.0,18.220193287357688,29727686.0,0.15596910193562508,0.0,0.15596910193562508,0.0,0.15596910193562508,0.0,0.15596910193562508,0.0,0.15596910193562508,0.0,0.15596910193562508,0.0,136288.748,51961.332,0.0013956992849707603,0.004685380655527114,136288.748,51961.332,0.0013893787059932948,0.004676357044465838,136288.748,51961.332,0.0013698256760835649,0.004652383898384868,255905.5,155478.692,0.001348397770896554,0.004633379010463539,119616.752,119616.752,0.001348397770896554,0.004752625352051108,119616.752,119616.752,0.001348397770896554,0.0046264972612261755,10773
crmarenapro,query10,8,1/4,20.50954789854586,11.673398707993329,41738402.0,34072187.0,0.0,0.0,10773.0,20.046501704491675,11.365588241256773,41199326.0,34072187.0,360.0,0.0,10773.0,19.543526941910386,10.70594781357795,36569623.0,34072187.0,1124.0,0.0,10773.0,18.477790746131095,10.70594781357795,36569623.0,63976375.0,1124.0,0.0,10773.0,18.76668698573485,10.70594781357795,36569623.0,29904188.0,1124.0,0.0,10773.0,18.471631281077862,10.70594781357795,36569623.0,29904188.0,1124.0,0.0,10773.0,11.673398707993329,6.967623482458293,1.8685257080942392,0.0,0.0,0.0,0.0,11.365588241256773,6.8074048813432455,1.8685257080942392,0.0,0.0004579871892929077,0.004524886608123779,0.0,10.70594781357795,6.967623482458293,1.8685257080942392,0.0,0.0014299377799034119,0.0,0.0,10.70594781357795,6.124313600361347,1.6258122278377414,0.015762279966030288,0.0014299377799034119,0.004524886608123779,0.0,10.70594781357795,6.124313600361347,1.6258122278377414,0.3046585195697844,0.0014299377799034119,0.004524886608123779,0.0,10.70594781357795,6.124313600361347,1.6258122278377414,0.0,0.0014299377799034119,0.0141277015209198,0.0,0.0,0.0,0.0,0.0,0.0,0.0,0.0,0.0,0.0,0.0,0.0,0.0,0.09546889178454876,176502.0,0.09546889178454876,176502.0,0.09546889178454876,176502.0,0.09555054412868987,353004.0,0.0971820605918765,176502.0,0.09546889178454876,176502.0,20.258109904825687,33895685.0,19.7950637107715,33895685.0,19.292088948190212,33895685.0,18.226271100066782,63623371.0,18.51353582320735,29727686.0,18.220193287357688,29727686.0,0.15596910193562508,0.0,0.15596910193562508,0.0,0.15596910193562508,0.0,0.15596910193562508,0.0,0.15596910193562508,0.0,0.15596910193562508,0.0,136288.748,51961.332,0.0013956992849707603,0.004685380655527114,136288.748,51961.332,0.0013893787059932948,0.004676357044465838,136288.748,51961.332,0.0013698256760835649,0.004652383898384868,255905.5,155478.692,0.001348397770896554,0.004633379010463539,119616.752,119616.752,0.001348397770896554,0.004752625352051108,119616.752,119616.752,0.001348397770896554,0.0046264972612261755,10773
crmarenapro,query10,8,1/8,20.50954789854586,11.673398707993329,41738402.0,34072187.0,0.0,0.0,10773.0,20.046501704491675,11.365588241256773,41199326.0,34072187.0,360.0,0.0,10773.0,19.543526941910386,10.70594781357795,36569623.0,34072187.0,1124.0,0.0,10773.0,18.477790746131095,10.70594781357795,36569623.0,63976375.0,1124.0,0.0,10773.0,18.76668698573485,10.70594781357795,36569623.0,29904188.0,1124.0,0.0,10773.0,18.471631281077862,10.70594781357795,36569623.0,29904188.0,1124.0,0.0,10773.0,11.673398707993329,6.967623482458293,1.8685257080942392,0.0,0.0,0.0,0.0,11.365588241256773,6.8074048813432455,1.8685257080942392,0.0,0.0004579871892929077,0.004524886608123779,0.0,10.70594781357795,6.967623482458293,1.8685257080942392,0.0,0.0014299377799034119,0.0,0.0,10.70594781357795,6.124313600361347,1.6258122278377414,0.015762279966030288,0.0014299377799034119,0.004524886608123779,0.0,10.70594781357795,6.124313600361347,1.6258122278377414,0.3046585195697844,0.0014299377799034119,0.004524886608123779,0.0,10.70594781357795,6.124313600361347,1.6258122278377414,0.0,0.0014299377799034119,0.0141277015209198,0.0,0.0,0.0,0.0,0.0,0.0,0.0,0.0,0.0,0.0,0.0,0.0,0.0,0.09546889178454876,176502.0,0.09546889178454876,176502.0,0.09546889178454876,176502.0,0.09555054412868987,353004.0,0.0971820605918765,176502.0,0.09546889178454876,176502.0,20.258109904825687,33895685.0,19.7950637107715,33895685.0,19.292088948190212,33895685.0,18.226271100066782,63623371.0,18.51353582320735,29727686.0,18.220193287357688,29727686.0,0.15596910193562508,0.0,0.15596910193562508,0.0,0.15596910193562508,0.0,0.15596910193562508,0.0,0.15596910193562508,0.0,0.15596910193562508,0.0,136288.748,51961.332,0.0013956992849707603,0.004685380655527114,136288.748,51961.332,0.0013893787059932948,0.004676357044465838,136288.748,51961.332,0.0013698256760835649,0.004652383898384868,250838.988,153108.372,0.001348397770896554,0.004633379010463539,119616.752,115804.988,0.001348397770896554,0.004752625352051108,115804.988,115804.988,0.001348397770896554,0.0046264972612261755,10773
crmarenapro,query11,8,1,36.87973351124674,32.641597425565124,7468807.0,3314454.0,0.0,0.0,11763.0,36.508363734930754,32.35452352557331,7359289.0,3314454.0,309.0,0.0,11763.0,33.42633938603103,29.18576070200652,6756974.0,3314454.0,1920.0,0.0,11763.0,32.82935500524301,29.18576070200652,6756974.0,6628908.0,1920.0,0.0,11763.0,32.83467436674982,29.18576070200652,6756974.0,3314454.0,1920.0,0.0,11763.0,32.848070559091866,29.18576070200652,6756974.0,3314454.0,1920.0,0.0,11763.0,32.641597425565124,4.205276883207262,0.0328592024743557,0.0,0.0,0.0,0.0,32.35452352557331,4.116704040206969,0.0328592024743557,0.0,0.0003931056708097458,0.003883861005306244,0.0,29.18576070200652,4.205276883207262,0.0328592024743557,0.0,0.002442598342895508,0.0,0.0,29.18576070200652,3.602875327691436,0.0328592024743557,0.0015333137224953872,0.002442598342895508,0.003883861005306244,0.0,29.18576070200652,3.602875327691436,0.0328592024743557,0.006852675229310989,0.002442598342895508,0.003883861005306244,0.0,29.18576070200652,3.602875327691436,0.0328592024743557,0.0,0.002442598342895508,0.024132728576660156,0.0,0.0,0.0,0.0,0.0,0.0,0.0,0.0,0.0,0.0,0.0,0.0,0.0,11.241313393227756,142740.0,10.925346399657428,142740.0,9.868952018208802,142740.0,9.343103899617073,285480.0,9.345893147401512,142740.0,9.360835753381252,142740.0,0.10914269089698792,135226.0,0.10914269089698792,135226.0,0.10914269089698792,135226.0,0.10920524837446027,270452.0,0.11114138783887029,135226.0,0.10914269089698792,135226.0,25.529277427121997,3036488.0,25.473874644376338,3036488.0,23.448244676925242,3036488.0,23.377045857251474,6072976.0,23.37763983150944,3036488.0,23.378092114813626,3036488.0,13257.816,13086.528,0.0012237699814140798,0.008435073078796266,13257.816,13086.528,0.001222121100872755,0.008433319497853515,13257.816,13086.528,0.0011781331431120635,0.008430403457209466,26515.632,26230.152,0.0011721477191895247,0.008430403457209466,13257.816,13257.816,0.0011721477191895247,0.008430403457209466,13257.816,13257.816,0.0011721477191895247,0.008430403457209466,11763
crmarenapro,query11,8,1/16,36.87973351124674,32.641597425565124,7468807.0,3314454.0,0.0,0.0,11763.0,36.508363734930754,32.35452352557331,7359289.0,3314454.0,309.0,7.0,11763.0,33.42633938603103,29.18576070200652,6756974.0,3314454.0,1920.0,7.0,11763.0,32.827950282559094,29.18576070200652,6756974.0,3592420.0,1920.0,7.0,11763.0,32.83267566980794,29.18576070200652,6756974.0,3314454.0,1920.0,7.0,11763.0,32.873595108278096,29.206877059303224,6762701.0,3314454.0,1905.0,14.0,11763.0,32.641597425565124,4.205276883207262,0.0328592024743557,0.0,0.0,0.0,0.0,32.35452352557331,4.116704040206969,0.0328592024743557,0.0,0.0003931056708097458,0.003883861005306244,0.0,29.18576070200652,4.205276883207262,0.0328592024743557,0.0,0.002442598342895508,0.0,0.0,29.18576070200652,3.602875327691436,0.0328592024743557,0.00012859103858045784,0.002442598342895508,0.003883861005306244,0.0,29.18576070200652,3.602875327691436,0.0328592024743557,0.0048539782874286175,0.002442598342895508,0.003883861005306244,0.0,29.206877059303224,3.6074911393225193,0.0328592024743557,0.0,0.0024235155433416367,0.023944191634655,0.0,0.0,0.0,0.0,0.0,0.0,0.0,0.0,0.0,0.0,0.0,0.0,0.0,11.241313393227756,142740.0,10.925346399657428,142740.0,9.868952018208802,142740.0,9.343103899617073,285480.0,9.345893147401512,142740.0,9.375821655616164,142740.0,0.10914269089698792,135226.0,0.10914269089698792,135226.0,0.10914269089698792,135226.0,0.10920524837446027,270452.0,0.11114138783887029,135226.0,0.10914269089698792,135226.0,25.529277427121997,3036488.0,25.473874644376338,3036488.0,23.448244676925242,3036488.0,23.37564113456756,3036488.0,23.37564113456756,3036488.0,23.388630761764944,3036488.0,13257.816,13086.528,0.0012237699814140798,0.008435073078796266,13257.816,13086.528,0.001222121100872755,0.008433319497853515,13257.816,13086.528,0.0011781331431120635,0.008430403457209466,14158.04,14027.104,0.0011721477191895247,0.008430403457209466,13257.816,13086.528,0.0011721477191895247,0.008430403457209466,13200.72,13086.528,0.0011723293792456387,0.008430403457209466,11763
crmarenapro,query11,8,1/2,36.87973351124674,32.641597425565124,7468807.0,3314454.0,0.0,0.0,11763.0,36.508363734930754,32.35452352557331,7359289.0,3314454.0,309.0,7.0,11763.0,33.42633938603103,29.18576070200652,6756974.0,3314454.0,1920.0,7.0,11763.0,32.827950282559094,29.18576070200652,6756974.0,3592420.0,1920.0,7.0,11763.0,32.83267566980794,29.18576070200652,6756974.0,3314454.0,1920.0,7.0,11763.0,32.848070559091866,29.18576070200652,6756974.0,3314454.0,1920.0,7.0,11763.0,32.641597425565124,4.205276883207262,0.0328592024743557,0.0,0.0,0.0,0.0,32.35452352557331,4.116704040206969,0.0328592024743557,0.0,0.0003931056708097458,0.003883861005306244,0.0,29.18576070200652,4.205276883207262,0.0328592024743557,0.0,0.002442598342895508,0.0,0.0,29.18576070200652,3.602875327691436,0.0328592024743557,0.00012859103858045784,0.002442598342895508,0.003883861005306244,0.0,29.18576070200652,3.602875327691436,0.0328592024743557,0.0048539782874286175,0.002442598342895508,0.003883861005306244,0.0,29.18576070200652,3.602875327691436,0.0328592024743557,0.0,0.002442598342895508,0.024132728576660156,0.0,0.0,0.0,0.0,0.0,0.0,0.0,0.0,0.0,0.0,0.0,0.0,0.0,11.241313393227756,142740.0,10.925346399657428,142740.0,9.868952018208802,142740.0,9.343103899617073,285480.0,9.345893147401512,142740.0,9.360835753381252,142740.0,0.10914269089698792,135226.0,0.10914269089698792,135226.0,0.10914269089698792,135226.0,0.10920524837446027,270452.0,0.11114138783887029,135226.0,0.10914269089698792,135226.0,25.529277427121997,3036488.0,25.473874644376338,3036488.0,23.448244676925242,3036488.0,23.37564113456756,3036488.0,23.37564113456756,3036488.0,23.378092114813626,3036488.0,13257.816,13086.528,0.0012237699814140798,0.008435073078796266,13257.816,13086.528,0.001222121100872755,0.008433319497853515,13257.816,13086.528,0.0011781331431120635,0.008430403457209466,14369.68,14084.2,0.0011721477191895247,0.008430403457209466,13257.816,13143.624,0.0011721477191895247,0.008430403457209466,13257.816,13143.624,0.0011721477191895247,0.008430403457209466,11763
crmarenapro,query11,8,1/4,36.87973351124674,32.641597425565124,7468807.0,3314454.0,0.0,0.0,11763.0,36.508363734930754,32.35452352557331,7359289.0,3314454.0,309.0,7.0,11763.0,33.42633938603103,29.18576070200652,6756974.0,3314454.0,1920.0,7.0,11763.0,32.827950282559094,29.18576070200652,6756974.0,3592420.0,1920.0,7.0,11763.0,32.83267566980794,29.18576070200652,6756974.0,3314454.0,1920.0,7.0,11763.0,32.848070559091866,29.18576070200652,6756974.0,3314454.0,1920.0,7.0,11763.0,32.641597425565124,4.205276883207262,0.0328592024743557,0.0,0.0,0.0,0.0,32.35452352557331,4.116704040206969,0.0328592024743557,0.0,0.0003931056708097458,0.003883861005306244,0.0,29.18576070200652,4.205276883207262,0.0328592024743557,0.0,0.002442598342895508,0.0,0.0,29.18576070200652,3.602875327691436,0.0328592024743557,0.00012859103858045784,0.002442598342895508,0.003883861005306244,0.0,29.18576070200652,3.602875327691436,0.0328592024743557,0.0048539782874286175,0.002442598342895508,0.003883861005306244,0.0,29.18576070200652,3.602875327691436,0.0328592024743557,0.0,0.002442598342895508,0.024132728576660156,0.0,0.0,0.0,0.0,0.0,0.0,0.0,0.0,0.0,0.0,0.0,0.0,0.0,11.241313393227756,142740.0,10.925346399657428,142740.0,9.868952018208802,142740.0,9.343103899617073,285480.0,9.345893147401512,142740.0,9.360835753381252,142740.0,0.10914269089698792,135226.0,0.10914269089698792,135226.0,0.10914269089698792,135226.0,0.10920524837446027,270452.0,0.11114138783887029,135226.0,0.10914269089698792,135226.0,25.529277427121997,3036488.0,25.473874644376338,3036488.0,23.448244676925242,3036488.0,23.37564113456756,3036488.0,23.37564113456756,3036488.0,23.378092114813626,3036488.0,13257.816,13086.528,0.0012237699814140798,0.008435073078796266,13257.816,13086.528,0.001222121100872755,0.008433319497853515,13257.816,13086.528,0.0011781331431120635,0.008430403457209466,14369.68,14084.2,0.0011721477191895247,0.008430403457209466,13257.816,13143.624,0.0011721477191895247,0.008430403457209466,13257.816,13143.624,0.0011721477191895247,0.008430403457209466,11763
crmarenapro,query11,8,1/8,36.87973351124674,32.641597425565124,7468807.0,3314454.0,0.0,0.0,11763.0,36.508363734930754,32.35452352557331,7359289.0,3314454.0,309.0,7.0,11763.0,33.42633938603103,29.18576070200652,6756974.0,3314454.0,1920.0,7.0,11763.0,32.827950282559094,29.18576070200652,6756974.0,3592420.0,1920.0,7.0,11763.0,32.83267566980794,29.18576070200652,6756974.0,3314454.0,1920.0,7.0,11763.0,32.848070559091866,29.18576070200652,6756974.0,3314454.0,1920.0,7.0,11763.0,32.641597425565124,4.205276883207262,0.0328592024743557,0.0,0.0,0.0,0.0,32.35452352557331,4.116704040206969,0.0328592024743557,0.0,0.0003931056708097458,0.003883861005306244,0.0,29.18576070200652,4.205276883207262,0.0328592024743557,0.0,0.002442598342895508,0.0,0.0,29.18576070200652,3.602875327691436,0.0328592024743557,0.00012859103858045784,0.002442598342895508,0.003883861005306244,0.0,29.18576070200652,3.602875327691436,0.0328592024743557,0.0048539782874286175,0.002442598342895508,0.003883861005306244,0.0,29.18576070200652,3.602875327691436,0.0328592024743557,0.0,0.002442598342895508,0.024132728576660156,0.0,0.0,0.0,0.0,0.0,0.0,0.0,0.0,0.0,0.0,0.0,0.0,0.0,11.241313393227756,142740.0,10.925346399657428,142740.0,9.868952018208802,142740.0,9.343103899617073,285480.0,9.345893147401512,142740.0,9.360835753381252,142740.0,0.10914269089698792,135226.0,0.10914269089698792,135226.0,0.10914269089698792,135226.0,0.10920524837446027,270452.0,0.11114138783887029,135226.0,0.10914269089698792,135226.0,25.529277427121997,3036488.0,25.473874644376338,3036488.0,23.448244676925242,3036488.0,23.37564113456756,3036488.0,23.37564113456756,3036488.0,23.378092114813626,3036488.0,13257.816,13086.528,0.0012237699814140798,0.008435073078796266,13257.816,13086.528,0.001222121100872755,0.008433319497853515,13257.816,13086.528,0.0011781331431120635,0.008430403457209466,14369.68,14084.2,0.0011721477191895247,0.008430403457209466,13257.816,13143.624,0.0011721477191895247,0.008430403457209466,13257.816,13143.624,0.0011721477191895247,0.008430403457209466,11763
crmarenapro,query12,8,1,84.63867006916553,74.87719316221774,48764116.0,50438971.0,0.0,0.0,6910.0,82.55056389421225,72.91747569479048,48302244.0,50106521.0,182.0,0.0,6910.0,75.80178993474692,66.03922149166465,35513692.0,50438971.0,858.0,0.0,6910.0,73.54785552488325,66.03922149166465,35513692.0,85927482.0,858.0,0.0,6910.0,73.75395462522283,66.03922149166465,35513692.0,35820961.0,858.0,0.0,6910.0,73.53317226469517,66.03922149166465,35513692.0,35820961.0,858.0,0.0,6910.0,74.87719316221774,7.173372760415077,2.5881041465327144,0.0,0.0,0.0,0.0,72.91747569479048,7.057517756707966,2.573051323182881,0.0,0.00023153796792030334,0.0022875815629959106,0.0,66.03922149166465,7.173372760415077,2.5881041465327144,0.0,0.00109153613448143,0.0,0.0,66.03922149166465,5.668180048465729,1.8138948753476143,0.023179991707775488,0.00109153613448143,0.0022875815629959106,0.0,66.03922149166465,5.668180048465729,1.8138948753476143,0.22927909204736352,0.00109153613448143,0.0022875815629959106,0.0,66.03922149166465,5.668180048465729,1.8138948753476143,0.0,0.00109153613448143,0.010784313082695007,0.0,0.0,0.0,0.0,0.0,0.0,0.0,0.0,0.0,0.0,0.0,0.0,0.0,0.17932288255542517,0.0,0.17932288255542517,0.0,0.16016007866710424,0.0,0.14915201347321272,0.0,0.14915201347321272,0.0,0.1493782578036189,0.0,0.0,0.0,0.0,0.0,0.0,0.0,0.0,0.0,0.0,0.0,0.0,0.0,84.4593471866101,50438971.0,82.37124101165682,50106521.0,75.64162985607982,50438971.0,73.39870351141003,85927482.0,73.60480261174962,35820961.0,73.38379400689155,35820961.0,201755.884,73854.588,0.011868026627227664,0.01590256346054375,200426.084,73001.844,0.011860064493492245,0.015888715440221128,201755.884,73854.588,0.011712555604055524,0.01530707166716456,343709.928,200617.456,0.011685769511993791,0.014980675953240053,143283.844,143283.844,0.011686133366078138,0.015051795319281516,143283.844,143283.844,0.011685745000839234,0.014971573175676163,6910
crmarenapro,query12,8,1/16,84.63867006916553,74.87719316221774,48764116.0,50438971.0,0.0,0.0,6910.0,82.55056389421225,72.91747569479048,48302244.0,50106521.0,182.0,166.0,6910.0,76.68485970422626,66.92239939700812,45550439.0,50438971.0,773.0,166.0,6910.0,75.8219596947391,66.92239939700812,45550439.0,65202726.0,773.0,166.0,6910.0,75.99562903540209,66.92239939700812,45550439.0,47451261.0,773.0,166.0,6910.0,75.9008111115545,66.98219631053507,45633146.0,47554621.0,767.0,166.0,6910.0,74.87719316221774,7.173372760415077,2.5881041465327144,0.0,0.0,0.0,0.0,72.91747569479048,7.057517756707966,2.573051323182881,0.0,0.00023153796792030334,0.0022875815629959106,0.0,66.92239939700812,7.173372760415077,2.5881041465327144,0.0,0.0009834002703428268,0.0,0.0,66.92239939700812,6.50996611174196,2.3781111231073737,0.008212081048310395,0.0009834002703428268,0.0022875815629959106,0.0,66.92239939700812,6.50996611174196,2.3781111231073737,0.18188142171129584,0.0009834002703428268,0.0022875815629959106,0.0,66.98219631053507,6.521779769100249,2.386218742467463,0.0,0.0009757671505212784,0.009640522301197052,0.0,0.0,0.0,0.0,0.0,0.0,0.0,0.0,0.0,0.0,0.0,0.0,0.0,0.17932288255542517,0.0,0.17932288255542517,0.0,0.16016007866710424,0.0,0.14915201347321272,0.0,0.14915201347321272,0.0,0.1493782578036189,0.0,0.0,0.0,0.0,0.0,0.0,0.0,0.0,0.0,0.0,0.0,0.0,0.0,84.4593471866101,50438971.0,82.37124101165682,50106521.0,76.52469962555915,50438971.0,75.6728076812659,65202726.0,75.84647702192888,47451261.0,75.75143285375088,47554621.0,201755.884,73854.588,0.011868026627227664,0.01590256346054375,200426.084,73001.844,0.011860064493492245,0.015888715440221128,201755.884,73854.588,0.01171832156740129,0.015866384377516803,234761.808,105157.38,0.011718043558906582,0.015862435766495982,189805.044,89859.536,0.011718407412990928,0.01591162368142977,166359.588,90644.656,0.01171936091221869,0.015858970671892163,6910
crmarenapro,query12,8,1/2,84.63867006916553,74.87719316221774,48764116.0,50438971.0,0.0,0.0,6910.0,82.55056389421225,72.91747569479048,48302244.0,50106521.0,182.0,0.0,6910.0,75.80178993474692,66.03922149166465,35513692.0,50438971.0,858.0,0.0,6910.0,73.54785552488325,66.03922149166465,35513692.0,85927482.0,858.0,0.0,6910.0,73.75395462522283,66.03922149166465,35513692.0,35820961.0,858.0,0.0,6910.0,73.53317226469517,66.03922149166465,35513692.0,35820961.0,858.0,0.0,6910.0,74.87719316221774,7.173372760415077,2.5881041465327144,0.0,0.0,0.0,0.0,72.91747569479048,7.057517756707966,2.573051323182881,0.0,0.00023153796792030334,0.0022875815629959106,0.0,66.03922149166465,7.173372760415077,2.5881041465327144,0.0,0.00109153613448143,0.0,0.0,66.03922149166465,5.668180048465729,1.8138948753476143,0.023179991707775488,0.00109153613448143,0.0022875815629959106,0.0,66.03922149166465,5.668180048465729,1.8138948753476143,0.22927909204736352,0.00109153613448143,0.0022875815629959106,0.0,66.03922149166465,5.668180048465729,1.8138948753476143,0.0,0.00109153613448143,0.010784313082695007,0.0,0.0,0.0,0.0,0.0,0.0,0.0,0.0,0.0,0.0,0.0,0.0,0.0,0.17932288255542517,0.0,0.17932288255542517,0.0,0.16016007866710424,0.0,0.14915201347321272,0.0,0.14915201347321272,0.0,0.1493782578036189,0.0,0.0,0.0,0.0,0.0,0.0,0.0,0.0,0.0,0.0,0.0,0.0,0.0,84.4593471866101,50438971.0,82.37124101165682,50106521.0,75.64162985607982,50438971.0,73.39870351141003,85927482.0,73.60480261174962,35820961.0,73.38379400689155,35820961.0,201755.884,73854.588,0.011868026627227664,0.01590256346054375,200426.084,73001.844,0.011860064493492245,0.015888715440221128,201755.884,73854.588,0.011712555604055524,0.01530707166716456,343709.928,200617.456,0.011685769511993791,0.014980675953240053,143283.844,143283.844,0.011686133366078138,0.015051795319281516,143283.844,143283.844,0.011685745000839234,0.014971573175676163,6910
crmarenapro,query12,8,1/4,84.63867006916553,74.87719316221774,48764116.0,50438971.0,0.0,0.0,6910.0,82.55056389421225,72.91747569479048,48302244.0,50106521.0,182.0,0.0,6910.0,75.80178993474692,66.03922149166465,35513692.0,50438971.0,858.0,0.0,6910.0,73.54785552488325,66.03922149166465,35513692.0,85927482.0,858.0,0.0,6910.0,73.75395462522283,66.03922149166465,35513692.0,35820961.0,858.0,0.0,6910.0,73.53317226469517,66.03922149166465,35513692.0,35820961.0,858.0,0.0,6910.0,74.87719316221774,7.173372760415077,2.5881041465327144,0.0,0.0,0.0,0.0,72.91747569479048,7.057517756707966,2.573051323182881,0.0,0.00023153796792030334,0.0022875815629959106,0.0,66.03922149166465,7.173372760415077,2.5881041465327144,0.0,0.00109153613448143,0.0,0.0,66.03922149166465,5.668180048465729,1.8138948753476143,0.023179991707775488,0.00109153613448143,0.0022875815629959106,0.0,66.03922149166465,5.668180048465729,1.8138948753476143,0.22927909204736352,0.00109153613448143,0.0022875815629959106,0.0,66.03922149166465,5.668180048465729,1.8138948753476143,0.0,0.00109153613448143,0.010784313082695007,0.0,0.0,0.0,0.0,0.0,0.0,0.0,0.0,0.0,0.0,0.0,0.0,0.0,0.17932288255542517,0.0,0.17932288255542517,0.0,0.16016007866710424,0.0,0.14915201347321272,0.0,0.14915201347321272,0.0,0.1493782578036189,0.0,0.0,0.0,0.0,0.0,0.0,0.0,0.0,0.0,0.0,0.0,0.0,0.0,84.4593471866101,50438971.0,82.37124101165682,50106521.0,75.64162985607982,50438971.0,73.39870351141003,85927482.0,73.60480261174962,35820961.0,73.38379400689155,35820961.0,201755.884,73854.588,0.011868026627227664,0.01590256346054375,200426.084,73001.844,0.011860064493492245,0.015888715440221128,201755.884,73854.588,0.011712555604055524,0.01530707166716456,333543.04,193230.4,0.011685769511993791,0.014980675953240053,143283.844,135538.816,0.011686133366078138,0.015051795319281516,134978.372,134978.372,0.011685745000839234,0.014971573175676163,6910
crmarenapro,query12,8,1/8,84.63867006916553,74.87719316221774,48764116.0,50438971.0,0.0,0.0,6910.0,82.55056389421225,72.91747569479048,48302244.0,50106521.0,182.0,0.0,6910.0,76.00901645421982,66.24647345487028,37663437.0,50438971.0,838.0,0.0,6910.0,74.05900651083944,66.24647345487028,37663437.0,88416933.0,838.0,0.0,6910.0,74.26510561117902,66.24647345487028,37663437.0,38310412.0,838.0,0.0,6910.0,73.8474655104801,66.18452750053257,36688470.0,37178330.0,843.0,13.0,6910.0,74.87719316221774,7.173372760415077,2.5881041465327144,0.0,0.0,0.0,0.0,72.91747569479048,7.057517756707966,2.573051323182881,0.0,0.00023153796792030334,0.0022875815629959106,0.0,66.24647345487028,7.173372760415077,2.5881041465327144,0.0,0.0010660924017429352,0.0,0.0,66.24647345487028,5.850101046264172,1.9358983440324664,0.023179991707775488,0.0010660924017429352,0.0022875815629959106,0.0,66.24647345487028,5.850101046264172,1.9358983440324664,0.22927909204736352,0.0010660924017429352,0.0022875815629959106,0.0,66.18452750053257,5.770370456390083,1.8808993240818381,0.0,0.001072453334927559,0.01059577614068985,0.0,0.0,0.0,0.0,0.0,0.0,0.0,0.0,0.0,0.0,0.0,0.0,0.0,0.17932288255542517,0.0,0.17932288255542517,0.0,0.16016007866710424,0.0,0.14915201347321272,0.0,0.14915201347321272,0.0,0.15103923249989748,0.0,0.0,0.0,0.0,0.0,0.0,0.0,0.0,0.0,0.0,0.0,0.0,0.0,84.4593471866101,50438971.0,82.37124101165682,50106521.0,75.84885637555271,50438971.0,73.90985449736623,88416933.0,74.11595359770581,38310412.0,73.69642627798021,37178330.0,201755.884,73854.588,0.011868026627227664,0.01590256346054375,200426.084,73001.844,0.011860064493492245,0.015888715440221128,201755.884,73854.588,0.011717890352010728,0.015353544337488707,279494.924,149227.832,0.011696357207979824,0.015042490377783796,153241.648,92441.7,0.01169672106206417,0.015114076143968846,96483.492,91847.888,0.011692483779042959,0.014977949619479472,6910
crmarenapro,query13,8,1,62.1660636421293,38.90246514696628,137864938.0,154715438.0,0.0,0.0,6841.0,61.92063556332141,38.67768556624651,137824381.0,154715438.0,39.0,0.0,6841.0,56.040535614825785,32.77558224089444,112244840.0,154715438.0,1065.0,0.0,6841.0,51.705916718774354,32.77558224089444,112244840.0,279828648.0,1065.0,0.0,6841.0,52.061493238434196,32.77558224089444,112244840.0,125113210.0,1065.0,0.0,6841.0,51.64723907597363,32.77558224089444,112244840.0,125113210.0,1065.0,0.0,6841.0,38.90246514696628,14.845312156714499,8.418286338448524,0.0,0.0,0.0,0.0,38.67768556624651,14.824123847298324,8.418286338448524,0.0,4.9615278840065e-05,0.0004901960492134094,0.0,32.77558224089444,14.845312156714499,8.418286338448524,0.0,0.001354878768324852,0.0,0.0,32.77558224089444,12.062669325619936,6.794246507808566,0.07157356963387765,0.001354878768324852,0.0004901960492134094,0.0,32.77558224089444,12.062669325619936,6.794246507808566,0.42715008929371834,0.001354878768324852,0.0004901960492134094,0.0,32.77558224089444,12.062669325619936,6.794246507808566,0.0,0.001354878768324852,0.01338612288236618,0.0,0.0,0.0,0.0,0.0,0.0,0.0,0.0,0.0,0.0,0.0,0.0,0.0,15.648203470744193,44137784.0,15.61503071617335,44137784.0,15.16057275235653,44137784.0,14.220626382197553,83534772.0,14.430628817994148,39396988.0,14.20704521983862,39396988.0,0.0,0.0,0.0,0.0,0.0,0.0,0.0,0.0,0.0,0.0,0.0,0.0,46.51786017138511,110577654.0,46.30560484714806,110577654.0,40.879962862469256,110577654.0,37.4852903365768,196293876.0,37.63086442044005,85716222.0,37.44019385613501,85716222.0,618861.752,271887.132,0.0064288596399128435,0.023002704230137155,618861.752,271887.132,0.006390230568125844,0.023002704230137155,618861.752,271887.132,0.0050885964445769784,0.02246218157522379,1119314.592,733036.968,0.004733860946023679,0.020412546123943918,500452.84,500452.84,0.004776416192762554,0.020528884876519434,500452.84,500452.84,0.004731308864429593,0.02038259429596364,6841
crmarenapro,query13,8,1/16,62.1660636421293,38.90246514696628,137864938.0,154715438.0,0.0,0.0,6841.0,61.92063556332141,38.67768556624651,137824381.0,154715438.0,39.0,105.0,6841.0,56.48928075283766,33.22436936106533,128944424.0,154715438.0,1032.0,105.0,6841.0,54.54212254023979,33.22436936106533,128944424.0,233829000.0,1032.0,105.0,6841.0,54.89807782554999,33.22436936106533,128944424.0,144738904.0,1032.0,105.0,6841.0,54.65922751184553,33.282841690815985,129438585.0,145331306.0,1024.0,105.0,6841.0,38.90246514696628,14.845312156714499,8.418286338448524,0.0,0.0,0.0,0.0,38.67768556624651,14.824123847298324,8.418286338448524,0.0,4.9615278840065e-05,0.0004901960492134094,0.0,33.22436936106533,14.845312156714499,8.418286338448524,0.0,0.0013128966093063354,0.0,0.0,33.22436936106533,13.476755645126104,7.797980091534555,0.04121434985527976,0.0013128966093063354,0.0004901960492134094,0.0,33.22436936106533,13.476755645126104,7.797980091534555,0.39716963516548276,0.0013128966093063354,0.0004901960492134094,0.0,33.282841690815985,13.528440221212804,7.83377209212631,0.0,0.0013027191162109375,0.01287078857421875,0.0,0.0,0.0,0.0,0.0,0.0,0.0,0.0,0.0,0.0,0.0,0.0,0.0,15.648203470744193,44137784.0,15.61503071617335,44137784.0,15.16057275235653,44137784.0,14.220626382197553,83534772.0,14.430628817994148,39396988.0,14.221443711780012,39463786.0,0.0,0.0,0.0,0.0,0.0,0.0,0.0,0.0,0.0,0.0,0.0,0.0,46.51786017138511,110577654.0,46.30560484714806,110577654.0,41.32870800048113,110577654.0,40.32149615804224,150294228.0,40.46744900755584,105341916.0,40.43778380006552,105867520.0,618861.752,271887.132,0.0064288596399128435,0.023002704230137155,618861.752,271887.132,0.006390230568125844,0.023002704230137155,618861.752,271887.132,0.0050885964445769784,0.0228798489704728,876291.948,512128.048,0.004769623665742185,0.022827449320983954,578955.616,389619.9,0.004814350570552051,0.022942078327015027,527125.232,387956.776,0.00479932733438909,0.022883369144424782,6841
crmarenapro,query13,8,1/2,62.1660636421293,38.90246514696628,137864938.0,154715438.0,0.0,0.0,6841.0,61.92063556332141,38.67768556624651,137824381.0,154715438.0,39.0,0.0,6841.0,56.040535614825785,32.77558224089444,112244840.0,154715438.0,1065.0,0.0,6841.0,51.705916718774354,32.77558224089444,112244840.0,279828648.0,1065.0,0.0,6841.0,52.061493238434196,32.77558224089444,112244840.0,125113210.0,1065.0,0.0,6841.0,51.64723907597363,32.77558224089444,112244840.0,125113210.0,1065.0,0.0,6841.0,38.90246514696628,14.845312156714499,8.418286338448524,0.0,0.0,0.0,0.0,38.67768556624651,14.824123847298324,8.418286338448524,0.0,4.9615278840065e-05,0.0004901960492134094,0.0,32.77558224089444,14.845312156714499,8.418286338448524,0.0,0.001354878768324852,0.0,0.0,32.77558224089444,12.062669325619936,6.794246507808566,0.07157356963387765,0.001354878768324852,0.0004901960492134094,0.0,32.77558224089444,12.062669325619936,6.794246507808566,0.42715008929371834,0.001354878768324852,0.0004901960492134094,0.0,32.77558224089444,12.062669325619936,6.794246507808566,0.0,0.001354878768324852,0.01338612288236618,0.0,0.0,0.0,0.0,0.0,0.0,0.0,0.0,0.0,0.0,0.0,0.0,0.0,15.648203470744193,44137784.0,15.61503071617335,44137784.0,15.16057275235653,44137784.0,14.220626382197553,83534772.0,14.430628817994148,39396988.0,14.20704521983862,39396988.0,0.0,0.0,0.0,0.0,0.0,0.0,0.0,0.0,0.0,0.0,0.0,0.0,46.51786017138511,110577654.0,46.30560484714806,110577654.0,40.879962862469256,110577654.0,37.4852903365768,196293876.0,37.63086442044005,85716222.0,37.44019385613501,85716222.0,618861.752,271887.132,0.0064288596399128435,0.023002704230137155,618861.752,271887.132,0.006390230568125844,0.023002704230137155,618861.752,271887.132,0.0050885964445769784,0.02246218157522379,1119314.592,733036.968,0.004733860946023679,0.020412546123943918,500452.84,500452.84,0.004776416192762554,0.020528884876519434,500452.84,500452.84,0.004731308864429593,0.02038259429596364,6841
crmarenapro,query13,8,1/4,62.1660636421293,38.90246514696628,137864938.0,154715438.0,0.0,0.0,6841.0,61.92063556332141,38.67768556624651,137824381.0,154715438.0,39.0,0.0,6841.0,56.040535614825785,32.77558224089444,112244840.0,154715438.0,1065.0,0.0,6841.0,51.705916718774354,32.77558224089444,112244840.0,279828648.0,1065.0,0.0,6841.0,52.061493238434196,32.77558224089444,112244840.0,125113210.0,1065.0,0.0,6841.0,51.64723907597363,32.77558224089444,112244840.0,125113210.0,1065.0,0.0,6841.0,38.90246514696628,14.845312156714499,8.418286338448524,0.0,0.0,0.0,0.0,38.67768556624651,14.824123847298324,8.418286338448524,0.0,4.9615278840065e-05,0.0004901960492134094,0.0,32.77558224089444,14.845312156714499,8.418286338448524,0.0,0.001354878768324852,0.0,0.0,32.77558224089444,12.062669325619936,6.794246507808566,0.07157356963387765,0.001354878768324852,0.0004901960492134094,0.0,32.77558224089444,12.062669325619936,6.794246507808566,0.42715008929371834,0.001354878768324852,0.0004901960492134094,0.0,32.77558224089444,12.062669325619936,6.794246507808566,0.0,0.001354878768324852,0.01338612288236618,0.0,0.0,0.0,0.0,0.0,0.0,0.0,0.0,0.0,0.0,0.0,0.0,0.0,15.648203470744193,44137784.0,15.61503071617335,44137784.0,15.16057275235653,44137784.0,14.220626382197553,83534772.0,14.430628817994148,39396988.0,14.20704521983862,39396988.0,0.0,0.0,0.0,0.0,0.0,0.0,0.0,0.0,0.0,0.0,0.0,0.0,46.51786017138511,110577654.0,46.30560484714806,110577654.0,40.879962862469256,110577654.0,37.4852903365768,196293876.0,37.63086442044005,85716222.0,37.44019385613501,85716222.0,618861.752,271887.132,0.0064288596399128435,0.023002704230137155,618861.752,271887.132,0.006390230568125844,0.023002704230137155,618861.752,271887.132,0.0050885964445769784,0.02246218157522379,1119314.592,733036.968,0.004733860946023679,0.020412546123943918,500452.84,500452.84,0.004776416192762554,0.020528884876519434,500452.84,500452.84,0.004731308864429593,0.02038259429596364,6841
crmarenapro,query13,8,1/8,62.1660636421293,38.90246514696628,137864938.0,154715438.0,0.0,0.0,6841.0,61.92063556332141,38.67768556624651,137824381.0,154715438.0,39.0,0.0,6841.0,56.26519307214767,33.00027277506888,116478926.0,154715438.0,1039.0,0.0,6841.0,52.55686876756034,33.00027277506888,116478926.0,284792967.0,1039.0,0.0,6841.0,52.91244528722018,33.00027277506888,116478926.0,130077529.0,1039.0,0.0,6841.0,52.652145670726895,33.02568887267262,117314299.0,131070994.0,1037.0,8.0,6841.0,38.90246514696628,14.845312156714499,8.418286338448524,0.0,0.0,0.0,0.0,38.67768556624651,14.824123847298324,8.418286338448524,0.0,4.9615278840065e-05,0.0004901960492134094,0.0,33.00027277506888,14.845312156714499,8.418286338448524,0.0,0.0013218019157648087,0.0,0.0,33.00027277506888,12.432918791659176,7.050291633233428,0.07157356963387765,0.0013218019157648087,0.0004901960492134094,0.0,33.00027277506888,12.432918791659176,7.050291633233428,0.42715008929371834,0.0013218019157648087,0.0004901960492134094,0.0,33.02568887267262,12.507300155237317,7.10480319801718,0.0,0.0013192575424909592,0.013034187257289886,0.0,0.0,0.0,0.0,0.0,0.0,0.0,0.0,0.0,0.0,0.0,0.0,0.0,15.648203470744193,44137784.0,15.61503071617335,44137784.0,15.16765003837645,44137784.0,14.241341299417728,83601570.0,14.451343735214323,39463786.0,14.22776274383068,39463786.0,0.0,0.0,0.0,0.0,0.0,0.0,0.0,0.0,0.0,0.0,0.0,0.0,46.51786017138511,110577654.0,46.30560484714806,110577654.0,41.09754303377122,110577654.0,38.31552746814261,201191397.0,38.46110155200586,90613743.0,38.424382926896214,91607208.0,618861.752,271887.132,0.0064288596399128435,0.023002704230137155,618861.752,271887.132,0.006390230568125844,0.023002704230137155,618861.752,271887.132,0.0050921283140778545,0.022567104674875726,1006498.312,648328.268,0.004770990525135612,0.020963954025100876,520310.116,415660.72,0.004813545771874488,0.0210790041072294,414749.128,414657.94,0.00479970520734787,0.020983876974508157,6841
crmarenapro,query2,8,1,98.551788312383,70.63859186973423,1036205509.0,1043552063.0,0.0,0.0,11419.0,98.52818628121167,70.62141811009496,1036204213.0,1043552063.0,24.0,0.0,11419.0,74.08179740421474,46.16451851464808,636640505.0,1043552063.0,3209.0,0.0,11419.0,66.30684082256329,46.16451851464808,636640505.0,1685250387.0,3209.0,0.0,11419.0,66.60071527119726,46.16451851464808,636640505.0,641698324.0,3209.0,0.0,11419.0,65.86411142256111,46.16451851464808,636640505.0,641698324.0,3209.0,0.0,11419.0,70.63859186973423,17.677457571029663,10.235738871619105,0.0,0.0,0.0,0.0,70.62141811009496,17.67069710791111,10.235738871619105,0.0,3.053247928619385e-05,0.00030165910720825195,0.0,46.16451851464808,17.677457571029663,10.235738871619105,0.0,0.004082446917891502,0.0,0.0,46.16451851464808,12.477551881223917,7.177624243311584,0.4827620773546023,0.004082446917891502,0.00030165910720825195,0.0,46.16451851464808,12.477551881223917,7.177624243311584,0.7766365259885788,0.004082446917891502,0.00030165910720825195,0.0,46.16451851464808,12.477551881223917,7.177624243311584,0.0,0.004082446917891502,0.04033433645963669,0.0,0.0,0.0,0.0,0.0,0.0,0.0,0.0,0.0,0.0,0.0,0.0,0.0,4.568181904964149,6811135.0,4.544579873792827,6811135.0,4.1578325582668185,6811135.0,3.862616550598959,12651638.0,3.93027659971267,5840503.0,3.8652097145095468,5840503.0,31.913975965231657,864601555.0,31.913975965231657,864601555.0,29.936665606684983,864601555.0,24.61283886001342,1335794642.0,24.89156221738085,471193087.0,24.221295727416873,471193087.0,62.06963044218719,172139373.0,62.06963044218719,172139373.0,39.98729923926294,172139373.0,37.831385411950905,336804107.0,37.77887645410374,164664734.0,37.77760598063469,164664734.0,4174208.252,1332911.924,0.00904017448425293,0.01686788501907139,4174208.252,1332911.924,0.00904017448425293,0.01686788501907139,4174208.252,1332911.924,0.005296943712979555,0.016740269509702914,6741001.548,3780479.708,0.00491315387457789,0.0157788699231957,2566793.296,2566793.296,0.004938065652735532,0.015822609866689884,2566793.296,2566793.296,0.0049020539317280055,0.01568014122396707,11419
crmarenapro,query2,8,1/16,98.551788312383,70.63859186973423,1036205509.0,1043552063.0,0.0,0.0,11419.0,98.52818628121167,70.62141811009496,1036204213.0,1043552063.0,24.0,6.0,11419.0,74.14649761281908,46.22922635637224,641066458.0,1043552063.0,3203.0,6.0,11419.0,66.77738715411127,46.22922635637224,641066458.0,1603367838.0,3203.0,6.0,11419.0,67.10971325449646,46.22922635637224,641066458.0,646637179.0,3203.0,6.0,11419.0,66.44520408753306,46.462185338139534,647516587.0,652746574.0,3156.0,38.0,11419.0,70.63859186973423,17.677457571029663,10.235738871619105,0.0,0.0,0.0,0.0,70.62141811009496,17.67069710791111,10.235738871619105,0.0,3.053247928619385e-05,0.00030165910720825195,0.0,46.22922635637224,17.677457571029663,10.235738871619105,0.0,0.004074813798069954,0.0,0.0,46.22922635637224,12.745111679658294,7.356075388379395,0.4425972567960681,0.004074813798069954,0.00030165910720825195,0.0,46.22922635637224,12.745111679658294,7.356075388379395,0.774923357181251,0.004074813798069954,0.00030165910720825195,0.0,46.462185338139534,12.646182714030147,7.2931528417393565,0.0,0.004015021026134491,0.03966817259788513,0.0,0.0,0.0,0.0,0.0,0.0,0.0,0.0,0.0,0.0,0.0,0.0,0.0,4.568181904964149,6811135.0,4.544579873792827,6811135.0,4.158814726397395,6811135.0,3.8653915277241864,12665912.0,3.9330515768378973,5854777.0,3.9052343405783176,5968969.0,31.913975965231657,864601555.0,31.913975965231657,864601555.0,29.9399341577664,864601555.0,24.625694979325765,1336432882.0,24.904418336693197,471831327.0,24.397742476314306,480128447.0,62.06963044218719,172139373.0,62.06963044218719,172139373.0,40.04774872865528,172139373.0,38.286300647061324,254269044.0,38.27224334096536,168951075.0,38.14222727064043,166649158.0,4174208.252,1332911.924,0.00904017448425293,0.01686788501907139,4174208.252,1332911.924,0.00904017448425293,0.01686788501907139,4174208.252,1332911.924,0.005297521373257041,0.0168020162411034,5993265.196,3107483.92,0.00493142370905975,0.016629337110012802,2586548.716,2303525.412,0.004955777637660503,0.016669334885291747,2335141.308,2262515.888,0.0049842553120106456,0.016053370897285632,11419
crmarenapro,query2,8,1/2,98.551788312383,70.63859186973423,1036205509.0,1043552063.0,0.0,0.0,11419.0,98.52818628121167,70.62141811009496,1036204213.0,1043552063.0,24.0,0.0,11419.0,74.08179740421474,46.16451851464808,636640505.0,1043552063.0,3209.0,0.0,11419.0,66.30684082256329,46.16451851464808,636640505.0,1685250387.0,3209.0,0.0,11419.0,66.60071527119726,46.16451851464808,636640505.0,641698324.0,3209.0,0.0,11419.0,65.86411142256111,46.16451851464808,636640505.0,641698324.0,3209.0,0.0,11419.0,70.63859186973423,17.677457571029663,10.235738871619105,0.0,0.0,0.0,0.0,70.62141811009496,17.67069710791111,10.235738871619105,0.0,3.053247928619385e-05,0.00030165910720825195,0.0,46.16451851464808,17.677457571029663,10.235738871619105,0.0,0.004082446917891502,0.0,0.0,46.16451851464808,12.477551881223917,7.177624243311584,0.4827620773546023,0.004082446917891502,0.00030165910720825195,0.0,46.16451851464808,12.477551881223917,7.177624243311584,0.7766365259885788,0.004082446917891502,0.00030165910720825195,0.0,46.16451851464808,12.477551881223917,7.177624243311584,0.0,0.004082446917891502,0.04033433645963669,0.0,0.0,0.0,0.0,0.0,0.0,0.0,0.0,0.0,0.0,0.0,0.0,0.0,4.568181904964149,6811135.0,4.544579873792827,6811135.0,4.1578325582668185,6811135.0,3.862616550598959,12651638.0,3.93027659971267,5840503.0,3.8652097145095468,5840503.0,31.913975965231657,864601555.0,31.913975965231657,864601555.0,29.936665606684983,864601555.0,24.61283886001342,1335794642.0,24.89156221738085,471193087.0,24.221295727416873,471193087.0,62.06963044218719,172139373.0,62.06963044218719,172139373.0,39.98729923926294,172139373.0,37.831385411950905,336804107.0,37.77887645410374,164664734.0,37.77760598063469,164664734.0,4174208.252,1332911.924,0.00904017448425293,0.01686788501907139,4174208.252,1332911.924,0.00904017448425293,0.01686788501907139,4174208.252,1332911.924,0.005296943712979555,0.016740269509702914,6738448.588,3777926.748,0.00491315387457789,0.0157788699231957,2566793.296,2564240.336,0.004938065652735532,0.015822609866689884,2564240.336,2564240.336,0.0049020539317280055,0.01568014122396707,11419
crmarenapro,query2,8,1/4,98.551788312383,70.63859186973423,1036205509.0,1043552063.0,0.0,0.0,11419.0,98.52818628121167,70.62141811009496,1036204213.0,1043552063.0,24.0,6.0,11419.0,74.08179740421474,46.16451851464808,636640505.0,1043552063.0,3209.0,6.0,11419.0,66.26667600200474,46.16451851464808,636640505.0,1598428983.0,3209.0,6.0,11419.0,66.59900210238993,46.16451851464808,636640505.0,641698324.0,3209.0,6.0,11419.0,65.86411142256111,46.16451851464808,636640505.0,641698324.0,3209.0,6.0,11419.0,70.63859186973423,17.677457571029663,10.235738871619105,0.0,0.0,0.0,0.0,70.62141811009496,17.67069710791111,10.235738871619105,0.0,3.053247928619385e-05,0.00030165910720825195,0.0,46.16451851464808,17.677457571029663,10.235738871619105,0.0,0.004082446917891502,0.0,0.0,46.16451851464808,12.477551881223917,7.177624243311584,0.4425972567960681,0.004082446917891502,0.00030165910720825195,0.0,46.16451851464808,12.477551881223917,7.177624243311584,0.774923357181251,0.004082446917891502,0.00030165910720825195,0.0,46.16451851464808,12.477551881223917,7.177624243311584,0.0,0.004082446917891502,0.04033433645963669,0.0,0.0,0.0,0.0,0.0,0.0,0.0,0.0,0.0,0.0,0.0,0.0,0.0,4.568181904964149,6811135.0,4.544579873792827,6811135.0,4.1578325582668185,6811135.0,3.862616550598959,12651638.0,3.93027659971267,5840503.0,3.8652097145095468,5840503.0,31.913975965231657,864601555.0,31.913975965231657,864601555.0,29.936665606684983,864601555.0,24.61283886001342,1335794642.0,24.89156221738085,471193087.0,24.221295727416873,471193087.0,62.06963044218719,172139373.0,62.06963044218719,172139373.0,39.98729923926294,172139373.0,37.791220591392374,249982703.0,37.77716328529641,164664734.0,37.77760598063469,164664734.0,4174208.252,1332911.924,0.00904017448425293,0.01686788501907139,4174208.252,1332911.924,0.00904017448425293,0.01686788501907139,4174208.252,1332911.924,0.005296943712979555,0.016740269509702914,6393715.932,3433194.092,0.00491315387457789,0.0157788699231957,2566793.296,2553744.272,0.004938065652735532,0.015822609866689884,2566793.296,2553744.272,0.0049020539317280055,0.01568014122396707,11419
crmarenapro,query2,8,1/8,98.551788312383,70.63859186973423,1036205509.0,1043552063.0,0.0,0.0,11419.0,98.52818628121167,70.62141811009496,1036204213.0,1043552063.0,24.0,6.0,11419.0,74.08179740421474,46.16451851464808,636640505.0,1043552063.0,3209.0,6.0,11419.0,66.26667600200474,46.16451851464808,636640505.0,1598428983.0,3209.0,6.0,11419.0,66.59900210238993,46.16451851464808,636640505.0,641698324.0,3209.0,6.0,11419.0,65.86411142256111,46.16451851464808,636640505.0,641698324.0,3209.0,6.0,11419.0,70.63859186973423,17.677457571029663,10.235738871619105,0.0,0.0,0.0,0.0,70.62141811009496,17.67069710791111,10.235738871619105,0.0,3.053247928619385e-05,0.00030165910720825195,0.0,46.16451851464808,17.677457571029663,10.235738871619105,0.0,0.004082446917891502,0.0,0.0,46.16451851464808,12.477551881223917,7.177624243311584,0.4425972567960681,0.004082446917891502,0.00030165910720825195,0.0,46.16451851464808,12.477551881223917,7.177624243311584,0.774923357181251,0.004082446917891502,0.00030165910720825195,0.0,46.16451851464808,12.477551881223917,7.177624243311584,0.0,0.004082446917891502,0.04033433645963669,0.0,0.0,0.0,0.0,0.0,0.0,0.0,0.0,0.0,0.0,0.0,0.0,0.0,4.568181904964149,6811135.0,4.544579873792827,6811135.0,4.1578325582668185,6811135.0,3.862616550598959,12651638.0,3.93027659971267,5840503.0,3.8652097145095468,5840503.0,31.913975965231657,864601555.0,31.913975965231657,864601555.0,29.936665606684983,864601555.0,24.61283886001342,1335794642.0,24.89156221738085,471193087.0,24.221295727416873,471193087.0,62.06963044218719,172139373.0,62.06963044218719,172139373.0,39.98729923926294,172139373.0,37.791220591392374,249982703.0,37.77716328529641,164664734.0,37.77760598063469,164664734.0,4174208.252,1332911.924,0.00904017448425293,0.01686788501907139,4174208.252,1332911.924,0.00904017448425293,0.01686788501907139,4174208.252,1332911.924,0.005296943712979555,0.016740269509702914,6377806.648,3423696.0,0.00491315387457789,0.0157788699231957,2566793.296,2538487.624,0.004938065652735532,0.015822609866689884,2551536.648,2538487.624,0.0049020539317280055,0.01568014122396707,11419
crmarenapro,query3,8,1,105.95407378021628,100.89955773763359,9450658.0,0.0,0.0,0.0,8007.0,105.82134481798857,100.77404651045799,9445450.0,0.0,12.0,0.0,8007.0,86.79931748658419,81.74283591564745,7766484.0,0.0,1545.0,0.0,8007.0,85.81793473660946,81.74283591564745,7766484.0,0.0,1545.0,0.0,8007.0,85.81793473660946,81.74283591564745,7766484.0,0.0,1545.0,0.0,8007.0,85.83720321208239,81.74283591564745,7766484.0,0.0,1545.0,0.0,8007.0,100.89955773763359,5.054516042582691,0.0,0.0,0.0,0.0,0.0,100.77404651045799,5.047132211737335,0.0,0.0,1.5266239643096924e-05,0.00015082955360412598,0.0,81.74283591564745,5.054516042582691,0.0,0.0,0.001965528354048729,0.0,0.0,81.74283591564745,4.072982463054359,0.0,0.0,0.001965528354048729,0.00015082955360412598,0.0,81.74283591564745,4.072982463054359,0.0,0.0,0.001965528354048729,0.00015082955360412598,0.0,81.74283591564745,4.072982463054359,0.0,0.0,0.001965528354048729,0.01941930502653122,0.0,0.0,0.0,0.0,0.0,0.0,0.0,0.0,0.0,0.0,0.0,0.0,0.0,0.09079228527843952,0.0,0.09079228527843952,0.0,0.08975549414753914,0.0,0.08934793062508106,0.0,0.08934793062508106,0.0,0.08936049975454807,0.0,0.0593427587300539,0.0,0.0593427587300539,0.0,0.0593427587300539,0.0,0.0593427587300539,0.0,0.0593427587300539,0.0,0.0593427587300539,0.0,105.80393873620778,0.0,105.67120977398008,0.0,86.6502192337066,0.0,85.66924404725432,0.0,85.66924404725432,0.0,85.68849995359778,0.0,0.0,0.0,0.01143058805540204,0.02335912114176899,0.0,0.0,0.011429947804659606,0.02335912114176899,0.0,0.0,0.009001664597541094,0.02181063596755265,0.0,0.0,0.008907277129590512,0.021807986013032486,0.0,0.0,0.008907277129590512,0.021807986013032486,0.0,0.0,0.00890989150851965,0.021808073996938755,8007
crmarenapro,query3,8,1/16,105.95407378021628,100.89955773763359,9450658.0,0.0,0.0,0.0,8007.0,105.82134481798857,100.77404651045799,9445450.0,0.0,12.0,0.0,8007.0,86.79931748658419,81.74283591564745,7766484.0,0.0,1545.0,0.0,8007.0,85.81793473660946,81.74283591564745,7766484.0,0.0,1545.0,0.0,8007.0,85.81793473660946,81.74283591564745,7766484.0,0.0,1545.0,0.0,8007.0,85.83720321208239,81.74283591564745,7766484.0,0.0,1545.0,0.0,8007.0,100.89955773763359,5.054516042582691,0.0,0.0,0.0,0.0,0.0,100.77404651045799,5.047132211737335,0.0,0.0,1.5266239643096924e-05,0.00015082955360412598,0.0,81.74283591564745,5.054516042582691,0.0,0.0,0.001965528354048729,0.0,0.0,81.74283591564745,4.072982463054359,0.0,0.0,0.001965528354048729,0.00015082955360412598,0.0,81.74283591564745,4.072982463054359,0.0,0.0,0.001965528354048729,0.00015082955360412598,0.0,81.74283591564745,4.072982463054359,0.0,0.0,0.001965528354048729,0.01941930502653122,0.0,0.0,0.0,0.0,0.0,0.0,0.0,0.0,0.0,0.0,0.0,0.0,0.0,0.09079228527843952,0.0,0.09079228527843952,0.0,0.08975549414753914,0.0,0.08934793062508106,0.0,0.08934793062508106,0.0,0.08936049975454807,0.0,0.0593427587300539,0.0,0.0593427587300539,0.0,0.0593427587300539,0.0,0.0593427587300539,0.0,0.0593427587300539,0.0,0.0593427587300539,0.0,105.80393873620778,0.0,105.67120977398008,0.0,86.6502192337066,0.0,85.66924404725432,0.0,85.66924404725432,0.0,85.68849995359778,0.0,0.0,0.0,0.01143058805540204,0.02335912114176899,0.0,0.0,0.011429947804659606,0.02335912114176899,0.0,0.0,0.009001664597541094,0.02181063596755265,0.0,0.0,0.008907277129590512,0.021807986013032486,0.0,0.0,0.008907277129590512,0.021807986013032486,0.0,0.0,0.00890989150851965,0.021808073996938755,8007
crmarenapro,query3,8,1/2,105.95407378021628,100.89955773763359,9450658.0,0.0,0.0,0.0,8007.0,105.82134481798857,100.77404651045799,9445450.0,0.0,12.0,0.0,8007.0,86.79931748658419,81.74283591564745,7766484.0,0.0,1545.0,0.0,8007.0,85.81793473660946,81.74283591564745,7766484.0,0.0,1545.0,0.0,8007.0,85.81793473660946,81.74283591564745,7766484.0,0.0,1545.0,0.0,8007.0,85.83720321208239,81.74283591564745,7766484.0,0.0,1545.0,0.0,8007.0,100.89955773763359,5.054516042582691,0.0,0.0,0.0,0.0,0.0,100.77404651045799,5.047132211737335,0.0,0.0,1.5266239643096924e-05,0.00015082955360412598,0.0,81.74283591564745,5.054516042582691,0.0,0.0,0.001965528354048729,0.0,0.0,81.74283591564745,4.072982463054359,0.0,0.0,0.001965528354048729,0.00015082955360412598,0.0,81.74283591564745,4.072982463054359,0.0,0.0,0.001965528354048729,0.00015082955360412598,0.0,81.74283591564745,4.072982463054359,0.0,0.0,0.001965528354048729,0.01941930502653122,0.0,0.0,0.0,0.0,0.0,0.0,0.0,0.0,0.0,0.0,0.0,0.0,0.0,0.09079228527843952,0.0,0.09079228527843952,0.0,0.08975549414753914,0.0,0.08934793062508106,0.0,0.08934793062508106,0.0,0.08936049975454807,0.0,0.0593427587300539,0.0,0.0593427587300539,0.0,0.0593427587300539,0.0,0.0593427587300539,0.0,0.0593427587300539,0.0,0.0593427587300539,0.0,105.80393873620778,0.0,105.67120977398008,0.0,86.6502192337066,0.0,85.66924404725432,0.0,85.66924404725432,0.0,85.68849995359778,0.0,0.0,0.0,0.01143058805540204,0.02335912114176899,0.0,0.0,0.011429947804659606,0.02335912114176899,0.0,0.0,0.009001664597541094,0.02181063596755265,0.0,0.0,0.008907277129590512,0.021807986013032486,0.0,0.0,0.008907277129590512,0.021807986013032486,0.0,0.0,0.00890989150851965,0.021808073996938755,8007
crmarenapro,query3,8,1/4,105.95407378021628,100.89955773763359,9450658.0,0.0,0.0,0.0,8007.0,105.82134481798857,100.77404651045799,9445450.0,0.0,12.0,0.0,8007.0,86.79931748658419,81.74283591564745,7766484.0,0.0,1545.0,0.0,8007.0,85.81793473660946,81.74283591564745,7766484.0,0.0,1545.0,0.0,8007.0,85.81793473660946,81.74283591564745,7766484.0,0.0,1545.0,0.0,8007.0,85.83720321208239,81.74283591564745,7766484.0,0.0,1545.0,0.0,8007.0,100.89955773763359,5.054516042582691,0.0,0.0,0.0,0.0,0.0,100.77404651045799,5.047132211737335,0.0,0.0,1.5266239643096924e-05,0.00015082955360412598,0.0,81.74283591564745,5.054516042582691,0.0,0.0,0.001965528354048729,0.0,0.0,81.74283591564745,4.072982463054359,0.0,0.0,0.001965528354048729,0.00015082955360412598,0.0,81.74283591564745,4.072982463054359,0.0,0.0,0.001965528354048729,0.00015082955360412598,0.0,81.74283591564745,4.072982463054359,0.0,0.0,0.001965528354048729,0.01941930502653122,0.0,0.0,0.0,0.0,0.0,0.0,0.0,0.0,0.0,0.0,0.0,0.0,0.0,0.09079228527843952,0.0,0.09079228527843952,0.0,0.08975549414753914,0.0,0.08934793062508106,0.0,0.08934793062508106,0.0,0.08936049975454807,0.0,0.0593427587300539,0.0,0.0593427587300539,0.0,0.0593427587300539,0.0,0.0593427587300539,0.0,0.0593427587300539,0.0,0.0593427587300539,0.0,105.80393873620778,0.0,105.67120977398008,0.0,86.6502192337066,0.0,85.66924404725432,0.0,85.66924404725432,0.0,85.68849995359778,0.0,0.0,0.0,0.01143058805540204,0.02335912114176899,0.0,0.0,0.011429947804659606,0.02335912114176899,0.0,0.0,0.009001664597541094,0.02181063596755265,0.0,0.0,0.008907277129590512,0.021807986013032486,0.0,0.0,0.008907277129590512,0.021807986013032486,0.0,0.0,0.00890989150851965,0.021808073996938755,8007
crmarenapro,query3,8,1/8,105.95407378021628,100.89955773763359,9450658.0,0.0,0.0,0.0,8007.0,105.82134481798857,100.77404651045799,9445450.0,0.0,12.0,0.0,8007.0,86.79931748658419,81.74283591564745,7766484.0,0.0,1545.0,0.0,8007.0,85.81793473660946,81.74283591564745,7766484.0,0.0,1545.0,0.0,8007.0,85.81793473660946,81.74283591564745,7766484.0,0.0,1545.0,0.0,8007.0,85.83720321208239,81.74283591564745,7766484.0,0.0,1545.0,0.0,8007.0,100.89955773763359,5.054516042582691,0.0,0.0,0.0,0.0,0.0,100.77404651045799,5.047132211737335,0.0,0.0,1.5266239643096924e-05,0.00015082955360412598,0.0,81.74283591564745,5.054516042582691,0.0,0.0,0.001965528354048729,0.0,0.0,81.74283591564745,4.072982463054359,0.0,0.0,0.001965528354048729,0.00015082955360412598,0.0,81.74283591564745,4.072982463054359,0.0,0.0,0.001965528354048729,0.00015082955360412598,0.0,81.74283591564745,4.072982463054359,0.0,0.0,0.001965528354048729,0.01941930502653122,0.0,0.0,0.0,0.0,0.0,0.0,0.0,0.0,0.0,0.0,0.0,0.0,0.0,0.09079228527843952,0.0,0.09079228527843952,0.0,0.08975549414753914,0.0,0.08934793062508106,0.0,0.08934793062508106,0.0,0.08936049975454807,0.0,0.0593427587300539,0.0,0.0593427587300539,0.0,0.0593427587300539,0.0,0.0593427587300539,0.0,0.0593427587300539,0.0,0.0593427587300539,0.0,105.80393873620778,0.0,105.67120977398008,0.0,86.6502192337066,0.0,85.66924404725432,0.0,85.66924404725432,0.0,85.68849995359778,0.0,0.0,0.0,0.01143058805540204,0.02335912114176899,0.0,0.0,0.011429947804659606,0.02335912114176899,0.0,0.0,0.009001664597541094,0.02181063596755265,0.0,0.0,0.008907277129590512,0.021807986013032486,0.0,0.0,0.008907277129590512,0.021807986013032486,0.0,0.0,0.00890989150851965,0.021808073996938755,8007
crmarenapro,query4,8,1,16.101440949365497,9.338896608911455,28419503.0,25986365.0,0.0,0.0,9412.0,15.84422907140106,9.150721602141857,28321997.0,25986365.0,234.0,0.0,9412.0,14.942815641872585,8.1784851513803,18881757.0,25986365.0,1404.0,0.0,9412.0,13.040205569651459,8.1784851513803,18881757.0,41390385.0,1404.0,0.0,9412.0,13.250895851291716,8.1784851513803,18881757.0,15404020.0,1404.0,0.0,9412.0,13.042889787815511,8.1784851513803,18881757.0,15404020.0,1404.0,0.0,9412.0,9.338896608911455,5.18142858799547,1.5811157524585724,0.0,0.0,0.0,0.0,9.150721602141857,5.109152848832309,1.5811157524585724,0.0,0.00029769167304039,0.0029411762952804565,0.0,8.1784851513803,5.18142858799547,1.5811157524585724,0.0,0.00178615003824234,0.0,0.0,8.1784851513803,3.9267432764172554,0.9182281522080302,0.012021663312350645,0.00178615003824234,0.0029411762952804565,0.0,8.1784851513803,3.9267432764172554,0.9182281522080302,0.22271194495260715,0.00178615003824234,0.0029411762952804565,0.0,8.1784851513803,3.9267432764172554,0.9182281522080302,0.0,0.00178615003824234,0.01764705777168274,0.0,0.0,0.0,0.0,0.0,0.0,0.0,0.0,0.0,0.0,0.0,0.0,0.0,7.158027623780072,16747538.0,6.966344377025962,16747538.0,6.321450125426054,16747538.0,4.888328845556828,25560578.0,4.962527770083398,8813040.0,4.891101556830108,8813040.0,7.503122610040009,8883226.0,7.437593978829682,8883226.0,7.181074800901115,8883226.0,6.711421502451671,15118605.0,6.8420812748372555,6235379.0,6.711497515439987,6235379.0,1.4402907155454159,355601.0,1.4402907155454159,355601.0,1.4402907155454159,355601.0,1.4404552216429611,711202.0,1.446286806371063,355601.0,1.4402907155454159,355601.0,103945.46,41124.788,0.0011568281184881925,0.003826815960183737,103945.46,41124.788,0.0011526403408497572,0.003826268045231697,103945.46,41124.788,0.0011195637807250023,0.0036275552101433252,165561.54,97937.86,0.0011034110747277738,0.0029169546340729853,61616.08,61616.08,0.0011034110747277738,0.0030031953879632025,61616.08,61616.08,0.0011034110747277738,0.0029129113918170304,9412
crmarenapro,query4,8,1/16,16.101440949365497,9.338896608911455,28419503.0,25986365.0,0.0,0.0,9412.0,15.84422907140106,9.150721602141857,28321997.0,25986365.0,234.0,0.0,9412.0,15.115339350886643,8.351259481161833,22005663.0,25986365.0,1207.0,0.0,9412.0,13.782261618126665,8.351259481161833,22005663.0,45042300.0,1207.0,0.0,9412.0,13.992951899766922,8.351259481161833,22005663.0,19055935.0,1207.0,0.0,9412.0,13.825150068849325,8.396934941411018,21955559.0,18946822.0,1141.0,96.0,9412.0,9.338896608911455,5.18142858799547,1.5811157524585724,0.0,0.0,0.0,0.0,9.150721602141857,5.109152848832309,1.5811157524585724,0.0,0.00029769167304039,0.0029411762952804565,0.0,8.351259481161833,5.18142858799547,1.5811157524585724,0.0,0.0015355292707681656,0.0,0.0,8.351259481161833,4.26692771166563,1.147576056420803,0.012021663312350645,0.0015355292707681656,0.0029411762952804565,0.0,8.351259481161833,4.26692771166563,1.147576056420803,0.22271194495260715,0.0015355292707681656,0.0029411762952804565,0.0,8.396934941411018,4.273448035120964,1.1389741506427526,0.0,0.0014515649527311325,0.014341376721858978,0.0,0.0,0.0,0.0,0.0,0.0,0.0,0.0,0.0,0.0,0.0,0.0,0.0,7.158027623780072,16747538.0,6.966344377025962,16747538.0,6.430044086650014,16747538.0,5.445609600227328,28445850.0,5.519808524753898,11698312.0,5.408824406564236,11198938.0,7.503122610040009,8883226.0,7.437593978829682,8883226.0,7.245004548691213,8883226.0,6.896196796256376,15885248.0,7.026856568641961,7002022.0,6.976034946739674,7392283.0,1.4402907155454159,355601.0,1.4402907155454159,355601.0,1.4402907155454159,355601.0,1.4404552216429611,711202.0,1.446286806371063,355601.0,1.4402907155454159,355601.0,103945.46,41124.788,0.0011568281184881925,0.003826815960183737,103945.46,41124.788,0.0011526403408497572,0.003826268045231697,103945.46,41124.788,0.0011221838910132646,0.003702837023511526,134728.08,74418.588,0.0011119852084666491,0.003287407443840266,76223.74,43600.996,0.0011119852084666491,0.0033732080720365013,46918.648,42665.0,0.0011127288732677698,0.00318382632359862,9412
crmarenapro,query4,8,1/2,16.101440949365497,9.338896608911455,28419503.0,25986365.0,0.0,0.0,9412.0,15.84422907140106,9.150721602141857,28321997.0,25986365.0,234.0,0.0,9412.0,14.942815641872585,8.1784851513803,18881757.0,25986365.0,1404.0,0.0,9412.0,13.040205569651459,8.1784851513803,18881757.0,41390385.0,1404.0,0.0,9412.0,13.250895851291716,8.1784851513803,18881757.0,15404020.0,1404.0,0.0,9412.0,13.042889787815511,8.1784851513803,18881757.0,15404020.0,1404.0,0.0,9412.0,9.338896608911455,5.18142858799547,1.5811157524585724,0.0,0.0,0.0,0.0,9.150721602141857,5.109152848832309,1.5811157524585724,0.0,0.00029769167304039,0.0029411762952804565,0.0,8.1784851513803,5.18142858799547,1.5811157524585724,0.0,0.00178615003824234,0.0,0.0,8.1784851513803,3.9267432764172554,0.9182281522080302,0.012021663312350645,0.00178615003824234,0.0029411762952804565,0.0,8.1784851513803,3.9267432764172554,0.9182281522080302,0.22271194495260715,0.00178615003824234,0.0029411762952804565,0.0,8.1784851513803,3.9267432764172554,0.9182281522080302,0.0,0.00178615003824234,0.01764705777168274,0.0,0.0,0.0,0.0,0.0,0.0,0.0,0.0,0.0,0.0,0.0,0.0,0.0,7.158027623780072,16747538.0,6.966344377025962,16747538.0,6.321450125426054,16747538.0,4.888328845556828,25560578.0,4.962527770083398,8813040.0,4.891101556830108,8813040.0,7.503122610040009,8883226.0,7.437593978829682,8883226.0,7.181074800901115,8883226.0,6.711421502451671,15118605.0,6.8420812748372555,6235379.0,6.711497515439987,6235379.0,1.4402907155454159,355601.0,1.4402907155454159,355601.0,1.4402907155454159,355601.0,1.4404552216429611,711202.0,1.446286806371063,355601.0,1.4402907155454159,355601.0,103945.46,41124.788,0.0011568281184881925,0.003826815960183737,103945.46,41124.788,0.0011526403408497572,0.003826268045231697,103945.46,41124.788,0.0011195637807250023,0.0036275552101433252,165561.54,97937.86,0.0011034110747277738,0.0029169546340729853,61616.08,61616.08,0.0011034110747277738,0.0030031953879632025,61616.08,61616.08,0.0011034110747277738,0.0029129113918170304,9412
crmarenapro,query4,8,1/4,16.101440949365497,9.338896608911455,28419503.0,25986365.0,0.0,0.0,9412.0,15.84422907140106,9.150721602141857,28321997.0,25986365.0,234.0,0.0,9412.0,14.942815641872585,8.1784851513803,18881757.0,25986365.0,1404.0,0.0,9412.0,13.040205569651459,8.1784851513803,18881757.0,41390385.0,1404.0,0.0,9412.0,13.250895851291716,8.1784851513803,18881757.0,15404020.0,1404.0,0.0,9412.0,13.042889787815511,8.1784851513803,18881757.0,15404020.0,1404.0,0.0,9412.0,9.338896608911455,5.18142858799547,1.5811157524585724,0.0,0.0,0.0,0.0,9.150721602141857,5.109152848832309,1.5811157524585724,0.0,0.00029769167304039,0.0029411762952804565,0.0,8.1784851513803,5.18142858799547,1.5811157524585724,0.0,0.00178615003824234,0.0,0.0,8.1784851513803,3.9267432764172554,0.9182281522080302,0.012021663312350645,0.00178615003824234,0.0029411762952804565,0.0,8.1784851513803,3.9267432764172554,0.9182281522080302,0.22271194495260715,0.00178615003824234,0.0029411762952804565,0.0,8.1784851513803,3.9267432764172554,0.9182281522080302,0.0,0.00178615003824234,0.01764705777168274,0.0,0.0,0.0,0.0,0.0,0.0,0.0,0.0,0.0,0.0,0.0,0.0,0.0,7.158027623780072,16747538.0,6.966344377025962,16747538.0,6.321450125426054,16747538.0,4.888328845556828,25560578.0,4.962527770083398,8813040.0,4.891101556830108,8813040.0,7.503122610040009,8883226.0,7.437593978829682,8883226.0,7.181074800901115,8883226.0,6.711421502451671,15118605.0,6.8420812748372555,6235379.0,6.711497515439987,6235379.0,1.4402907155454159,355601.0,1.4402907155454159,355601.0,1.4402907155454159,355601.0,1.4404552216429611,711202.0,1.446286806371063,355601.0,1.4402907155454159,355601.0,103945.46,41124.788,0.0011568281184881925,0.003826815960183737,103945.46,41124.788,0.0011526403408497572,0.003826268045231697,103945.46,41124.788,0.0011195637807250023,0.0036275552101433252,164257.064,97003.156,0.0011034110747277738,0.0029169546340729853,61616.08,60684.22,0.0011034110747277738,0.0030031953879632025,60558.132,60558.132,0.0011034110747277738,0.0029129113918170304,9412
crmarenapro,query4,8,1/8,16.101440949365497,9.338896608911455,28419503.0,25986365.0,0.0,0.0,9412.0,15.84422907140106,9.150721602141857,28321997.0,25986365.0,234.0,0.0,9412.0,14.94582559261471,8.181498918682337,18941701.0,25986365.0,1401.0,0.0,9412.0,13.05422229570571,8.181498918682337,18941701.0,41461632.0,1401.0,0.0,9412.0,13.264912577345967,8.181498918682337,18941701.0,15475267.0,1401.0,0.0,9412.0,13.149033889174461,8.207888676784933,19289778.0,15876903.0,1369.0,0.0,9412.0,9.338896608911455,5.18142858799547,1.5811157524585724,0.0,0.0,0.0,0.0,9.150721602141857,5.109152848832309,1.5811157524585724,0.0,0.00029769167304039,0.0029411762952804565,0.0,8.181498918682337,5.18142858799547,1.5811157524585724,0.0,0.0017823334783315659,0.0,0.0,8.181498918682337,3.933301047421992,0.9226771565154195,0.012021663312350645,0.0017823334783315659,0.0029411762952804565,0.0,8.181498918682337,3.933301047421992,0.9226771565154195,0.22271194495260715,0.0017823334783315659,0.0029411762952804565,0.0,8.207888676784933,3.974293573759496,0.9479028768837452,0.0,0.001741623505949974,0.017207138240337372,0.0,0.0,0.0,0.0,0.0,0.0,0.0,0.0,0.0,0.0,0.0,0.0,0.0,7.158027623780072,16747538.0,6.966344377025962,16747538.0,6.322637410834432,16747538.0,4.897738314177843,25616064.0,4.971937238704413,8868526.0,4.964331153780222,9145956.0,7.503122610040009,8883226.0,7.437593978829682,8883226.0,7.182897466234863,8883226.0,6.716028759884907,15134366.0,6.846688532270491,6251140.0,6.7444120198488235,6375346.0,1.4402907155454159,355601.0,1.4402907155454159,355601.0,1.4402907155454159,355601.0,1.4404552216429611,711202.0,1.446286806371063,355601.0,1.4402907155454159,355601.0,103945.46,41124.788,0.0011568281184881925,0.003826815960183737,103945.46,41124.788,0.0011526403408497572,0.003826268045231697,103945.46,41124.788,0.00111961317807436,0.00363206689469516,149485.612,88158.7,0.0011034753266721965,0.00293187733937787,61901.068,50997.584,0.0011034753266721965,0.0030181095122359665,49175.14,49175.14,0.0011046064123511315,0.0029640615418553323,9412
crmarenapro,query5,8,1,16.38016797415912,10.252419009804726,25262084.0,9518764.0,0.0,0.0,10675.0,15.422054624184966,9.70154198538512,23635296.0,9518764.0,701.0,0.0,10675.0,14.14358945004642,8.012587504461408,20393688.0,9518764.0,2557.0,0.0,10675.0,12.836990508605068,8.012587504461408,20393688.0,18636086.0,2557.0,0.0,10675.0,12.979919509962201,8.012587504461408,20393688.0,9117322.0,2557.0,0.0,10675.0,12.855915296822786,8.012587504461408,20393688.0,9117322.0,2557.0,0.0,10675.0,10.252419009804726,5.5515563655644655,0.5761925987899303,0.0,0.0,0.0,0.0,9.70154198538512,5.134617277421057,0.5761925987899303,0.0,0.0008918028324842453,0.008810959756374359,0.0,8.012587504461408,5.5515563655644655,0.5761925987899303,0.0,0.0032529812306165695,0.0,0.0,8.012587504461408,4.259737519547343,0.548198027536273,0.004403516073053083,0.0032529812306165695,0.008810959756374359,0.0,8.012587504461408,4.259737519547343,0.548198027536273,0.14733251743018627,0.0032529812306165695,0.008810959756374359,0.0,8.012587504461408,4.259737519547343,0.548198027536273,0.0,0.0032529812306165695,0.032139264047145844,0.0,0.0,0.0,0.0,0.0,0.0,0.0,0.0,0.0,0.0,0.0,0.0,0.0,9.455318415537477,3622599.0,8.523823145776987,3622599.0,7.537933507934213,3622599.0,6.318720323417881,7050738.0,6.363300015218556,3428139.0,6.338688498362899,3428139.0,5.608591110445559,5896165.0,5.581973030231893,5896165.0,5.497216433286667,5896165.0,5.416909492544558,11585348.0,5.515258802101016,5689183.0,5.415614723227918,5689183.0,1.316258448176086,0.0,1.316258448176086,0.0,1.1084395088255405,0.0,1.1013606926426291,0.0,1.1013606926426291,0.0,1.1016120752319694,0.0,38075.056,21521.192,0.00126431355625391,0.0024949651438742866,38075.056,21521.192,0.001184670327231288,0.002494964095205068,38075.056,21521.192,0.0011359291076660156,0.0024359178170561785,74544.344,54149.548,0.0010847584009170531,0.0024383487227885876,36469.288,36469.288,0.0010847584009170531,0.0025295061741955572,36469.288,36469.288,0.0010847584009170531,0.002435747919417917,10675
crmarenapro,query5,8,1/16,16.38016797415912,10.252419009804726,25262084.0,9518764.0,0.0,0.0,10675.0,15.422054624184966,9.70154198538512,23635296.0,9518764.0,701.0,0.0,10675.0,14.144525694660842,8.013525021262467,20400269.0,9518764.0,2556.0,0.0,10675.0,12.838910371419315,8.013525021262467,20400269.0,18636086.0,2556.0,0.0,10675.0,12.981839372776449,8.013525021262467,20400269.0,9117322.0,2556.0,0.0,10675.0,12.954288941808045,8.073667727410793,20568835.0,9200078.0,2504.0,11.0,10675.0,10.252419009804726,5.5515563655644655,0.5761925987899303,0.0,0.0,0.0,0.0,9.70154198538512,5.134617277421057,0.5761925987899303,0.0,0.0008918028324842453,0.008810959756374359,0.0,8.013525021262467,5.5515563655644655,0.5761925987899303,0.0,0.0032517090439796448,0.0,0.0,8.013525021262467,4.2607211377471685,0.548198027536273,0.004403516073053083,0.0032517090439796448,0.008810959756374359,0.0,8.013525021262467,4.2607211377471685,0.548198027536273,0.14733251743018627,0.0032517090439796448,0.008810959756374359,0.0,8.073667727410793,4.291881666518748,0.55408089235425,0.0,0.003185555338859558,0.03147310018539429,0.0,0.0,0.0,0.0,0.0,0.0,0.0,0.0,0.0,0.0,0.0,0.0,0.0,9.455318415537477,3622599.0,8.523823145776987,3622599.0,7.538869752548635,3622599.0,6.320640186232128,7050738.0,6.3652198780328035,3428139.0,6.4067201456055045,3479995.0,5.608591110445559,5896165.0,5.581973030231893,5896165.0,5.497216433286667,5896165.0,5.416909492544558,11585348.0,5.515258802101016,5689183.0,5.424154571257532,5720083.0,1.316258448176086,0.0,1.316258448176086,0.0,1.1084395088255405,0.0,1.1013606926426291,0.0,1.1013606926426291,0.0,1.1234142249450088,0.0,38075.056,21521.192,0.00126431355625391,0.0024949651438742866,38075.056,21521.192,0.001184670327231288,0.002494964095205068,38075.056,21521.192,0.0011359336487948896,0.0024359178170561785,62273.816,45157.328,0.0010848667584359645,0.0024383487227885876,36469.288,28370.876,0.0010848667584359645,0.0025295061741955572,27846.048,27846.048,0.0010868596713989973,0.0024405779555439944,10675
crmarenapro,query5,8,1/2,16.38016797415912,10.252419009804726,25262084.0,9518764.0,0.0,0.0,10675.0,15.422054624184966,9.70154198538512,23635296.0,9518764.0,701.0,0.0,10675.0,14.14358945004642,8.012587504461408,20393688.0,9518764.0,2557.0,0.0,10675.0,12.836990508605068,8.012587504461408,20393688.0,18636086.0,2557.0,0.0,10675.0,12.979919509962201,8.012587504461408,20393688.0,9117322.0,2557.0,0.0,10675.0,12.855915296822786,8.012587504461408,20393688.0,9117322.0,2557.0,0.0,10675.0,10.252419009804726,5.5515563655644655,0.5761925987899303,0.0,0.0,0.0,0.0,9.70154198538512,5.134617277421057,0.5761925987899303,0.0,0.0008918028324842453,0.008810959756374359,0.0,8.012587504461408,5.5515563655644655,0.5761925987899303,0.0,0.0032529812306165695,0.0,0.0,8.012587504461408,4.259737519547343,0.548198027536273,0.004403516073053083,0.0032529812306165695,0.008810959756374359,0.0,8.012587504461408,4.259737519547343,0.548198027536273,0.14733251743018627,0.0032529812306165695,0.008810959756374359,0.0,8.012587504461408,4.259737519547343,0.548198027536273,0.0,0.0032529812306165695,0.032139264047145844,0.0,0.0,0.0,0.0,0.0,0.0,0.0,0.0,0.0,0.0,0.0,0.0,0.0,9.455318415537477,3622599.0,8.523823145776987,3622599.0,7.537933507934213,3622599.0,6.318720323417881,7050738.0,6.363300015218556,3428139.0,6.338688498362899,3428139.0,5.608591110445559,5896165.0,5.581973030231893,5896165.0,5.497216433286667,5896165.0,5.416909492544558,11585348.0,5.515258802101016,5689183.0,5.415614723227918,5689183.0,1.316258448176086,0.0,1.316258448176086,0.0,1.1084395088255405,0.0,1.1013606926426291,0.0,1.1013606926426291,0.0,1.1016120752319694,0.0,38075.056,21521.192,0.00126431355625391,0.0024949651438742866,38075.056,21521.192,0.001184670327231288,0.002494964095205068,38075.056,21521.192,0.0011359291076660156,0.0024359178170561785,74544.344,54149.548,0.0010847584009170531,0.0024383487227885876,36469.288,36469.288,0.0010847584009170531,0.0025295061741955572,36469.288,36469.288,0.0010847584009170531,0.002435747919417917,10675
crmarenapro,query5,8,1/4,16.38016797415912,10.252419009804726,25262084.0,9518764.0,0.0,0.0,10675.0,15.422054624184966,9.70154198538512,23635296.0,9518764.0,701.0,0.0,10675.0,14.14358945004642,8.012587504461408,20393688.0,9518764.0,2557.0,0.0,10675.0,12.836990508605068,8.012587504461408,20393688.0,18636086.0,2557.0,0.0,10675.0,12.979919509962201,8.012587504461408,20393688.0,9117322.0,2557.0,0.0,10675.0,12.855915296822786,8.012587504461408,20393688.0,9117322.0,2557.0,0.0,10675.0,10.252419009804726,5.5515563655644655,0.5761925987899303,0.0,0.0,0.0,0.0,9.70154198538512,5.134617277421057,0.5761925987899303,0.0,0.0008918028324842453,0.008810959756374359,0.0,8.012587504461408,5.5515563655644655,0.5761925987899303,0.0,0.0032529812306165695,0.0,0.0,8.012587504461408,4.259737519547343,0.548198027536273,0.004403516073053083,0.0032529812306165695,0.008810959756374359,0.0,8.012587504461408,4.259737519547343,0.548198027536273,0.14733251743018627,0.0032529812306165695,0.008810959756374359,0.0,8.012587504461408,4.259737519547343,0.548198027536273,0.0,0.0032529812306165695,0.032139264047145844,0.0,0.0,0.0,0.0,0.0,0.0,0.0,0.0,0.0,0.0,0.0,0.0,0.0,9.455318415537477,3622599.0,8.523823145776987,3622599.0,7.537933507934213,3622599.0,6.318720323417881,7050738.0,6.363300015218556,3428139.0,6.338688498362899,3428139.0,5.608591110445559,5896165.0,5.581973030231893,5896165.0,5.497216433286667,5896165.0,5.416909492544558,11585348.0,5.515258802101016,5689183.0,5.415614723227918,5689183.0,1.316258448176086,0.0,1.316258448176086,0.0,1.1084395088255405,0.0,1.1013606926426291,0.0,1.1013606926426291,0.0,1.1016120752319694,0.0,38075.056,21521.192,0.00126431355625391,0.0024949651438742866,38075.056,21521.192,0.001184670327231288,0.002494964095205068,38075.056,21521.192,0.0011359291076660156,0.0024359178170561785,74544.344,54149.548,0.0010847584009170531,0.0024383487227885876,36469.288,36469.288,0.0010847584009170531,0.0025295061741955572,36469.288,36469.288,0.0010847584009170531,0.002435747919417917,10675
crmarenapro,query5,8,1/8,16.38016797415912,10.252419009804726,25262084.0,9518764.0,0.0,0.0,10675.0,15.422054624184966,9.70154198538512,23635296.0,9518764.0,701.0,0.0,10675.0,14.14358945004642,8.012587504461408,20393688.0,9518764.0,2557.0,0.0,10675.0,12.836990508605068,8.012587504461408,20393688.0,18636086.0,2557.0,0.0,10675.0,12.979919509962201,8.012587504461408,20393688.0,9117322.0,2557.0,0.0,10675.0,12.855915296822786,8.012587504461408,20393688.0,9117322.0,2557.0,0.0,10675.0,10.252419009804726,5.5515563655644655,0.5761925987899303,0.0,0.0,0.0,0.0,9.70154198538512,5.134617277421057,0.5761925987899303,0.0,0.0008918028324842453,0.008810959756374359,0.0,8.012587504461408,5.5515563655644655,0.5761925987899303,0.0,0.0032529812306165695,0.0,0.0,8.012587504461408,4.259737519547343,0.548198027536273,0.004403516073053083,0.0032529812306165695,0.008810959756374359,0.0,8.012587504461408,4.259737519547343,0.548198027536273,0.14733251743018627,0.0032529812306165695,0.008810959756374359,0.0,8.012587504461408,4.259737519547343,0.548198027536273,0.0,0.0032529812306165695,0.032139264047145844,0.0,0.0,0.0,0.0,0.0,0.0,0.0,0.0,0.0,0.0,0.0,0.0,0.0,9.455318415537477,3622599.0,8.523823145776987,3622599.0,7.537933507934213,3622599.0,6.318720323417881,7050738.0,6.363300015218556,3428139.0,6.338688498362899,3428139.0,5.608591110445559,5896165.0,5.581973030231893,5896165.0,5.497216433286667,5896165.0,5.416909492544558,11585348.0,5.515258802101016,5689183.0,5.415614723227918,5689183.0,1.316258448176086,0.0,1.316258448176086,0.0,1.1084395088255405,0.0,1.1013606926426291,0.0,1.1013606926426291,0.0,1.1016120752319694,0.0,38075.056,21521.192,0.00126431355625391,0.0024949651438742866,38075.056,21521.192,0.001184670327231288,0.002494964095205068,38075.056,21521.192,0.0011359291076660156,0.0024359178170561785,72108.128,53222.076,0.0010847584009170531,0.0024383487227885876,36469.288,34693.584,0.0010847584009170531,0.0025295061741955572,34553.572,34553.572,0.0010847584009170531,0.002435747919417917,10675
crmarenapro,query6,8,1,91.0915106004104,71.5126110194251,776620801.0,774521158.0,0.0,0.0,11269.0,89.9416117053479,70.42835130635649,776611759.0,774521158.0,113.0,0.0,11269.0,71.69738801475614,52.115328322164714,476009859.0,774521158.0,2484.0,0.0,11269.0,66.36633338095281,52.115328322164714,476009859.0,1247110840.0,2484.0,0.0,11269.0,66.65360795194283,52.115328322164714,476009859.0,472589682.0,2484.0,0.0,11269.0,66.0378302456811,52.115328322164714,476009859.0,472589682.0,2484.0,0.0,11269.0,71.5126110194251,12.929329420439899,6.649570160545409,0.0,0.0,0.0,0.0,70.42835130635649,12.862126169726253,6.649570160545409,0.0,0.00014375708997249603,0.0014203116297721863,0.0,52.115328322164714,12.929329420439899,6.649570160545409,0.0,0.0031601116061210632,0.0,0.0,52.115328322164714,9.324347041547298,4.563773052766919,0.35830454123798916,0.0031601116061210632,0.0014203116297721863,0.0,52.115328322164714,9.324347041547298,4.563773052766919,0.6455791122280061,0.0031601116061210632,0.0014203116297721863,0.0,52.115328322164714,9.324347041547298,4.563773052766919,0.0,0.0031601116061210632,0.031221717596054077,0.0,0.0,0.0,0.0,0.0,0.0,0.0,0.0,0.0,0.0,0.0,0.0,0.0,3.268520511686802,1072474.0,3.268520511686802,1072474.0,3.0359278535470366,1072474.0,2.9283071934970595,2130674.0,2.9463703804649413,1058200.0,2.93155665230006,1058200.0,31.72912441752851,746283274.0,31.71545477863401,746283274.0,30.209434111602604,746283274.0,26.15307767389097,1190649346.0,26.415440251119435,444366072.0,25.814309482462704,444366072.0,56.09386567119509,27165410.0,54.95763641502708,27165410.0,38.4520260496065,27165410.0,37.284948513564785,54330820.0,37.291797320358455,27165410.0,37.29196411091834,27165410.0,3098084.632,744928.896,0.010089291194453835,0.01381321778167039,3098084.632,744928.896,0.010016207886859774,0.01381315072979778,3098084.632,744928.896,0.005105303483083844,0.013790301799029112,4988443.36,2505478.948,0.003935501982464664,0.013874511594647275,1890358.728,1890358.728,0.003976311069913209,0.013925852613709867,1890358.728,1890358.728,0.003931154346093536,0.013790301799029112,11269
crmarenapro,query6,8,1/16,91.0915106004104,71.5126110194251,776620801.0,774521158.0,0.0,0.0,11269.0,89.9416117053479,70.42835130635649,776611759.0,774521158.0,113.0,0.0,11269.0,71.79659717995673,52.21456038672477,482955696.0,774521158.0,2466.0,0.0,11269.0,66.57172310506586,52.21456038672477,482955696.0,1254104320.0,2466.0,0.0,11269.0,66.85899767605588,52.21456038672477,482955696.0,479583162.0,2466.0,0.0,11269.0,66.65719513781369,52.5761992149055,484865963.0,481491092.0,2427.0,30.0,11269.0,71.5126110194251,12.929329420439899,6.649570160545409,0.0,0.0,0.0,0.0,70.42835130635649,12.862126169726253,6.649570160545409,0.0,0.00014375708997249603,0.0014203116297721863,0.0,52.21456038672477,12.929329420439899,6.649570160545409,0.0,0.003137212246656418,0.0,0.0,52.21456038672477,9.38241714425385,4.611883508972824,0.35830454123798916,0.003137212246656418,0.0014203116297721863,0.0,52.21456038672477,9.38241714425385,4.611883508972824,0.6455791122280061,0.003137212246656418,0.0014203116297721863,0.0,52.5761992149055,9.422231391072273,4.625171657651663,0.0,0.003087596967816353,0.03050527721643448,0.0,0.0,0.0,0.0,0.0,0.0,0.0,0.0,0.0,0.0,0.0,0.0,0.0,3.268520511686802,1072474.0,3.268520511686802,1072474.0,3.036698560230434,1072474.0,2.9294327536391593,2130674.0,2.947495940607041,1058200.0,2.935824287123978,1058200.0,31.72912441752851,746283274.0,31.71545477863401,746283274.0,30.24341976456344,746283274.0,26.28821243231871,1197642826.0,26.550575009547174,451359552.0,25.986662128940225,453267482.0,56.09386567119509,27165410.0,54.95763641502708,27165410.0,38.51647885516286,27165410.0,37.35407791910799,54330820.0,37.36092672590166,27165410.0,37.734708721749485,27165410.0,3098084.632,744928.896,0.010089291194453835,0.01381321778167039,3098084.632,744928.896,0.010016207886859774,0.01381315072979778,3098084.632,744928.896,0.005119616374373436,0.013790985050424932,4251347.348,1887261.168,0.003982530607562714,0.013875194846043097,1918332.648,1246632.688,0.004024534699507058,0.013926535865105687,1240598.488,1240108.704,0.004097401209175587,0.013791396682709454,11269
crmarenapro,query6,8,1/2,91.0915106004104,71.5126110194251,776620801.0,774521158.0,0.0,0.0,11269.0,89.9416117053479,70.42835130635649,776611759.0,774521158.0,113.0,0.0,11269.0,71.69738801475614,52.115328322164714,476009859.0,774521158.0,2484.0,0.0,11269.0,66.36633338095281,52.115328322164714,476009859.0,1247110840.0,2484.0,0.0,11269.0,66.65360795194283,52.115328322164714,476009859.0,472589682.0,2484.0,0.0,11269.0,66.0378302456811,52.115328322164714,476009859.0,472589682.0,2484.0,0.0,11269.0,71.5126110194251,12.929329420439899,6.649570160545409,0.0,0.0,0.0,0.0,70.42835130635649,12.862126169726253,6.649570160545409,0.0,0.00014375708997249603,0.0014203116297721863,0.0,52.115328322164714,12.929329420439899,6.649570160545409,0.0,0.0031601116061210632,0.0,0.0,52.115328322164714,9.324347041547298,4.563773052766919,0.35830454123798916,0.0031601116061210632,0.0014203116297721863,0.0,52.115328322164714,9.324347041547298,4.563773052766919,0.6455791122280061,0.0031601116061210632,0.0014203116297721863,0.0,52.115328322164714,9.324347041547298,4.563773052766919,0.0,0.0031601116061210632,0.031221717596054077,0.0,0.0,0.0,0.0,0.0,0.0,0.0,0.0,0.0,0.0,0.0,0.0,0.0,3.268520511686802,1072474.0,3.268520511686802,1072474.0,3.0359278535470366,1072474.0,2.9283071934970595,2130674.0,2.9463703804649413,1058200.0,2.93155665230006,1058200.0,31.72912441752851,746283274.0,31.71545477863401,746283274.0,30.209434111602604,746283274.0,26.15307767389097,1190649346.0,26.415440251119435,444366072.0,25.814309482462704,444366072.0,56.09386567119509,27165410.0,54.95763641502708,27165410.0,38.4520260496065,27165410.0,37.284948513564785,54330820.0,37.291797320358455,27165410.0,37.29196411091834,27165410.0,3098084.632,744928.896,0.010089291194453835,0.01381321778167039,3098084.632,744928.896,0.010016207886859774,0.01381315072979778,3098084.632,744928.896,0.005105303483083844,0.013790301799029112,4988443.36,2505478.948,0.003935501982464664,0.013874511594647275,1890358.728,1890358.728,0.003976311069913209,0.013925852613709867,1890358.728,1890358.728,0.003931154346093536,0.013790301799029112,11269
crmarenapro,query6,8,1/4,91.0915106004104,71.5126110194251,776620801.0,774521158.0,0.0,0.0,11269.0,89.9416117053479,70.42835130635649,776611759.0,774521158.0,113.0,0.0,11269.0,71.69738801475614,52.115328322164714,476009859.0,774521158.0,2484.0,0.0,11269.0,66.36633338095281,52.115328322164714,476009859.0,1247110840.0,2484.0,0.0,11269.0,66.65360795194283,52.115328322164714,476009859.0,472589682.0,2484.0,0.0,11269.0,66.0378302456811,52.115328322164714,476009859.0,472589682.0,2484.0,0.0,11269.0,71.5126110194251,12.929329420439899,6.649570160545409,0.0,0.0,0.0,0.0,70.42835130635649,12.862126169726253,6.649570160545409,0.0,0.00014375708997249603,0.0014203116297721863,0.0,52.115328322164714,12.929329420439899,6.649570160545409,0.0,0.0031601116061210632,0.0,0.0,52.115328322164714,9.324347041547298,4.563773052766919,0.35830454123798916,0.0031601116061210632,0.0014203116297721863,0.0,52.115328322164714,9.324347041547298,4.563773052766919,0.6455791122280061,0.0031601116061210632,0.0014203116297721863,0.0,52.115328322164714,9.324347041547298,4.563773052766919,0.0,0.0031601116061210632,0.031221717596054077,0.0,0.0,0.0,0.0,0.0,0.0,0.0,0.0,0.0,0.0,0.0,0.0,0.0,3.268520511686802,1072474.0,3.268520511686802,1072474.0,3.0359278535470366,1072474.0,2.9283071934970595,2130674.0,2.9463703804649413,1058200.0,2.93155665230006,1058200.0,31.72912441752851,746283274.0,31.71545477863401,746283274.0,30.209434111602604,746283274.0,26.15307767389097,1190649346.0,26.415440251119435,444366072.0,25.814309482462704,444366072.0,56.09386567119509,27165410.0,54.95763641502708,27165410.0,38.4520260496065,27165410.0,37.284948513564785,54330820.0,37.291797320358455,27165410.0,37.29196411091834,27165410.0,3098084.632,744928.896,0.010089291194453835,0.01381321778167039,3098084.632,744928.896,0.010016207886859774,0.01381315072979778,3098084.632,744928.896,0.005105303483083844,0.013790301799029112,4988443.36,2505478.948,0.003935501982464664,0.013874511594647275,1890358.728,1890358.728,0.003976311069913209,0.013925852613709867,1890358.728,1890358.728,0.003931154346093536,0.013790301799029112,11269
crmarenapro,query6,8,1/8,91.0915106004104,71.5126110194251,776620801.0,774521158.0,0.0,0.0,11269.0,89.9416117053479,70.42835130635649,776611759.0,774521158.0,113.0,0.0,11269.0,71.69738801475614,52.115328322164714,476009859.0,774521158.0,2484.0,0.0,11269.0,66.36633338095281,52.115328322164714,476009859.0,1247110840.0,2484.0,0.0,11269.0,66.65360795194283,52.115328322164714,476009859.0,472589682.0,2484.0,0.0,11269.0,66.0378302456811,52.115328322164714,476009859.0,472589682.0,2484.0,0.0,11269.0,71.5126110194251,12.929329420439899,6.649570160545409,0.0,0.0,0.0,0.0,70.42835130635649,12.862126169726253,6.649570160545409,0.0,0.00014375708997249603,0.0014203116297721863,0.0,52.115328322164714,12.929329420439899,6.649570160545409,0.0,0.0031601116061210632,0.0,0.0,52.115328322164714,9.324347041547298,4.563773052766919,0.35830454123798916,0.0031601116061210632,0.0014203116297721863,0.0,52.115328322164714,9.324347041547298,4.563773052766919,0.6455791122280061,0.0031601116061210632,0.0014203116297721863,0.0,52.115328322164714,9.324347041547298,4.563773052766919,0.0,0.0031601116061210632,0.031221717596054077,0.0,0.0,0.0,0.0,0.0,0.0,0.0,0.0,0.0,0.0,0.0,0.0,0.0,3.268520511686802,1072474.0,3.268520511686802,1072474.0,3.0359278535470366,1072474.0,2.9283071934970595,2130674.0,2.9463703804649413,1058200.0,2.93155665230006,1058200.0,31.72912441752851,746283274.0,31.71545477863401,746283274.0,30.209434111602604,746283274.0,26.15307767389097,1190649346.0,26.415440251119435,444366072.0,25.814309482462704,444366072.0,56.09386567119509,27165410.0,54.95763641502708,27165410.0,38.4520260496065,27165410.0,37.284948513564785,54330820.0,37.291797320358455,27165410.0,37.29196411091834,27165410.0,3098084.632,744928.896,0.010089291194453835,0.01381321778167039,3098084.632,744928.896,0.010016207886859774,0.01381315072979778,3098084.632,744928.896,0.005105303483083844,0.013790301799029112,4895297.0,2450425.396,0.003935501982464664,0.013874511594647275,1890358.728,1808303.82,0.003976311069913209,0.013925852613709867,1808303.82,1808303.82,0.003931154346093536,0.013790301799029112,11269
crmarenapro,query7,8,1,58.09429676644504,39.2662860956043,849718416.0,841671553.0,0.0,0.0,14241.0,57.935842445120215,39.15891556721181,848795218.0,840747973.0,88.0,0.0,14241.0,52.287393814884126,33.456136523745954,653560405.0,841671553.0,2552.0,0.0,14241.0,48.642798262026545,33.456136523745954,653560405.0,1486677688.0,2552.0,0.0,14241.0,49.01764401094988,33.456136523745954,653560405.0,645929715.0,2552.0,0.0,14241.0,48.28482658602297,33.456136523745954,653560405.0,645929715.0,2552.0,0.0,14241.0,39.2662860956043,12.660366659983993,6.167644010856748,0.0,0.0,0.0,0.0,39.15891556721181,12.615996165201068,6.159712676890194,0.0,0.00011195242404937744,0.0011060833930969238,0.0,33.456136523745954,12.660366659983993,6.167644010856748,0.0,0.003246620297431946,0.0,0.0,33.456136523745954,9.972520778886974,4.820846244692802,0.38894201101028447,0.003246620297431946,0.0011060833930969238,0.0,33.456136523745954,9.972520778886974,4.820846244692802,0.7637877599336207,0.003246620297431946,0.0011060833930969238,0.0,33.456136523745954,9.972520778886974,4.820846244692802,0.0,0.003246620297431946,0.03207641839981079,0.0,0.0,0.0,0.0,0.0,0.0,0.0,0.0,0.0,0.0,0.0,0.0,0.0,2.543795187957585,42822.0,2.5118875708431005,42822.0,2.170430318452418,42822.0,2.0110780493346088,85644.0,2.0119148236699402,42822.0,2.015520280227065,42822.0,45.56446037068963,841628731.0,45.43791366647929,840705151.0,42.752284148707986,841628731.0,39.467584276044285,1486592044.0,39.841593250632286,645886893.0,39.102141208946705,645886893.0,9.986041207797825,0.0,9.986041207797825,0.0,7.3646793477237225,0.0,7.164135936647654,0.0,7.164135936647654,0.0,7.167165096849203,0.0,3366686.212,769951.912,0.001641737896949053,0.011985496865212915,3362991.892,766742.412,0.001633038556203246,0.011985496865212915,3366686.212,769951.912,0.0015352796223014593,0.011804768972843886,5946710.752,3199455.452,0.0014961293405502526,0.011960769156518588,2583718.86,2583718.86,0.0014992071641609073,0.012043212262075394,2583718.86,2583718.86,0.001496029380708933,0.011789459523372351,14241
crmarenapro,query7,8,1/16,58.09429676644504,39.2662860956043,849718416.0,841671553.0,0.0,0.0,14241.0,57.935842445120215,39.15891556721181,848795218.0,840747973.0,88.0,0.0,14241.0,52.287393814884126,33.456136523745954,653560405.0,841671553.0,2552.0,0.0,14241.0,48.642798262026545,33.456136523745954,653560405.0,1486677688.0,2552.0,0.0,14241.0,49.01764401094988,33.456136523745954,653560405.0,645929715.0,2552.0,0.0,14241.0,48.28482658602297,33.456136523745954,653560405.0,645929715.0,2552.0,0.0,14241.0,39.2662860956043,12.660366659983993,6.167644010856748,0.0,0.0,0.0,0.0,39.15891556721181,12.615996165201068,6.159712676890194,0.0,0.00011195242404937744,0.0011060833930969238,0.0,33.456136523745954,12.660366659983993,6.167644010856748,0.0,0.003246620297431946,0.0,0.0,33.456136523745954,9.972520778886974,4.820846244692802,0.38894201101028447,0.003246620297431946,0.0011060833930969238,0.0,33.456136523745954,9.972520778886974,4.820846244692802,0.7637877599336207,0.003246620297431946,0.0011060833930969238,0.0,33.456136523745954,9.972520778886974,4.820846244692802,0.0,0.003246620297431946,0.03207641839981079,0.0,0.0,0.0,0.0,0.0,0.0,0.0,0.0,0.0,0.0,0.0,0.0,0.0,2.543795187957585,42822.0,2.5118875708431005,42822.0,2.170430318452418,42822.0,2.0110780493346088,85644.0,2.0119148236699402,42822.0,2.015520280227065,42822.0,45.56446037068963,841628731.0,45.43791366647929,840705151.0,42.752284148707986,841628731.0,39.467584276044285,1486592044.0,39.841593250632286,645886893.0,39.102141208946705,645886893.0,9.986041207797825,0.0,9.986041207797825,0.0,7.3646793477237225,0.0,7.164135936647654,0.0,7.164135936647654,0.0,7.167165096849203,0.0,3366686.212,769951.912,0.001641737896949053,0.011985496865212915,3362991.892,766742.412,0.001633038556203246,0.011985496865212915,3366686.212,769951.912,0.0015352796223014593,0.011804768972843886,5420889.084,2762973.8,0.0014961293405502526,0.011960769156518588,2583718.86,2104194.064,0.0014992071641609073,0.012043212262075394,2100339.856,2100339.856,0.001496029380708933,0.011789459523372351,14241
crmarenapro,query7,8,1/2,58.09429676644504,39.2662860956043,849718416.0,841671553.0,0.0,0.0,14241.0,57.935842445120215,39.15891556721181,848795218.0,840747973.0,88.0,0.0,14241.0,52.287393814884126,33.456136523745954,653560405.0,841671553.0,2552.0,0.0,14241.0,48.642798262026545,33.456136523745954,653560405.0,1486677688.0,2552.0,0.0,14241.0,49.01764401094988,33.456136523745954,653560405.0,645929715.0,2552.0,0.0,14241.0,48.28482658602297,33.456136523745954,653560405.0,645929715.0,2552.0,0.0,14241.0,39.2662860956043,12.660366659983993,6.167644010856748,0.0,0.0,0.0,0.0,39.15891556721181,12.615996165201068,6.159712676890194,0.0,0.00011195242404937744,0.0011060833930969238,0.0,33.456136523745954,12.660366659983993,6.167644010856748,0.0,0.003246620297431946,0.0,0.0,33.456136523745954,9.972520778886974,4.820846244692802,0.38894201101028447,0.003246620297431946,0.0011060833930969238,0.0,33.456136523745954,9.972520778886974,4.820846244692802,0.7637877599336207,0.003246620297431946,0.0011060833930969238,0.0,33.456136523745954,9.972520778886974,4.820846244692802,0.0,0.003246620297431946,0.03207641839981079,0.0,0.0,0.0,0.0,0.0,0.0,0.0,0.0,0.0,0.0,0.0,0.0,0.0,2.543795187957585,42822.0,2.5118875708431005,42822.0,2.170430318452418,42822.0,2.0110780493346088,85644.0,2.0119148236699402,42822.0,2.015520280227065,42822.0,45.56446037068963,841628731.0,45.43791366647929,840705151.0,42.752284148707986,841628731.0,39.467584276044285,1486592044.0,39.841593250632286,645886893.0,39.102141208946705,645886893.0,9.986041207797825,0.0,9.986041207797825,0.0,7.3646793477237225,0.0,7.164135936647654,0.0,7.164135936647654,0.0,7.167165096849203,0.0,3366686.212,769951.912,0.001641737896949053,0.011985496865212915,3362991.892,766742.412,0.001633038556203246,0.011985496865212915,3366686.212,769951.912,0.0015352796223014593,0.011804768972843886,5946710.752,3199455.452,0.0014961293405502526,0.011960769156518588,2583718.86,2583718.86,0.0014992071641609073,0.012043212262075394,2583718.86,2583718.86,0.001496029380708933,0.011789459523372351,14241
crmarenapro,query7,8,1/4,58.09429676644504,39.2662860956043,849718416.0,841671553.0,0.0,0.0,14241.0,57.935842445120215,39.15891556721181,848795218.0,840747973.0,88.0,0.0,14241.0,52.287393814884126,33.456136523745954,653560405.0,841671553.0,2552.0,0.0,14241.0,48.642798262026545,33.456136523745954,653560405.0,1486677688.0,2552.0,0.0,14241.0,49.01764401094988,33.456136523745954,653560405.0,645929715.0,2552.0,0.0,14241.0,48.28482658602297,33.456136523745954,653560405.0,645929715.0,2552.0,0.0,14241.0,39.2662860956043,12.660366659983993,6.167644010856748,0.0,0.0,0.0,0.0,39.15891556721181,12.615996165201068,6.159712676890194,0.0,0.00011195242404937744,0.0011060833930969238,0.0,33.456136523745954,12.660366659983993,6.167644010856748,0.0,0.003246620297431946,0.0,0.0,33.456136523745954,9.972520778886974,4.820846244692802,0.38894201101028447,0.003246620297431946,0.0011060833930969238,0.0,33.456136523745954,9.972520778886974,4.820846244692802,0.7637877599336207,0.003246620297431946,0.0011060833930969238,0.0,33.456136523745954,9.972520778886974,4.820846244692802,0.0,0.003246620297431946,0.03207641839981079,0.0,0.0,0.0,0.0,0.0,0.0,0.0,0.0,0.0,0.0,0.0,0.0,0.0,2.543795187957585,42822.0,2.5118875708431005,42822.0,2.170430318452418,42822.0,2.0110780493346088,85644.0,2.0119148236699402,42822.0,2.015520280227065,42822.0,45.56446037068963,841628731.0,45.43791366647929,840705151.0,42.752284148707986,841628731.0,39.467584276044285,1486592044.0,39.841593250632286,645886893.0,39.102141208946705,645886893.0,9.986041207797825,0.0,9.986041207797825,0.0,7.3646793477237225,0.0,7.164135936647654,0.0,7.164135936647654,0.0,7.167165096849203,0.0,3366686.212,769951.912,0.001641737896949053,0.011985496865212915,3362991.892,766742.412,0.001633038556203246,0.011985496865212915,3366686.212,769951.912,0.0015352796223014593,0.011804768972843886,5946710.752,3199455.452,0.0014961293405502526,0.011960769156518588,2583718.86,2583718.86,0.0014992071641609073,0.012043212262075394,2583718.86,2583718.86,0.001496029380708933,0.011789459523372351,14241
crmarenapro,query7,8,1/8,58.09429676644504,39.2662860956043,849718416.0,841671553.0,0.0,0.0,14241.0,57.935842445120215,39.15891556721181,848795218.0,840747973.0,88.0,0.0,14241.0,52.287393814884126,33.456136523745954,653560405.0,841671553.0,2552.0,0.0,14241.0,48.642798262026545,33.456136523745954,653560405.0,1486677688.0,2552.0,0.0,14241.0,49.01764401094988,33.456136523745954,653560405.0,645929715.0,2552.0,0.0,14241.0,48.28482658602297,33.456136523745954,653560405.0,645929715.0,2552.0,0.0,14241.0,39.2662860956043,12.660366659983993,6.167644010856748,0.0,0.0,0.0,0.0,39.15891556721181,12.615996165201068,6.159712676890194,0.0,0.00011195242404937744,0.0011060833930969238,0.0,33.456136523745954,12.660366659983993,6.167644010856748,0.0,0.003246620297431946,0.0,0.0,33.456136523745954,9.972520778886974,4.820846244692802,0.38894201101028447,0.003246620297431946,0.0011060833930969238,0.0,33.456136523745954,9.972520778886974,4.820846244692802,0.7637877599336207,0.003246620297431946,0.0011060833930969238,0.0,33.456136523745954,9.972520778886974,4.820846244692802,0.0,0.003246620297431946,0.03207641839981079,0.0,0.0,0.0,0.0,0.0,0.0,0.0,0.0,0.0,0.0,0.0,0.0,0.0,2.543795187957585,42822.0,2.5118875708431005,42822.0,2.170430318452418,42822.0,2.0110780493346088,85644.0,2.0119148236699402,42822.0,2.015520280227065,42822.0,45.56446037068963,841628731.0,45.43791366647929,840705151.0,42.752284148707986,841628731.0,39.467584276044285,1486592044.0,39.841593250632286,645886893.0,39.102141208946705,645886893.0,9.986041207797825,0.0,9.986041207797825,0.0,7.3646793477237225,0.0,7.164135936647654,0.0,7.164135936647654,0.0,7.167165096849203,0.0,3366686.212,769951.912,0.001641737896949053,0.011985496865212915,3362991.892,766742.412,0.001633038556203246,0.011985496865212915,3366686.212,769951.912,0.0015352796223014593,0.011804768972843886,5939168.76,3194041.164,0.0014961293405502526,0.011960769156518588,2583718.86,2577994.656,0.0014992071641609073,0.012043212262075394,2577484.152,2577484.152,0.001496029380708933,0.011789459523372351,14241
crmarenapro,query8,8,1,13.325424506329,6.450781773775816,35338062.0,26650932.0,0.0,0.0,7095.0,13.14249927084893,6.3376118978485465,34994949.0,26650932.0,128.0,0.0,7095.0,12.648313567973673,5.772668352350593,30633093.0,26650932.0,788.0,0.0,7095.0,11.721175675208784,5.772668352350593,30633093.0,49605866.0,788.0,0.0,7095.0,11.976386435795575,5.772668352350593,30633093.0,22954934.0,788.0,0.0,7095.0,11.717142199166119,5.772668352350593,30633093.0,22954934.0,788.0,0.0,7095.0,6.450781773775816,5.35010742675513,1.5245353057980537,0.0,0.0,0.0,0.0,6.3376118978485465,5.278580378741026,1.5245353057980537,0.0,0.0001628398895263672,0.0016088485717773438,0.0,5.772668352350593,5.35010742675513,1.5245353057980537,0.0,0.001002483069896698,0.0,0.0,5.772668352350593,4.638119439594448,1.295447450131178,0.012329101490891543,0.001002483069896698,0.0016088485717773438,0.0,5.772668352350593,4.638119439594448,1.295447450131178,0.2675398620776832,0.001002483069896698,0.0016088485717773438,0.0,5.772668352350593,4.638119439594448,1.295447450131178,0.0,0.001002483069896698,0.009904474020004272,0.0,0.0,0.0,0.0,0.0,0.0,0.0,0.0,0.0,0.0,0.0,0.0,0.0,0.7336936630308628,1668726.0,0.7336936630308628,1668726.0,0.6952791064977646,1668726.0,0.6182433109872079,3137187.0,0.6366017195396125,1468461.0,0.6180495144799352,1468461.0,12.591730843298137,24982206.0,12.408805607818067,24982206.0,11.953034461475909,24982206.0,11.102932364221576,46468679.0,11.339784716255963,21486473.0,11.099092684686184,21486473.0,0.0,0.0,0.0,0.0,0.0,0.0,0.0,0.0,0.0,0.0,0.0,0.0,106603.728,45551.468,0.0014422430917620658,0.0036859295085072503,106603.728,45551.468,0.0014364691115915775,0.0036859295085072503,106603.728,45551.468,0.0014089861754328012,0.003680018792301415,198423.464,127402.2,0.0013847571443766356,0.0036821246407465163,91819.736,91819.736,0.0013847571443766356,0.0038263991867192077,91819.736,91819.736,0.0013847571443766356,0.0036749278802424654,7095
crmarenapro,query8,8,1/16,13.325424506329,6.450781773775816,35338062.0,26650932.0,0.0,0.0,7095.0,13.14249927084893,6.3376118978485465,34994949.0,26650932.0,128.0,0.0,7095.0,12.648313567973673,5.772668352350593,30633093.0,26650932.0,788.0,0.0,7095.0,11.721175675208784,5.772668352350593,30633093.0,49605866.0,788.0,0.0,7095.0,11.976386435795575,5.772668352350593,30633093.0,22954934.0,788.0,0.0,7095.0,11.812439931556582,5.7990498980507255,30988658.0,23311116.0,758.0,16.0,7095.0,6.450781773775816,5.35010742675513,1.5245353057980537,0.0,0.0,0.0,0.0,6.3376118978485465,5.278580378741026,1.5245353057980537,0.0,0.0001628398895263672,0.0016088485717773438,0.0,5.772668352350593,5.35010742675513,1.5245353057980537,0.0,0.001002483069896698,0.0,0.0,5.772668352350593,4.638119439594448,1.295447450131178,0.012329101490891543,0.001002483069896698,0.0016088485717773438,0.0,5.772668352350593,4.638119439594448,1.295447450131178,0.2675398620776832,0.001002483069896698,0.0016088485717773438,0.0,5.7990498980507255,4.68424626160413,1.3186520542949438,0.0,0.0009643174707889557,0.009527400135993958,0.0,0.0,0.0,0.0,0.0,0.0,0.0,0.0,0.0,0.0,0.0,0.0,0.0,0.7336936630308628,1668726.0,0.7336936630308628,1668726.0,0.6952791064977646,1668726.0,0.6182433109872079,3137187.0,0.6366017195396125,1468461.0,0.6547857765108347,1569261.0,12.591730843298137,24982206.0,12.408805607818067,24982206.0,11.953034461475909,24982206.0,11.102932364221576,46468679.0,11.339784716255963,21486473.0,11.157654155045748,21741855.0,0.0,0.0,0.0,0.0,0.0,0.0,0.0,0.0,0.0,0.0,0.0,0.0,106603.728,45551.468,0.0014422430917620658,0.0036859295085072503,106603.728,45551.468,0.0014364691115915775,0.0036859295085072503,106603.728,45551.468,0.0014089861754328012,0.003680018792301415,163259.464,102182.524,0.0013847571443766356,0.0036821246407465163,91819.736,63616.752,0.0013847571443766356,0.0038263991867192077,62431.348,62431.348,0.0013879378512501716,0.003675043563544749,7095
crmarenapro,query8,8,1/2,13.325424506329,6.450781773775816,35338062.0,26650932.0,0.0,0.0,7095.0,13.14249927084893,6.3376118978485465,34994949.0,26650932.0,128.0,0.0,7095.0,12.648313567973673,5.772668352350593,30633093.0,26650932.0,788.0,0.0,7095.0,11.721175675208784,5.772668352350593,30633093.0,49605866.0,788.0,0.0,7095.0,11.976386435795575,5.772668352350593,30633093.0,22954934.0,788.0,0.0,7095.0,11.717142199166119,5.772668352350593,30633093.0,22954934.0,788.0,0.0,7095.0,6.450781773775816,5.35010742675513,1.5245353057980537,0.0,0.0,0.0,0.0,6.3376118978485465,5.278580378741026,1.5245353057980537,0.0,0.0001628398895263672,0.0016088485717773438,0.0,5.772668352350593,5.35010742675513,1.5245353057980537,0.0,0.001002483069896698,0.0,0.0,5.772668352350593,4.638119439594448,1.295447450131178,0.012329101490891543,0.001002483069896698,0.0016088485717773438,0.0,5.772668352350593,4.638119439594448,1.295447450131178,0.2675398620776832,0.001002483069896698,0.0016088485717773438,0.0,5.772668352350593,4.638119439594448,1.295447450131178,0.0,0.001002483069896698,0.009904474020004272,0.0,0.0,0.0,0.0,0.0,0.0,0.0,0.0,0.0,0.0,0.0,0.0,0.0,0.7336936630308628,1668726.0,0.7336936630308628,1668726.0,0.6952791064977646,1668726.0,0.6182433109872079,3137187.0,0.6366017195396125,1468461.0,0.6180495144799352,1468461.0,12.591730843298137,24982206.0,12.408805607818067,24982206.0,11.953034461475909,24982206.0,11.102932364221576,46468679.0,11.339784716255963,21486473.0,11.099092684686184,21486473.0,0.0,0.0,0.0,0.0,0.0,0.0,0.0,0.0,0.0,0.0,0.0,0.0,106603.728,45551.468,0.0014422430917620658,0.0036859295085072503,106603.728,45551.468,0.0014364691115915775,0.0036859295085072503,106603.728,45551.468,0.0014089861754328012,0.003680018792301415,198423.464,127402.2,0.0013847571443766356,0.0036821246407465163,91819.736,91819.736,0.0013847571443766356,0.0038263991867192077,91819.736,91819.736,0.0013847571443766356,0.0036749278802424654,7095
crmarenapro,query8,8,1/4,13.325424506329,6.450781773775816,35338062.0,26650932.0,0.0,0.0,7095.0,13.14249927084893,6.3376118978485465,34994949.0,26650932.0,128.0,0.0,7095.0,12.648313567973673,5.772668352350593,30633093.0,26650932.0,788.0,0.0,7095.0,11.721175675208784,5.772668352350593,30633093.0,49605866.0,788.0,0.0,7095.0,11.976386435795575,5.772668352350593,30633093.0,22954934.0,788.0,0.0,7095.0,11.717142199166119,5.772668352350593,30633093.0,22954934.0,788.0,0.0,7095.0,6.450781773775816,5.35010742675513,1.5245353057980537,0.0,0.0,0.0,0.0,6.3376118978485465,5.278580378741026,1.5245353057980537,0.0,0.0001628398895263672,0.0016088485717773438,0.0,5.772668352350593,5.35010742675513,1.5245353057980537,0.0,0.001002483069896698,0.0,0.0,5.772668352350593,4.638119439594448,1.295447450131178,0.012329101490891543,0.001002483069896698,0.0016088485717773438,0.0,5.772668352350593,4.638119439594448,1.295447450131178,0.2675398620776832,0.001002483069896698,0.0016088485717773438,0.0,5.772668352350593,4.638119439594448,1.295447450131178,0.0,0.001002483069896698,0.009904474020004272,0.0,0.0,0.0,0.0,0.0,0.0,0.0,0.0,0.0,0.0,0.0,0.0,0.0,0.7336936630308628,1668726.0,0.7336936630308628,1668726.0,0.6952791064977646,1668726.0,0.6182433109872079,3137187.0,0.6366017195396125,1468461.0,0.6180495144799352,1468461.0,12.591730843298137,24982206.0,12.408805607818067,24982206.0,11.953034461475909,24982206.0,11.102932364221576,46468679.0,11.339784716255963,21486473.0,11.099092684686184,21486473.0,0.0,0.0,0.0,0.0,0.0,0.0,0.0,0.0,0.0,0.0,0.0,0.0,106603.728,45551.468,0.0014422430917620658,0.0036859295085072503,106603.728,45551.468,0.0014364691115915775,0.0036859295085072503,106603.728,45551.468,0.0014089861754328012,0.003680018792301415,198423.464,127402.2,0.0013847571443766356,0.0036821246407465163,91819.736,91819.736,0.0013847571443766356,0.0038263991867192077,91819.736,91819.736,0.0013847571443766356,0.0036749278802424654,7095
crmarenapro,query8,8,1/8,13.325424506329,6.450781773775816,35338062.0,26650932.0,0.0,0.0,7095.0,13.14249927084893,6.3376118978485465,34994949.0,26650932.0,128.0,0.0,7095.0,12.648313567973673,5.772668352350593,30633093.0,26650932.0,788.0,0.0,7095.0,11.721175675208784,5.772668352350593,30633093.0,49605866.0,788.0,0.0,7095.0,11.976386435795575,5.772668352350593,30633093.0,22954934.0,788.0,0.0,7095.0,11.717142199166119,5.772668352350593,30633093.0,22954934.0,788.0,0.0,7095.0,6.450781773775816,5.35010742675513,1.5245353057980537,0.0,0.0,0.0,0.0,6.3376118978485465,5.278580378741026,1.5245353057980537,0.0,0.0001628398895263672,0.0016088485717773438,0.0,5.772668352350593,5.35010742675513,1.5245353057980537,0.0,0.001002483069896698,0.0,0.0,5.772668352350593,4.638119439594448,1.295447450131178,0.012329101490891543,0.001002483069896698,0.0016088485717773438,0.0,5.772668352350593,4.638119439594448,1.295447450131178,0.2675398620776832,0.001002483069896698,0.0016088485717773438,0.0,5.772668352350593,4.638119439594448,1.295447450131178,0.0,0.001002483069896698,0.009904474020004272,0.0,0.0,0.0,0.0,0.0,0.0,0.0,0.0,0.0,0.0,0.0,0.0,0.0,0.7336936630308628,1668726.0,0.7336936630308628,1668726.0,0.6952791064977646,1668726.0,0.6182433109872079,3137187.0,0.6366017195396125,1468461.0,0.6180495144799352,1468461.0,12.591730843298137,24982206.0,12.408805607818067,24982206.0,11.953034461475909,24982206.0,11.102932364221576,46468679.0,11.339784716255963,21486473.0,11.099092684686184,21486473.0,0.0,0.0,0.0,0.0,0.0,0.0,0.0,0.0,0.0,0.0,0.0,0.0,106603.728,45551.468,0.0014422430917620658,0.0036859295085072503,106603.728,45551.468,0.0014364691115915775,0.0036859295085072503,106603.728,45551.468,0.0014089861754328012,0.003680018792301415,190006.42,122333.84,0.0013847571443766356,0.0036821246407465163,91819.736,85438.18,0.0013847571443766356,0.0038263991867192077,84871.916,84871.916,0.0013847571443766356,0.0036749278802424654,7095
crmarenapro,query9,8,1,9.417471186257899,4.310456687584519,32283762.0,8996354.0,0.0,0.0,5307.0,8.941949267871678,4.099225073121488,30551446.0,8359920.0,269.0,0.0,5307.0,8.088130314834416,2.978977270424366,22435763.0,8996354.0,1681.0,0.0,5307.0,6.411759742330657,2.978977270424366,22435763.0,16104856.0,1681.0,0.0,5307.0,6.547230053693056,2.978977270424366,22435763.0,7744936.0,1681.0,0.0,5307.0,6.425639934837818,2.978977270424366,22435763.0,7744936.0,1681.0,0.0,5307.0,4.310456687584519,4.613048378378153,0.4939661202952266,0.0,0.0,0.0,0.0,4.099225073121488,4.3809182569384575,0.4580826237797737,0.0,0.00034221820533275604,0.003381095826625824,0.0,2.978977270424366,4.613048378378153,0.4939661202952266,0.0,0.002138545736670494,0.0,0.0,2.978977270424366,3.0001729195937514,0.4232224924489856,0.003867418300258093,0.002138545736670494,0.003381095826625824,0.0,2.978977270424366,3.0001729195937514,0.4232224924489856,0.13933772966265678,0.002138545736670494,0.003381095826625824,0.0,2.978977270424366,3.0001729195937514,0.4232224924489856,0.0,0.002138545736670494,0.021128706634044647,0.0,0.0,0.0,0.0,0.0,0.0,0.0,0.0,0.0,0.0,0.0,0.0,0.0,3.84814765304327,148236.0,3.7117940289899707,148236.0,2.8622917914763093,148236.0,1.6176017057290677,296472.0,1.620959467254579,148236.0,1.632326995022595,148236.0,5.569323533214629,8848118.0,5.230155238881707,8211684.0,5.225838523358107,8848118.0,4.79415803660159,15808384.0,4.926270586438477,7596700.0,4.793312939815223,7596700.0,0.0,0.0,0.0,0.0,0.0,0.0,0.0,0.0,0.0,0.0,0.0,0.0,35985.416,17060.812,0.0017172560524195432,0.0025530564920976753,33439.68,16032.272,0.001694066844880581,0.002536839913576841,35985.416,17060.812,0.0014257643576711416,0.0025058649912476534,64419.424,44957.212,0.0012816254516789037,0.0025000080585755357,30979.744,30979.744,0.0012854998530820012,0.002629087785072624,30979.744,30979.744,0.0012830107547342777,0.0024963743081316348,5307
crmarenapro,query9,8,1/16,9.417471186257899,4.310456687584519,32283762.0,8996354.0,0.0,0.0,5307.0,8.941949267871678,4.099225073121488,30551446.0,8359920.0,269.0,0.0,5307.0,8.088130314834416,2.978977270424366,22435763.0,8996354.0,1681.0,0.0,5307.0,6.411759742330657,2.978977270424366,22435763.0,16104856.0,1681.0,0.0,5307.0,6.547230053693056,2.978977270424366,22435763.0,7744936.0,1681.0,0.0,5307.0,6.425639934837818,2.978977270424366,22435763.0,7744936.0,1681.0,0.0,5307.0,4.310456687584519,4.613048378378153,0.4939661202952266,0.0,0.0,0.0,0.0,4.099225073121488,4.3809182569384575,0.4580826237797737,0.0,0.00034221820533275604,0.003381095826625824,0.0,2.978977270424366,4.613048378378153,0.4939661202952266,0.0,0.002138545736670494,0.0,0.0,2.978977270424366,3.0001729195937514,0.4232224924489856,0.003867418300258093,0.002138545736670494,0.003381095826625824,0.0,2.978977270424366,3.0001729195937514,0.4232224924489856,0.13933772966265678,0.002138545736670494,0.003381095826625824,0.0,2.978977270424366,3.0001729195937514,0.4232224924489856,0.0,0.002138545736670494,0.021128706634044647,0.0,0.0,0.0,0.0,0.0,0.0,0.0,0.0,0.0,0.0,0.0,0.0,0.0,3.84814765304327,148236.0,3.7117940289899707,148236.0,2.8622917914763093,148236.0,1.6176017057290677,296472.0,1.620959467254579,148236.0,1.632326995022595,148236.0,5.569323533214629,8848118.0,5.230155238881707,8211684.0,5.225838523358107,8848118.0,4.79415803660159,15808384.0,4.926270586438477,7596700.0,4.793312939815223,7596700.0,0.0,0.0,0.0,0.0,0.0,0.0,0.0,0.0,0.0,0.0,0.0,0.0,35985.416,17060.812,0.0017172560524195432,0.0025530564920976753,33439.68,16032.272,0.001694066844880581,0.002536839913576841,35985.416,17060.812,0.0014257643576711416,0.0025058649912476534,56377.584,39562.144,0.0012816254516789037,0.0025000080585755357,30979.744,24436.944,0.0012854998530820012,0.002629087785072624,24423.852,24423.852,0.0012830107547342777,0.0024963743081316348,5307
crmarenapro,query9,8,1/2,9.417471186257899,4.310456687584519,32283762.0,8996354.0,0.0,0.0,5307.0,8.941949267871678,4.099225073121488,30551446.0,8359920.0,269.0,0.0,5307.0,8.088130314834416,2.978977270424366,22435763.0,8996354.0,1681.0,0.0,5307.0,6.411759742330657,2.978977270424366,22435763.0,16104856.0,1681.0,0.0,5307.0,6.547230053693056,2.978977270424366,22435763.0,7744936.0,1681.0,0.0,5307.0,6.425639934837818,2.978977270424366,22435763.0,7744936.0,1681.0,0.0,5307.0,4.310456687584519,4.613048378378153,0.4939661202952266,0.0,0.0,0.0,0.0,4.099225073121488,4.3809182569384575,0.4580826237797737,0.0,0.00034221820533275604,0.003381095826625824,0.0,2.978977270424366,4.613048378378153,0.4939661202952266,0.0,0.002138545736670494,0.0,0.0,2.978977270424366,3.0001729195937514,0.4232224924489856,0.003867418300258093,0.002138545736670494,0.003381095826625824,0.0,2.978977270424366,3.0001729195937514,0.4232224924489856,0.13933772966265678,0.002138545736670494,0.003381095826625824,0.0,2.978977270424366,3.0001729195937514,0.4232224924489856,0.0,0.002138545736670494,0.021128706634044647,0.0,0.0,0.0,0.0,0.0,0.0,0.0,0.0,0.0,0.0,0.0,0.0,0.0,3.84814765304327,148236.0,3.7117940289899707,148236.0,2.8622917914763093,148236.0,1.6176017057290677,296472.0,1.620959467254579,148236.0,1.632326995022595,148236.0,5.569323533214629,8848118.0,5.230155238881707,8211684.0,5.225838523358107,8848118.0,4.79415803660159,15808384.0,4.926270586438477,7596700.0,4.793312939815223,7596700.0,0.0,0.0,0.0,0.0,0.0,0.0,0.0,0.0,0.0,0.0,0.0,0.0,35985.416,17060.812,0.0017172560524195432,0.0025530564920976753,33439.68,16032.272,0.001694066844880581,0.002536839913576841,35985.416,17060.812,0.0014257643576711416,0.0025058649912476534,64419.424,44957.212,0.0012816254516789037,0.0025000080585755357,30979.744,30979.744,0.0012854998530820012,0.002629087785072624,30979.744,30979.744,0.0012830107547342777,0.0024963743081316348,5307
crmarenapro,query9,8,1/4,9.417471186257899,4.310456687584519,32283762.0,8996354.0,0.0,0.0,5307.0,8.941949267871678,4.099225073121488,30551446.0,8359920.0,269.0,0.0,5307.0,8.088130314834416,2.978977270424366,22435763.0,8996354.0,1681.0,0.0,5307.0,6.411759742330657,2.978977270424366,22435763.0,16104856.0,1681.0,0.0,5307.0,6.547230053693056,2.978977270424366,22435763.0,7744936.0,1681.0,0.0,5307.0,6.425639934837818,2.978977270424366,22435763.0,7744936.0,1681.0,0.0,5307.0,4.310456687584519,4.613048378378153,0.4939661202952266,0.0,0.0,0.0,0.0,4.099225073121488,4.3809182569384575,0.4580826237797737,0.0,0.00034221820533275604,0.003381095826625824,0.0,2.978977270424366,4.613048378378153,0.4939661202952266,0.0,0.002138545736670494,0.0,0.0,2.978977270424366,3.0001729195937514,0.4232224924489856,0.003867418300258093,0.002138545736670494,0.003381095826625824,0.0,2.978977270424366,3.0001729195937514,0.4232224924489856,0.13933772966265678,0.002138545736670494,0.003381095826625824,0.0,2.978977270424366,3.0001729195937514,0.4232224924489856,0.0,0.002138545736670494,0.021128706634044647,0.0,0.0,0.0,0.0,0.0,0.0,0.0,0.0,0.0,0.0,0.0,0.0,0.0,3.84814765304327,148236.0,3.7117940289899707,148236.0,2.8622917914763093,148236.0,1.6176017057290677,296472.0,1.620959467254579,148236.0,1.632326995022595,148236.0,5.569323533214629,8848118.0,5.230155238881707,8211684.0,5.225838523358107,8848118.0,4.79415803660159,15808384.0,4.926270586438477,7596700.0,4.793312939815223,7596700.0,0.0,0.0,0.0,0.0,0.0,0.0,0.0,0.0,0.0,0.0,0.0,0.0,35985.416,17060.812,0.0017172560524195432,0.0025530564920976753,33439.68,16032.272,0.001694066844880581,0.002536839913576841,35985.416,17060.812,0.0014257643576711416,0.0025058649912476534,64419.424,44957.212,0.0012816254516789037,0.0025000080585755357,30979.744,30979.744,0.0012854998530820012,0.002629087785072624,30979.744,30979.744,0.0012830107547342777,0.0024963743081316348,5307
crmarenapro,query9,8,1/8,9.417471186257899,4.310456687584519,32283762.0,8996354.0,0.0,0.0,5307.0,8.941949267871678,4.099225073121488,30551446.0,8359920.0,269.0,0.0,5307.0,8.088130314834416,2.978977270424366,22435763.0,8996354.0,1681.0,0.0,5307.0,6.411759742330657,2.978977270424366,22435763.0,16104856.0,1681.0,0.0,5307.0,6.547230053693056,2.978977270424366,22435763.0,7744936.0,1681.0,0.0,5307.0,6.425639934837818,2.978977270424366,22435763.0,7744936.0,1681.0,0.0,5307.0,4.310456687584519,4.613048378378153,0.4939661202952266,0.0,0.0,0.0,0.0,4.099225073121488,4.3809182569384575,0.4580826237797737,0.0,0.00034221820533275604,0.003381095826625824,0.0,2.978977270424366,4.613048378378153,0.4939661202952266,0.0,0.002138545736670494,0.0,0.0,2.978977270424366,3.0001729195937514,0.4232224924489856,0.003867418300258093,0.002138545736670494,0.003381095826625824,0.0,2.978977270424366,3.0001729195937514,0.4232224924489856,0.13933772966265678,0.002138545736670494,0.003381095826625824,0.0,2.978977270424366,3.0001729195937514,0.4232224924489856,0.0,0.002138545736670494,0.021128706634044647,0.0,0.0,0.0,0.0,0.0,0.0,0.0,0.0,0.0,0.0,0.0,0.0,0.0,3.84814765304327,148236.0,3.7117940289899707,148236.0,2.8622917914763093,148236.0,1.6176017057290677,296472.0,1.620959467254579,148236.0,1.632326995022595,148236.0,5.569323533214629,8848118.0,5.230155238881707,8211684.0,5.225838523358107,8848118.0,4.79415803660159,15808384.0,4.926270586438477,7596700.0,4.793312939815223,7596700.0,0.0,0.0,0.0,0.0,0.0,0.0,0.0,0.0,0.0,0.0,0.0,0.0,35985.416,17060.812,0.0017172560524195432,0.0025530564920976753,33439.68,16032.272,0.001694066844880581,0.002536839913576841,35985.416,17060.812,0.0014257643576711416,0.0025058649912476534,63660.256,44416.312,0.0012816254516789037,0.0025000080585755357,30979.744,30227.844,0.0012854998530820012,0.002629087785072624,30227.844,30227.844,0.0012830107547342777,0.0024963743081316348,5307
googlelocal,query1,8,1,17.042816180735826,9.2816492151469,49239299.0,43229025.0,0.0,0.0,7434.0,15.792837087996304,8.703013464808464,46819838.0,40694719.0,557.0,0.0,7434.0,14.062684189528227,6.298537762835622,40945850.0,43229025.0,2342.0,0.0,7434.0,11.9340198833941,6.298537762835622,40945850.0,78774944.0,2342.0,0.0,7434.0,12.010274794418365,6.298537762835622,40945850.0,38080225.0,2342.0,0.0,7434.0,11.937629821710289,6.298537762835622,40945850.0,38080225.0,2342.0,0.0,7434.0,9.2816492151469,5.8012756537646055,1.9598913118243217,0.0,0.0,0.0,0.0,8.703013464808464,5.341620308347046,1.7404937017709017,0.0,0.0007086079567670822,0.007001005113124847,0.0,6.298537762835622,5.8012756537646055,1.9598913118243217,0.0,0.0029794611036777496,0.0,0.0,6.298537762835622,4.078677223064005,1.527998473495245,0.018825957782426236,0.0029794611036777496,0.007001005113124847,0.0,6.298537762835622,4.078677223064005,1.527998473495245,0.09508086880668998,0.0029794611036777496,0.007001005113124847,0.0,6.298537762835622,4.078677223064005,1.527998473495245,0.0,0.0029794611036777496,0.029436901211738586,0.0,0.0,0.0,0.0,0.0,0.0,0.0,0.0,0.0,0.0,0.0,0.0,0.0,9.371855793520808,39004824.0,8.767994418740273,36569538.0,7.80138767324388,39004824.0,6.26750084677431,70782034.0,6.296267758123577,34212496.0,6.261530968360603,34212496.0,7.670960387215018,4224201.0,7.0248426692560315,4125181.0,6.261296516284347,4224201.0,5.666519036619791,7992910.0,5.714007036294788,3867729.0,5.676098853349686,3867729.0,0.0,0.0,0.0,0.0,0.0,0.0,0.0,0.0,0.0,0.0,0.0,0.0,172916.1,123597.268,0.0016096114926040172,0.0048673561671748735,162778.876,115273.544,0.001598864208906889,0.004414950583875177,172916.1,123597.268,0.0013128281626850367,0.004621644468419252,315099.776,260841.356,0.001265006188303232,0.0038328267090134835,152320.9,152320.9,0.0012660980243235827,0.0038915544763207417,152320.9,152320.9,0.0012651067413389683,0.003827596174180506,7434
googlelocal,query1,8,1/16,17.042816180735826,9.2816492151469,49239299.0,43229025.0,0.0,0.0,7434.0,15.792837087996304,8.703013464808464,46819838.0,40694719.0,557.0,36.0,7434.0,14.075222129933536,6.311082064174116,41184803.0,43229025.0,2337.0,36.0,7434.0,11.997634612420619,6.311082064174116,41184803.0,53259854.0,2337.0,36.0,7434.0,12.075561102945358,6.311082064174116,41184803.0,38397871.0,2337.0,36.0,7434.0,12.018058431334794,6.313081528060138,41215659.0,38431251.0,2336.0,36.0,7434.0,9.2816492151469,5.8012756537646055,1.9598913118243217,0.0,0.0,0.0,0.0,8.703013464808464,5.341620308347046,1.7404937017709017,0.0,0.0007086079567670822,0.007001005113124847,0.0,6.311082064174116,5.8012756537646055,1.9598913118243217,0.0,0.002973100170493126,0.0,0.0,6.311082064174116,4.113552510738373,1.5561505667865276,0.006875365437985612,0.002973100170493126,0.007001005113124847,0.0,6.311082064174116,4.113552510738373,1.5561505667865276,0.0848018559627235,0.002973100170493126,0.007001005113124847,0.0,6.313081528060138,4.1152133997529745,1.557430189102888,0.0,0.002971827983856201,0.029361486434936523,0.0,0.0,0.0,0.0,0.0,0.0,0.0,0.0,0.0,0.0,0.0,0.0,0.0,9.371855793520808,39004824.0,8.767994418740273,36569538.0,7.812976596876979,39004824.0,6.329775878521793,45266944.0,6.360214369371533,34530142.0,6.340632449835539,34563522.0,7.670960387215018,4224201.0,7.0248426692560315,4125181.0,6.262245533056557,4224201.0,5.667858733898827,7992910.0,5.715346733573824,3867729.0,5.677425981499255,3867729.0,0.0,0.0,0.0,0.0,0.0,0.0,0.0,0.0,0.0,0.0,0.0,0.0,172916.1,123597.268,0.0016096114926040172,0.0048673561671748735,162778.876,115273.544,0.001598864208906889,0.004414950583875177,172916.1,123597.268,0.001312855975702405,0.004623593238182364,204273.888,154332.512,0.0012653204388916493,0.003834045164799991,153591.484,123668.496,0.0012664122749119996,0.003892875084187834,145405.472,123534.976,0.0012654891535639763,0.0038341880273073895,7434
googlelocal,query1,8,1/2,17.042816180735826,9.2816492151469,49239299.0,43229025.0,0.0,0.0,7434.0,15.792837087996304,8.703013464808464,46819838.0,40694719.0,557.0,0.0,7434.0,14.062684189528227,6.298537762835622,40945850.0,43229025.0,2342.0,0.0,7434.0,11.9340198833941,6.298537762835622,40945850.0,78774944.0,2342.0,0.0,7434.0,12.010274794418365,6.298537762835622,40945850.0,38080225.0,2342.0,0.0,7434.0,11.937629821710289,6.298537762835622,40945850.0,38080225.0,2342.0,0.0,7434.0,9.2816492151469,5.8012756537646055,1.9598913118243217,0.0,0.0,0.0,0.0,8.703013464808464,5.341620308347046,1.7404937017709017,0.0,0.0007086079567670822,0.007001005113124847,0.0,6.298537762835622,5.8012756537646055,1.9598913118243217,0.0,0.0029794611036777496,0.0,0.0,6.298537762835622,4.078677223064005,1.527998473495245,0.018825957782426236,0.0029794611036777496,0.007001005113124847,0.0,6.298537762835622,4.078677223064005,1.527998473495245,0.09508086880668998,0.0029794611036777496,0.007001005113124847,0.0,6.298537762835622,4.078677223064005,1.527998473495245,0.0,0.0029794611036777496,0.029436901211738586,0.0,0.0,0.0,0.0,0.0,0.0,0.0,0.0,0.0,0.0,0.0,0.0,0.0,9.371855793520808,39004824.0,8.767994418740273,36569538.0,7.80138767324388,39004824.0,6.26750084677431,70782034.0,6.296267758123577,34212496.0,6.261530968360603,34212496.0,7.670960387215018,4224201.0,7.0248426692560315,4125181.0,6.261296516284347,4224201.0,5.666519036619791,7992910.0,5.714007036294788,3867729.0,5.676098853349686,3867729.0,0.0,0.0,0.0,0.0,0.0,0.0,0.0,0.0,0.0,0.0,0.0,0.0,172916.1,123597.268,0.0016096114926040172,0.0048673561671748735,162778.876,115273.544,0.001598864208906889,0.004414950583875177,172916.1,123597.268,0.0013128281626850367,0.004621644468419252,310183.744,257123.996,0.001265006188303232,0.0038328267090134835,152320.9,148092.108,0.0012660980243235827,0.0038915544763207417,148092.108,148092.108,0.0012651067413389683,0.003827596174180506,7434
googlelocal,query1,8,1/4,17.042816180735826,9.2816492151469,49239299.0,43229025.0,0.0,0.0,7434.0,15.792837087996304,8.703013464808464,46819838.0,40694719.0,557.0,0.0,7434.0,14.096618540585041,6.332489924505353,41583699.0,43229025.0,2328.0,0.0,7434.0,12.13569256965802,6.332489924505353,41583699.0,79622000.0,2328.0,0.0,7434.0,12.211947480682284,6.332489924505353,41583699.0,38927281.0,2328.0,0.0,7434.0,12.157956038601696,6.356809130869806,41585070.0,38854779.0,2307.0,25.0,7434.0,9.2816492151469,5.8012756537646055,1.9598913118243217,0.0,0.0,0.0,0.0,8.703013464808464,5.341620308347046,1.7404937017709017,0.0,0.0007086079567670822,0.007001005113124847,0.0,6.332489924505353,5.8012756537646055,1.9598913118243217,0.0,0.0029616504907608032,0.0,0.0,6.332489924505353,4.171424821950495,1.6029892098158598,0.018825957782426236,0.0029616504907608032,0.007001005113124847,0.0,6.332489924505353,4.171424821950495,1.6029892098158598,0.09508086880668998,0.0029616504907608032,0.007001005113124847,0.0,6.356809130869806,4.1743069011718035,1.5949080903083086,0.0,0.0029349345713853836,0.02899698168039322,0.0,0.0,0.0,0.0,0.0,0.0,0.0,0.0,0.0,0.0,0.0,0.0,0.0,9.371855793520808,39004824.0,8.767994418740273,36569538.0,7.832133210264146,39004824.0,6.464609822385937,71629090.0,6.493376733735204,35059552.0,6.460564772598445,34987050.0,7.670960387215018,4224201.0,7.0248426692560315,4125181.0,6.264485330320895,4224201.0,5.671082747272083,7992910.0,5.71857074694708,3867729.0,5.697391266003251,3867729.0,0.0,0.0,0.0,0.0,0.0,0.0,0.0,0.0,0.0,0.0,0.0,0.0,172916.1,123597.268,0.0016096114926040172,0.0048673561671748735,162778.876,115273.544,0.001598864208906889,0.004414950583875177,172916.1,123597.268,0.0013132852651178838,0.004636203855834899,270595.476,224259.584,0.0012661534678190946,0.0039079909007260355,155709.124,123682.584,0.001267245303839445,0.003966585938632487,132270.528,123060.6,0.0012679258715361356,0.0039055683210492123,7434
googlelocal,query1,8,1/8,17.042816180735826,9.2816492151469,49239299.0,43229025.0,0.0,0.0,7434.0,15.792837087996304,8.703013464808464,46819838.0,40694719.0,557.0,36.0,7434.0,14.062684189528227,6.298537762835622,40945850.0,43229025.0,2342.0,36.0,7434.0,11.92206929104966,6.298537762835622,40945850.0,52942208.0,2342.0,36.0,7434.0,11.999995781574398,6.298537762835622,40945850.0,38080225.0,2342.0,36.0,7434.0,11.937629821710289,6.298537762835622,40945850.0,38080225.0,2342.0,36.0,7434.0,9.2816492151469,5.8012756537646055,1.9598913118243217,0.0,0.0,0.0,0.0,8.703013464808464,5.341620308347046,1.7404937017709017,0.0,0.0007086079567670822,0.007001005113124847,0.0,6.298537762835622,5.8012756537646055,1.9598913118243217,0.0,0.0029794611036777496,0.0,0.0,6.298537762835622,4.078677223064005,1.527998473495245,0.006875365437985612,0.0029794611036777496,0.007001005113124847,0.0,6.298537762835622,4.078677223064005,1.527998473495245,0.0848018559627235,0.0029794611036777496,0.007001005113124847,0.0,6.298537762835622,4.078677223064005,1.527998473495245,0.0,0.0029794611036777496,0.029436901211738586,0.0,0.0,0.0,0.0,0.0,0.0,0.0,0.0,0.0,0.0,0.0,0.0,0.0,9.371855793520808,39004824.0,8.767994418740273,36569538.0,7.80138767324388,39004824.0,6.25555025442987,44949298.0,6.28598874527961,34212496.0,6.261530968360603,34212496.0,7.670960387215018,4224201.0,7.0248426692560315,4125181.0,6.261296516284347,4224201.0,5.666519036619791,7992910.0,5.714007036294788,3867729.0,5.676098853349686,3867729.0,0.0,0.0,0.0,0.0,0.0,0.0,0.0,0.0,0.0,0.0,0.0,0.0,172916.1,123597.268,0.0016096114926040172,0.0048673561671748735,162778.876,115273.544,0.001598864208906889,0.004414950583875177,172916.1,123597.268,0.0013128281626850367,0.004621644468419252,211768.832,159204.524,0.001265006188303232,0.0038320963950368783,152320.9,129294.02,0.0012660980243235827,0.0038909263144247213,152320.9,129294.02,0.0012651067413389683,0.003827596174180506,7434
googlelocal,query2,8,1,21.67283052764833,11.220708806999028,40897095.0,42261045.0,0.0,0.0,9049.0,21.328045844100416,11.006293914280832,40028828.0,41528297.0,193.0,0.0,9049.0,18.294160393066704,7.8389752469956875,17846522.0,42261045.0,2408.0,0.0,9049.0,12.286606392845272,7.8389752469956875,17846522.0,55761295.0,2408.0,0.0,9049.0,12.452417041175067,7.8389752469956875,17846522.0,14232998.0,2408.0,0.0,9049.0,12.295235431753099,7.8389752469956875,17846522.0,14232998.0,2408.0,0.0,9049.0,11.220708806999028,7.17562541179359,3.2764963088557124,0.0,0.0,0.0,0.0,11.006293914280832,7.072767301462591,3.2463132543489337,0.0,0.0002455320209264755,0.002425841987133026,0.0,7.8389752469956875,7.17562541179359,3.2764963088557124,0.0,0.0030634254217147827,0.0,0.0,7.8389752469956875,3.515351456589997,0.9075788389891386,0.019211582861600743,0.0030634254217147827,0.002425841987133026,0.0,7.8389752469956875,3.515351456589997,0.9075788389891386,0.1850222311913967,0.0030634254217147827,0.002425841987133026,0.0,7.8389752469956875,3.515351456589997,0.9075788389891386,0.0,0.0030634254217147827,0.03026646375656128,0.0,0.0,0.0,0.0,0.0,0.0,0.0,0.0,0.0,0.0,0.0,0.0,0.0,11.291079135611653,34400008.0,11.247427675873041,34400008.0,9.748977878130972,34400008.0,4.489874631358702,42896572.0,4.573610015679151,8496564.0,4.482721379958093,8496564.0,10.381751392036676,7861037.0,10.080618168227375,7128289.0,8.545182514935732,7861037.0,7.79673176148657,12864723.0,7.878807025495917,5736434.0,7.812514051795006,5736434.0,0.0,0.0,0.0,0.0,0.0,0.0,0.0,0.0,0.0,0.0,0.0,0.0,169044.18,46845.484,0.0015067202672362327,0.006818633477203548,166113.188,45074.144,0.001502599935978651,0.006806635374017059,169044.18,46845.484,0.0014010173268616199,0.00610946852080524,223045.18,100353.872,0.0012577600595151761,0.0027632782453465856,56931.992,56931.992,0.0012757375258952378,0.002809405582491307,56931.992,56931.992,0.0012552440240979194,0.002761166926473378,9049
googlelocal,query2,8,1/16,21.67283052764833,11.220708806999028,40897095.0,42261045.0,0.0,0.0,9049.0,21.328045844100416,11.006293914280832,40028828.0,41528297.0,193.0,314.0,9049.0,19.160077579319477,8.705263911746442,37283385.0,42261045.0,2116.0,314.0,9049.0,18.16462016975627,8.705263911746442,37283385.0,48780906.0,2116.0,314.0,9049.0,18.25615549646318,8.705263911746442,37283385.0,40499557.0,2116.0,314.0,9049.0,18.23675558064133,8.742419538088143,37354996.0,40539165.0,2086.0,314.0,9049.0,11.220708806999028,7.17562541179359,3.2764963088557124,0.0,0.0,0.0,0.0,11.006293914280832,7.072767301462591,3.2463132543489337,0.0,0.0002455320209264755,0.002425841987133026,0.0,8.705263911746442,7.17562541179359,3.2764963088557124,0.0,0.0026919469237327576,0.0,0.0,8.705263911746442,6.244851025752723,3.2055563731119037,0.0038310702343352645,0.0026919469237327576,0.002425841987133026,0.0,8.705263911746442,6.244851025752723,3.2055563731119037,0.0953663969412446,0.0026919469237327576,0.002425841987133026,0.0,8.742419538088143,6.258291234262288,3.20717182289809,0.0,0.0026537813246250153,0.0262192040681839,0.0,0.0,0.0,0.0,0.0,0.0,0.0,0.0,0.0,0.0,0.0,0.0,0.0,11.291079135611653,34400008.0,11.247427675873041,34400008.0,10.57309723366052,34400008.0,10.287994935665246,35518950.0,10.29745499836281,34365890.0,10.315975898876786,34365890.0,10.381751392036676,7861037.0,10.080618168227375,7128289.0,8.586980345658958,7861037.0,7.876625234091024,13261956.0,7.95870049810037,6133667.0,7.920779681764543,6173275.0,0.0,0.0,0.0,0.0,0.0,0.0,0.0,0.0,0.0,0.0,0.0,0.0,169044.18,46845.484,0.0015067202672362327,0.006818633477203548,166113.188,45074.144,0.001502599935978651,0.006806635374017059,169044.18,46845.484,0.0014016027431935072,0.006740131043829023,183572.984,64404.604,0.0013861563969403505,0.006736723804322415,161998.228,46989.656,0.0013861563969403505,0.0067749974832870055,152525.008,46910.44,0.0013873911276459693,0.006737628232873976,9049
googlelocal,query2,8,1/2,21.67283052764833,11.220708806999028,40897095.0,42261045.0,0.0,0.0,9049.0,21.328045844100416,11.006293914280832,40028828.0,41528297.0,193.0,0.0,9049.0,18.294160393066704,7.8389752469956875,17846522.0,42261045.0,2408.0,0.0,9049.0,12.286606392845272,7.8389752469956875,17846522.0,55761295.0,2408.0,0.0,9049.0,12.452417041175067,7.8389752469956875,17846522.0,14232998.0,2408.0,0.0,9049.0,12.295235431753099,7.8389752469956875,17846522.0,14232998.0,2408.0,0.0,9049.0,11.220708806999028,7.17562541179359,3.2764963088557124,0.0,0.0,0.0,0.0,11.006293914280832,7.072767301462591,3.2463132543489337,0.0,0.0002455320209264755,0.002425841987133026,0.0,7.8389752469956875,7.17562541179359,3.2764963088557124,0.0,0.0030634254217147827,0.0,0.0,7.8389752469956875,3.515351456589997,0.9075788389891386,0.019211582861600743,0.0030634254217147827,0.002425841987133026,0.0,7.8389752469956875,3.515351456589997,0.9075788389891386,0.1850222311913967,0.0030634254217147827,0.002425841987133026,0.0,7.8389752469956875,3.515351456589997,0.9075788389891386,0.0,0.0030634254217147827,0.03026646375656128,0.0,0.0,0.0,0.0,0.0,0.0,0.0,0.0,0.0,0.0,0.0,0.0,0.0,11.291079135611653,34400008.0,11.247427675873041,34400008.0,9.748977878130972,34400008.0,4.489874631358702,42896572.0,4.573610015679151,8496564.0,4.482721379958093,8496564.0,10.381751392036676,7861037.0,10.080618168227375,7128289.0,8.545182514935732,7861037.0,7.79673176148657,12864723.0,7.878807025495917,5736434.0,7.812514051795006,5736434.0,0.0,0.0,0.0,0.0,0.0,0.0,0.0,0.0,0.0,0.0,0.0,0.0,169044.18,46845.484,0.0015067202672362327,0.006818633477203548,166113.188,45074.144,0.001502599935978651,0.006806635374017059,169044.18,46845.484,0.0014010173268616199,0.00610946852080524,223045.18,100353.872,0.0012577600595151761,0.0027632782453465856,56931.992,56931.992,0.0012757375258952378,0.002809405582491307,56931.992,56931.992,0.0012552440240979194,0.002761166926473378,9049
googlelocal,query2,8,1/4,21.67283052764833,11.220708806999028,40897095.0,42261045.0,0.0,0.0,9049.0,21.328045844100416,11.006293914280832,40028828.0,41528297.0,193.0,0.0,9049.0,18.294160393066704,7.8389752469956875,17846522.0,42261045.0,2408.0,0.0,9049.0,12.286606392845272,7.8389752469956875,17846522.0,55761295.0,2408.0,0.0,9049.0,12.452417041175067,7.8389752469956875,17846522.0,14232998.0,2408.0,0.0,9049.0,12.295235431753099,7.8389752469956875,17846522.0,14232998.0,2408.0,0.0,9049.0,11.220708806999028,7.17562541179359,3.2764963088557124,0.0,0.0,0.0,0.0,11.006293914280832,7.072767301462591,3.2463132543489337,0.0,0.0002455320209264755,0.002425841987133026,0.0,7.8389752469956875,7.17562541179359,3.2764963088557124,0.0,0.0030634254217147827,0.0,0.0,7.8389752469956875,3.515351456589997,0.9075788389891386,0.019211582861600743,0.0030634254217147827,0.002425841987133026,0.0,7.8389752469956875,3.515351456589997,0.9075788389891386,0.1850222311913967,0.0030634254217147827,0.002425841987133026,0.0,7.8389752469956875,3.515351456589997,0.9075788389891386,0.0,0.0030634254217147827,0.03026646375656128,0.0,0.0,0.0,0.0,0.0,0.0,0.0,0.0,0.0,0.0,0.0,0.0,0.0,11.291079135611653,34400008.0,11.247427675873041,34400008.0,9.748977878130972,34400008.0,4.489874631358702,42896572.0,4.573610015679151,8496564.0,4.482721379958093,8496564.0,10.381751392036676,7861037.0,10.080618168227375,7128289.0,8.545182514935732,7861037.0,7.79673176148657,12864723.0,7.878807025495917,5736434.0,7.812514051795006,5736434.0,0.0,0.0,0.0,0.0,0.0,0.0,0.0,0.0,0.0,0.0,0.0,0.0,169044.18,46845.484,0.0015067202672362327,0.006818633477203548,166113.188,45074.144,0.001502599935978651,0.006806635374017059,169044.18,46845.484,0.0014010173268616199,0.00610946852080524,222856.872,100274.656,0.0012577600595151761,0.0027632782453465856,56931.992,56743.684,0.0012757375258952378,0.002809405582491307,56743.684,56743.684,0.0012552440240979194,0.002761166926473378,9049
googlelocal,query2,8,1/8,21.67283052764833,11.220708806999028,40897095.0,42261045.0,0.0,0.0,9049.0,21.328045844100416,11.006293914280832,40028828.0,41528297.0,193.0,0.0,9049.0,18.34722879435867,7.892080541700125,18608265.0,42261045.0,2379.0,0.0,9049.0,12.534684998936712,7.892080541700125,18608265.0,56773645.0,2379.0,0.0,9049.0,12.700495647266507,7.892080541700125,18608265.0,15245348.0,2379.0,0.0,9049.0,12.372272334992886,7.8684560265392065,18017192.0,14444762.0,2386.0,19.0,9049.0,11.220708806999028,7.17562541179359,3.2764963088557124,0.0,0.0,0.0,0.0,11.006293914280832,7.072767301462591,3.2463132543489337,0.0,0.0002455320209264755,0.002425841987133026,0.0,7.892080541700125,7.17562541179359,3.2764963088557124,0.0,0.003026532009243965,0.0,0.0,7.892080541700125,3.623654656112194,0.9942858442664146,0.019211582861600743,0.003026532009243965,0.002425841987133026,0.0,7.892080541700125,3.623654656112194,0.9942858442664146,0.1850222311913967,0.003026532009243965,0.002425841987133026,0.0,7.8684560265392065,3.5444906055927277,0.9263003226369619,0.0,0.0030354373157024384,0.02998994290828705,0.0,0.0,0.0,0.0,0.0,0.0,0.0,0.0,0.0,0.0,0.0,0.0,0.0,11.291079135611653,34400008.0,11.247427675873041,34400008.0,9.781766128726304,34400008.0,4.707058040617425,43849510.0,4.790793424937874,9449502.0,4.5362130254507065,8708328.0,10.381751392036676,7861037.0,10.080618168227375,7128289.0,8.565462665632367,7861037.0,7.827626958319287,12924135.0,7.909702222328633,5795846.0,7.836059309542179,5736434.0,0.0,0.0,0.0,0.0,0.0,0.0,0.0,0.0,0.0,0.0,0.0,0.0,169044.18,46845.484,0.0015067202672362327,0.006818633477203548,166113.188,45074.144,0.001502599935978651,0.006806635374017059,169044.18,46845.484,0.0014018531646579505,0.006180705365538597,215384.08,94074.936,0.001275020521700768,0.0032038759974949995,60981.392,52080.832,0.00129063253197819,0.0032531547375954668,52288.764,52080.832,0.001263806214556098,0.0028194000590592615,9049
googlelocal,query3,8,1,31.926902517676353,10.144882386550307,137138772.0,153706285.0,0.0,0.0,6766.0,30.36310439929366,9.73207619227469,130018343.0,145331120.0,252.0,0.0,6766.0,28.171912223100662,6.3868413884192705,90925904.0,153706285.0,2398.0,0.0,6766.0,19.23613158423498,6.3868413884192705,90925904.0,244969927.0,2398.0,0.0,6766.0,20.046327291522175,6.3868413884192705,90925904.0,99638807.0,2398.0,0.0,6766.0,19.19587268587202,6.3868413884192705,90925904.0,99638807.0,2398.0,0.0,6766.0,10.144882386550307,12.772006606683135,9.010013524442911,0.0,0.0,0.0,0.0,9.73207619227469,12.134058778174222,8.493481417186558,0.0,0.0003205910325050354,0.0031674206256866455,0.0,6.3868413884192705,12.772006606683135,9.010013524442911,0.0,0.0030507035553455353,0.0,0.0,6.3868413884192705,7.566795656457543,5.209044164977968,0.06723225019916519,0.0030507035553455353,0.0031674206256866455,0.0,6.3868413884192705,7.566795656457543,5.209044164977968,0.8774279574863613,0.0030507035553455353,0.0031674206256866455,0.0,6.3868413884192705,7.566795656457543,5.209044164977968,0.0,0.0030507035553455353,0.030140772461891174,0.0,0.0,0.0,0.0,0.0,0.0,0.0,0.0,0.0,0.0,0.0,0.0,0.0,21.032313492149115,91212059.0,20.08564126584679,87188543.0,18.934894795529544,91212059.0,11.794932482778487,143523435.0,11.955609625205398,56334892.0,11.765633514150977,56334892.0,10.894589025527239,62494226.0,10.277463133446872,58142577.0,9.237017427571118,62494226.0,7.441199101456493,101446492.0,8.090717666316777,43303915.0,7.430239171721041,43303915.0,0.0,0.0,0.0,0.0,0.0,0.0,0.0,0.0,0.0,0.0,0.0,0.0,614825.14,210017.936,0.0028149844817817213,0.017545795427449044,581324.48,199193.256,0.002749658351764083,0.017379657090827817,614825.14,210017.936,0.0022662661615759135,0.016276304274424905,979879.708,554227.04,0.0016697952794286234,0.010499116194319362,398555.228,398555.228,0.0017725256197154522,0.010756076249852772,398555.228,398555.228,0.0016657548155635596,0.010472651362605386,6766
googlelocal,query3,8,1/16,31.926902517676353,10.144882386550307,137138772.0,153706285.0,0.0,0.0,6766.0,30.36310439929366,9.73207619227469,130018343.0,145331120.0,252.0,29.0,6766.0,28.171912223100662,6.3868413884192705,90925904.0,153706285.0,2398.0,29.0,6766.0,19.226504718179733,6.3868413884192705,90925904.0,224160223.0,2398.0,29.0,6766.0,20.03804697562009,6.3868413884192705,90925904.0,99638807.0,2398.0,29.0,6766.0,19.25337711162865,6.398023974150419,91142932.0,99914147.0,2392.0,29.0,6766.0,10.144882386550307,12.772006606683135,9.010013524442911,0.0,0.0,0.0,0.0,9.73207619227469,12.134058778174222,8.493481417186558,0.0,0.0003205910325050354,0.0031674206256866455,0.0,6.3868413884192705,12.772006606683135,9.010013524442911,0.0,0.0030507035553455353,0.0,0.0,6.3868413884192705,7.566795656457543,5.209044164977968,0.05760538414392135,0.0030507035553455353,0.0031674206256866455,0.0,6.3868413884192705,7.566795656457543,5.209044164977968,0.8691476415842772,0.0030507035553455353,0.0031674206256866455,0.0,6.398023974150419,7.5921813771128654,5.230063332244754,0.0,0.003043070435523987,0.03006535768508911,0.0,0.0,0.0,0.0,0.0,0.0,0.0,0.0,0.0,0.0,0.0,0.0,0.0,21.032313492149115,91212059.0,20.08564126584679,87188543.0,18.934894795529544,91212059.0,11.785305616723242,122713731.0,11.947329309303313,56334892.0,11.81307759694755,56546656.0,10.894589025527239,62494226.0,10.277463133446872,58142577.0,9.237017427571118,62494226.0,7.441199101456493,101446492.0,8.090717666316777,43303915.0,7.440299514681101,43367491.0,0.0,0.0,0.0,0.0,0.0,0.0,0.0,0.0,0.0,0.0,0.0,0.0,614825.14,210017.936,0.0028149844817817213,0.017545795427449044,581324.48,199193.256,0.002749658351764083,0.017379657090827817,614825.14,210017.936,0.0022662661615759135,0.016276304274424905,819478.7,420729.932,0.0016697952794286234,0.010495995761873867,398555.228,321639.92,0.0017725256197154522,0.010753392285387957,330840.244,320208.508,0.0016693976800888778,0.01055449390225112,6766
googlelocal,query3,8,1/2,31.926902517676353,10.144882386550307,137138772.0,153706285.0,0.0,0.0,6766.0,30.36310439929366,9.73207619227469,130018343.0,145331120.0,252.0,0.0,6766.0,28.171912223100662,6.3868413884192705,90925904.0,153706285.0,2398.0,0.0,6766.0,19.23613158423498,6.3868413884192705,90925904.0,244969927.0,2398.0,0.0,6766.0,20.046327291522175,6.3868413884192705,90925904.0,99638807.0,2398.0,0.0,6766.0,19.19587268587202,6.3868413884192705,90925904.0,99638807.0,2398.0,0.0,6766.0,10.144882386550307,12.772006606683135,9.010013524442911,0.0,0.0,0.0,0.0,9.73207619227469,12.134058778174222,8.493481417186558,0.0,0.0003205910325050354,0.0031674206256866455,0.0,6.3868413884192705,12.772006606683135,9.010013524442911,0.0,0.0030507035553455353,0.0,0.0,6.3868413884192705,7.566795656457543,5.209044164977968,0.06723225019916519,0.0030507035553455353,0.0031674206256866455,0.0,6.3868413884192705,7.566795656457543,5.209044164977968,0.8774279574863613,0.0030507035553455353,0.0031674206256866455,0.0,6.3868413884192705,7.566795656457543,5.209044164977968,0.0,0.0030507035553455353,0.030140772461891174,0.0,0.0,0.0,0.0,0.0,0.0,0.0,0.0,0.0,0.0,0.0,0.0,0.0,21.032313492149115,91212059.0,20.08564126584679,87188543.0,18.934894795529544,91212059.0,11.794932482778487,143523435.0,11.955609625205398,56334892.0,11.765633514150977,56334892.0,10.894589025527239,62494226.0,10.277463133446872,58142577.0,9.237017427571118,62494226.0,7.441199101456493,101446492.0,8.090717666316777,43303915.0,7.430239171721041,43303915.0,0.0,0.0,0.0,0.0,0.0,0.0,0.0,0.0,0.0,0.0,0.0,0.0,614825.14,210017.936,0.0028149844817817213,0.017545795427449044,581324.48,199193.256,0.002749658351764083,0.017379657090827817,614825.14,210017.936,0.0022662661615759135,0.016276304274424905,979879.708,554227.04,0.0016697952794286234,0.010499116194319362,398555.228,398555.228,0.0017725256197154522,0.010756076249852772,398555.228,398555.228,0.0016657548155635596,0.010472651362605386,6766
googlelocal,query3,8,1/4,31.926902517676353,10.144882386550307,137138772.0,153706285.0,0.0,0.0,6766.0,30.36310439929366,9.73207619227469,130018343.0,145331120.0,252.0,0.0,6766.0,28.171912223100662,6.3868413884192705,90925904.0,153706285.0,2398.0,0.0,6766.0,19.23613158423498,6.3868413884192705,90925904.0,244969927.0,2398.0,0.0,6766.0,20.046327291522175,6.3868413884192705,90925904.0,99638807.0,2398.0,0.0,6766.0,19.19587268587202,6.3868413884192705,90925904.0,99638807.0,2398.0,0.0,6766.0,10.144882386550307,12.772006606683135,9.010013524442911,0.0,0.0,0.0,0.0,9.73207619227469,12.134058778174222,8.493481417186558,0.0,0.0003205910325050354,0.0031674206256866455,0.0,6.3868413884192705,12.772006606683135,9.010013524442911,0.0,0.0030507035553455353,0.0,0.0,6.3868413884192705,7.566795656457543,5.209044164977968,0.06723225019916519,0.0030507035553455353,0.0031674206256866455,0.0,6.3868413884192705,7.566795656457543,5.209044164977968,0.8774279574863613,0.0030507035553455353,0.0031674206256866455,0.0,6.3868413884192705,7.566795656457543,5.209044164977968,0.0,0.0030507035553455353,0.030140772461891174,0.0,0.0,0.0,0.0,0.0,0.0,0.0,0.0,0.0,0.0,0.0,0.0,0.0,21.032313492149115,91212059.0,20.08564126584679,87188543.0,18.934894795529544,91212059.0,11.794932482778487,143523435.0,11.955609625205398,56334892.0,11.765633514150977,56334892.0,10.894589025527239,62494226.0,10.277463133446872,58142577.0,9.237017427571118,62494226.0,7.441199101456493,101446492.0,8.090717666316777,43303915.0,7.430239171721041,43303915.0,0.0,0.0,0.0,0.0,0.0,0.0,0.0,0.0,0.0,0.0,0.0,0.0,614825.14,210017.936,0.0028149844817817213,0.017545795427449044,581324.48,199193.256,0.002749658351764083,0.017379657090827817,614825.14,210017.936,0.0022662661615759135,0.016276304274424905,975821.6,550925.616,0.0016697952794286234,0.010499116194319362,398555.228,394702.348,0.0017725256197154522,0.010756076249852772,394702.348,394702.348,0.0016657548155635596,0.010472651362605386,6766
googlelocal,query3,8,1/8,31.926902517676353,10.144882386550307,137138772.0,153706285.0,0.0,0.0,6766.0,30.36310439929366,9.73207619227469,130018343.0,145331120.0,252.0,0.0,6766.0,28.175230806693435,6.39016124419868,91003784.0,153706285.0,2397.0,0.0,6766.0,19.259866194762733,6.39016124419868,91003784.0,245075809.0,2397.0,0.0,6766.0,20.07006190204993,6.39016124419868,91003784.0,99744689.0,2397.0,0.0,6766.0,19.43699482642114,6.422664845362306,91710884.0,100697627.0,2386.0,0.0,6766.0,10.144882386550307,12.772006606683135,9.010013524442911,0.0,0.0,0.0,0.0,9.73207619227469,12.134058778174222,8.493481417186558,0.0,0.0003205910325050354,0.0031674206256866455,0.0,6.39016124419868,12.772006606683135,9.010013524442911,0.0,0.0030494313687086105,0.0,0.0,6.39016124419868,7.577850941568613,5.218404906801879,0.06723225019916519,0.0030494313687086105,0.0031674206256866455,0.0,6.39016124419868,7.577850941568613,5.218404906801879,0.8774279574863613,0.0030494313687086105,0.0031674206256866455,0.0,6.422664845362306,7.678653017617762,5.302651583217084,0.0,0.0030354373157024384,0.02998994290828705,0.0,0.0,0.0,0.0,0.0,0.0,0.0,0.0,0.0,0.0,0.0,0.0,0.0,21.032313492149115,91212059.0,20.08564126584679,87188543.0,18.938213379122317,91212059.0,11.81866709330624,143629317.0,11.979344235733151,56440774.0,12.0067556547001,57393712.0,10.894589025527239,62494226.0,10.277463133446872,58142577.0,9.237017427571118,62494226.0,7.441199101456493,101446492.0,8.090717666316777,43303915.0,7.430239171721041,43303915.0,0.0,0.0,0.0,0.0,0.0,0.0,0.0,0.0,0.0,0.0,0.0,0.0,614825.14,210017.936,0.0028149844817817213,0.017545795427449044,581324.48,199193.256,0.002749658351764083,0.017379657090827817,614825.14,210017.936,0.0022662661615759135,0.016276304274424905,905415.212,520454.56,0.0016719033042322288,0.010499116194319362,398978.756,347454.984,0.001774660164490342,0.010756076249852772,344785.416,344785.416,0.0016755705829709768,0.010511439396813507,6766
googlelocal,query4,8,1,15.689179817214608,8.151886138133705,40998754.0,42253617.0,0.0,0.0,6281.0,14.553400706499815,7.6376678720116615,36010393.0,36736076.0,315.0,0.0,6281.0,13.40177473332733,5.861892154440284,31427098.0,42253617.0,2035.0,0.0,6281.0,11.6858615309682,5.861892154440284,31427098.0,70109301.0,2035.0,0.0,6281.0,11.757095091510564,5.861892154440284,31427098.0,33373225.0,2035.0,0.0,6281.0,11.690485800616443,5.861892154440284,31427098.0,33373225.0,2035.0,0.0,6281.0,8.151886138133705,5.281929112970829,2.2553645661100745,0.0,0.0,0.0,0.0,7.6376678720116615,4.884063929319382,2.027308890596032,0.0,0.00040073879063129425,0.003959275782108307,0.0,5.861892154440284,5.281929112970829,2.2553645661100745,0.0,0.0025888998061418533,0.0,0.0,5.861892154440284,3.9533466147258878,1.8470799531787634,0.016994633035013747,0.0025888998061418533,0.003959275782108307,0.0,5.861892154440284,3.9533466147258878,1.8470799531787634,0.08822819357737899,0.0025888998061418533,0.003959275782108307,0.0,5.861892154440284,3.9533466147258878,1.8470799531787634,0.0,0.0025888998061418533,0.025578178465366364,0.0,0.0,0.0,0.0,0.0,0.0,0.0,0.0,0.0,0.0,0.0,0.0,0.0,12.883750724606216,42253617.0,11.805683795362711,36736076.0,11.595638575032353,42253617.0,10.361203786240171,70109301.0,10.432437346782535,33373225.0,10.352064859122038,33373225.0,2.8054290926083922,0.0,2.747716911137104,0.0,1.8061361582949758,0.0,1.3246577447280288,0.0,1.3246577447280288,0.0,1.3384209414944053,0.0,0.0,0.0,0.0,0.0,0.0,0.0,0.0,0.0,0.0,0.0,0.0,0.0,169014.468,115226.54,0.0016370540726929903,0.005762403506599363,146944.304,96372.584,0.0015337474700063468,0.005192771293967958,169014.468,115226.54,0.00128037959523499,0.005579339756816622,280437.204,218649.828,0.0011143421195447445,0.004683771442136172,133492.9,133492.9,0.0011143421195447445,0.0047437002874910796,133492.9,133492.9,0.0011167553924024106,0.004676712619699533,6281
googlelocal,query4,8,1/16,15.689179817214608,8.151886138133705,40998754.0,42253617.0,0.0,0.0,6281.0,14.80578239262104,7.666011042892933,39311695.0,40297286.0,309.0,66.0,6281.0,13.481537143699825,5.941683825105429,37116276.0,42253617.0,2012.0,66.0,6281.0,12.047496940815204,5.913340654224157,33814974.0,53384989.0,2018.0,60.0,6281.0,12.11062280042097,5.913340654224157,33814974.0,36155417.0,2018.0,60.0,6281.0,12.568439268507063,5.997870832681656,38133337.0,40942056.0,1976.0,110.0,6281.0,8.151886138133705,5.281929112970829,2.2553645661100745,0.0,0.0,0.0,0.0,7.666011042892933,5.011824149638414,2.123670233413577,0.0,0.0003931056708097458,0.003883861005306244,0.0,5.941683825105429,5.281929112970829,2.2553645661100745,0.0,0.0025596395134925842,0.0,0.0,5.913340654224157,4.133330937474966,1.9863281548023224,0.007970645898335682,0.0025672726333141327,0.003959275782108307,0.0,5.913340654224157,4.133330937474966,1.9863281548023224,0.07109650550410151,0.0025672726333141327,0.003959275782108307,0.0,5.997870832681656,4.377791767939925,2.1654262272641063,0.0,0.0025138407945632935,0.024836599826812744,0.0,0.0,0.0,0.0,0.0,0.0,0.0,0.0,0.0,0.0,0.0,0.0,0.0,12.883750724606216,42253617.0,12.058065481483936,40297286.0,11.672502325847745,42253617.0,10.718757673041278,53384989.0,10.781883532647043,36155417.0,11.209159905090928,40942056.0,2.8054290926083922,0.0,2.747716911137104,0.0,1.8090348178520799,0.0,1.3287392677739263,0.0,1.3287392677739263,0.0,1.3592793634161353,0.0,0.0,0.0,0.0,0.0,0.0,0.0,0.0,0.0,0.0,0.0,0.0,0.0,169014.468,115226.54,0.0016370540726929903,0.005762403506599363,161189.144,110617.424,0.00153444635681808,0.0055317337347194516,169014.468,115226.54,0.001280551502481103,0.005701728129945693,183538.924,131772.544,0.0011183047611266375,0.005067630859273939,144621.668,101851.152,0.0011183047611266375,0.005124072803743179,145436.024,120137.364,0.0011246148981153964,0.005632402299344537,6281
googlelocal,query4,8,1/2,15.689179817214608,8.151886138133705,40998754.0,42253617.0,0.0,0.0,6281.0,14.553400706499815,7.6376678720116615,36010393.0,36736076.0,315.0,0.0,6281.0,13.40177473332733,5.861892154440284,31427098.0,42253617.0,2035.0,0.0,6281.0,11.6858615309682,5.861892154440284,31427098.0,70109301.0,2035.0,0.0,6281.0,11.757095091510564,5.861892154440284,31427098.0,33373225.0,2035.0,0.0,6281.0,11.690485800616443,5.861892154440284,31427098.0,33373225.0,2035.0,0.0,6281.0,8.151886138133705,5.281929112970829,2.2553645661100745,0.0,0.0,0.0,0.0,7.6376678720116615,4.884063929319382,2.027308890596032,0.0,0.00040073879063129425,0.003959275782108307,0.0,5.861892154440284,5.281929112970829,2.2553645661100745,0.0,0.0025888998061418533,0.0,0.0,5.861892154440284,3.9533466147258878,1.8470799531787634,0.016994633035013747,0.0025888998061418533,0.003959275782108307,0.0,5.861892154440284,3.9533466147258878,1.8470799531787634,0.08822819357737899,0.0025888998061418533,0.003959275782108307,0.0,5.861892154440284,3.9533466147258878,1.8470799531787634,0.0,0.0025888998061418533,0.025578178465366364,0.0,0.0,0.0,0.0,0.0,0.0,0.0,0.0,0.0,0.0,0.0,0.0,0.0,12.883750724606216,42253617.0,11.805683795362711,36736076.0,11.595638575032353,42253617.0,10.361203786240171,70109301.0,10.432437346782535,33373225.0,10.352064859122038,33373225.0,2.8054290926083922,0.0,2.747716911137104,0.0,1.8061361582949758,0.0,1.3246577447280288,0.0,1.3246577447280288,0.0,1.3384209414944053,0.0,0.0,0.0,0.0,0.0,0.0,0.0,0.0,0.0,0.0,0.0,0.0,0.0,169014.468,115226.54,0.0016370540726929903,0.005762403506599363,146944.304,96372.584,0.0015337474700063468,0.005192771293967958,169014.468,115226.54,0.00128037959523499,0.005579339756816622,279835.256,218649.828,0.0011143421195447445,0.004683771442136172,133492.9,132890.952,0.0011143421195447445,0.0047437002874910796,132890.952,132890.952,0.0011167553924024106,0.004676712619699533,6281
googlelocal,query4,8,1/4,15.689179817214608,8.151886138133705,40998754.0,42253617.0,0.0,0.0,6281.0,14.553400706499815,7.6376678720116615,36010393.0,36736076.0,315.0,0.0,6281.0,13.409692740999162,5.869813978672028,31668284.0,42253617.0,2032.0,0.0,6281.0,11.739960671656977,5.869813978672028,31668284.0,70410275.0,2032.0,0.0,6281.0,11.811194232199341,5.869813978672028,31668284.0,33674199.0,2032.0,0.0,6281.0,11.744547233916819,5.869813978672028,31668284.0,33674199.0,2032.0,0.0,6281.0,8.151886138133705,5.281929112970829,2.2553645661100745,0.0,0.0,0.0,0.0,7.6376678720116615,4.884063929319382,2.027308890596032,0.0,0.00040073879063129425,0.003959275782108307,0.0,5.869813978672028,5.281929112970829,2.2553645661100745,0.0,0.002585083246231079,0.0,0.0,5.869813978672028,3.9791306955739856,1.8674770053476095,0.016994633035013747,0.002585083246231079,0.003959275782108307,0.0,5.869813978672028,3.9791306955739856,1.8674770053476095,0.08822819357737899,0.002585083246231079,0.003959275782108307,0.0,5.869813978672028,3.9791306955739856,1.8674770053476095,0.0,0.002585083246231079,0.025540471076965332,0.0,0.0,0.0,0.0,0.0,0.0,0.0,0.0,0.0,0.0,0.0,0.0,0.0,12.883750724606216,42253617.0,11.805683795362711,36736076.0,11.60275715496391,42253617.0,10.414217119359623,70410275.0,10.485450679901987,33674199.0,10.405053053982556,33674199.0,2.8054290926083922,0.0,2.747716911137104,0.0,1.8069355860352516,0.0,1.3257435522973537,0.0,1.3257435522973537,0.0,1.3394941799342632,0.0,0.0,0.0,0.0,0.0,0.0,0.0,0.0,0.0,0.0,0.0,0.0,0.0,169014.468,115226.54,0.0016370540726929903,0.005762403506599363,146944.304,96372.584,0.0015337474700063468,0.005192771293967958,169014.468,115226.54,0.00128037959523499,0.005579339756816622,256895.96,210322.004,0.0011146617494523525,0.004683771442136172,134696.796,118603.72,0.0011146617494523525,0.0047437002874910796,118603.72,118603.72,0.0011170750223100186,0.004676712619699533,6281
googlelocal,query4,8,1/8,15.689179817214608,8.151886138133705,40998754.0,42253617.0,0.0,0.0,6281.0,14.80578239262104,7.666011042892933,39311695.0,40297286.0,309.0,27.0,6281.0,13.446674030274153,5.906804173253477,36069828.0,42253617.0,2025.0,27.0,6281.0,11.817261098059838,5.878461002372205,32768526.0,59133110.0,2031.0,21.0,6281.0,11.888264700770378,5.878461002372205,32768526.0,34861269.0,2031.0,21.0,6281.0,12.082945563830435,5.908480988815427,36075517.0,38422479.0,2024.0,27.0,6281.0,8.151886138133705,5.281929112970829,2.2553645661100745,0.0,0.0,0.0,0.0,7.666011042892933,5.011824149638414,2.123670233413577,0.0,0.0003931056708097458,0.003883861005306244,0.0,5.906804173253477,5.281929112970829,2.2553645661100745,0.0,0.002576177939772606,0.0,0.0,5.878461002372205,4.021431055851281,1.8995974529534578,0.011228500041191148,0.0025838110595941544,0.003959275782108307,0.0,5.878461002372205,4.021431055851281,1.8995974529534578,0.08223210275173187,0.0025838110595941544,0.003959275782108307,0.0,5.908480988815427,4.150490955449641,1.9959587957710028,0.0,0.002574905753135681,0.025439918041229248,0.0,0.0,0.0,0.0,0.0,0.0,0.0,0.0,0.0,0.0,0.0,0.0,0.0,12.883750724606216,42253617.0,12.058065481483936,40297286.0,11.640537871979177,42253617.0,10.492603353331809,59133110.0,10.56360695604235,34861269.0,10.74452462233603,38422479.0,2.8054290926083922,0.0,2.747716911137104,0.0,1.8061361582949758,0.0,1.3246577447280288,0.0,1.3246577447280288,0.0,1.3384209414944053,0.0,0.0,0.0,0.0,0.0,0.0,0.0,0.0,0.0,0.0,0.0,0.0,0.0,169014.468,115226.54,0.0016370540726929903,0.005762403506599363,161189.144,110617.424,0.00153444635681808,0.0055317337347194516,169014.468,115226.54,0.00128037959523499,0.005648289565369484,214336.088,158532.972,0.0011151131205260753,0.004826888486358101,139445.076,110801.248,0.0011151131205260753,0.004886265040189024,136105.392,124959.956,0.0011186080109328032,0.005216446218825873,6281
music_brainz_20k,query1,8,1,75.38809220958501,54.532871251925826,104570830.0,126384507.0,0.0,0.0,5855.0,74.82474358938634,53.99881579820067,104555129.0,126384507.0,55.0,0.0,5855.0,63.67305937688798,42.81614641100168,81514495.0,126384507.0,1330.0,0.0,5855.0,59.13582297903721,42.81614641100168,81514495.0,224900306.0,1330.0,0.0,5855.0,59.189568259287626,42.81614641100168,81514495.0,98515799.0,1330.0,0.0,5855.0,59.0933813424781,42.81614641100168,81514495.0,98515799.0,1330.0,0.0,5855.0,54.532871251925826,13.288720744661987,7.566500212997198,0.0,0.0,0.0,0.0,53.99881579820067,13.258666305802763,7.566500212997198,0.0,6.99702650308609e-05,0.0006913021206855774,0.0,42.81614641100168,13.288720744661987,7.566500212997198,0.0,0.001692008227109909,0.0,0.0,42.81614641100168,10.35728775896132,5.90153822209686,0.058467276629548745,0.001692008227109909,0.0006913021206855774,0.0,42.81614641100168,10.35728775896132,5.90153822209686,0.11221255687996745,0.001692008227109909,0.0006913021206855774,0.0,42.81614641100168,10.35728775896132,5.90153822209686,0.0,0.001692008227109909,0.016716942191123962,0.0,0.0,0.0,0.0,0.0,0.0,0.0,0.0,0.0,0.0,0.0,0.0,0.0,20.016359771601856,0.0,19.812721204943955,0.0,15.85256614536047,0.0,15.454628023318946,0.0,15.454628023318946,0.0,15.463627520017326,0.0,0.0,0.0,0.0,0.0,0.0,0.0,0.0,0.0,0.0,0.0,0.0,0.0,55.371732437983155,126384507.0,55.01202238444239,126384507.0,47.82049323152751,126384507.0,43.68119495571826,224900306.0,43.73494023596868,98515799.0,43.62975382246077,98515799.0,505538.028,90833.628,0.009460102273151279,0.023975873824954034,505538.028,90833.628,0.009442253278568387,0.023975873824954034,505538.028,90833.628,0.007890318851917983,0.023927030416764316,899601.224,478185.228,0.007325325105339289,0.023959494239660973,394063.196,394063.196,0.007325325105339289,0.023986762902513146,394063.196,394063.196,0.007326883677393198,0.023927030416764316,5855
music_brainz_20k,query1,8,1/16,75.38809220958501,54.532871251925826,104570830.0,126384507.0,0.0,0.0,5855.0,74.82474358938634,53.99881579820067,104555129.0,126384507.0,55.0,51.0,5855.0,64.72099014930427,43.86417768616229,96022399.0,126384507.0,1251.0,51.0,5855.0,62.72126768288165,43.86417768616229,96022399.0,223421546.0,1251.0,51.0,5855.0,62.76938954927027,43.86417768616229,96022399.0,116358797.0,1251.0,51.0,5855.0,62.70500713586807,43.88218021020293,96021746.0,116358797.0,1250.0,58.0,5855.0,54.532871251925826,13.288720744661987,7.566500212997198,0.0,0.0,0.0,0.0,53.99881579820067,13.258666305802763,7.566500212997198,0.0,6.99702650308609e-05,0.0006913021206855774,0.0,43.86417768616229,13.288720744661987,7.566500212997198,0.0,0.0015915054827928543,0.0,0.0,43.86417768616229,11.837799812667072,6.9674786208197474,0.049528755629065696,0.0015915054827928543,0.0006913021206855774,0.0,43.86417768616229,11.837799812667072,6.9674786208197474,0.0976506220176816,0.0015915054827928543,0.0006913021206855774,0.0,43.88218021020293,11.838046659715474,6.9674786208197474,0.0,0.0015902332961559296,0.015711411833763123,0.0,0.0,0.0,0.0,0.0,0.0,0.0,0.0,0.0,0.0,0.0,0.0,0.0,20.016359771601856,0.0,19.812721204943955,0.0,15.881347719579935,0.0,15.485935279168189,0.0,15.485935279168189,0.0,15.48702313285321,0.0,0.0,0.0,0.0,0.0,0.0,0.0,0.0,0.0,0.0,0.0,0.0,0.0,55.371732437983155,126384507.0,55.01202238444239,126384507.0,48.839642429724336,126384507.0,47.235332403713464,223421546.0,47.283454270102084,116358797.0,47.21798400301486,116358797.0,505538.028,90833.628,0.009460102273151279,0.023975873824954034,505538.028,90833.628,0.009442253278568387,0.023975873824954034,505538.028,90833.628,0.007895691987127066,0.023957949876599015,572937.308,154204.04,0.007689814297482372,0.023981918052460544,465435.188,124367.984,0.007689814297482372,0.024003691483754665,148493.388,125117.756,0.007693002363666892,0.023957949876599015,5855
music_brainz_20k,query1,8,1/2,75.38809220958501,54.532871251925826,104570830.0,126384507.0,0.0,0.0,5855.0,74.82474358938634,53.99881579820067,104555129.0,126384507.0,55.0,0.0,5855.0,63.67305937688798,42.81614641100168,81514495.0,126384507.0,1330.0,0.0,5855.0,59.13582297903721,42.81614641100168,81514495.0,224900306.0,1330.0,0.0,5855.0,59.189568259287626,42.81614641100168,81514495.0,98515799.0,1330.0,0.0,5855.0,59.0933813424781,42.81614641100168,81514495.0,98515799.0,1330.0,0.0,5855.0,54.532871251925826,13.288720744661987,7.566500212997198,0.0,0.0,0.0,0.0,53.99881579820067,13.258666305802763,7.566500212997198,0.0,6.99702650308609e-05,0.0006913021206855774,0.0,42.81614641100168,13.288720744661987,7.566500212997198,0.0,0.001692008227109909,0.0,0.0,42.81614641100168,10.35728775896132,5.90153822209686,0.058467276629548745,0.001692008227109909,0.0006913021206855774,0.0,42.81614641100168,10.35728775896132,5.90153822209686,0.11221255687996745,0.001692008227109909,0.0006913021206855774,0.0,42.81614641100168,10.35728775896132,5.90153822209686,0.0,0.001692008227109909,0.016716942191123962,0.0,0.0,0.0,0.0,0.0,0.0,0.0,0.0,0.0,0.0,0.0,0.0,0.0,20.016359771601856,0.0,19.812721204943955,0.0,15.85256614536047,0.0,15.454628023318946,0.0,15.454628023318946,0.0,15.463627520017326,0.0,0.0,0.0,0.0,0.0,0.0,0.0,0.0,0.0,0.0,0.0,0.0,0.0,55.371732437983155,126384507.0,55.01202238444239,126384507.0,47.82049323152751,126384507.0,43.68119495571826,224900306.0,43.73494023596868,98515799.0,43.62975382246077,98515799.0,505538.028,90833.628,0.009460102273151279,0.023975873824954034,505538.028,90833.628,0.009442253278568387,0.023975873824954034,505538.028,90833.628,0.007890318851917983,0.023927030416764316,899601.224,478185.228,0.007325325105339289,0.023959494239660973,394063.196,394063.196,0.007325325105339289,0.023986762902513146,394063.196,394063.196,0.007326883677393198,0.023927030416764316,5855
music_brainz_20k,query1,8,1/4,75.38809220958501,54.532871251925826,104570830.0,126384507.0,0.0,0.0,5855.0,74.82474358938634,53.99881579820067,104555129.0,126384507.0,55.0,0.0,5855.0,63.67305937688798,42.81614641100168,81514495.0,126384507.0,1330.0,0.0,5855.0,59.13582297903721,42.81614641100168,81514495.0,224900306.0,1330.0,0.0,5855.0,59.189568259287626,42.81614641100168,81514495.0,98515799.0,1330.0,0.0,5855.0,59.0933813424781,42.81614641100168,81514495.0,98515799.0,1330.0,0.0,5855.0,54.532871251925826,13.288720744661987,7.566500212997198,0.0,0.0,0.0,0.0,53.99881579820067,13.258666305802763,7.566500212997198,0.0,6.99702650308609e-05,0.0006913021206855774,0.0,42.81614641100168,13.288720744661987,7.566500212997198,0.0,0.001692008227109909,0.0,0.0,42.81614641100168,10.35728775896132,5.90153822209686,0.058467276629548745,0.001692008227109909,0.0006913021206855774,0.0,42.81614641100168,10.35728775896132,5.90153822209686,0.11221255687996745,0.001692008227109909,0.0006913021206855774,0.0,42.81614641100168,10.35728775896132,5.90153822209686,0.0,0.001692008227109909,0.016716942191123962,0.0,0.0,0.0,0.0,0.0,0.0,0.0,0.0,0.0,0.0,0.0,0.0,0.0,20.016359771601856,0.0,19.812721204943955,0.0,15.85256614536047,0.0,15.454628023318946,0.0,15.454628023318946,0.0,15.463627520017326,0.0,0.0,0.0,0.0,0.0,0.0,0.0,0.0,0.0,0.0,0.0,0.0,0.0,55.371732437983155,126384507.0,55.01202238444239,126384507.0,47.82049323152751,126384507.0,43.68119495571826,224900306.0,43.73494023596868,98515799.0,43.62975382246077,98515799.0,505538.028,90833.628,0.009460102273151279,0.023975873824954034,505538.028,90833.628,0.009442253278568387,0.023975873824954034,505538.028,90833.628,0.007890318851917983,0.023927030416764316,786927.32,373110.088,0.007325325105339289,0.023959494239660973,394063.196,286025.7,0.007325325105339289,0.023986762902513146,286025.7,286025.7,0.007326883677393198,0.023927030416764316,5855
music_brainz_20k,query1,8,1/8,75.38809220958501,54.532871251925826,104570830.0,126384507.0,0.0,0.0,5855.0,74.82474358938634,53.99881579820067,104555129.0,126384507.0,55.0,0.0,5855.0,63.83526268042624,42.97836498077959,83880496.0,126384507.0,1318.0,0.0,5855.0,59.71359046478991,42.97836498077959,83880496.0,227810996.0,1318.0,0.0,5855.0,59.76733574504033,42.97836498077959,83880496.0,101426489.0,1318.0,0.0,5855.0,59.87715042475611,43.04593924060464,84669190.0,102396719.0,1313.0,0.0,5855.0,54.532871251925826,13.288720744661987,7.566500212997198,0.0,0.0,0.0,0.0,53.99881579820067,13.258666305802763,7.566500212997198,0.0,6.99702650308609e-05,0.0006913021206855774,0.0,42.97836498077959,13.288720744661987,7.566500212997198,0.0,0.0016767419874668121,0.0,0.0,42.97836498077959,10.598652479238808,6.075737684033811,0.058467276629548745,0.0016767419874668121,0.0006913021206855774,0.0,42.97836498077959,10.598652479238808,6.075737684033811,0.11221255687996745,0.0016767419874668121,0.0006913021206855774,0.0,43.04593924060464,10.67937945947051,6.133658076636493,0.0,0.0016703810542821884,0.016503266990184784,0.0,0.0,0.0,0.0,0.0,0.0,0.0,0.0,0.0,0.0,0.0,0.0,0.0,20.016359771601856,0.0,19.812721204943955,0.0,15.85256614536047,0.0,15.454628023318946,0.0,15.454628023318946,0.0,15.463627520017326,0.0,0.0,0.0,0.0,0.0,0.0,0.0,0.0,0.0,0.0,0.0,0.0,0.0,55.371732437983155,126384507.0,55.01202238444239,126384507.0,47.98269653506577,126384507.0,44.25896244147096,227810996.0,44.31270772172138,101426489.0,44.413522904738784,102396719.0,505538.028,90833.628,0.009460102273151279,0.023975873824954034,505538.028,90833.628,0.009442253278568387,0.023975873824954034,505538.028,90833.628,0.007892104912549257,0.02392954810466617,651570.1,238956.896,0.0074253950770944354,0.023962011927562827,405705.956,153783.74,0.0074253950770944354,0.023989280590415,152152.136,152152.136,0.007453821809962392,0.023931295409426092,5855
music_brainz_20k,query2,8,1,66.95802506990731,62.940547693520784,3878324.0,1179520.0,0.0,0.0,7266.0,66.85224695689976,62.84481754153967,3872044.0,1179520.0,22.0,0.0,7266.0,51.57270418293774,47.5531175211072,3557603.0,1179520.0,1658.0,0.0,7266.0,50.745318714486956,47.5531175211072,3557603.0,2359040.0,1658.0,0.0,7266.0,50.76276132417843,47.5531175211072,3557603.0,1179520.0,1658.0,0.0,7266.0,50.765336147509515,47.5531175211072,3557603.0,1179520.0,1658.0,0.0,7266.0,62.940547693520784,3.943257532082498,0.07421984430402517,0.0,0.0,0.0,0.0,62.84481754153967,3.9329050621017814,0.07421984430402517,0.0,2.798810601234436e-05,0.00027652084827423096,0.0,47.5531175211072,3.943257532082498,0.07421984430402517,0.0,0.002109285444021225,0.0,0.0,47.5531175211072,3.1150498799979687,0.07421984430402517,0.0005456627854716823,0.002109285444021225,0.00027652084827423096,0.0,47.5531175211072,3.1150498799979687,0.07421984430402517,0.017988272476941347,0.002109285444021225,0.00027652084827423096,0.0,47.5531175211072,3.1150498799979687,0.07421984430402517,0.0,0.002109285444021225,0.020839616656303406,0.0,0.0,0.0,0.0,0.0,0.0,0.0,0.0,0.0,0.0,0.0,0.0,0.0,31.024551208131015,1069060.0,30.91877309512347,1069060.0,27.181042559444904,1069060.0,26.818026653814563,2138120.0,26.83380719507113,1069060.0,26.82648131158203,1069060.0,0.0,0.0,0.0,0.0,0.0,0.0,0.0,0.0,0.0,0.0,0.0,0.0,35.93347386177629,110460.0,35.93347386177629,110460.0,24.391661623492837,110460.0,23.927292060672393,220920.0,23.928954129107296,110460.0,23.938854835927486,110460.0,4718.08,3637.884,0.008964164674282075,0.014404396559111774,4718.08,3637.884,0.008964164674282075,0.014404396559111774,4718.08,3637.884,0.006678787048906088,0.01423414163533598,9436.16,8205.272,0.0065879693664610385,0.014234659085867676,4718.08,4718.08,0.0065879693664610385,0.01425088384654373,4718.08,4718.08,0.006590357501059771,0.01423414163533598,7266
music_brainz_20k,query2,8,1/16,66.95802506990731,62.940547693520784,3878324.0,1179520.0,0.0,0.0,7266.0,66.85224695689976,62.84481754153967,3872044.0,1179520.0,22.0,63.0,7266.0,51.57270418293774,47.5531175211072,3557603.0,1179520.0,1658.0,63.0,7266.0,50.744773051701486,47.5531175211072,3557603.0,1179520.0,1658.0,63.0,7266.0,50.744773051701486,47.5531175211072,3557603.0,1179520.0,1658.0,63.0,7266.0,50.779119432903826,47.56564371287823,3559105.0,1179520.0,1656.0,63.0,7266.0,62.940547693520784,3.943257532082498,0.07421984430402517,0.0,0.0,0.0,0.0,62.84481754153967,3.9329050621017814,0.07421984430402517,0.0,2.798810601234436e-05,0.00027652084827423096,0.0,47.5531175211072,3.943257532082498,0.07421984430402517,0.0,0.002109285444021225,0.0,0.0,47.5531175211072,3.1150498799979687,0.07421984430402517,0.0,0.002109285444021225,0.00027652084827423096,0.0,47.5531175211072,3.1150498799979687,0.07421984430402517,0.0,0.002109285444021225,0.00027652084827423096,0.0,47.56564371287823,3.116334656253457,0.07421984430402517,0.0,0.0021067410707473755,0.020814478397369385,0.0,0.0,0.0,0.0,0.0,0.0,0.0,0.0,0.0,0.0,0.0,0.0,0.0,31.024551208131015,1069060.0,30.91877309512347,1069060.0,27.181042559444904,1069060.0,26.817532091401517,1069060.0,26.817532091401517,1069060.0,26.84026459697634,1069060.0,0.0,0.0,0.0,0.0,0.0,0.0,0.0,0.0,0.0,0.0,0.0,0.0,35.93347386177629,110460.0,35.93347386177629,110460.0,24.391661623492837,110460.0,23.92724096029997,110460.0,23.92724096029997,110460.0,23.938854835927486,110460.0,4718.08,3637.884,0.008964164674282075,0.014404396559111774,4718.08,3637.884,0.008964164674282075,0.014404396559111774,4718.08,3637.884,0.006678787048906088,0.01423414163533598,4718.08,3637.884,0.0065879693664610385,0.01423414163533598,4718.08,3637.884,0.0065879693664610385,0.01423414163533598,4718.08,3637.884,0.006590357501059771,0.01423414163533598,7266
music_brainz_20k,query2,8,1/2,66.95802506990731,62.940547693520784,3878324.0,1179520.0,0.0,0.0,7266.0,66.85224695689976,62.84481754153967,3872044.0,1179520.0,22.0,0.0,7266.0,51.57270418293774,47.5531175211072,3557603.0,1179520.0,1658.0,0.0,7266.0,50.745318714486956,47.5531175211072,3557603.0,2359040.0,1658.0,0.0,7266.0,50.76276132417843,47.5531175211072,3557603.0,1179520.0,1658.0,0.0,7266.0,50.765336147509515,47.5531175211072,3557603.0,1179520.0,1658.0,0.0,7266.0,62.940547693520784,3.943257532082498,0.07421984430402517,0.0,0.0,0.0,0.0,62.84481754153967,3.9329050621017814,0.07421984430402517,0.0,2.798810601234436e-05,0.00027652084827423096,0.0,47.5531175211072,3.943257532082498,0.07421984430402517,0.0,0.002109285444021225,0.0,0.0,47.5531175211072,3.1150498799979687,0.07421984430402517,0.0005456627854716823,0.002109285444021225,0.00027652084827423096,0.0,47.5531175211072,3.1150498799979687,0.07421984430402517,0.017988272476941347,0.002109285444021225,0.00027652084827423096,0.0,47.5531175211072,3.1150498799979687,0.07421984430402517,0.0,0.002109285444021225,0.020839616656303406,0.0,0.0,0.0,0.0,0.0,0.0,0.0,0.0,0.0,0.0,0.0,0.0,0.0,31.024551208131015,1069060.0,30.91877309512347,1069060.0,27.181042559444904,1069060.0,26.818026653814563,2138120.0,26.83380719507113,1069060.0,26.82648131158203,1069060.0,0.0,0.0,0.0,0.0,0.0,0.0,0.0,0.0,0.0,0.0,0.0,0.0,35.93347386177629,110460.0,35.93347386177629,110460.0,24.391661623492837,110460.0,23.927292060672393,220920.0,23.928954129107296,110460.0,23.938854835927486,110460.0,4718.08,3637.884,0.008964164674282075,0.014404396559111774,4718.08,3637.884,0.008964164674282075,0.014404396559111774,4718.08,3637.884,0.006678787048906088,0.01423414163533598,9436.16,8205.272,0.0065879693664610385,0.014234659085867676,4718.08,4718.08,0.0065879693664610385,0.01425088384654373,4718.08,4718.08,0.006590357501059771,0.01423414163533598,7266
music_brainz_20k,query2,8,1/4,66.95802506990731,62.940547693520784,3878324.0,1179520.0,0.0,0.0,7266.0,66.85224695689976,62.84481754153967,3872044.0,1179520.0,22.0,0.0,7266.0,51.57270418293774,47.5531175211072,3557603.0,1179520.0,1658.0,0.0,7266.0,50.745318714486956,47.5531175211072,3557603.0,2359040.0,1658.0,0.0,7266.0,50.76276132417843,47.5531175211072,3557603.0,1179520.0,1658.0,0.0,7266.0,50.765336147509515,47.5531175211072,3557603.0,1179520.0,1658.0,0.0,7266.0,62.940547693520784,3.943257532082498,0.07421984430402517,0.0,0.0,0.0,0.0,62.84481754153967,3.9329050621017814,0.07421984430402517,0.0,2.798810601234436e-05,0.00027652084827423096,0.0,47.5531175211072,3.943257532082498,0.07421984430402517,0.0,0.002109285444021225,0.0,0.0,47.5531175211072,3.1150498799979687,0.07421984430402517,0.0005456627854716823,0.002109285444021225,0.00027652084827423096,0.0,47.5531175211072,3.1150498799979687,0.07421984430402517,0.017988272476941347,0.002109285444021225,0.00027652084827423096,0.0,47.5531175211072,3.1150498799979687,0.07421984430402517,0.0,0.002109285444021225,0.020839616656303406,0.0,0.0,0.0,0.0,0.0,0.0,0.0,0.0,0.0,0.0,0.0,0.0,0.0,31.024551208131015,1069060.0,30.91877309512347,1069060.0,27.181042559444904,1069060.0,26.818026653814563,2138120.0,26.83380719507113,1069060.0,26.82648131158203,1069060.0,0.0,0.0,0.0,0.0,0.0,0.0,0.0,0.0,0.0,0.0,0.0,0.0,35.93347386177629,110460.0,35.93347386177629,110460.0,24.391661623492837,110460.0,23.927292060672393,220920.0,23.928954129107296,110460.0,23.938854835927486,110460.0,4718.08,3637.884,0.008964164674282075,0.014404396559111774,4718.08,3637.884,0.008964164674282075,0.014404396559111774,4718.08,3637.884,0.006678787048906088,0.01423414163533598,9348.408,8183.616,0.0065879693664610385,0.014234659085867676,4718.08,4663.376,0.0065879693664610385,0.01425088384654373,4663.376,4663.376,0.006590357501059771,0.01423414163533598,7266
music_brainz_20k,query2,8,1/8,66.95802506990731,62.940547693520784,3878324.0,1179520.0,0.0,0.0,7266.0,66.85224695689976,62.84481754153967,3872044.0,1179520.0,22.0,0.0,7266.0,51.57270418293774,47.5531175211072,3557603.0,1179520.0,1658.0,0.0,7266.0,50.745318714486956,47.5531175211072,3557603.0,2359040.0,1658.0,0.0,7266.0,50.76276132417843,47.5531175211072,3557603.0,1179520.0,1658.0,0.0,7266.0,50.765336147509515,47.5531175211072,3557603.0,1179520.0,1658.0,0.0,7266.0,62.940547693520784,3.943257532082498,0.07421984430402517,0.0,0.0,0.0,0.0,62.84481754153967,3.9329050621017814,0.07421984430402517,0.0,2.798810601234436e-05,0.00027652084827423096,0.0,47.5531175211072,3.943257532082498,0.07421984430402517,0.0,0.002109285444021225,0.0,0.0,47.5531175211072,3.1150498799979687,0.07421984430402517,0.0005456627854716823,0.002109285444021225,0.00027652084827423096,0.0,47.5531175211072,3.1150498799979687,0.07421984430402517,0.017988272476941347,0.002109285444021225,0.00027652084827423096,0.0,47.5531175211072,3.1150498799979687,0.07421984430402517,0.0,0.002109285444021225,0.020839616656303406,0.0,0.0,0.0,0.0,0.0,0.0,0.0,0.0,0.0,0.0,0.0,0.0,0.0,31.024551208131015,1069060.0,30.91877309512347,1069060.0,27.181042559444904,1069060.0,26.818026653814563,2138120.0,26.83380719507113,1069060.0,26.82648131158203,1069060.0,0.0,0.0,0.0,0.0,0.0,0.0,0.0,0.0,0.0,0.0,0.0,0.0,35.93347386177629,110460.0,35.93347386177629,110460.0,24.391661623492837,110460.0,23.927292060672393,220920.0,23.928954129107296,110460.0,23.938854835927486,110460.0,4718.08,3637.884,0.008964164674282075,0.014404396559111774,4718.08,3637.884,0.008964164674282075,0.014404396559111774,4718.08,3637.884,0.006678787048906088,0.01423414163533598,8205.272,7275.768,0.0065879693664610385,0.014234659085867676,4718.08,3637.884,0.0065879693664610385,0.01425088384654373,3637.884,3637.884,0.006590357501059771,0.01423414163533598,7266
music_brainz_20k,query3,8,1,2003.695174147375,122.30067883990705,12097449749.0,14604368295.0,0.0,0.0,5192.0,1977.0178165379912,120.36812867224216,11936176693.0,14409757631.0,73.0,0.0,5192.0,1939.4985892698169,58.101513967849314,4628223499.0,14604368295.0,2028.0,0.0,5192.0,779.7425680766509,58.101513967849314,4628223499.0,19989310953.0,2028.0,0.0,5192.0,773.9835314317606,58.101513967849314,4628223499.0,5579553322.0,2028.0,0.0,5192.0,773.1009811963886,58.101513967849314,4628223499.0,5579553322.0,2028.0,0.0,5192.0,122.30067883990705,1085.9006989337504,795.4937963737175,0.0,0.0,0.0,0.0,120.36812867224216,1071.8593744840473,784.7893029656261,0.0,9.286962449550629e-05,0.0009175464510917664,0.0,58.101513967849314,1085.9006989337504,795.4937963737175,0.0,0.00257999449968338,0.0,0.0,58.101513967849314,411.9726995686069,302.9986974708736,6.666159528370261,0.00257999449968338,0.0009175464510917664,0.0,58.101513967849314,411.9726995686069,302.9986974708736,0.9071228834800422,0.00257999449968338,0.0009175464510917664,0.0,58.101513967849314,411.9726995686069,302.9986974708736,0.0,0.00257999449968338,0.02549019455909729,0.0,0.0,0.0,0.0,0.0,0.0,0.0,0.0,0.0,0.0,0.0,0.0,0.0,966.7111299671233,7664458112.0,948.8863478712738,7523077003.0,918.0744529208168,7664458112.0,401.11331042425246,10645737804.0,398.1835258807987,3122660801.0,397.6475072745234,3122660801.0,0.0,0.0,0.0,0.0,0.0,0.0,0.0,0.0,0.0,0.0,0.0,0.0,1036.9840441802517,6939910183.0,1028.1314686667174,6886680628.0,1021.424136349,6939910183.0,378.62925765239834,9343573149.0,375.80000555096194,2456892521.0,375.4534739218652,2456892521.0,58417473.18,10816801.004,0.38894762023165824,0.8648413735557346,57639030.524,10244408.9,0.3884577809460461,0.8648413735557346,58417473.18,10816801.004,0.36966176494397224,0.8552064923802389,79957243.812,31629737.64,0.021971057814369813,0.6943232869000929,22318213.288,22318213.288,0.020713461694307624,0.692223341873288,22318213.288,22318213.288,0.020570761740207673,0.6919378137387334,5192
music_brainz_20k,query3,8,1/16,2003.695174147375,122.30067883990705,12097449749.0,14604368295.0,0.0,0.0,5192.0,1980.4154811846092,120.64291387517005,11959437638.0,14437087336.0,68.0,572.0,5192.0,1965.7171931900084,84.32120815198869,8919188753.0,14604368295.0,1171.0,572.0,5192.0,1499.3991514587935,84.06324140913785,8897734993.0,19876750015.0,1176.0,572.0,5192.0,1495.9334071320482,84.06324140913785,8897734993.0,10777279080.0,1176.0,572.0,5192.0,1521.9729042612016,85.55645264964551,9042532148.0,10957163241.0,1107.0,677.0,5192.0,122.30067883990705,1085.9006989337504,795.4937963737175,0.0,0.0,0.0,0.0,120.64291387517005,1073.6941258842126,786.0775002157316,0.0,8.650869131088257e-05,0.0008547008037567139,0.0,84.32120815198869,1085.9006989337504,795.4937963737175,0.0,0.0014897305518388748,0.0,0.0,84.06324140913785,816.8374553164467,594.2864959780127,4.209545117260168,0.0014960914850234985,0.0009175464510917664,0.0,84.06324140913785,816.8374553164467,594.2864959780127,0.743800790514797,0.0014960914850234985,0.0009175464510917664,0.0,85.55645264964551,830.7271213419735,605.6740079326555,0.0,0.0014083106070756912,0.013914026319980621,0.0,0.0,0.0,0.0,0.0,0.0,0.0,0.0,0.0,0.0,0.0,0.0,0.0,966.7111299671233,7664458112.0,952.2840125178918,7550406708.0,933.3623797055334,7664458112.0,578.5127142347536,12063049665.0,575.5829296912998,4539972662.0,584.4604766834527,4613924005.0,0.0,0.0,0.0,0.0,0.0,0.0,0.0,0.0,0.0,0.0,0.0,0.0,1036.9840441802517,6939910183.0,1028.1314686667174,6886680628.0,1032.354813484475,6939910183.0,920.8864372240399,7813700350.0,920.3504774407484,6237306418.0,937.5124275777489,6343239236.0,58417473.18,10816801.004,0.38894762023165824,0.8648413735557346,57748349.344,10353727.72,0.38846778248623015,0.8648413735557346,58417473.18,10816801.004,0.3750302493367344,0.8632286608435213,63194030.572,16051202.216,0.21643470917543203,0.8595136717800944,43109116.32,11394614.208,0.2156893784571439,0.8585453201921656,28916448.756,11381053.736,0.22469880532100797,0.8589271309690549,5192
music_brainz_20k,query3,8,1/2,2003.695174147375,122.30067883990705,12097449749.0,14604368295.0,0.0,0.0,5192.0,1977.0178165379912,120.36812867224216,11936176693.0,14409757631.0,73.0,0.0,5192.0,1939.4985892698169,58.101513967849314,4628223499.0,14604368295.0,2028.0,0.0,5192.0,779.7425680766509,58.101513967849314,4628223499.0,19989310953.0,2028.0,0.0,5192.0,773.9835314317606,58.101513967849314,4628223499.0,5579553322.0,2028.0,0.0,5192.0,773.1009811963886,58.101513967849314,4628223499.0,5579553322.0,2028.0,0.0,5192.0,122.30067883990705,1085.9006989337504,795.4937963737175,0.0,0.0,0.0,0.0,120.36812867224216,1071.8593744840473,784.7893029656261,0.0,9.286962449550629e-05,0.0009175464510917664,0.0,58.101513967849314,1085.9006989337504,795.4937963737175,0.0,0.00257999449968338,0.0,0.0,58.101513967849314,411.9726995686069,302.9986974708736,6.666159528370261,0.00257999449968338,0.0009175464510917664,0.0,58.101513967849314,411.9726995686069,302.9986974708736,0.9071228834800422,0.00257999449968338,0.0009175464510917664,0.0,58.101513967849314,411.9726995686069,302.9986974708736,0.0,0.00257999449968338,0.02549019455909729,0.0,0.0,0.0,0.0,0.0,0.0,0.0,0.0,0.0,0.0,0.0,0.0,0.0,966.7111299671233,7664458112.0,948.8863478712738,7523077003.0,918.0744529208168,7664458112.0,401.11331042425246,10645737804.0,398.1835258807987,3122660801.0,397.6475072745234,3122660801.0,0.0,0.0,0.0,0.0,0.0,0.0,0.0,0.0,0.0,0.0,0.0,0.0,1036.9840441802517,6939910183.0,1028.1314686667174,6886680628.0,1021.424136349,6939910183.0,378.62925765239834,9343573149.0,375.80000555096194,2456892521.0,375.4534739218652,2456892521.0,58417473.18,10816801.004,0.38894762023165824,0.8648413735557346,57639030.524,10244408.9,0.3884577809460461,0.8648413735557346,58417473.18,10816801.004,0.36966176494397224,0.8552064923802389,79957243.812,31629737.64,0.021971057814369813,0.6943232869000929,22318213.288,22318213.288,0.020713461694307624,0.692223341873288,22318213.288,22318213.288,0.020570761740207673,0.6919378137387334,5192
music_brainz_20k,query3,8,1/4,2003.695174147375,122.30067883990705,12097449749.0,14604368295.0,0.0,0.0,5192.0,1977.0178165379912,120.36812867224216,11936176693.0,14409757631.0,73.0,0.0,5192.0,1940.987830735743,59.59081649873406,4811137262.0,14604368295.0,1980.0,0.0,5192.0,809.5622479674101,59.59081649873406,4811137262.0,20209796049.0,1980.0,0.0,5192.0,803.8032113225199,59.59081649873406,4811137262.0,5800038418.0,1980.0,0.0,5192.0,856.2344655189663,60.54343588091433,5109477966.0,6168636648.0,1927.0,7.0,5192.0,122.30067883990705,1085.9006989337504,795.4937963737175,0.0,0.0,0.0,0.0,120.36812867224216,1071.8593744840473,784.7893029656261,0.0,9.286962449550629e-05,0.0009175464510917664,0.0,59.59081649873406,1085.9006989337504,795.4937963737175,0.0,0.0025189295411109924,0.0,0.0,59.59081649873406,428.4798053279519,314.8220301363617,6.666159528370261,0.0025189295411109924,0.0009175464510917664,0.0,59.59081649873406,428.4798053279519,314.8220301363617,0.9071228834800422,0.0025189295411109924,0.0009175464510917664,0.0,60.54343588091433,458.9236839991063,336.7406734228134,0.0,0.002451503649353981,0.02422071248292923,0.0,0.0,0.0,0.0,0.0,0.0,0.0,0.0,0.0,0.0,0.0,0.0,0.0,966.7111299671233,7664458112.0,948.8863478712738,7523077003.0,919.1307156775147,7664458112.0,413.94010903371037,10748705069.0,411.0103244902566,3225628066.0,407.4250371847302,3200761503.0,0.0,0.0,0.0,0.0,0.0,0.0,0.0,0.0,0.0,0.0,0.0,0.0,1036.9840441802517,6939910183.0,1028.1314686667174,6886680628.0,1021.8571150582284,6939910183.0,395.6221389336997,9461090980.0,392.7928868322633,2574410352.0,448.80942833423615,2967875145.0,58417473.18,10816801.004,0.38894762023165824,0.8648413735557346,57639030.524,10244408.9,0.3884577809460461,0.8648413735557346,58417473.18,10816801.004,0.3697672260738909,0.8557513718428089,75721129.18,28054625.516,0.023147284450624785,0.708183382134027,23200153.672,19482731.88,0.02191933982539922,0.7060443964477626,18994768.564,18866947.324,0.025806431081146,0.7417054729340596,5192
music_brainz_20k,query3,8,1/8,2003.695174147375,122.30067883990705,12097449749.0,14604368295.0,0.0,0.0,5192.0,1980.4154811846092,120.64291387517005,11959437638.0,14437087336.0,68.0,0.0,5192.0,1970.8418486602604,89.44590178783983,9183621097.0,14604368295.0,1141.0,0.0,5192.0,1526.0577019844832,89.2570272674784,9162122284.0,25471729081.0,1145.0,0.0,5192.0,1520.2986653395928,89.2570272674784,9162122284.0,11061971450.0,1145.0,0.0,5192.0,1403.3605276923627,77.54726047068834,8307893351.0,10074091410.0,1311.0,550.0,5192.0,122.30067883990705,1085.9006989337504,795.4937963737175,0.0,0.0,0.0,0.0,120.64291387517005,1073.6941258842126,786.0775002157316,0.0,8.650869131088257e-05,0.0008547008037567139,0.0,89.44590178783983,1085.9006989337504,795.4937963737175,0.0,0.0014515649527311325,0.0,0.0,89.2570272674784,829.8019484272227,600.3301925612614,6.666159528370261,0.0014566536992788315,0.0009175464510917664,0.0,89.2570272674784,829.8019484272227,600.3301925612614,0.9071228834800422,0.0014566536992788315,0.0009175464510917664,0.0,77.54726047068834,767.8578437836841,557.937277472578,0.0,0.001667836681008339,0.016478128731250763,0.0,0.0,0.0,0.0,0.0,0.0,0.0,0.0,0.0,0.0,0.0,0.0,0.0,966.7111299671233,7664458112.0,952.2840125178918,7550406708.0,939.6175172720104,7664458112.0,663.2560253866156,12751822836.0,660.3262408431619,5228745833.0,501.7867444381118,3957133272.0,0.0,0.0,0.0,0.0,0.0,0.0,0.0,0.0,0.0,0.0,0.0,0.0,1036.9840441802517,6939910183.0,1028.1314686667174,6886680628.0,1031.22433138825,6939910183.0,862.8016765978673,12719906245.0,859.9724244964309,5833225617.0,901.5737832542509,6116958138.0,58417473.18,10816801.004,0.38894762023165824,0.8648413735557346,57748349.344,10353727.72,0.38846778248623015,0.8648413735557346,58417473.18,10816801.004,0.37515234233625233,0.8616186155196278,68211457.816,21165476.516,0.16927279086941013,0.8496209648463539,44247885.8,14036968.716,0.16841484831180423,0.8470875661278143,29215264.12,13823800.768,0.15162065283209086,0.8508377573156728,5192
stockindex,query1,8,1,1090.0061792321503,122.59474446438253,5934987591.0,7156591392.0,0.0,0.0,4884.0,1070.0970495622605,121.8497843304649,5810519567.0,7008056479.0,26.0,0.0,4884.0,1086.392672760412,118.98017190024257,5688374980.0,7156591392.0,838.0,0.0,4884.0,1049.9209273779452,118.98017190024257,5688374980.0,13868665388.0,838.0,0.0,4884.0,1047.0740713737905,118.98017190024257,5688374980.0,6860608909.0,838.0,0.0,4884.0,1046.6891065686941,118.98017190024257,5688374980.0,6860608909.0,838.0,0.0,4884.0,122.59474446438253,583.5130993258208,383.898335441947,0.0,0.0,0.0,0.0,121.8497843304649,571.851243914105,376.3956614434719,0.0,3.3076852560043335e-05,0.00032679736614227295,0.0,118.98017190024257,583.5130993258208,383.898335441947,0.0,0.0010660924017429352,0.0,0.0,118.98017190024257,559.4568136055022,368.2405220400542,3.2420269423782644,0.0010660924017429352,0.00032679736614227295,0.0,118.98017190024257,559.4568136055022,368.2405220400542,0.3951709382236004,0.0010660924017429352,0.00032679736614227295,0.0,118.98017190024257,559.4568136055022,368.2405220400542,0.0,0.0010660924017429352,0.010532930493354797,0.0,0.0,0.0,0.0,0.0,0.0,0.0,0.0,0.0,0.0,0.0,0.0,0.0,1.4037889130413532,0.0,1.3984120478853583,0.0,0.9527267031371593,0.0,0.7164869410917163,0.0,0.7164869410917163,0.0,0.7249082578346133,0.0,0.0,0.0,0.0,0.0,0.0,0.0,0.0,0.0,0.0,0.0,0.0,0.0,1088.602390319109,7156591392.0,1068.6986375143752,7008056479.0,1085.439946057275,7156591392.0,1049.2044404368535,13868665388.0,1046.3575844326988,6860608909.0,1045.9641983108595,6860608909.0,28626365.568,11864749.532,0.06673307103291154,0.913037093778513,28032225.916,11470085.652,0.06665180031955242,0.9093194700099525,28626365.568,11864749.532,0.06660489153116941,0.9124073353728277,55474661.552,35626168.008,0.04937655891292785,0.9114900516178207,27442435.636,27442435.636,0.049289743140339855,0.9088111171056513,27442435.636,27442435.636,0.04925899875350297,0.9085773837747049,4884
stockindex,query1,8,1/16,1090.0061792321503,122.59474446438253,5934987591.0,7156591392.0,0.0,0.0,4884.0,1070.0970495622605,121.8497843304649,5810519567.0,7008056479.0,26.0,0.0,4884.0,1086.392672760412,118.98017190024257,5688374980.0,7156591392.0,838.0,0.0,4884.0,1049.9209273779452,118.98017190024257,5688374980.0,13868665388.0,838.0,0.0,4884.0,1047.0740713737905,118.98017190024257,5688374980.0,6860608909.0,838.0,0.0,4884.0,1046.6891065686941,118.98017190024257,5688374980.0,6860608909.0,838.0,0.0,4884.0,122.59474446438253,583.5130993258208,383.898335441947,0.0,0.0,0.0,0.0,121.8497843304649,571.851243914105,376.3956614434719,0.0,3.3076852560043335e-05,0.00032679736614227295,0.0,118.98017190024257,583.5130993258208,383.898335441947,0.0,0.0010660924017429352,0.0,0.0,118.98017190024257,559.4568136055022,368.2405220400542,3.2420269423782644,0.0010660924017429352,0.00032679736614227295,0.0,118.98017190024257,559.4568136055022,368.2405220400542,0.3951709382236004,0.0010660924017429352,0.00032679736614227295,0.0,118.98017190024257,559.4568136055022,368.2405220400542,0.0,0.0010660924017429352,0.010532930493354797,0.0,0.0,0.0,0.0,0.0,0.0,0.0,0.0,0.0,0.0,0.0,0.0,0.0,1.4037889130413532,0.0,1.3984120478853583,0.0,0.9527267031371593,0.0,0.7164869410917163,0.0,0.7164869410917163,0.0,0.7249082578346133,0.0,0.0,0.0,0.0,0.0,0.0,0.0,0.0,0.0,0.0,0.0,0.0,0.0,1088.602390319109,7156591392.0,1068.6986375143752,7008056479.0,1085.439946057275,7156591392.0,1049.2044404368535,13868665388.0,1046.3575844326988,6860608909.0,1045.9641983108595,6860608909.0,28626365.568,11864749.532,0.06673307103291154,0.913037093778513,28032225.916,11470085.652,0.06665180031955242,0.9093194700099525,28626365.568,11864749.532,0.06660489153116941,0.9124073353728277,52106608.068,33551918.992,0.04937655891292785,0.9114900516178207,27442435.636,24568847.044,0.049289743140339855,0.9088111171056513,24568847.044,24568847.044,0.04925899875350297,0.9085773837747049,4884
stockindex,query1,8,1/2,1090.0061792321503,122.59474446438253,5934987591.0,7156591392.0,0.0,0.0,4884.0,1070.0970495622605,121.8497843304649,5810519567.0,7008056479.0,26.0,0.0,4884.0,1086.392672760412,118.98017190024257,5688374980.0,7156591392.0,838.0,0.0,4884.0,1049.9209273779452,118.98017190024257,5688374980.0,13868665388.0,838.0,0.0,4884.0,1047.0740713737905,118.98017190024257,5688374980.0,6860608909.0,838.0,0.0,4884.0,1046.6891065686941,118.98017190024257,5688374980.0,6860608909.0,838.0,0.0,4884.0,122.59474446438253,583.5130993258208,383.898335441947,0.0,0.0,0.0,0.0,121.8497843304649,571.851243914105,376.3956614434719,0.0,3.3076852560043335e-05,0.00032679736614227295,0.0,118.98017190024257,583.5130993258208,383.898335441947,0.0,0.0010660924017429352,0.0,0.0,118.98017190024257,559.4568136055022,368.2405220400542,3.2420269423782644,0.0010660924017429352,0.00032679736614227295,0.0,118.98017190024257,559.4568136055022,368.2405220400542,0.3951709382236004,0.0010660924017429352,0.00032679736614227295,0.0,118.98017190024257,559.4568136055022,368.2405220400542,0.0,0.0010660924017429352,0.010532930493354797,0.0,0.0,0.0,0.0,0.0,0.0,0.0,0.0,0.0,0.0,0.0,0.0,0.0,1.4037889130413532,0.0,1.3984120478853583,0.0,0.9527267031371593,0.0,0.7164869410917163,0.0,0.7164869410917163,0.0,0.7249082578346133,0.0,0.0,0.0,0.0,0.0,0.0,0.0,0.0,0.0,0.0,0.0,0.0,0.0,1088.602390319109,7156591392.0,1068.6986375143752,7008056479.0,1085.439946057275,7156591392.0,1049.2044404368535,13868665388.0,1046.3575844326988,6860608909.0,1045.9641983108595,6860608909.0,28626365.568,11864749.532,0.06673307103291154,0.913037093778513,28032225.916,11470085.652,0.06665180031955242,0.9093194700099525,28626365.568,11864749.532,0.06660489153116941,0.9124073353728277,55474661.552,35626168.008,0.04937655891292785,0.9114900516178207,27442435.636,27442435.636,0.049289743140339855,0.9088111171056513,27442435.636,27442435.636,0.04925899875350297,0.9085773837747049,4884
stockindex,query1,8,1/4,1090.0061792321503,122.59474446438253,5934987591.0,7156591392.0,0.0,0.0,4884.0,1070.0970495622605,121.8497843304649,5810519567.0,7008056479.0,26.0,0.0,4884.0,1086.392672760412,118.98017190024257,5688374980.0,7156591392.0,838.0,0.0,4884.0,1049.9209273779452,118.98017190024257,5688374980.0,13868665388.0,838.0,0.0,4884.0,1047.0740713737905,118.98017190024257,5688374980.0,6860608909.0,838.0,0.0,4884.0,1046.6891065686941,118.98017190024257,5688374980.0,6860608909.0,838.0,0.0,4884.0,122.59474446438253,583.5130993258208,383.898335441947,0.0,0.0,0.0,0.0,121.8497843304649,571.851243914105,376.3956614434719,0.0,3.3076852560043335e-05,0.00032679736614227295,0.0,118.98017190024257,583.5130993258208,383.898335441947,0.0,0.0010660924017429352,0.0,0.0,118.98017190024257,559.4568136055022,368.2405220400542,3.2420269423782644,0.0010660924017429352,0.00032679736614227295,0.0,118.98017190024257,559.4568136055022,368.2405220400542,0.3951709382236004,0.0010660924017429352,0.00032679736614227295,0.0,118.98017190024257,559.4568136055022,368.2405220400542,0.0,0.0010660924017429352,0.010532930493354797,0.0,0.0,0.0,0.0,0.0,0.0,0.0,0.0,0.0,0.0,0.0,0.0,0.0,1.4037889130413532,0.0,1.3984120478853583,0.0,0.9527267031371593,0.0,0.7164869410917163,0.0,0.7164869410917163,0.0,0.7249082578346133,0.0,0.0,0.0,0.0,0.0,0.0,0.0,0.0,0.0,0.0,0.0,0.0,0.0,1088.602390319109,7156591392.0,1068.6986375143752,7008056479.0,1085.439946057275,7156591392.0,1049.2044404368535,13868665388.0,1046.3575844326988,6860608909.0,1045.9641983108595,6860608909.0,28626365.568,11864749.532,0.06673307103291154,0.913037093778513,28032225.916,11470085.652,0.06665180031955242,0.9093194700099525,28626365.568,11864749.532,0.06660489153116941,0.9124073353728277,55474661.552,35626168.008,0.04937655891292785,0.9114900516178207,27442435.636,27442435.636,0.049289743140339855,0.9088111171056513,27442435.636,27442435.636,0.04925899875350297,0.9085773837747049,4884
stockindex,query1,8,1/8,1090.0061792321503,122.59474446438253,5934987591.0,7156591392.0,0.0,0.0,4884.0,1070.0970495622605,121.8497843304649,5810519567.0,7008056479.0,26.0,0.0,4884.0,1086.392672760412,118.98017190024257,5688374980.0,7156591392.0,838.0,0.0,4884.0,1049.9209273779452,118.98017190024257,5688374980.0,13868665388.0,838.0,0.0,4884.0,1047.0740713737905,118.98017190024257,5688374980.0,6860608909.0,838.0,0.0,4884.0,1046.6891065686941,118.98017190024257,5688374980.0,6860608909.0,838.0,0.0,4884.0,122.59474446438253,583.5130993258208,383.898335441947,0.0,0.0,0.0,0.0,121.8497843304649,571.851243914105,376.3956614434719,0.0,3.3076852560043335e-05,0.00032679736614227295,0.0,118.98017190024257,583.5130993258208,383.898335441947,0.0,0.0010660924017429352,0.0,0.0,118.98017190024257,559.4568136055022,368.2405220400542,3.2420269423782644,0.0010660924017429352,0.00032679736614227295,0.0,118.98017190024257,559.4568136055022,368.2405220400542,0.3951709382236004,0.0010660924017429352,0.00032679736614227295,0.0,118.98017190024257,559.4568136055022,368.2405220400542,0.0,0.0010660924017429352,0.010532930493354797,0.0,0.0,0.0,0.0,0.0,0.0,0.0,0.0,0.0,0.0,0.0,0.0,0.0,1.4037889130413532,0.0,1.3984120478853583,0.0,0.9527267031371593,0.0,0.7164869410917163,0.0,0.7164869410917163,0.0,0.7249082578346133,0.0,0.0,0.0,0.0,0.0,0.0,0.0,0.0,0.0,0.0,0.0,0.0,0.0,1088.602390319109,7156591392.0,1068.6986375143752,7008056479.0,1085.439946057275,7156591392.0,1049.2044404368535,13868665388.0,1046.3575844326988,6860608909.0,1045.9641983108595,6860608909.0,28626365.568,11864749.532,0.06673307103291154,0.913037093778513,28032225.916,11470085.652,0.06665180031955242,0.9093194700099525,28626365.568,11864749.532,0.06660489153116941,0.9124073353728277,55474661.552,35626168.008,0.04937655891292785,0.9114900516178207,27442435.636,27442435.636,0.049289743140339855,0.9088111171056513,27442435.636,27442435.636,0.04925899875350297,0.9085773837747049,4884
stockindex,query2,8,1,257.4425488682464,54.32586560770869,1165906835.0,1423839415.0,0.0,0.0,4575.0,257.00088843889534,54.02614616975188,1165184999.0,1422955051.0,18.0,0.0,4575.0,251.12726192735136,48.0090189659968,994336243.0,1423839415.0,1226.0,0.0,4575.0,221.7954497938706,48.0090189659968,994336243.0,2637509054.0,1226.0,0.0,4575.0,221.53576775547117,48.0090189659968,994336243.0,1214554003.0,1226.0,0.0,4575.0,221.15235398802906,48.0090189659968,994336243.0,1214554003.0,1226.0,0.0,4575.0,54.32586560770869,120.6626352109015,82.45404804963619,0.0,0.0,0.0,0.0,54.02614616975188,120.57708832249045,82.39740480296314,0.0,2.2899359464645386e-05,0.00022624433040618896,0.0,48.0090189659968,120.6626352109015,82.45404804963619,0.0,0.0015597008168697357,0.0,0.0,48.0090189659968,102.79599355626851,70.33037201222032,0.6582793142377067,0.0015597008168697357,0.00022624433040618896,0.0,48.0090189659968,102.79599355626851,70.33037201222032,0.3985972758382559,0.0015597008168697357,0.00022624433040618896,0.0,48.0090189659968,102.79599355626851,70.33037201222032,0.0,0.0015597008168697357,0.01540975272655487,0.0,0.0,0.0,0.0,0.0,0.0,0.0,0.0,0.0,0.0,0.0,0.0,0.0,1.5727955540642142,0.0,1.5727955540642142,0.0,0.9975337013602257,0.0,0.6970329415053129,0.0,0.6970329415053129,0.0,0.707917807623744,0.0,0.0,0.0,0.0,0.0,0.0,0.0,0.0,0.0,0.0,0.0,0.0,0.0,255.86975331418216,1423839415.0,255.42809288483113,1422955051.0,250.12972822599113,1423839415.0,221.0984168523653,2637509054.0,220.83873481396586,1214554003.0,220.44443618040532,1214554003.0,5695357.66,3659574.44,0.014497629689052702,0.2654353544227776,5691820.204,3658728.244,0.014414582582190633,0.2654295530941335,5695357.66,3659574.44,0.012895004153251647,0.2635578498445449,10550036.216,8341276.6,0.012068657113747779,0.22067217725898644,4858216.012,4858216.012,0.012042289226315915,0.22026553612174438,4858216.012,4858216.012,0.012033849073573947,0.22003878608848873,4575
stockindex,query2,8,1/16,257.4425488682464,54.32586560770869,1165906835.0,1423839415.0,0.0,0.0,4575.0,257.00088843889534,54.02614616975188,1165184999.0,1422955051.0,18.0,37.0,4575.0,251.35193457826972,48.2337030665949,1033121714.0,1423839415.0,1217.0,37.0,4575.0,228.4604119071585,48.2337030665949,1033121714.0,2218854224.0,1217.0,37.0,4575.0,228.4057960822247,48.2337030665949,1033121714.0,1262012667.0,1217.0,37.0,4575.0,228.02017965633422,48.22147978749126,1033121682.0,1262012667.0,1218.0,37.0,4575.0,54.32586560770869,120.6626352109015,82.45404804963619,0.0,0.0,0.0,0.0,54.02614616975188,120.57708832249045,82.39740480296314,0.0,2.2899359464645386e-05,0.00022624433040618896,0.0,48.2337030665949,120.6626352109015,82.45404804963619,0.0,0.001548251137137413,0.0,0.0,48.2337030665949,106.72737976163626,73.05490602366626,0.4426485597935444,0.001548251137137413,0.00022624433040618896,0.0,48.2337030665949,106.72737976163626,73.05490602366626,0.3880327348597348,0.001548251137137413,0.00022624433040618896,0.0,48.22147978749126,106.7269351221621,73.05490602366626,0.0,0.0015495233237743378,0.015309199690818787,0.0,0.0,0.0,0.0,0.0,0.0,0.0,0.0,0.0,0.0,0.0,0.0,0.0,1.5727955540642142,0.0,1.5727955540642142,0.0,0.9981999034062028,0.0,0.6980460789054632,0.0,0.6980460789054632,0.0,0.7089183758944273,0.0,0.0,0.0,0.0,0.0,0.0,0.0,0.0,0.0,0.0,0.0,0.0,0.0,255.86975331418216,1423839415.0,255.42809288483113,1422955051.0,250.35373467486352,1423839415.0,227.76236582825302,2218854224.0,227.70775000331923,1262012667.0,227.3112612804398,1262012667.0,5695357.66,3659574.44,0.014497629689052702,0.2654353544227776,5691820.204,3658728.244,0.014414582582190633,0.2654295530941335,5695357.66,3659574.44,0.012895388010889292,0.2639755410080773,7888775.68,5789094.828,0.012135348738667274,0.23493539050699158,5048050.668,3957543.32,0.012115487537346781,0.2347593657190909,4116936.0,3957543.32,0.012106246778741479,0.23454597840253238,4575
stockindex,query2,8,1/2,257.4425488682464,54.32586560770869,1165906835.0,1423839415.0,0.0,0.0,4575.0,257.00088843889534,54.02614616975188,1165184999.0,1422955051.0,18.0,0.0,4575.0,251.12726192735136,48.0090189659968,994336243.0,1423839415.0,1226.0,0.0,4575.0,221.7954497938706,48.0090189659968,994336243.0,2637509054.0,1226.0,0.0,4575.0,221.53576775547117,48.0090189659968,994336243.0,1214554003.0,1226.0,0.0,4575.0,221.15235398802906,48.0090189659968,994336243.0,1214554003.0,1226.0,0.0,4575.0,54.32586560770869,120.6626352109015,82.45404804963619,0.0,0.0,0.0,0.0,54.02614616975188,120.57708832249045,82.39740480296314,0.0,2.2899359464645386e-05,0.00022624433040618896,0.0,48.0090189659968,120.6626352109015,82.45404804963619,0.0,0.0015597008168697357,0.0,0.0,48.0090189659968,102.79599355626851,70.33037201222032,0.6582793142377067,0.0015597008168697357,0.00022624433040618896,0.0,48.0090189659968,102.79599355626851,70.33037201222032,0.3985972758382559,0.0015597008168697357,0.00022624433040618896,0.0,48.0090189659968,102.79599355626851,70.33037201222032,0.0,0.0015597008168697357,0.01540975272655487,0.0,0.0,0.0,0.0,0.0,0.0,0.0,0.0,0.0,0.0,0.0,0.0,0.0,1.5727955540642142,0.0,1.5727955540642142,0.0,0.9975337013602257,0.0,0.6970329415053129,0.0,0.6970329415053129,0.0,0.707917807623744,0.0,0.0,0.0,0.0,0.0,0.0,0.0,0.0,0.0,0.0,0.0,0.0,0.0,255.86975331418216,1423839415.0,255.42809288483113,1422955051.0,250.12972822599113,1423839415.0,221.0984168523653,2637509054.0,220.83873481396586,1214554003.0,220.44443618040532,1214554003.0,5695357.66,3659574.44,0.014497629689052702,0.2654353544227776,5691820.204,3658728.244,0.014414582582190633,0.2654295530941335,5695357.66,3659574.44,0.012895004153251647,0.2635578498445449,10550036.216,8341276.6,0.012068657113747779,0.22067217725898644,4858216.012,4858216.012,0.012042289226315915,0.22026553612174438,4858216.012,4858216.012,0.012033849073573947,0.22003878608848873,4575
stockindex,query2,8,1/4,257.4425488682464,54.32586560770869,1165906835.0,1423839415.0,0.0,0.0,4575.0,257.00088843889534,54.02614616975188,1165184999.0,1422955051.0,18.0,0.0,4575.0,251.12726192735136,48.0090189659968,994336243.0,1423839415.0,1226.0,0.0,4575.0,221.7954497938706,48.0090189659968,994336243.0,2637509054.0,1226.0,0.0,4575.0,221.53576775547117,48.0090189659968,994336243.0,1214554003.0,1226.0,0.0,4575.0,221.15235398802906,48.0090189659968,994336243.0,1214554003.0,1226.0,0.0,4575.0,54.32586560770869,120.6626352109015,82.45404804963619,0.0,0.0,0.0,0.0,54.02614616975188,120.57708832249045,82.39740480296314,0.0,2.2899359464645386e-05,0.00022624433040618896,0.0,48.0090189659968,120.6626352109015,82.45404804963619,0.0,0.0015597008168697357,0.0,0.0,48.0090189659968,102.79599355626851,70.33037201222032,0.6582793142377067,0.0015597008168697357,0.00022624433040618896,0.0,48.0090189659968,102.79599355626851,70.33037201222032,0.3985972758382559,0.0015597008168697357,0.00022624433040618896,0.0,48.0090189659968,102.79599355626851,70.33037201222032,0.0,0.0015597008168697357,0.01540975272655487,0.0,0.0,0.0,0.0,0.0,0.0,0.0,0.0,0.0,0.0,0.0,0.0,0.0,1.5727955540642142,0.0,1.5727955540642142,0.0,0.9975337013602257,0.0,0.6970329415053129,0.0,0.6970329415053129,0.0,0.707917807623744,0.0,0.0,0.0,0.0,0.0,0.0,0.0,0.0,0.0,0.0,0.0,0.0,0.0,255.86975331418216,1423839415.0,255.42809288483113,1422955051.0,250.12972822599113,1423839415.0,221.0984168523653,2637509054.0,220.83873481396586,1214554003.0,220.44443618040532,1214554003.0,5695357.66,3659574.44,0.014497629689052702,0.2654353544227776,5691820.204,3658728.244,0.014414582582190633,0.2654295530941335,5695357.66,3659574.44,0.012895004153251647,0.2635578498445449,10538868.316,8341276.6,0.012068657113747779,0.22067217725898644,4858216.012,4847048.112,0.012042289226315915,0.22026553612174438,4847048.112,4847048.112,0.012033849073573947,0.22003878608848873,4575
stockindex,query2,8,1/8,257.4425488682464,54.32586560770869,1165906835.0,1423839415.0,0.0,0.0,4575.0,257.00088843889534,54.02614616975188,1165184999.0,1422955051.0,18.0,37.0,4575.0,251.20273877494037,48.08449835795909,1014945707.0,1423839415.0,1224.0,37.0,4575.0,225.1755544235778,48.08449835795909,1014945707.0,2196590884.0,1224.0,37.0,4575.0,225.120938598644,48.08449835795909,1014945707.0,1239749327.0,1224.0,37.0,4575.0,224.74806423392147,48.08449835795909,1014945707.0,1239749327.0,1224.0,37.0,4575.0,54.32586560770869,120.6626352109015,82.45404804963619,0.0,0.0,0.0,0.0,54.02614616975188,120.57708832249045,82.39740480296314,0.0,2.2899359464645386e-05,0.00022624433040618896,0.0,48.08449835795909,120.6626352109015,82.45404804963619,0.0,0.0015571564435958862,0.0,0.0,48.08449835795909,104.87857449706644,71.76804960798472,0.4426485597935444,0.0015571564435958862,0.00022624433040618896,0.0,48.08449835795909,104.87857449706644,71.76804960798472,0.3880327348597348,0.0015571564435958862,0.00022624433040618896,0.0,48.08449835795909,104.87857449706644,71.76804960798472,0.0,0.0015571564435958862,0.01538461446762085,0.0,0.0,0.0,0.0,0.0,0.0,0.0,0.0,0.0,0.0,0.0,0.0,0.0,1.5727955540642142,0.0,1.5727955540642142,0.0,0.9975337013602257,0.0,0.6970329415053129,0.0,0.6970329415053129,0.0,0.707917807623744,0.0,0.0,0.0,0.0,0.0,0.0,0.0,0.0,0.0,0.0,0.0,0.0,0.0,255.86975331418216,1423839415.0,255.42809288483113,1422955051.0,250.20520507358015,1423839415.0,224.4785214820725,2196590884.0,224.42390565713868,1239749327.0,224.04014642629772,1239749327.0,5695357.66,3659574.44,0.014497629689052702,0.2654353544227776,5691820.204,3658728.244,0.014414582582190633,0.2654295530941335,5695357.66,3659574.44,0.012895004153251647,0.26378428038731194,8732931.52,6524171.904,0.01207271988927025,0.23069234913400027,4958997.308,4723643.076,0.012046352001838387,0.23053004582291445,4905565.292,4723643.076,0.012037911849096418,0.23031665850635594,4575
stockindex,query3,8,1,2517.2505575334653,169.58477230928838,14261941173.0,17320168574.0,0.0,0.0,5846.0,2490.143329342827,167.74711293168366,14109404534.0,17134439695.0,52.0,0.0,5846.0,2481.96872563567,134.3003807719797,10764721876.0,17320168574.0,2012.0,0.0,5846.0,1907.999656851398,134.3003807719797,10764721876.0,30195003997.0,2012.0,0.0,5846.0,1900.707178501878,134.3003807719797,10764721876.0,13060564302.0,2012.0,0.0,5846.0,1900.0976560087875,134.3003807719797,10764721876.0,13060564302.0,2012.0,0.0,5846.0,169.58477230928838,1372.9035813380033,974.7622038861737,0.0,0.0,0.0,0.0,167.74711293168366,1358.2702835099772,964.125213152729,0.0,6.615370512008667e-05,0.0006535947322845459,0.0,134.3003807719797,1372.9035813380033,974.7622038861737,0.0,0.0025596395134925842,0.0,0.0,134.3003807719797,1034.9716979684308,730.7977285403758,7.926636336365863,0.0025596395134925842,0.0006535947322845459,0.0,134.3003807719797,1034.9716979684308,730.7977285403758,0.6341579868458211,0.0025596395134925842,0.0006535947322845459,0.0,134.3003807719797,1034.9716979684308,730.7977285403758,0.0,0.0025596395134925842,0.025289088487625122,0.0,0.0,0.0,0.0,0.0,0.0,0.0,0.0,0.0,0.0,0.0,0.0,0.0,1.9295440567657351,0.0,1.9087447365745902,0.0,1.16842211317271,0.0,0.7672647833824158,0.0,0.7672647833824158,0.0,0.7814301922917366,0.0,0.0,0.0,0.0,0.0,0.0,0.0,0.0,0.0,0.0,0.0,0.0,0.0,2515.3210134766996,17320168574.0,2488.2345846062526,17134439695.0,2480.8003035224974,17320168574.0,1907.2323920680155,30195003997.0,1899.9399137184955,13060564302.0,1899.3162258164957,13060564302.0,69280674.296,15763736.452,0.3027133821286261,1.371920720544271,68537758.78,15678884.092,0.3021183117479086,1.3718525082793085,69280674.296,15763736.452,0.28905222998559477,1.3676826286260035,120780015.988,63410283.18,0.07455496335609796,1.3359986515719464,52242257.208,52242257.208,0.07338163942098617,1.3319235012788322,52242257.208,52242257.208,0.07332075887732208,1.3316379731442776,5846
stockindex,query3,8,1/16,2517.2505575334653,169.58477230928838,14261941173.0,17320168574.0,0.0,0.0,5846.0,2490.143329342827,167.74711293168366,14109404534.0,17134439695.0,52.0,0.0,5846.0,2481.96872563567,134.3003807719797,10764721876.0,17320168574.0,2012.0,0.0,5846.0,1907.999656851398,134.3003807719797,10764721876.0,30195003997.0,2012.0,0.0,5846.0,1900.707178501878,134.3003807719797,10764721876.0,13060564302.0,2012.0,0.0,5846.0,1902.0794684784487,134.4291148064658,10775993812.0,13074282370.0,2010.0,0.0,5846.0,169.58477230928838,1372.9035813380033,974.7622038861737,0.0,0.0,0.0,0.0,167.74711293168366,1358.2702835099772,964.125213152729,0.0,6.615370512008667e-05,0.0006535947322845459,0.0,134.3003807719797,1372.9035813380033,974.7622038861737,0.0,0.0025596395134925842,0.0,0.0,134.3003807719797,1034.9716979684308,730.7977285403758,7.926636336365863,0.0025596395134925842,0.0006535947322845459,0.0,134.3003807719797,1034.9716979684308,730.7977285403758,0.6341579868458211,0.0025596395134925842,0.0006535947322845459,0.0,134.4291148064658,1036.0441837143153,731.5783489122987,0.0,0.0025570951402187347,0.0252639502286911,0.0,0.0,0.0,0.0,0.0,0.0,0.0,0.0,0.0,0.0,0.0,0.0,0.0,1.9295440567657351,0.0,1.9087447365745902,0.0,1.16842211317271,0.0,0.7672647833824158,0.0,0.7672647833824158,0.0,0.7814301922917366,0.0,0.0,0.0,0.0,0.0,0.0,0.0,0.0,0.0,0.0,0.0,0.0,0.0,2515.3210134766996,17320168574.0,2488.2345846062526,17134439695.0,2480.8003035224974,17320168574.0,1907.2323920680155,30195003997.0,1899.9399137184955,13060564302.0,1901.298038286157,13074282370.0,69280674.296,15763736.452,0.3027133821286261,1.371920720544271,68537758.78,15678884.092,0.3021183117479086,1.3718525082793085,69280674.296,15763736.452,0.28905222998559477,1.3676826286260035,111321945.424,55998926.364,0.07455496335609796,1.3359986515719464,52242257.208,43678652.392,0.07338163942098617,1.3319235012788322,43606243.676,43606243.676,0.07332478922232985,1.3316379731442776,5846
stockindex,query3,8,1/2,2517.2505575334653,169.58477230928838,14261941173.0,17320168574.0,0.0,0.0,5846.0,2490.143329342827,167.74711293168366,14109404534.0,17134439695.0,52.0,0.0,5846.0,2481.96872563567,134.3003807719797,10764721876.0,17320168574.0,2012.0,0.0,5846.0,1907.999656851398,134.3003807719797,10764721876.0,30195003997.0,2012.0,0.0,5846.0,1900.707178501878,134.3003807719797,10764721876.0,13060564302.0,2012.0,0.0,5846.0,1900.0976560087875,134.3003807719797,10764721876.0,13060564302.0,2012.0,0.0,5846.0,169.58477230928838,1372.9035813380033,974.7622038861737,0.0,0.0,0.0,0.0,167.74711293168366,1358.2702835099772,964.125213152729,0.0,6.615370512008667e-05,0.0006535947322845459,0.0,134.3003807719797,1372.9035813380033,974.7622038861737,0.0,0.0025596395134925842,0.0,0.0,134.3003807719797,1034.9716979684308,730.7977285403758,7.926636336365863,0.0025596395134925842,0.0006535947322845459,0.0,134.3003807719797,1034.9716979684308,730.7977285403758,0.6341579868458211,0.0025596395134925842,0.0006535947322845459,0.0,134.3003807719797,1034.9716979684308,730.7977285403758,0.0,0.0025596395134925842,0.025289088487625122,0.0,0.0,0.0,0.0,0.0,0.0,0.0,0.0,0.0,0.0,0.0,0.0,0.0,1.9295440567657351,0.0,1.9087447365745902,0.0,1.16842211317271,0.0,0.7672647833824158,0.0,0.7672647833824158,0.0,0.7814301922917366,0.0,0.0,0.0,0.0,0.0,0.0,0.0,0.0,0.0,0.0,0.0,0.0,0.0,2515.3210134766996,17320168574.0,2488.2345846062526,17134439695.0,2480.8003035224974,17320168574.0,1907.2323920680155,30195003997.0,1899.9399137184955,13060564302.0,1899.3162258164957,13060564302.0,69280674.296,15763736.452,0.3027133821286261,1.371920720544271,68537758.78,15678884.092,0.3021183117479086,1.3718525082793085,69280674.296,15763736.452,0.28905222998559477,1.3676826286260035,120780015.988,63410283.18,0.07455496335609796,1.3359986515719464,52242257.208,52242257.208,0.07338163942098617,1.3319235012788322,52242257.208,52242257.208,0.07332075887732208,1.3316379731442776,5846
stockindex,query3,8,1/4,2517.2505575334653,169.58477230928838,14261941173.0,17320168574.0,0.0,0.0,5846.0,2490.143329342827,167.74711293168366,14109404534.0,17134439695.0,52.0,0.0,5846.0,2481.96872563567,134.3003807719797,10764721876.0,17320168574.0,2012.0,0.0,5846.0,1907.999656851398,134.3003807719797,10764721876.0,30195003997.0,2012.0,0.0,5846.0,1900.707178501878,134.3003807719797,10764721876.0,13060564302.0,2012.0,0.0,5846.0,1900.0976560087875,134.3003807719797,10764721876.0,13060564302.0,2012.0,0.0,5846.0,169.58477230928838,1372.9035813380033,974.7622038861737,0.0,0.0,0.0,0.0,167.74711293168366,1358.2702835099772,964.125213152729,0.0,6.615370512008667e-05,0.0006535947322845459,0.0,134.3003807719797,1372.9035813380033,974.7622038861737,0.0,0.0025596395134925842,0.0,0.0,134.3003807719797,1034.9716979684308,730.7977285403758,7.926636336365863,0.0025596395134925842,0.0006535947322845459,0.0,134.3003807719797,1034.9716979684308,730.7977285403758,0.6341579868458211,0.0025596395134925842,0.0006535947322845459,0.0,134.3003807719797,1034.9716979684308,730.7977285403758,0.0,0.0025596395134925842,0.025289088487625122,0.0,0.0,0.0,0.0,0.0,0.0,0.0,0.0,0.0,0.0,0.0,0.0,0.0,1.9295440567657351,0.0,1.9087447365745902,0.0,1.16842211317271,0.0,0.7672647833824158,0.0,0.7672647833824158,0.0,0.7814301922917366,0.0,0.0,0.0,0.0,0.0,0.0,0.0,0.0,0.0,0.0,0.0,0.0,0.0,2515.3210134766996,17320168574.0,2488.2345846062526,17134439695.0,2480.8003035224974,17320168574.0,1907.2323920680155,30195003997.0,1899.9399137184955,13060564302.0,1899.3162258164957,13060564302.0,69280674.296,15763736.452,0.3027133821286261,1.371920720544271,68537758.78,15678884.092,0.3021183117479086,1.3718525082793085,69280674.296,15763736.452,0.28905222998559477,1.3676826286260035,120780015.988,63410283.18,0.07455496335609796,1.3359986515719464,52242257.208,52242257.208,0.07338163942098617,1.3319235012788322,52242257.208,52242257.208,0.07332075887732208,1.3316379731442776,5846
stockindex,query3,8,1/8,2517.2505575334653,169.58477230928838,14261941173.0,17320168574.0,0.0,0.0,5846.0,2490.143329342827,167.74711293168366,14109404534.0,17134439695.0,52.0,0.0,5846.0,2481.96872563567,134.3003807719797,10764721876.0,17320168574.0,2012.0,0.0,5846.0,1907.999656851398,134.3003807719797,10764721876.0,30195003997.0,2012.0,0.0,5846.0,1900.707178501878,134.3003807719797,10764721876.0,13060564302.0,2012.0,0.0,5846.0,1900.0976560087875,134.3003807719797,10764721876.0,13060564302.0,2012.0,0.0,5846.0,169.58477230928838,1372.9035813380033,974.7622038861737,0.0,0.0,0.0,0.0,167.74711293168366,1358.2702835099772,964.125213152729,0.0,6.615370512008667e-05,0.0006535947322845459,0.0,134.3003807719797,1372.9035813380033,974.7622038861737,0.0,0.0025596395134925842,0.0,0.0,134.3003807719797,1034.9716979684308,730.7977285403758,7.926636336365863,0.0025596395134925842,0.0006535947322845459,0.0,134.3003807719797,1034.9716979684308,730.7977285403758,0.6341579868458211,0.0025596395134925842,0.0006535947322845459,0.0,134.3003807719797,1034.9716979684308,730.7977285403758,0.0,0.0025596395134925842,0.025289088487625122,0.0,0.0,0.0,0.0,0.0,0.0,0.0,0.0,0.0,0.0,0.0,0.0,0.0,1.9295440567657351,0.0,1.9087447365745902,0.0,1.16842211317271,0.0,0.7672647833824158,0.0,0.7672647833824158,0.0,0.7814301922917366,0.0,0.0,0.0,0.0,0.0,0.0,0.0,0.0,0.0,0.0,0.0,0.0,0.0,2515.3210134766996,17320168574.0,2488.2345846062526,17134439695.0,2480.8003035224974,17320168574.0,1907.2323920680155,30195003997.0,1899.9399137184955,13060564302.0,1899.3162258164957,13060564302.0,69280674.296,15763736.452,0.3027133821286261,1.371920720544271,68537758.78,15678884.092,0.3021183117479086,1.3718525082793085,69280674.296,15763736.452,0.28905222998559477,1.3676826286260035,119896669.928,62674226.248,0.07455496335609796,1.3359986515719464,52242257.208,51461837.876,0.07338163942098617,1.3319235012788322,51461837.876,51461837.876,0.07332075887732208,1.3316379731442776,5846
stockmarket,query1,8,1,836.0693179713562,834.4071758762002,644912.0,0.0,0.0,0.0,4034.0,833.2708672052249,831.6118407873437,644625.0,0.0,7.0,0.0,4034.0,535.3038382893428,533.6397014055401,478449.0,0.0,1568.0,0.0,4034.0,534.7340694367886,533.6397014055401,478449.0,0.0,1568.0,0.0,4034.0,534.7340694367886,533.6397014055401,478449.0,0.0,1568.0,0.0,4034.0,534.7536898478866,533.6397014055401,478449.0,0.0,1568.0,0.0,4034.0,834.4071758762002,1.662142095156014,0.0,0.0,0.0,0.0,0.0,831.6118407873437,1.6589295286685228,0.0,0.0,8.905306458473206e-06,8.798390626907349e-05,0.0,533.6397014055401,1.662142095156014,0.0,0.0,0.001994788646697998,0.0,0.0,533.6397014055401,1.0922852586954832,0.0,0.0,0.001994788646697998,8.798390626907349e-05,0.0,533.6397014055401,1.0922852586954832,0.0,0.0,0.001994788646697998,8.798390626907349e-05,0.0,533.6397014055401,1.0922852586954832,0.0,0.0,0.001994788646697998,0.01970839500427246,0.0,0.0,0.0,0.0,0.0,0.0,0.0,0.0,0.0,0.0,0.0,0.0,0.0,5.698811071924865,0.0,5.698811071924865,0.0,3.688440472818911,0.0,3.4678790075704455,0.0,3.4678790075704455,0.0,3.47816055547446,0.0,0.0,0.0,0.0,0.0,0.0,0.0,0.0,0.0,0.0,0.0,0.0,0.0,830.3705068994313,0.0,827.5720561333001,0.0,531.6153978165239,0.0,531.2661904292181,0.0,531.2661904292181,0.0,531.2755292924121,0.0,0.0,0.0,0.22354049316607416,0.4197530584054068,0.0,0.0,0.22351599515229464,0.4197530584054068,0.0,0.0,0.01717928209155798,0.4176764070210978,0.0,0.0,0.017056244684383274,0.4176764070210978,0.0,0.0,0.017056244684383274,0.4176764070210978,0.0,0.0,0.017059562934562563,0.4176764070210978,4034
stockmarket,query1,8,1/16,836.0693179713562,834.4071758762002,644912.0,0.0,0.0,0.0,4034.0,833.2708672052249,831.6118407873437,644625.0,0.0,7.0,91.0,4034.0,538.9380507068709,537.2739252727479,498420.0,0.0,1559.0,91.0,4034.0,538.3758507044986,537.2739252727479,498420.0,0.0,1559.0,91.0,4034.0,538.3758507044986,537.2739252727479,498420.0,0.0,1559.0,91.0,4034.0,539.5950691718608,538.4717572098598,498981.0,0.0,1554.0,91.0,4034.0,834.4071758762002,1.662142095156014,0.0,0.0,0.0,0.0,0.0,831.6118407873437,1.6589295286685228,0.0,0.0,8.905306458473206e-06,8.798390626907349e-05,0.0,537.2739252727479,1.662142095156014,0.0,0.0,0.0019833389669656754,0.0,0.0,537.2739252727479,1.09985410887748,0.0,0.0,0.0019833389669656754,8.798390626907349e-05,0.0,537.2739252727479,1.09985410887748,0.0,0.0,0.0019833389669656754,8.798390626907349e-05,0.0,538.4717572098598,1.1018025567755103,0.0,0.0,0.0019769780337810516,0.019532427191734314,0.0,0.0,0.0,0.0,0.0,0.0,0.0,0.0,0.0,0.0,0.0,0.0,0.0,5.698811071924865,0.0,5.698811071924865,0.0,3.688440472818911,0.0,3.4678790075704455,0.0,3.4678790075704455,0.0,3.4836400812491775,0.0,0.0,0.0,0.0,0.0,0.0,0.0,0.0,0.0,0.0,0.0,0.0,0.0,830.3705068994313,0.0,827.5720561333001,0.0,535.2496102340519,0.0,534.9079716969281,0.0,534.9079716969281,0.0,536.1114290906116,0.0,0.0,0.0,0.22354049316607416,0.4197530584054068,0.0,0.0,0.22351599515229464,0.4197530584054068,0.0,0.0,0.017187292002141474,0.4178033494275063,0.0,0.0,0.01706593656167388,0.4178033494275063,0.0,0.0,0.01706593656167388,0.4178033494275063,0.0,0.0,0.01707591596059501,0.4178056025696918,4034
stockmarket,query1,8,1/2,836.0693179713562,834.4071758762002,644912.0,0.0,0.0,0.0,4034.0,833.2708672052249,831.6118407873437,644625.0,0.0,7.0,0.0,4034.0,535.3038382893428,533.6397014055401,478449.0,0.0,1568.0,0.0,4034.0,534.7340694367886,533.6397014055401,478449.0,0.0,1568.0,0.0,4034.0,534.7340694367886,533.6397014055401,478449.0,0.0,1568.0,0.0,4034.0,534.7536898478866,533.6397014055401,478449.0,0.0,1568.0,0.0,4034.0,834.4071758762002,1.662142095156014,0.0,0.0,0.0,0.0,0.0,831.6118407873437,1.6589295286685228,0.0,0.0,8.905306458473206e-06,8.798390626907349e-05,0.0,533.6397014055401,1.662142095156014,0.0,0.0,0.001994788646697998,0.0,0.0,533.6397014055401,1.0922852586954832,0.0,0.0,0.001994788646697998,8.798390626907349e-05,0.0,533.6397014055401,1.0922852586954832,0.0,0.0,0.001994788646697998,8.798390626907349e-05,0.0,533.6397014055401,1.0922852586954832,0.0,0.0,0.001994788646697998,0.01970839500427246,0.0,0.0,0.0,0.0,0.0,0.0,0.0,0.0,0.0,0.0,0.0,0.0,0.0,5.698811071924865,0.0,5.698811071924865,0.0,3.688440472818911,0.0,3.4678790075704455,0.0,3.4678790075704455,0.0,3.47816055547446,0.0,0.0,0.0,0.0,0.0,0.0,0.0,0.0,0.0,0.0,0.0,0.0,0.0,830.3705068994313,0.0,827.5720561333001,0.0,531.6153978165239,0.0,531.2661904292181,0.0,531.2661904292181,0.0,531.2755292924121,0.0,0.0,0.0,0.22354049316607416,0.4197530584054068,0.0,0.0,0.22351599515229464,0.4197530584054068,0.0,0.0,0.01717928209155798,0.4176764070210978,0.0,0.0,0.017056244684383274,0.4176764070210978,0.0,0.0,0.017056244684383274,0.4176764070210978,0.0,0.0,0.017059562934562563,0.4176764070210978,4034
stockmarket,query1,8,1/4,836.0693179713562,834.4071758762002,644912.0,0.0,0.0,0.0,4034.0,833.2708672052249,831.6118407873437,644625.0,0.0,7.0,0.0,4034.0,535.3038382893428,533.6397014055401,478449.0,0.0,1568.0,0.0,4034.0,534.7340694367886,533.6397014055401,478449.0,0.0,1568.0,0.0,4034.0,534.7340694367886,533.6397014055401,478449.0,0.0,1568.0,0.0,4034.0,534.7536898478866,533.6397014055401,478449.0,0.0,1568.0,0.0,4034.0,834.4071758762002,1.662142095156014,0.0,0.0,0.0,0.0,0.0,831.6118407873437,1.6589295286685228,0.0,0.0,8.905306458473206e-06,8.798390626907349e-05,0.0,533.6397014055401,1.662142095156014,0.0,0.0,0.001994788646697998,0.0,0.0,533.6397014055401,1.0922852586954832,0.0,0.0,0.001994788646697998,8.798390626907349e-05,0.0,533.6397014055401,1.0922852586954832,0.0,0.0,0.001994788646697998,8.798390626907349e-05,0.0,533.6397014055401,1.0922852586954832,0.0,0.0,0.001994788646697998,0.01970839500427246,0.0,0.0,0.0,0.0,0.0,0.0,0.0,0.0,0.0,0.0,0.0,0.0,0.0,5.698811071924865,0.0,5.698811071924865,0.0,3.688440472818911,0.0,3.4678790075704455,0.0,3.4678790075704455,0.0,3.47816055547446,0.0,0.0,0.0,0.0,0.0,0.0,0.0,0.0,0.0,0.0,0.0,0.0,0.0,830.3705068994313,0.0,827.5720561333001,0.0,531.6153978165239,0.0,531.2661904292181,0.0,531.2661904292181,0.0,531.2755292924121,0.0,0.0,0.0,0.22354049316607416,0.4197530584054068,0.0,0.0,0.22351599515229464,0.4197530584054068,0.0,0.0,0.01717928209155798,0.4176764070210978,0.0,0.0,0.017056244684383274,0.4176764070210978,0.0,0.0,0.017056244684383274,0.4176764070210978,0.0,0.0,0.017059562934562563,0.4176764070210978,4034
stockmarket,query1,8,1/8,836.0693179713562,834.4071758762002,644912.0,0.0,0.0,0.0,4034.0,833.2708672052249,831.6118407873437,644625.0,0.0,7.0,0.0,4034.0,538.5713369678706,536.9072166224942,479822.0,0.0,1555.0,0.0,4034.0,538.0064160749316,536.9072166224942,479822.0,0.0,1555.0,0.0,4034.0,538.0064160749316,536.9072166224942,479822.0,0.0,1555.0,0.0,4034.0,545.6184941828251,544.4917803816497,479805.0,0.0,1537.0,30.0,4034.0,834.4071758762002,1.662142095156014,0.0,0.0,0.0,0.0,0.0,831.6118407873437,1.6589295286685228,0.0,0.0,8.905306458473206e-06,8.798390626907349e-05,0.0,536.9072166224942,1.662142095156014,0.0,0.0,0.0019782502204179764,0.0,0.0,536.9072166224942,1.0971332183107734,0.0,0.0,0.0019782502204179764,8.798390626907349e-05,0.0,536.9072166224942,1.0971332183107734,0.0,0.0,0.0019782502204179764,8.798390626907349e-05,0.0,544.4917803816497,1.1054396983236074,0.0,0.0,0.001955350860953331,0.019318751990795135,0.0,0.0,0.0,0.0,0.0,0.0,0.0,0.0,0.0,0.0,0.0,0.0,0.0,5.698811071924865,0.0,5.698811071924865,0.0,3.7024673614650965,0.0,3.483553245663643,0.0,3.483553245663643,0.0,3.4909782325848937,0.0,0.0,0.0,0.0,0.0,0.0,0.0,0.0,0.0,0.0,0.0,0.0,0.0,830.3705068994313,0.0,827.5720561333001,0.0,534.8688696064055,0.0,534.522862829268,0.0,534.522862829268,0.0,542.1275159502402,0.0,0.0,0.0,0.22354049316607416,0.4197530584054068,0.0,0.0,0.22351599515229464,0.4197530584054068,0.0,0.0,0.017199701260775326,0.41936915007252246,0.0,0.0,0.017078482346609233,0.41936915007252246,0.0,0.0,0.017078482346609233,0.41936915007252246,0.0,0.0,0.025762310909107328,0.41936915007252246,4034
stockmarket,query2,8,1,5729.331810483709,5675.355705842376,320657878.0,367442242.0,0.0,0.0,15972.0,5635.8470793953165,5586.812733421102,302941314.0,344051602.0,621.0,0.0,15972.0,5558.29210003186,5504.313893738203,247748661.0,367442242.0,1652.0,0.0,15972.0,5541.959521130193,5504.313893738203,247748661.0,620047528.0,1652.0,0.0,15972.0,5542.489908393938,5504.313893738203,247748661.0,275995926.0,1652.0,0.0,15972.0,5541.813316721469,5504.313893738203,247748661.0,275995926.0,1652.0,0.0,15972.0,5675.355705842376,34.55017352756113,19.425931113772094,0.0,0.0,0.0,0.0,5586.812733421102,31.77427278831601,17.25147772859782,0.0,0.0007900279015302658,0.007805429399013519,0.0,5504.313893738203,34.55017352756113,19.425931113772094,0.0,0.0021016523241996765,0.0,0.0,5504.313893738203,25.223996269516647,12.252560859546065,0.15916318120363762,0.0021016523241996765,0.007805429399013519,0.0,5504.313893738203,25.223996269516647,12.252560859546065,0.6895504449494183,0.0021016523241996765,0.007805429399013519,0.0,5504.313893738203,25.223996269516647,12.252560859546065,0.0,0.0021016523241996765,0.020764201879501343,0.0,0.0,0.0,0.0,0.0,0.0,0.0,0.0,0.0,0.0,0.0,0.0,0.0,48.66401125956327,350586922.0,42.780589810572565,327196282.0,45.489149208180606,350586922.0,30.320389510309795,589117558.0,30.796614680439234,261921276.0,30.17956934031099,261921276.0,0.0,0.0,0.0,0.0,0.0,0.0,0.0,0.0,0.0,0.0,0.0,0.0,5680.667799224146,16855320.0,5593.066489584744,16855320.0,5512.80295082368,16855320.0,5511.639131619882,30929970.0,5511.693293713499,14074650.0,5511.633747381158,14074650.0,1469768.968,425218.16,0.3172478474993259,0.4913290044283492,1376206.408,386823.564,0.3171509503070265,0.4913290044283492,1469768.968,425218.16,0.3166722168345004,0.4886579081222413,2480190.112,1399165.428,0.31463205563822966,0.48866763704683375,1103983.704,1103983.704,0.31468678317964077,0.4887424815556964,1103983.704,1103983.704,0.3146282874140888,0.4886579081222413,15972
stockmarket,query2,8,1/16,5729.331810483709,5675.355705842376,320657878.0,367442242.0,0.0,0.0,15972.0,5635.8470793953165,5586.812733421102,302941314.0,344051602.0,621.0,0.0,15972.0,5558.29210003186,5504.313893738203,247748661.0,367442242.0,1652.0,0.0,15972.0,5541.959521130193,5504.313893738203,247748661.0,620047528.0,1652.0,0.0,15972.0,5542.489908393938,5504.313893738203,247748661.0,275995926.0,1652.0,0.0,15972.0,5541.835226828232,5504.316830001771,248111814.0,276379171.0,1651.0,0.0,15972.0,5675.355705842376,34.55017352756113,19.425931113772094,0.0,0.0,0.0,0.0,5586.812733421102,31.77427278831601,17.25147772859782,0.0,0.0007900279015302658,0.007805429399013519,0.0,5504.313893738203,34.55017352756113,19.425931113772094,0.0,0.0021016523241996765,0.0,0.0,5504.313893738203,25.223996269516647,12.252560859546065,0.15916318120363762,0.0021016523241996765,0.007805429399013519,0.0,5504.313893738203,25.223996269516647,12.252560859546065,0.6895504449494183,0.0021016523241996765,0.007805429399013519,0.0,5504.316830001771,25.234484282322228,12.261060531251132,0.0,0.0021003801375627518,0.020751632750034332,0.0,0.0,0.0,0.0,0.0,0.0,0.0,0.0,0.0,0.0,0.0,0.0,0.0,48.66401125956327,350586922.0,42.780589810572565,327196282.0,45.489149208180606,350586922.0,30.320389510309795,589117558.0,30.796614680439234,261921276.0,30.201479447074234,262304521.0,0.0,0.0,0.0,0.0,0.0,0.0,0.0,0.0,0.0,0.0,0.0,0.0,5680.667799224146,16855320.0,5593.066489584744,16855320.0,5512.80295082368,16855320.0,5511.639131619882,30929970.0,5511.693293713499,14074650.0,5511.633747381158,14074650.0,1469768.968,425218.16,0.3172478474993259,0.4913290044283492,1376206.408,386823.564,0.3171509503070265,0.4913290044283492,1469768.968,425218.16,0.3166722168345004,0.4886579081222413,2128063.128,1112648.372,0.31463205563822966,0.48866763704683375,1103983.704,793247.252,0.31468678317964077,0.4887424815556964,791552.456,791552.456,0.3146282874140888,0.4886579081222413,15972
stockmarket,query2,8,1/2,5729.331810483709,5675.355705842376,320657878.0,367442242.0,0.0,0.0,15972.0,5635.8470793953165,5586.812733421102,302941314.0,344051602.0,621.0,0.0,15972.0,5558.29210003186,5504.313893738203,247748661.0,367442242.0,1652.0,0.0,15972.0,5541.959521130193,5504.313893738203,247748661.0,620047528.0,1652.0,0.0,15972.0,5542.489908393938,5504.313893738203,247748661.0,275995926.0,1652.0,0.0,15972.0,5541.813316721469,5504.313893738203,247748661.0,275995926.0,1652.0,0.0,15972.0,5675.355705842376,34.55017352756113,19.425931113772094,0.0,0.0,0.0,0.0,5586.812733421102,31.77427278831601,17.25147772859782,0.0,0.0007900279015302658,0.007805429399013519,0.0,5504.313893738203,34.55017352756113,19.425931113772094,0.0,0.0021016523241996765,0.0,0.0,5504.313893738203,25.223996269516647,12.252560859546065,0.15916318120363762,0.0021016523241996765,0.007805429399013519,0.0,5504.313893738203,25.223996269516647,12.252560859546065,0.6895504449494183,0.0021016523241996765,0.007805429399013519,0.0,5504.313893738203,25.223996269516647,12.252560859546065,0.0,0.0021016523241996765,0.020764201879501343,0.0,0.0,0.0,0.0,0.0,0.0,0.0,0.0,0.0,0.0,0.0,0.0,0.0,48.66401125956327,350586922.0,42.780589810572565,327196282.0,45.489149208180606,350586922.0,30.320389510309795,589117558.0,30.796614680439234,261921276.0,30.17956934031099,261921276.0,0.0,0.0,0.0,0.0,0.0,0.0,0.0,0.0,0.0,0.0,0.0,0.0,5680.667799224146,16855320.0,5593.066489584744,16855320.0,5512.80295082368,16855320.0,5511.639131619882,30929970.0,5511.693293713499,14074650.0,5511.633747381158,14074650.0,1469768.968,425218.16,0.3172478474993259,0.4913290044283492,1376206.408,386823.564,0.3171509503070265,0.4913290044283492,1469768.968,425218.16,0.3166722168345004,0.4886579081222413,2480190.112,1399165.428,0.31463205563822966,0.48866763704683375,1103983.704,1103983.704,0.31468678317964077,0.4887424815556964,1103983.704,1103983.704,0.3146282874140888,0.4886579081222413,15972
stockmarket,query2,8,1/4,5729.331810483709,5675.355705842376,320657878.0,367442242.0,0.0,0.0,15972.0,5635.8470793953165,5586.812733421102,302941314.0,344051602.0,621.0,0.0,15972.0,5558.29210003186,5504.313893738203,247748661.0,367442242.0,1652.0,0.0,15972.0,5541.959521130193,5504.313893738203,247748661.0,620047528.0,1652.0,0.0,15972.0,5542.489908393938,5504.313893738203,247748661.0,275995926.0,1652.0,0.0,15972.0,5541.813316721469,5504.313893738203,247748661.0,275995926.0,1652.0,0.0,15972.0,5675.355705842376,34.55017352756113,19.425931113772094,0.0,0.0,0.0,0.0,5586.812733421102,31.77427278831601,17.25147772859782,0.0,0.0007900279015302658,0.007805429399013519,0.0,5504.313893738203,34.55017352756113,19.425931113772094,0.0,0.0021016523241996765,0.0,0.0,5504.313893738203,25.223996269516647,12.252560859546065,0.15916318120363762,0.0021016523241996765,0.007805429399013519,0.0,5504.313893738203,25.223996269516647,12.252560859546065,0.6895504449494183,0.0021016523241996765,0.007805429399013519,0.0,5504.313893738203,25.223996269516647,12.252560859546065,0.0,0.0021016523241996765,0.020764201879501343,0.0,0.0,0.0,0.0,0.0,0.0,0.0,0.0,0.0,0.0,0.0,0.0,0.0,48.66401125956327,350586922.0,42.780589810572565,327196282.0,45.489149208180606,350586922.0,30.320389510309795,589117558.0,30.796614680439234,261921276.0,30.17956934031099,261921276.0,0.0,0.0,0.0,0.0,0.0,0.0,0.0,0.0,0.0,0.0,0.0,0.0,5680.667799224146,16855320.0,5593.066489584744,16855320.0,5512.80295082368,16855320.0,5511.639131619882,30929970.0,5511.693293713499,14074650.0,5511.633747381158,14074650.0,1469768.968,425218.16,0.3172478474993259,0.4913290044283492,1376206.408,386823.564,0.3171509503070265,0.4913290044283492,1469768.968,425218.16,0.3166722168345004,0.4886579081222413,2480190.112,1399165.428,0.31463205563822966,0.48866763704683375,1103983.704,1103983.704,0.31468678317964077,0.4887424815556964,1103983.704,1103983.704,0.3146282874140888,0.4886579081222413,15972
stockmarket,query2,8,1/8,5729.331810483709,5675.355705842376,320657878.0,367442242.0,0.0,0.0,15972.0,5635.8470793953165,5586.812733421102,302941314.0,344051602.0,621.0,0.0,15972.0,5558.29210003186,5504.313893738203,247748661.0,367442242.0,1652.0,0.0,15972.0,5541.959521130193,5504.313893738203,247748661.0,620047528.0,1652.0,0.0,15972.0,5542.489908393938,5504.313893738203,247748661.0,275995926.0,1652.0,0.0,15972.0,5541.813316721469,5504.313893738203,247748661.0,275995926.0,1652.0,0.0,15972.0,5675.355705842376,34.55017352756113,19.425931113772094,0.0,0.0,0.0,0.0,5586.812733421102,31.77427278831601,17.25147772859782,0.0,0.0007900279015302658,0.007805429399013519,0.0,5504.313893738203,34.55017352756113,19.425931113772094,0.0,0.0021016523241996765,0.0,0.0,5504.313893738203,25.223996269516647,12.252560859546065,0.15916318120363762,0.0021016523241996765,0.007805429399013519,0.0,5504.313893738203,25.223996269516647,12.252560859546065,0.6895504449494183,0.0021016523241996765,0.007805429399013519,0.0,5504.313893738203,25.223996269516647,12.252560859546065,0.0,0.0021016523241996765,0.020764201879501343,0.0,0.0,0.0,0.0,0.0,0.0,0.0,0.0,0.0,0.0,0.0,0.0,0.0,48.66401125956327,350586922.0,42.780589810572565,327196282.0,45.489149208180606,350586922.0,30.320389510309795,589117558.0,30.796614680439234,261921276.0,30.17956934031099,261921276.0,0.0,0.0,0.0,0.0,0.0,0.0,0.0,0.0,0.0,0.0,0.0,0.0,5680.667799224146,16855320.0,5593.066489584744,16855320.0,5512.80295082368,16855320.0,5511.639131619882,30929970.0,5511.693293713499,14074650.0,5511.633747381158,14074650.0,1469768.968,425218.16,0.3172478474993259,0.4913290044283492,1376206.408,386823.564,0.3171509503070265,0.4913290044283492,1469768.968,425218.16,0.3166722168345004,0.4886579081222413,2452898.172,1378404.904,0.31463205563822966,0.48866763704683375,1103983.704,1080023.62,0.31468678317964077,0.4887424815556964,1080023.62,1080023.62,0.3146282874140888,0.4886579081222413,15972
stockmarket,query3,8,1,10276.96563224867,10250.557792764157,49367313.0,30067505.0,0.0,0.0,26461.0,10164.19024407398,10138.654036995023,42763366.0,29325993.0,1274.0,0.0,26461.0,9822.354185827076,9795.94346865639,41761982.0,30067505.0,2262.0,0.0,26461.0,9821.005343216848,9795.94346865639,41761982.0,58651986.0,2262.0,0.0,26461.0,9821.11455369182,9795.94346865639,41761982.0,29325993.0,2262.0,0.0,26461.0,9821.004194893874,9795.94346865639,41761982.0,29325993.0,2262.0,0.0,26461.0,10250.557792764157,24.43777829501778,1.970061189495027,0.0,0.0,0.0,0.0,10138.654036995023,23.6281961761415,1.8903770660981536,0.0,0.0016207657754421234,0.016013070940971375,0.0,9795.94346865639,24.43777829501778,1.970061189495027,0.0,0.00287768617272377,0.0,0.0,9795.94346865639,23.139040114358068,1.8903770660981536,0.01356662288651575,0.00287768617272377,0.016013070940971375,0.0,9795.94346865639,23.139040114358068,1.8903770660981536,0.12277709785848856,0.00287768617272377,0.016013070940971375,0.0,9795.94346865639,23.139040114358068,1.8903770660981536,0.0,0.00287768617272377,0.028431370854377747,0.0,0.0,0.0,0.0,0.0,0.0,0.0,0.0,0.0,0.0,0.0,0.0,0.0,8.668069019913673,7257780.0,6.402405401691794,7257780.0,6.60140498355031,7257780.0,6.004638296235853,14515560.0,6.003850496839732,7257780.0,6.003580894321203,7257780.0,0.0,0.0,0.0,0.0,0.0,0.0,0.0,0.0,0.0,0.0,0.0,0.0,10268.297563228756,22809725.0,10157.787838672288,22068213.0,9815.752780843526,22809725.0,9815.000704920612,44136426.0,9815.11070319498,22068213.0,9815.000613999553,22068213.0,120270.02,111706.712,0.32067099841497837,0.6197289669735354,117303.972,108740.664,0.32062607882916927,0.618473378623463,120270.02,111706.712,0.31423517255857586,0.6146070657951754,234607.944,223174.832,0.3142268766537309,0.6146108170836927,117303.972,117303.972,0.3142268766537309,0.6146251682789062,117303.972,117303.972,0.3142268766537309,0.6146070657951754,26461
stockmarket,query3,8,1/16,10276.96563224867,10250.557792764157,49367313.0,30067505.0,0.0,0.0,26461.0,10164.19024407398,10138.654036995023,42763366.0,29325993.0,1274.0,17.0,26461.0,9822.354185827076,9795.94346865639,41761982.0,30067505.0,2262.0,17.0,26461.0,9820.997434731504,9795.94346865639,41761982.0,41556782.0,2262.0,17.0,26461.0,9821.109699713532,9795.94346865639,41761982.0,29325993.0,2262.0,17.0,26461.0,9821.416728097945,9796.351935925893,41805299.0,29325993.0,2254.0,58.0,26461.0,10250.557792764157,24.43777829501778,1.970061189495027,0.0,0.0,0.0,0.0,10138.654036995023,23.6281961761415,1.8903770660981536,0.0,0.0016207657754421234,0.016013070940971375,0.0,9795.94346865639,24.43777829501778,1.970061189495027,0.0,0.00287768617272377,0.0,0.0,9795.94346865639,23.139040114358068,1.8903770660981536,0.005658137542607512,0.00287768617272377,0.016013070940971375,0.0,9795.94346865639,23.139040114358068,1.8903770660981536,0.11792311957105994,0.00287768617272377,0.016013070940971375,0.0,9796.351935925893,23.143216779455543,1.8903770660981536,0.0,0.002867508679628372,0.028330817818641663,0.0,0.0,0.0,0.0,0.0,0.0,0.0,0.0,0.0,0.0,0.0,0.0,0.0,8.668069019913673,7257780.0,6.402405401691794,7257780.0,6.60140498355031,7257780.0,6.00128074362874,7257780.0,6.00128074362874,7257780.0,6.018999367021024,7257780.0,0.0,0.0,0.0,0.0,0.0,0.0,0.0,0.0,0.0,0.0,0.0,0.0,10268.297563228756,22809725.0,10157.787838672288,22068213.0,9815.752780843526,22809725.0,9814.996153987875,34299002.0,9815.108418969903,22068213.0,9815.397728730924,22068213.0,120270.02,111706.712,0.32067099841497837,0.6197289669735354,117303.972,108740.664,0.32062607882916927,0.618473378623463,120270.02,111706.712,0.31423517255857586,0.6146070657951754,162398.06,151552.084,0.3142268766537309,0.6146108170836927,117303.972,112969.856,0.3142268766537309,0.6146251682789062,115916.292,112916.832,0.3142268766537309,0.6146070657951754,26461
stockmarket,query3,8,1/2,10276.96563224867,10250.557792764157,49367313.0,30067505.0,0.0,0.0,26461.0,10164.19024407398,10138.654036995023,42763366.0,29325993.0,1274.0,0.0,26461.0,9822.354185827076,9795.94346865639,41761982.0,30067505.0,2262.0,0.0,26461.0,9821.005343216848,9795.94346865639,41761982.0,58651986.0,2262.0,0.0,26461.0,9821.11455369182,9795.94346865639,41761982.0,29325993.0,2262.0,0.0,26461.0,9821.004194893874,9795.94346865639,41761982.0,29325993.0,2262.0,0.0,26461.0,10250.557792764157,24.43777829501778,1.970061189495027,0.0,0.0,0.0,0.0,10138.654036995023,23.6281961761415,1.8903770660981536,0.0,0.0016207657754421234,0.016013070940971375,0.0,9795.94346865639,24.43777829501778,1.970061189495027,0.0,0.00287768617272377,0.0,0.0,9795.94346865639,23.139040114358068,1.8903770660981536,0.01356662288651575,0.00287768617272377,0.016013070940971375,0.0,9795.94346865639,23.139040114358068,1.8903770660981536,0.12277709785848856,0.00287768617272377,0.016013070940971375,0.0,9795.94346865639,23.139040114358068,1.8903770660981536,0.0,0.00287768617272377,0.028431370854377747,0.0,0.0,0.0,0.0,0.0,0.0,0.0,0.0,0.0,0.0,0.0,0.0,0.0,8.668069019913673,7257780.0,6.402405401691794,7257780.0,6.60140498355031,7257780.0,6.004638296235853,14515560.0,6.003850496839732,7257780.0,6.003580894321203,7257780.0,0.0,0.0,0.0,0.0,0.0,0.0,0.0,0.0,0.0,0.0,0.0,0.0,10268.297563228756,22809725.0,10157.787838672288,22068213.0,9815.752780843526,22809725.0,9815.000704920612,44136426.0,9815.11070319498,22068213.0,9815.000613999553,22068213.0,120270.02,111706.712,0.32067099841497837,0.6197289669735354,117303.972,108740.664,0.32062607882916927,0.618473378623463,120270.02,111706.712,0.31423517255857586,0.6146070657951754,234607.944,223174.832,0.3142268766537309,0.6146108170836927,117303.972,117303.972,0.3142268766537309,0.6146251682789062,117303.972,117303.972,0.3142268766537309,0.6146070657951754,26461
stockmarket,query3,8,1/4,10276.96563224867,10250.557792764157,49367313.0,30067505.0,0.0,0.0,26461.0,10164.19024407398,10138.654036995023,42763366.0,29325993.0,1274.0,0.0,26461.0,9822.355897935107,9795.945182036608,41768352.0,30067505.0,2261.0,0.0,26461.0,9821.00761662927,9795.945182036608,41768352.0,58651986.0,2261.0,0.0,26461.0,9821.11682710424,9795.945182036608,41768352.0,29325993.0,2261.0,0.0,26461.0,9821.006455737166,9795.945182036608,41768352.0,29325993.0,2261.0,8.0,26461.0,10250.557792764157,24.43777829501778,1.970061189495027,0.0,0.0,0.0,0.0,10138.654036995023,23.6281961761415,1.8903770660981536,0.0,0.0016207657754421234,0.016013070940971375,0.0,9795.945182036608,24.43777829501778,1.970061189495027,0.0,0.0028764139860868454,0.0,0.0,9795.945182036608,23.139601418748498,1.8903770660981536,0.01356662288651575,0.0028764139860868454,0.016013070940971375,0.0,9795.945182036608,23.139601418748498,1.8903770660981536,0.12277709785848856,0.0028764139860868454,0.016013070940971375,0.0,9795.945182036608,23.139601418748498,1.8903770660981536,0.0,0.0028764139860868454,0.028418801724910736,0.0,0.0,0.0,0.0,0.0,0.0,0.0,0.0,0.0,0.0,0.0,0.0,0.0,8.668069019913673,7257780.0,6.402405401691794,7257780.0,6.603117091581225,7257780.0,6.006911708657198,14515560.0,6.006123909261078,7257780.0,6.005841737613082,7257780.0,0.0,0.0,0.0,0.0,0.0,0.0,0.0,0.0,0.0,0.0,0.0,0.0,10268.297563228756,22809725.0,10157.787838672288,22068213.0,9815.752780843526,22809725.0,9815.000704920612,44136426.0,9815.11070319498,22068213.0,9815.000613999553,22068213.0,120270.02,111706.712,0.32067099841497837,0.6197289669735354,117303.972,108740.664,0.32062607882916927,0.618473378623463,120270.02,111706.712,0.31423517255857586,0.6146070657951754,228248.364,217929.132,0.3142268766537309,0.6146108170836927,117303.972,116376.276,0.3142268766537309,0.6146251682789062,116933.216,116376.276,0.3142268766537309,0.6146070657951754,26461
stockmarket,query3,8,1/8,10276.96563224867,10250.557792764157,49367313.0,30067505.0,0.0,0.0,26461.0,10164.19024407398,10138.654036995023,42763366.0,29325993.0,1274.0,17.0,26461.0,9822.354185827076,9795.94346865639,41761982.0,30067505.0,2262.0,17.0,26461.0,9820.997434731504,9795.94346865639,41761982.0,41556782.0,2262.0,17.0,26461.0,9821.109699713532,9795.94346865639,41761982.0,29325993.0,2262.0,17.0,26461.0,9821.004194893874,9795.94346865639,41761982.0,29325993.0,2262.0,17.0,26461.0,10250.557792764157,24.43777829501778,1.970061189495027,0.0,0.0,0.0,0.0,10138.654036995023,23.6281961761415,1.8903770660981536,0.0,0.0016207657754421234,0.016013070940971375,0.0,9795.94346865639,24.43777829501778,1.970061189495027,0.0,0.00287768617272377,0.0,0.0,9795.94346865639,23.139040114358068,1.8903770660981536,0.005658137542607512,0.00287768617272377,0.016013070940971375,0.0,9795.94346865639,23.139040114358068,1.8903770660981536,0.11792311957105994,0.00287768617272377,0.016013070940971375,0.0,9795.94346865639,23.139040114358068,1.8903770660981536,0.0,0.00287768617272377,0.028431370854377747,0.0,0.0,0.0,0.0,0.0,0.0,0.0,0.0,0.0,0.0,0.0,0.0,0.0,8.668069019913673,7257780.0,6.402405401691794,7257780.0,6.60140498355031,7257780.0,6.00128074362874,7257780.0,6.00128074362874,7257780.0,6.003580894321203,7257780.0,0.0,0.0,0.0,0.0,0.0,0.0,0.0,0.0,0.0,0.0,0.0,0.0,10268.297563228756,22809725.0,10157.787838672288,22068213.0,9815.752780843526,22809725.0,9814.996153987875,34299002.0,9815.108418969903,22068213.0,9815.000613999553,22068213.0,120270.02,111706.712,0.32067099841497837,0.6197289669735354,117303.972,108740.664,0.32062607882916927,0.618473378623463,120270.02,111706.712,0.31423517255857586,0.6146070657951754,166112.66,154679.548,0.3142268766537309,0.6146108170836927,117303.972,114471.312,0.3142268766537309,0.6146251682789062,117190.82,114471.312,0.3142268766537309,0.6146070657951754,26461
stockmarket,query4,8,1,10464.783207312226,10385.941332316957,303190722.0,332651073.0,0.0,0.0,28102.0,9984.531553659588,9912.718813611194,241098333.0,266137422.0,2280.0,0.0,28102.0,9579.545577486046,9500.69840128906,198130731.0,332651073.0,4167.0,0.0,28102.0,9567.904161544491,9500.69840128906,198130731.0,486876099.0,4167.0,0.0,28102.0,9568.915160325356,9500.69840128906,198130731.0,220738677.0,4167.0,0.0,28102.0,9567.80476052221,9500.69840128906,198130731.0,220738677.0,4167.0,0.0,28102.0,10385.941332316957,63.20328337699175,15.638591618277133,0.0,0.0,0.0,0.0,9912.718813611194,58.40622662939131,13.374955218285322,0.0,0.0029005855321884155,0.028657615184783936,0.0,9500.69840128906,63.20328337699175,15.638591618277133,0.0,0.005301201716065407,0.0,0.0,9500.69840128906,55.121576056815684,11.927106412127614,0.12311896958658827,0.005301201716065407,0.028657615184783936,0.0,9500.69840128906,55.121576056815684,11.927106412127614,1.1341177504509687,0.005301201716065407,0.028657615184783936,0.0,9500.69840128906,55.121576056815684,11.927106412127614,0.0,0.005301201716065407,0.052375562489032745,0.0,0.0,0.0,0.0,0.0,0.0,0.0,0.0,0.0,0.0,0.0,0.0,0.0,21.698313226923347,197334519.0,15.481089511886239,135621095.0,18.099236958660185,197334519.0,10.986336954711373,227347815.0,11.614003730006516,91726720.0,10.934682672843337,91726720.0,0.0,0.0,0.0,0.0,0.0,0.0,0.0,0.0,0.0,0.0,0.0,0.0,10443.084894085303,135316554.0,9969.050464147702,130516327.0,9561.446340527385,135316554.0,9556.91782458978,259528284.0,9557.30115659535,129011957.0,9556.870077849366,129011957.0,1330604.292,609478.624,0.380750102840364,0.5888517768111078,1064549.688,518801.78,0.36636167421005666,0.5825271014044059,1330604.292,609478.624,0.3621237105000764,0.5771109205348415,1947504.396,1346161.132,0.36171140968319554,0.5771297887505872,882954.708,882954.708,0.3617414352828637,0.5771934952713547,882954.708,882954.708,0.36170946542173626,0.5771109205348415,28102
stockmarket,query4,8,1/16,10464.783207312226,10385.941332316957,303190722.0,332651073.0,0.0,0.0,28102.0,9984.531553659588,9912.718813611194,241098333.0,266137422.0,2280.0,33.0,28102.0,9581.612568014301,9502.76540581137,198460828.0,332651073.0,4156.0,33.0,28102.0,9569.996111540428,9502.76540581137,198460828.0,433144168.0,4156.0,33.0,28102.0,9571.022702659946,9502.76540581137,198460828.0,221079369.0,4156.0,33.0,28102.0,9571.998578424565,9504.832501938567,198416867.0,221019467.0,4152.0,54.0,28102.0,10385.941332316957,63.20328337699175,15.638591618277133,0.0,0.0,0.0,0.0,9912.718813611194,58.40622662939131,13.374955218285322,0.0,0.0029005855321884155,0.028657615184783936,0.0,9502.76540581137,63.20328337699175,15.638591618277133,0.0,0.005287207663059235,0.0,0.0,9502.76540581137,55.16092760488391,11.937729098834097,0.09810420249154947,0.005287207663059235,0.028657615184783936,0.0,9502.76540581137,55.16092760488391,11.937729098834097,1.1246953220106661,0.005287207663059235,0.028657615184783936,0.0,9504.832501938567,55.172773719765246,11.935833621770144,0.0,0.005282118916511536,0.05218702554702759,0.0,0.0,0.0,0.0,0.0,0.0,0.0,0.0,0.0,0.0,0.0,0.0,0.0,21.698313226923347,197334519.0,15.481089511886239,135621095.0,18.11029237601906,197334519.0,11.020966960890586,227688507.0,11.64863373618573,92067412.0,10.963060737587512,92007510.0,0.0,0.0,0.0,0.0,0.0,0.0,0.0,0.0,0.0,0.0,0.0,0.0,10443.084894085303,135316554.0,9969.050464147702,130516327.0,9563.502275638282,135316554.0,9558.975144579535,205455661.0,9559.37406892376,129011957.0,9561.035517686978,129011957.0,1330604.292,609478.624,0.380750102840364,0.5888517768111078,1064549.688,518801.78,0.36636167421005666,0.5825271014044059,1330604.292,609478.624,0.36213384246267377,0.5771109205348415,1603761.684,1005725.676,0.3617215416457929,0.5771192635819901,884317.476,841515.188,0.36175156724546104,0.5771897262999786,861980.808,840488.596,0.3617338628359139,0.5771109205348415,28102
stockmarket,query4,8,1/2,10464.783207312226,10385.941332316957,303190722.0,332651073.0,0.0,0.0,28102.0,9984.531553659588,9912.718813611194,241098333.0,266137422.0,2280.0,0.0,28102.0,9579.545577486046,9500.69840128906,198130731.0,332651073.0,4167.0,0.0,28102.0,9567.904161544491,9500.69840128906,198130731.0,486876099.0,4167.0,0.0,28102.0,9568.915160325356,9500.69840128906,198130731.0,220738677.0,4167.0,0.0,28102.0,9567.80476052221,9500.69840128906,198130731.0,220738677.0,4167.0,0.0,28102.0,10385.941332316957,63.20328337699175,15.638591618277133,0.0,0.0,0.0,0.0,9912.718813611194,58.40622662939131,13.374955218285322,0.0,0.0029005855321884155,0.028657615184783936,0.0,9500.69840128906,63.20328337699175,15.638591618277133,0.0,0.005301201716065407,0.0,0.0,9500.69840128906,55.121576056815684,11.927106412127614,0.12311896958658827,0.005301201716065407,0.028657615184783936,0.0,9500.69840128906,55.121576056815684,11.927106412127614,1.1341177504509687,0.005301201716065407,0.028657615184783936,0.0,9500.69840128906,55.121576056815684,11.927106412127614,0.0,0.005301201716065407,0.052375562489032745,0.0,0.0,0.0,0.0,0.0,0.0,0.0,0.0,0.0,0.0,0.0,0.0,0.0,21.698313226923347,197334519.0,15.481089511886239,135621095.0,18.099236958660185,197334519.0,10.986336954711373,227347815.0,11.614003730006516,91726720.0,10.934682672843337,91726720.0,0.0,0.0,0.0,0.0,0.0,0.0,0.0,0.0,0.0,0.0,0.0,0.0,10443.084894085303,135316554.0,9969.050464147702,130516327.0,9561.446340527385,135316554.0,9556.91782458978,259528284.0,9557.30115659535,129011957.0,9556.870077849366,129011957.0,1330604.292,609478.624,0.380750102840364,0.5888517768111078,1064549.688,518801.78,0.36636167421005666,0.5825271014044059,1330604.292,609478.624,0.3621237105000764,0.5771109205348415,1947504.396,1346161.132,0.36171140968319554,0.5771297887505872,882954.708,882954.708,0.3617414352828637,0.5771934952713547,882954.708,882954.708,0.36170946542173626,0.5771109205348415,28102
stockmarket,query4,8,1/4,10464.783207312226,10385.941332316957,303190722.0,332651073.0,0.0,0.0,28102.0,9984.531553659588,9912.718813611194,241098333.0,266137422.0,2280.0,0.0,28102.0,9579.545577486046,9500.69840128906,198130731.0,332651073.0,4167.0,0.0,28102.0,9567.904161544491,9500.69840128906,198130731.0,486876099.0,4167.0,0.0,28102.0,9568.915160325356,9500.69840128906,198130731.0,220738677.0,4167.0,0.0,28102.0,9567.80476052221,9500.69840128906,198130731.0,220738677.0,4167.0,0.0,28102.0,10385.941332316957,63.20328337699175,15.638591618277133,0.0,0.0,0.0,0.0,9912.718813611194,58.40622662939131,13.374955218285322,0.0,0.0029005855321884155,0.028657615184783936,0.0,9500.69840128906,63.20328337699175,15.638591618277133,0.0,0.005301201716065407,0.0,0.0,9500.69840128906,55.121576056815684,11.927106412127614,0.12311896958658827,0.005301201716065407,0.028657615184783936,0.0,9500.69840128906,55.121576056815684,11.927106412127614,1.1341177504509687,0.005301201716065407,0.028657615184783936,0.0,9500.69840128906,55.121576056815684,11.927106412127614,0.0,0.005301201716065407,0.052375562489032745,0.0,0.0,0.0,0.0,0.0,0.0,0.0,0.0,0.0,0.0,0.0,0.0,0.0,21.698313226923347,197334519.0,15.481089511886239,135621095.0,18.099236958660185,197334519.0,10.986336954711373,227347815.0,11.614003730006516,91726720.0,10.934682672843337,91726720.0,0.0,0.0,0.0,0.0,0.0,0.0,0.0,0.0,0.0,0.0,0.0,0.0,10443.084894085303,135316554.0,9969.050464147702,130516327.0,9561.446340527385,135316554.0,9556.91782458978,259528284.0,9557.30115659535,129011957.0,9556.870077849366,129011957.0,1330604.292,609478.624,0.380750102840364,0.5888517768111078,1064549.688,518801.78,0.36636167421005666,0.5825271014044059,1330604.292,609478.624,0.3621237105000764,0.5771109205348415,1926913.144,1326258.752,0.36171140968319554,0.5771297887505872,882954.708,862603.064,0.3617414352828637,0.5771934952713547,862603.064,862603.064,0.36170946542173626,0.5771109205348415,28102
stockmarket,query4,8,1/8,10464.783207312226,10385.941332316957,303190722.0,332651073.0,0.0,0.0,28102.0,9984.531553659588,9912.718813611194,241098333.0,266137422.0,2280.0,0.0,28102.0,9579.545577486046,9500.69840128906,198130731.0,332651073.0,4167.0,0.0,28102.0,9567.904161544491,9500.69840128906,198130731.0,486876099.0,4167.0,0.0,28102.0,9568.915160325356,9500.69840128906,198130731.0,220738677.0,4167.0,0.0,28102.0,9575.215374674648,9508.019361605868,198600026.0,221198471.0,4140.0,36.0,28102.0,10385.941332316957,63.20328337699175,15.638591618277133,0.0,0.0,0.0,0.0,9912.718813611194,58.40622662939131,13.374955218285322,0.0,0.0029005855321884155,0.028657615184783936,0.0,9500.69840128906,63.20328337699175,15.638591618277133,0.0,0.005301201716065407,0.0,0.0,9500.69840128906,55.121576056815684,11.927106412127614,0.12311896958658827,0.005301201716065407,0.028657615184783936,0.0,9500.69840128906,55.121576056815684,11.927106412127614,1.1341177504509687,0.005301201716065407,0.028657615184783936,0.0,9508.019361605868,55.197199776768684,11.941510243341327,0.0,0.005266852676868439,0.05203619599342346,0.0,0.0,0.0,0.0,0.0,0.0,0.0,0.0,0.0,0.0,0.0,0.0,0.0,21.698313226923347,197334519.0,15.481089511886239,135621095.0,18.099236958660185,197334519.0,10.986336954711373,227347815.0,11.614003730006516,91726720.0,10.987243117764592,92186514.0,0.0,0.0,0.0,0.0,0.0,0.0,0.0,0.0,0.0,0.0,0.0,0.0,10443.084894085303,135316554.0,9969.050464147702,130516327.0,9561.446340527385,135316554.0,9556.91782458978,259528284.0,9557.30115659535,129011957.0,9564.228131556883,129011957.0,1330604.292,609478.624,0.380750102840364,0.5888517768111078,1064549.688,518801.78,0.36636167421005666,0.5825271014044059,1330604.292,609478.624,0.3621237105000764,0.5771109205348415,1711148.62,1110254.62,0.36171140968319554,0.5771297887505872,882954.708,853192.672,0.3617414352828637,0.5771934952713547,868667.752,851353.496,0.361743122080341,0.5771109205348415,28102
stockmarket,query5,8,1,13940.111861363053,13835.355562732555,204257772.0,232157215.0,0.0,0.0,36105.0,13368.856063593179,13271.224149392918,178490342.0,204204429.0,2372.0,0.0,36105.0,13043.043060885742,12938.28112392407,152265999.0,232157215.0,4432.0,0.0,36105.0,13029.096886729973,12938.28112392407,152265999.0,380134271.0,4432.0,0.0,36105.0,13030.84464637097,12938.28112392407,152265999.0,175929842.0,4432.0,0.0,36105.0,13029.028311253525,12938.28112392407,152265999.0,175929842.0,4432.0,0.0,36105.0,13835.355562732555,90.2069175671786,14.549381063319743,0.0,0.0,0.0,0.0,13271.224149392918,84.38110603578389,13.217976562678814,0.0,0.003017626702785492,0.0298139750957489,0.0,12938.28112392407,90.2069175671786,14.549381063319743,0.0,0.005638331174850464,0.0,0.0,12938.28112392407,78.82067624013871,11.86516637634486,0.09446788315059887,0.005638331174850464,0.0298139750957489,0.0,12938.28112392407,78.82067624013871,11.86516637634486,1.8422275241464376,0.005638331174850464,0.0298139750957489,0.0,12938.28112392407,78.82067624013871,11.86516637634486,0.0,0.005638331174850464,0.05570638179779053,0.0,0.0,0.0,0.0,0.0,0.0,0.0,0.0,0.0,0.0,0.0,0.0,0.0,12.928444885648787,66687571.0,9.412251788191497,46621291.0,9.014344449155033,66687571.0,5.436884626031594,71945242.0,6.0563276135362685,25323951.0,5.4311289163306355,25323951.0,0.0,0.0,0.0,0.0,0.0,0.0,0.0,0.0,0.0,0.0,0.0,0.0,13927.183416477405,165469644.0,13359.443811804987,157583138.0,13034.028716436587,165469644.0,13023.660002103941,308189029.0,13024.788318757433,150605891.0,13023.597182337195,150605891.0,928628.86,474679.296,0.36095013030432166,0.5416852781942112,816817.716,446785.572,0.3536856415122747,0.5356857559334485,928628.86,474679.296,0.349105844521895,0.5339169684292747,1520537.084,1069918.504,0.3487203211494819,0.5339084125128076,703719.368,703719.368,0.34879195532482116,0.5339846921145913,703719.368,703719.368,0.348717693913728,0.5338931359013541,36105
stockmarket,query5,8,1/16,13940.111861363053,13835.355562732555,204257772.0,232157215.0,0.0,0.0,36105.0,13368.856063593179,13271.224149392918,178490342.0,204204429.0,2372.0,23.0,36105.0,13043.043060885742,12938.28112392407,152265999.0,232157215.0,4432.0,23.0,36105.0,13029.078846374958,12938.28112392407,152265999.0,341137733.0,4432.0,23.0,36105.0,13030.838079223875,12938.28112392407,152265999.0,175929842.0,4432.0,23.0,36105.0,13034.693032289855,12943.702512444928,152779472.0,176513572.0,4403.0,734.0,36105.0,13835.355562732555,90.2069175671786,14.549381063319743,0.0,0.0,0.0,0.0,13271.224149392918,84.38110603578389,13.217976562678814,0.0,0.003017626702785492,0.0298139750957489,0.0,12938.28112392407,90.2069175671786,14.549381063319743,0.0,0.005638331174850464,0.0,0.0,12938.28112392407,78.82067624013871,11.86516637634486,0.07642752813429367,0.005638331174850464,0.0298139750957489,0.0,12938.28112392407,78.82067624013871,11.86516637634486,1.8356603770516813,0.005638331174850464,0.0298139750957489,0.0,12943.702512444928,79.0293487450108,11.900227785110474,0.0,0.005601437762379646,0.05534187704324722,0.0,0.0,0.0,0.0,0.0,0.0,0.0,0.0,0.0,0.0,0.0,0.0,0.0,12.928444885648787,66687571.0,9.412251788191497,46621291.0,9.014344449155033,66687571.0,5.436884626031594,71945242.0,6.0563276135362685,25323951.0,5.47989836987108,25591985.0,0.0,0.0,0.0,0.0,0.0,0.0,0.0,0.0,0.0,0.0,0.0,0.0,13927.183416477405,165469644.0,13359.443811804987,157583138.0,13034.028716436587,165469644.0,13023.641961748926,269192491.0,13024.781751610339,150605891.0,13029.213133919984,150921587.0,928628.86,474679.296,0.36095013030432166,0.5416852781942112,816817.716,446785.572,0.3536856415122747,0.5356857559334485,928628.86,474679.296,0.349105844521895,0.5339169684292747,1186555.072,785048.796,0.3487203211494819,0.5338982514793764,703719.368,583969.76,0.34879195532482116,0.5339809802488421,597917.564,581708.44,0.34872551742754876,0.5338931359013541,36105
stockmarket,query5,8,1/2,13940.111861363053,13835.355562732555,204257772.0,232157215.0,0.0,0.0,36105.0,13368.856063593179,13271.224149392918,178490342.0,204204429.0,2372.0,0.0,36105.0,13043.043060885742,12938.28112392407,152265999.0,232157215.0,4432.0,0.0,36105.0,13029.096886729973,12938.28112392407,152265999.0,380134271.0,4432.0,0.0,36105.0,13030.84464637097,12938.28112392407,152265999.0,175929842.0,4432.0,0.0,36105.0,13029.028311253525,12938.28112392407,152265999.0,175929842.0,4432.0,0.0,36105.0,13835.355562732555,90.2069175671786,14.549381063319743,0.0,0.0,0.0,0.0,13271.224149392918,84.38110603578389,13.217976562678814,0.0,0.003017626702785492,0.0298139750957489,0.0,12938.28112392407,90.2069175671786,14.549381063319743,0.0,0.005638331174850464,0.0,0.0,12938.28112392407,78.82067624013871,11.86516637634486,0.09446788315059887,0.005638331174850464,0.0298139750957489,0.0,12938.28112392407,78.82067624013871,11.86516637634486,1.8422275241464376,0.005638331174850464,0.0298139750957489,0.0,12938.28112392407,78.82067624013871,11.86516637634486,0.0,0.005638331174850464,0.05570638179779053,0.0,0.0,0.0,0.0,0.0,0.0,0.0,0.0,0.0,0.0,0.0,0.0,0.0,12.928444885648787,66687571.0,9.412251788191497,46621291.0,9.014344449155033,66687571.0,5.436884626031594,71945242.0,6.0563276135362685,25323951.0,5.4311289163306355,25323951.0,0.0,0.0,0.0,0.0,0.0,0.0,0.0,0.0,0.0,0.0,0.0,0.0,13927.183416477405,165469644.0,13359.443811804987,157583138.0,13034.028716436587,165469644.0,13023.660002103941,308189029.0,13024.788318757433,150605891.0,13023.597182337195,150605891.0,928628.86,474679.296,0.36095013030432166,0.5416852781942112,816817.716,446785.572,0.3536856415122747,0.5356857559334485,928628.86,474679.296,0.349105844521895,0.5339169684292747,1520537.084,1069918.504,0.3487203211494819,0.5339084125128076,703719.368,703719.368,0.34879195532482116,0.5339846921145913,703719.368,703719.368,0.348717693913728,0.5338931359013541,36105
stockmarket,query5,8,1/4,13940.111861363053,13835.355562732555,204257772.0,232157215.0,0.0,0.0,36105.0,13368.856063593179,13271.224149392918,178490342.0,204204429.0,2372.0,0.0,36105.0,13043.043060885742,12938.28112392407,152265999.0,232157215.0,4432.0,0.0,36105.0,13029.096886729973,12938.28112392407,152265999.0,380134271.0,4432.0,0.0,36105.0,13030.84464637097,12938.28112392407,152265999.0,175929842.0,4432.0,0.0,36105.0,13029.028311253525,12938.28112392407,152265999.0,175929842.0,4432.0,0.0,36105.0,13835.355562732555,90.2069175671786,14.549381063319743,0.0,0.0,0.0,0.0,13271.224149392918,84.38110603578389,13.217976562678814,0.0,0.003017626702785492,0.0298139750957489,0.0,12938.28112392407,90.2069175671786,14.549381063319743,0.0,0.005638331174850464,0.0,0.0,12938.28112392407,78.82067624013871,11.86516637634486,0.09446788315059887,0.005638331174850464,0.0298139750957489,0.0,12938.28112392407,78.82067624013871,11.86516637634486,1.8422275241464376,0.005638331174850464,0.0298139750957489,0.0,12938.28112392407,78.82067624013871,11.86516637634486,0.0,0.005638331174850464,0.05570638179779053,0.0,0.0,0.0,0.0,0.0,0.0,0.0,0.0,0.0,0.0,0.0,0.0,0.0,12.928444885648787,66687571.0,9.412251788191497,46621291.0,9.014344449155033,66687571.0,5.436884626031594,71945242.0,6.0563276135362685,25323951.0,5.4311289163306355,25323951.0,0.0,0.0,0.0,0.0,0.0,0.0,0.0,0.0,0.0,0.0,0.0,0.0,13927.183416477405,165469644.0,13359.443811804987,157583138.0,13034.028716436587,165469644.0,13023.660002103941,308189029.0,13024.788318757433,150605891.0,13023.597182337195,150605891.0,928628.86,474679.296,0.36095013030432166,0.5416852781942112,816817.716,446785.572,0.3536856415122747,0.5356857559334485,928628.86,474679.296,0.349105844521895,0.5339169684292747,1517139.316,1066520.736,0.3487203211494819,0.5339084125128076,703719.368,700373.672,0.34879195532482116,0.5339846921145913,700373.672,700373.672,0.348717693913728,0.5338931359013541,36105
stockmarket,query5,8,1/8,13940.111861363053,13835.355562732555,204257772.0,232157215.0,0.0,0.0,36105.0,13368.856063593179,13271.224149392918,178490342.0,204204429.0,2372.0,0.0,36105.0,13043.043060885742,12938.28112392407,152265999.0,232157215.0,4432.0,0.0,36105.0,13029.096886729973,12938.28112392407,152265999.0,380134271.0,4432.0,0.0,36105.0,13030.84464637097,12938.28112392407,152265999.0,175929842.0,4432.0,0.0,36105.0,13029.051604522392,12938.292742226273,152401883.0,176074168.0,4425.0,99.0,36105.0,13835.355562732555,90.2069175671786,14.549381063319743,0.0,0.0,0.0,0.0,13271.224149392918,84.38110603578389,13.217976562678814,0.0,0.003017626702785492,0.0298139750957489,0.0,12938.28112392407,90.2069175671786,14.549381063319743,0.0,0.005638331174850464,0.0,0.0,12938.28112392407,78.82067624013871,11.86516637634486,0.09446788315059887,0.005638331174850464,0.0298139750957489,0.0,12938.28112392407,78.82067624013871,11.86516637634486,1.8422275241464376,0.005638331174850464,0.0298139750957489,0.0,12938.292742226273,78.82731778360903,11.870296688750386,0.0,0.005629425868391991,0.055618397891521454,0.0,0.0,0.0,0.0,0.0,0.0,0.0,0.0,0.0,0.0,0.0,0.0,0.0,12.928444885648787,66687571.0,9.412251788191497,46621291.0,9.014344449155033,66687571.0,5.436884626031594,71945242.0,6.0563276135362685,25323951.0,5.454422185197473,25468277.0,0.0,0.0,0.0,0.0,0.0,0.0,0.0,0.0,0.0,0.0,0.0,0.0,13927.183416477405,165469644.0,13359.443811804987,157583138.0,13034.028716436587,165469644.0,13023.660002103941,308189029.0,13024.788318757433,150605891.0,13023.597182337195,150605891.0,928628.86,474679.296,0.36095013030432166,0.5416852781942112,816817.716,446785.572,0.3536856415122747,0.5356857559334485,928628.86,474679.296,0.349105844521895,0.5339169684292747,1451274.176,1025259.896,0.3487203211494819,0.5339084125128076,703719.368,648469.512,0.34879195532482116,0.5339846921145913,647947.02,647405.648,0.348717693913728,0.5338931359013541,36105
yelp,query1,8,1,27.170167293399572,23.880745308473706,11305412.0,5155397.0,0.0,0.0,6874.0,26.522908821702003,23.3631253214553,10908732.0,5155397.0,369.0,0.0,6874.0,18.764923120848835,15.47242244426161,9214580.0,5155397.0,2420.0,0.0,6874.0,17.90736779248767,15.47242244426161,9214580.0,10310794.0,2420.0,0.0,6874.0,17.925826386082917,15.47242244426161,9214580.0,5155397.0,2420.0,0.0,6874.0,17.93076211679727,15.47242244426161,9214580.0,5155397.0,2420.0,0.0,6874.0,23.880745308473706,2.9574636137112975,0.3319583712145686,0.0,0.0,0.0,0.0,23.3631253214553,2.822717683389783,0.3319583712145686,0.0,0.0004694368690252304,0.004638008773326874,0.0,15.47242244426161,2.9574636137112975,0.3319583712145686,0.0,0.0030786916613578796,0.0,0.0,15.47242244426161,2.092885316349566,0.3319583712145686,0.002384960227238499,0.0030786916613578796,0.004638008773326874,0.0,15.47242244426161,2.092885316349566,0.3319583712145686,0.020843553822487593,0.0030786916613578796,0.004638008773326874,0.0,15.47242244426161,2.092885316349566,0.3319583712145686,0.0,0.0030786916613578796,0.030417293310165405,0.0,6.057361926883459,807257.0,5.664229578338563,807257.0,4.607705934904516,807257.0,4.030804002089918,1614514.0,4.039281925652176,807257.0,4.048178164288402,807257.0,0.0,0.0,0.0,0.0,0.0,0.0,0.0,0.0,0.0,0.0,0.0,0.0,0.0,0.0,0.0,0.0,0.0,0.0,0.0,0.0,0.0,0.0,0.0,0.0,21.112805366516113,4348140.0,20.85867924336344,4348140.0,14.157217185944319,4348140.0,13.87656379039775,8696280.0,13.886544460430741,4348140.0,13.882583952508867,4348140.0,20621.588,19349.332,0.0015531332325190307,0.011024672552011908,20621.588,19349.332,0.0015372458826750518,0.011024672552011908,20621.588,19349.332,0.0010372866708785295,0.010241742497496306,41243.176,39313.62,0.000980554699897766,0.010241822421328482,20621.588,20621.588,0.000980554699897766,0.010242770398780701,20621.588,20621.588,0.0009815099537372589,0.010241742497496306,6874
yelp,query1,8,1/16,27.170167293399572,23.880745308473706,11305412.0,5155397.0,0.0,0.0,6874.0,26.522908821702003,23.3631253214553,10908732.0,5155397.0,369.0,30.0,6874.0,18.766839861869812,15.474341729655862,9222497.0,5155397.0,2418.0,30.0,6874.0,17.908723500477187,15.474341729655862,9222497.0,6415774.0,2418.0,30.0,6874.0,17.920418141875416,15.474341729655862,9222497.0,5155397.0,2418.0,30.0,6874.0,17.981257191859186,15.518153977580369,9234695.0,5155397.0,2412.0,30.0,6874.0,23.880745308473706,2.9574636137112975,0.3319583712145686,0.0,0.0,0.0,0.0,23.3631253214553,2.822717683389783,0.3319583712145686,0.0,0.0004694368690252304,0.004638008773326874,0.0,15.474341729655862,2.9574636137112975,0.3319583712145686,0.0,0.00307614728808403,0.0,0.0,15.474341729655862,2.094126175157726,0.3319583712145686,0.0005830683876190675,0.00307614728808403,0.004638008773326874,0.0,15.474341729655862,2.094126175157726,0.3319583712145686,0.012277709785848856,0.00307614728808403,0.004638008773326874,0.0,15.518153977580369,2.0977595886215568,0.3319583712145686,0.0,0.0030685141682624817,0.03031674027442932,0.0,6.057361926883459,807257.0,5.664229578338563,807257.0,4.609622675925493,807257.0,4.033961601919056,1614514.0,4.0424395254813135,807257.0,4.053973887115717,807257.0,0.0,0.0,0.0,0.0,0.0,0.0,0.0,0.0,0.0,0.0,0.0,0.0,0.0,0.0,0.0,0.0,0.0,0.0,0.0,0.0,0.0,0.0,0.0,0.0,21.112805366516113,4348140.0,20.85867924336344,4348140.0,14.157217185944319,4348140.0,13.87476189855813,4801260.0,13.877978616394103,4348140.0,13.927283304743469,4348140.0,20621.588,19349.332,0.0015531332325190307,0.011024672552011908,20621.588,19349.332,0.0015372458826750518,0.011024672552011908,20621.588,19349.332,0.0010372923891991378,0.010241742497496306,24579.692,23118.584,0.0009805604182183743,0.010241798396103955,20621.588,19349.332,0.0009805604182183743,0.010242656187526879,19739.052,19349.332,0.000981570279225707,0.010242484548501669,6874
yelp,query1,8,1/2,27.170167293399572,23.880745308473706,11305412.0,5155397.0,0.0,0.0,6874.0,26.522908821702003,23.3631253214553,10908732.0,5155397.0,369.0,0.0,6874.0,18.764923120848835,15.47242244426161,9214580.0,5155397.0,2420.0,0.0,6874.0,17.90736779248767,15.47242244426161,9214580.0,10310794.0,2420.0,0.0,6874.0,17.925826386082917,15.47242244426161,9214580.0,5155397.0,2420.0,0.0,6874.0,17.93076211679727,15.47242244426161,9214580.0,5155397.0,2420.0,0.0,6874.0,23.880745308473706,2.9574636137112975,0.3319583712145686,0.0,0.0,0.0,0.0,23.3631253214553,2.822717683389783,0.3319583712145686,0.0,0.0004694368690252304,0.004638008773326874,0.0,15.47242244426161,2.9574636137112975,0.3319583712145686,0.0,0.0030786916613578796,0.0,0.0,15.47242244426161,2.092885316349566,0.3319583712145686,0.002384960227238499,0.0030786916613578796,0.004638008773326874,0.0,15.47242244426161,2.092885316349566,0.3319583712145686,0.020843553822487593,0.0030786916613578796,0.004638008773326874,0.0,15.47242244426161,2.092885316349566,0.3319583712145686,0.0,0.0030786916613578796,0.030417293310165405,0.0,6.057361926883459,807257.0,5.664229578338563,807257.0,4.607705934904516,807257.0,4.030804002089918,1614514.0,4.039281925652176,807257.0,4.048178164288402,807257.0,0.0,0.0,0.0,0.0,0.0,0.0,0.0,0.0,0.0,0.0,0.0,0.0,0.0,0.0,0.0,0.0,0.0,0.0,0.0,0.0,0.0,0.0,0.0,0.0,21.112805366516113,4348140.0,20.85867924336344,4348140.0,14.157217185944319,4348140.0,13.87656379039775,8696280.0,13.886544460430741,4348140.0,13.882583952508867,4348140.0,20621.588,19349.332,0.0015531332325190307,0.011024672552011908,20621.588,19349.332,0.0015372458826750518,0.011024672552011908,20621.588,19349.332,0.0010372866708785295,0.010241742497496306,41243.176,39313.62,0.000980554699897766,0.010241822421328482,20621.588,20621.588,0.000980554699897766,0.010242770398780701,20621.588,20621.588,0.0009815099537372589,0.010241742497496306,6874
yelp,query1,8,1/4,27.170167293399572,23.880745308473706,11305412.0,5155397.0,0.0,0.0,6874.0,26.522908821702003,23.3631253214553,10908732.0,5155397.0,369.0,0.0,6874.0,18.764923120848835,15.47242244426161,9214580.0,5155397.0,2420.0,0.0,6874.0,17.90736779248767,15.47242244426161,9214580.0,10310794.0,2420.0,0.0,6874.0,17.925826386082917,15.47242244426161,9214580.0,5155397.0,2420.0,0.0,6874.0,17.93076211679727,15.47242244426161,9214580.0,5155397.0,2420.0,0.0,6874.0,23.880745308473706,2.9574636137112975,0.3319583712145686,0.0,0.0,0.0,0.0,23.3631253214553,2.822717683389783,0.3319583712145686,0.0,0.0004694368690252304,0.004638008773326874,0.0,15.47242244426161,2.9574636137112975,0.3319583712145686,0.0,0.0030786916613578796,0.0,0.0,15.47242244426161,2.092885316349566,0.3319583712145686,0.002384960227238499,0.0030786916613578796,0.004638008773326874,0.0,15.47242244426161,2.092885316349566,0.3319583712145686,0.020843553822487593,0.0030786916613578796,0.004638008773326874,0.0,15.47242244426161,2.092885316349566,0.3319583712145686,0.0,0.0030786916613578796,0.030417293310165405,0.0,6.057361926883459,807257.0,5.664229578338563,807257.0,4.607705934904516,807257.0,4.030804002089918,1614514.0,4.039281925652176,807257.0,4.048178164288402,807257.0,0.0,0.0,0.0,0.0,0.0,0.0,0.0,0.0,0.0,0.0,0.0,0.0,0.0,0.0,0.0,0.0,0.0,0.0,0.0,0.0,0.0,0.0,0.0,0.0,21.112805366516113,4348140.0,20.85867924336344,4348140.0,14.157217185944319,4348140.0,13.87656379039775,8696280.0,13.886544460430741,4348140.0,13.882583952508867,4348140.0,20621.588,19349.332,0.0015531332325190307,0.011024672552011908,20621.588,19349.332,0.0015372458826750518,0.011024672552011908,20621.588,19349.332,0.0010372866708785295,0.010241742497496306,40639.016,39313.62,0.000980554699897766,0.010241822421328482,20621.588,20319.508,0.000980554699897766,0.010242770398780701,20319.508,20319.508,0.0009815099537372589,0.010241742497496306,6874
yelp,query1,8,1/8,27.170167293399572,23.880745308473706,11305412.0,5155397.0,0.0,0.0,6874.0,26.522908821702003,23.3631253214553,10908732.0,5155397.0,369.0,30.0,6874.0,18.764923120848835,15.47242244426161,9214580.0,5155397.0,2420.0,30.0,6874.0,17.90556590064805,15.47242244426161,9214580.0,6415774.0,2420.0,30.0,6874.0,17.91726054204628,15.47242244426161,9214580.0,5155397.0,2420.0,30.0,6874.0,17.93076211679727,15.47242244426161,9214580.0,5155397.0,2420.0,30.0,6874.0,23.880745308473706,2.9574636137112975,0.3319583712145686,0.0,0.0,0.0,0.0,23.3631253214553,2.822717683389783,0.3319583712145686,0.0,0.0004694368690252304,0.004638008773326874,0.0,15.47242244426161,2.9574636137112975,0.3319583712145686,0.0,0.0030786916613578796,0.0,0.0,15.47242244426161,2.092885316349566,0.3319583712145686,0.0005830683876190675,0.0030786916613578796,0.004638008773326874,0.0,15.47242244426161,2.092885316349566,0.3319583712145686,0.012277709785848856,0.0030786916613578796,0.004638008773326874,0.0,15.47242244426161,2.092885316349566,0.3319583712145686,0.0,0.0030786916613578796,0.030417293310165405,0.0,6.057361926883459,807257.0,5.664229578338563,807257.0,4.607705934904516,807257.0,4.030804002089918,1614514.0,4.039281925652176,807257.0,4.048178164288402,807257.0,0.0,0.0,0.0,0.0,0.0,0.0,0.0,0.0,0.0,0.0,0.0,0.0,0.0,0.0,0.0,0.0,0.0,0.0,0.0,0.0,0.0,0.0,0.0,0.0,21.112805366516113,4348140.0,20.85867924336344,4348140.0,14.157217185944319,4348140.0,13.87476189855813,4801260.0,13.877978616394103,4348140.0,13.882583952508867,4348140.0,20621.588,19349.332,0.0015531332325190307,0.011024672552011908,20621.588,19349.332,0.0015372458826750518,0.011024672552011908,20621.588,19349.332,0.0010372866708785295,0.010241742497496306,25424.416,23621.66,0.000980554699897766,0.010241798396103955,20621.588,19989.876,0.000980554699897766,0.010242656187526879,20382.908,19926.476,0.0009815099537372589,0.010241742497496306,6874
yelp,query2,8,1,71.17485734261572,33.8250111117959,284615691.0,311861193.0,0.0,0.0,10158.0,65.43762313108891,30.772756768390536,271924545.0,302018910.0,2693.0,0.0,10158.0,57.59694410208613,20.240320933051407,194169179.0,311861193.0,5327.0,0.0,10158.0,40.10844092928696,20.240320933051407,194169179.0,512754993.0,5327.0,0.0,10158.0,40.782763382885605,20.240320933051407,194169179.0,210736083.0,5327.0,0.0,10158.0,40.001829758286476,20.240320933051407,194169179.0,210736083.0,5327.0,0.0,10158.0,33.8250111117959,22.251035505905747,15.098810724914074,0.0,0.0,0.0,0.0,30.772756768390536,20.207416645251215,14.420175053179264,0.0,0.0034259986132383347,0.03384866565465927,0.0,20.240320933051407,22.251035505905747,15.098810724914074,0.0,0.0067769382148981094,0.0,0.0,20.240320933051407,11.590475636534393,8.097300497815013,0.13971825801658413,0.0067769382148981094,0.03384866565465927,0.0,20.240320933051407,11.590475636534393,8.097300497815013,0.8140407116152346,0.0067769382148981094,0.03384866565465927,0.0,20.240320933051407,11.590475636534393,8.097300497815013,0.0,0.0067769382148981094,0.06695575267076492,0.0,15.340077011846006,63287494.0,11.768066355958581,61624753.0,11.431204127147794,63287494.0,8.526845132262208,114699699.0,8.968887007795274,53074946.0,8.521225026808679,53074946.0,0.0,0.0,0.0,0.0,0.0,0.0,0.0,0.0,0.0,0.0,0.0,0.0,0.0,0.0,0.0,0.0,0.0,0.0,0.0,0.0,0.0,0.0,0.0,0.0,55.83478033076972,248573699.0,53.66955677513033,240394157.0,46.16573997493833,248573699.0,31.581595797024747,398055294.0,31.81387637509033,157661137.0,31.480604731477797,157661137.0,1247444.772,461259.0,0.0025847526509314776,0.027087706128507846,1208075.64,457576.32,0.0023835506569594143,0.026829564708285028,1247444.772,461259.0,0.0021989893689751626,0.022100947314687064,2051019.972,1228208.952,0.0011465080593725551,0.01665666881871945,842944.332,842944.332,0.001222920622676611,0.016785763522982583,842944.332,842944.332,0.001140533298254013,0.016634448313899326,10158
yelp,query2,8,1/16,71.17485734261572,33.8250111117959,284615691.0,311861193.0,0.0,0.0,10158.0,65.43762313108891,30.772756768390536,271924545.0,302018910.0,2693.0,65.0,10158.0,57.63175349961966,20.275132874958217,197313021.0,311861193.0,5325.0,65.0,10158.0,40.24985395357288,20.275132874958217,197313021.0,414969156.0,5325.0,65.0,10158.0,40.95238630939275,20.275132874958217,197313021.0,214047929.0,5325.0,65.0,10158.0,40.22176688723266,20.28563776332885,197414853.0,214177763.0,5324.0,65.0,10158.0,33.8250111117959,22.251035505905747,15.098810724914074,0.0,0.0,0.0,0.0,30.772756768390536,20.207416645251215,14.420175053179264,0.0,0.0034259986132383347,0.03384866565465927,0.0,20.275132874958217,22.251035505905747,15.098810724914074,0.0,0.00677439384162426,0.0,0.0,20.275132874958217,11.6778220301494,8.163326961919665,0.09294902704931514,0.00677439384162426,0.03384866565465927,0.0,20.275132874958217,11.6778220301494,8.163326961919665,0.795481382869184,0.00677439384162426,0.03384866565465927,0.0,20.28563776332885,11.68935671262443,8.173081244342029,0.0,0.006773121654987335,0.06691804528236389,0.0,15.340077011846006,63287494.0,11.768066355958581,61624753.0,11.431204127147794,63287494.0,8.526845132262208,114699699.0,8.968887007795274,53074946.0,8.521225026808679,53074946.0,0.0,0.0,0.0,0.0,0.0,0.0,0.0,0.0,0.0,0.0,0.0,0.0,0.0,0.0,0.0,0.0,0.0,0.0,0.0,0.0,0.0,0.0,0.0,0.0,55.83478033076972,248573699.0,53.66955677513033,240394157.0,46.20054937247187,248573699.0,31.723008821310675,300269457.0,31.983499301597476,160972983.0,31.700541860423982,161102817.0,1247444.772,461259.0,0.0025847526509314776,0.027087706128507846,1208075.64,457576.32,0.0023835506569594143,0.026829564708285028,1247444.772,461259.0,0.0021989893689751626,0.022100947314687064,1620266.044,823576.348,0.0011465080593725551,0.01670040170917489,856191.716,678325.788,0.001222920622676611,0.01682944383677094,821723.3,678325.788,0.001140533298254013,0.01667861941121517,10158
yelp,query2,8,1/2,71.17485734261572,33.8250111117959,284615691.0,311861193.0,0.0,0.0,10158.0,65.43762313108891,30.772756768390536,271924545.0,302018910.0,2693.0,0.0,10158.0,57.59694410208613,20.240320933051407,194169179.0,311861193.0,5327.0,0.0,10158.0,40.10844092928696,20.240320933051407,194169179.0,512754993.0,5327.0,0.0,10158.0,40.782763382885605,20.240320933051407,194169179.0,210736083.0,5327.0,0.0,10158.0,40.001829758286476,20.240320933051407,194169179.0,210736083.0,5327.0,0.0,10158.0,33.8250111117959,22.251035505905747,15.098810724914074,0.0,0.0,0.0,0.0,30.772756768390536,20.207416645251215,14.420175053179264,0.0,0.0034259986132383347,0.03384866565465927,0.0,20.240320933051407,22.251035505905747,15.098810724914074,0.0,0.0067769382148981094,0.0,0.0,20.240320933051407,11.590475636534393,8.097300497815013,0.13971825801658413,0.0067769382148981094,0.03384866565465927,0.0,20.240320933051407,11.590475636534393,8.097300497815013,0.8140407116152346,0.0067769382148981094,0.03384866565465927,0.0,20.240320933051407,11.590475636534393,8.097300497815013,0.0,0.0067769382148981094,0.06695575267076492,0.0,15.340077011846006,63287494.0,11.768066355958581,61624753.0,11.431204127147794,63287494.0,8.526845132262208,114699699.0,8.968887007795274,53074946.0,8.521225026808679,53074946.0,0.0,0.0,0.0,0.0,0.0,0.0,0.0,0.0,0.0,0.0,0.0,0.0,0.0,0.0,0.0,0.0,0.0,0.0,0.0,0.0,0.0,0.0,0.0,0.0,55.83478033076972,248573699.0,53.66955677513033,240394157.0,46.16573997493833,248573699.0,31.581595797024747,398055294.0,31.81387637509033,157661137.0,31.480604731477797,157661137.0,1247444.772,461259.0,0.0025847526509314776,0.027087706128507846,1208075.64,457576.32,0.0023835506569594143,0.026829564708285028,1247444.772,461259.0,0.0021989893689751626,0.022100947314687064,2051019.972,1228208.952,0.0011465080593725551,0.01665666881871945,842944.332,842944.332,0.001222920622676611,0.016785763522982583,842944.332,842944.332,0.001140533298254013,0.016634448313899326,10158
yelp,query2,8,1/4,71.17485734261572,33.8250111117959,284615691.0,311861193.0,0.0,0.0,10158.0,65.43762313108891,30.772756768390536,271924545.0,302018910.0,2693.0,0.0,10158.0,57.59694410208613,20.240320933051407,194169179.0,311861193.0,5327.0,0.0,10158.0,40.10844092928696,20.240320933051407,194169179.0,512754993.0,5327.0,0.0,10158.0,40.782763382885605,20.240320933051407,194169179.0,210736083.0,5327.0,0.0,10158.0,40.001829758286476,20.240320933051407,194169179.0,210736083.0,5327.0,0.0,10158.0,33.8250111117959,22.251035505905747,15.098810724914074,0.0,0.0,0.0,0.0,30.772756768390536,20.207416645251215,14.420175053179264,0.0,0.0034259986132383347,0.03384866565465927,0.0,20.240320933051407,22.251035505905747,15.098810724914074,0.0,0.0067769382148981094,0.0,0.0,20.240320933051407,11.590475636534393,8.097300497815013,0.13971825801658413,0.0067769382148981094,0.03384866565465927,0.0,20.240320933051407,11.590475636534393,8.097300497815013,0.8140407116152346,0.0067769382148981094,0.03384866565465927,0.0,20.240320933051407,11.590475636534393,8.097300497815013,0.0,0.0067769382148981094,0.06695575267076492,0.0,15.340077011846006,63287494.0,11.768066355958581,61624753.0,11.431204127147794,63287494.0,8.526845132262208,114699699.0,8.968887007795274,53074946.0,8.521225026808679,53074946.0,0.0,0.0,0.0,0.0,0.0,0.0,0.0,0.0,0.0,0.0,0.0,0.0,0.0,0.0,0.0,0.0,0.0,0.0,0.0,0.0,0.0,0.0,0.0,0.0,55.83478033076972,248573699.0,53.66955677513033,240394157.0,46.16573997493833,248573699.0,31.581595797024747,398055294.0,31.81387637509033,157661137.0,31.480604731477797,157661137.0,1247444.772,461259.0,0.0025847526509314776,0.027087706128507846,1208075.64,457576.32,0.0023835506569594143,0.026829564708285028,1247444.772,461259.0,0.0021989893689751626,0.022100947314687064,1930005.056,1128908.652,0.0011465080593725551,0.01665666881871945,842944.332,737475.588,0.001222920622676611,0.016785763522982583,737766.436,737766.436,0.001140533298254013,0.016634448313899326,10158
yelp,query2,8,1/8,71.17485734261572,33.8250111117959,284615691.0,311861193.0,0.0,0.0,10158.0,65.43762313108891,30.772756768390536,271924545.0,302018910.0,2693.0,57.0,10158.0,57.63175349961966,20.275132874958217,197313021.0,311861193.0,5325.0,57.0,10158.0,40.252958128642604,20.275132874958217,197313021.0,421679228.0,5325.0,57.0,10158.0,40.95467053446919,20.275132874958217,197313021.0,214047929.0,5325.0,57.0,10158.0,40.18998687528074,20.275132874958217,197313021.0,214047929.0,5325.0,57.0,10158.0,33.8250111117959,22.251035505905747,15.098810724914074,0.0,0.0,0.0,0.0,30.772756768390536,20.207416645251215,14.420175053179264,0.0,0.0034259986132383347,0.03384866565465927,0.0,20.275132874958217,22.251035505905747,15.098810724914074,0.0,0.00677439384162426,0.0,0.0,20.275132874958217,11.6778220301494,8.163326961919665,0.09605320211903463,0.00677439384162426,0.03384866565465927,0.0,20.275132874958217,11.6778220301494,8.163326961919665,0.797765607945621,0.00677439384162426,0.03384866565465927,0.0,20.275132874958217,11.6778220301494,8.163326961919665,0.0,0.00677439384162426,0.0669306144118309,0.0,15.340077011846006,63287494.0,11.768066355958581,61624753.0,11.431204127147794,63287494.0,8.526845132262208,114699699.0,8.968887007795274,53074946.0,8.521225026808679,53074946.0,0.0,0.0,0.0,0.0,0.0,0.0,0.0,0.0,0.0,0.0,0.0,0.0,0.0,0.0,0.0,0.0,0.0,0.0,0.0,0.0,0.0,0.0,0.0,0.0,55.83478033076972,248573699.0,53.66955677513033,240394157.0,46.20054937247187,248573699.0,31.726112996380394,306979529.0,31.985783526673913,160972983.0,31.66876184847206,160972983.0,1247444.772,461259.0,0.0025847526509314776,0.027087706128507846,1208075.64,457576.32,0.0023835506569594143,0.026829564708285028,1247444.772,461259.0,0.0021989893689751626,0.022100947314687064,1676496.272,859278.976,0.0011465080593725551,0.01670040170917489,856191.716,710639.38,0.001222920622676611,0.01682944383677094,848391.388,710639.38,0.001140533298254013,0.01667812862768768,10158
yelp,query3,8,1,17.784891217015684,10.260756210424006,51121402.0,48543489.0,0.0,0.0,5441.0,17.01905905921012,9.900523697957397,48989318.0,46541361.0,321.0,0.0,5441.0,16.067488426342607,8.54168176651001,40534113.0,48543489.0,1314.0,0.0,5441.0,14.407197657730775,8.54168176651001,40534113.0,85682966.0,1314.0,0.0,5441.0,14.612947355024517,8.54168176651001,40534113.0,39141605.0,1314.0,0.0,5441.0,14.398148105479777,8.54168176651001,40534113.0,39141605.0,1314.0,0.0,5441.0,10.260756210424006,5.210563533008099,2.313571473583579,0.0,0.0,0.0,0.0,9.900523697957397,4.919277316890657,2.194814981892705,0.0,0.0004083719104528427,0.00403469055891037,0.0,8.54168176651001,5.210563533008099,2.313571473583579,0.0,0.0016716532409191132,0.0,0.0,8.54168176651001,3.9881870932877064,1.8500917563214898,0.021530697811739625,0.0016716532409191132,0.00403469055891037,0.0,8.54168176651001,3.9881870932877064,1.8500917563214898,0.22728039510548115,0.0016716532409191132,0.00403469055891037,0.0,8.54168176651001,3.9881870932877064,1.8500917563214898,0.0,0.0016716532409191132,0.016515836119651794,0.0,9.797120385803282,34849671.0,9.437724533490837,34849671.0,8.709383915178478,34849671.0,7.45393869517392,62966962.0,7.638828546740115,28117291.0,7.449769982136786,28117291.0,0.0,0.0,0.0,0.0,0.0,0.0,0.0,0.0,0.0,0.0,0.0,0.0,0.0,0.0,0.0,0.0,0.0,0.0,0.0,0.0,0.0,0.0,0.0,0.0,7.987770831212401,13693818.0,7.581334525719285,11691690.0,7.358104511164129,13693818.0,6.953258962556855,22716004.0,6.974118808284402,11024314.0,6.948378123342991,11024314.0,194173.956,79839.596,0.0015022164173424243,0.007835647395998237,186165.444,71858.064,0.0014405601304024458,0.00729577218275517,194173.956,79839.596,0.0013799699079245329,0.007447711510397492,342731.864,213126.056,0.0012563852937016264,0.007127448822344196,156566.42,156566.42,0.0012769065285101534,0.007241114490199832,156566.42,156566.42,0.001255238652229309,0.007117514572292564,5441
yelp,query3,8,1/16,17.784891217015684,10.260756210424006,51121402.0,48543489.0,0.0,0.0,5441.0,17.01905905921012,9.900523697957397,48989318.0,46541361.0,321.0,0.0,5441.0,16.164175990968943,8.638417674228549,42214136.0,48543489.0,1276.0,0.0,5441.0,14.721205144878821,8.638417674228549,42214136.0,87606038.0,1276.0,0.0,5441.0,14.926954842172563,8.638417674228549,42214136.0,41064677.0,1276.0,0.0,5441.0,14.740284236148,8.631451329216361,42540952.0,41458161.0,1273.0,14.0,5441.0,10.260756210424006,5.210563533008099,2.313571473583579,0.0,0.0,0.0,0.0,9.900523697957397,4.919277316890657,2.194814981892705,0.0,0.0004083719104528427,0.00403469055891037,0.0,8.638417674228549,5.210563533008099,2.313571473583579,0.0,0.001623310148715973,0.0,0.0,8.638417674228549,4.111777452751994,1.9438213193789124,0.021530697811739625,0.001623310148715973,0.00403469055891037,0.0,8.638417674228549,4.111777452751994,1.9438213193789124,0.22728039510548115,0.001623310148715973,0.00403469055891037,0.0,8.631451329216361,4.129497891291976,1.9617150202393532,0.0,0.0016194935888051987,0.016000501811504364,0.0,9.797120385803282,34849671.0,9.437724533490837,34849671.0,8.748575726523995,34849671.0,7.638374494891823,64389502.0,7.823264346458018,29539831.0,7.676309789530933,29933315.0,0.0,0.0,0.0,0.0,0.0,0.0,0.0,0.0,0.0,0.0,0.0,0.0,0.0,0.0,0.0,0.0,0.0,0.0,0.0,0.0,0.0,0.0,0.0,0.0,7.987770831212401,13693818.0,7.581334525719285,11691690.0,7.415600264444947,13693818.0,7.082830649986998,23216536.0,7.103690495714545,11524846.0,7.063974446617067,11524846.0,194173.956,79839.596,0.0015022164173424243,0.007835647395998237,186165.444,71858.064,0.0014405601304024458,0.00729577218275517,194173.956,79839.596,0.0013842117208987474,0.00747473405562341,276210.276,162114.66,0.0012845921364816042,0.007166634222797525,164258.708,99851.104,0.0013010653825476766,0.007281127169821409,99421.816,99075.632,0.0012794040106236934,0.007143065983802078,5441
yelp,query3,8,1/2,17.784891217015684,10.260756210424006,51121402.0,48543489.0,0.0,0.0,5441.0,17.01905905921012,9.900523697957397,48989318.0,46541361.0,321.0,0.0,5441.0,16.067488426342607,8.54168176651001,40534113.0,48543489.0,1314.0,0.0,5441.0,14.407197657730775,8.54168176651001,40534113.0,85682966.0,1314.0,0.0,5441.0,14.612947355024517,8.54168176651001,40534113.0,39141605.0,1314.0,0.0,5441.0,14.398148105479777,8.54168176651001,40534113.0,39141605.0,1314.0,0.0,5441.0,10.260756210424006,5.210563533008099,2.313571473583579,0.0,0.0,0.0,0.0,9.900523697957397,4.919277316890657,2.194814981892705,0.0,0.0004083719104528427,0.00403469055891037,0.0,8.54168176651001,5.210563533008099,2.313571473583579,0.0,0.0016716532409191132,0.0,0.0,8.54168176651001,3.9881870932877064,1.8500917563214898,0.021530697811739625,0.0016716532409191132,0.00403469055891037,0.0,8.54168176651001,3.9881870932877064,1.8500917563214898,0.22728039510548115,0.0016716532409191132,0.00403469055891037,0.0,8.54168176651001,3.9881870932877064,1.8500917563214898,0.0,0.0016716532409191132,0.016515836119651794,0.0,9.797120385803282,34849671.0,9.437724533490837,34849671.0,8.709383915178478,34849671.0,7.45393869517392,62966962.0,7.638828546740115,28117291.0,7.449769982136786,28117291.0,0.0,0.0,0.0,0.0,0.0,0.0,0.0,0.0,0.0,0.0,0.0,0.0,0.0,0.0,0.0,0.0,0.0,0.0,0.0,0.0,0.0,0.0,0.0,0.0,7.987770831212401,13693818.0,7.581334525719285,11691690.0,7.358104511164129,13693818.0,6.953258962556855,22716004.0,6.974118808284402,11024314.0,6.948378123342991,11024314.0,194173.956,79839.596,0.0015022164173424243,0.007835647395998237,186165.444,71858.064,0.0014405601304024458,0.00729577218275517,194173.956,79839.596,0.0013799699079245329,0.007447711510397492,342731.864,213126.056,0.0012563852937016264,0.007127448822344196,156566.42,156566.42,0.0012769065285101534,0.007241114490199832,156566.42,156566.42,0.001255238652229309,0.007117514572292564,5441
yelp,query3,8,1/4,17.784891217015684,10.260756210424006,51121402.0,48543489.0,0.0,0.0,5441.0,17.01905905921012,9.900523697957397,48989318.0,46541361.0,321.0,0.0,5441.0,16.067488426342607,8.54168176651001,40534113.0,48543489.0,1314.0,0.0,5441.0,14.407197657730775,8.54168176651001,40534113.0,85682966.0,1314.0,0.0,5441.0,14.612947355024517,8.54168176651001,40534113.0,39141605.0,1314.0,0.0,5441.0,14.398148105479777,8.54168176651001,40534113.0,39141605.0,1314.0,0.0,5441.0,10.260756210424006,5.210563533008099,2.313571473583579,0.0,0.0,0.0,0.0,9.900523697957397,4.919277316890657,2.194814981892705,0.0,0.0004083719104528427,0.00403469055891037,0.0,8.54168176651001,5.210563533008099,2.313571473583579,0.0,0.0016716532409191132,0.0,0.0,8.54168176651001,3.9881870932877064,1.8500917563214898,0.021530697811739625,0.0016716532409191132,0.00403469055891037,0.0,8.54168176651001,3.9881870932877064,1.8500917563214898,0.22728039510548115,0.0016716532409191132,0.00403469055891037,0.0,8.54168176651001,3.9881870932877064,1.8500917563214898,0.0,0.0016716532409191132,0.016515836119651794,0.0,9.797120385803282,34849671.0,9.437724533490837,34849671.0,8.709383915178478,34849671.0,7.45393869517392,62966962.0,7.638828546740115,28117291.0,7.449769982136786,28117291.0,0.0,0.0,0.0,0.0,0.0,0.0,0.0,0.0,0.0,0.0,0.0,0.0,0.0,0.0,0.0,0.0,0.0,0.0,0.0,0.0,0.0,0.0,0.0,0.0,7.987770831212401,13693818.0,7.581334525719285,11691690.0,7.358104511164129,13693818.0,6.953258962556855,22716004.0,6.974118808284402,11024314.0,6.948378123342991,11024314.0,194173.956,79839.596,0.0015022164173424243,0.007835647395998237,186165.444,71858.064,0.0014405601304024458,0.00729577218275517,194173.956,79839.596,0.0013799699079245329,0.007447711510397492,342731.864,213126.056,0.0012563852937016264,0.007127448822344196,156566.42,156566.42,0.0012769065285101534,0.007241114490199832,156566.42,156566.42,0.001255238652229309,0.007117514572292564,5441
yelp,query3,8,1/8,17.784891217015684,10.260756210424006,51121402.0,48543489.0,0.0,0.0,5441.0,17.01905905921012,9.900523697957397,48989318.0,46541361.0,321.0,0.0,5441.0,16.067488426342607,8.54168176651001,40534113.0,48543489.0,1314.0,0.0,5441.0,14.407197657730775,8.54168176651001,40534113.0,85682966.0,1314.0,0.0,5441.0,14.612947355024517,8.54168176651001,40534113.0,39141605.0,1314.0,0.0,5441.0,14.398148105479777,8.54168176651001,40534113.0,39141605.0,1314.0,0.0,5441.0,10.260756210424006,5.210563533008099,2.313571473583579,0.0,0.0,0.0,0.0,9.900523697957397,4.919277316890657,2.194814981892705,0.0,0.0004083719104528427,0.00403469055891037,0.0,8.54168176651001,5.210563533008099,2.313571473583579,0.0,0.0016716532409191132,0.0,0.0,8.54168176651001,3.9881870932877064,1.8500917563214898,0.021530697811739625,0.0016716532409191132,0.00403469055891037,0.0,8.54168176651001,3.9881870932877064,1.8500917563214898,0.22728039510548115,0.0016716532409191132,0.00403469055891037,0.0,8.54168176651001,3.9881870932877064,1.8500917563214898,0.0,0.0016716532409191132,0.016515836119651794,0.0,9.797120385803282,34849671.0,9.437724533490837,34849671.0,8.709383915178478,34849671.0,7.45393869517392,62966962.0,7.638828546740115,28117291.0,7.449769982136786,28117291.0,0.0,0.0,0.0,0.0,0.0,0.0,0.0,0.0,0.0,0.0,0.0,0.0,0.0,0.0,0.0,0.0,0.0,0.0,0.0,0.0,0.0,0.0,0.0,0.0,7.987770831212401,13693818.0,7.581334525719285,11691690.0,7.358104511164129,13693818.0,6.953258962556855,22716004.0,6.974118808284402,11024314.0,6.948378123342991,11024314.0,194173.956,79839.596,0.0015022164173424243,0.007835647395998237,186165.444,71858.064,0.0014405601304024458,0.00729577218275517,194173.956,79839.596,0.0013799699079245329,0.007447711510397492,326280.916,202016.508,0.0012563852937016264,0.007127448822344196,156566.42,142356.984,0.0012769065285101534,0.007241114490199832,142233.828,142233.828,0.001255238652229309,0.007117514572292564,5441
yelp,query4,8,1,61.160415454767644,27.524808845482767,352374583.0,370389039.0,0.0,0.0,10679.0,55.98972012847662,25.336697766557336,311724135.0,332431248.0,2201.0,0.0,10679.0,51.889775642193854,18.248576500453055,247858631.0,370389039.0,4396.0,0.0,10679.0,40.18254976245435,18.248576500453055,247858631.0,595264854.0,4396.0,0.0,10679.0,40.769707832019776,18.248576500453055,247858631.0,262833606.0,4396.0,0.0,10679.0,40.05635156203061,18.248576500453055,247858631.0,262833606.0,4396.0,0.0,10679.0,27.524808845482767,20.509211780503392,13.126394828781486,0.0,0.0,0.0,0.0,25.336697766557336,18.343586791306734,12.278970833867788,0.0,0.0028000827878713608,0.027664653956890106,0.0,18.248576500453055,20.509211780503392,13.126394828781486,0.0,0.005592532455921173,0.0,0.0,18.248576500453055,13.004898668266833,8.742029967717826,0.15378743960382835,0.005592532455921173,0.027664653956890106,0.0,18.248576500453055,13.004898668266833,8.742029967717826,0.7409455091692507,0.005592532455921173,0.027664653956890106,0.0,18.248576500453055,13.004898668266833,8.742029967717826,0.0,0.005592532455921173,0.05525389313697815,0.0,19.85641839634627,92221406.0,16.881635759025812,89946836.0,16.64915634598583,92221406.0,14.2317159578066,176098581.0,14.732608723454177,86151745.0,14.211447649635375,86151745.0,0.0,0.0,0.0,0.0,0.0,0.0,0.0,0.0,0.0,0.0,0.0,0.0,0.0,0.0,0.0,0.0,0.0,0.0,0.0,0.0,0.0,0.0,0.0,0.0,41.30399705842137,278167633.0,39.10808436945081,242484412.0,35.240619296208024,278167633.0,25.950833804647754,419166273.0,26.0370991085656,176681861.0,25.84490391239524,176681861.0,1481556.156,589708.152,0.00240658968500793,0.018311384544894088,1329724.992,462167.272,0.002307909831404686,0.016916675680689507,1481556.156,589708.152,0.0021377299930900335,0.01576257343925535,2381059.416,1433668.676,0.0013231647766484913,0.011736076455309339,1051334.424,1051334.424,0.0013554320577532054,0.011874994868226343,1051334.424,1051334.424,0.0013185719065368176,0.011717473198100918,10679
yelp,query4,8,1/16,61.160415454767644,27.524808845482767,352374583.0,370389039.0,0.0,0.0,10679.0,57.96317273378372,25.70279908552766,344734476.0,367205631.0,2180.0,124.0,10679.0,52.552562021650374,18.911411223001778,307591629.0,370389039.0,4358.0,124.0,10679.0,41.700021787743324,18.545309904031456,274581288.0,452855476.0,4379.0,103.0,10679.0,42.3366739815101,18.545309904031456,274581288.0,290984297.0,4379.0,103.0,10679.0,43.62596603948623,18.911411223001778,307591629.0,325758680.0,4358.0,124.0,10679.0,27.524808845482767,20.509211780503392,13.126394828781486,0.0,0.0,0.0,0.0,25.70279908552766,19.260682894848287,12.969516684301198,0.0,0.002773366868495941,0.027400702238082886,0.0,18.911411223001778,20.509211780503392,13.126394828781486,0.0,0.005544189363718033,0.0,0.0,18.545309904031456,13.74728374928236,9.29930865764618,0.07488391754334416,0.0055709052830934525,0.027664653956890106,0.0,18.545309904031456,13.74728374928236,9.29930865764618,0.7115361113101244,0.0055709052830934525,0.027664653956890106,0.0,18.911411223001778,14.664379852823913,9.989854508079588,0.0,0.005544189363718033,0.05477626621723175,0.0,19.85641839634627,92221406.0,16.881635759025812,89946836.0,16.64915634598583,92221406.0,14.2317159578066,176098581.0,14.732608723454177,86151745.0,14.211447649635375,86151745.0,0.0,0.0,0.0,0.0,0.0,0.0,0.0,0.0,0.0,0.0,0.0,0.0,0.0,0.0,0.0,0.0,0.0,0.0,0.0,0.0,0.0,0.0,0.0,0.0,41.30399705842137,278167633.0,41.08153697475791,277258795.0,35.903405675664544,278167633.0,27.46830582993672,276756895.0,27.604065258055925,204832552.0,29.414518389850855,239606935.0,1481556.156,589708.152,0.00240658968500793,0.018311384544894088,1468822.524,584660.392,0.0023106155935674905,0.018187769710645067,1481556.156,589708.152,0.0021377299930900335,0.016082760146260252,1796788.428,859387.204,0.0013251498430218174,0.01219553443928759,1163937.188,744550.02,0.0013593392260372638,0.012338119435869151,1289424.792,864828.248,0.0013323837630450726,0.01346838227957486,10679
yelp,query4,8,1/2,61.160415454767644,27.524808845482767,352374583.0,370389039.0,0.0,0.0,10679.0,55.98972012847662,25.336697766557336,311724135.0,332431248.0,2201.0,0.0,10679.0,51.889775642193854,18.248576500453055,247858631.0,370389039.0,4396.0,0.0,10679.0,40.18254976245435,18.248576500453055,247858631.0,595264854.0,4396.0,0.0,10679.0,40.769707832019776,18.248576500453055,247858631.0,262833606.0,4396.0,0.0,10679.0,40.05635156203061,18.248576500453055,247858631.0,262833606.0,4396.0,0.0,10679.0,27.524808845482767,20.509211780503392,13.126394828781486,0.0,0.0,0.0,0.0,25.336697766557336,18.343586791306734,12.278970833867788,0.0,0.0028000827878713608,0.027664653956890106,0.0,18.248576500453055,20.509211780503392,13.126394828781486,0.0,0.005592532455921173,0.0,0.0,18.248576500453055,13.004898668266833,8.742029967717826,0.15378743960382835,0.005592532455921173,0.027664653956890106,0.0,18.248576500453055,13.004898668266833,8.742029967717826,0.7409455091692507,0.005592532455921173,0.027664653956890106,0.0,18.248576500453055,13.004898668266833,8.742029967717826,0.0,0.005592532455921173,0.05525389313697815,0.0,19.85641839634627,92221406.0,16.881635759025812,89946836.0,16.64915634598583,92221406.0,14.2317159578066,176098581.0,14.732608723454177,86151745.0,14.211447649635375,86151745.0,0.0,0.0,0.0,0.0,0.0,0.0,0.0,0.0,0.0,0.0,0.0,0.0,0.0,0.0,0.0,0.0,0.0,0.0,0.0,0.0,0.0,0.0,0.0,0.0,41.30399705842137,278167633.0,39.10808436945081,242484412.0,35.240619296208024,278167633.0,25.950833804647754,419166273.0,26.0370991085656,176681861.0,25.84490391239524,176681861.0,1481556.156,589708.152,0.00240658968500793,0.018311384544894088,1329724.992,462167.272,0.002307909831404686,0.016916675680689507,1481556.156,589708.152,0.0021377299930900335,0.01576257343925535,2381059.416,1433668.676,0.0013231647766484913,0.011736076455309339,1051334.424,1051334.424,0.0013554320577532054,0.011874994868226343,1051334.424,1051334.424,0.0013185719065368176,0.011717473198100918,10679
yelp,query4,8,1/4,61.160415454767644,27.524808845482767,352374583.0,370389039.0,0.0,0.0,10679.0,55.98972012847662,25.336697766557336,311724135.0,332431248.0,2201.0,0.0,10679.0,51.889775642193854,18.248576500453055,247858631.0,370389039.0,4396.0,0.0,10679.0,40.18254976245435,18.248576500453055,247858631.0,595264854.0,4396.0,0.0,10679.0,40.769707832019776,18.248576500453055,247858631.0,262833606.0,4396.0,0.0,10679.0,40.05635156203061,18.248576500453055,247858631.0,262833606.0,4396.0,0.0,10679.0,27.524808845482767,20.509211780503392,13.126394828781486,0.0,0.0,0.0,0.0,25.336697766557336,18.343586791306734,12.278970833867788,0.0,0.0028000827878713608,0.027664653956890106,0.0,18.248576500453055,20.509211780503392,13.126394828781486,0.0,0.005592532455921173,0.0,0.0,18.248576500453055,13.004898668266833,8.742029967717826,0.15378743960382835,0.005592532455921173,0.027664653956890106,0.0,18.248576500453055,13.004898668266833,8.742029967717826,0.7409455091692507,0.005592532455921173,0.027664653956890106,0.0,18.248576500453055,13.004898668266833,8.742029967717826,0.0,0.005592532455921173,0.05525389313697815,0.0,19.85641839634627,92221406.0,16.881635759025812,89946836.0,16.64915634598583,92221406.0,14.2317159578066,176098581.0,14.732608723454177,86151745.0,14.211447649635375,86151745.0,0.0,0.0,0.0,0.0,0.0,0.0,0.0,0.0,0.0,0.0,0.0,0.0,0.0,0.0,0.0,0.0,0.0,0.0,0.0,0.0,0.0,0.0,0.0,0.0,41.30399705842137,278167633.0,39.10808436945081,242484412.0,35.240619296208024,278167633.0,25.950833804647754,419166273.0,26.0370991085656,176681861.0,25.84490391239524,176681861.0,1481556.156,589708.152,0.00240658968500793,0.018311384544894088,1329724.992,462167.272,0.002307909831404686,0.016916675680689507,1481556.156,589708.152,0.0021377299930900335,0.01576257343925535,2304309.136,1360801.064,0.0013231647766484913,0.011736076455309339,1051334.424,979617.664,0.0013554320577532054,0.011874994868226343,979617.664,979617.664,0.0013185719065368176,0.011717473198100918,10679
yelp,query4,8,1/8,61.160415454767644,27.524808845482767,352374583.0,370389039.0,0.0,0.0,10679.0,55.98972012847662,25.336697766557336,311724135.0,332431248.0,2201.0,0.0,10679.0,52.05919159390032,18.418008990585804,258981944.0,370389039.0,4383.0,0.0,10679.0,40.912973742846866,18.418008990585804,258981944.0,606986149.0,4383.0,0.0,10679.0,41.50013181241229,18.418008990585804,258981944.0,274554901.0,4383.0,0.0,10679.0,40.75633881427348,18.391125993803144,258968908.0,274554901.0,4387.0,0.0,10679.0,27.524808845482767,20.509211780503392,13.126394828781486,0.0,0.0,0.0,0.0,25.336697766557336,18.343586791306734,12.278970833867788,0.0,0.0028000827878713608,0.027664653956890106,0.0,18.418008990585804,20.509211780503392,13.126394828781486,0.0,0.005575994029641151,0.0,0.0,18.418008990585804,13.32656650710851,8.981370157562196,0.15378743960382835,0.005575994029641151,0.027664653956890106,0.0,18.418008990585804,13.32656650710851,8.981370157562196,0.7409455091692507,0.005575994029641151,0.027664653956890106,0.0,18.391125993803144,13.323120809160173,8.981370157562196,0.0,0.00558108277618885,0.055140770971775055,0.0,19.85641839634627,92221406.0,16.881635759025812,89946836.0,16.650881349109113,92221406.0,14.234705637381566,176098581.0,14.735598403029144,86151745.0,14.211447649635375,86151745.0,0.0,0.0,0.0,0.0,0.0,0.0,0.0,0.0,0.0,0.0,0.0,0.0,0.0,0.0,0.0,0.0,0.0,0.0,0.0,0.0,0.0,0.0,0.0,0.0,41.30399705842137,278167633.0,39.10808436945081,242484412.0,35.40831024479121,278167633.0,26.678268105465303,430887568.0,26.764533409383148,188403156.0,26.544891164638102,188403156.0,1481556.156,589708.152,0.00240658968500793,0.018311384544894088,1329724.992,462167.272,0.002307909831404686,0.016916675680689507,1481556.156,589708.152,0.0021385646164417266,0.015793462472409002,2043897.204,1136926.5,0.0013251821729536725,0.011991280431493435,1098219.604,741285.128,0.0013593715559691191,0.012129954324848945,740625.06,740625.06,0.0013232687842100858,0.011970915573835367,10679
yelp,query5,8,1,40.997813063673675,21.73200013395399,165919422.0,167397437.0,0.0,0.0,9486.0,37.475849783048034,19.666985150426626,157412231.0,162744092.0,2098.0,0.0,9486.0,35.00264685694128,15.732429617084563,134471463.0,167397437.0,3462.0,0.0,9486.0,29.365100132110065,15.732429617084563,134471463.0,300836616.0,3462.0,0.0,9486.0,29.971939106006175,15.732429617084563,134471463.0,138092524.0,3462.0,0.0,9486.0,29.30695668514818,15.732429617084563,134471463.0,138092524.0,3462.0,0.0,9486.0,21.73200013395399,12.264819453470409,7.000993476249278,0.0,0.0,0.0,0.0,19.666985150426626,11.020180492661893,6.759645058773458,0.0,0.002669047564268112,0.026370033621788025,0.0,15.732429617084563,12.264819453470409,7.000993476249278,0.0,0.0044043101370334625,0.0,0.0,15.732429617084563,8.410007882863283,5.11660054884851,0.0752877395548865,0.0044043101370334625,0.026370033621788025,0.0,15.732429617084563,8.410007882863283,5.11660054884851,0.6821267134509981,0.0044043101370334625,0.026370033621788025,0.0,15.732429617084563,8.410007882863283,5.11660054884851,0.0,0.0044043101370334625,0.043514326214790344,0.0,17.471588463522494,82424369.0,14.668241599574685,79489505.0,14.865109225735068,82424369.0,12.84848513735679,155527603.0,13.363923570141196,76038098.0,12.82538737077266,76038098.0,0.0,0.0,0.0,0.0,0.0,0.0,0.0,0.0,0.0,0.0,0.0,0.0,0.0,0.0,0.0,0.0,0.0,0.0,0.0,0.0,0.0,0.0,0.0,0.0,23.52622460015118,84973068.0,22.80760818347335,83254587.0,20.137537631206214,84973068.0,16.516614994753276,145309013.0,16.60801553586498,62054426.0,16.48156931437552,62054426.0,669589.748,291025.364,0.0026259466372430323,0.014157691107876595,650976.368,275159.32,0.0024645106308162214,0.013954058686085043,669589.748,291025.364,0.0024079989120364188,0.012577730113640424,1203346.464,759809.024,0.0019440224313996076,0.011303853726285904,552370.096,552370.096,0.0020342672923579813,0.011433994366880501,552370.096,552370.096,0.0019389763101935386,0.011293174159713084,9486
yelp,query5,8,1/16,40.997813063673675,21.73200013395399,165919422.0,167397437.0,0.0,0.0,9486.0,37.475849783048034,19.666985150426626,157412231.0,162744092.0,2098.0,28.0,9486.0,35.020115547813475,15.749899580143392,136043384.0,167397437.0,3461.0,28.0,9486.0,29.440143855901148,15.749899580143392,136043384.0,261846843.0,3461.0,28.0,9486.0,30.057791321072727,15.749899580143392,136043384.0,139748447.0,3461.0,28.0,9486.0,29.400791118852794,15.749899580143392,136043384.0,139748447.0,3461.0,28.0,9486.0,21.73200013395399,12.264819453470409,7.000993476249278,0.0,0.0,0.0,0.0,19.666985150426626,11.020180492661893,6.759645058773458,0.0,0.002669047564268112,0.026370033621788025,0.0,15.749899580143392,12.264819453470409,7.000993476249278,0.0,0.004403037950396538,0.0,0.0,15.749899580143392,8.453676520846784,5.149310222826898,0.056484460511890024,0.004403037950396538,0.026370033621788025,0.0,15.749899580143392,8.453676520846784,5.149310222826898,0.6741319256834686,0.004403037950396538,0.026370033621788025,0.0,15.749899580143392,8.453676520846784,5.149310222826898,0.0,0.004403037950396538,0.043501757085323334,0.0,17.471588463522494,82424369.0,14.668241599574685,79489505.0,14.865109225735068,82424369.0,12.84848513735679,155527603.0,13.363923570141196,76038098.0,12.82538737077266,76038098.0,0.0,0.0,0.0,0.0,0.0,0.0,0.0,0.0,0.0,0.0,0.0,0.0,0.0,0.0,0.0,0.0,0.0,0.0,0.0,0.0,0.0,0.0,0.0,0.0,23.52622460015118,84973068.0,22.80760818347335,83254587.0,20.155006322078407,84973068.0,16.59165871854436,106319240.0,16.69386775093153,63710349.0,16.575403748080134,63710349.0,669589.748,291025.364,0.0026259466372430323,0.014157691107876595,650976.368,275159.32,0.0024645106308162214,0.013954058686085043,669589.748,291025.364,0.0024079989120364188,0.012577730113640424,983815.364,568040.78,0.0019440771484635112,0.011304255887645139,558993.788,468930.224,0.002034322009421885,0.011434950683359051,502670.856,468930.224,0.0019390310272574425,0.011293559419922525,9486
yelp,query5,8,1/2,40.997813063673675,21.73200013395399,165919422.0,167397437.0,0.0,0.0,9486.0,37.475849783048034,19.666985150426626,157412231.0,162744092.0,2098.0,0.0,9486.0,35.00264685694128,15.732429617084563,134471463.0,167397437.0,3462.0,0.0,9486.0,29.365100132110065,15.732429617084563,134471463.0,300836616.0,3462.0,0.0,9486.0,29.971939106006175,15.732429617084563,134471463.0,138092524.0,3462.0,0.0,9486.0,29.30695668514818,15.732429617084563,134471463.0,138092524.0,3462.0,0.0,9486.0,21.73200013395399,12.264819453470409,7.000993476249278,0.0,0.0,0.0,0.0,19.666985150426626,11.020180492661893,6.759645058773458,0.0,0.002669047564268112,0.026370033621788025,0.0,15.732429617084563,12.264819453470409,7.000993476249278,0.0,0.0044043101370334625,0.0,0.0,15.732429617084563,8.410007882863283,5.11660054884851,0.0752877395548865,0.0044043101370334625,0.026370033621788025,0.0,15.732429617084563,8.410007882863283,5.11660054884851,0.6821267134509981,0.0044043101370334625,0.026370033621788025,0.0,15.732429617084563,8.410007882863283,5.11660054884851,0.0,0.0044043101370334625,0.043514326214790344,0.0,17.471588463522494,82424369.0,14.668241599574685,79489505.0,14.865109225735068,82424369.0,12.84848513735679,155527603.0,13.363923570141196,76038098.0,12.82538737077266,76038098.0,0.0,0.0,0.0,0.0,0.0,0.0,0.0,0.0,0.0,0.0,0.0,0.0,0.0,0.0,0.0,0.0,0.0,0.0,0.0,0.0,0.0,0.0,0.0,0.0,23.52622460015118,84973068.0,22.80760818347335,83254587.0,20.137537631206214,84973068.0,16.516614994753276,145309013.0,16.60801553586498,62054426.0,16.48156931437552,62054426.0,669589.748,291025.364,0.0026259466372430323,0.014157691107876595,650976.368,275159.32,0.0024645106308162214,0.013954058686085043,669589.748,291025.364,0.0024079989120364188,0.012577730113640424,1203346.464,759809.024,0.0019440224313996076,0.011303853726285904,552370.096,552370.096,0.0020342672923579813,0.011433994366880501,552370.096,552370.096,0.0019389763101935386,0.011293174159713084,9486
yelp,query5,8,1/4,40.997813063673675,21.73200013395399,165919422.0,167397437.0,0.0,0.0,9486.0,37.475849783048034,19.666985150426626,157412231.0,162744092.0,2098.0,0.0,9486.0,35.00264685694128,15.732429617084563,134471463.0,167397437.0,3462.0,0.0,9486.0,29.365100132110065,15.732429617084563,134471463.0,300836616.0,3462.0,0.0,9486.0,29.971939106006175,15.732429617084563,134471463.0,138092524.0,3462.0,0.0,9486.0,29.30695668514818,15.732429617084563,134471463.0,138092524.0,3462.0,0.0,9486.0,21.73200013395399,12.264819453470409,7.000993476249278,0.0,0.0,0.0,0.0,19.666985150426626,11.020180492661893,6.759645058773458,0.0,0.002669047564268112,0.026370033621788025,0.0,15.732429617084563,12.264819453470409,7.000993476249278,0.0,0.0044043101370334625,0.0,0.0,15.732429617084563,8.410007882863283,5.11660054884851,0.0752877395548865,0.0044043101370334625,0.026370033621788025,0.0,15.732429617084563,8.410007882863283,5.11660054884851,0.6821267134509981,0.0044043101370334625,0.026370033621788025,0.0,15.732429617084563,8.410007882863283,5.11660054884851,0.0,0.0044043101370334625,0.043514326214790344,0.0,17.471588463522494,82424369.0,14.668241599574685,79489505.0,14.865109225735068,82424369.0,12.84848513735679,155527603.0,13.363923570141196,76038098.0,12.82538737077266,76038098.0,0.0,0.0,0.0,0.0,0.0,0.0,0.0,0.0,0.0,0.0,0.0,0.0,0.0,0.0,0.0,0.0,0.0,0.0,0.0,0.0,0.0,0.0,0.0,0.0,23.52622460015118,84973068.0,22.80760818347335,83254587.0,20.137537631206214,84973068.0,16.516614994753276,145309013.0,16.60801553586498,62054426.0,16.48156931437552,62054426.0,669589.748,291025.364,0.0026259466372430323,0.014157691107876595,650976.368,275159.32,0.0024645106308162214,0.013954058686085043,669589.748,291025.364,0.0024079989120364188,0.012577730113640424,1191485.392,753586.524,0.0019440224313996076,0.011303853726285904,552370.096,544332.42,0.0020342672923579813,0.011433994366880501,544332.42,544332.42,0.0019389763101935386,0.011293174159713084,9486
yelp,query5,8,1/8,40.997813063673675,21.73200013395399,165919422.0,167397437.0,0.0,0.0,9486.0,37.475849783048034,19.666985150426626,157412231.0,162744092.0,2098.0,21.0,9486.0,35.020115547813475,15.749899580143392,136043384.0,167397437.0,3461.0,21.0,9486.0,29.442860009087152,15.749899580143392,136043384.0,267718156.0,3461.0,21.0,9486.0,30.05979001801461,15.749899580143392,136043384.0,139748447.0,3461.0,21.0,9486.0,29.400791118852794,15.749899580143392,136043384.0,139748447.0,3461.0,21.0,9486.0,21.73200013395399,12.264819453470409,7.000993476249278,0.0,0.0,0.0,0.0,19.666985150426626,11.020180492661893,6.759645058773458,0.0,0.002669047564268112,0.026370033621788025,0.0,15.749899580143392,12.264819453470409,7.000993476249278,0.0,0.004403037950396538,0.0,0.0,15.749899580143392,8.453676520846784,5.149310222826898,0.05920061369789458,0.004403037950396538,0.026370033621788025,0.0,15.749899580143392,8.453676520846784,5.149310222826898,0.676130622625351,0.004403037950396538,0.026370033621788025,0.0,15.749899580143392,8.453676520846784,5.149310222826898,0.0,0.004403037950396538,0.043501757085323334,0.0,17.471588463522494,82424369.0,14.668241599574685,79489505.0,14.865109225735068,82424369.0,12.84848513735679,155527603.0,13.363923570141196,76038098.0,12.82538737077266,76038098.0,0.0,0.0,0.0,0.0,0.0,0.0,0.0,0.0,0.0,0.0,0.0,0.0,0.0,0.0,0.0,0.0,0.0,0.0,0.0,0.0,0.0,0.0,0.0,0.0,23.52622460015118,84973068.0,22.80760818347335,83254587.0,20.155006322078407,84973068.0,16.594374871730366,112190553.0,16.695866447873414,63710349.0,16.575403748080134,63710349.0,669589.748,291025.364,0.0026259466372430323,0.014157691107876595,650976.368,275159.32,0.0024645106308162214,0.013954058686085043,669589.748,291025.364,0.0024079989120364188,0.012577730113640424,1055280.724,619606.696,0.0019440771484635112,0.011304255887645139,558993.788,511229.464,0.002034322009421885,0.011434950683359051,546663.48,511229.464,0.0019390310272574425,0.011293559419922525,9486
yelp,query6,8,1,47.170332327485085,40.258050634525716,42818480.0,41834219.0,0.0,0.0,6170.0,41.96305746305734,35.616360309533775,40566894.0,40009211.0,496.0,0.0,6170.0,37.26681350544095,30.352110841311514,37871704.0,41834219.0,1903.0,0.0,6170.0,35.80423547237189,30.352110841311514,37871704.0,78568708.0,1903.0,0.0,6170.0,35.87395483395085,30.352110841311514,37871704.0,38559497.0,1903.0,0.0,6170.0,35.80341140553355,30.352110841311514,37871704.0,38559497.0,1903.0,0.0,6170.0,40.258050634525716,5.162752354517579,1.7495293384417892,0.0,0.0,0.0,0.0,35.616360309533775,4.707983701489866,1.6318481592461467,0.0,0.0006310045719146729,0.006234288215637207,0.0,30.352110841311514,5.162752354517579,1.7495293384417892,0.0,0.002420971170067787,0.0,0.0,30.352110841311514,3.8792865378782153,1.5456740017980337,0.01850883199842671,0.002420971170067787,0.006234288215637207,0.0,30.352110841311514,3.8792865378782153,1.5456740017980337,0.08822819357737899,0.002420971170067787,0.006234288215637207,0.0,30.352110841311514,3.8792865378782153,1.5456740017980337,0.0,0.002420971170067787,0.023919053375720978,0.0,4.024490872398019,4926772.0,3.976578419096768,4926772.0,3.1059542102739215,4926772.0,2.5684846593429196,9853544.0,2.593330637086183,4926772.0,2.578799732029438,4926772.0,0.0,0.0,0.0,0.0,0.0,0.0,0.0,0.0,0.0,0.0,0.0,0.0,0.0,0.0,0.0,0.0,0.0,0.0,0.0,0.0,0.0,0.0,0.0,0.0,43.145841455087066,36907447.0,37.98647904396057,35082439.0,34.16085929516703,36907447.0,33.23575081302897,68715164.0,33.280624196864665,33632725.0,33.224611673504114,33632725.0,167336.876,135348.352,0.007595755958929658,0.014547505987621839,160036.844,131885.668,0.0065794146526604895,0.014229610536433753,167336.876,135348.352,0.004084354599937797,0.014149060325324533,314274.832,279347.156,0.003940734035607373,0.013744547333430538,154237.988,154237.988,0.003967085407115519,0.013774841942917553,154237.988,154237.988,0.003938390206545591,0.013740064616128799,6170
yelp,query6,8,1/16,47.170332327485085,40.258050634525716,42818480.0,41834219.0,0.0,0.0,6170.0,41.96305746305734,35.616360309533775,40566894.0,40009211.0,496.0,14.0,6170.0,37.26681350544095,30.352110841311514,37871704.0,41834219.0,1903.0,14.0,6170.0,35.79671244279034,30.352110841311514,37871704.0,62306716.0,1903.0,14.0,6170.0,35.86995744006708,30.352110841311514,37871704.0,38559497.0,1903.0,14.0,6170.0,36.1003787741065,30.468821306712925,38930302.0,39813392.0,1887.0,26.0,6170.0,40.258050634525716,5.162752354517579,1.7495293384417892,0.0,0.0,0.0,0.0,35.616360309533775,4.707983701489866,1.6318481592461467,0.0,0.0006310045719146729,0.006234288215637207,0.0,30.352110841311514,5.162752354517579,1.7495293384417892,0.0,0.002420971170067787,0.0,0.0,30.352110841311514,3.8792865378782153,1.5456740017980337,0.010985802416869623,0.002420971170067787,0.006234288215637207,0.0,30.352110841311514,3.8792865378782153,1.5456740017980337,0.08423079969361424,0.002420971170067787,0.006234288215637207,0.0,30.468821306712925,3.9835704872384667,1.6218684166669846,0.0,0.0024006161838769913,0.02371794730424881,0.0,4.024490872398019,4926772.0,3.976578419096768,4926772.0,3.1059542102739215,4926772.0,2.5684846593429196,9853544.0,2.593330637086183,4926772.0,2.588197593577206,4926772.0,0.0,0.0,0.0,0.0,0.0,0.0,0.0,0.0,0.0,0.0,0.0,0.0,0.0,0.0,0.0,0.0,0.0,0.0,0.0,0.0,0.0,0.0,0.0,0.0,43.145841455087066,36907447.0,37.98647904396057,35082439.0,34.16085929516703,36907447.0,33.228227783447416,52453172.0,33.2766268029809,33632725.0,33.512181180529296,34886620.0,167336.876,135348.352,0.007595755958929658,0.014547505987621839,160036.844,131885.668,0.0065794146526604895,0.014229610536433753,167336.876,135348.352,0.004084354599937797,0.014149060325324533,229672.124,202884.272,0.003940734035607373,0.013744547333430538,154237.988,138500.776,0.003967085407115519,0.013774841942917553,146062.888,140859.58,0.003973975634202361,0.014049714094027874,6170
yelp,query6,8,1/2,47.170332327485085,40.258050634525716,42818480.0,41834219.0,0.0,0.0,6170.0,41.96305746305734,35.616360309533775,40566894.0,40009211.0,496.0,0.0,6170.0,37.26681350544095,30.352110841311514,37871704.0,41834219.0,1903.0,0.0,6170.0,35.80423547237189,30.352110841311514,37871704.0,78568708.0,1903.0,0.0,6170.0,35.87395483395085,30.352110841311514,37871704.0,38559497.0,1903.0,0.0,6170.0,35.80341140553355,30.352110841311514,37871704.0,38559497.0,1903.0,0.0,6170.0,40.258050634525716,5.162752354517579,1.7495293384417892,0.0,0.0,0.0,0.0,35.616360309533775,4.707983701489866,1.6318481592461467,0.0,0.0006310045719146729,0.006234288215637207,0.0,30.352110841311514,5.162752354517579,1.7495293384417892,0.0,0.002420971170067787,0.0,0.0,30.352110841311514,3.8792865378782153,1.5456740017980337,0.01850883199842671,0.002420971170067787,0.006234288215637207,0.0,30.352110841311514,3.8792865378782153,1.5456740017980337,0.08822819357737899,0.002420971170067787,0.006234288215637207,0.0,30.352110841311514,3.8792865378782153,1.5456740017980337,0.0,0.002420971170067787,0.023919053375720978,0.0,4.024490872398019,4926772.0,3.976578419096768,4926772.0,3.1059542102739215,4926772.0,2.5684846593429196,9853544.0,2.593330637086183,4926772.0,2.578799732029438,4926772.0,0.0,0.0,0.0,0.0,0.0,0.0,0.0,0.0,0.0,0.0,0.0,0.0,0.0,0.0,0.0,0.0,0.0,0.0,0.0,0.0,0.0,0.0,0.0,0.0,43.145841455087066,36907447.0,37.98647904396057,35082439.0,34.16085929516703,36907447.0,33.23575081302897,68715164.0,33.280624196864665,33632725.0,33.224611673504114,33632725.0,167336.876,135348.352,0.007595755958929658,0.014547505987621839,160036.844,131885.668,0.0065794146526604895,0.014229610536433753,167336.876,135348.352,0.004084354599937797,0.014149060325324533,309520.876,277381.096,0.003940734035607373,0.013744547333430538,154237.988,150057.236,0.003967085407115519,0.013774841942917553,150057.236,150057.236,0.003938390206545591,0.013740064616128799,6170
yelp,query6,8,1/4,47.170332327485085,40.258050634525716,42818480.0,41834219.0,0.0,0.0,6170.0,41.96305746305734,35.616360309533775,40566894.0,40009211.0,496.0,9.0,6170.0,37.26681350544095,30.352110841311514,37871704.0,41834219.0,1903.0,9.0,6170.0,35.79734098986175,30.352110841311514,37871704.0,63665401.0,1903.0,9.0,6170.0,35.871385080739856,30.352110841311514,37871704.0,38559497.0,1903.0,9.0,6170.0,35.80341140553355,30.352110841311514,37871704.0,38559497.0,1903.0,9.0,6170.0,40.258050634525716,5.162752354517579,1.7495293384417892,0.0,0.0,0.0,0.0,35.616360309533775,4.707983701489866,1.6318481592461467,0.0,0.0006310045719146729,0.006234288215637207,0.0,30.352110841311514,5.162752354517579,1.7495293384417892,0.0,0.002420971170067787,0.0,0.0,30.352110841311514,3.8792865378782153,1.5456740017980337,0.011614349488287313,0.002420971170067787,0.006234288215637207,0.0,30.352110841311514,3.8792865378782153,1.5456740017980337,0.08565844036638737,0.002420971170067787,0.006234288215637207,0.0,30.352110841311514,3.8792865378782153,1.5456740017980337,0.0,0.002420971170067787,0.023919053375720978,0.0,4.024490872398019,4926772.0,3.976578419096768,4926772.0,3.1059542102739215,4926772.0,2.5684846593429196,9853544.0,2.593330637086183,4926772.0,2.578799732029438,4926772.0,0.0,0.0,0.0,0.0,0.0,0.0,0.0,0.0,0.0,0.0,0.0,0.0,0.0,0.0,0.0,0.0,0.0,0.0,0.0,0.0,0.0,0.0,0.0,0.0,43.145841455087066,36907447.0,37.98647904396057,35082439.0,34.16085929516703,36907447.0,33.22885633051884,53811857.0,33.27805444365367,33632725.0,33.224611673504114,33632725.0,167336.876,135348.352,0.007595755958929658,0.014547505987621839,160036.844,131885.668,0.0065794146526604895,0.014229610536433753,167336.876,135348.352,0.004084354599937797,0.014149060325324533,254661.604,219733.928,0.003940734035607373,0.013744547333430538,154237.988,151438.668,0.003967085407115519,0.013774841942917553,154237.988,151438.668,0.003938390206545591,0.013740064616128799,6170
yelp,query6,8,1/8,47.170332327485085,40.258050634525716,42818480.0,41834219.0,0.0,0.0,6170.0,41.96305746305734,35.616360309533775,40566894.0,40009211.0,496.0,9.0,6170.0,37.26681350544095,30.352110841311514,37871704.0,41834219.0,1903.0,9.0,6170.0,35.79734098986175,30.352110841311514,37871704.0,63665401.0,1903.0,9.0,6170.0,35.871385080739856,30.352110841311514,37871704.0,38559497.0,1903.0,9.0,6170.0,35.80341140553355,30.352110841311514,37871704.0,38559497.0,1903.0,9.0,6170.0,40.258050634525716,5.162752354517579,1.7495293384417892,0.0,0.0,0.0,0.0,35.616360309533775,4.707983701489866,1.6318481592461467,0.0,0.0006310045719146729,0.006234288215637207,0.0,30.352110841311514,5.162752354517579,1.7495293384417892,0.0,0.002420971170067787,0.0,0.0,30.352110841311514,3.8792865378782153,1.5456740017980337,0.011614349488287313,0.002420971170067787,0.006234288215637207,0.0,30.352110841311514,3.8792865378782153,1.5456740017980337,0.08565844036638737,0.002420971170067787,0.006234288215637207,0.0,30.352110841311514,3.8792865378782153,1.5456740017980337,0.0,0.002420971170067787,0.023919053375720978,0.0,4.024490872398019,4926772.0,3.976578419096768,4926772.0,3.1059542102739215,4926772.0,2.5684846593429196,9853544.0,2.593330637086183,4926772.0,2.578799732029438,4926772.0,0.0,0.0,0.0,0.0,0.0,0.0,0.0,0.0,0.0,0.0,0.0,0.0,0.0,0.0,0.0,0.0,0.0,0.0,0.0,0.0,0.0,0.0,0.0,0.0,43.145841455087066,36907447.0,37.98647904396057,35082439.0,34.16085929516703,36907447.0,33.22885633051884,53811857.0,33.27805444365367,33632725.0,33.224611673504114,33632725.0,167336.876,135348.352,0.007595755958929658,0.014547505987621839,160036.844,131885.668,0.0065794146526604895,0.014229610536433753,167336.876,135348.352,0.004084354599937797,0.014149060325324533,250241.72,217728.68,0.003940734035607373,0.013744547333430538,154237.988,148852.416,0.003967085407115519,0.013774841942917553,150676.432,148852.416,0.003938390206545591,0.013740064616128799,6170
yelp,query7,8,1,67.48242112901062,51.11725275684148,126679904.0,119007194.0,0.0,0.0,10483.0,60.17554943729192,44.71134224161506,123336824.0,118683083.0,1289.0,0.0,10483.0,53.803581554442644,37.43435745127499,113488637.0,119007194.0,3188.0,0.0,10483.0,51.035290851319,37.43435745127499,113488637.0,230448439.0,3188.0,0.0,10483.0,51.478061901871115,37.43435745127499,113488637.0,111765356.0,3188.0,0.0,10483.0,51.00425514020026,37.43435745127499,113488637.0,111765356.0,3188.0,0.0,10483.0,51.11725275684148,11.745147308334708,4.620021063834429,0.0,0.0,0.0,0.0,44.71134224161506,10.849410130642354,4.596955608576536,0.0,0.0016398485749959946,0.016201607882976532,0.0,37.43435745127499,11.745147308334708,4.620021063834429,0.0,0.004055730998516083,0.0,0.0,37.43435745127499,9.25973467901349,4.26603689417243,0.05490448797658952,0.004055730998516083,0.016201607882976532,0.0,37.43435745127499,9.25973467901349,4.26603689417243,0.4976755385287106,0.004055730998516083,0.016201607882976532,0.0,37.43435745127499,9.25973467901349,4.26603689417243,0.0,0.004055730998516083,0.04007038474082947,0.0,12.770372339524329,49994067.0,11.809776590205729,49994067.0,10.993761621415615,49994067.0,9.424980352160803,94933112.0,9.702799037098885,44939045.0,9.418305373750627,44939045.0,0.0,0.0,0.0,0.0,0.0,0.0,0.0,0.0,0.0,0.0,0.0,0.0,0.0,0.0,0.0,0.0,0.0,0.0,0.0,0.0,0.0,0.0,0.0,0.0,54.71204878948629,69013127.0,48.36577284708619,68689016.0,42.80981993302703,69013127.0,41.610310499158196,135515327.0,41.77526286477223,66826311.0,41.58594976644963,66826311.0,476028.776,265632.868,0.005429279200732708,0.013828885759785768,474732.332,265563.224,0.00428185023739934,0.013828838858194645,476028.776,265632.868,0.0024314029198139906,0.013670697344280775,921793.756,658000.748,0.002339027694620999,0.013568200829509295,447061.424,447061.424,0.0023842689087614417,0.013667402116395529,447061.424,447061.424,0.002336860628798604,0.01355734010916203,10483
yelp,query7,8,1/16,67.48242112901062,51.11725275684148,126679904.0,119007194.0,0.0,0.0,10483.0,60.17554943729192,44.71134224161506,123336824.0,118683083.0,1289.0,25.0,10483.0,53.803581554442644,37.43435745127499,113488637.0,119007194.0,3188.0,25.0,10483.0,51.02053033803926,37.43435745127499,113488637.0,198541699.0,3188.0,25.0,10483.0,51.47092369850725,37.43435745127499,113488637.0,111765356.0,3188.0,25.0,10483.0,51.00425514020026,37.43435745127499,113488637.0,111765356.0,3188.0,25.0,10483.0,51.11725275684148,11.745147308334708,4.620021063834429,0.0,0.0,0.0,0.0,44.71134224161506,10.849410130642354,4.596955608576536,0.0,0.0016398485749959946,0.016201607882976532,0.0,37.43435745127499,11.745147308334708,4.620021063834429,0.0,0.004055730998516083,0.0,0.0,37.43435745127499,9.25973467901349,4.26603689417243,0.040143974696847974,0.004055730998516083,0.016201607882976532,0.0,37.43435745127499,9.25973467901349,4.26603689417243,0.490537335164845,0.004055730998516083,0.016201607882976532,0.0,37.43435745127499,9.25973467901349,4.26603689417243,0.0,0.004055730998516083,0.04007038474082947,0.0,12.770372339524329,49994067.0,11.809776590205729,49994067.0,10.993761621415615,49994067.0,9.424980352160803,94933112.0,9.702799037098885,44939045.0,9.418305373750627,44939045.0,0.0,0.0,0.0,0.0,0.0,0.0,0.0,0.0,0.0,0.0,0.0,0.0,0.0,0.0,0.0,0.0,0.0,0.0,0.0,0.0,0.0,0.0,0.0,0.0,54.71204878948629,69013127.0,48.36577284708619,68689016.0,42.80981993302703,69013127.0,41.59554998587845,103608587.0,41.768124661408365,66826311.0,41.58594976644963,66826311.0,476028.776,265632.868,0.005429279200732708,0.013828885759785768,474732.332,265563.224,0.00428185023739934,0.013828838858194645,476028.776,265632.868,0.0024314029198139906,0.013670697344280775,762470.476,514679.012,0.002339027694620999,0.013568200829509295,447061.424,406185.516,0.0023842689087614417,0.013667402116395529,418735.264,404387.348,0.002336860628798604,0.01355734010916203,10483
yelp,query7,8,1/2,67.48242112901062,51.11725275684148,126679904.0,119007194.0,0.0,0.0,10483.0,60.17554943729192,44.71134224161506,123336824.0,118683083.0,1289.0,0.0,10483.0,53.803581554442644,37.43435745127499,113488637.0,119007194.0,3188.0,0.0,10483.0,51.035290851319,37.43435745127499,113488637.0,230448439.0,3188.0,0.0,10483.0,51.478061901871115,37.43435745127499,113488637.0,111765356.0,3188.0,0.0,10483.0,51.00425514020026,37.43435745127499,113488637.0,111765356.0,3188.0,0.0,10483.0,51.11725275684148,11.745147308334708,4.620021063834429,0.0,0.0,0.0,0.0,44.71134224161506,10.849410130642354,4.596955608576536,0.0,0.0016398485749959946,0.016201607882976532,0.0,37.43435745127499,11.745147308334708,4.620021063834429,0.0,0.004055730998516083,0.0,0.0,37.43435745127499,9.25973467901349,4.26603689417243,0.05490448797658952,0.004055730998516083,0.016201607882976532,0.0,37.43435745127499,9.25973467901349,4.26603689417243,0.4976755385287106,0.004055730998516083,0.016201607882976532,0.0,37.43435745127499,9.25973467901349,4.26603689417243,0.0,0.004055730998516083,0.04007038474082947,0.0,12.770372339524329,49994067.0,11.809776590205729,49994067.0,10.993761621415615,49994067.0,9.424980352160803,94933112.0,9.702799037098885,44939045.0,9.418305373750627,44939045.0,0.0,0.0,0.0,0.0,0.0,0.0,0.0,0.0,0.0,0.0,0.0,0.0,0.0,0.0,0.0,0.0,0.0,0.0,0.0,0.0,0.0,0.0,0.0,0.0,54.71204878948629,69013127.0,48.36577284708619,68689016.0,42.80981993302703,69013127.0,41.610310499158196,135515327.0,41.77526286477223,66826311.0,41.58594976644963,66826311.0,476028.776,265632.868,0.005429279200732708,0.013828885759785768,474732.332,265563.224,0.00428185023739934,0.013828838858194645,476028.776,265632.868,0.0024314029198139906,0.013670697344280775,921793.756,658000.748,0.002339027694620999,0.013568200829509295,447061.424,447061.424,0.0023842689087614417,0.013667402116395529,447061.424,447061.424,0.002336860628798604,0.01355734010916203,10483
yelp,query7,8,1/4,67.48242112901062,51.11725275684148,126679904.0,119007194.0,0.0,0.0,10483.0,60.17554943729192,44.71134224161506,123336824.0,118683083.0,1289.0,0.0,10483.0,53.803581554442644,37.43435745127499,113488637.0,119007194.0,3188.0,0.0,10483.0,51.035290851319,37.43435745127499,113488637.0,230448439.0,3188.0,0.0,10483.0,51.478061901871115,37.43435745127499,113488637.0,111765356.0,3188.0,0.0,10483.0,51.00425514020026,37.43435745127499,113488637.0,111765356.0,3188.0,0.0,10483.0,51.11725275684148,11.745147308334708,4.620021063834429,0.0,0.0,0.0,0.0,44.71134224161506,10.849410130642354,4.596955608576536,0.0,0.0016398485749959946,0.016201607882976532,0.0,37.43435745127499,11.745147308334708,4.620021063834429,0.0,0.004055730998516083,0.0,0.0,37.43435745127499,9.25973467901349,4.26603689417243,0.05490448797658952,0.004055730998516083,0.016201607882976532,0.0,37.43435745127499,9.25973467901349,4.26603689417243,0.4976755385287106,0.004055730998516083,0.016201607882976532,0.0,37.43435745127499,9.25973467901349,4.26603689417243,0.0,0.004055730998516083,0.04007038474082947,0.0,12.770372339524329,49994067.0,11.809776590205729,49994067.0,10.993761621415615,49994067.0,9.424980352160803,94933112.0,9.702799037098885,44939045.0,9.418305373750627,44939045.0,0.0,0.0,0.0,0.0,0.0,0.0,0.0,0.0,0.0,0.0,0.0,0.0,0.0,0.0,0.0,0.0,0.0,0.0,0.0,0.0,0.0,0.0,0.0,0.0,54.71204878948629,69013127.0,48.36577284708619,68689016.0,42.80981993302703,69013127.0,41.610310499158196,135515327.0,41.77526286477223,66826311.0,41.58594976644963,66826311.0,476028.776,265632.868,0.005429279200732708,0.013828885759785768,474732.332,265563.224,0.00428185023739934,0.013828838858194645,476028.776,265632.868,0.0024314029198139906,0.013670697344280775,901397.928,650448.504,0.002339027694620999,0.013568200829509295,447061.424,431898.236,0.0023842689087614417,0.013667402116395529,431777.588,431777.588,0.002336860628798604,0.01355734010916203,10483
yelp,query7,8,1/8,67.48242112901062,51.11725275684148,126679904.0,119007194.0,0.0,0.0,10483.0,60.17554943729192,44.71134224161506,123336824.0,118683083.0,1289.0,10.0,10483.0,53.803581554442644,37.43435745127499,113488637.0,119007194.0,3188.0,10.0,10483.0,51.02763031519662,37.43435745127499,113488637.0,213889209.0,3188.0,10.0,10483.0,51.47520662052557,37.43435745127499,113488637.0,111765356.0,3188.0,10.0,10483.0,51.00425514020026,37.43435745127499,113488637.0,111765356.0,3188.0,10.0,10483.0,51.11725275684148,11.745147308334708,4.620021063834429,0.0,0.0,0.0,0.0,44.71134224161506,10.849410130642354,4.596955608576536,0.0,0.0016398485749959946,0.016201607882976532,0.0,37.43435745127499,11.745147308334708,4.620021063834429,0.0,0.004055730998516083,0.0,0.0,37.43435745127499,9.25973467901349,4.26603689417243,0.04724395185421241,0.004055730998516083,0.016201607882976532,0.0,37.43435745127499,9.25973467901349,4.26603689417243,0.49482025718316436,0.004055730998516083,0.016201607882976532,0.0,37.43435745127499,9.25973467901349,4.26603689417243,0.0,0.004055730998516083,0.04007038474082947,0.0,12.770372339524329,49994067.0,11.809776590205729,49994067.0,10.993761621415615,49994067.0,9.424980352160803,94933112.0,9.702799037098885,44939045.0,9.418305373750627,44939045.0,0.0,0.0,0.0,0.0,0.0,0.0,0.0,0.0,0.0,0.0,0.0,0.0,0.0,0.0,0.0,0.0,0.0,0.0,0.0,0.0,0.0,0.0,0.0,0.0,54.71204878948629,69013127.0,48.36577284708619,68689016.0,42.80981993302703,69013127.0,41.602649963035816,118956097.0,41.772407583426684,66826311.0,41.58594976644963,66826311.0,476028.776,265632.868,0.005429279200732708,0.013828885759785768,474732.332,265563.224,0.00428185023739934,0.013828838858194645,476028.776,265632.868,0.0024314029198139906,0.013670697344280775,822358.524,581244.172,0.002339027694620999,0.013568200829509295,447061.424,417595.376,0.0023842689087614417,0.013667402116395529,424479.332,417595.376,0.002336860628798604,0.01355734010916203,10483
