dataset,query,N,budget,S0_time,S0_exec,S0_payload,S0_written,S0_hits,S0_bypass,S0_calls,S1_time,S1_exec,S1_payload,S1_written,S1_hits,S1_bypass,S1_calls,SD_time,SD_exec,SD_payload,SD_written,SD_hits,SD_bypass,SD_calls,S2_time,S2_exec,S2_payload,S2_written,S2_hits,S2_bypass,S2_calls,S2c_time,S2c_exec,S2c_payload,S2c_written,S2c_hits,S2c_bypass,S2c_calls,S3_time,S3_exec,S3_payload,S3_written,S3_hits,S3_bypass,S3_calls,S0_t_exec,S0_t_ser,S0_t_spill,S0_t_copy,S0_t_lookup,S0_t_alias,S0_t_regen,S1_t_exec,S1_t_ser,S1_t_spill,S1_t_copy,S1_t_lookup,S1_t_alias,S1_t_regen,SD_t_exec,SD_t_ser,SD_t_spill,SD_t_copy,SD_t_lookup,SD_t_alias,SD_t_regen,S2_t_exec,S2_t_ser,S2_t_spill,S2_t_copy,S2_t_lookup,S2_t_alias,S2_t_regen,S2c_t_exec,S2c_t_ser,S2c_t_spill,S2c_t_copy,S2c_t_lookup,S2c_t_alias,S2c_t_regen,S3_t_exec,S3_t_ser,S3_t_spill,S3_t_copy,S3_t_lookup,S3_t_alias,S3_t_regen,S0_time_mongo,S0_written_mongo,S1_time_mongo,S1_written_mongo,SD_time_mongo,SD_written_mongo,S2_time_mongo,S2_written_mongo,S2c_time_mongo,S2c_written_mongo,S3_time_mongo,S3_written_mongo,S0_time_sqlite,S0_written_sqlite,S1_time_sqlite,S1_written_sqlite,SD_time_sqlite,SD_written_sqlite,S2_time_sqlite,S2_written_sqlite,S2c_time_sqlite,S2c_written_sqlite,S3_time_sqlite,S3_written_sqlite,S0_time_postgres,S0_written_postgres,S1_time_postgres,S1_written_postgres,SD_time_postgres,SD_written_postgres,S2_time_postgres,S2_written_postgres,S2c_time_postgres,S2c_written_postgres,S3_time_postgres,S3_written_postgres,S0_time_duckdb,S0_written_duckdb,S1_time_duckdb,S1_written_duckdb,SD_time_duckdb,SD_written_duckdb,S2_time_duckdb,S2_written_duckdb,S2c_time_duckdb,S2c_written_duckdb,S3_time_duckdb,S3_written_duckdb,S0_peak_foot,S0_peak_foot_seq,S0_p50,S0_p95,S1_peak_foot,S1_peak_foot_seq,S1_p50,S1_p95,SD_peak_foot,SD_peak_foot_seq,SD_p50,SD_p95,S2_peak_foot,S2_peak_foot_seq,S2_p50,S2_p95,S2c_peak_foot,S2c_peak_foot_seq,S2c_p50,S2c_p95,S3_peak_foot,S3_peak_foot_seq,S3_p50,S3_p95,admitted_calls
DEPS_DEV_V1,query1,2,inf,13511.375386411091,2188.440218165284,89939723042.0,103521121207.0,0.0,0.0,3044.0,12065.012534787646,2026.5423216368072,79621058699.0,91659524344.0,153.0,0.0,3044.0,13293.353306805482,1970.4176411346998,73795874067.0,103521121207.0,391.0,0.0,3044.0,11235.943551622706,1970.4176411346998,73795874067.0,176508512741.0,391.0,0.0,3044.0,11194.003674180247,1970.4176411346998,73795874067.0,84848988397.0,391.0,0.0,3044.0,11193.543538998812,1970.4176411346998,73795874067.0,84848988397.0,391.0,0.0,3044.0,2188.440218165284,6652.782425437123,4670.152742808685,0.0,0.0,0.0,0.0,2026.5423216368072,5903.467077139998,4135.001018289477,0.0,0.00019464455544948578,0.0019230768084526062,0.0,1970.4176411346998,6652.782425437123,4670.152742808685,0.0,0.0004974249750375748,0.0,0.0,1970.4176411346998,5426.042182413861,3797.078303495655,42.40300407670622,0.0004974249750375748,0.0019230768084526062,0.0,1970.4176411346998,5426.042182413861,3797.078303495655,0.46312663424760103,0.0004974249750375748,0.0019230768084526062,0.0,1970.4176411346998,5426.042182413861,3797.078303495655,0.0,0.0004974249750375748,0.004914529621601105,0.0,0.0,0.0,0.0,0.0,0.0,0.0,0.0,0.0,0.0,0.0,0.0,0.0,7533.847030656179,63175124886.0,6264.759880834492,52655874911.0,7332.40076541109,63175124886.0,5940.839834869952,102564918898.0,5916.686912501231,49909043987.0,5916.4811669620685,49909043987.0,0.0,0.0,0.0,0.0,0.0,0.0,0.0,0.0,0.0,0.0,0.0,0.0,5977.528355754912,40345996321.0,5800.252653953154,39003649433.0,5960.952541394392,40345996321.0,5295.103716752753,73943593843.0,5277.316761679016,34939944410.0,5277.062372036744,34939944410.0,414084484.828,278189361.004,4.920240990041755,13.906316481114223,366638097.376,237986456.996,4.5618082128237,13.868873141667013,414084484.828,278189361.004,4.871375200958923,13.826817256578336,706034050.964,548755841.016,4.088943054715899,13.774876266636376,339395953.588,339395953.588,4.072961644333321,13.723752358585735,339395953.588,339395953.588,4.07276540208282,13.723469410259693,3044
DEPS_DEV_V1,query1,4,inf,27197.898454779992,4844.223128250567,180000898235.0,206771967966.0,0.0,0.0,6114.0,24536.48353907396,4538.586463441141,161156478601.0,185095955831.0,283.0,0.0,6114.0,26594.043843948748,4240.366746535525,131690462581.0,206771967966.0,1392.0,0.0,6114.0,20340.316084160106,4240.366746535525,131690462581.0,335933259524.0,1392.0,0.0,6114.0,20255.61887512193,4240.366746535525,131690462581.0,150837303693.0,1392.0,0.0,6114.0,20254.70199256786,4240.366746535525,131690462581.0,150837303693.0,1392.0,0.0,6114.0,4844.223128250567,13140.619392386638,9213.055934142787,0.0,0.0,0.0,0.0,4538.586463441141,11769.359284715494,8228.533873824868,0.0,0.00036002881824970245,0.003557063639163971,0.0,4240.366746535525,13140.619392386638,9213.055934142787,0.0,0.0017708837985992432,0.0,0.0,4240.366746535525,9431.996954605216,6582.319024315104,85.62803075682221,0.0017708837985992432,0.003557063639163971,0.0,4240.366746535525,9431.996954605216,6582.319024315104,0.9308217186480761,0.0017708837985992432,0.003557063639163971,0.0,4240.366746535525,9431.996954605216,6582.319024315104,0.0,0.0017708837985992432,0.017496228218078613,0.0,0.0,0.0,0.0,0.0,0.0,0.0,0.0,0.0,0.0,0.0,0.0,0.0,14826.520934210625,126547317578.0,12375.674272478558,106465416148.0,14283.112836658955,126547317578.0,10451.483584813062,196569313320.0,10402.648891546996,90103897172.0,10402.234871779336,90103897172.0,0.0,0.0,0.0,0.0,0.0,0.0,0.0,0.0,0.0,0.0,0.0,0.0,12371.377520569367,80224650388.0,12160.809266595403,78630539683.0,12310.931007289793,80224650388.0,9888.832499347043,139363946204.0,9852.969983574934,60733406521.0,9852.467120788526,60733406521.0,827087871.864,335984890.84,4.671807247714139,14.369694762264283,740383823.324,292940253.228,4.412307294364087,14.337394846535936,827087871.864,335984890.84,4.560577359142248,14.215910819878845,1343733038.096,828556892.392,2.188150219768695,13.637129061966434,603349214.772,603349214.772,2.174357144168112,13.582385687867779,603349214.772,603349214.772,2.174162704373244,13.582109197505233,6114
DEPS_DEV_V1,query1,8,inf,53719.461086899275,8824.582875253633,358158638412.0,411966337150.0,0.0,0.0,12170.0,48066.09992238344,8182.440767610678,317188631829.0,364976739953.0,581.0,0.0,12170.0,52081.959862713935,7187.0764999846,220424059626.0,411966337150.0,4049.0,0.0,12170.0,34211.93804761355,7187.0764999846,220424059626.0,617513075389.0,4049.0,0.0,12170.0,34044.95167394774,7187.0764999846,220424059626.0,252536335436.0,4049.0,0.0,12170.0,34043.13818870159,7187.0764999846,220424059626.0,252536335436.0,4049.0,0.0,12170.0,8824.582875253633,26382.569469582755,18512.308742062887,0.0,0.0,0.0,0.0,8182.440767610678,23466.094269799767,16417.556843168335,0.0,0.0007391404360532761,0.007302664220333099,0.0,7187.0764999846,26382.569469582755,18512.308742062887,0.0,0.005151083692908287,0.0,0.0,7187.0764999846,15825.025028596167,11030.980616631918,168.8434486529502,0.005151083692908287,0.007302664220333099,0.0,7187.0764999846,15825.025028596167,11030.980616631918,1.8570749871432781,0.005151083692908287,0.007302664220333099,0.0,7187.0764999846,15825.025028596167,11030.980616631918,0.0,0.005151083692908287,0.05089240521192551,0.0,0.0,0.0,0.0,0.0,0.0,0.0,0.0,0.0,0.0,0.0,0.0,0.0,29658.18347385968,249591451774.0,24448.288632242708,205959197307.0,28206.702547282213,249591451774.0,17800.64619386374,355815911911.0,17706.19027851941,149856714604.0,17705.37854593899,149856714604.0,0.0,0.0,0.0,0.0,0.0,0.0,0.0,0.0,0.0,0.0,0.0,0.0,24061.277613039594,162374885376.0,23617.81129014073,159017542646.0,23875.25731543172,162374885376.0,16411.291853749804,261697163478.0,16338.76139542833,102679620832.0,16337.759642762598,102679620832.0,1647865348.6,413812637.508,4.558236549388152,14.320517418262828,1459906959.812,342604141.98,4.01831653351523,14.2446612164936,1647865348.6,413812637.508,4.375686450786423,14.016174153100371,2470052301.556,1247394026.376,0.6406661442411198,12.996281821092408,1010145341.744,1010145341.744,0.626294838167727,12.946112550030366,1010145341.744,1010145341.744,0.6261193169243634,12.94583256114162,12170
DEPS_DEV_V1,query2,2,inf,9863.317962518893,1374.20134344697,66898185671.0,77021904233.0,0.0,0.0,2903.0,8815.239628094714,1242.1597630556207,60036657101.0,69060409036.0,173.0,0.0,2903.0,9702.30483045918,1213.1877254119609,55479878824.0,77021904233.0,382.0,0.0,2903.0,8157.2684490988195,1213.1877254119609,55479878824.0,132769623430.0,382.0,0.0,2903.0,8125.756405275548,1213.1877254119609,55479878824.0,63709214394.0,382.0,0.0,2903.0,8125.322745234007,1213.1877254119609,55479878824.0,63709214394.0,382.0,0.0,2903.0,1374.20134344697,5030.078781220131,3459.0378378517926,0.0,0.0,0.0,0.0,1242.1597630556207,4489.293369640596,3083.7841008508112,0.0,0.00022008828818798065,0.002174459397792816,0.0,1213.1877254119609,5030.078781220131,3459.0378378517926,0.0,0.0004859752953052521,0.0,0.0,1213.1877254119609,4096.455861214083,2815.6738712252118,31.948330812870914,0.0004859752953052521,0.002174459397792816,0.0,1213.1877254119609,4096.455861214083,2815.6738712252118,0.4362869895994663,0.0004859752953052521,0.002174459397792816,0.0,1213.1877254119609,4096.455861214083,2815.6738712252118,0.0,0.0004859752953052521,0.00480140745639801,0.0,0.0,0.0,0.0,0.0,0.0,0.0,0.0,0.0,0.0,0.0,0.0,0.0,4371.962756585795,37509767840.0,3618.978943577502,31801153399.0,4231.056130740792,37509767840.0,3520.468999632616,62708239778.0,3505.945209733909,30907086379.0,3505.75762131135,30907086379.0,0.0,0.0,0.0,0.0,0.0,0.0,0.0,0.0,0.0,0.0,0.0,0.0,5491.355205933098,39512136393.0,5196.260684517212,37259255637.0,5471.248699718388,39512136393.0,4636.799449466203,70061383652.0,4619.811195541639,32802128015.0,4619.565123922657,32802128015.0,308087616.932,211547562.936,3.134834324237425,11.576009593809813,276241636.144,184068926.592,2.9965673457416706,11.549394638327927,308087616.932,211547562.936,3.100034615147393,11.551031929952323,531078493.72,420838355.212,2.4747942732658346,11.111743988317489,254836857.576,254836857.576,2.4625137442494744,11.069385470983384,254836857.576,254836857.576,2.4623271742663344,11.069103376727922,2903
DEPS_DEV_V1,query2,4,inf,19589.25212676404,2411.7269635288976,138654823886.0,159093744667.0,0.0,0.0,5491.0,17904.125333949458,2196.523008491611,127353977850.0,146032690435.0,253.0,0.0,5491.0,19225.83327115723,2048.3066296412144,104670991327.0,159093744667.0,1162.0,0.0,5491.0,14556.059534528405,2048.3066296412144,104670991327.0,265457899378.0,1162.0,0.0,5491.0,14489.365022799931,2048.3066296412144,104670991327.0,119425208943.0,1162.0,0.0,5491.0,14488.514153172262,2048.3066296412144,104670991327.0,119425208943.0,1162.0,0.0,5491.0,2411.7269635288976,10184.639866189798,6992.8852970453445,0.0,0.0,0.0,0.0,2196.523008491611,9315.759814591845,6391.839009013027,0.0,0.00032186321914196014,0.003179989755153656,0.0,2048.3066296412144,10184.639866189798,6992.8852970453445,0.0,0.0014782808721065521,0.0,0.0,2048.3066296412144,7374.394283881877,5065.797156039858,67.5568066948301,0.0014782808721065521,0.003179989755153656,0.0,2048.3066296412144,7374.394283881877,5065.797156039858,0.8622949663549662,0.0014782808721065521,0.003179989755153656,0.0,2048.3066296412144,7374.394283881877,5065.797156039858,0.0,0.0014782808721065521,0.014605328440666199,0.0,0.0,0.0,0.0,0.0,0.0,0.0,0.0,0.0,0.0,0.0,0.0,0.0,8842.384912943002,79182767324.0,7522.960459718481,68994250576.0,8554.092257386772,79182767324.0,7011.549159219212,133692493412.0,6979.990628647385,64698242836.0,6979.632791720098,64698242836.0,0.0,0.0,0.0,0.0,0.0,0.0,0.0,0.0,0.0,0.0,0.0,0.0,10746.867213821039,79910977343.0,10381.164874230977,77038439859.0,10671.741013770457,79910977343.0,7544.510375309194,131765405966.0,7509.374394152546,54726966107.0,7508.881361452164,54726966107.0,636374978.668,274298369.976,2.7451939243255183,13.028429761384892,584130761.74,239743196.9,2.710599914463237,12.974846801256666,636374978.668,274298369.976,2.721974383846391,12.942672517386448,1061831597.512,665020306.1,1.5971648805830831,12.077444850436626,477700835.772,477700835.772,1.5847358317095785,12.029875315459815,477700835.772,477700835.772,1.584564543054439,12.02959035838153,5491
DEPS_DEV_V1,query2,8,inf,39503.60550508741,5785.35690407129,269443815286.0,309599060601.0,0.0,0.0,11038.0,36277.30291934707,5348.756746179424,248498765212.0,285305306724.0,548.0,0.0,11038.0,38541.51481708721,4823.262000044575,181583035640.0,309599060601.0,3314.0,0.0,11038.0,26374.674960529483,4823.262000044575,181583035640.0,492279670513.0,3314.0,0.0,11038.0,26244.39154371037,4823.262000044575,181583035640.0,206974363789.0,3314.0,0.0,11038.0,26242.723420127993,4823.262000044575,181583035640.0,206974363789.0,3314.0,0.0,11038.0,5785.35690407129,19985.25425243727,13732.994348578854,0.0,0.0,0.0,0.0,5348.756746179424,18337.193616474746,12591.344971651677,0.0,0.0006971582770347595,0.006887882947921753,0.0,4823.262000044575,19985.25425243727,13732.994348578854,0.0,0.0042160265147686005,0.0,0.0,4823.262000044575,12692.897739905631,8726.517810056219,131.98630661359752,0.0042160265147686005,0.006887882947921753,0.0,4823.262000044575,12692.897739905631,8726.517810056219,1.7028897944837809,0.0042160265147686005,0.006887882947921753,0.0,4823.262000044575,12692.897739905631,8726.517810056219,0.0,0.0042160265147686005,0.04165409505367279,0.0,0.0,0.0,0.0,0.0,0.0,0.0,0.0,0.0,0.0,0.0,0.0,0.0,17567.080490824068,154157533050.0,15036.82921869168,135299934971.0,16801.005684273317,154157533050.0,12708.71938593578,251670995641.0,12646.850376799237,116371060670.0,12646.133210369386,116371060670.0,0.0,0.0,0.0,0.0,0.0,0.0,0.0,0.0,0.0,0.0,0.0,0.0,21936.525014263345,155441527551.0,21240.47370065539,150005371753.0,21740.509132813895,155441527551.0,13665.955574593705,240608674872.0,13597.541166911134,90603303119.0,13596.590209758608,90603303119.0,1238396242.404,326943196.376,2.71118616161868,13.689985881839316,1141221226.896,279544873.34,2.6681383864264934,13.618244555328133,1238396242.404,326943196.376,2.662123179445509,13.460748442068322,1969118682.052,1018420104.892,1.1857003435860107,11.78540858307262,827897455.156,827897455.156,1.172545036681462,11.74065911443829,827897455.156,827897455.156,1.172415749303531,11.740373586303736,11038
GITHUB_REPOS,query1,2,inf,23002.125569314696,4081.972040278837,182787354889.0,205394293889.0,0.0,0.0,2404.0,18443.40331511665,3547.313742896542,140769136133.0,158591922253.0,163.0,0.0,2404.0,22137.486456536688,3217.3325331229717,117095898895.0,205394293889.0,310.0,0.0,2404.0,15839.26003303421,3217.3325331229717,117095898895.0,290712304578.0,310.0,0.0,2404.0,15766.28260683734,3217.3325331229717,117095898895.0,132120382325.0,310.0,0.0,2404.0,15765.894994123839,3217.3325331229717,117095898895.0,132120382325.0,310.0,0.0,2404.0,4081.972040278837,10688.165758529678,8231.98777050618,0.0,0.0,0.0,0.0,3547.313742896542,8411.899579694495,6484.18773639109,0.0,0.00020736642181873322,0.002048768103122711,0.0,3217.3325331229717,10688.165758529678,8231.98777050618,0.0,0.00039437785744667053,0.0,0.0,3217.3325331229717,7084.2494425065815,5464.308727686293,73.36688657240272,0.00039437785744667053,0.002048768103122711,0.0,3217.3325331229717,7084.2494425065815,5464.308727686293,0.3894603755325079,0.00039437785744667053,0.002048768103122711,0.0,3217.3325331229717,7084.2494425065815,5464.308727686293,0.0,0.00039437785744667053,0.0038964301347732544,0.0,0.0,0.0,0.0,0.0,0.0,0.0,0.0,0.0,0.0,0.0,0.0,0.0,22780.746226157993,205068393077.0,18224.823436597362,158272656900.0,21926.249565463513,205068393077.0,15628.253188128652,290088715066.0,15555.235010071658,131816058166.0,15555.035330592655,131816058166.0,0.0,0.0,0.0,0.0,0.0,0.0,0.0,0.0,0.0,0.0,0.0,0.0,221.37934315670282,325900812.0,218.5798785192892,319265353.0,211.23689107317477,325900812.0,211.00684490555633,623589512.0,211.0475967656821,304324159.0,210.8596635311842,304324159.0,821577175.556,572609059.416,10.9443935506586,31.890842235575054,634367689.012,423588401.34,9.661772510688753,31.4383646168081,821577175.556,572609059.416,10.362408297676593,31.417019279751923,1162849218.312,924569723.016,7.521269025643123,29.28770624760023,528481529.3,528481529.3,7.492857307105325,29.172695321291773,528481529.3,528481529.3,7.492635543143376,29.172420291249633,2404
GITHUB_REPOS,query1,4,inf,46139.92440271843,8691.092472706921,349710298312.0,394597304959.0,0.0,0.0,5136.0,36493.91228867695,7479.874776080251,268501332431.0,303270186160.0,405.0,0.0,5136.0,43454.914368073456,6006.081131526269,187972335071.0,394597304959.0,1027.0,0.0,5136.0,26344.196023153294,6006.081131526269,187972335071.0,515413417684.0,1027.0,0.0,5136.0,26204.692389613483,6006.081131526269,187972335071.0,212143231524.0,1027.0,0.0,5136.0,26203.906724926084,6006.081131526269,187972335071.0,212143231524.0,1027.0,0.0,5136.0,8691.092472706921,21133.171210729517,16315.660719281994,0.0,0.0,0.0,0.0,7479.874776080251,16375.131519355811,12638.900387507863,0.0,0.0005152355879545212,0.005090497434139252,0.0,6006.081131526269,21133.171210729517,16315.660719281994,0.0,0.0013065356761217117,0.0,0.0,6006.081131526269,11402.304079478607,8795.50729888957,140.29711622573694,0.0013065356761217117,0.005090497434139252,0.0,6006.081131526269,11402.304079478607,8795.50729888957,0.7934826859273016,0.0013065356761217117,0.005090497434139252,0.0,6006.081131526269,11402.304079478607,8795.50729888957,0.0,0.0013065356761217117,0.012908495962619781,0.0,0.0,0.0,0.0,0.0,0.0,0.0,0.0,0.0,0.0,0.0,0.0,0.0,45656.81973644998,393952852385.0,36020.00606916845,302647541149.0,43009.14362499025,393952852385.0,25899.581095949325,514216933784.0,25759.987182099372,211569392635.0,25759.57789397519,211569392635.0,0.0,0.0,0.0,0.0,0.0,0.0,0.0,0.0,0.0,0.0,0.0,0.0,483.104666268453,644452574.0,473.9062195084989,622645011.0,445.7707430832088,644452574.0,444.6149272039676,1196483900.0,444.70520751411095,573838889.0,444.32883095089346,573838889.0,1578389219.836,758078937.408,8.987717149974777,33.63938191261179,1213080744.64,512069316.44,8.440775394808501,33.18328148949127,1578389219.836,758078937.408,8.178533159844577,32.674516408527076,2061653670.736,1289473596.848,2.2726561079722383,29.909832081635763,848572926.096,848572926.096,2.2515843038121237,29.797580076818253,848572926.096,848572926.096,2.2513765385579316,29.79730001393947,5136
GITHUB_REPOS,query1,8,inf,90113.7651770832,16879.237502902746,708360619185.0,795808542423.0,0.0,0.0,9670.0,74151.41114810947,14900.98684570659,557919787753.0,628800317059.0,618.0,0.0,9670.0,83180.33536490891,9945.804211298004,293599585240.0,795808542423.0,2735.0,0.0,9670.0,41266.62722602826,9945.804211298004,293599585240.0,959453357943.0,2735.0,0.0,9670.0,40977.30563019868,9945.804211298004,293599585240.0,330653040884.0,2735.0,0.0,9670.0,40975.76183430571,9945.804211298004,293599585240.0,330653040884.0,2735.0,0.0,9670.0,16879.237502902746,41374.409725974314,31860.11794820614,0.0,0.0,0.0,0.0,14900.98684570659,33456.33835200034,25794.07739646919,0.0,0.0007862113416194916,0.007767722010612488,0.0,9945.804211298004,41374.409725974314,31860.11794820614,0.0,0.003479430451989174,0.0,0.0,9945.804211298004,17525.6746118702,13504.245155137964,290.89200056963085,0.003479430451989174,0.007767722010612488,0.0,9945.804211298004,17525.6746118702,13504.245155137964,1.570404740050435,0.003479430451989174,0.007767722010612488,0.0,9945.804211298004,17525.6746118702,13504.245155137964,0.0,0.003479430451989174,0.03437656909227371,0.0,0.0,0.0,0.0,0.0,0.0,0.0,0.0,0.0,0.0,0.0,0.0,0.0,89171.84400406294,794514102033.0,73221.88430651836,627535354694.0,82370.16396606248,794514102033.0,40461.14478067409,957136288874.0,40171.641160389874,329600934180.0,40170.85589332599,329600934180.0,0.0,0.0,0.0,0.0,0.0,0.0,0.0,0.0,0.0,0.0,0.0,0.0,941.921173020266,1294440390.0,929.5268415911123,1264962365.0,810.1713988464326,1294440390.0,805.4824453541654,2317069069.0,805.6644698088057,1052106704.0,804.9059409797192,1052106704.0,3183234169.692,918579757.296,8.869759966446086,36.37943025286495,2515201268.236,643047647.22,8.38862387608923,36.24544333523307,3183234169.692,918579757.296,7.934905988195911,34.51436580406706,3837813431.772,1871802817.216,0.2949854528713391,30.33023961129641,1322612163.536,1322612163.536,0.26265363362245264,30.221900684275845,1322612163.536,1322612163.536,0.2624543645530939,30.22161903932392,9670
GITHUB_REPOS,query2,2,inf,2150.3960311738774,773.9528123792261,17836654008.0,19423706211.0,0.0,0.0,3367.0,2106.3349604047835,742.6999692237005,17748225244.0,19319836547.0,41.0,0.0,3367.0,2046.0632693460211,669.6198126524687,17099290670.0,19423706211.0,187.0,0.0,3367.0,1983.3622899026188,669.6198126524687,17099290670.0,37921926441.0,187.0,0.0,3367.0,1974.6562211108394,669.6198126524687,17099290670.0,18602089894.0,187.0,0.0,3367.0,1974.4264928866178,669.6198126524687,17099290670.0,18602089894.0,187.0,0.0,3367.0,773.9528123792261,785.0707895141095,591.3724292805418,0.0,0.0,0.0,0.0,742.6999692237005,777.892640274018,585.7417834131047,0.0,5.215965211391449e-05,0.0005153343081474304,0.0,669.6198126524687,785.0707895141095,591.3724292805418,0.0,0.00023789890110492706,0.0,0.0,669.6198126524687,744.4637063480914,560.3403855599463,8.937632108903307,0.00023789890110492706,0.0005153343081474304,0.0,669.6198126524687,744.4637063480914,560.3403855599463,0.23156331712380052,0.00023789890110492706,0.0005153343081474304,0.0,669.6198126524687,744.4637063480914,560.3403855599463,0.0,0.00023789890110492706,0.002350427210330963,0.0,0.0,0.0,0.0,0.0,0.0,0.0,0.0,0.0,0.0,0.0,0.0,0.0,2058.78747860156,19317536467.0,2015.6529951011762,19224929419.0,1955.7408049562946,19317536467.0,1893.8474251984603,37732677971.0,1885.0379292811267,18507748552.0,1884.9549931017682,18507748552.0,0.0,0.0,0.0,0.0,0.0,0.0,0.0,0.0,0.0,0.0,0.0,0.0,91.60855257231742,106169744.0,90.68196530360729,94907128.0,90.32246438972652,106169744.0,89.51486470415851,189248470.0,89.61829182971269,94341342.0,89.47149978484958,94341342.0,77694824.844,73795438.312,0.2245311813149601,3.142775388839094,77279346.188,73509909.38,0.20830158585123718,3.138449620512871,77694824.844,73795438.312,0.13663901875168086,3.092164587990565,151687705.764,147587632.204,0.10222225618236114,3.022904456223933,74408359.576,74408359.576,0.10199388801213354,3.009211741842607,74408359.576,74408359.576,0.10187426643446088,3.009060755277423,3367
GITHUB_REPOS,query2,4,inf,4517.901626300998,1595.4426098605618,37911106024.0,41280403183.0,0.0,0.0,6914.0,4418.377221602015,1524.349531522952,37738392424.0,41073220181.0,103.0,0.0,6914.0,4162.717798536643,1240.2577834296972,34598810957.0,41280403183.0,785.0,0.0,6914.0,3884.8828144500712,1240.2577834296972,34598810957.0,78694521227.0,785.0,0.0,6914.0,3866.351735929027,1240.2577834296972,34598810957.0,37621301046.0,785.0,0.0,6914.0,3865.890328765847,1240.2577834296972,34598810957.0,37621301046.0,785.0,0.0,6914.0,1595.4426098605618,1666.8328563282266,1255.6261601122096,0.0,0.0,0.0,0.0,1524.349531522952,1650.8782066097483,1243.1480578137562,0.0,0.0001310352236032486,0.0012946203351020813,0.0,1240.2577834296972,1666.8328563282266,1255.6261601122096,0.0,0.0009986665099859238,0.0,0.0,1240.2577834296972,1498.2073267018422,1127.4143532011658,19.00105783052104,0.0009986665099859238,0.0012946203351020813,0.0,1240.2577834296972,1498.2073267018422,1127.4143532011658,0.469979309476912,0.0009986665099859238,0.0012946203351020813,0.0,1240.2577834296972,1498.2073267018422,1127.4143532011658,0.0,0.0009986665099859238,0.009866766631603241,0.0,0.0,0.0,0.0,0.0,0.0,0.0,0.0,0.0,0.0,0.0,0.0,0.0,4329.448787725531,41084746591.0,4232.347672238946,40905655005.0,3983.089520458132,41084746591.0,3707.44972096594,78361123153.0,3688.6997822830454,37455468148.0,3688.5313093820587,37455468148.0,0.0,0.0,0.0,0.0,0.0,0.0,0.0,0.0,0.0,0.0,0.0,0.0,188.45283857546747,195656592.0,186.02954936306924,167565176.0,179.62827807851136,195656592.0,177.43309348413135,333398074.0,177.65195364598185,165832898.0,177.3590193837881,165832898.0,165121612.732,142781068.96,0.1821373274512589,2.8456851549208118,164292880.724,142295889.828,0.15562223339267076,2.8456851549208118,165121612.732,142781068.96,0.06949787698686123,2.7019142099061932,314778084.908,291825591.636,0.023812638422904566,2.065493081935003,150485204.184,150485204.184,0.023640536366030574,2.0573787195658264,150485204.184,150485204.184,0.023541151946410536,2.0572307545712167,6914
GITHUB_REPOS,query2,8,inf,9264.791905807331,3274.7462331401184,77647859856.0,84555604763.0,0.0,0.0,13871.0,9046.518060523085,3119.2923380555585,77253093632.0,84084972859.0,228.0,0.0,13871.0,8141.8344114637,2151.785418389365,57022499620.0,84555604763.0,2610.0,0.0,13871.0,6518.3892466912785,2151.785418389365,57022499620.0,146087839799.0,2610.0,0.0,13871.0,6480.439148222562,2151.785418389365,57022499620.0,62002866940.0,2610.0,0.0,13871.0,6479.520277897827,2151.785418389365,57022499620.0,62002866940.0,2610.0,0.0,13871.0,3274.7462331401184,3416.632610070519,2573.4130625966936,0.0,0.0,0.0,0.0,3119.2923380555585,3381.32852802705,2545.894038620405,0.0,0.00029005855321884155,0.0028657615184783936,0.0,2151.785418389365,3416.632610070519,2573.4130625966936,0.0,0.003320407122373581,0.0,0.0,2151.785418389365,2469.71853907872,1857.980194594711,38.89890845984193,0.003320407122373581,0.0028657615184783936,0.0,2151.785418389365,2469.71853907872,1857.980194594711,0.9488099911250174,0.003320407122373581,0.0028657615184783936,0.0,2151.785418389365,2469.71853907872,1857.980194594711,0.0,0.003320407122373581,0.0328054279088974,0.0,0.0,0.0,0.0,0.0,0.0,0.0,0.0,0.0,0.0,0.0,0.0,0.0,8898.460329949856,84037100965.0,8685.553715640679,83628380887.0,7804.030099166557,84037100965.0,6187.071316350298,145198814461.0,6148.743113774341,61570433574.0,6148.40123063419,61570433574.0,0.0,0.0,0.0,0.0,0.0,0.0,0.0,0.0,0.0,0.0,0.0,0.0,366.3315758574754,518503798.0,360.9643448824063,456591972.0,337.80431229714304,518503798.0,331.31793034098155,889025338.0,331.6960344482213,432433366.0,331.1190472636372,432433366.0,338222419.052,214204621.064,0.18144529624283315,3.0437740562977247,336339891.436,213253211.6,0.11268465187959373,3.043356496847419,338222419.052,214204621.064,0.06687814538739621,2.7113548534207026,584351359.196,458192437.4,0.017791417383916226,0.9845967712351399,248011467.76,248011467.76,0.01772641078568995,0.9833533869082104,248011467.76,248011467.76,0.017631258215755223,0.9832052549120034,13871
GITHUB_REPOS,query3,2,inf,9149.735325477086,7305.743612363003,16258034175.0,18468632127.0,0.0,0.0,2401.0,8507.747538556345,6871.498943001963,14315891290.0,16276281597.0,80.0,0.0,2401.0,8353.604646350257,6509.612629183568,13502532803.0,18468632127.0,239.0,0.0,2401.0,7997.854213552562,6509.612629183568,13502532803.0,31546014422.0,239.0,0.0,2401.0,7990.563560448121,6509.612629183568,13502532803.0,15269732825.0,239.0,0.0,2401.0,7990.326571891084,6509.612629183568,13502532803.0,15269732825.0,239.0,0.0,2401.0,7305.743612363003,1039.515964820981,804.4757482931018,0.0,0.0,0.0,0.0,6871.498943001963,922.8151717754081,713.4323164736852,0.0,0.00010177493095397949,0.0010055303573608398,0.0,6509.612629183568,1039.515964820981,804.4757482931018,0.0,0.00030405260622501373,0.0,0.0,6509.612629183568,835.9845613371581,644.7260732958093,7.5296401530626875,0.00030405260622501373,0.0010055303573608398,0.0,6509.612629183568,835.9845613371581,644.7260732958093,0.23898704862222075,0.00030405260622501373,0.0010055303573608398,0.0,6509.612629183568,835.9845613371581,644.7260732958093,0.0,0.00030405260622501373,0.003004021942615509,0.0,0.0,0.0,0.0,0.0,0.0,0.0,0.0,0.0,0.0,0.0,0.0,0.0,9071.070127569139,17789440488.0,8429.349438931793,15597089958.0,8275.808987635188,17789440488.0,7920.397303865732,30204079981.0,7913.38145162398,14606990023.0,7913.183627136052,14606990023.0,0.0,0.0,0.0,0.0,0.0,0.0,0.0,0.0,0.0,0.0,0.0,0.0,78.665197907947,679191639.0,78.39809962455183,679191639.0,77.7956587150693,679191639.0,77.45690968683002,1341934441.0,77.18210882414132,662742802.0,77.14294475503266,662742802.0,73874528.508,60685188.612,3.0877581187132748,10.692038393974675,65105126.388,53016477.72,2.979302921120077,10.637219331681727,73874528.508,60685188.612,2.5994433766044676,10.46779100102875,126184057.688,111436240.224,2.3718660345911022,10.406472752834594,61078931.3,61078931.3,2.3693067518742756,10.398294767685512,61078931.3,61078931.3,2.3691684879660606,10.398040729889644,2401
GITHUB_REPOS,query3,4,inf,17737.889780911617,13987.484057937749,31783145954.0,36297548115.0,0.0,0.0,4775.0,16186.861059520394,12879.854586822912,27885476317.0,31863688990.0,188.0,0.0,4775.0,15360.438125978224,11610.031448864378,24007458524.0,36297548115.0,750.0,0.0,4775.0,14264.522579453433,11610.031448864378,24007458524.0,59024341480.0,750.0,0.0,4775.0,14250.268236598466,11610.031448864378,24007458524.0,27160652490.0,750.0,0.0,4775.0,14249.78904603608,11610.031448864378,24007458524.0,27160652490.0,750.0,0.0,4775.0,13987.484057937749,2109.911652791314,1640.4940701825544,0.0,0.0,0.0,0.0,12879.854586822912,1861.171651008539,1445.832219521515,0.0,0.0002391710877418518,0.0023629963397979736,0.0,11610.031448864378,2109.911652791314,1640.4940701825544,0.0,0.0009541399776935577,0.0,0.0,11610.031448864378,1488.2433215463534,1151.5038946382701,14.740597268114804,0.0009541399776935577,0.0023629963397979736,0.0,11610.031448864378,1488.2433215463534,1151.5038946382701,0.4862544131465256,0.0009541399776935577,0.0023629963397979736,0.0,11610.031448864378,1488.2433215463534,1151.5038946382701,0.0,0.0009541399776935577,0.009426847100257874,0.0,0.0,0.0,0.0,0.0,0.0,0.0,0.0,0.0,0.0,0.0,0.0,0.0,17587.682774925604,34912039438.0,16037.410716909915,30478180313.0,15214.0795337921,34912039438.0,14121.729336499542,56370082031.0,14108.034574213438,25891901718.0,14107.635979883373,25891901718.0,0.0,0.0,0.0,0.0,0.0,0.0,0.0,0.0,0.0,0.0,0.0,0.0,150.20700598601252,1385508677.0,149.4503426104784,1385508677.0,146.35859218612313,1385508677.0,142.79324295389068,2654259449.0,142.23366238502786,1268750772.0,142.15306615270674,1268750772.0,145190192.46,92237961.12,3.0973810741882772,10.465428504071568,127454755.96,78011042.848,3.038215302657336,10.345210303058288,145190192.46,92237961.12,2.1136985862217843,10.35079794095121,236097365.92,176312064.872,1.4999534556371612,10.244340698280483,108642609.96,108642609.96,1.4975798087036236,10.237461577020492,108642609.96,108642609.96,1.497475096544251,10.237200318777374,4775
GITHUB_REPOS,query3,8,inf,37324.75955296587,29394.651805777103,70734352407.0,80234540567.0,0.0,0.0,9949.0,34303.16057358682,27542.776511460543,59127193410.0,67229115274.0,369.0,0.0,9949.0,30807.39635265991,22877.285910979845,49456332190.0,80234540567.0,2118.0,0.0,9949.0,28013.488510520077,22877.285910979845,49456332190.0,122741357000.0,2118.0,0.0,9949.0,27983.385854223277,22877.285910979845,49456332190.0,55512241726.0,2118.0,0.0,9949.0,27982.409345744178,22877.285910979845,49456332190.0,55512241726.0,2118.0,0.0,9949.0,29394.651805777103,4466.8990392535925,3463.208707935177,0.0,0.0,0.0,0.0,27542.776511460543,3808.3270201161504,2952.051934564486,0.0,0.0004694368690252304,0.004638008773326874,0.0,22877.285910979845,4466.8990392535925,3463.208707935177,0.0,0.002694491297006607,0.0,0.0,22877.285910979845,2884.109138801694,2220.984980055131,31.101148183335305,0.002694491297006607,0.004638008773326874,0.0,22877.285910979845,2884.109138801694,2220.984980055131,0.9984918865375221,0.002694491297006607,0.004638008773326874,0.0,22877.285910979845,2884.109138801694,2220.984980055131,0.0,0.002694491297006607,0.026621416211128235,0.0,0.0,0.0,0.0,0.0,0.0,0.0,0.0,0.0,0.0,0.0,0.0,0.0,37009.8584042266,77521701560.0,33990.4281153623,64516276267.0,30506.187406709418,77521701560.0,27723.493649393706,117650355323.0,27694.482097988483,53134079056.0,27693.666038717143,53134079056.0,0.0,0.0,0.0,0.0,0.0,0.0,0.0,0.0,0.0,0.0,0.0,0.0,314.90114873927087,2712839007.0,312.7324582245201,2712839007.0,301.2089459504932,2712839007.0,289.9948611263702,5091001677.0,288.90375623479486,2378162670.0,288.74330702703446,2378162670.0,320938162.268,156572706.864,2.8767409888822586,10.330150717000288,268916461.096,122787021.664,2.805754482656717,10.30659268535897,320938162.268,156572706.864,1.2831086327172816,10.116538671879468,490965428.0,318908505.912,0.40665845726349426,10.076818760176318,222048966.904,222048966.904,0.40457677680533377,10.069574085630848,222048966.904,222048966.904,0.40450190726667645,10.06931060026828,9949
GITHUB_REPOS,query4,2,inf,22630.02999247797,2330.1312276329845,257109210415.0,280664144219.0,0.0,0.0,2209.0,17541.21806988027,1898.5642892578617,198390912411.0,216529978932.0,163.0,0.0,2209.0,21790.447334829718,1490.5480318497866,147410196769.0,280664144219.0,423.0,0.0,2209.0,13300.597999424535,1490.5480318497866,147410196769.0,377527301844.0,423.0,0.0,2209.0,13200.58232616447,1490.5480318497866,147410196769.0,160997322912.0,423.0,0.0,2209.0,13200.431408945471,1490.5480318497866,147410196769.0,160997322912.0,423.0,0.0,2209.0,2330.1312276329845,11561.84675452672,8738.052010318264,0.0,0.0,0.0,0.0,1898.5642892578617,8909.640018539503,6733.01150594838,0.0,0.00020736642181873322,0.002048768103122711,0.0,1490.5480318497866,11561.84675452672,8738.052010318264,0.0,0.0005381349474191666,0.0,0.0,1490.5480318497866,6667.147071558982,5042.73045065999,100.16985845272637,0.0005381349474191666,0.002048768103122711,0.0,1490.5480318497866,6667.147071558982,5042.73045065999,0.15418519265949726,0.0005381349474191666,0.002048768103122711,0.0,1490.5480318497866,6667.147071558982,5042.73045065999,0.0,0.0005381349474191666,0.005316741764545441,0.0,0.0,0.0,0.0,0.0,0.0,0.0,0.0,0.0,0.0,0.0,0.0,0.0,22616.38520978205,280655661911.0,17528.03453802038,216521496624.0,21777.85944717005,280655661911.0,13288.049019005606,377510367766.0,13188.023564431816,160988871142.0,13187.88579952158,160988871142.0,0.0,0.0,0.0,0.0,0.0,0.0,0.0,0.0,0.0,0.0,0.0,0.0,13.644782695919275,8482308.0,13.183531859889627,8482308.0,12.587887659668922,8482308.0,12.548980418929876,16934078.0,12.558761732652783,8451770.0,12.54560942389071,8451770.0,1122656576.876,799398919.392,13.143768382864073,33.10706229162402,866119915.728,553961998.364,11.575263703089208,32.469936042078395,1122656576.876,799398919.392,12.431103788560256,32.70555231104437,1510109207.376,1181865611.592,4.662526555278668,29.430373561154923,643989291.648,643989291.648,4.590771897264756,29.253857228305275,643989291.648,643989291.648,4.5907151715923105,29.253647491906758,2209
GITHUB_REPOS,query4,4,inf,40369.9768929258,4186.466366508976,460450342254.0,502399406235.0,0.0,0.0,4232.0,34035.34544180054,3648.080812321976,387274293754.0,422485989086.0,247.0,0.0,4232.0,38242.606026240624,2059.093811632134,189481573793.0,502399406235.0,1327.0,0.0,4232.0,17384.664818284753,2059.093811632134,189481573793.0,629533602649.0,1327.0,0.0,4232.0,17189.52085770527,2059.093811632134,189481573793.0,207047613563.0,1327.0,0.0,4232.0,17189.230344901793,2059.093811632134,189481573793.0,207047613563.0,1327.0,0.0,4232.0,4186.466366508976,20609.15684452653,15574.353681890294,0.0,0.0,0.0,0.0,3648.080812321976,17308.606586481445,13078.654624192044,0.0,0.0003142300993204117,0.003104574978351593,0.0,2059.093811632134,20609.15684452653,15574.353681890294,0.0,0.0016881916671991348,0.0,0.0,2059.093811632134,8610.478012045845,6519.640153797343,195.44804804278482,0.0016881916671991348,0.003104574978351593,0.0,2059.093811632134,8610.478012045845,6519.640153797343,0.30408746330067515,0.0016881916671991348,0.003104574978351593,0.0,2059.093811632134,8610.478012045845,6519.640153797343,0.0,0.0016881916671991348,0.01667923480272293,0.0,0.0,0.0,0.0,0.0,0.0,0.0,0.0,0.0,0.0,0.0,0.0,0.0,40342.903978641145,502378608518.0,34009.3328764271,422465191369.0,38219.56024298724,502378608518.0,17361.76640328231,629492142061.0,17166.59951381618,207026950692.0,17166.33881114982,207026950692.0,0.0,0.0,0.0,0.0,0.0,0.0,0.0,0.0,0.0,0.0,0.0,0.0,27.07291428465396,20797717.0,26.012565373443067,20797717.0,23.045783253386617,20797717.0,22.898415002446182,41460588.0,22.92134388908744,20662871.0,22.89153375197202,20662871.0,2009597624.94,905878564.616,12.713976941259578,36.835502685488,1689943956.344,656283170.824,11.68786934459582,36.42016074932999,2009597624.94,905878564.616,11.825113207852468,35.710388686451125,2518134410.596,1459880983.652,1.2454725864293876,25.63093792017088,828190454.252,828190454.252,1.1554957157075405,25.474652245737687,828190454.252,828190454.252,1.1554336648155004,25.474462491280942,4232
GITHUB_REPOS,query4,8,inf,77872.82652622554,8130.139372752979,883101651974.0,964017634015.0,0.0,0.0,8445.0,66189.9542104397,7136.423657699488,749316186769.0,817791589253.0,434.0,0.0,8445.0,72496.04722097237,2753.3552242852747,226119240392.0,964017634015.0,3807.0,0.0,8445.0,21462.31197975149,2753.3552242852747,226119240392.0,1065229327668.0,3807.0,0.0,8445.0,21084.586387756746,2753.3552242852747,226119240392.0,247437738415.0,3807.0,0.0,8445.0,21084.032315157354,2753.3552242852747,226119240392.0,247437738415.0,3807.0,0.0,8445.0,8130.139372752979,39716.409468557686,30026.27768491488,0.0,0.0,0.0,0.0,7136.423657699488,33631.623815189116,25421.900730419904,0.0,0.0005521290004253387,0.005455002188682556,0.0,2753.3552242852747,39716.409468557686,30026.27768491488,0.0,0.004843214526772499,0.0,0.0,2753.3552242852747,10425.062485204078,7905.561911777593,378.3220602678258,0.004843214526772499,0.005455002188682556,0.0,2753.3552242852747,10425.062485204078,7905.561911777593,0.5964682730846107,0.004843214526772499,0.005455002188682556,0.0,2753.3552242852747,10425.062485204078,7905.561911777593,0.0,0.004843214526772499,0.047850675880908966,0.0,0.0,0.0,0.0,0.0,0.0,0.0,0.0,0.0,0.0,0.0,0.0,0.0,77818.49299013242,963975110930.0,66137.3313068822,817749066168.0,72454.23138969298,963975110930.0,21420.966895905367,1065144672336.0,21043.195304225665,247395606168.0,21042.696885501035,247395606168.0,0.0,0.0,0.0,0.0,0.0,0.0,0.0,0.0,0.0,0.0,0.0,0.0,54.33353609312326,42523085.0,52.62290355749428,42523085.0,41.81583127938211,42523085.0,41.34508384612159,84655332.0,41.39108353108168,42132247.0,41.33542965631932,42132247.0,3856070536.06,1125640242.96,13.430120715605096,37.785086590421756,3271166357.012,689557439.22,10.886798053162172,37.77773835380133,3856070536.06,1125640242.96,12.384021770190447,35.56253044815361,4260917310.672,1647788986.896,0.08563233491730708,16.053014761713982,989750953.66,989750953.66,0.004492592775262892,15.959606529153678,989750953.66,989750953.66,0.004382712425664067,15.959440580201875,8445
PANCANCER_ATLAS,query1,2,inf,300.59649404883385,259.23537753243,661190168.0,700034485.0,0.0,0.0,3500.0,272.17519132979214,250.67542115598917,284966762.0,302417663.0,328.0,0.0,3500.0,262.8794752014801,221.51768060959876,272800206.0,700034485.0,533.0,0.0,3500.0,241.90534102926523,221.51768060959876,272800206.0,592094528.0,533.0,0.0,3500.0,242.15632631862536,221.51768060959876,272800206.0,289676865.0,533.0,0.0,3500.0,241.76801497396082,221.51768060959876,272800206.0,289676865.0,533.0,0.0,3500.0,259.23537753243,24.326353172771633,17.03476334363222,0.0,0.0,0.0,0.0,250.67542115598917,13.221181306988,8.27404891513288,0.0,0.0004172772169113159,0.004122674465179443,0.0,221.51768060959876,24.326353172771633,17.03476334363222,0.0,0.0006780754774808884,0.0,0.0,221.51768060959876,12.374148223549128,7.868808719329536,0.13990272684517135,0.0006780754774808884,0.004122674465179443,0.0,221.51768060959876,12.374148223549128,7.868808719329536,0.390888016205281,0.0006780754774808884,0.004122674465179443,0.0,221.51768060959876,12.374148223549128,7.868808719329536,0.0,0.0006780754774808884,0.0066993460059165955,0.0,0.0,0.0,0.0,0.0,0.0,0.0,0.0,0.0,0.0,0.0,0.0,0.0,0.0,0.0,0.0,0.0,0.0,0.0,0.0,0.0,0.0,0.0,0.0,0.0,56.20466183964163,677734320.0,33.03016725741327,280622673.0,52.246097687631845,677734320.0,31.78824605695548,551161840.0,31.930819843895733,270539167.0,31.660185681656003,270539167.0,244.39183220919222,22300165.0,239.14502407237887,21794990.0,210.63337751384825,22300165.0,210.11709497230976,40932688.0,210.22550647472963,19137698.0,210.1078292923048,19137698.0,2800137.94,2248181.8,0.017452675349875747,0.4287837745969643,1209670.652,869727.22,0.011461940633290145,0.4249434409571444,2800137.94,2248181.8,0.015150323818740716,0.36660010740553656,2368378.112,1973639.904,0.010341331171932939,0.36454274125189,1158707.46,1158707.46,0.010418844169910893,0.3646585249332673,1158707.46,1158707.46,0.010320506958163765,0.3644037283409056,3500
PANCANCER_ATLAS,query1,4,inf,607.236185990274,522.0872815344483,1382010768.0,1462707659.0,0.0,0.0,6987.0,553.1878629261628,509.39859720878303,589487163.0,625553162.0,642.0,0.0,6987.0,486.93146783765405,401.7807492436841,548490647.0,1462707659.0,1426.0,0.0,6987.0,441.28173589659247,401.7807492436841,548490647.0,1208342275.0,1426.0,0.0,6987.0,441.78211689647287,401.7807492436841,548490647.0,582789113.0,1426.0,0.0,6987.0,441.0022002737969,401.7807492436841,548490647.0,582789113.0,1426.0,0.0,6987.0,522.0872815344483,49.90876321494579,35.24014124087989,0.0,0.0,0.0,0.0,509.39859720878303,26.793716250918806,16.986663341522217,0.0,0.0008167438209056854,0.00806938111782074,0.0,401.7807492436841,49.90876321494579,35.24014124087989,0.0,0.0018141381442546844,0.0,0.0,401.7807492436841,23.622334904037416,15.579378409311175,0.28938982029769617,0.0018141381442546844,0.00806938111782074,0.0,401.7807492436841,23.622334904037416,15.579378409311175,0.7897708201780915,0.0018141381442546844,0.00806938111782074,0.0,401.7807492436841,23.622334904037416,15.579378409311175,0.0,0.0018141381442546844,0.01792357861995697,0.0,0.0,0.0,0.0,0.0,0.0,0.0,0.0,0.0,0.0,0.0,0.0,0.0,0.0,0.0,0.0,0.0,0.0,0.0,0.0,0.0,0.0,0.0,0.0,0.0,114.4888576362282,1416879359.0,66.15007488057017,580262074.0,105.21623859647661,1416879359.0,61.27941129237832,1127656767.0,61.55661804089323,547394693.0,61.01782395131886,547394693.0,492.74732835404575,45828300.0,487.0377880455926,45291088.0,381.71522924117744,45828300.0,380.00232460421415,80685508.0,380.22549885557964,35394420.0,379.98437632247806,35394420.0,5850830.636,4153357.032,0.014259815495461226,0.4449325992278755,2502212.648,1251471.304,0.01002164668776095,0.4413686204779893,5850830.636,4153357.032,0.012353635562583804,0.39118534794747817,4833369.1,3394158.52,0.00835975283324542,0.3894488982377811,2331156.452,2331156.452,0.00842382852267474,0.38953001592149944,2331156.452,2331156.452,0.008344464153051376,0.3892674060922115,6987
PANCANCER_ATLAS,query1,8,inf,1201.3263020180166,1034.447126573883,2656407269.0,2814136186.0,0.0,0.0,14041.0,1086.2985789421946,999.6429527783766,1126793889.0,1198083234.0,1343.0,0.0,14041.0,846.6547251781449,679.7707345075905,981156888.0,2814136186.0,3785.0,0.0,14041.0,752.2185992580593,679.7707345075905,981156888.0,2243596554.0,3785.0,0.0,14041.0,753.2524563400075,679.7707345075905,981156888.0,1045513320.0,3785.0,0.0,14041.0,751.6950426697731,679.7707345075905,981156888.0,1045513320.0,3785.0,0.0,14041.0,1034.447126573883,98.04361143708229,68.83556400705129,0.0,0.0,0.0,0.0,999.6429527783766,53.299357345327735,33.33767993096262,0.0,0.0017085466533899307,0.0168803408741951,0.0,679.7707345075905,98.04361143708229,68.83556400705129,0.0,0.004815226420760155,0.0,0.0,679.7707345075905,43.31588198430836,28.556036796420813,0.5542504024445211,0.004815226420760155,0.0168803408741951,0.0,679.7707345075905,43.31588198430836,28.556036796420813,1.5881074843928218,0.004815226420760155,0.0168803408741951,0.0,679.7707345075905,43.31588198430836,28.556036796420813,0.0,0.004815226420760155,0.047574155032634735,0.0,0.0,0.0,0.0,0.0,0.0,0.0,0.0,0.0,0.0,0.0,0.0,0.0,0.0,0.0,0.0,0.0,0.0,0.0,0.0,0.0,0.0,0.0,0.0,0.0,225.74615785386413,2724068110.0,131.82008509058505,1110123154.0,204.68972808215767,2724068110.0,115.46938233059099,2097023909.0,116.06081739719957,986900755.0,114.97721617482603,986900755.0,975.5801441641524,90068076.0,954.4784938516095,87960080.0,641.9649970959872,90068076.0,636.7492169274682,146572645.0,637.1916389428079,58612565.0,636.7178264949471,58612565.0,11256544.744,6561678.476,0.011670174287632108,0.44579487635493276,4792332.936,1536866.168,0.010127073196694255,0.4420411533378064,11256544.744,6561678.476,0.009546861739829183,0.376113944141194,8974386.216,5327543.368,0.007487954076357395,0.37417275549511736,4182053.28,4182053.28,0.007548228319734335,0.3742412548454476,4182053.28,4182053.28,0.007470036963000894,0.37399297609515464,14041
PANCANCER_ATLAS,query2,2,inf,89.50898301415145,47.34149699378759,592968698.0,632752780.0,0.0,0.0,3679.0,83.26001441758126,45.11490394640714,518442157.0,554061736.0,257.0,0.0,3679.0,84.30766030680388,42.13962470181286,505242754.0,632752780.0,432.0,0.0,3679.0,79.34483532476166,42.13962470181286,505242754.0,1094487497.0,432.0,0.0,3679.0,79.48882890306413,42.13962470181286,505242754.0,540425761.0,432.0,0.0,3679.0,79.09071805607527,42.13962470181286,505242754.0,540425761.0,432.0,0.0,3679.0,47.34149699378759,25.45957554038614,16.707910479977727,0.0,0.0,0.0,0.0,45.11490394640714,23.16817229334265,14.97338095959276,0.0,0.0003269519656896591,0.003230266273021698,0.0,42.13962470181286,25.45957554038614,16.707910479977727,0.0,0.0005495846271514893,0.0,0.0,42.13962470181286,22.32286607287824,14.62224783282727,0.2563168663431191,0.0005495846271514893,0.003230266273021698,0.0,42.13962470181286,22.32286607287824,14.62224783282727,0.40031044464558363,0.0005495846271514893,0.003230266273021698,0.0,42.13962470181286,22.32286607287824,14.62224783282727,0.0,0.0005495846271514893,0.005429863929748535,0.0,0.0,0.0,0.0,0.0,0.0,0.0,0.0,0.0,0.0,0.0,0.0,0.0,0.0,0.0,0.0,0.0,0.0,0.0,0.0,0.0,0.0,0.0,0.0,0.0,59.5136839793995,624582966.0,53.86527129355818,545997190.0,57.20624151267111,624582966.0,52.40095911587751,1078960395.0,52.462453971616924,532963205.0,52.15017040912062,532963205.0,29.99529903475195,8169814.0,29.39474312402308,8064546.0,27.10141879413277,8169814.0,26.943876208884152,15527102.0,27.026374931447208,7462556.0,26.940547646954656,7462556.0,2531011.12,2060606.8,0.01169155053794384,0.0815245748041197,2216246.944,1754637.056,0.010164395408704877,0.07926176142208273,2531011.12,2060606.8,0.010388235833495855,0.0782700189173221,4377949.988,3831586.728,0.008801997631348063,0.07610229105974108,2161703.044,2161703.044,0.008879824147559702,0.07610167938731606,2161703.044,2161703.044,0.008783794827759267,0.07585592316407704,3679
PANCANCER_ATLAS,query2,4,inf,190.65182682313025,93.10788529086858,1355919863.0,1450029778.0,0.0,0.0,7658.0,174.91648162901402,87.8496353207156,1161051956.0,1244177170.0,766.0,0.0,7658.0,173.88170966412872,76.33589928969741,1070205073.0,1450029778.0,1469.0,0.0,7658.0,157.47912613782844,76.33589928969741,1070205073.0,2393608858.0,1469.0,0.0,7658.0,157.7095979466103,76.33589928969741,1070205073.0,1149431688.0,1469.0,0.0,7658.0,156.9123881207779,76.33589928969741,1070205073.0,1149431688.0,1469.0,0.0,7658.0,93.10788529086858,58.76083496119827,38.7831065710634,0.0,0.0,0.0,0.0,87.8496353207156,52.7980386139825,34.258205246180296,0.0,0.0009744949638843536,0.009627953171730042,0.0,76.33589928969741,58.76083496119827,38.7831065710634,0.0,0.0018688421696424484,0.0,0.0,76.33589928969741,48.542535717599094,32.01362022012472,0.575574115065853,0.0018688421696424484,0.009627953171730042,0.0,76.33589928969741,48.542535717599094,32.01362022012472,0.8060459238477051,0.0018688421696424484,0.009627953171730042,0.0,76.33589928969741,48.542535717599094,32.01362022012472,0.0,0.0018688421696424484,0.01846405118703842,0.0,0.0,0.0,0.0,0.0,0.0,0.0,0.0,0.0,0.0,0.0,0.0,0.0,0.0,0.0,0.0,0.0,0.0,0.0,0.0,0.0,0.0,0.0,0.0,0.0,134.7133522387594,1433156112.0,119.58143862336874,1227417358.0,127.229119528085,1433156112.0,111.36269606684795,2362352596.0,111.44073992036283,1134935238.0,110.80205225292593,1134935238.0,55.93847458437085,16873666.0,55.335043005645275,16759812.0,46.65259013604373,16873666.0,46.1164300709805,31256262.0,46.26885802624747,14496450.0,46.11033586785197,14496450.0,5800119.112,3958402.028,0.009975859390571714,0.08660761663373556,4976708.68,3228553.532,0.008697840061038733,0.08376095938086506,5800119.112,3958402.028,0.008461457362398506,0.07909847022797908,9574435.432,7425601.972,0.007174128904298511,0.0746852829293219,4597726.752,4597726.752,0.007241211185231805,0.07473052332317452,4597726.752,4597726.752,0.0071555413659662006,0.07448048175834114,7658
PANCANCER_ATLAS,query2,8,inf,358.3415322685614,184.15661300066859,2398724087.0,2564030504.0,0.0,0.0,14716.0,332.14635484758765,174.46567765437067,2091200384.0,2239234422.0,1137.0,0.0,14716.0,310.52735803090036,136.33820238150656,1822185422.0,2564030504.0,3330.0,0.0,14716.0,275.3683922244544,136.33820238150656,1822185422.0,4197067815.0,3330.0,0.0,14716.0,275.9237387175672,136.33820238150656,1822185422.0,1957833393.0,3330.0,0.0,14716.0,274.3600545246154,136.33820238150656,1822185422.0,1957833393.0,3330.0,0.0,14716.0,184.15661300066859,105.43038419354707,68.75453507434577,0.0,0.0,0.0,0.0,174.46567765437067,96.0435110302642,61.621428586542606,0.0,0.0014464762061834335,0.014291100203990936,0.0,136.33820238150656,105.43038419354707,68.75453507434577,0.0,0.004236381500959396,0.0,0.0,136.33820238150656,83.22666478995234,54.7490957705304,1.0359018007601335,0.004236381500959396,0.014291100203990936,0.0,136.33820238150656,83.22666478995234,54.7490957705304,1.5912482938729227,0.004236381500959396,0.014291100203990936,0.0,136.33820238150656,83.22666478995234,54.7490957705304,0.0,0.004236381500959396,0.04185520112514496,0.0,0.0,0.0,0.0,0.0,0.0,0.0,0.0,0.0,0.0,0.0,0.0,0.0,0.0,0.0,0.0,0.0,0.0,0.0,0.0,0.0,0.0,0.0,0.0,0.0,243.30695917271078,2531903666.0,219.559325074777,2207674314.0,227.55872113257647,2531903666.0,194.29318377329233,4141778487.0,194.53391648363322,1934104173.0,193.2937775524333,1934104173.0,115.03457309585065,32126838.0,112.58702977281064,31560108.0,82.9686368983239,32126838.0,81.07520845116207,55289328.0,81.38982223393396,23729220.0,81.0662769721821,23729220.0,10256122.016,5164677.096,0.009197413235902787,0.09084570987429469,8956937.688,4221588.344,0.008568975685164333,0.08902077560834584,10256122.016,5164677.096,0.007081149065867066,0.08110720922145989,16788271.26,11310980.24,0.006061719299931612,0.07230816724863542,7831333.572,7831333.572,0.006088735177181661,0.07240097220502789,7831333.572,7831333.572,0.006021041525527835,0.0721405756751075,14716
PANCANCER_ATLAS,query3,2,inf,93.73055133782327,49.22048640996218,651193289.0,693834291.0,0.0,0.0,3267.0,88.37441235315055,47.59882284980267,581865735.0,620535309.0,191.0,0.0,3267.0,89.13357746042311,44.62303927913308,560389290.0,693834291.0,372.0,0.0,3267.0,84.09785483586143,44.62303927913308,560389290.0,1218790149.0,372.0,0.0,3267.0,84.1808308083564,44.62303927913308,560389290.0,598254840.0,372.0,0.0,3267.0,83.81306135840714,44.62303927913308,560389290.0,598254840.0,372.0,0.0,3267.0,49.22048640996218,26.521505443379283,17.98855948448181,0.0,0.0,0.0,0.0,47.59882284980267,24.448255845345557,16.324689966626465,0.0,0.00024298764765262604,0.002400703728199005,0.0,44.62303927913308,26.521505443379283,17.98855948448181,0.0,0.00047325342893600464,0.0,0.0,44.62303927913308,23.38469853065908,15.800174579024315,0.28706848988781125,0.00047325342893600464,0.002400703728199005,0.0,44.62303927913308,23.38469853065908,15.800174579024315,0.3700444623827934,0.00047325342893600464,0.002400703728199005,0.0,44.62303927913308,23.38469853065908,15.800174579024315,0.0,0.00047325342893600464,0.004675716161727905,0.0,0.0,0.0,0.0,0.0,0.0,0.0,0.0,0.0,0.0,0.0,0.0,0.0,0.0,0.0,0.0,0.0,0.0,0.0,0.0,0.0,0.0,0.0,0.0,0.0,60.58662476669997,685418351.0,55.230485782027245,612119369.0,58.26995554193854,685418351.0,53.349635257801296,1202447301.0,53.348847426939756,590327932.0,53.06833290215582,590327932.0,33.1439265711233,8415940.0,33.1439265711233,8415940.0,30.86362191848457,8415940.0,30.748219578060123,16342848.0,30.83198338141665,7926908.0,30.744728456251323,7926908.0,2775337.164,2214949.18,0.014123533412918868,0.0963967197148286,2482141.236,1960071.204,0.012555670307343265,0.09531516168195465,2775337.164,2214949.18,0.01271237391439906,0.09449929370971236,4875160.596,4257207.268,0.01101460265737636,0.09344396038820198,2393019.36,2393019.36,0.011073280022064426,0.09338948131767077,2393019.36,2393019.36,0.01099193217719056,0.09311954829407978,3267
PANCANCER_ATLAS,query3,4,inf,232.47637612745166,104.51944801025093,1761435941.0,1889815298.0,0.0,0.0,6559.0,220.605978759937,101.44928138516843,1595980525.0,1715001312.0,392.0,0.0,6559.0,216.9769402705133,89.01858857646585,1507835318.0,1889815298.0,1119.0,0.0,6559.0,202.6151882539307,89.01858857646585,1507835318.0,3338583812.0,1119.0,0.0,6559.0,202.61100393533707,89.01858857646585,1507835318.0,1623582500.0,1119.0,0.0,6559.0,201.8309419285506,89.01858857646585,1507835318.0,1623582500.0,1119.0,0.0,6559.0,104.51944801025093,76.59345656260848,51.36347155459225,0.0,0.0,0.0,0.0,101.44928138516843,71.71124154981226,47.440030029043555,0.0,0.0004986971616744995,0.004927098751068115,0.0,89.01858857646585,76.59345656260848,51.36347155459225,0.0,0.0014235768467187881,0.0,0.0,89.01858857646585,67.50781006272882,45.28905485663563,0.7933840825026365,0.0014235768467187881,0.004927098751068115,0.0,89.01858857646585,67.50781006272882,45.28905485663563,0.7891997639089823,0.0014235768467187881,0.004927098751068115,0.0,89.01858857646585,67.50781006272882,45.28905485663563,0.0,0.0014235768467187881,0.014064855873584747,0.0,0.0,0.0,0.0,0.0,0.0,0.0,0.0,0.0,0.0,0.0,0.0,0.0,0.0,0.0,0.0,0.0,0.0,0.0,0.0,0.0,0.0,0.0,0.0,0.0,160.65590425487608,1869742883.0,148.7855068873614,1694928897.0,154.94434846378863,1869742883.0,141.08512797250114,3300496003.0,140.89435713924468,1605567106.0,140.30842032376677,1605567106.0,71.82047187257558,20072415.0,71.82047187257558,20072415.0,62.03259180672467,20072415.0,61.53006028142957,38087809.0,61.71664679609239,18015394.0,61.52252160478383,18015394.0,7559261.192,5054731.044,0.012221516376361251,0.10642939974386242,6860005.248,4566317.616,0.0103289595823735,0.10482333322968332,7559261.192,5054731.044,0.010379254018887878,0.1034799438845366,13354335.248,10595633.168,0.008341594517708483,0.10062480742826349,6494330.0,6494330.0,0.008380249192938208,0.10061827591890465,6494330.0,6494330.0,0.008326286014169454,0.10034434022661295,6559
PANCANCER_ATLAS,query3,8,inf,449.09186727926135,208.9226274676621,3362747339.0,3601716144.0,0.0,0.0,13086.0,417.8198797404766,201.43547840882093,2916686267.0,3130322736.0,852.0,0.0,13086.0,401.93202643841505,161.75902858749032,2611128943.0,3601716144.0,2954.0,0.0,13086.0,358.71786537016857,161.75902858749032,2611128943.0,5942000184.0,2954.0,0.0,13086.0,358.80930109973997,161.75902858749032,2611128943.0,2811677448.0,2954.0,0.0,13086.0,357.2961537083611,161.75902858749032,2611128943.0,2811677448.0,2954.0,0.0,13086.0,208.9226274676621,143.36154738254845,96.8076924290508,0.0,0.0,0.0,0.0,201.43547840882093,130.19575147423893,86.1768570560962,0.0,0.0010839030146598816,0.010708898305892944,0.0,161.75902858749032,143.36154738254845,96.8076924290508,0.0,0.0037580393254756927,0.0,0.0,161.75902858749032,116.81662376970053,78.67961410339922,1.4481319719471462,0.0037580393254756927,0.010708898305892944,0.0,161.75902858749032,116.81662376970053,78.67961410339922,1.5395677015185356,0.0037580393254756927,0.010708898305892944,0.0,161.75902858749032,116.81662376970053,78.67961410339922,0.0,0.0037580393254756927,0.03712920844554901,0.0,0.0,0.0,0.0,0.0,0.0,0.0,0.0,0.0,0.0,0.0,0.0,0.0,0.0,0.0,0.0,0.0,0.0,0.0,0.0,0.0,0.0,0.0,0.0,0.0,306.4700730172917,3564960111.0,275.198085478507,3093566703.0,291.23650165088475,3564960111.0,249.74246799337817,5875929335.0,249.47172622568905,2782362632.0,248.3321669343859,2782362632.0,142.62179426196963,36756033.0,142.62179426196963,36756033.0,110.6955247875303,36756033.0,108.9753973767904,66070849.0,109.33757487405092,29314816.0,108.9639867739752,29314816.0,14406864.576,7572499.468,0.010962123535573482,0.10939983532559124,12521290.944,6322846.492,0.009739189561456443,0.10794755811654029,14406864.576,7572499.468,0.008799094904214143,0.1055494813105091,23768000.736,16522221.576,0.0069507198402669725,0.10068555737422855,11246709.792,11246709.792,0.006964522605761886,0.10071295441547404,11246709.792,11246709.792,0.006893917847424745,0.10044834608491506,13086
PATENTS,query1,2,inf,11670.512404622044,8561.999973011669,170704983670.0,172916099831.0,0.0,0.0,1355.0,10844.261375489412,7997.072197934147,156177061221.0,158205318878.0,60.0,0.0,1355.0,9522.361237595323,6413.848543914501,121988976404.0,172916099831.0,206.0,0.0,1355.0,8719.581183665614,6413.848543914501,121988976404.0,281790813930.0,206.0,0.0,1355.0,8646.64954959671,6413.848543914501,121988976404.0,123585495052.0,206.0,0.0,1355.0,8646.394980424782,6413.848543914501,121988976404.0,123585495052.0,206.0,0.0,1355.0,8561.999973011669,1693.8841218429152,1414.6283097674605,0.0,0.0,0.0,0.0,7997.072197934147,1551.1958097426686,1295.99253733363,0.0,7.633119821548462e-05,0.0007541477680206299,0.0,6413.848543914501,1693.8841218429152,1414.6283097674605,0.0,0.0002620704472064972,0.0,0.0,6413.848543914501,1216.6137612855528,1015.9298239136115,73.18803833373339,0.0002620704472064972,0.0007541477680206299,0.0,6413.848543914501,1216.6137612855528,1015.9298239136115,0.25640426483005285,0.0002620704472064972,0.0007541477680206299,0.0,6413.848543914501,1216.6137612855528,1015.9298239136115,0.0,0.0002620704472064972,0.0025892406702041626,0.0,0.0,0.0,0.0,0.0,0.0,0.0,0.0,0.0,0.0,0.0,0.0,0.0,11606.233659372665,172575763028.0,10780.079724893207,157865022699.0,9458.28828174062,172575763028.0,8655.375647600784,281110275736.0,8582.569745777873,123245253037.0,8582.346832521493,123245253037.0,64.27874524937943,340336803.0,64.18165059620515,340296179.0,64.07295585470274,340336803.0,64.20553606482972,680538194.0,64.07980381883681,340242015.0,64.04814790328965,340242015.0,0.0,0.0,0.0,0.0,0.0,0.0,0.0,0.0,0.0,0.0,0.0,0.0,691664399.324,384869062.672,11.696539421049412,19.10877029164005,632821275.512,333547345.82,10.957460660350044,19.04333391072736,691664399.324,384869062.672,8.220934593098239,18.405696356190507,1127163255.72,821997777.948,6.845942622726615,18.367812474774507,494341980.208,494341980.208,6.76820431754319,18.230898109622252,494341980.208,494341980.208,6.76799523176672,18.230622772852282,1355
PATENTS,query1,4,inf,24828.966290462762,18293.326358931605,360560322365.0,365198779070.0,0.0,0.0,2800.0,22866.537696111016,16928.63148205867,327191618644.0,331409902901.0,146.0,0.0,2800.0,17317.507628525607,10781.866751759779,197504818958.0,365198779070.0,743.0,0.0,2800.0,14540.767167292113,10781.866751759779,197504818958.0,531491878850.0,743.0,0.0,2800.0,14387.977302746614,10781.866751759779,197504818958.0,200081975949.0,743.0,0.0,2800.0,14387.45972027746,10781.866751759779,197504818958.0,200081975949.0,743.0,0.0,2800.0,18293.326358931605,3558.98934877594,2976.6505827552173,0.0,0.0,0.0,0.0,16928.63148205867,3233.4869340055156,2704.417259214679,0.0,0.00018573924899101257,0.0018350929021835327,0.0,10781.866751759779,3558.98934877594,2976.6505827552173,0.0,0.0009452346712350845,0.0,0.0,10781.866751759779,1963.9492571253795,1641.6334272944368,153.31495078494595,0.0009452346712350845,0.0018350929021835327,0.0,10781.866751759779,1963.9492571253795,1641.6334272944368,0.5250862394459546,0.0009452346712350845,0.0018350929021835327,0.0,10781.866751759779,1963.9492571253795,1641.6334272944368,0.0,0.0009452346712350845,0.0093388631939888,0.0,0.0,0.0,0.0,0.0,0.0,0.0,0.0,0.0,0.0,0.0,0.0,0.0,24725.347770211985,364676037561.0,22763.501743779285,330887405136.0,17215.68357516243,364676037561.0,14441.554163341505,530461920421.0,14288.955760767218,199574515285.0,14288.48809188325,199574515285.0,103.61852025077678,522741509.0,103.0359523317311,522497765.0,101.82405336317606,522741509.0,99.21300395060969,1029958429.0,99.02154197939672,507460664.0,98.97162839421071,507460664.0,0.0,0.0,0.0,0.0,0.0,0.0,0.0,0.0,0.0,0.0,0.0,0.0,1460795116.28,485036393.748,11.474236300213262,19.83857766680624,1325639611.604,386749531.228,11.00756574179465,19.8053528106431,1460795116.28,485036393.748,5.979626540199853,18.775707068912215,2125967515.4,1148091554.14,3.7295703257473516,18.641056116389088,800327903.796,800327903.796,3.6450830929190854,18.502221358868198,800327903.796,800327903.796,3.644893024200108,18.50194448850015,2800
PATENTS,query1,8,inf,47984.979032771895,35330.90164720244,695005417334.0,704012431501.0,0.0,0.0,5490.0,44490.033396335784,32935.06629820145,633825621107.0,642062305602.0,253.0,0.0,5490.0,28800.990953653352,16146.91094483505,283820196638.0,704012431501.0,2062.0,0.0,5490.0,21696.65130723773,16146.91094483505,283820196638.0,929685857273.0,2062.0,0.0,5490.0,21400.66430049436,16146.91094483505,283820196638.0,287623551671.0,2062.0,0.0,5490.0,21399.646859055385,16146.91094483505,283820196638.0,287623551671.0,2062.0,0.0,5490.0,35330.90164720244,6894.1843322175555,5759.8930533519015,0.0,0.0,0.0,0.0,32935.06629820145,6294.599345367402,5260.364250913961,0.0,0.00032186321914196014,0.003179989755153656,0.0,16146.91094483505,6894.1843322175555,5759.8930533519015,0.0,0.0026232488453388214,0.0,0.0,16146.91094483505,2862.0194328676444,2390.6879405588843,297.02718573755243,0.0026232488453388214,0.003179989755153656,0.0,16146.91094483505,2862.0194328676444,2390.6879405588843,1.0401789941824973,0.0026232488453388214,0.003179989755153656,0.0,16146.91094483505,2862.0194328676444,2390.6879405588843,0.0,0.0026232488453388214,0.025917544960975647,0.0,0.0,0.0,0.0,0.0,0.0,0.0,0.0,0.0,0.0,0.0,0.0,0.0,47733.01862919284,702802845074.0,44238.655560675776,640852962919.0,28556.515462945215,702802845074.0,21462.99536359984,927327902587.0,21167.450749505544,286474939668.0,21166.54832583363,286474939668.0,251.9604035790544,1209586427.0,251.3778356600087,1209342683.0,244.47549070813693,1209586427.0,233.65594363789089,2357954686.0,233.2135509888176,1148612003.0,233.0985332217533,1148612003.0,0.0,0.0,0.0,0.0,0.0,0.0,0.0,0.0,0.0,0.0,0.0,0.0,2816049726.004,539600052.652,10.938349454371725,20.10800506668831,2568249222.408,409868353.696,10.676830612010788,20.06472150680623,2816049726.004,539600052.652,5.170833237946964,17.92275249439953,3718743429.092,1510152195.932,2.9529585152486835,17.53944986378081,1150494206.684,1150494206.684,2.8673523754826746,17.404760797958257,1150494206.684,1150494206.684,2.8671360272844324,17.404487249059503,5490
PATENTS,query2,2,inf,15269.305629612878,13996.086455177516,54855033829.0,55896063188.0,0.0,0.0,2455.0,12714.752727150219,11735.318233191734,41852550049.0,42659533726.0,220.0,0.0,2455.0,12972.933252404211,11699.713757377816,41492934251.0,55896063188.0,252.0,0.0,2455.0,12690.793314800452,11699.713757377816,41492934251.0,84953280268.0,252.0,0.0,2455.0,12671.407321065431,11699.713757377816,41492934251.0,42293746542.0,252.0,0.0,2455.0,12671.058807897149,11699.713757377816,41492934251.0,42293746542.0,252.0,0.0,2455.0,13996.086455177516,716.5243029175326,556.6948715178296,0.0,0.0,0.0,0.0,11735.318233191734,551.235301574925,428.19614729401655,0.0,0.0002798810601234436,0.0027652084827423096,0.0,11699.713757377816,716.5243029175326,556.6948715178296,0.0,0.0003205910325050354,0.0,0.0,11699.713757377816,546.6614491937216,424.68011331395246,19.734909115447245,0.0003205910325050354,0.0027652084827423096,0.0,11699.713757377816,546.6614491937216,424.68011331395246,0.3489153804257512,0.0003205910325050354,0.0027652084827423096,0.0,11699.713757377816,546.6614491937216,424.68011331395246,0.0,0.0003205910325050354,0.0031674206256866455,0.0,0.0,0.0,0.0,0.0,0.0,0.0,0.0,0.0,0.0,0.0,0.0,0.0,15122.91847553663,54761034327.0,12581.641627662117,41658229634.0,12829.02591239172,54761034327.0,12557.98085747688,82950672084.0,12539.038950919872,41292442450.0,12538.709253908368,41292442450.0,146.3871540762484,1135028861.0,133.1110994881019,1001304092.0,143.90734001249075,1135028861.0,132.81245732357397,2002608184.0,132.3683701455593,1001304092.0,132.34955398878083,1001304092.0,0.0,0.0,0.0,0.0,0.0,0.0,0.0,0.0,0.0,0.0,0.0,0.0,223584252.752,178315188.556,7.232424712262117,14.521753148349699,170638134.904,135673121.892,5.68562301573623,14.330105140649852,223584252.752,178315188.556,6.044687060603872,14.317128633298303,339813121.072,302066823.548,5.681025303472174,14.355879628386234,169174986.168,169174986.168,5.671107265508733,14.313939608640457,169174986.168,169174986.168,5.670951938203536,14.31369513945165,2455
PATENTS,query2,4,inf,32505.39564470132,30174.823930490995,103387751678.0,105253820784.0,0.0,0.0,5291.0,26768.801546303555,24958.57526485948,79654704378.0,81110678120.0,509.0,0.0,5291.0,26863.936441358645,24533.36387605546,72413726891.0,105253820784.0,669.0,0.0,5291.0,26223.16748619287,24533.36387605546,72413726891.0,154856626586.0,669.0,0.0,5291.0,26186.374909895007,24533.36387605546,72413726891.0,73745948466.0,669.0,0.0,5291.0,26185.64653998753,24533.36387605546,72413726891.0,73745948466.0,669.0,0.0,5291.0,30174.823930490995,1310.3101688872557,1020.2615453230683,0.0,0.0,0.0,0.0,24958.57526485948,1017.8217660472728,792.3974701669067,0.0,0.0006475429981946945,0.0063976868987083435,0.0,24533.36387605546,1310.3101688872557,1020.2615453230683,0.0,0.0008510928601026535,0.0,0.0,24533.36387605546,928.7439416949637,723.5294623966329,37.52295726605419,0.0008510928601026535,0.0063976868987083435,0.0,24533.36387605546,928.7439416949637,723.5294623966329,0.7303809681907296,0.0008510928601026535,0.0063976868987083435,0.0,24533.36387605546,928.7439416949637,723.5294623966329,0.0,0.0008510928601026535,0.008408747613430023,0.0,0.0,0.0,0.0,0.0,0.0,0.0,0.0,0.0,0.0,0.0,0.0,0.0,32295.458969159517,103857121332.0,26563.411622779677,79758553591.0,26657.50874133571,103857121332.0,26020.0011194135,152152377528.0,25983.793795752572,72393823937.0,25983.104541521287,72393823937.0,209.93667554180138,1396699452.0,205.38992352387868,1352124529.0,206.427700022934,1396699452.0,203.16636677936805,2704249058.0,202.58111414243467,1352124529.0,202.54199846624397,1352124529.0,0.0,0.0,0.0,0.0,0.0,0.0,0.0,0.0,0.0,0.0,0.0,0.0,421015283.136,269735810.736,6.904252723244484,15.288294790341798,324442712.48,191399690.396,5.174252515088766,15.098327682673697,421015283.136,269735810.736,5.4928616084754465,14.935229521146926,619426506.344,473514158.668,4.932625492751658,14.980131840336522,294983793.864,294983793.864,4.924022455672733,14.935473933230105,294983793.864,294983793.864,4.923880312938243,14.935229521146926,5291
PATENTS,query2,8,inf,62875.20244820742,57823.60870245937,220290616380.0,224390697639.0,0.0,0.0,10117.0,51009.53038432496,47293.01260156231,161079565258.0,164109579259.0,1011.0,0.0,10117.0,50709.048071201425,45657.45227087196,138360510237.0,224390697639.0,1615.0,0.0,10117.0,48929.291161390654,45657.45227087196,138360510237.0,305078315471.0,1615.0,0.0,10117.0,48854.786519848974,45657.45227087196,138360510237.0,140968736212.0,1615.0,0.0,10117.0,48853.379319696454,45657.45227087196,138360510237.0,140968736212.0,1615.0,0.0,10117.0,57823.60870245937,2840.06392941135,2211.529816336697,0.0,0.0,0.0,0.0,47293.01260156231,2089.188598366687,1627.3151908253785,0.0,0.0012861806899309158,0.012707389891147614,0.0,45657.45227087196,2840.06392941135,2211.529816336697,0.0,0.002054581418633461,0.0,0.0,45657.45227087196,1795.52387920022,1400.3808158987667,75.91943344839576,0.002054581418633461,0.012707389891147614,0.0,45657.45227087196,1795.52387920022,1400.3808158987667,1.4147919067181647,0.002054581418633461,0.012707389891147614,0.0,45657.45227087196,1795.52387920022,1400.3808158987667,0.0,0.002054581418633461,0.020299144089221954,0.0,0.0,0.0,0.0,0.0,0.0,0.0,0.0,0.0,0.0,0.0,0.0,0.0,62322.13216341147,220154111290.0,50519.02202338306,160497041832.0,50178.248779405374,220154111290.0,48484.14858394098,298243760919.0,48411.23577694781,137746719087.0,48409.90442169132,137746719087.0,553.0702847959474,4236586349.0,490.50836094189435,3612537427.0,530.799291796051,4236586349.0,445.14257744966807,6834554552.0,443.5507429011632,3222017125.0,443.4748980051372,3222017125.0,0.0,0.0,0.0,0.0,0.0,0.0,0.0,0.0,0.0,0.0,0.0,0.0,897562790.556,400532987.272,7.24684349572286,16.03125090626096,656438317.036,263297982.856,4.804510932013392,15.658892851078042,897562790.556,400532987.272,5.249506028475706,15.089155577579882,1220313261.884,791230982.704,4.302367559239471,15.132925381729265,563874944.848,563874944.848,4.296641688832548,15.089389767755845,563874944.848,563874944.848,4.296505331840832,15.089155577579882,10117
PATENTS,query3,2,inf,26562.969404760282,23492.027020074893,211683985059.0,213428283642.0,0.0,0.0,3008.0,24834.434681538958,22055.204024944454,191468574976.0,193047763877.0,159.0,0.0,3008.0,24002.122114387807,20931.179341685493,181482458370.0,213428283642.0,305.0,0.0,3008.0,23650.838348562866,20931.179341685493,181482458370.0,376021721929.0,305.0,0.0,3008.0,23562.041080112103,20931.179341685493,181482458370.0,182973958052.0,305.0,0.0,3008.0,23561.53353301296,20931.179341685493,181482458370.0,182973958052.0,305.0,0.0,3008.0,23492.027020074893,1642.5456540652085,1428.3967306201812,0.0,0.0,0.0,0.0,22055.204024944454,1486.6046027902048,1292.6238530350383,0.0,0.00020227767527103424,0.001998491585254669,0.0,20931.179341685493,1642.5456540652085,1428.3967306201812,0.0,0.0003880169242620468,0.0,0.0,20931.179341685493,1406.8479643689934,1223.5020053570624,89.30665064280676,0.0003880169242620468,0.001998491585254669,0.0,20931.179341685493,1406.8479643689934,1223.5020053570624,0.5093821920454502,0.0003880169242620468,0.001998491585254669,0.0,20931.179341685493,1406.8479643689934,1223.5020053570624,0.0,0.0003880169242620468,0.003833584487438202,0.0,0.0,0.0,0.0,0.0,0.0,0.0,0.0,0.0,0.0,0.0,0.0,0.0,26406.67337773717,211888955917.0,24678.138654515846,191508436152.0,23846.41047362401,211888955917.0,23497.58761852716,372982293707.0,23409.487903115572,181473857555.0,23408.994892813032,181473857555.0,156.2960270231124,1539327725.0,156.2960270231124,1539327725.0,155.711640763795,1539327725.0,153.25073003570665,3039428222.0,152.55317699653096,1500100497.0,152.5386401999276,1500100497.0,0.0,0.0,0.0,0.0,0.0,0.0,0.0,0.0,0.0,0.0,0.0,0.0,853713134.568,626909725.448,10.215459114500321,21.914374989663294,772191055.508,549153400.516,9.43827225943422,21.727396969106742,853713134.568,626909725.448,8.371711349716875,21.541117030237842,1504086887.716,1252169554.64,8.00966809231878,21.68563032322573,731895832.208,731895832.208,7.9744227744922975,21.53557244129837,731895832.208,731895832.208,7.9742406829572285,21.53533220546743,3008
PATENTS,query3,4,inf,53556.04394299025,47070.1875808849,450064673239.0,453723771748.0,0.0,0.0,5958.0,49094.63047711109,43436.95528793777,392513056945.0,395706368329.0,373.0,0.0,5958.0,45062.74829711113,38576.89064246416,337920304494.0,453723771748.0,1016.0,0.0,5958.0,43599.2402827746,38576.89064246416,337920304494.0,736337385546.0,1016.0,0.0,5958.0,43417.17793372413,38576.89064246416,337920304494.0,340631017217.0,1016.0,0.0,5958.0,43416.188951428514,38576.89064246416,337920304494.0,340631017217.0,1016.0,0.0,5958.0,47070.1875808849,3465.874809466768,3019.981552638579,0.0,0.0,0.0,0.0,43436.95528793777,3024.1628721198067,2633.5071542426012,0.0,0.0004745256155729294,0.004688285291194916,0.0,38576.89064246416,3465.874809466768,3019.981552638579,0.0,0.0012925416231155396,0.0,0.0,38576.89064246416,2585.512968466617,2253.7712777205743,183.0594132963287,0.0012925416231155396,0.004688285291194916,0.0,38576.89064246416,2585.512968466617,2253.7712777205743,0.997064245864749,0.0012925416231155396,0.004688285291194916,0.0,38576.89064246416,2585.512968466617,2253.7712777205743,0.0,0.0012925416231155396,0.012770235538482666,0.0,0.0,0.0,0.0,0.0,0.0,0.0,0.0,0.0,0.0,0.0,0.0,0.0,53221.94840850192,450412175872.0,48760.53494262276,392394772453.0,44736.80305773136,450412175872.0,43319.19174664171,730302602214.0,43138.63140865066,337907829761.0,43137.672105150064,337907829761.0,334.09553448832594,3311595876.0,334.09553448832594,3311595876.0,325.9452393797692,3311595876.0,280.0485361328857,6034783332.0,278.54652507347055,2723187456.0,278.5168462784495,2723187456.0,0.0,0.0,0.0,0.0,0.0,0.0,0.0,0.0,0.0,0.0,0.0,0.0,1814895086.992,869148706.636,10.396643732765689,22.998668844592288,1582825473.316,660132672.364,9.255248774014879,22.692555985110715,1814895086.992,869148706.636,6.776680994379334,22.438090565560383,2945349542.184,1957602648.316,6.2787416322611636,22.608652814696182,1362524068.868,1362524068.868,6.257989235190209,22.438335948439217,1362524068.868,1362524068.868,6.257819757169578,22.438090565560383,5958
PATENTS,query3,8,inf,106080.4501510358,93314.04156260844,876015508443.0,883312086987.0,0.0,0.0,11909.0,98099.87769254996,86675.55770385661,781592156244.0,788142653288.0,685.0,0.0,11909.0,82806.3416514881,70039.92945513944,583885167388.0,883312086987.0,2836.0,0.0,11909.0,78826.18645049857,70039.92945513944,583885167388.0,1376777810999.0,2836.0,0.0,11909.0,78463.61137276283,70039.92945513944,583885167388.0,588635157711.0,2836.0,0.0,11909.0,78461.60744733922,70039.92945513944,583885167388.0,588635157711.0,2836.0,0.0,11909.0,93314.04156260844,6830.33457971015,5936.074008717202,0.0,0.0,0.0,0.0,86675.55770385661,6114.235286287265,5310.075221104547,0.0,0.0008714478462934494,0.008609853684902191,0.0,70039.92945513944,6830.33457971015,5936.074008717202,0.0,0.003607921302318573,0.0,0.0,70039.92945513944,4503.099473445211,3918.539264782099,364.6060393568336,0.003607921302318573,0.008609853684902191,0.0,70039.92945513944,4503.099473445211,3918.539264782099,2.0309616210870445,0.003607921302318573,0.008609853684902191,0.0,70039.92945513944,4503.099473445211,3918.539264782099,0.0,0.003607921302318573,0.03564605116844177,0.0,0.0,0.0,0.0,0.0,0.0,0.0,0.0,0.0,0.0,0.0,0.0,0.0,105258.76551429927,875020710671.0,97278.19305581343,779851276972.0,82019.64944899152,875020710671.0,78240.86738037162,1362744828187.0,77882.05891384115,582893551215.0,77880.1228041749,582893551215.0,821.6846367365215,8291376316.0,821.6846367365215,8291376316.0,786.6922024965752,8291376316.0,585.3190701269393,14032982812.0,581.5524589216802,5741606496.0,581.4846431643236,5741606496.0,0.0,0.0,0.0,0.0,0.0,0.0,0.0,0.0,0.0,0.0,0.0,0.0,3533248347.948,1024577420.568,10.182957528613509,23.983202035490883,3152570613.152,745733022.928,9.088452239498496,23.786343578977036,3533248347.948,1024577420.568,5.83285434554005,22.9400609537729,5507111243.996,2984430905.296,5.095805226789298,23.10154240736973,2354540630.844,2354540630.844,5.071757868571672,22.94030005503278,2354540630.844,2354540630.844,5.071587248438504,22.9400609537729,11909
agnews,query1,2,inf,297.178399335593,41.28317794017494,4217683778.0,4514144202.0,0.0,0.0,502.0,294.7979120872915,41.068048988468945,4204711637.0,4498397010.0,24.0,0.0,502.0,285.898448638618,30.003126740455627,2970880431.0,4514144202.0,79.0,0.0,502.0,219.07342931341282,30.003126740455627,2970880431.0,7687140226.0,79.0,0.0,502.0,217.04637147532776,30.003126740455627,2970880431.0,3188743216.0,79.0,0.0,502.0,216.99309796001762,30.003126740455627,2970880431.0,3188743216.0,79.0,0.0,502.0,41.28317794017494,140.17250712495297,115.72271427046508,0.0,0.0,0.0,0.0,41.068048988468945,138.97705587279052,114.75247503444552,0.0,3.053247928619385e-05,0.00030165910720825195,0.0,30.003126740455627,140.17250712495297,115.72271427046508,0.0,0.00010050274431705475,0.0,0.0,30.003126740455627,102.43975509796292,84.54912265762687,2.081022655515877,0.00010050274431705475,0.00030165910720825195,0.0,30.003126740455627,102.43975509796292,84.54912265762687,0.05396481743082404,0.00010050274431705475,0.00030165910720825195,0.0,30.003126740455627,102.43975509796292,84.54912265762687,0.0,0.00010050274431705475,0.0009929612278938293,0.0,251.28964138776064,4217247270.0,251.26420994196087,4217247270.0,240.21984681207687,4217247270.0,175.42789095628288,7124840746.0,173.5251864376478,2907593476.0,173.47742237895727,2907593476.0,45.888757947832346,296896932.0,43.53370214533061,281149740.0,45.678601826541126,296896932.0,43.64553835712996,562299480.0,43.52118503767997,281149740.0,43.51567558106035,281149740.0,0.0,0.0,0.0,0.0,0.0,0.0,0.0,0.0,0.0,0.0,0.0,0.0,0.0,0.0,0.0,0.0,0.0,0.0,0.0,0.0,0.0,0.0,0.0,0.0,18056576.808,10555993.168,0.7069285292412468,0.9095657185362501,17993588.04,10493004.4,0.7068036716396517,0.9069720702699041,18056576.808,10555993.168,0.6782712483016605,0.9059718653178689,30748560.904,23221132.444,0.5101504980866888,0.8904840211807662,12754972.864,12754972.864,0.5050587607410681,0.8845052587949137,12754972.864,12754972.864,0.5049462510237999,0.8843471975015964,502
agnews,query1,4,inf,639.4256504615769,91.43931644875556,8822291222.0,9460497487.0,0.0,0.0,1069.0,627.5759036839008,90.39977834187448,8757494724.0,9381761527.0,74.0,0.0,1069.0,598.336508016102,50.34982160758227,4355260770.0,9460497487.0,277.0,0.0,1069.0,343.5274448924967,50.34982160758227,4355260770.0,14076717811.0,277.0,0.0,1069.0,339.3046601819806,50.34982160758227,4355260770.0,4694956284.0,277.0,0.0,1069.0,339.18985965196043,50.34982160758227,4355260770.0,4694956284.0,277.0,0.0,1069.0,91.43931644875556,299.99790730699897,247.98842670582235,0.0,0.0,0.0,0.0,90.39977834187448,294.0378705589101,243.1372305257246,0.0,9.414181113243103e-05,0.0009301155805587769,0.0,50.34982160758227,299.99790730699897,247.98842670582235,0.0,0.000352395698428154,0.0,0.0,50.34982160758227,158.0439210208133,130.79228297900409,4.340136773818065,0.000352395698428154,0.0009301155805587769,0.0,50.34982160758227,158.0439210208133,130.79228297900409,0.1173520633019507,0.000352395698428154,0.0009301155805587769,0.0,50.34982160758227,158.0439210208133,130.79228297900409,0.0,0.000352395698428154,0.003481648862361908,0.0,523.8558983299881,8711531419.0,523.7814305648208,8711531419.0,485.169374554418,8711531419.0,255.95133467705259,12846487939.0,252.02461710106581,4134956520.0,251.9232544079423,4134956520.0,115.56975213158876,748966068.0,103.79447311908007,670230108.0,113.16713346168399,748966068.0,87.5761102154441,1230229872.0,87.28004308091477,559999764.0,87.26660524401814,559999764.0,0.0,0.0,0.0,0.0,0.0,0.0,0.0,0.0,0.0,0.0,0.0,0.0,0.0,0.0,0.0,0.0,0.0,0.0,0.0,0.0,0.0,0.0,0.0,0.0,37841989.948,13689141.108,0.633233063806517,1.0779426126442369,37527046.108,13376571.232,0.6252975843178156,1.0779420227535927,37841989.948,13689141.108,0.5683396358353396,1.0696797702996392,56306871.244,31993256.164,0.1754929005831602,1.0247818909149278,18779825.136,18779825.136,0.17106765437369736,1.0181257218202477,18779825.136,18779825.136,0.17096661651172698,1.0179301928179574,1069
agnews,query1,8,inf,1241.1120485533029,176.5700105233118,16954789812.0,18198030404.0,0.0,0.0,2070.0,1212.7267026016489,174.1113030249253,16799350769.0,18009064100.0,126.0,0.0,2070.0,1136.2299044365063,71.6869173552841,5503123569.0,18198030404.0,746.0,0.0,2070.0,489.84663629580376,71.6869173552841,5503123569.0,24003782273.0,746.0,0.0,2070.0,481.7343863067217,71.6869173552841,5503123569.0,5994718173.0,746.0,0.0,2070.0,481.52317908778787,71.6869173552841,5503123569.0,5994718173.0,746.0,0.0,2070.0,176.5700105233118,582.6107579339296,481.9312800960615,0.0,0.0,0.0,0.0,174.1113030249253,568.3252463070676,470.2884092638269,0.0,0.0001602955162525177,0.0015837103128433228,0.0,71.6869173552841,582.6107579339296,481.9312800960615,0.0,0.0009490512311458588,0.0,0.0,71.6869173552841,223.96255755983293,185.8633785508573,8.33125006828547,0.0009490512311458588,0.0015837103128433228,0.0,71.6869173552841,223.96255755983293,185.8633785508573,0.21900007920339704,0.0009490512311458588,0.0015837103128433228,0.0,71.6869173552841,223.96255755983293,185.8633785508573,0.0,0.0009490512311458588,0.009376570582389832,0.0,1003.1772244554013,16659638900.0,1003.0525481337681,16659638900.0,903.241470085457,16659638900.0,308.08991806974825,21493898177.0,300.57337862299755,4834259277.0,300.3885874655098,4834259277.0,237.93482409790158,1538391504.0,209.67415446788073,1349425200.0,232.98843435104936,1538391504.0,181.75671822605554,2509884096.0,181.16100768372416,1160458896.0,181.1345916222781,1160458896.0,0.0,0.0,0.0,0.0,0.0,0.0,0.0,0.0,0.0,0.0,0.0,0.0,0.0,0.0,0.0,0.0,0.0,0.0,0.0,0.0,0.0,0.0,0.0,0.0,72792121.616,16731663.992,0.5670217654931456,1.1417433491863358,72036256.4,15980546.704,0.5546945136776151,1.1303660019364665,72792121.616,16731663.992,0.4898443476203404,1.1282255449323788,96015129.092,39553981.144,0.017973486745734967,1.0544946073320611,23978872.692,23978872.692,0.013755904067282195,1.0482826169448387,23978872.692,23978872.692,0.01366357712211198,1.048085733226045,2070
agnews,query2,2,inf,46.66819566767663,28.27532582450658,238033804.0,257442996.0,0.0,0.0,1785.0,44.88567366730422,26.94469111133367,236512187.0,255376320.0,155.0,0.0,1785.0,43.6043257554993,25.210905055515468,236101503.0,257442996.0,433.0,0.0,1785.0,43.159592617452354,25.210905055515468,236101503.0,510684916.0,433.0,0.0,1785.0,43.06943364441395,25.210905055515468,236101503.0,255308596.0,433.0,0.0,1785.0,43.044946105219424,25.210905055515468,236101503.0,255308596.0,433.0,0.0,1785.0,28.27532582450658,10.353089306503534,8.039780536666512,0.0,0.0,0.0,0.0,26.94469111133367,10.112919150851667,7.825918001122773,0.0,0.00019718892872333527,0.0019482150673866272,0.0,25.210905055515468,10.353089306503534,8.039780536666512,0.0,0.000550856813788414,0.0,0.0,25.210905055515468,10.004113149829209,7.823934610001743,0.11814073022475897,0.000550856813788414,0.0019482150673866272,0.0,25.210905055515468,10.004113149829209,7.823934610001743,0.027981757186353207,0.000550856813788414,0.0019482150673866272,0.0,25.210905055515468,10.004113149829209,7.823934610001743,0.0,0.000550856813788414,0.005442433059215546,0.0,30.75468837376684,205165955.0,29.134686457924545,203099279.0,28.98709192406386,205165955.0,28.64043709532547,406130834.0,28.569893777370453,203031555.0,28.546895251609385,203031555.0,15.913507293909788,52277041.0,15.750987209379673,52277041.0,14.617233831435442,52277041.0,14.519155522126885,104554082.0,14.499539867043495,52277041.0,14.498050853610039,52277041.0,0.0,0.0,0.0,0.0,0.0,0.0,0.0,0.0,0.0,0.0,0.0,0.0,0.0,0.0,0.0,0.0,0.0,0.0,0.0,0.0,0.0,0.0,0.0,0.0,1029771.984,1028581.58,0.008894736427813769,0.08833266985546795,1021505.28,1020314.876,0.008531539784744382,0.08803362421281634,1029771.984,1028581.58,0.006539846513420344,0.08764674195293336,2042739.664,2041078.58,0.006457209513500844,0.08782304321118925,1021234.384,1021234.384,0.006458876865915954,0.08752977418368679,1021234.384,1021234.384,0.006458169227465988,0.08747706569004803,1785
agnews,query2,4,inf,59.87169473711401,50.82647216133773,125619408.0,131208542.0,0.0,0.0,3345.0,57.02239391859621,48.72552836127579,123090114.0,127764082.0,239.0,0.0,3345.0,50.50126239005476,41.45430836826563,121359167.0,131208542.0,1361.0,0.0,3345.0,49.360244512730716,41.45430836826563,121359167.0,255142049.0,1361.0,0.0,3345.0,49.35167750483379,41.45430836826563,121359167.0,127377967.0,1361.0,0.0,3345.0,49.315241588279605,41.45430836826563,121359167.0,127377967.0,1361.0,0.0,3345.0,50.82647216133773,5.391462065279484,3.653760510496795,0.0,0.0,0.0,0.0,48.72552836127579,4.996234531514347,3.297322951257229,0.0,0.00030405260622501373,0.003004021942615509,0.0,41.45430836826563,5.391462065279484,3.653760510496795,0.0,0.0017314460128545761,0.0,0.0,41.45430836826563,4.556769092567265,3.285326096229255,0.05910548771309722,0.0017314460128545761,0.003004021942615509,0.0,41.45430836826563,4.556769092567265,3.285326096229255,0.05053847981616855,0.0017314460128545761,0.003004021942615509,0.0,41.45430836826563,4.556769092567265,3.285326096229255,0.0,0.0017314460128545761,0.017106585204601288,0.0,43.21865935437381,130686699.0,40.60057042911649,127242239.0,38.814235316589475,130686699.0,38.09581789654081,254111996.0,38.081496209837496,126869757.0,38.038763775490224,126869757.0,16.6530353827402,521843.0,16.42182348947972,521843.0,11.687027073465288,521843.0,11.264426616189905,1030053.0,11.270181294996291,508210.0,11.27647781278938,508210.0,0.0,0.0,0.0,0.0,0.0,0.0,0.0,0.0,0.0,0.0,0.0,0.0,0.0,0.0,0.0,0.0,0.0,0.0,0.0,0.0,0.0,0.0,0.0,0.0,524834.168,519286.796,0.007261949170380831,0.0541551500342786,511056.328,505508.956,0.006936140725389123,0.05364897923935202,524834.168,519286.796,0.0024193589780479668,0.053157650312408766,1020568.196,1014417.476,0.002179113534516638,0.052993735939124514,509511.868,509511.868,0.002181793942116201,0.052963829218968715,509511.868,509511.868,0.002182005528360605,0.052894845621660316,3345
agnews,query2,8,inf,143.84588046278805,103.49728831090033,427664964.0,466904088.0,0.0,0.0,6508.0,140.34789970051497,100.6451178882271,425558538.0,464148520.0,379.0,0.0,6508.0,117.89648779202253,77.543567661196,420567589.0,466904088.0,3402.0,0.0,6508.0,116.21652507726962,77.543567661196,420567589.0,926989614.0,3402.0,0.0,6508.0,116.10031055426225,77.543567661196,420567589.0,462841094.0,3402.0,0.0,6508.0,116.03979982621968,77.543567661196,420567589.0,462841094.0,3402.0,0.0,6508.0,103.49728831090033,23.251041296869516,17.0975508550182,0.0,0.0,0.0,0.0,100.6451178882271,22.88513514585793,16.812400807626545,0.0,0.00048215873539447784,0.004763700067996979,0.0,77.543567661196,23.251041296869516,17.0975508550182,0.0,0.004327978938817978,0.0,0.0,77.543567661196,21.677819466218352,16.771324541419744,0.2147217294287158,0.004327978938817978,0.004763700067996979,0.0,77.543567661196,21.677819466218352,16.771324541419744,0.09850720642134547,0.004327978938817978,0.004763700067996979,0.0,77.543567661196,21.677819466218352,16.771324541419744,0.0,0.004327978938817978,0.042760178446769714,0.0,85.63202724885195,292866324.0,82.58692125510424,290110756.0,75.0191468000412,292866324.0,74.37964829356946,578968618.0,74.32738549215719,288857862.0,74.25051684584469,288857862.0,58.21385321393609,174037764.0,57.76097844541073,174037764.0,42.87734099198133,174037764.0,41.83687678370016,348020996.0,41.77292506210506,173983232.0,41.78928298037499,173983232.0,0.0,0.0,0.0,0.0,0.0,0.0,0.0,0.0,0.0,0.0,0.0,0.0,0.0,0.0,0.0,0.0,0.0,0.0,0.0,0.0,0.0,0.0,0.0,0.0,1867616.352,1848725.036,0.007633829139173031,0.07084554800279433,1856594.08,1837702.764,0.007232331233099103,0.07079859340228135,1867616.352,1848725.036,0.0008956765867769718,0.0693441632971167,3707958.456,3687229.488,0.00046487798194236476,0.069416716766865,1851364.376,1851364.376,0.0004702752437442541,0.06940424278527493,1851364.376,1851364.376,0.000472156435251236,0.06933137600533659,6508
agnews,query3,2,inf,348.85208544600755,59.209090610966086,3020554446.0,3379203981.0,0.0,0.0,1149.0,342.13675604294986,57.97828778345138,2989398943.0,3340876822.0,54.0,0.0,1149.0,344.7189162457362,55.07570132240653,2806831699.0,3379203981.0,173.0,0.0,1149.0,322.2267983149634,55.07570132240653,2806831699.0,6476103272.0,173.0,0.0,1149.0,320.8731359243393,55.07570132240653,2806831699.0,3135226450.0,173.0,0.0,1149.0,320.68275674432516,55.07570132240653,2806831699.0,3135226450.0,173.0,0.0,1149.0,59.209090610966086,157.3650606153533,132.27793421968818,0.0,0.0,0.0,0.0,57.97828778345138,154.43200475350022,129.72571607492864,0.0,6.869807839393616e-05,0.0006787329912185669,0.0,55.07570132240653,157.3650606153533,132.27793421968818,0.0,0.00022008828818798065,0.0,0.0,55.07570132240653,144.3968711765483,121.20778969768435,1.5455372970448165,0.00022008828818798065,0.0006787329912185669,0.0,55.07570132240653,144.3968711765483,121.20778969768435,0.1918749064207077,0.00022008828818798065,0.0006787329912185669,0.0,55.07570132240653,144.3968711765483,121.20778969768435,0.0,0.00022008828818798065,0.002174459397792816,0.0,142.99169280845672,2093565984.0,142.59069359954447,2093535585.0,141.41186886280775,2093565984.0,136.2340748660596,4068070458.0,135.30012433091179,1974534873.0,135.2663672817871,1974534873.0,205.86039263755083,1285637997.0,199.5460624434054,1247341237.0,203.30704738292843,1285637997.0,185.9927234489038,2408032814.0,185.5730115934275,1160691577.0,185.41638946253806,1160691577.0,0.0,0.0,0.0,0.0,0.0,0.0,0.0,0.0,0.0,0.0,0.0,0.0,0.0,0.0,0.0,0.0,0.0,0.0,0.0,0.0,0.0,0.0,0.0,0.0,13516815.924,11056938.256,0.19028283845074476,0.7505630387520417,13363507.288,10983069.76,0.18645141559652983,0.7504598025498911,13516815.924,11056938.256,0.18644735729508102,0.7490398466842247,25904413.088,23165892.448,0.15382490370284543,0.7440582574063923,12540905.8,12540905.8,0.1533322108518332,0.7406488530109634,12540905.8,12540905.8,0.15315223469771444,0.7403684349292887,1149
agnews,query3,4,inf,762.668174142018,130.62539541721344,6790787095.0,7570404804.0,0.0,0.0,2310.0,748.8103299867362,128.32829456962645,6724573758.0,7489167511.0,112.0,0.0,2310.0,745.6692873230204,113.62573129218072,5746511685.0,7570404804.0,611.0,0.0,2310.0,634.0494652032697,113.62573129218072,5746511685.0,13870765172.0,611.0,0.0,2310.0,630.970617941115,113.62573129218072,5746511685.0,6381597661.0,611.0,0.0,2310.0,630.5911414269358,113.62573129218072,5746511685.0,6381597661.0,611.0,0.0,2310.0,130.62539541721344,343.95995933841914,288.0828193863854,0.0,0.0,0.0,0.0,128.32829456962645,337.7295868983492,282.75089829135686,0.0,0.0001424849033355713,0.0014077425003051758,0.0,113.62573129218072,343.95995933841914,288.0828193863854,0.0,0.0007773060351610184,0.0,0.0,113.62573129218072,281.56597460526973,235.39097848534584,3.46459577193798,0.0007773060351610184,0.0014077425003051758,0.0,113.62573129218072,281.56597460526973,235.39097848534584,0.3857485097832978,0.0007773060351610184,0.0014077425003051758,0.0,113.62573129218072,281.56597460526973,235.39097848534584,0.0,0.0007773060351610184,0.007679738104343414,0.0,331.8593097347766,4874633913.0,331.147571134381,4874542716.0,325.86096992436796,4874633913.0,297.660708897626,9157676634.0,295.4773434321396,4283133918.0,295.40855420101434,4283133918.0,430.80886440724134,2695770891.0,417.6627588523552,2614624795.0,419.80831739865243,2695770891.0,336.3887563056437,4713088538.0,335.49327450897545,2098463743.0,335.18258722592145,2098463743.0,0.0,0.0,0.0,0.0,0.0,0.0,0.0,0.0,0.0,0.0,0.0,0.0,0.0,0.0,0.0,0.0,0.0,0.0,0.0,0.0,0.0,0.0,0.0,0.0,30281619.216,17115134.436,0.14969224882125853,1.0695836208118124,29956670.044,16931925.816,0.14487246109545232,1.0664585386363785,30281619.216,17115134.436,0.14386467284150423,1.0576619028076528,55483060.688,41227008.06,0.09238444606533146,0.9995788887267306,25526390.644,25526390.644,0.09171142146084457,0.9945083109122698,25526390.644,25526390.644,0.0915491701606661,0.9942252383196722,2310
agnews,query3,8,inf,1513.2317563416436,234.9808631595224,13502864046.0,15082791680.0,0.0,0.0,4565.0,1469.0265369545668,229.53430232591927,13275951032.0,14805630462.0,198.0,0.0,4565.0,1455.4661318324506,177.2130123237148,9874095136.0,15082791680.0,1750.0,0.0,4565.0,1051.780756430811,177.2130123237148,9874095136.0,25742936641.0,1750.0,0.0,4565.0,1045.7003877474926,177.2130123237148,9874095136.0,10937306179.0,1750.0,0.0,4565.0,1044.9509677700698,177.2130123237148,9874095136.0,10937306179.0,1750.0,0.0,4565.0,234.9808631595224,695.5103176599368,582.7405755221844,0.0,0.0,0.0,0.0,229.53430232591927,674.4086352977902,565.0808587502688,0.0,0.00025189295411109924,0.0024886876344680786,0.0,177.2130123237148,695.5103176599368,582.7405755221844,0.0,0.0022263266146183014,0.0,0.0,177.2130123237148,472.4511083755642,395.26262476760894,6.84929594967386,0.0022263266146183014,0.0024886876344680786,0.0,177.2130123237148,472.4511083755642,395.26262476760894,0.7689272663556039,0.0022263266146183014,0.0024886876344680786,0.0,177.2130123237148,472.4511083755642,395.26262476760894,0.0,0.0022263266146183014,0.02199597656726837,0.0,622.3600363424048,9484775049.0,621.2689726566896,9484531857.0,602.8401052122936,9484775049.0,507.0709714175962,17021163325.0,502.818917486351,7536631468.0,502.6910844827071,7536631468.0,890.8717199992388,5598016631.0,847.7575642978773,5321098605.0,852.6260266201571,5598016631.0,544.7097850132147,8721773316.0,542.8814702611417,3400674711.0,542.2598832873628,3400674711.0,0.0,0.0,0.0,0.0,0.0,0.0,0.0,0.0,0.0,0.0,0.0,0.0,0.0,0.0,0.0,0.0,0.0,0.0,0.0,0.0,0.0,0.0,0.0,0.0,60331166.72,25314213.152,0.14919286131486298,1.3685268529387185,59222521.848,24527717.244,0.14463165967538952,1.345032620805315,60331166.72,25314213.152,0.13936994553729892,1.3295897434616455,102971746.564,66240847.788,0.04706701188468661,1.0768528714349261,43749224.716,43749224.716,0.045973069888539615,1.0712813761232411,43749224.716,43749224.716,0.04581025015003979,1.0709964190449557,4565
agnews,query4,2,inf,333.1311272867024,54.892551391385496,3551072396.0,3886320552.0,0.0,0.0,1192.0,330.62932651489973,54.207841200754046,3541783089.0,3874676875.0,47.0,0.0,1192.0,329.4178320867941,51.17906281910837,3345990913.0,3886320552.0,152.0,0.0,1192.0,312.7413621813019,51.17906281910837,3345990913.0,7533321200.0,152.0,0.0,1192.0,311.15074975276366,51.17906281910837,3345990913.0,3658644325.0,152.0,0.0,1192.0,310.9502011202276,51.17906281910837,3345990913.0,3658644325.0,152.0,0.0,1192.0,54.892551391385496,151.91285103280097,126.32572486251593,0.0,0.0,0.0,0.0,54.207841200754046,150.93616322614253,125.48467154614627,0.0,5.979277193546295e-05,0.0005907490849494934,0.0,51.17906281910837,151.91285103280097,126.32572486251593,0.0,0.00019337236881256104,0.0,0.0,51.17906281910837,141.8607454765588,117.9082889445126,1.7924808196683513,0.00019337236881256104,0.0005907490849494934,0.0,51.17906281910837,141.8607454765588,117.9082889445126,0.20186839113011956,0.00019337236881256104,0.0005907490849494934,0.0,51.17906281910837,141.8607454765588,117.9082889445126,0.0,0.00019337236881256104,0.0019105076789855957,0.0,190.50440041162074,3027248648.0,190.25885758642107,3027248648.0,188.8055139388889,3027248648.0,182.04323661449004,5895829680.0,180.68447529431432,2868581032.0,180.6433035209775,2868581032.0,142.62672687508166,859071904.0,140.37046892847866,847428227.0,140.61231814790517,859071904.0,130.69812556681185,1637491520.0,130.46627445844933,790063293.0,130.30689759925008,790063293.0,0.0,0.0,0.0,0.0,0.0,0.0,0.0,0.0,0.0,0.0,0.0,0.0,0.0,0.0,0.0,0.0,0.0,0.0,0.0,0.0,0.0,0.0,0.0,0.0,15545282.208,13037364.38,0.1841810472495854,0.8039825399639082,15498707.5,13007847.732,0.1825210351794958,0.8039432808043433,15545282.208,13037364.38,0.17936792426370085,0.802186082616262,30133284.8,27268756.048,0.15442735550721667,0.7957212258451536,14634577.3,14634577.3,0.15411072331480682,0.7913307649619875,14634577.3,14634577.3,0.15391008858196437,0.791048236485943,1192
agnews,query4,4,inf,715.4095203205943,122.24634370673448,7752115236.0,8464499384.0,0.0,0.0,2514.0,707.7077000299469,119.85366876516491,7725467769.0,8430906063.0,117.0,0.0,2514.0,697.12865625415,103.96474813297391,6635538341.0,8464499384.0,575.0,0.0,2514.0,609.3852682455394,103.96474813297391,6635538341.0,15667679350.0,575.0,0.0,2514.0,605.8947436525486,103.96474813297391,6635538341.0,7236773287.0,575.0,0.0,2514.0,605.4907674407586,103.96474813297391,6635538341.0,7236773287.0,575.0,0.0,2514.0,122.24634370673448,323.8018496921286,269.36132692173123,0.0,0.0,0.0,0.0,119.85366876516491,320.9594534859061,266.89295834489167,0.0,0.000148845836520195,0.0014705881476402283,0.0,103.96474813297391,323.8018496921286,269.36132692173123,0.0,0.0007315073162317276,0.0,0.0,103.96474813297391,273.9304223265499,227.58763822447509,3.9002574660766034,0.0007315073162317276,0.0014705881476402283,0.0,103.96474813297391,273.9304223265499,227.58763822447509,0.40973287308588624,0.0007315073162317276,0.0014705881476402283,0.0,103.96474813297391,273.9304223265499,227.58763822447509,0.0,0.0007315073162317276,0.007227249443531036,0.0,428.2314630905166,6739923661.0,427.14579668082297,6739923661.0,418.4657861441374,6739923661.0,373.72919919895685,12545601474.0,370.70201227162033,5805677813.0,370.61331336945295,5805677813.0,287.1780572300777,1724575723.0,280.5619033491239,1690982402.0,278.6628701100126,1724575723.0,235.65606904658253,3122077876.0,235.1927313809283,1431095474.0,234.8774540713057,1431095474.0,0.0,0.0,0.0,0.0,0.0,0.0,0.0,0.0,0.0,0.0,0.0,0.0,0.0,0.0,0.0,0.0,0.0,0.0,0.0,0.0,0.0,0.0,0.0,0.0,33857997.536,20761357.432,0.11945567473955453,1.132683179993368,33723624.252,20705521.016,0.11633675618842244,1.132641154254041,33857997.536,20761357.432,0.10997063481062651,1.1241639230478553,62670717.4,48536450.228,0.06251128088348888,1.0850986344423905,28947093.148,28947093.148,0.06217783144302666,1.0788935503093522,28947093.148,28947093.148,0.06202429984509945,1.0786082505973051,2514
agnews,query4,8,inf,1449.8841907130554,247.71647541876882,15584396377.0,17030702705.0,0.0,0.0,5251.0,1432.358055143617,242.47328557353467,15524620798.0,16954826934.0,282.0,0.0,5251.0,1396.0219444846734,193.85203848499805,12281863239.0,17030702705.0,1722.0,0.0,5251.0,1120.2681911420682,193.85203848499805,12281863239.0,30336886293.0,1722.0,0.0,5251.0,1113.2769477139227,193.85203848499805,12281863239.0,13382059359.0,1722.0,0.0,5251.0,1112.4427457787097,193.85203848499805,12281863239.0,13382059359.0,1722.0,0.0,5251.0,247.71647541876882,655.8772570444271,546.2904582498595,0.0,0.0,0.0,0.0,242.47328557353467,649.3313118992373,540.5495544197038,0.0,0.0003587566316127777,0.0035444945096969604,0.0,193.85203848499805,655.8772570444271,546.2904582498595,0.0,0.0021907053887844086,0.0,0.0,193.85203848499805,501.4879102529958,417.07896229438484,7.843544909791054,0.0021907053887844086,0.0035444945096969604,0.0,193.85203848499805,501.4879102529958,417.07896229438484,0.8523014816455543,0.0021907053887844086,0.0035444945096969604,0.0,193.85203848499805,501.4879102529958,417.07896229438484,0.0,0.0021907053887844086,0.021644040942192078,0.0,855.6245108107105,13450466812.0,853.4867636756971,13450466812.0,828.365626655519,13450466812.0,699.1166199300014,24253796298.0,693.103534147609,10803329486.0,692.9010670622811,10803329486.0,594.2596799023449,3580235893.0,578.87129146792,3504360122.0,567.6563178291544,3580235893.0,421.15157121206676,6083089995.0,420.1734135663137,2578729873.0,419.5416787164286,2578729873.0,0.0,0.0,0.0,0.0,0.0,0.0,0.0,0.0,0.0,0.0,0.0,0.0,0.0,0.0,0.0,0.0,0.0,0.0,0.0,0.0,0.0,0.0,0.0,0.0,68122810.82,27770777.58,0.09212773186713458,1.3970561999099325,67819307.736,27756313.204,0.0892842372301966,1.39705505293142,68122810.82,27770777.58,0.08271479541063309,1.3668560871349644,121347545.172,78499170.304,0.043050188311306456,1.1870349578903683,53528237.436,53528237.436,0.042209412975236775,1.179976350484229,53528237.436,53528237.436,0.04206992777250707,1.1796908223496745,5251
bookreview,query1,2,inf,16.783670481294394,3.575111267156899,119668385.0,133062129.0,0.0,0.0,2170.0,16.179725082591176,3.4426399981603026,111675575.0,124613238.0,120.0,0.0,2170.0,15.99699336476624,2.787852761335671,93931264.0,133062129.0,457.0,0.0,2170.0,12.847811491068555,2.787852761335671,93931264.0,228305103.0,457.0,0.0,2170.0,13.149643550161272,2.787852761335671,93931264.0,103691865.0,457.0,0.0,2170.0,12.794399425387383,2.787852761335671,93931264.0,103691865.0,457.0,0.0,2170.0,3.575111267156899,7.395407500676811,5.813151713460684,0.0,0.0,0.0,0.0,3.4426399981603026,7.133478373289108,5.601945753209293,0.0,0.00015266239643096924,0.0015082955360412598,0.0,2.787852761335671,7.395407500676811,5.813151713460684,0.0,0.0005813892930746078,0.0,0.0,2.787852761335671,5.628125581890345,4.3720956007018685,0.05764786231155529,0.0005813892930746078,0.0015082955360412598,0.0,2.787852761335671,5.628125581890345,4.3720956007018685,0.3594799214042723,0.0005813892930746078,0.0015082955360412598,0.0,2.787852761335671,5.628125581890345,4.3720956007018685,0.0,0.0005813892930746078,0.005744092166423798,0.0,0.0,0.0,0.0,0.0,0.0,0.0,0.0,0.0,0.0,0.0,0.0,0.0,12.592578599229455,74645843.0,12.450928620994091,73934993.0,12.058506907895207,74645843.0,9.581024127794137,134028289.0,9.692154565360397,60093296.0,9.548982635140419,60093296.0,4.1910918820649385,58416286.0,3.728796461597085,50678245.0,3.9384864568710327,58416286.0,3.266787363274418,94276814.0,3.457488984800875,43598569.0,3.2454167902469635,43598569.0,0.0,0.0,0.0,0.0,0.0,0.0,0.0,0.0,0.0,0.0,0.0,0.0,532248.516,344505.272,0.006114832881838083,0.02400611640810966,498452.952,316150.736,0.005879020392894745,0.023981773287057872,532248.516,344505.272,0.005752912929281592,0.02330145577806979,913220.412,704284.08,0.004315084406210048,0.020585514455695886,414767.46,414767.46,0.004457315798848867,0.020808871023543174,414767.46,414767.46,0.004292378889396787,0.02052345710024237,2170
bookreview,query1,4,inf,34.98065125010908,7.30361573304981,254962224.0,283139414.0,0.0,0.0,4402.0,33.43039866629988,6.96626060269773,234952782.0,261936984.0,298.0,0.0,4402.0,32.28085464425385,4.601877770386636,166295301.0,283139414.0,1526.0,0.0,4402.0,21.21411694640387,4.601877770386636,166295301.0,443621650.0,1526.0,0.0,4402.0,21.831602443475276,4.601877770386636,166295301.0,181684666.0,1526.0,0.0,4402.0,21.10837605036795,4.601877770386636,166295301.0,181684666.0,1526.0,0.0,4402.0,7.30361573304981,15.476348656229675,12.200686860829592,0.0,0.0,0.0,0.0,6.96626060269773,14.804520764388144,11.655492587015033,0.0,0.0003791116178035736,0.0037456005811691284,0.0,4.601877770386636,15.476348656229675,12.200686860829592,0.0,0.0019413568079471588,0.0,0.0,4.601877770386636,9.312712790444493,7.172663641162217,0.12117578702140827,0.0019413568079471588,0.0037456005811691284,0.0,4.601877770386636,9.312712790444493,7.172663641162217,0.7386612840928137,0.0019413568079471588,0.0037456005811691284,0.0,4.601877770386636,9.312712790444493,7.172663641162217,0.0,0.0019413568079471588,0.01918049156665802,0.0,0.0,0.0,0.0,0.0,0.0,0.0,0.0,0.0,0.0,0.0,0.0,0.0,26.07623514160514,153932111.0,25.673504695296288,151926590.0,24.196694412268698,153932111.0,15.288140455732282,251544236.0,15.51566289132461,99617646.0,15.225473939441144,99617646.0,8.904416108503938,129207303.0,7.756893971003592,110010394.0,8.084160231985152,129207303.0,5.925976490671587,192077414.0,6.315939552150667,82067020.0,5.882902110926807,82067020.0,0.0,0.0,0.0,0.0,0.0,0.0,0.0,0.0,0.0,0.0,0.0,0.0,1132557.656,465045.04,0.005443697188049555,0.025068422181904314,1047747.936,417199.656,0.005162236893549561,0.025062013576552272,1132557.656,465045.04,0.004938603918999434,0.023922743723727758,1774486.6,1072749.704,0.0025860990713042695,0.019823441706043842,726738.664,726738.664,0.0027366661159321667,0.020048342010565098,726738.664,726738.664,0.0025632076524198053,0.019764755467325444,4402
bookreview,query1,8,inf,69.43776735663414,14.656540569849312,501306623.0,556774514.0,0.0,0.0,8781.0,66.69205449614674,14.064683120697737,467774102.0,521124977.0,504.0,0.0,8781.0,62.36735707055777,7.581116596236825,272648073.0,556774514.0,3941.0,0.0,8781.0,33.342889634481466,7.581116596236825,272648073.0,816300922.0,3941.0,0.0,8781.0,34.56828228197992,7.581116596236825,272648073.0,295175945.0,3941.0,0.0,8781.0,33.14500988088548,7.581116596236825,272648073.0,295175945.0,3941.0,0.0,8781.0,14.656540569849312,30.639432194642723,24.141794592142105,0.0,0.0,0.0,0.0,14.064683120697737,29.445444316603243,23.174951035529375,0.0,0.0006411820650100708,0.006334841251373291,0.0,7.581116596236825,30.639432194642723,24.141794592142105,0.0,0.005013687536120415,0.0,0.0,7.581116596236825,14.486503841355443,11.022840816527605,0.2410798515741034,0.005013687536120415,0.006334841251373291,0.0,7.581116596236825,14.486503841355443,11.022840816527605,1.4664724990725517,0.005013687536120415,0.006334841251373291,0.0,7.581116596236825,14.486503841355443,11.022840816527605,0.0,0.005013687536120415,0.04953493922948837,0.0,0.0,0.0,0.0,0.0,0.0,0.0,0.0,0.0,0.0,0.0,0.0,0.0,52.08540091384202,313805523.0,51.22813023813069,309544089.0,47.01084968447685,313805523.0,22.971305861620067,468466494.0,23.41543772118166,158922405.0,22.849184778518975,158922405.0,17.352366442792118,242968991.0,15.46392425801605,211580888.0,15.35650738608092,242968991.0,10.3715837728614,347834428.0,11.152844560798258,136253540.0,10.295825102366507,136253540.0,0.0,0.0,0.0,0.0,0.0,0.0,0.0,0.0,0.0,0.0,0.0,0.0,2227098.056,561930.34,0.004537502694875002,0.025132567272894084,2084499.908,506640.236,0.004290623594075441,0.02513077039774507,2227098.056,561930.34,0.004080582836642861,0.023596706493757662,3265203.688,1566639.644,0.0018852208544101183,0.01819874996432475,1180703.78,1180703.78,0.0020471646273508668,0.018419557655882084,1180703.78,1180703.78,0.00186120842769742,0.018143680372275404,8781
bookreview,query2,2,inf,8.413849542848766,3.0433781556785107,59153134.0,60334301.0,0.0,0.0,2003.0,7.677452431991696,2.8823669077828526,54934842.0,55516742.0,105.0,0.0,2003.0,8.044427775777876,2.6736637856811285,51627268.0,60334301.0,230.0,0.0,2003.0,7.008145179982637,2.6736637856811285,51627268.0,107456853.0,230.0,0.0,2003.0,7.21630988502875,2.6736637856811285,51627268.0,51940111.0,230.0,0.0,2003.0,6.9840334840118885,2.6736637856811285,51627268.0,51940111.0,230.0,0.0,2003.0,3.0433781556785107,3.281395542435348,2.089075844734907,0.0,0.0,0.0,0.0,2.8823669077828526,2.95964617934078,1.8339860066771507,0.0,0.00013357959687709808,0.0013197585940361023,0.0,2.6736637856811285,3.281395542435348,2.089075844734907,0.0,0.00029260292649269104,0.0,0.0,2.6736637856811285,2.6739298114553094,1.6332563841715455,0.025682837154124335,0.00029260292649269104,0.0013197585940361023,0.0,2.6736637856811285,2.6739298114553094,1.6332563841715455,0.2338475422002375,0.00029260292649269104,0.0013197585940361023,0.0,2.6736637856811285,2.6739298114553094,1.6332563841715455,0.0,0.00029260292649269104,0.0028908997774124146,0.0,0.0,0.0,0.0,0.0,0.0,0.0,0.0,0.0,0.0,0.0,0.0,0.0,5.125001518055797,16905796.0,4.611257206648588,14442708.0,4.896660845726728,16905796.0,4.076302385583119,26769980.0,4.114163371734321,12327272.0,4.070337423123419,12327272.0,3.2888480247929692,43428505.0,3.066195225343108,41074034.0,3.147766930051148,43428505.0,2.9318427943995173,80686873.0,3.1021465132944286,39612839.0,2.913696060888469,39612839.0,0.0,0.0,0.0,0.0,0.0,0.0,0.0,0.0,0.0,0.0,0.0,0.0,241337.204,173762.248,0.0028664835356175897,0.010253228756971655,222066.968,157445.612,0.002766221459954977,0.009872987553663549,241337.204,173762.248,0.0027626757584512233,0.009945674117468295,429827.412,348791.916,0.0026424221135104026,0.008969378918729492,207760.444,207760.444,0.0027483479231595995,0.009130320683028544,207760.444,207760.444,0.00263477561250329,0.008931060887686906,2003
bookreview,query2,4,inf,16.53709706477821,6.140050469897687,119570755.0,121362704.0,0.0,0.0,4044.0,15.543285463005304,5.884534451179206,113925063.0,115046639.0,181.0,0.0,4044.0,15.391845033504069,4.993860837072134,101035120.0,121362704.0,737.0,0.0,4044.0,12.842964143911363,4.993860837072134,101035120.0,216528693.0,737.0,0.0,4044.0,13.26971472101286,4.993860837072134,101035120.0,101482054.0,737.0,0.0,4044.0,12.796730362810194,4.993860837072134,101035120.0,101482054.0,737.0,0.0,4044.0,6.140050469897687,6.3844892689958215,4.0125573258847,0.0,0.0,0.0,0.0,5.884534451179206,5.965702853165567,3.6905428804457188,0.0,0.0002302657812833786,0.0022750124335289,0.0,4.993860837072134,6.3844892689958215,4.0125573258847,0.0,0.0009376015514135361,0.0,0.0,4.993860837072134,4.84672518633306,2.9459432894364,0.053222217084826946,0.0009376015514135361,0.0022750124335289,0.0,4.993860837072134,4.84672518633306,2.9459432894364,0.4799727941863239,0.0009376015514135361,0.0022750124335289,0.0,4.993860837072134,4.84672518633306,2.9459432894364,0.0,0.0009376015514135361,0.009263448417186737,0.0,0.0,0.0,0.0,0.0,0.0,0.0,0.0,0.0,0.0,0.0,0.0,0.0,9.926336790435016,31958650.0,9.280632706359029,29042162.0,9.197537477128208,31958650.0,7.199919240098392,50313588.0,7.27728186827153,21271426.0,7.189689049497247,21271426.0,6.610760274343193,89404054.0,6.2626527566462755,86004477.0,6.194307556375861,89404054.0,5.643044903812972,166215105.0,5.992432852741331,80210628.0,5.607041313312948,80210628.0,0.0,0.0,0.0,0.0,0.0,0.0,0.0,0.0,0.0,0.0,0.0,0.0,485450.816,245164.656,0.0027442803625017404,0.012482387677580113,460186.556,230035.772,0.0026815295238047836,0.01212264428790658,485450.816,245164.656,0.002557854175567627,0.011913898289389902,866114.772,583783.0,0.0024448136059649662,0.00991778573690449,405928.216,405928.216,0.002529562409967184,0.010092977525945745,405928.216,405928.216,0.0024386606477200985,0.00986852840613573,4044
bookreview,query2,8,inf,34.50613748282194,12.4385737311095,247363093.0,252966079.0,0.0,0.0,8198.0,32.37560031656176,11.882166032679379,234742419.0,238980132.0,408.0,0.0,8198.0,30.86101074423641,8.790498063899577,186295727.0,252966079.0,2318.0,0.0,8198.0,22.64571547201415,8.790498063899577,186295727.0,426623613.0,2318.0,0.0,8198.0,23.51023843185976,8.790498063899577,186295727.0,187643481.0,2318.0,0.0,8198.0,22.55916688963771,8.790498063899577,186295727.0,187643481.0,2318.0,0.0,8198.0,12.4385737311095,13.454076034016907,8.613487717695534,0.0,0.0,0.0,0.0,11.882166032679379,12.55644059740007,7.931346429511905,0.0,0.0005190521478652954,0.005128204822540283,0.0,8.790498063899577,13.454076034016907,8.613487717695534,0.0,0.002948928624391556,0.0,0.0,8.790498063899577,8.533161797560751,5.203422857448459,0.11055561965842912,0.002948928624391556,0.005128204822540283,0.0,8.790498063899577,8.533161797560751,5.203422857448459,0.9750785795040429,0.002948928624391556,0.005128204822540283,0.0,8.790498063899577,8.533161797560751,5.203422857448459,0.0,0.002948928624391556,0.029135242104530334,0.0,0.0,0.0,0.0,0.0,0.0,0.0,0.0,0.0,0.0,0.0,0.0,0.0,21.213358744978905,76238131.0,19.909703068435192,70327677.0,18.844637078233063,76238131.0,12.387002449344454,112071036.0,12.548912521917373,41743359.0,12.365930908359587,41743359.0,13.292778737843037,176727948.0,12.465897248126566,168652455.0,12.016373666003346,176727948.0,10.258713022669694,314552577.0,10.961325909942389,145900122.0,10.193235981278121,145900122.0,0.0,0.0,0.0,0.0,0.0,0.0,0.0,0.0,0.0,0.0,0.0,0.0,1011864.316,335039.752,0.0027008015885949133,0.014894622303731736,955920.528,320699.94,0.002641461255028844,0.01480929667744785,1011864.316,335039.752,0.002448843590915203,0.013552242421731349,1706494.452,965140.292,0.0022235226658297823,0.009463832174263302,750573.924,750573.924,0.002285484688356519,0.009636030945088709,750573.924,750573.924,0.002216533387079835,0.00940436930749565,8198
bookreview,query3,2,inf,7.063800451345742,2.517356939613819,43401767.0,44702523.0,0.0,0.0,1732.0,6.741221899166703,2.369746637530625,42059864.0,43555725.0,132.0,0.0,1732.0,6.681318792514503,2.13449489697814,39488322.0,44702523.0,299.0,0.0,1732.0,6.138446161402963,2.13449489697814,39488322.0,84416793.0,299.0,0.0,1732.0,6.295038576703519,2.13449489697814,39488322.0,40861068.0,299.0,0.0,1732.0,6.120395706035197,2.13449489697814,39488322.0,40861068.0,299.0,0.0,1732.0,2.517356939613819,2.8019358683377504,1.7445076433941722,0.0,0.0,0.0,0.0,2.369746637530625,2.681685684248805,1.6879625236615539,0.0,0.00016792863607406616,0.0016591250896453857,0.0,2.13449489697814,2.8019358683377504,1.7445076433941722,0.0,0.00038038380444049835,0.0,0.0,2.13449489697814,2.445584263652563,1.5361779918894172,0.020149499988756942,0.00038038380444049835,0.0016591250896453857,0.0,2.13449489697814,2.445584263652563,1.5361779918894172,0.1767419152893126,0.00038038380444049835,0.0016591250896453857,0.0,2.13449489697814,2.445584263652563,1.5361779918894172,0.0,0.00038038380444049835,0.003758169710636139,0.0,0.0,0.0,0.0,0.0,0.0,0.0,0.0,0.0,0.0,0.0,0.0,0.0,5.160544450394809,26630579.0,4.996984178200364,26068409.0,4.939107203856111,26630579.0,4.517563740972874,50293306.0,4.6165745672769845,24224897.0,4.506559929810464,24224897.0,1.9032560009509325,18071944.0,1.7442377209663391,17487316.0,1.7422115886583924,18071944.0,1.6208824204300891,34123487.0,1.6784640094265342,16636171.0,1.6138357762247324,16636171.0,0.0,0.0,0.0,0.0,0.0,0.0,0.0,0.0,0.0,0.0,0.0,0.0,178810.092,144834.784,0.0028972439914941787,0.010228812586888668,174222.9,141905.972,0.002866550387814641,0.010209575246833262,178810.092,144834.784,0.002747061600908637,0.010079425835050641,337667.172,297973.176,0.002476905924660167,0.009934683440680828,163444.272,163444.272,0.0025511623322963715,0.010130083481129256,163444.272,163444.272,0.0024724189359694717,0.009903087817318735,1732
bookreview,query3,4,inf,13.107383457943797,4.947675049304962,68117387.0,69612959.0,0.0,0.0,3460.0,12.537611269392073,4.689230339601636,65762069.0,67690192.0,244.0,0.0,3460.0,11.979879476130009,3.8190350048244,57503774.0,69612959.0,893.0,0.0,3460.0,10.269729602554154,3.8190350048244,57503774.0,126747703.0,893.0,0.0,3460.0,10.581619971431792,3.8190350048244,57503774.0,59057511.0,893.0,0.0,3460.0,10.246572518721223,3.8190350048244,57503774.0,59057511.0,893.0,0.0,3460.0,4.947675049304962,5.085741683840752,3.0739667247980833,0.0,0.0,0.0,0.0,4.689230339601636,4.866239886730909,2.9787637619301677,0.0,0.00031041353940963745,0.0030668675899505615,0.0,3.8190350048244,5.085741683840752,3.0739667247980833,0.0,0.001136062666773796,0.0,0.0,3.8190350048244,3.984516715630889,2.43066050298512,0.03131444885702064,0.001136062666773796,0.0030668675899505615,0.0,3.8190350048244,3.984516715630889,2.43066050298512,0.3432048177346587,0.001136062666773796,0.0030668675899505615,0.0,3.8190350048244,3.984516715630889,2.43066050298512,0.0,0.001136062666773796,0.011224232614040375,0.0,0.0,0.0,0.0,0.0,0.0,0.0,0.0,0.0,0.0,0.0,0.0,0.0,9.583076974377036,45581558.0,9.353550568223,44818180.0,8.930043163709342,45581558.0,7.618557272465941,82639092.0,7.817394878249615,37820912.0,7.601468790322542,37820912.0,3.524306483566761,24031401.0,3.1840607011690736,22872012.0,3.049836312420666,24031401.0,2.6511723300882126,44108611.0,2.7642250931821764,21236599.0,2.6451037283986807,21236599.0,0.0,0.0,0.0,0.0,0.0,0.0,0.0,0.0,0.0,0.0,0.0,0.0,278451.836,171162.016,0.002435469750314951,0.01046120594665408,270760.768,168026.976,0.0023971064500510693,0.010458986817859112,278451.836,171162.016,0.002264122862368822,0.010216620302945373,506990.812,381506.224,0.0017687428220259252,0.009918284156218008,236230.044,236230.044,0.0018275393787771464,0.010140327093284574,236230.044,236230.044,0.0017665761709213257,0.009889533714577552,3460
bookreview,query3,8,inf,25.368102541193366,9.707435496151447,133843218.0,136085610.0,0.0,0.0,6816.0,24.34264838322997,9.219984462484717,130008614.0,133227553.0,466.0,0.0,6816.0,22.253834773786366,6.5901043033227324,103979180.0,136085610.0,2408.0,0.0,6816.0,17.492473078707004,6.5901043033227324,103979180.0,239449900.0,2408.0,0.0,6816.0,18.095549608580768,6.5901043033227324,103979180.0,106222347.0,2408.0,0.0,6816.0,17.455249360762537,6.5901043033227324,103979180.0,106222347.0,2408.0,0.0,6816.0,9.707435496151447,9.806121729314327,5.8545453157275915,0.0,0.0,0.0,0.0,9.219984462484717,9.412381337955594,5.703832529485226,0.0,0.0005928389728069305,0.005857214331626892,0.0,6.5901043033227324,9.806121729314327,5.8545453157275915,0.0,0.0030634254217147827,0.0,0.0,6.5901043033227324,6.763745662756264,4.068069505505264,0.06163296736940127,0.0030634254217147827,0.005857214331626892,0.0,6.5901043033227324,6.763745662756264,4.068069505505264,0.664709497243166,0.0030634254217147827,0.005857214331626892,0.0,6.5901043033227324,6.763745662756264,4.068069505505264,0.0,0.0030634254217147827,0.03026646375656128,0.0,0.0,0.0,0.0,0.0,0.0,0.0,0.0,0.0,0.0,0.0,0.0,0.0,18.40221579745412,84046373.0,17.96434394456446,82568585.0,16.505899493582547,84046373.0,12.731630059118016,144003077.0,13.11601429246366,61434492.0,12.704581471160054,61434492.0,6.965886743739247,52039237.0,6.378304438665509,50658968.0,5.747935280203819,52039237.0,4.760843019588987,95446823.0,4.979535316117108,44787855.0,4.750667889602482,44787855.0,0.0,0.0,0.0,0.0,0.0,0.0,0.0,0.0,0.0,0.0,0.0,0.0,544342.44,247110.076,0.0020804176703095438,0.011309656268171963,532910.212,244821.284,0.0020554902367293836,0.011309119569882748,544342.44,247110.076,0.0019193513579666614,0.010840580605901774,957799.6,608239.472,0.0013133835988423932,0.00991705428836463,424889.388,424889.388,0.0013949496047571302,0.010141788840759542,424889.388,424889.388,0.0013124426640570164,0.009885475611500437,6816
crmarenapro,query1,2,inf,18.905982029624283,17.68421347811818,16597010.0,14385941.0,0.0,0.0,1554.0,18.81200109887868,17.594320511445403,16585570.0,14385941.0,4.0,0.0,1554.0,17.689338149502873,16.46748690586537,16464898.0,14385941.0,65.0,0.0,1554.0,17.638816885553894,16.46748690586537,16464898.0,28771882.0,65.0,0.0,1554.0,17.671279098372906,16.46748690586537,16464898.0,14385941.0,65.0,0.0,1554.0,17.63292846083641,16.46748690586537,16464898.0,14385941.0,65.0,0.0,1554.0,17.68421347811818,1.089092766866088,0.13267578464001417,0.0,0.0,0.0,0.0,17.594320511445403,1.0849494375288486,0.13267578464001417,0.0,5.088746547698975e-06,5.027651786804199e-05,0.0,16.46748690586537,1.089092766866088,0.13267578464001417,0.0,8.269213140010834e-05,0.0,0.0,16.46748690586537,1.0318660847842693,0.13267578464001417,0.0066551416149715804,8.269213140010834e-05,5.027651786804199e-05,0.0,16.46748690586537,1.0318660847842693,0.13267578464001417,0.039117354433983564,8.269213140010834e-05,5.027651786804199e-05,0.0,16.46748690586537,1.0318660847842693,0.13267578464001417,0.0,8.269213140010834e-05,0.0008169934153556824,0.0,0.0,0.0,0.0,0.0,0.0,0.0,0.0,0.0,0.0,0.0,0.0,0.0,0.20569645520299673,0.0,0.20569645520299673,0.0,0.20295043755322695,0.0,0.2018491132184863,0.0,0.2018491132184863,0.0,0.20189938973635435,0.0,2.0924039715901017,14385941.0,2.0924039715901017,14385941.0,2.090769021771848,14385941.0,2.0966849158486704,28771882.0,2.1291471286676824,14385941.0,2.090054912492633,14385941.0,16.607881602831185,0.0,16.513900672085583,0.0,15.395618690177798,0.0,15.340282856486738,0.0,15.340282856486738,0.0,15.340974158607423,0.0,57543.764,54235.032,0.014862432001158596,0.024601639813371,57543.764,54235.032,0.014826691754162312,0.024596992888115347,57543.764,54235.032,0.013909902160987258,0.023902493690885603,115087.528,110543.628,0.0138897220049265,0.0239003497045372,57543.764,57543.764,0.013920835245400668,0.023901039159484206,57543.764,57543.764,0.01388553948700428,0.023900272360444067,1554
crmarenapro,query1,4,inf,39.10495606996119,36.707025380805135,29112971.0,24696517.0,0.0,0.0,3090.0,38.77513187751174,36.38977705407888,29078651.0,24696517.0,12.0,0.0,3090.0,33.500724744051695,31.102418759837747,28347408.0,24696517.0,295.0,0.0,3090.0,33.24493494601827,31.102418759837747,28347408.0,49225234.0,295.0,0.0,3090.0,33.309745996724814,31.102418759837747,28347408.0,24528717.0,295.0,0.0,3090.0,33.23706704843789,31.102418759837747,28347408.0,24528717.0,295.0,0.0,3090.0,36.707025380805135,2.157646437175572,0.24028425198048353,0.0,0.0,0.0,0.0,36.38977705407888,2.144904475659132,0.24028425198048353,0.0,1.5266239643096924e-05,0.00015082955360412598,0.0,31.102418759837747,2.157646437175572,0.24028425198048353,0.0,0.0003752950578927994,0.0,0.0,31.102418759837747,1.8930976381525397,0.23746746219694614,0.011424961219537401,0.0003752950578927994,0.00015082955360412598,0.0,31.102418759837747,1.8930976381525397,0.23746746219694614,0.07623601192608476,0.0003752950578927994,0.00015082955360412598,0.0,31.102418759837747,1.8930976381525397,0.23746746219694614,0.0,0.0003752950578927994,0.003707893192768097,0.0,0.0,0.0,0.0,0.0,0.0,0.0,0.0,0.0,0.0,0.0,0.0,0.0,0.38210470136255026,0.0,0.38210470136255026,0.0,0.3690763907507062,0.0,0.3635425176471472,0.0,0.3635425176471472,0.0,0.36376876197755337,0.0,4.105618203058839,24634006.0,4.105618203058839,24634006.0,4.0882987808436155,24634006.0,4.090088614930171,49100212.0,4.1540719997137785,24466206.0,4.078843401744962,24466206.0,34.6172331655398,62511.0,34.28740897309035,62511.0,29.043349572457373,62511.0,28.791303813440948,125022.0,28.79213147936389,62511.0,28.79445488471538,62511.0,98786.068,81711.82,0.014391805509105324,0.025746028301306068,98786.068,81711.82,0.014174868898466229,0.025661856479384,98786.068,81711.82,0.012396931504830719,0.02464887450560927,196900.936,175479.188,0.012385836369759125,0.02464887450560927,98114.868,98114.868,0.012417889483273029,0.02464887450560927,98114.868,98114.868,0.01238242786936462,0.02464887450560927,3090
crmarenapro,query1,8,inf,78.5106872683391,73.4659532289952,72192136.0,63602737.0,0.0,0.0,6305.0,77.77545620966703,72.76082076877356,72109196.0,63602737.0,29.0,0.0,6305.0,59.108871455304325,54.06276727095246,67007466.0,63602737.0,1077.0,0.0,6305.0,58.14502466739525,54.06276727095246,67007466.0,124111487.0,1077.0,0.0,6305.0,58.273783720098436,54.06276727095246,67007466.0,60508750.0,1077.0,0.0,6305.0,58.1287735812366,54.06276727095246,67007466.0,60508750.0,1077.0,0.0,6305.0,73.4659532289952,4.45767083670944,0.5870632026344538,0.0,0.0,0.0,0.0,72.76082076877356,4.427170840092003,0.5870632026344538,0.0,3.6893412470817566e-05,0.00036450475454330444,0.0,54.06276727095246,4.45767083670944,0.5870632026344538,0.0,0.001370145007967949,0.0,0.0,54.06276727095246,3.5018285317346454,0.5492706811055541,0.02942353384007294,0.001370145007967949,0.00036450475454330444,0.0,54.06276727095246,3.5018285317346454,0.5492706811055541,0.158182586543262,0.001370145007967949,0.00036450475454330444,0.0,54.06276727095246,3.5018285317346454,0.5492706811055541,0.0,0.001370145007967949,0.013536952435970306,0.0,0.0,0.0,0.0,0.0,0.0,0.0,0.0,0.0,0.0,0.0,0.0,0.0,0.878583007492125,0.0,0.878583007492125,0.0,0.8194698225706816,0.0,0.794561667367816,0.0,0.794561667367816,0.0,0.7955797668546438,0.0,8.313125140964985,63477715.0,8.313125140964985,63477715.0,8.14280055835843,63477715.0,8.072584605710103,123861443.0,8.199688326567411,60383728.0,8.044211870059371,60383728.0,69.31897911988199,125022.0,68.58374806120992,125022.0,50.14660107437521,125022.0,49.27787839431733,250044.0,49.27953372616321,125022.0,49.288981944322586,125022.0,254410.948,154057.592,0.013933473784476519,0.02612064546775073,254410.948,154057.592,0.013674034977331757,0.025961900519952178,254410.948,154057.592,0.010042267017066479,0.02392962567321956,496445.948,384107.12,0.009993072239862559,0.02392968472500608,242035.0,242035.0,0.010023353097960352,0.02392968277884647,242035.0,242035.0,0.009989456567913294,0.02392962567321956,6305
crmarenapro,query10,2,inf,5.0919899474829435,2.8587141428142786,10653680.0,8780400.0,0.0,0.0,2709.0,4.998119931668043,2.79987380374223,10517589.0,8780400.0,73.0,0.0,2709.0,5.003501994535327,2.770090065896511,10320343.0,8780400.0,107.0,0.0,2709.0,4.933607205834203,2.770090065896511,10320343.0,17392639.0,107.0,0.0,2709.0,5.004924695007503,2.770090065896511,10320343.0,8612239.0,107.0,0.0,2709.0,4.9299726178869605,2.770090065896511,10320343.0,8612239.0,107.0,0.0,2709.0,2.8587141428142786,1.7577641438692808,0.4755116607993841,0.0,0.0,0.0,0.0,2.79987380374223,1.7217240510508418,0.4755116607993841,0.0,9.286962449550629e-05,0.0009175464510917664,0.0,2.770090065896511,1.7577641438692808,0.4755116607993841,0.0,0.00013612397015094757,0.0,0.0,2.770090065896511,1.6923543820157647,0.46604714915156364,0.004061938349121303,0.00013612397015094757,0.0009175464510917664,0.0,2.770090065896511,1.6923543820157647,0.46604714915156364,0.07537942752242088,0.00013612397015094757,0.0009175464510917664,0.0,2.770090065896511,1.6923543820157647,0.46604714915156364,0.0,0.00013612397015094757,0.0013448968529701233,0.0,0.0,0.0,0.0,0.0,0.0,0.0,0.0,0.0,0.0,0.0,0.0,0.0,0.017105063423514366,29417.0,0.017105063423514366,29417.0,0.017105063423514366,29417.0,0.017118672147537886,58834.0,0.01739059155806899,29417.0,0.017105063423514366,29417.0,5.06374423392117,8750983.0,4.96987421810627,8750983.0,4.975256280973554,8750983.0,4.905347883548407,17333805.0,4.976393453311175,8582822.0,4.901726904325187,8582822.0,0.011140650138258934,0.0,0.011140650138258934,0.0,0.011140650138258934,0.0,0.011140650138258934,0.0,0.011140650138258934,0.0,0.011140650138258934,0.0,35121.6,25631.996,0.0015211065001785756,0.0038231562593951814,35121.6,25631.996,0.001516123089939356,0.0038211155762895937,35121.6,25631.996,0.0015109603684395551,0.003818751891329884,69570.556,57775.752,0.0015086823867506108,0.003820578768886092,34448.956,34448.956,0.0015140620470046997,0.003922325958777218,34448.956,34448.956,0.0015083514843136072,0.003813882373273372,2709
crmarenapro,query10,4,inf,9.944610602222383,5.614563602022827,20210127.0,16477906.0,0.0,0.0,5357.0,9.705917773768306,5.4536376325413585,19957145.0,16477906.0,186.0,0.0,5357.0,9.618934211321175,5.288412685506046,18626930.0,16477906.0,373.0,0.0,5357.0,9.29533129194497,5.288412685506046,18626930.0,31730250.0,373.0,0.0,5357.0,9.440751457586884,5.288412685506046,18626930.0,15252344.0,373.0,0.0,5357.0,9.290058804675937,5.288412685506046,18626930.0,15252344.0,373.0,0.0,5357.0,5.614563602022827,3.419504299759865,0.9105427004396915,0.0,0.0,0.0,0.0,5.4536376325413585,3.339162955991924,0.9105427004396915,0.0,0.00023662671446800232,0.0023378580808639526,0.0,5.288412685506046,3.419504299759865,0.9105427004396915,0.0,0.0004745256155729294,0.0,0.0,5.288412685506046,3.1545891435816884,0.8418941646814346,0.007622914479364951,0.0004745256155729294,0.0023378580808639526,0.0,5.288412685506046,3.1545891435816884,0.8418941646814346,0.15304308012127876,0.0004745256155729294,0.0023378580808639526,0.0,5.288412685506046,3.1545891435816884,0.8418941646814346,0.0,0.0004745256155729294,0.004688285291194916,0.0,0.0,0.0,0.0,0.0,0.0,0.0,0.0,0.0,0.0,0.0,0.0,0.0,0.05593142565339804,147085.0,0.05593142565339804,147085.0,0.05593142565339804,147085.0,0.05599946927351563,294170.0,0.05735906632617116,147085.0,0.05593142565339804,147085.0,9.84411657601595,16330821.0,9.605423747561872,16330821.0,9.518440185114741,16330821.0,9.194769222118419,31436080.0,9.338829790707678,15105259.0,9.189564778469503,15105259.0,0.044562600553035736,0.0,0.044562600553035736,0.0,0.044562600553035736,0.0,0.044562600553035736,0.0,0.044562600553035736,0.0,0.044562600553035736,0.0,65911.624,35615.8,0.0014432666078209877,0.003989768404327332,65911.624,35615.8,0.0014409236833453178,0.003983473544754087,65911.624,35615.8,0.0014315626863390207,0.003959672105498611,126921.0,89900.688,0.0014131865567319892,0.003930124251970053,61009.376,61009.376,0.0014153532907366752,0.004046809955034404,61009.376,61009.376,0.0014130690656602382,0.003923106007836758,5357
crmarenapro,query10,8,inf,20.50954789854586,11.673398707993329,41738402.0,34072187.0,0.0,0.0,10773.0,19.9960629157722,11.33165942505002,41162684.0,34072187.0,403.0,0.0,10773.0,19.486733611673117,10.649062885902822,36453555.0,34072187.0,1196.0,0.0,10773.0,18.38843604944751,10.649062885902822,36453555.0,63976375.0,1196.0,0.0,10773.0,18.677332289051265,10.649062885902822,36453555.0,29904188.0,1196.0,0.0,10773.0,18.38264108914882,10.649062885902822,36453555.0,29904188.0,1196.0,0.0,10773.0,11.673398707993329,6.967623482458293,1.8685257080942392,0.0,0.0,0.0,0.0,11.33165942505002,6.790299732238054,1.8685257080942392,0.0,0.0005126912146806717,0.005065359175205231,0.0,10.649062885902822,6.967623482458293,1.8685257080942392,0.0,0.0015215352177619934,0.0,0.0,10.649062885902822,6.0912117613479495,1.6258122278377414,0.015762279966030288,0.0015215352177619934,0.005065359175205231,0.0,10.649062885902822,6.0912117613479495,1.6258122278377414,0.3046585195697844,0.0015215352177619934,0.005065359175205231,0.0,10.649062885902822,6.0912117613479495,1.6258122278377414,0.0,0.0015215352177619934,0.015032678842544556,0.0,0.0,0.0,0.0,0.0,0.0,0.0,0.0,0.0,0.0,0.0,0.0,0.0,0.09546889178454876,176502.0,0.09546889178454876,176502.0,0.09546889178454876,176502.0,0.09555054412868987,353004.0,0.0971820605918765,176502.0,0.09546889178454876,176502.0,20.258109904825687,33895685.0,19.744624922052026,33895685.0,19.235295617952943,33895685.0,18.136916403383196,63623371.0,18.424181126523763,29727686.0,18.131203095428646,29727686.0,0.15596910193562508,0.0,0.15596910193562508,0.0,0.15596910193562508,0.0,0.15596910193562508,0.0,0.15596910193562508,0.0,0.15596910193562508,0.0,136288.748,51961.332,0.0013956992849707603,0.004685380655527114,136288.748,51961.332,0.001389340916648507,0.004676357044465838,136288.748,51961.332,0.0013689227141439914,0.0046520174302160724,255905.5,155478.692,0.0013474948089569807,0.004633012542294744,119616.752,119616.752,0.0013474948089569807,0.0047522588838823125,119616.752,119616.752,0.0013474948089569807,0.00462613079305738,10773
crmarenapro,query11,2,inf,9.55711788032204,8.47614877577871,1511097.0,467376.0,0.0,0.0,3018.0,9.440737840719521,8.381732670590281,1488428.0,467376.0,84.0,0.0,3018.0,9.292688961140811,8.211494679562747,1458460.0,467376.0,177.0,0.0,3018.0,9.242324686499346,8.211494679562747,1458460.0,934752.0,177.0,0.0,3018.0,9.242965056095272,8.211494679562747,1458460.0,467376.0,177.0,0.0,3018.0,9.24327740073204,8.211494679562747,1458460.0,467376.0,177.0,0.0,3018.0,8.47614877577871,1.0765854846686125,0.004383619874715805,0.0,0.0,0.0,0.0,8.381732670590281,1.0534588797017932,0.004383619874715805,0.0,0.00010686367750167847,0.0010558068752288818,0.0,8.211494679562747,1.0765854846686125,0.004383619874715805,0.0,0.00022517703473567963,0.0,0.0,8.211494679562747,1.0249491883441806,0.004383619874715805,0.00021621480773756526,0.00022517703473567963,0.0010558068752288818,0.0,8.211494679562747,1.0249491883441806,0.004383619874715805,0.0008565844036638737,0.00022517703473567963,0.0010558068752288818,0.0,8.211494679562747,1.0249491883441806,0.004383619874715805,0.0,0.00022517703473567963,0.002224735915660858,0.0,0.0,0.0,0.0,0.0,0.0,0.0,0.0,0.0,0.0,0.0,0.0,0.0,2.8610942624509335,14274.0,2.777955892495811,14274.0,2.732605317607522,14274.0,2.686425064969468,28548.0,2.6867039897479117,14274.0,2.687461699359119,14274.0,0.022638180293142796,19318.0,0.022638180293142796,19318.0,0.022638180293142796,19318.0,0.022647117075638847,38636.0,0.02292370842769742,19318.0,0.022638180293142796,19318.0,6.673385437577963,433784.0,6.640143767930567,433784.0,6.537445463240147,433784.0,6.533252504454239,867568.0,6.533337357919663,433784.0,6.533177521079779,433784.0,1869.504,1869.504,0.0015443214364349843,0.007770197241567074,1869.504,1869.504,0.0015357096325606108,0.007752025030180811,1869.504,1869.504,0.0014968652781099082,0.007751321186125278,3739.008,3739.008,0.0014950336944311857,0.007751321186125278,1869.504,1869.504,0.0014950336944311857,0.007751321186125278,1869.504,1869.504,0.0014950336944311857,0.007751321186125278,3018
crmarenapro,query11,4,inf,18.677315913140774,16.53019008319825,4410525.0,2279784.0,0.0,0.0,5977.0,18.478326564654708,16.377818745560944,4351039.0,2279784.0,173.0,0.0,5977.0,17.630399337038398,15.482454218901694,4139946.0,2279784.0,644.0,0.0,5977.0,17.434394839416854,15.482454218901694,4139946.0,4559568.0,644.0,0.0,5977.0,17.43648098828271,15.482454218901694,4139946.0,2279784.0,644.0,0.0,5977.0,17.43926023878157,15.482454218901694,4139946.0,2279784.0,644.0,0.0,5977.0,16.53019008319825,2.1281062150374055,0.019019614905118942,0.0,0.0,0.0,0.0,16.377818745560944,2.079093656502664,0.019019614905118942,0.0,0.00022008828818798065,0.002174459397792816,0.0,15.482454218901694,2.1281062150374055,0.019019614905118942,0.0,0.0008192881941795349,0.0,0.0,15.482454218901694,1.9288725974038243,0.019019614905118942,0.0010546606142445855,0.0008192881941795349,0.002174459397792816,0.0,15.482454218901694,1.9288725974038243,0.019019614905118942,0.00314080948010087,0.0008192881941795349,0.002174459397792816,0.0,15.482454218901694,1.9288725974038243,0.019019614905118942,0.0,0.0008192881941795349,0.00809451937675476,0.0,0.0,0.0,0.0,0.0,0.0,0.0,0.0,0.0,0.0,0.0,0.0,0.0,5.6762614799663424,14274.0,5.49943324457854,14274.0,5.212375521659851,14274.0,5.036167255881834,28548.0,5.036446180660278,14274.0,5.041401979513466,14274.0,0.07015872281044722,96590.0,0.07015872281044722,96590.0,0.07015872281044722,96590.0,0.07020340672292748,193180.0,0.07158636348322034,96590.0,0.07015872281044722,96590.0,12.930895710363984,2168920.0,12.90873459726572,2168920.0,12.3478650925681,2168920.0,12.328024176812093,4337840.0,12.328448444139212,2168920.0,12.327699536457658,2168920.0,9119.136,9119.136,0.0012912266943603753,0.008403839011117815,9119.136,9119.136,0.001270571943372488,0.00836595895923674,9119.136,9119.136,0.0012621327433735131,0.008363749590888618,18238.272,18238.272,0.0012538317516446113,0.008363749590888618,9119.136,9119.136,0.0012538317516446113,0.008363749590888618,9119.136,9119.136,0.0012538568899035454,0.008363749590888618,5977
crmarenapro,query11,8,inf,36.87973351124674,32.641597425565124,7468807.0,3314454.0,0.0,0.0,11763.0,36.508363734930754,32.35452352557331,7359289.0,3314454.0,309.0,0.0,11763.0,33.408077172003686,29.167489582672715,6753982.0,3314454.0,1927.0,0.0,11763.0,32.808589548872,29.167489582672715,6753982.0,6628908.0,1927.0,0.0,11763.0,32.813908910378814,29.167489582672715,6753982.0,3314454.0,1927.0,0.0,11763.0,32.827393086627126,29.167489582672715,6753982.0,3314454.0,1927.0,0.0,11763.0,32.641597425565124,4.205276883207262,0.0328592024743557,0.0,0.0,0.0,0.0,32.35452352557331,4.116704040206969,0.0328592024743557,0.0,0.0003931056708097458,0.003883861005306244,0.0,29.167489582672715,4.205276883207262,0.0328592024743557,0.0,0.002451503649353981,0.0,0.0,29.167489582672715,3.6003720853477716,0.0328592024743557,0.0015333137224953872,0.002451503649353981,0.003883861005306244,0.0,29.167489582672715,3.6003720853477716,0.0328592024743557,0.006852675229310989,0.002451503649353981,0.003883861005306244,0.0,29.167489582672715,3.6003720853477716,0.0328592024743557,0.0,0.002451503649353981,0.02422071248292923,0.0,0.0,0.0,0.0,0.0,0.0,0.0,0.0,0.0,0.0,0.0,0.0,0.0,11.241313393227756,142740.0,10.925346399657428,142740.0,9.862360856495798,142740.0,9.334458878260431,285480.0,9.33724812604487,142740.0,9.352266146801412,142740.0,0.10914269089698792,135226.0,0.10914269089698792,135226.0,0.10914269089698792,135226.0,0.10920524837446027,270452.0,0.11114138783887029,135226.0,0.10914269089698792,135226.0,25.529277427121997,3036488.0,25.473874644376338,3036488.0,23.4365736246109,3036488.0,23.364925422237107,6072976.0,23.365519396495074,3036488.0,23.365984248928726,3036488.0,13257.816,13086.528,0.0012237699814140798,0.008435073078796266,13257.816,13086.528,0.001222121100872755,0.008433319497853515,13257.816,13086.528,0.0011772070862352847,0.008430403457209466,26515.632,26230.152,0.001171221662312746,0.008430403457209466,13257.816,13257.816,0.001171221662312746,0.008430403457209466,13257.816,13257.816,0.001171221662312746,0.008430403457209466,11763
crmarenapro,query12,2,inf,20.971312140114605,18.476816940121353,12418895.0,12921439.0,0.0,0.0,1708.0,20.61309893988073,18.136132831685245,12383190.0,12908519.0,31.0,0.0,1708.0,20.317243204452097,17.822670401073992,11586093.0,12921439.0,61.0,0.0,1708.0,20.17549445721371,17.822670401073992,11586093.0,24915890.0,61.0,0.0,1708.0,20.22834158781916,17.822670401073992,11586093.0,12007371.0,61.0,0.0,1708.0,20.169899865984917,17.822670401073992,11586093.0,12007371.0,61.0,0.0,1708.0,18.476816940121353,1.8188325380906463,0.6756626619026065,0.0,0.0,0.0,0.0,18.136132831685245,1.8019419694319367,0.674595057964325,0.0,3.943778574466705e-05,0.00038964301347732544,0.0,17.822670401073992,1.8188325380906463,0.6756626619026065,0.0,7.760338485240936e-05,0.0,0.0,17.822670401073992,1.7199691226705909,0.6264160219579935,0.0059716651128036286,7.760338485240936e-05,0.00038964301347732544,0.0,17.822670401073992,1.7199691226705909,0.6264160219579935,0.05881879571825266,7.760338485240936e-05,0.00038964301347732544,0.0,17.822670401073992,1.7199691226705909,0.6264160219579935,0.0,7.760338485240936e-05,0.0007667168974876404,0.0,0.0,0.0,0.0,0.0,0.0,0.0,0.0,0.0,0.0,0.0,0.0,0.0,0.04392495937645435,0.0,0.04392495937645435,0.0,0.04392495937645435,0.0,0.04392495937645435,0.0,0.04392495937645435,0.0,0.04392495937645435,0.0,0.0,0.0,0.0,0.0,0.0,0.0,0.0,0.0,0.0,0.0,0.0,0.0,20.92738718073815,12921439.0,20.569173980504274,12908519.0,20.273318245075643,12921439.0,20.131569497837255,24915890.0,20.184416628442705,12007371.0,20.125974906608462,12007371.0,51685.756,40848.452,0.012115150758996605,0.014781830846332012,51634.076,40813.704,0.012110530011355878,0.014781830846332012,51685.756,40848.452,0.01202889116294682,0.01475208470188081,99663.56,87155.284,0.011945792870683524,0.01473656972738352,48029.484,48029.484,0.011958814338780939,0.014800854304153472,48029.484,48029.484,0.011945144683122634,0.014726910928823052,1708
crmarenapro,query12,4,inf,40.95718458388001,36.39375732373446,22350065.0,22854973.0,0.0,0.0,3362.0,40.239187058992684,35.71766436472535,22189953.0,22740081.0,62.0,0.0,3362.0,38.48123429622501,33.91750680003315,18648910.0,22854973.0,236.0,0.0,3362.0,37.86188124919963,33.91750680003315,18648910.0,41495900.0,236.0,0.0,3362.0,37.95929099805653,33.91750680003315,18648910.0,18755819.0,236.0,0.0,3362.0,37.85354839172214,33.91750680003315,18648910.0,18755819.0,236.0,0.0,3362.0,36.39375732373446,3.3850333765149117,1.1783938836306334,0.0,0.0,0.0,0.0,35.71766436472535,3.3467971328645945,1.173867399804294,0.0,7.88755714893341e-05,0.0007792860269546509,0.0,33.91750680003315,3.3850333765149117,1.1783938836306334,0.0,0.0003002360463142395,0.0,0.0,33.91750680003315,2.968937332741916,0.9638377083465457,0.01051988600474064,0.0003002360463142395,0.0007792860269546509,0.0,33.91750680003315,2.968937332741916,0.9638377083465457,0.10792963486164808,0.0003002360463142395,0.0007792860269546509,0.0,33.91750680003315,2.968937332741916,0.9638377083465457,0.0,0.0003002360463142395,0.0029663145542144775,0.0,0.0,0.0,0.0,0.0,0.0,0.0,0.0,0.0,0.0,0.0,0.0,0.0,0.09245602879673243,0.0,0.09245602879673243,0.0,0.09033347014337778,0.0,0.08910894114524126,0.0,0.08910894114524126,0.0,0.08913407940417528,0.0,0.0,0.0,0.0,0.0,0.0,0.0,0.0,0.0,0.0,0.0,0.0,0.0,40.864728555083275,22854973.0,40.14673103019595,22740081.0,38.390900826081634,22854973.0,37.772772308054385,41495900.0,37.87018205691129,18755819.0,37.76441431231797,18755819.0,91419.892,55606.608,0.011890602989122272,0.015056925332732497,90960.324,55147.04,0.011883502816781402,0.015051650667935608,91419.892,55606.608,0.011816689880564809,0.014784564422816036,165983.6,125721.892,0.011770534119915153,0.01458620091534223,75023.276,75023.276,0.011772905920632184,0.014655932671111076,75023.276,75023.276,0.011770326003432275,0.01457804916705936,3362
crmarenapro,query12,8,inf,84.63867006916553,74.87719316221774,48764116.0,50438971.0,0.0,0.0,6910.0,82.30652674939483,72.68262827116996,48296459.0,50106521.0,204.0,0.0,6910.0,75.26548086572438,65.50285262987018,35505477.0,50438971.0,905.0,0.0,6910.0,72.99205714797286,65.50285262987018,35505477.0,85927482.0,905.0,0.0,6910.0,73.19815624831244,65.50285262987018,35505477.0,35820961.0,905.0,0.0,6910.0,72.97768811602145,65.50285262987018,35505477.0,35820961.0,905.0,0.0,6910.0,74.87719316221774,7.173372760415077,2.5881041465327144,0.0,0.0,0.0,0.0,72.68262827116996,7.04802352655679,2.573051323182881,0.0,0.0002595260739326477,0.0025641024112701416,0.0,65.50285262987018,7.173372760415077,2.5881041465327144,0.0,0.001151328906416893,0.0,0.0,65.50285262987018,5.648414219729602,1.8138948753476143,0.023179991707775488,0.001151328906416893,0.0025641024112701416,0.0,65.50285262987018,5.648414219729602,1.8138948753476143,0.22927909204736352,0.001151328906416893,0.0025641024112701416,0.0,65.50285262987018,5.648414219729602,1.8138948753476143,0.0,0.001151328906416893,0.0113750621676445,0.0,0.0,0.0,0.0,0.0,0.0,0.0,0.0,0.0,0.0,0.0,0.0,0.0,0.17932288255542517,0.0,0.17932288255542517,0.0,0.16016007866710424,0.0,0.14915201347321272,0.0,0.14915201347321272,0.0,0.1493782578036189,0.0,0.0,0.0,0.0,0.0,0.0,0.0,0.0,0.0,0.0,0.0,0.0,0.0,84.4593471866101,50438971.0,82.12720386683941,50106521.0,75.10532078705728,50438971.0,72.84290513449965,85927482.0,73.04900423483923,35820961.0,72.82830985821784,35820961.0,201755.884,73854.588,0.011868026627227664,0.01590256346054375,200426.084,73001.844,0.011860064493492245,0.015888715440221128,201755.884,73854.588,0.011707189362496137,0.015285084803588684,343709.928,200617.456,0.011680403270434406,0.014958689089664178,143283.844,143283.844,0.011680767124518753,0.01502980845570564,143283.844,143283.844,0.011680378759279847,0.014949586312100287,6910
crmarenapro,query13,2,inf,16.94356174301356,10.09937678091228,42065503.0,47263910.0,0.0,0.0,1799.0,16.81840077135712,9.988317226059735,42016975.0,47223839.0,16.0,0.0,1799.0,16.516296428628266,9.672024957835674,40488976.0,47263910.0,68.0,0.0,1799.0,16.26843940454665,9.672024957835674,40488976.0,92673675.0,68.0,0.0,1799.0,16.373653002548963,9.672024957835674,40488976.0,45449836.0,68.0,0.0,1799.0,16.24724657740444,9.672024957835674,40488976.0,45449836.0,68.0,0.0,1799.0,10.09937678091228,4.33052056375891,2.513664398342371,0.0,0.0,0.0,0.0,9.988317226059735,4.3184561636298895,2.511405920609832,0.0,2.03549861907959e-05,0.00020110607147216797,0.0,9.672024957835674,4.33052056375891,2.513664398342371,0.0,8.650869131088257e-05,0.0,0.0,9.672024957835674,4.158982956781983,2.415297453291714,0.02184642187449663,8.650869131088257e-05,0.00020110607147216797,0.0,9.672024957835674,4.158982956781983,2.415297453291714,0.12706001987680793,8.650869131088257e-05,0.00020110607147216797,0.0,9.672024957835674,4.158982956781983,2.415297453291714,0.0,8.650869131088257e-05,0.0008547008037567139,0.0,0.0,0.0,0.0,0.0,0.0,0.0,0.0,0.0,0.0,0.0,0.0,0.0,4.025901432149112,11872561.0,4.0091802747920156,11832490.0,3.995931664481759,11872561.0,3.961681873112552,23531384.0,4.020737352780998,11698894.0,3.956534791737795,11698894.0,0.0,0.0,0.0,0.0,0.0,0.0,0.0,0.0,0.0,0.0,0.0,0.0,12.917660310864449,35391349.0,12.809220496565104,35391349.0,12.520364764146507,35391349.0,12.3067575314341,69142291.0,12.352915649767965,33750942.0,12.290711785666645,33750942.0,189055.64,162817.652,0.0071165105421096084,0.018645226089097553,188895.356,162657.368,0.007023982798680663,0.018645226089097553,189055.64,162817.652,0.006865542147308588,0.018527573873288922,370694.7,338110.692,0.006812504829925791,0.018266997856167554,181799.344,181799.344,0.006874464554712177,0.01836724268952384,181799.344,181799.344,0.006808222027495503,0.018234672628343097,1799
crmarenapro,query13,4,inf,32.625829216092825,20.384346462786198,74444367.0,83447213.0,0.0,0.0,3547.0,32.40987130720168,20.19207206275314,74366205.0,83407142.0,33.0,0.0,3547.0,30.618789344094694,18.37686259765178,70308708.0,83447213.0,349.0,0.0,3547.0,29.846068434563154,18.37686259765178,70308708.0,162184383.0,349.0,0.0,3547.0,30.026483179535717,18.37686259765178,70308708.0,78777241.0,349.0,0.0,3547.0,29.811454945243895,18.37686259765178,70308708.0,78777241.0,349.0,0.0,3547.0,20.384346462786198,7.801774800755084,4.439707952551544,0.0,0.0,0.0,0.0,20.19207206275314,7.779893006198108,4.4374494748190045,0.0,4.198215901851654e-05,0.00041478127241134644,0.0,18.37686259765178,7.801774800755084,4.439707952551544,0.0,0.00044399313628673553,0.0,0.0,18.37686259765178,7.256348566152155,4.173413162119687,0.038585334230833004,0.00044399313628673553,0.00041478127241134644,0.0,18.37686259765178,7.256348566152155,4.173413162119687,0.21900007920339704,0.00044399313628673553,0.00041478127241134644,0.0,18.37686259765178,7.256348566152155,4.173413162119687,0.0,0.00044399313628673553,0.004386626183986664,0.0,0.0,0.0,0.0,0.0,0.0,0.0,0.0,0.0,0.0,0.0,0.0,0.0,7.631272330880165,21585366.0,7.5960459895431995,21545295.0,7.470632844604552,21585366.0,7.256760425472949,42138086.0,7.358720293268561,20592791.0,7.248892309144139,20592791.0,0.0,0.0,0.0,0.0,0.0,0.0,0.0,0.0,0.0,0.0,0.0,0.0,24.99455688521266,61861847.0,24.813825317658484,61861847.0,23.148156499490142,61861847.0,22.589308009090203,120046297.0,22.667762886267155,58184450.0,22.562562636099756,58184450.0,333788.852,216189.976,0.006646971074864268,0.022281308695487667,333628.568,216029.692,0.006572774294763804,0.022281308695487667,333788.852,216189.976,0.0059586668498814105,0.022138053570874026,648737.532,502032.032,0.005742542099688125,0.021754668327487035,315108.964,315108.964,0.005797299540601671,0.021850483854021868,315108.964,315108.964,0.005739005792886019,0.021716752065718166,3547
crmarenapro,query13,8,inf,62.1660636421293,38.90246514696628,137864938.0,154715438.0,0.0,0.0,6841.0,61.848113101907074,38.66091567836702,137485311.0,154314728.0,49.0,0.0,6841.0,56.01567349117249,32.75069976225495,111633734.0,154715438.0,1081.0,0.0,6841.0,51.572488623871585,32.75069976225495,111633734.0,278693238.0,1081.0,0.0,6841.0,51.925395236350596,32.75069976225495,111633734.0,124378510.0,1081.0,0.0,6841.0,51.51407177001238,32.75069976225495,111633734.0,124378510.0,1081.0,0.0,6841.0,38.90246514696628,14.845312156714499,8.418286338448524,0.0,0.0,0.0,0.0,38.66091567836702,14.79081763792783,8.395701561123133,0.0,6.233714520931244e-05,0.0006158873438835144,0.0,32.75069976225495,14.845312156714499,8.418286338448524,0.0,0.0013752337545156479,0.0,0.0,32.75069976225495,11.998541011475027,6.749868533574045,0.0713881954691612,0.0013752337545156479,0.0006158873438835144,0.0,32.75069976225495,11.998541011475027,6.749868533574045,0.4242948079481721,0.0013752337545156479,0.0006158873438835144,0.0,32.75069976225495,11.998541011475027,6.749868533574045,0.0,0.0013752337545156479,0.013587228953838348,0.0,0.0,0.0,0.0,0.0,0.0,0.0,0.0,0.0,0.0,0.0,0.0,0.0,15.648203470744193,44137784.0,15.542508254759014,43737074.0,15.135710628703237,44137784.0,14.087198287294784,82399362.0,14.294530815910548,38662288.0,14.073877913877368,38662288.0,0.0,0.0,0.0,0.0,0.0,0.0,0.0,0.0,0.0,0.0,0.0,0.0,46.51786017138511,110577654.0,46.30560484714806,110577654.0,40.879962862469256,110577654.0,37.4852903365768,196293876.0,37.63086442044005,85716222.0,37.44019385613501,85716222.0,618861.752,271887.132,0.0064288596399128435,0.023002704230137155,617258.912,271085.712,0.006354347988963127,0.023002550149150182,618861.752,271887.132,0.005081470908597112,0.022462027494236814,1114772.952,729411.82,0.004684097894061249,0.02041239204295694,497514.04,497514.04,0.00472228174470365,0.020528730795532458,497514.04,497514.04,0.004681903807446361,0.02038244021497666,6841
crmarenapro,query2,2,inf,25.47451444156468,17.661323692649603,269900436.0,272710239.0,0.0,0.0,2801.0,25.471564187668264,17.659176972694695,269900274.0,272710239.0,3.0,0.0,2801.0,23.064403192140162,15.250865136273205,244417274.0,272710239.0,273.0,0.0,2801.0,22.65390777320844,15.250865136273205,244417274.0,519871714.0,273.0,0.0,2801.0,22.72076514363289,15.250865136273205,244417274.0,247161475.0,273.0,0.0,2801.0,22.531141789630055,15.250865136273205,244417274.0,247161475.0,273.0,0.0,2801.0,17.661323692649603,4.913302203640342,2.8998885452747345,0.0,0.0,0.0,0.0,17.659176972694695,4.912457145750523,2.8998885452747345,0.0,3.816559910774231e-06,3.7707388401031494e-05,0.0,15.250865136273205,4.913302203640342,2.8998885452747345,0.0,0.000347306951880455,0.0,0.0,15.250865136273205,4.554840995930135,2.7216569781303406,0.1261596485344786,0.000347306951880455,3.7707388401031494e-05,0.0,15.250865136273205,4.554840995930135,2.7216569781303406,0.1930170189589262,0.000347306951880455,3.7707388401031494e-05,0.0,15.250865136273205,4.554840995930135,2.7216569781303406,0.0,0.000347306951880455,0.003431372344493866,0.0,0.0,0.0,0.0,0.0,0.0,0.0,0.0,0.0,0.0,0.0,0.0,0.0,1.1030844589695334,1620958.0,1.1001342050731182,1620958.0,1.0880566108971834,1620958.0,1.080232215764158,3227642.0,1.0957574411295354,1606684.0,1.079683443531394,1606684.0,7.751810378395021,211782581.0,7.751810378395021,211782581.0,7.62661258969456,211782581.0,7.349705565404455,398030672.0,7.418765879701823,186248091.0,7.252259824424982,186248091.0,16.619619604200125,59306700.0,16.619619604200125,59306700.0,14.349733991548419,59306700.0,14.223969992039828,118613400.0,14.20624182280153,59306700.0,14.19919852167368,59306700.0,1090840.956,779712.452,0.009141817880794406,0.01918236765246838,1090840.956,779712.452,0.009141817880794406,0.01918236765246838,1090840.956,779712.452,0.007364873141050339,0.019145209629461167,2079486.856,1747598.332,0.007273281804220281,0.019271365806597895,988645.9,988645.9,0.007312703317962587,0.019282854808494444,988645.9,988645.9,0.007251362554728985,0.019145209629461167,2801
crmarenapro,query2,4,inf,49.50369853153825,35.03720127977431,548694829.0,552821410.0,0.0,0.0,5611.0,49.496814605779946,35.03219226654619,548694451.0,552821410.0,7.0,0.0,5611.0,40.61973658762872,26.15186282992363,410385698.0,552821410.0,1082.0,0.0,5611.0,37.9348739055676,26.15186282992363,410385698.0,966427200.0,1082.0,0.0,5611.0,38.06716356659308,26.15186282992363,410385698.0,413605790.0,1082.0,0.0,5611.0,37.69264264591038,26.15186282992363,410385698.0,413605790.0,1082.0,0.0,5611.0,35.03720127977431,9.106365732848644,5.360131518915296,0.0,0.0,0.0,0.0,35.03219226654619,9.104393931105733,5.360131518915296,0.0,8.905306458473206e-06,8.798390626907349e-05,0.0,26.15186282992363,9.106365732848644,5.360131518915296,0.0,0.0013765059411525726,0.0,0.0,26.15186282992363,7.252379887737334,4.273423624224961,0.2557430738342571,0.0013765059411525726,8.798390626907349e-05,0.0,26.15186282992363,7.252379887737334,4.273423624224961,0.3880327348597348,0.0013765059411525726,8.798390626907349e-05,0.0,26.15186282992363,7.252379887737334,4.273423624224961,0.0,0.0013765059411525726,0.013599798083305359,0.0,0.0,0.0,0.0,0.0,0.0,0.0,0.0,0.0,0.0,0.0,0.0,0.0,2.1693747583776712,2756152.0,2.162490832619369,2756152.0,2.077879440970719,2756152.0,2.003170700440625,5226824.0,2.0335892881266773,2470672.0,2.003177716396749,2470672.0,15.762203570455313,447432975.0,15.762203570455313,447432975.0,15.100546372123063,447432975.0,13.357132194840775,760116320.0,13.492206020280719,312683345.0,13.152845677919686,312683345.0,31.572120202705264,102632283.0,31.572120202705264,102632283.0,23.44131077453494,102632283.0,22.574571010286203,201084056.0,22.541368258185685,98451773.0,22.536619251593947,98451773.0,2211285.64,1046930.396,0.009125246126204729,0.018298831863328806,2211285.64,1046930.396,0.009125246126204729,0.018298831863328806,2211285.64,1046930.396,0.006106690313667059,0.018160900693014254,3865708.8,2644043.068,0.0057875996737467295,0.01785792917564613,1654423.16,1654423.16,0.0058229193193838,0.017880282899364823,1654423.16,1654423.16,0.005779911426827312,0.01773183452654629,5611
crmarenapro,query2,8,inf,98.551788312383,70.63859186973423,1036205509.0,1043552063.0,0.0,0.0,11419.0,98.52818628121167,70.62141811009496,1036204213.0,1043552063.0,24.0,0.0,11419.0,73.74447145778686,45.827123870141804,615735895.0,1043552063.0,3263.0,0.0,11419.0,65.64227185351473,45.827123870141804,615735895.0,1664188467.0,3263.0,0.0,11419.0,65.9361463021487,45.827123870141804,615735895.0,620636404.0,3263.0,0.0,11419.0,65.20022118650377,45.827123870141804,615735895.0,620636404.0,3263.0,0.0,11419.0,70.63859186973423,17.677457571029663,10.235738871619105,0.0,0.0,0.0,0.0,70.62141811009496,17.67069710791111,10.235738871619105,0.0,3.053247928619385e-05,0.00030165910720825195,0.0,45.827123870141804,17.677457571029663,10.235738871619105,0.0,0.0041511449962854385,0.0,0.0,45.827123870141804,12.298498324118555,7.0294347777962685,0.4827620773546023,0.0041511449962854385,0.00030165910720825195,0.0,45.827123870141804,12.298498324118555,7.0294347777962685,0.7766365259885788,0.0041511449962854385,0.00030165910720825195,0.0,45.827123870141804,12.298498324118555,7.0294347777962685,0.0,0.0041511449962854385,0.041013069450855255,0.0,0.0,0.0,0.0,0.0,0.0,0.0,0.0,0.0,0.0,0.0,0.0,0.0,4.568181904964149,6811135.0,4.544579873792827,6811135.0,4.1578325582668185,6811135.0,3.862616550598959,12651638.0,3.93027659971267,5840503.0,3.8652097145095468,5840503.0,31.913975965231657,864601555.0,31.913975965231657,864601555.0,29.833272931165993,864601555.0,24.195712259382837,1314732722.0,24.47443561675027,450131167.0,23.804583908058703,450131167.0,62.06963044218719,172139373.0,62.06963044218719,172139373.0,39.753365968354046,172139373.0,37.583943043532926,336804107.0,37.53143408568576,164664734.0,37.53042756393552,164664734.0,4174208.252,1332911.924,0.00904017448425293,0.01686788501907139,4174208.252,1332911.924,0.00904017448425293,0.01686788501907139,4174208.252,1332911.924,0.005236295897513628,0.016740269509702914,6656753.868,3719316.924,0.0046948233972702045,0.0157788699231957,2482545.616,2482545.616,0.004726409980095923,0.015822609866689884,2482545.616,2482545.616,0.004683545583859086,0.01568014122396707,11419
crmarenapro,query3,2,inf,26.448753687553108,25.179458507336676,2332059.0,0.0,0.0,0.0,2004.0,26.42663219384849,25.158539969474077,2331191.0,0.0,2.0,0.0,2004.0,25.249422173015773,23.97999977413565,2241044.0,0.0,100.0,0.0,2004.0,25.190446670167148,23.97999977413565,2241044.0,0.0,100.0,0.0,2004.0,25.190446670167148,23.97999977413565,2241044.0,0.0,100.0,0.0,2004.0,25.191678444854915,23.97999977413565,2241044.0,0.0,100.0,0.0,2004.0,25.179458507336676,1.2692951802164316,0.0,0.0,0.0,0.0,0.0,25.158539969474077,1.2680645417422056,0.0,0.0,2.5443732738494873e-06,2.5138258934020996e-05,0.0,23.97999977413565,1.2692951802164316,0.0,0.0,0.00012721866369247437,0.0,0.0,23.97999977413565,1.2102945391088724,0.0,0.0,0.00012721866369247437,2.5138258934020996e-05,0.0,23.97999977413565,1.2102945391088724,0.0,0.0,0.00012721866369247437,2.5138258934020996e-05,0.0,23.97999977413565,1.2102945391088724,0.0,0.0,0.00012721866369247437,0.0012569129467010498,0.0,0.0,0.0,0.0,0.0,0.0,0.0,0.0,0.0,0.0,0.0,0.0,0.0,0.01160826813429594,0.0,0.01160826813429594,0.0,0.01160826813429594,0.0,0.01160826813429594,0.0,0.01160826813429594,0.0,0.01160826813429594,0.0,0.01951011922210455,0.0,0.01951011922210455,0.0,0.01951011922210455,0.0,0.01951011922210455,0.0,0.01951011922210455,0.0,0.01951011922210455,0.0,26.417635300196707,0.0,26.39551380649209,0.0,25.218303785659373,0.0,25.159328282810748,0.0,25.159328282810748,0.0,25.160560057498515,0.0,0.0,0.0,0.01143931775353849,0.01923528730925172,0.0,0.0,0.011438564283773303,0.01923528730925172,0.0,0.0,0.01079145234078169,0.018921385225094848,0.0,0.0,0.010770263746380807,0.01891926636565476,0.0,0.0,0.010770263746380807,0.01891926636565476,0.0,0.0,0.010770967617630958,0.018919336752779778,2004
crmarenapro,query3,4,inf,52.02711024414748,49.53285046946257,4615972.0,0.0,0.0,0.0,3953.0,51.982867256738245,49.491013393737376,4614236.0,0.0,4.0,0.0,3953.0,46.668409675359726,44.17359649948776,4154221.0,0.0,435.0,0.0,3953.0,46.401385048404336,44.17359649948776,4154221.0,0.0,435.0,0.0,3953.0,46.401385048404336,44.17359649948776,4154221.0,0.0,435.0,0.0,3953.0,46.40680234320462,44.17359649948776,4154221.0,0.0,435.0,0.0,3953.0,49.53285046946257,2.494259774684906,0.0,0.0,0.0,0.0,0.0,49.491013393737376,2.491798497736454,0.0,0.0,5.088746547698975e-06,5.027651786804199e-05,0.0,44.17359649948776,2.494259774684906,0.0,0.0,0.0005534011870622635,0.0,0.0,44.17359649948776,2.227184871211648,0.0,0.0,0.0005534011870622635,5.027651786804199e-05,0.0,44.17359649948776,2.227184871211648,0.0,0.0,0.0005534011870622635,5.027651786804199e-05,0.0,44.17359649948776,2.227184871211648,0.0,0.0,0.0005534011870622635,0.005467571318149567,0.0,0.0,0.0,0.0,0.0,0.0,0.0,0.0,0.0,0.0,0.0,0.0,0.0,0.048943789675831795,0.0,0.048943789675831795,0.0,0.048943789675831795,0.0,0.048943789675831795,0.0,0.048943789675831795,0.0,0.048943789675831795,0.0,0.031767611391842365,0.0,0.031767611391842365,0.0,0.031767611391842365,0.0,0.031767611391842365,0.0,0.031767611391842365,0.0,0.031767611391842365,0.0,51.946398843079805,0.0,51.90215585567057,0.0,46.58769827429205,0.0,46.32067364733666,0.0,46.32067364733666,0.0,46.32609094213694,0.0,0.0,0.0,0.011426467223092913,0.021139051217213267,0.0,0.0,0.011425910223275423,0.021139051217213267,0.0,0.0,0.009849251328036188,0.020197414490580552,0.0,0.0,0.009793176053091884,0.020192871711403125,0.0,0.0,0.009793176053091884,0.020192871711403125,0.0,0.0,0.009794885454699398,0.02019302254095673,3953
crmarenapro,query3,8,inf,105.95407378021628,100.89955773763359,9450658.0,0.0,0.0,0.0,8007.0,105.82134481798857,100.77404651045799,9445450.0,0.0,12.0,0.0,8007.0,86.79931748658419,81.74283591564745,7766484.0,0.0,1545.0,0.0,8007.0,85.81793473660946,81.74283591564745,7766484.0,0.0,1545.0,0.0,8007.0,85.81793473660946,81.74283591564745,7766484.0,0.0,1545.0,0.0,8007.0,85.83720321208239,81.74283591564745,7766484.0,0.0,1545.0,0.0,8007.0,100.89955773763359,5.054516042582691,0.0,0.0,0.0,0.0,0.0,100.77404651045799,5.047132211737335,0.0,0.0,1.5266239643096924e-05,0.00015082955360412598,0.0,81.74283591564745,5.054516042582691,0.0,0.0,0.001965528354048729,0.0,0.0,81.74283591564745,4.072982463054359,0.0,0.0,0.001965528354048729,0.00015082955360412598,0.0,81.74283591564745,4.072982463054359,0.0,0.0,0.001965528354048729,0.00015082955360412598,0.0,81.74283591564745,4.072982463054359,0.0,0.0,0.001965528354048729,0.01941930502653122,0.0,0.0,0.0,0.0,0.0,0.0,0.0,0.0,0.0,0.0,0.0,0.0,0.0,0.09079228527843952,0.0,0.09079228527843952,0.0,0.08975549414753914,0.0,0.08934793062508106,0.0,0.08934793062508106,0.0,0.08936049975454807,0.0,0.0593427587300539,0.0,0.0593427587300539,0.0,0.0593427587300539,0.0,0.0593427587300539,0.0,0.0593427587300539,0.0,0.0593427587300539,0.0,105.80393873620778,0.0,105.67120977398008,0.0,86.6502192337066,0.0,85.66924404725432,0.0,85.66924404725432,0.0,85.68849995359778,0.0,0.0,0.0,0.01143058805540204,0.02335912114176899,0.0,0.0,0.011429947804659606,0.02335912114176899,0.0,0.0,0.009001664597541094,0.02181063596755265,0.0,0.0,0.008907277129590512,0.021807986013032486,0.0,0.0,0.008907277129590512,0.021807986013032486,0.0,0.0,0.00890989150851965,0.021808073996938755,8007
crmarenapro,query4,2,inf,4.151669685728848,2.386288231238723,7552367.0,7058749.0,0.0,0.0,2339.0,4.094980604946613,2.3435456780716777,7541647.0,7058749.0,51.0,0.0,2339.0,4.049285294488072,2.2837486332282424,6810804.0,7058749.0,122.0,0.0,2339.0,3.8996589522174765,2.2837486332282424,6810804.0,13279236.0,122.0,0.0,2339.0,3.955783326178789,2.2837486332282424,6810804.0,6220487.0,122.0,0.0,2339.0,3.897285882383585,2.2837486332282424,6810804.0,6220487.0,122.0,0.0,2339.0,2.386288231238723,1.3348868656903505,0.43049458879977465,0.0,0.0,0.0,0.0,2.3435456780716777,1.3202344309538603,0.43049458879977465,0.0,6.488151848316193e-05,0.0006410256028175354,0.0,2.2837486332282424,1.3348868656903505,0.43049458879977465,0.0,0.00015520676970481873,0.0,0.0,2.2837486332282424,1.2339520687237382,0.3778965398669243,0.003265478026049115,0.00015520676970481873,0.0006410256028175354,0.0,2.2837486332282424,1.2339520687237382,0.3778965398669243,0.05938985198736191,0.00015520676970481873,0.0006410256028175354,0.0,2.2837486332282424,1.2339520687237382,0.3778965398669243,0.0,0.00015520676970481873,0.0015334337949752808,0.0,0.0,0.0,0.0,0.0,0.0,0.0,0.0,0.0,0.0,0.0,0.0,0.0,1.8373138755559921,4710076.0,1.8026349004358053,4710076.0,1.769563895650208,4710076.0,1.6522435797424977,8754320.0,1.6731924102641642,4044244.0,1.6506805187091231,4044244.0,1.8735455693677068,2282788.0,1.851535463705659,2282788.0,1.8389111580327153,2282788.0,1.8065746523285546,4393146.0,1.8406385625712574,2110358.0,1.8057951228693128,2110358.0,0.4408102408051491,65885.0,0.4408102408051491,65885.0,0.4408102408051491,65885.0,0.44084072014642417,131770.0,0.4419523533433676,65885.0,0.4408102408051491,65885.0,28234.996,21725.852,0.001164675423875451,0.00365480545144528,28234.996,21725.852,0.0011620283275842666,0.0036544379100203503,28234.996,21725.852,0.001153033809736371,0.0036222849279642097,53116.944,45633.912,0.0011481689977172848,0.0035133195831432602,24881.948,24881.948,0.0011487254714593292,0.0035857895075343538,24881.948,24881.948,0.001148179553449154,0.0035086398055776944,2339
crmarenapro,query4,4,inf,7.880928981117904,4.6259868470951915,13357045.0,12043145.0,0.0,0.0,4694.0,7.741350500844419,4.522696950472891,13307689.0,12043145.0,124.0,0.0,4694.0,7.468692006543279,4.213122684508562,10103057.0,12043145.0,493.0,0.0,4694.0,6.815912380667296,4.213122684508562,10103057.0,20483449.0,493.0,0.0,4694.0,6.915986459702253,4.213122684508562,10103057.0,8440304.0,493.0,0.0,4694.0,6.814979058690369,4.213122684508562,10103057.0,8440304.0,493.0,0.0,4694.0,4.6259868470951915,2.517221400514245,0.7377207335084677,0.0,0.0,0.0,0.0,4.522696950472891,2.479216493666172,0.7377207335084677,0.0,0.0001577511429786682,0.0015585720539093018,0.0,4.213122684508562,2.517221400514245,0.7377207335084677,0.0,0.0006271880120038986,0.0,0.0,4.213122684508562,2.083466640673578,0.5115659646689892,0.005571330750253801,0.0006271880120038986,0.0015585720539093018,0.0,4.213122684508562,2.083466640673578,0.5115659646689892,0.10564540978521109,0.0006271880120038986,0.0015585720539093018,0.0,4.213122684508562,2.083466640673578,0.5115659646689892,0.0,0.0006271880120038986,0.0061965808272361755,0.0,0.0,0.0,0.0,0.0,0.0,0.0,0.0,0.0,0.0,0.0,0.0,0.0,3.447772507555783,7686170.0,3.3631908604875207,7686170.0,3.164658587425947,7686170.0,2.675856234592753,12653526.0,2.7102757445536554,4967356.0,2.675656460225582,4967356.0,3.669481630437076,4230207.0,3.614484797231853,4230207.0,3.540358575992286,4230207.0,3.3763226582635335,7576387.0,3.4400371750816703,3346180.0,3.3756477553397417,3346180.0,0.7636748431250453,126768.0,0.7636748431250453,126768.0,0.7636748431250453,126768.0,0.7637334878110097,253536.0,0.7656735400669277,126768.0,0.7636748431250453,126768.0,48172.58,25747.68,0.0011541530676186084,0.0037842239264398794,48172.58,25747.68,0.0011436401903629303,0.0037827248845249393,48172.58,25747.68,0.0011270700227469206,0.0036696054428815824,81933.796,57619.744,0.0011162194702774287,0.003275076846210941,33761.216,33761.216,0.0011162194702774287,0.0033517102615907768,33761.216,33761.216,0.0011162194702774287,0.0032708486938849072,4694
crmarenapro,query4,8,inf,16.101440949365497,9.338896608911455,28419503.0,25986365.0,0.0,0.0,9412.0,15.84422907140106,9.150721602141857,28321997.0,25986365.0,234.0,0.0,9412.0,14.931880466639996,8.167533437721431,18879744.0,25986365.0,1417.0,0.0,9412.0,13.025670533713434,8.167533437721431,18879744.0,41390385.0,1417.0,0.0,9412.0,13.236360815353692,8.167533437721431,18879744.0,15404020.0,1417.0,0.0,9412.0,13.028518150560558,8.167533437721431,18879744.0,15404020.0,1417.0,0.0,9412.0,9.338896608911455,5.18142858799547,1.5811157524585724,0.0,0.0,0.0,0.0,9.150721602141857,5.109152848832309,1.5811157524585724,0.0,0.00029769167304039,0.0029411762952804565,0.0,8.167533437721431,5.18142858799547,1.5811157524585724,0.0,0.0018026884645223618,0.0,0.0,8.167533437721431,3.92314341571182,0.9182281522080302,0.012021663312350645,0.0018026884645223618,0.0029411762952804565,0.0,8.167533437721431,3.92314341571182,0.9182281522080302,0.22271194495260715,0.0018026884645223618,0.0029411762952804565,0.0,8.167533437721431,3.92314341571182,0.9182281522080302,0.0,0.0018026884645223618,0.017810456454753876,0.0,0.0,0.0,0.0,0.0,0.0,0.0,0.0,0.0,0.0,0.0,0.0,0.0,7.158027623780072,16747538.0,6.966344377025962,16747538.0,6.319979466497898,16747538.0,4.886221549417826,25560578.0,4.960420473944396,8813040.0,4.88901939895004,8813040.0,7.503122610040009,8883226.0,7.437593978829682,8883226.0,7.171610284596682,8883226.0,6.698993762652648,15118605.0,6.829653535038233,6235379.0,6.699208036065102,6235379.0,1.4402907155454159,355601.0,1.4402907155454159,355601.0,1.4402907155454159,355601.0,1.4404552216429611,711202.0,1.446286806371063,355601.0,1.4402907155454159,355601.0,103945.46,41124.788,0.0011568281184881925,0.003826815960183737,103945.46,41124.788,0.0011526403408497572,0.003826268045231697,103945.46,41124.788,0.0011194340605288743,0.0036275552101433252,165561.54,97937.86,0.0011032813545316458,0.0029169546340729853,61616.08,61616.08,0.0011032813545316458,0.0030031953879632025,61616.08,61616.08,0.0011032813545316458,0.0029129113918170304,9412
crmarenapro,query5,2,inf,4.111234717071056,2.5997866885736585,6138631.0,2272053.0,0.0,0.0,2662.0,3.9037839183583856,2.4803329026326537,5787918.0,2272053.0,152.0,0.0,2662.0,3.8547421004623175,2.342898421920836,5568822.0,2272053.0,311.0,0.0,2662.0,3.6978397453252385,2.342898421920836,5568822.0,4518516.0,311.0,0.0,2662.0,3.731623093597591,2.342898421920836,5568822.0,2246463.0,311.0,0.0,2662.0,3.6987871527671814,2.342898421920836,5568822.0,2246463.0,311.0,0.0,2662.0,2.5997866885736585,1.3718562480062246,0.13959178049117327,0.0,0.0,0.0,0.0,2.4803329026326537,1.2817553551867604,0.13959178049117327,0.0,0.00019337236881256104,0.0019105076789855957,0.0,2.342898421920836,1.3718562480062246,0.13959178049117327,0.0,0.0003956500440835953,0.0,0.0,2.342898421920836,1.2138452576473355,0.13773882389068604,0.0010510841433119338,0.0003956500440835953,0.0019105076789855957,0.0,2.342898421920836,1.2138452576473355,0.13773882389068604,0.034834432415664196,0.0003956500440835953,0.0019105076789855957,0.0,2.342898421920836,1.2138452576473355,0.13773882389068604,0.0,0.0003956500440835953,0.003908999264240265,0.0,0.0,0.0,0.0,0.0,0.0,0.0,0.0,0.0,0.0,0.0,0.0,0.0,2.3640187522396445,965928.0,2.163909955881536,965928.0,2.1283774338662624,965928.0,1.9782002268035823,1918892.0,1.9894600282423198,952964.0,1.9796513132750988,952964.0,1.3868471179157495,1306125.0,1.3795051155611873,1306125.0,1.376018200069666,1306125.0,1.3696217948942677,2599624.0,1.3921453417278826,1293499.0,1.369105546735227,1293499.0,0.3603688469156623,0.0,0.3603688469156623,0.0,0.3503464665263891,0.0,0.3500177236273885,0.0,0.3500177236273885,0.0,0.3500302927568555,0.0,9088.212,7809.896,0.0012956573758274316,0.0023676466189324844,9088.212,7809.896,0.0012450755275785924,0.0023676155423745502,9088.212,7809.896,0.0012469550371170045,0.002333093659207224,18074.064,16730.352,0.0012267761647381272,0.002334724883646812,8985.852,8985.852,0.00122789491340518,0.00239134798394516,8985.852,8985.852,0.0012267528008669615,0.002332944862544536,2662
crmarenapro,query5,4,inf,8.202693338505924,5.099834302440286,12858758.0,5086849.0,0.0,0.0,5324.0,7.875229012221098,4.909913558512926,12298755.0,5086849.0,241.0,0.0,5324.0,7.483774404972792,4.379822560586035,11265799.0,5086849.0,859.0,0.0,5324.0,7.056940168900068,4.379822560586035,11265799.0,10095756.0,859.0,0.0,5324.0,7.129395291209221,4.379822560586035,11265799.0,5008907.0,859.0,0.0,5324.0,7.062354641966522,4.379822560586035,11265799.0,5008907.0,859.0,0.0,5324.0,5.099834302440286,2.791758772917092,0.3111002631485462,0.0,0.0,0.0,0.0,4.909913558512926,2.6508794333785772,0.3111002631485462,0.0,0.0003065969794988632,0.00302916020154953,0.0,4.379822560586035,2.791758772917092,0.3111002631485462,0.0,0.0010928083211183548,0.0,0.0,4.379822560586035,2.3656924897804856,0.3049499010667205,0.0023532489441585066,0.0010928083211183548,0.00302916020154953,0.0,4.379822560586035,2.3656924897804856,0.3049499010667205,0.07480837125331163,0.0010928083211183548,0.00302916020154953,0.0,4.379822560586035,2.3656924897804856,0.3049499010667205,0.0,0.0010928083211183548,0.010796882212162018,0.0,0.0,0.0,0.0,0.0,0.0,0.0,0.0,0.0,0.0,0.0,0.0,0.0,4.692270124331117,2135822.0,4.3851977083832026,2135822.0,4.03933607134968,2135822.0,3.631049320300406,4206824.0,3.655187734402716,2071002.0,3.6374896140769124,2071002.0,2.89173271227628,2951027.0,2.8713408019393682,2951027.0,2.857921067625284,2951027.0,2.840503799356808,5888932.0,2.8888205075636506,2937905.0,2.839440271258354,2937905.0,0.6186905018985271,0.0,0.6186905018985271,0.0,0.586517265997827,0.0,0.5853870492428541,0.0,0.5853870492428541,0.0,0.5854247566312551,0.0,20347.396,14377.032,0.0012737904861569406,0.0024629494981840243,20347.396,14377.032,0.0012302269209176302,0.0024629461424425236,20347.396,14377.032,0.0012100372537970543,0.0024416156347841014,40383.024,32577.396,0.0011943011581897736,0.0024441795140415583,20035.628,20035.628,0.0011943011581897736,0.0025229701923206436,20035.628,20035.628,0.0011943011581897736,0.0024416156347841014,5324
crmarenapro,query5,8,inf,16.38016797415912,10.252419009804726,25262084.0,9518764.0,0.0,0.0,10675.0,15.422054624184966,9.70154198538512,23635296.0,9518764.0,701.0,0.0,10675.0,14.14358945004642,8.012587504461408,20393688.0,9518764.0,2557.0,0.0,10675.0,12.836990508605068,8.012587504461408,20393688.0,18636086.0,2557.0,0.0,10675.0,12.979919509962201,8.012587504461408,20393688.0,9117322.0,2557.0,0.0,10675.0,12.855915296822786,8.012587504461408,20393688.0,9117322.0,2557.0,0.0,10675.0,10.252419009804726,5.5515563655644655,0.5761925987899303,0.0,0.0,0.0,0.0,9.70154198538512,5.134617277421057,0.5761925987899303,0.0,0.0008918028324842453,0.008810959756374359,0.0,8.012587504461408,5.5515563655644655,0.5761925987899303,0.0,0.0032529812306165695,0.0,0.0,8.012587504461408,4.259737519547343,0.548198027536273,0.004403516073053083,0.0032529812306165695,0.008810959756374359,0.0,8.012587504461408,4.259737519547343,0.548198027536273,0.14733251743018627,0.0032529812306165695,0.008810959756374359,0.0,8.012587504461408,4.259737519547343,0.548198027536273,0.0,0.0032529812306165695,0.032139264047145844,0.0,0.0,0.0,0.0,0.0,0.0,0.0,0.0,0.0,0.0,0.0,0.0,0.0,9.455318415537477,3622599.0,8.523823145776987,3622599.0,7.537933507934213,3622599.0,6.318720323417881,7050738.0,6.363300015218556,3428139.0,6.338688498362899,3428139.0,5.608591110445559,5896165.0,5.581973030231893,5896165.0,5.497216433286667,5896165.0,5.416909492544558,11585348.0,5.515258802101016,5689183.0,5.415614723227918,5689183.0,1.316258448176086,0.0,1.316258448176086,0.0,1.1084395088255405,0.0,1.1013606926426291,0.0,1.1013606926426291,0.0,1.1016120752319694,0.0,38075.056,21521.192,0.00126431355625391,0.0024949651438742866,38075.056,21521.192,0.001184670327231288,0.002494964095205068,38075.056,21521.192,0.0011359291076660156,0.0024359178170561785,74544.344,54149.548,0.0010847584009170531,0.0024383487227885876,36469.288,36469.288,0.0010847584009170531,0.0025295061741955572,36469.288,36469.288,0.0010847584009170531,0.002435747919417917,10675
crmarenapro,query6,2,inf,22.89763484802097,18.05550691485405,188417901.0,187905500.0,0.0,0.0,2812.0,22.59860140644014,17.772470927797258,188417847.0,187905500.0,27.0,0.0,2812.0,20.87291330192238,16.03048258833587,163676092.0,187905500.0,238.0,0.0,2812.0,20.470072332774965,16.03048258833587,163676092.0,350948510.0,238.0,0.0,2812.0,20.53932845639065,16.03048258833587,163676092.0,163043010.0,238.0,0.0,2812.0,20.38579665310681,16.03048258833587,163676092.0,163043010.0,238.0,0.0,2812.0,18.05550691485405,3.20819120015949,1.633936733007431,0.0,0.0,0.0,0.0,17.772470927797258,3.1918200301006436,1.633936733007431,0.0,3.434903919696808e-05,0.00033936649560928345,0.0,16.03048258833587,3.20819120015949,1.633936733007431,0.0,0.000302780419588089,0.0,0.0,16.03048258833587,2.8891553869470954,1.462864444591105,0.0869277659856969,0.000302780419588089,0.00033936649560928345,0.0,16.03048258833587,2.8891553869470954,1.462864444591105,0.15618388960137963,0.000302780419588089,0.00033936649560928345,0.0,16.03048258833587,2.8891553869470954,1.462864444591105,0.0,0.000302780419588089,0.0029914528131484985,0.0,0.0,0.0,0.0,0.0,0.0,0.0,0.0,0.0,0.0,0.0,0.0,0.0,0.8100821124389768,265601.0,0.8100821124389768,265601.0,0.7951142434030771,265601.0,0.7869234788520162,516928.0,0.7913690581917763,251327.0,0.7870394214987755,251327.0,7.7758977664634585,180497609.0,7.7758977664634585,180497609.0,7.655845612287521,180497609.0,7.38003861248922,336147002.0,7.443299303762615,155649393.0,7.297040607780218,155649393.0,14.311654969118536,7142290.0,14.012621527537704,7142290.0,12.421953446231782,7142290.0,12.30311024143373,14284580.0,12.304660094436258,7142290.0,12.301716623827815,7142290.0,751622.0,497366.576,0.009410055344924331,0.013795272537507114,751622.0,497366.576,0.009365734908729792,0.013795272537507114,751622.0,497366.576,0.0076479944344609975,0.013779505054838954,1403794.04,1128726.172,0.0072496813942910686,0.013884101090010122,652172.04,652172.04,0.007279476185329258,0.013921320552472024,652172.04,652172.04,0.0072396115306764845,0.013779505054838954,2812
crmarenapro,query6,4,inf,46.878225618973374,36.87289716955274,407259642.0,406217768.0,0.0,0.0,5741.0,46.28262481838465,36.3104349700734,407256222.0,406217768.0,57.0,0.0,5741.0,40.218530549667776,30.21214109659195,295800805.0,406217768.0,834.0,0.0,5741.0,38.36085129523142,30.21214109659195,295800805.0,700438428.0,834.0,0.0,5741.0,38.504712850786746,30.21214109659195,295800805.0,294220660.0,834.0,0.0,5741.0,38.18269537203014,30.21214109659195,295800805.0,294220660.0,834.0,0.0,5741.0,36.87289716955274,6.59537767060101,3.4099507788196206,0.0,0.0,0.0,0.0,36.3104349700734,6.5614501144737005,3.4099507788196206,0.0,7.251463830471039e-05,0.0007164403796195984,0.0,30.21214109659195,6.59537767060101,3.4099507788196206,0.0,0.0010610036551952362,0.0,0.0,30.21214109659195,5.315851291641593,2.6431593261659145,0.18792213679714598,0.0010610036551952362,0.0007164403796195984,0.0,30.21214109659195,5.315851291641593,2.6431593261659145,0.33178369235247374,0.0010610036551952362,0.0007164403796195984,0.0,30.21214109659195,5.315851291641593,2.6431593261659145,0.0,0.0010610036551952362,0.010482653975486755,0.0,0.0,0.0,0.0,0.0,0.0,0.0,0.0,0.0,0.0,0.0,0.0,0.0,1.6551280077546835,517689.0,1.6551280077546835,517689.0,1.594514112919569,517689.0,1.5652983382088816,1035378.0,1.5741957481950521,517689.0,1.566039239987731,517689.0,16.31477627530694,393037755.0,16.309805497527122,393037755.0,15.766691678203642,393037755.0,14.331360619136314,674078402.0,14.461903523653746,281040647.0,14.151823326013982,281040647.0,28.90832133591175,12662324.0,28.31769131310284,12662324.0,22.857324758544564,12662324.0,22.464192337886224,25324648.0,22.468613578937948,12662324.0,22.464832806028426,12662324.0,1624871.072,647787.748,0.009790890540927648,0.01383045819122344,1624871.072,647787.748,0.009695309814065694,0.013830300898291169,1624871.072,647787.748,0.006828646158799529,0.013801142241060733,2801753.712,1776055.48,0.005894628956760222,0.01388954154475252,1176882.64,1176882.64,0.005934204459190368,0.013942102709878234,1176882.64,1176882.64,0.005890982359647751,0.013801142241060733,5741
crmarenapro,query6,8,inf,91.0915106004104,71.5126110194251,776620801.0,774521158.0,0.0,0.0,11269.0,89.9416117053479,70.42835130635649,776611759.0,774521158.0,113.0,0.0,11269.0,71.44317338336259,51.86104499269277,451952670.0,774521158.0,2538.0,0.0,11269.0,65.74307290712032,51.86104499269277,451952670.0,1222905250.0,2538.0,0.0,11269.0,66.03034747811034,51.86104499269277,451952670.0,448384092.0,2538.0,0.0,11269.0,65.41524850483984,51.86104499269277,451952670.0,448384092.0,2538.0,0.0,11269.0,71.5126110194251,12.929329420439899,6.649570160545409,0.0,0.0,0.0,0.0,70.42835130635649,12.862126169726253,6.649570160545409,0.0,0.00014375708997249603,0.0014203116297721863,0.0,51.86104499269277,12.929329420439899,6.649570160545409,0.0,0.0032288096845149994,0.0,0.0,51.86104499269277,9.124284104444087,4.394790147431195,0.35830454123798916,0.0032288096845149994,0.0014203116297721863,0.0,51.86104499269277,9.124284104444087,4.394790147431195,0.6455791122280061,0.0032288096845149994,0.0014203116297721863,0.0,51.86104499269277,9.124284104444087,4.394790147431195,0.0,0.0032288096845149994,0.031900450587272644,0.0,0.0,0.0,0.0,0.0,0.0,0.0,0.0,0.0,0.0,0.0,0.0,0.0,3.268520511686802,1072474.0,3.268520511686802,1072474.0,3.0318770054727793,1072474.0,2.9197270052301265,2130674.0,2.9377901921980083,1058200.0,2.923039309680462,1058200.0,31.72912441752851,746283274.0,31.71545477863401,746283274.0,30.089515167288482,746283274.0,25.676233367787084,1166443756.0,25.93859594501555,420160482.0,25.337942803278565,420160482.0,56.09386567119509,27165410.0,54.95763641502708,27165410.0,38.32178121060133,27165410.0,37.147112534103115,54330820.0,37.153961340896785,27165410.0,37.15426639188081,27165410.0,3098084.632,744928.896,0.010089291194453835,0.01381321778167039,3098084.632,744928.896,0.010016207886859774,0.01381315072979778,3098084.632,744928.896,0.005056081542745233,0.01377437470126897,4891621.0,2409248.428,0.003775076398177257,0.013860363622291443,1793536.368,1793536.368,0.0038099543964490294,0.013911995621863751,1793536.368,1793536.368,0.0037708811201155185,0.01377437470126897,11269
crmarenapro,query7,2,inf,14.289741607382894,9.55357570014894,213407566.0,211420960.0,0.0,0.0,3579.0,14.220819277688861,9.508237679488957,212671613.0,210682096.0,29.0,0.0,3579.0,13.911518580280244,9.175099507905543,201238342.0,211420960.0,199.0,0.0,3579.0,13.739127470763679,9.175099507905543,201238342.0,409936982.0,199.0,0.0,3579.0,13.832966776564717,9.175099507905543,201238342.0,199254886.0,199.0,0.0,3579.0,13.64379967842251,9.175099507905543,201238342.0,199254886.0,199.0,0.0,3579.0,9.55357570014894,3.1817102916538715,1.554455615580082,0.0,0.0,0.0,0.0,9.508237679488957,3.1640696516260505,1.5481105484068394,0.0,3.6893412470817566e-05,0.00036450475454330444,0.0,9.175099507905543,3.1817102916538715,1.554455615580082,0.0,0.000253165140748024,0.0,0.0,9.175099507905543,2.9953328501433134,1.4706128984689713,0.09746454435055987,0.000253165140748024,0.00036450475454330444,0.0,9.175099507905543,2.9953328501433134,1.4706128984689713,0.19130385015159845,0.000253165140748024,0.00036450475454330444,0.0,9.175099507905543,2.9953328501433134,1.4706128984689713,0.0,0.000253165140748024,0.002501256763935089,0.0,0.0,0.0,0.0,0.0,0.0,0.0,0.0,0.0,0.0,0.0,0.0,0.0,0.6660113530233502,57096.0,0.6548779429867864,57096.0,0.6364144999533892,57096.0,0.6239600257934441,114192.0,0.6250757249072194,57096.0,0.6242101332172751,57096.0,11.44941348489374,211363864.0,11.39162456523627,210625000.0,11.222989563830197,211363864.0,11.07238829920791,409822790.0,11.165111905895174,199197790.0,10.976672139018774,199197790.0,2.174316769465804,0.0,2.174316769465804,0.0,2.0521145164966583,0.0,2.0427791457623243,0.0,2.0427791457623243,0.0,2.0429174061864614,0.0,845683.84,541523.808,0.0017471220511943101,0.010576508899033067,842728.384,538665.316,0.0017315546851605177,0.010576508899033067,845683.84,541523.808,0.0017089742068201303,0.010541037223674355,1639747.928,1301706.556,0.0016987362959399426,0.010649010014775726,797019.544,797019.544,0.0017047451473772527,0.010728456880245355,797019.544,797019.544,0.0016983730290085078,0.010508571317046878,3579
crmarenapro,query7,4,inf,28.738434842787683,19.38680631481111,423575947.0,419311369.0,0.0,0.0,7190.0,28.66598605643958,19.338728901930153,422951322.0,418684498.0,36.0,0.0,7190.0,27.02720972057432,17.674576165154576,353290494.0,419311369.0,790.0,0.0,7190.0,25.839428176572405,17.674576165154576,353290494.0,767720718.0,790.0,0.0,7190.0,26.02492011524737,17.674576165154576,353290494.0,349036220.0,790.0,0.0,7190.0,25.655215876176953,17.674576165154576,353290494.0,349036220.0,790.0,0.0,7190.0,19.38680631481111,6.301611892879009,3.0500166350975633,0.0,0.0,0.0,0.0,19.338728901930153,6.282578755170107,3.0441801119595766,0.0,4.579871892929077e-05,0.00045248866081237793,0.0,17.674576165154576,6.301611892879009,3.0500166350975633,0.0,0.0010050274431705475,0.0,0.0,17.674576165154576,5.402547908946872,2.5671571623533964,0.19368942401357586,0.0010050274431705475,0.00045248866081237793,0.0,17.674576165154576,5.402547908946872,2.5671571623533964,0.3791813626885414,0.0010050274431705475,0.00045248866081237793,0.0,17.674576165154576,5.402547908946872,2.5671571623533964,0.0,0.0010050274431705475,0.009929612278938293,0.0,0.0,0.0,0.0,0.0,0.0,0.0,0.0,0.0,0.0,0.0,0.0,0.0,1.4108547642827034,85644.0,1.3997213542461395,85644.0,1.2781465398147702,85644.0,1.220960914900349,171288.0,1.222634463571012,85644.0,1.2224924359470606,85644.0,22.61912977695465,419225725.0,22.55781440064311,418598854.0,21.70350969210267,419225725.0,20.623012107454276,767549430.0,20.806830497458577,348950576.0,20.436501569114625,348950576.0,4.708450301550329,0.0,4.708450301550329,0.0,4.0455534886568785,0.0,3.9954551542177796,0.0,3.9954551542177796,0.0,3.9962218711152673,0.0,1677245.476,666855.236,0.00163542490452528,0.011509046093188225,1674737.992,664929.536,0.0016268806476145983,0.011509046093188225,1677245.476,666855.236,0.0015676341019570828,0.011346895293891428,3070882.872,1975205.708,0.0015406797742242289,0.011374437294250165,1396144.88,1396144.88,0.0015472185723483562,0.011453190677985548,1396144.88,1396144.88,0.0015405240263789892,0.011219560342654585,7190
crmarenapro,query7,8,inf,58.09429676644504,39.2662860956043,849718416.0,841671553.0,0.0,0.0,14241.0,57.935842445120215,39.15891556721181,848795218.0,840747973.0,88.0,0.0,14241.0,52.167719228193164,33.33639959990978,633900826.0,841671553.0,2601.0,0.0,14241.0,48.220042851131794,33.33639959990978,633900826.0,1466892248.0,2601.0,0.0,14241.0,48.59488860005513,33.33639959990978,633900826.0,626144275.0,2601.0,0.0,14241.0,47.862687062472105,33.33639959990978,633900826.0,626144275.0,2601.0,0.0,14241.0,39.2662860956043,12.660366659983993,6.167644010856748,0.0,0.0,0.0,0.0,39.15891556721181,12.615996165201068,6.159712676890194,0.0,0.00011195242404937744,0.0011060833930969238,0.0,33.33639959990978,12.660366659983993,6.167644010856748,0.0,0.0033089574426412582,0.0,0.0,33.33639959990978,9.808209261856973,4.682076937519014,0.38894201101028447,0.0033089574426412582,0.0011060833930969238,0.0,33.33639959990978,9.808209261856973,4.682076937519014,0.7637877599336207,0.0033089574426412582,0.0011060833930969238,0.0,33.33639959990978,9.808209261856973,4.682076937519014,0.0,0.0033089574426412582,0.032692305743694305,0.0,0.0,0.0,0.0,0.0,0.0,0.0,0.0,0.0,0.0,0.0,0.0,0.0,2.543795187957585,42822.0,2.5118875708431005,42822.0,2.170430318452418,42822.0,2.0110780493346088,85644.0,2.0119148236699402,42822.0,2.015520280227065,42822.0,45.56446037068963,841628731.0,45.43791366647929,840705151.0,42.632609562017024,841628731.0,39.04482886514953,1466806604.0,39.418837839737535,626101453.0,38.68000168539584,626101453.0,9.986041207797825,0.0,9.986041207797825,0.0,7.3646793477237225,0.0,7.164135936647654,0.0,7.164135936647654,0.0,7.167165096849203,0.0,3366686.212,769951.912,0.001641737896949053,0.011985496865212915,3362991.892,766742.412,0.001633038556203246,0.011985496865212915,3366686.212,769951.912,0.0015346975792199372,0.01177569786775857,5867568.992,3120357.096,0.0014893981880157677,0.011923480065580142,2504577.1,2504577.1,0.0014924760116264224,0.01200892328592017,2504577.1,2504577.1,0.001489298228174448,0.011755170547217128,14241
crmarenapro,query8,2,inf,3.3183164093643427,1.6561754615977407,8452434.0,5936954.0,0.0,0.0,1833.0,3.2577908653765917,1.6179146775975823,8348927.0,5936954.0,43.0,0.0,1833.0,3.254373535513878,1.5921384459361434,8262953.0,5936954.0,74.0,0.0,1833.0,3.2136035161260477,1.5921384459361434,8262953.0,11852783.0,74.0,0.0,1833.0,3.2722455454058945,1.5921384459361434,8262953.0,5915829.0,74.0,0.0,1833.0,3.2112466394901276,1.5921384459361434,8262953.0,5915829.0,74.0,0.0,1833.0,1.6561754615977407,1.3214941639453173,0.34064678382128477,0.0,0.0,0.0,0.0,1.6179146775975823,1.2986342273652554,0.34064678382128477,0.0,5.470402538776398e-05,0.0005404725670814514,0.0,1.5921384459361434,1.3214941639453173,0.34064678382128477,0.0,9.414181113243103e-05,0.0,0.0,1.5921384459361434,1.2787770796567202,0.3393068565055728,0.002746519649397421,9.414181113243103e-05,0.0005404725670814514,0.0,1.5921384459361434,1.2787770796567202,0.3393068565055728,0.06138854892924428,9.414181113243103e-05,0.0005404725670814514,0.0,1.5921384459361434,1.2787770796567202,0.3393068565055728,0.0,9.414181113243103e-05,0.0009301155805587769,0.0,0.0,0.0,0.0,0.0,0.0,0.0,0.0,0.0,0.0,0.0,0.0,0.0,0.12922830041497946,252765.0,0.12922830041497946,252765.0,0.12683341559022665,252765.0,0.12495203737787687,505530.0,0.1276903860270977,252765.0,0.12487281206995249,252765.0,3.1890881089493632,5684189.0,3.1285625649616122,5684189.0,3.127540119923651,5684189.0,3.088651478748171,11347253.0,3.144555159378797,5663064.0,3.086373827420175,5663064.0,0.0,0.0,0.0,0.0,0.0,0.0,0.0,0.0,0.0,0.0,0.0,0.0,23747.816,20506.116,0.0015502667818218469,0.003055511353909969,23747.816,20506.116,0.0015444958750158548,0.003055175027251243,23747.816,20506.116,0.0015375497881323099,0.003054837927408516,47411.132,42675.544,0.0015340916672542913,0.0030596570981002665,23663.316,23663.316,0.0015389073686674238,0.0031582737692631775,23663.316,23663.316,0.0015338181387633085,0.0030545178728178138,1833
crmarenapro,query8,4,inf,7.009851167909801,3.3397271372377872,19102148.0,14710785.0,0.0,0.0,3674.0,6.906880470924079,3.276838891208172,18897337.0,14710785.0,72.0,0.0,3674.0,6.783298030495644,3.1128381425514817,17673049.0,14710785.0,264.0,0.0,3674.0,6.507652191540048,3.1128381425514817,17673049.0,28453281.0,264.0,0.0,3674.0,6.646180592942983,3.1128381425514817,17673049.0,13742496.0,264.0,0.0,3674.0,6.503260045312345,3.1128381425514817,17673049.0,13742496.0,264.0,0.0,3674.0,3.3397271372377872,2.8380708573386073,0.8320531733334064,0.0,0.0,0.0,0.0,3.276838891208172,2.796991831623018,0.8320531733334064,0.0,9.159743785858154e-05,0.0009049773216247559,0.0,3.1128381425514817,2.8380708573386073,0.8320531733334064,0.0,0.0003358572721481323,0.0,0.0,3.1128381425514817,2.6130985552445054,0.773669240064919,0.006805419085369508,0.0003358572721481323,0.0009049773216247559,0.0,3.1128381425514817,2.6130985552445054,0.773669240064919,0.1453338204883039,0.0003358572721481323,0.0009049773216247559,0.0,3.1128381425514817,2.6130985552445054,0.773669240064919,0.0,0.0003358572721481323,0.0033182501792907715,0.0,0.0,0.0,0.0,0.0,0.0,0.0,0.0,0.0,0.0,0.0,0.0,0.0,0.3860300797969103,769080.0,0.3860300797969103,769080.0,0.3732535494491458,769080.0,0.35081883500752825,1512960.0,0.3593144197948277,743880.0,0.3506641536951065,743880.0,6.623821088112891,13941705.0,6.520850391127169,13941705.0,6.410044481046498,13941705.0,6.156833356532521,26940321.0,6.286866173148155,12998616.0,6.1525958916172385,12998616.0,0.0,0.0,0.0,0.0,0.0,0.0,0.0,0.0,0.0,0.0,0.0,0.0,58843.14,35608.708,0.0014847119860351085,0.0035317605055868615,58843.14,35608.708,0.0014772060085088015,0.0035317605055868615,58843.14,35608.708,0.0014542957469820977,0.003529018246755003,113813.124,84177.18,0.0014275266079236773,0.003523018428571382,54969.984,54969.984,0.0014280535196885466,0.0036560176010243584,54969.984,54969.984,0.0014274824634194375,0.003516165920719503,3674
crmarenapro,query8,8,inf,13.325424506329,6.450781773775816,35338062.0,26650932.0,0.0,0.0,7095.0,13.14249927084893,6.3376118978485465,34994949.0,26650932.0,128.0,0.0,7095.0,12.642012841068208,5.766357447952032,30615528.0,26650932.0,796.0,0.0,7095.0,11.710967181178844,5.766357447952032,30615528.0,49605866.0,796.0,0.0,7095.0,11.966177941765636,5.766357447952032,30615528.0,22954934.0,796.0,0.0,7095.0,11.707034258171916,5.766357447952032,30615528.0,22954934.0,796.0,0.0,7095.0,6.450781773775816,5.35010742675513,1.5245353057980537,0.0,0.0,0.0,0.0,6.3376118978485465,5.278580378741026,1.5245353057980537,0.0,0.0001628398895263672,0.0016088485717773438,0.0,5.766357447952032,5.35010742675513,1.5245353057980537,0.0,0.001012660562992096,0.0,0.0,5.766357447952032,4.634211672469974,1.295447450131178,0.012329101490891543,0.001012660562992096,0.0016088485717773438,0.0,5.766357447952032,4.634211672469974,1.295447450131178,0.2675398620776832,0.001012660562992096,0.0016088485717773438,0.0,5.766357447952032,4.634211672469974,1.295447450131178,0.0,0.001012660562992096,0.010005027055740356,0.0,0.0,0.0,0.0,0.0,0.0,0.0,0.0,0.0,0.0,0.0,0.0,0.0,0.7336936630308628,1668726.0,0.7336936630308628,1668726.0,0.6952791064977646,1668726.0,0.6182433109872079,3137187.0,0.6366017195396125,1468461.0,0.6180495144799352,1468461.0,12.591730843298137,24982206.0,12.408805607818067,24982206.0,11.946733734570444,24982206.0,11.092723870191637,46468679.0,11.329576222226024,21486473.0,11.08898474369198,21486473.0,0.0,0.0,0.0,0.0,0.0,0.0,0.0,0.0,0.0,0.0,0.0,0.0,106603.728,45551.468,0.0014422430917620658,0.0036859295085072503,106603.728,45551.468,0.0014364691115915775,0.0036859295085072503,106603.728,45551.468,0.0014079892467707396,0.003680018792301415,198423.464,127402.2,0.001383760215714574,0.0036821246407465163,91819.736,91819.736,0.001383760215714574,0.0038263991867192077,91819.736,91819.736,0.001383760215714574,0.0036749278802424654,7095
crmarenapro,query9,2,inf,2.307824242860079,1.0576704079285264,8020790.0,2198700.0,0.0,0.0,1306.0,2.2079881466925144,1.0130067728459835,7650675.0,2066445.0,57.0,0.0,1306.0,2.1562897861003876,0.9058904191479087,6907989.0,2198700.0,193.0,0.0,1306.0,1.9691933958741172,0.9058904191479087,6907989.0,4132890.0,193.0,0.0,1306.0,2.001358692534268,0.9058904191479087,6907989.0,2066445.0,193.0,0.0,1306.0,1.9699468305334449,0.9058904191479087,6907989.0,2066445.0,193.0,0.0,1306.0,1.0576704079285264,1.133934449404478,0.11621938552707434,0.0,0.0,0.0,0.0,1.0130067728459835,1.085192508995533,0.10899990983307362,0.0,7.251463830471039e-05,0.0007164403796195984,0.0,0.9058904191479087,1.133934449404478,0.11621938552707434,0.0,0.0002455320209264755,0.0,0.0,0.9058904191479087,0.9523851275444031,0.10899990983307362,0.0009559669481857285,0.0002455320209264755,0.0007164403796195984,0.0,0.9058904191479087,0.9523851275444031,0.10899990983307362,0.03312126360833645,0.0002455320209264755,0.0007164403796195984,0.0,0.9058904191479087,0.9523851275444031,0.10899990983307362,0.0,0.0002455320209264755,0.002425841987133026,0.0,0.0,0.0,0.0,0.0,0.0,0.0,0.0,0.0,0.0,0.0,0.0,0.0,0.921316803433001,0.0,0.8929342404007912,0.0,0.8104868493974209,0.0,0.6707493141293526,0.0,0.6707493141293526,0.0,0.6723204553127289,0.0,1.3865074394270778,2198700.0,1.3150539062917233,2066445.0,1.3458029367029667,2198700.0,1.2984440817447647,4132890.0,1.3306093784049153,2066445.0,1.297626375220716,2066445.0,0.0,0.0,0.0,0.0,0.0,0.0,0.0,0.0,0.0,0.0,0.0,0.0,8794.8,7240.836,0.0017452551666647196,0.002250116465613246,8265.78,6865.924,0.0017328938953578472,0.0022476456869393586,8794.8,7240.836,0.0016616016197949649,0.0022361789144575593,16531.56,14744.624,0.0016456431027990995,0.002238352465842975,8265.78,8265.78,0.0016544985994696618,0.002311567968688905,8265.78,8265.78,0.001645512528717518,0.0022360743299126625,1306
crmarenapro,query9,4,inf,4.6794585306197405,2.123750244267285,16482551.0,4786924.0,0.0,0.0,2615.0,4.491671127267182,2.0385815175250173,15795570.0,4584784.0,109.0,0.0,2615.0,4.181019251234829,1.6245082151144743,12839599.0,4786924.0,631.0,0.0,2615.0,3.5645198281145487,1.6245082151144743,12839599.0,9060468.0,631.0,0.0,2615.0,3.632638762705028,1.6245082151144743,12839599.0,4475684.0,631.0,0.0,2615.0,3.56895992718637,1.6245082151144743,12839599.0,4475684.0,631.0,0.0,2615.0,2.123750244267285,2.30651643499732,0.24919185135513544,0.0,0.0,0.0,0.0,2.0385815175250173,2.213622860610485,0.2379580456763506,0.0,0.00013866834342479706,0.0013700351119041443,0.0,1.6245082151144743,2.30651643499732,0.24919185135513544,0.0,0.0008027497678995132,0.0,0.0,1.6245082151144743,1.7039969330653548,0.23172090854495764,0.002120986509958289,0.0008027497678995132,0.0013700351119041443,0.0,1.6245082151144743,1.7039969330653548,0.23172090854495764,0.07023992110043764,0.0008027497678995132,0.0013700351119041443,0.0,1.6245082151144743,1.7039969330653548,0.23172090854495764,0.0,0.0008027497678995132,0.007931120693683624,0.0,0.0,0.0,0.0,0.0,0.0,0.0,0.0,0.0,0.0,0.0,0.0,0.0,1.904768186621368,49412.0,1.8463144525885582,49412.0,1.5311115281656384,49412.0,1.0585198303110401,98824.0,1.0596390841528773,49412.0,1.0640525268390775,49412.0,2.7746903439983726,4737512.0,2.6453566746786237,4535372.0,2.649907723069191,4737512.0,2.5059999978035084,8961644.0,2.5729996785521507,4426272.0,2.5049074003472924,4426272.0,0.0,0.0,0.0,0.0,0.0,0.0,0.0,0.0,0.0,0.0,0.0,0.0,19147.696,12454.584,0.001715974248945713,0.002462416219897568,18339.136,11919.892,0.0017026321943849326,0.0024602605229243632,19147.696,12454.584,0.0015271262750029563,0.0024372954208403824,36241.872,28744.04,0.001479105993761987,0.0024364351487587087,17902.736,17902.736,0.0014802153911441566,0.002535324801225215,17902.736,17902.736,0.0014796011820435524,0.0024331628346815704,2615
crmarenapro,query9,8,inf,9.417471186257899,4.310456687584519,32283762.0,8996354.0,0.0,0.0,5307.0,8.941949267871678,4.099225073121488,30551446.0,8359920.0,269.0,0.0,5307.0,8.069866699166596,2.9606843944638968,22311840.0,8996354.0,1704.0,0.0,5307.0,6.371541661005365,2.9606843944638968,22311840.0,16104856.0,1704.0,0.0,5307.0,6.5070119723677635,2.9606843944638968,22311840.0,7744936.0,1704.0,0.0,5307.0,6.385710943490267,2.9606843944638968,22311840.0,7744936.0,1704.0,0.0,5307.0,4.310456687584519,4.613048378378153,0.4939661202952266,0.0,0.0,0.0,0.0,4.099225073121488,4.3809182569384575,0.4580826237797737,0.0,0.00034221820533275604,0.003381095826625824,0.0,2.9606843944638968,4.613048378378153,0.4939661202952266,0.0,0.002167806029319763,0.0,0.0,2.9606843944638968,2.978218453936279,0.4232224924489856,0.003867418300258093,0.002167806029319763,0.003381095826625824,0.0,2.9606843944638968,2.978218453936279,0.4232224924489856,0.13933772966265678,0.002167806029319763,0.003381095826625824,0.0,2.9606843944638968,2.978218453936279,0.4232224924489856,0.0,0.002167806029319763,0.02141779661178589,0.0,0.0,0.0,0.0,0.0,0.0,0.0,0.0,0.0,0.0,0.0,0.0,0.0,3.84814765304327,148236.0,3.7117940289899707,148236.0,2.846434660255909,148236.0,1.5818073908007149,296472.0,1.5851651523262262,148236.0,1.5967840626835823,148236.0,5.569323533214629,8848118.0,5.230155238881707,8211684.0,5.223432038910687,8848118.0,4.78973427020465,15808384.0,4.921846820041537,7596700.0,4.7889268808066845,7596700.0,0.0,0.0,0.0,0.0,0.0,0.0,0.0,0.0,0.0,0.0,0.0,0.0,35985.416,17060.812,0.0017172560524195432,0.0025530564920976753,33439.68,16032.272,0.001694066844880581,0.002536839913576841,35985.416,17060.812,0.001418265426531434,0.0025058565618470306,64419.424,44957.212,0.0012741265205391962,0.002499999629174913,30979.744,30979.744,0.0012780009219422936,0.0026290793556720013,30979.744,30979.744,0.0012755118235945702,0.002496365878731012,5307
googlelocal,query1,2,inf,4.606985944323242,2.360449681058526,15461505.0,14259157.0,0.0,0.0,1855.0,4.236443056724966,2.2177186589688063,14620901.0,13306219.0,125.0,0.0,1855.0,4.296891475096345,2.0500435261055827,14217669.0,14259157.0,245.0,0.0,1855.0,3.9785354635046106,2.0500435261055827,14217669.0,26506556.0,245.0,0.0,1855.0,3.9975062925368547,2.0500435261055827,14217669.0,13200337.0,245.0,0.0,1855.0,3.973888112232089,2.0500435261055827,14217669.0,13200337.0,245.0,0.0,1855.0,2.360449681058526,1.623775800690055,0.6227604625746608,0.0,0.0,0.0,0.0,2.2177186589688063,1.4784804470837116,0.5385137861594558,0.0,0.00015902332961559296,0.0015711411833763123,0.0,2.0500435261055827,1.623775800690055,0.6227604625746608,0.0,0.0003116857260465622,0.0,0.0,2.0500435261055827,1.391300419345498,0.5291530443355441,0.006155646808562994,0.0003116857260465622,0.0015711411833763123,0.0,2.0500435261055827,1.391300419345498,0.5291530443355441,0.02512647584080696,0.0003116857260465622,0.0015711411833763123,0.0,2.0500435261055827,1.391300419345498,0.5291530443355441,0.0,0.0003116857260465622,0.003079436719417572,0.0,0.0,0.0,0.0,0.0,0.0,0.0,0.0,0.0,0.0,0.0,0.0,0.0,2.713735330849886,13201258.0,2.4835613928735256,12248320.0,2.5633594626560807,13201258.0,2.308584633347693,24390758.0,2.315481623634696,12142438.0,2.303735379129648,12142438.0,1.8932506134733558,1057899.0,1.75288166385144,1057899.0,1.7335320124402642,1057899.0,1.6699508301569177,2115798.0,1.6820246689021587,1057899.0,1.6701527331024408,1057899.0,0.0,0.0,0.0,0.0,0.0,0.0,0.0,0.0,0.0,0.0,0.0,0.0,57036.628,55254.976,0.0016530858837068081,0.004796241336874662,53224.876,51443.224,0.0016314673442393542,0.0046530377296730855,57036.628,55254.976,0.0015614085365086793,0.004723690036684273,106026.224,103608.636,0.0015386706762050733,0.0046159088773256194,52801.348,52801.348,0.0015397721230983733,0.004655299379955975,52801.348,52801.348,0.001538705425336957,0.004605903012678025,1855
googlelocal,query1,4,inf,8.516697308979928,4.6636242447420955,23649963.0,20603792.0,0.0,0.0,3736.0,7.969109986908734,4.36743347812444,22773321.0,19783402.0,294.0,0.0,3736.0,7.4502067072317,3.596043379046023,20835576.0,20603792.0,857.0,0.0,3736.0,6.7136144819468155,3.596043379046023,20835576.0,38719748.0,857.0,0.0,3736.0,6.755571933928877,3.596043379046023,20835576.0,18936346.0,857.0,0.0,3736.0,6.711538817733526,3.596043379046023,20835576.0,18936346.0,857.0,0.0,3736.0,4.6636242447420955,2.8843624563887715,0.9687106078490615,0.0,0.0,0.0,0.0,4.36743347812444,2.6977021852508187,0.8999049765989184,0.0,0.00037402287125587463,0.0036953240633010864,0.0,3.596043379046023,2.8843624563887715,0.9687106078490615,0.0,0.0010902639478445053,0.0,0.0,3.596043379046023,2.278719190508127,0.8249142402783036,0.009152084103216607,0.0010902639478445053,0.0036953240633010864,0.0,3.596043379046023,2.278719190508127,0.8249142402783036,0.051109536085277796,0.0010902639478445053,0.0036953240633010864,0.0,3.596043379046023,2.278719190508127,0.8249142402783036,0.0,0.0010902639478445053,0.010771743953227997,0.0,0.0,0.0,0.0,0.0,0.0,0.0,0.0,0.0,0.0,0.0,0.0,0.0,4.598701889626682,18228954.0,4.400631890632212,17487780.0,4.078448832035065,18228954.0,3.5645205295496303,34128504.0,3.5801292681135237,16640724.0,3.559912081807852,16640724.0,3.9179954193532467,2374838.0,3.5684780962765217,2295622.0,3.3717578751966357,2374838.0,3.1490939523971853,4591244.0,3.1754426658153534,2295622.0,3.1516267359256744,2295622.0,0.0,0.0,0.0,0.0,0.0,0.0,0.0,0.0,0.0,0.0,0.0,0.0,82415.168,69064.956,0.0016152584627270698,0.004760703551769255,79133.608,66365.356,0.001600879929959774,0.004491619793325661,82415.168,69064.956,0.001409504970535636,0.004596310195513068,154878.992,138251.644,0.0013757902815378306,0.004058127347539633,75745.384,75745.384,0.0013767364639788867,0.004114010835904626,75745.384,75745.384,0.0013756949044764042,0.004051137540675698,3736
googlelocal,query1,8,inf,17.042816180735826,9.2816492151469,49239299.0,43229025.0,0.0,0.0,7434.0,15.792837087996304,8.703013464808464,46819838.0,40694719.0,557.0,0.0,7434.0,13.906454644165933,6.142174637876451,40646195.0,43229025.0,2447.0,0.0,7434.0,11.711987508691706,6.142174637876451,40646195.0,78774944.0,2447.0,0.0,7434.0,11.78824241971597,6.142174637876451,40646195.0,38080225.0,2447.0,0.0,7434.0,11.71691720560193,6.142174637876451,40646195.0,38080225.0,2447.0,0.0,7434.0,9.2816492151469,5.8012756537646055,1.9598913118243217,0.0,0.0,0.0,0.0,8.703013464808464,5.341620308347046,1.7404937017709017,0.0,0.0007086079567670822,0.007001005113124847,0.0,6.142174637876451,5.8012756537646055,1.9598913118243217,0.0,0.0031130407005548477,0.0,0.0,6.142174637876451,4.012874393723905,1.527998473495245,0.018825957782426236,0.0031130407005548477,0.007001005113124847,0.0,6.142174637876451,4.012874393723905,1.527998473495245,0.09508086880668998,0.0031130407005548477,0.007001005113124847,0.0,6.142174637876451,4.012874393723905,1.527998473495245,0.0,0.0031130407005548477,0.03075665980577469,0.0,0.0,0.0,0.0,0.0,0.0,0.0,0.0,0.0,0.0,0.0,0.0,0.0,9.371855793520808,39004824.0,8.767994418740273,36569538.0,7.703792898915708,39004824.0,6.1224439536565844,70782034.0,6.151210865005851,34212496.0,6.1171151008456945,34212496.0,7.670960387215018,4224201.0,7.0248426692560315,4125181.0,6.202661745250225,4224201.0,5.589543555035123,7992910.0,5.63703155471012,3867729.0,5.599802104756236,3867729.0,0.0,0.0,0.0,0.0,0.0,0.0,0.0,0.0,0.0,0.0,0.0,0.0,172916.1,123597.268,0.0016096114926040172,0.0048673561671748735,162778.876,115273.544,0.001598864208906889,0.004414950583875177,172916.1,123597.268,0.0013029995989054441,0.0046181022176519015,315099.776,260841.356,0.0012551776245236397,0.003829284458246133,152320.9,152320.9,0.00125626946054399,0.0038880122255533912,152320.9,152320.9,0.0012552781775593757,0.0038240539234131554,7434
googlelocal,query2,2,inf,5.648060951381922,2.85907185357064,10961653.0,11404743.0,0.0,0.0,2297.0,5.560397632420063,2.8047877717763186,10739452.0,11226507.0,48.0,0.0,2297.0,5.368857780471444,2.579635872505605,8245762.0,11404743.0,183.0,0.0,2297.0,4.67922445539688,2.579635872505605,8245762.0,19217142.0,183.0,0.0,2297.0,4.723141752183437,2.579635872505605,8245762.0,7990635.0,183.0,0.0,2297.0,4.675727745518088,2.579635872505605,8245762.0,7990635.0,183.0,0.0,2297.0,2.85907185357064,1.8975064922124147,0.8914826055988669,0.0,0.0,0.0,0.0,2.8047877717763186,1.8708190890029073,0.8841263884678483,0.0,6.10649585723877e-05,0.0006033182144165039,0.0,2.579635872505605,1.8975064922124147,0.8914826055988669,0.0,0.0002328101545572281,0.0,0.0,2.579635872505605,1.4927151072770357,0.6008438048884273,0.005193542356837815,0.0002328101545572281,0.0006033182144165039,0.0,2.579635872505605,1.4927151072770357,0.6008438048884273,0.049110839143395424,0.0002328101545572281,0.0006033182144165039,0.0,2.579635872505605,1.4927151072770357,0.6008438048884273,0.0,0.0002328101545572281,0.002300150692462921,0.0,0.0,0.0,0.0,0.0,0.0,0.0,0.0,0.0,0.0,0.0,0.0,0.0,2.9845296163111925,9371951.0,2.969979129731655,9371951.0,2.842311702668667,9371951.0,2.213811360494804,15567442.0,2.236315406858921,6195491.0,2.210116787813604,6195491.0,2.6635313350707293,2032792.0,2.590418502688408,1854556.0,2.5265460778027773,2032792.0,2.465413094902076,3649700.0,2.4868263453245163,1795144.0,2.4656109577044845,1795144.0,0.0,0.0,0.0,0.0,0.0,0.0,0.0,0.0,0.0,0.0,0.0,0.0,45618.972,31970.716,0.0015175501219928265,0.006509859135001897,44906.028,31416.204,0.001511427752673626,0.006505453509278595,45618.972,31970.716,0.0014954854398965835,0.006366093489155172,76868.568,63291.352,0.0014834768734872342,0.005694587455560083,31962.54,31962.54,0.0014834768734872342,0.005772073522023854,31962.54,31962.54,0.001483502011746168,0.005685387180373071,2297
googlelocal,query2,4,inf,11.251527534797788,5.740318234078586,21720598.0,22725596.0,0.0,0.0,4644.0,11.02484212629497,5.591717025265098,21268257.0,22408732.0,131.0,0.0,4644.0,10.103467161767185,4.5912541057914495,12728383.0,22725596.0,789.0,0.0,4644.0,7.730872633088654,4.5912541057914495,12728383.0,33905538.0,789.0,0.0,4644.0,7.821011937223375,4.5912541057914495,12728383.0,11496806.0,789.0,0.0,4644.0,7.72877652104944,4.5912541057914495,12728383.0,11496806.0,789.0,0.0,4644.0,5.740318234078586,3.7565145883709192,1.7546947123482823,0.0,0.0,0.0,0.0,5.591717025265098,3.6896770065650344,1.741634882055223,0.0,0.00016665644943714142,0.0016465559601783752,0.0,4.5912541057914495,3.7565145883709192,1.7546947123482823,0.0,0.0010037552565336227,0.0,0.0,4.5912541057914495,2.33939809538424,0.7872035214677453,0.010366599228506869,0.0010037552565336227,0.0016465559601783752,0.0,4.5912541057914495,2.33939809538424,0.7872035214677453,0.10050590336322784,0.0010037552565336227,0.0016465559601783752,0.0,4.5912541057914495,2.33939809538424,0.7872035214677453,0.0,0.0010037552565336227,0.009917043149471283,0.0,0.0,0.0,0.0,0.0,0.0,0.0,0.0,0.0,0.0,0.0,0.0,0.0,5.8488768599927425,18524975.0,5.80765048135072,18524975.0,5.307235947810113,18524975.0,3.1684761104961106,26355868.0,3.2144420663826168,7830893.0,3.1626085555180907,7830893.0,5.402650674805045,4200621.0,5.217191644944251,3883757.0,4.796231213957071,4200621.0,4.562396522592543,7549670.0,4.606569870840758,3665913.0,4.566167965531349,3665913.0,0.0,0.0,0.0,0.0,0.0,0.0,0.0,0.0,0.0,0.0,0.0,0.0,90902.384,40514.648,0.0015005376618355513,0.00689651191420853,89634.928,39744.528,0.0014963212460279464,0.00689074630215764,90902.384,40514.648,0.0014542275816202164,0.00649643465541303,135622.152,84898.14,0.0014346698496210872,0.004485678819432922,45987.224,45987.224,0.0014351429408416153,0.004559525896143165,45987.224,45987.224,0.00143459702283144,0.004479136861488219,4644
googlelocal,query2,8,inf,21.67283052764833,11.220708806999028,40897095.0,42261045.0,0.0,0.0,9049.0,21.328045844100416,11.006293914280832,40028828.0,41528297.0,193.0,0.0,9049.0,18.281935876235366,7.82673800829798,17846180.0,42261045.0,2418.0,0.0,9049.0,12.271065264031051,7.82673800829798,17846180.0,55761295.0,2418.0,0.0,9049.0,12.436875912360847,7.82673800829798,17846180.0,14232998.0,2418.0,0.0,9049.0,12.279819994233549,7.82673800829798,17846180.0,14232998.0,2418.0,0.0,9049.0,11.220708806999028,7.17562541179359,3.2764963088557124,0.0,0.0,0.0,0.0,11.006293914280832,7.072767301462591,3.2463132543489337,0.0,0.0002455320209264755,0.002425841987133026,0.0,7.82673800829798,7.17562541179359,3.2764963088557124,0.0,0.00307614728808403,0.0,0.0,7.82673800829798,3.512034844607115,0.9075788389891386,0.019211582861600743,0.00307614728808403,0.002425841987133026,0.0,7.82673800829798,3.512034844607115,0.9075788389891386,0.1850222311913967,0.00307614728808403,0.002425841987133026,0.0,7.82673800829798,3.512034844607115,0.9075788389891386,0.0,0.00307614728808403,0.030392155051231384,0.0,0.0,0.0,0.0,0.0,0.0,0.0,0.0,0.0,0.0,0.0,0.0,0.0,11.291079135611653,34400008.0,11.247427675873041,34400008.0,9.745978870429099,34400008.0,4.486207669793088,42896572.0,4.569943054113537,8496564.0,4.479079556651413,8496564.0,10.381751392036676,7861037.0,10.080618168227375,7128289.0,8.535957005806267,7861037.0,7.784857594237963,12864723.0,7.86693285824731,5736434.0,7.800740437582135,5736434.0,0.0,0.0,0.0,0.0,0.0,0.0,0.0,0.0,0.0,0.0,0.0,0.0,169044.18,46845.484,0.0015067202672362327,0.006818633477203548,166113.188,45074.144,0.001502599935978651,0.006806635374017059,169044.18,46845.484,0.0014002420455217362,0.0061094270469620815,223045.18,100353.872,0.0012427902812863565,0.0027632337325978673,56931.992,56931.992,0.001263606294989586,0.002809361069742589,56931.992,56931.992,0.001239837285131216,0.0027611224137246595,9049
googlelocal,query3,2,inf,7.758239857852459,2.477715542539954,32336952.0,36303294.0,0.0,0.0,1662.0,7.387819422408938,2.388415885157883,30650263.0,34291535.0,54.0,0.0,1662.0,7.449032272212207,2.16824843082577,28211193.0,36303294.0,204.0,0.0,1662.0,6.734041279739179,2.16824843082577,28211193.0,65815586.0,204.0,0.0,1662.0,6.934607852250338,2.16824843082577,28211193.0,31524051.0,204.0,0.0,1662.0,6.720062895677984,2.16824843082577,28211193.0,31524051.0,204.0,0.0,1662.0,2.477715542539954,3.095961682498455,2.1845626328140497,0.0,0.0,0.0,0.0,2.388415885157883,2.9411114351823926,2.05754467099905,0.0,6.869807839393616e-05,0.0006787329912185669,0.0,2.16824843082577,3.095961682498455,2.1845626328140497,0.0,0.0002595260739326477,0.0,0.0,2.16824843082577,2.6764581371098757,1.8725326992571354,0.015863753481246343,0.0002595260739326477,0.0006787329912185669,0.0,2.16824843082577,2.6764581371098757,1.8725326992571354,0.21643032599240541,0.0002595260739326477,0.0006787329912185669,0.0,2.16824843082577,2.6764581371098757,1.8725326992571354,0.0,0.0002595260739326477,0.0025641024112701416,0.0,0.0,0.0,0.0,0.0,0.0,0.0,0.0,0.0,0.0,0.0,0.0,0.0,5.112664968706667,21112902.0,4.870040983892977,20054082.0,4.965083253569901,21112902.0,4.434756875869233,38519934.0,4.475732523016632,18465852.0,4.426108027808368,18465852.0,2.6455748891457915,15190392.0,2.517778438515961,14237453.0,2.4839490186423063,15190392.0,2.2992844038699456,27295652.0,2.458875329233706,13058199.0,2.2939548678696156,13058199.0,0.0,0.0,0.0,0.0,0.0,0.0,0.0,0.0,0.0,0.0,0.0,0.0,145213.176,108042.7,0.0030270012468099593,0.012356236305087802,137166.14,100994.832,0.0029496863819658756,0.01207426780145615,145213.176,108042.7,0.0028372728750109674,0.012229309361428018,263262.344,219383.464,0.0025389623305426996,0.011715213059095264,126096.204,126096.204,0.00266552912350744,0.011957417403068389,126096.204,126096.204,0.0025337034594267605,0.011685409585572775,1662
googlelocal,query3,4,inf,16.0010078959167,5.2014468759298325,66063418.0,73981232.0,0.0,0.0,3492.0,15.101647951640189,4.95369325298816,61918211.0,69157835.0,154.0,0.0,3492.0,14.720441309735179,3.9198205582797527,50170244.0,73981232.0,833.0,0.0,3492.0,11.781026066498297,3.9198205582797527,50170244.0,124695436.0,833.0,0.0,3492.0,12.19302891427651,3.9198205582797527,50170244.0,55537601.0,833.0,0.0,3492.0,11.75756710395217,3.9198205582797527,50170244.0,55537601.0,833.0,0.0,3492.0,5.2014468759298325,6.345141272991896,4.454419746994972,0.0,0.0,0.0,0.0,4.95369325298816,5.982464496977627,4.163358638994396,0.0,0.00019591674208641052,0.0019356459379196167,0.0,3.9198205582797527,6.345141272991896,4.454419746994972,0.0,0.0010597314685583115,0.0,0.0,3.9198205582797527,4.627538667991757,3.1986780613660812,0.03199340145422799,0.0010597314685583115,0.0019356459379196167,0.0,3.9198205582797527,4.627538667991757,3.1986780613660812,0.4439962492324412,0.0010597314685583115,0.0019356459379196167,0.0,3.9198205582797527,4.627538667991757,3.1986780613660812,0.0,0.0010597314685583115,0.010470084846019745,0.0,0.0,0.0,0.0,0.0,0.0,0.0,0.0,0.0,0.0,0.0,0.0,0.0,10.400445336475968,41976979.0,9.864457471296191,39753457.0,9.72563096601516,41976979.0,7.4522551240237425,70612826.0,7.533513926435262,30859369.0,7.437170288525522,30859369.0,5.600562559440732,32004253.0,5.2371904803439975,29404378.0,4.994810343720019,32004253.0,4.328770942474556,54082610.0,4.6595149878412485,24678232.0,4.320396815426648,24678232.0,0.0,0.0,0.0,0.0,0.0,0.0,0.0,0.0,0.0,0.0,0.0,0.0,295924.928,142584.084,0.002800768131390214,0.014575112025253469,276631.34,131397.776,0.0027187549117952585,0.014353031546995037,295924.928,142584.084,0.0024569604657590388,0.013956664239428932,498781.744,332203.952,0.002200864013234026,0.011255924637736813,222150.404,222150.404,0.0023035129262134434,0.011511311651021235,222150.404,222150.404,0.0021966069806367157,0.011228545885160559,3492
googlelocal,query3,8,inf,31.926902517676353,10.144882386550307,137138772.0,153706285.0,0.0,0.0,6766.0,30.36310439929366,9.73207619227469,130018343.0,145331120.0,252.0,0.0,6766.0,28.1205978076905,6.33548117429018,90533661.0,153706285.0,2434.0,0.0,6766.0,19.13949953760996,6.33548117429018,90533661.0,244607782.0,2434.0,0.0,6766.0,19.949695244897157,6.33548117429018,90533661.0,99276662.0,2434.0,0.0,6766.0,19.099693127907813,6.33548117429018,90533661.0,99276662.0,2434.0,0.0,6766.0,10.144882386550307,12.772006606683135,9.010013524442911,0.0,0.0,0.0,0.0,9.73207619227469,12.134058778174222,8.493481417186558,0.0,0.0003205910325050354,0.0031674206256866455,0.0,6.33548117429018,12.772006606683135,9.010013524442911,0.0,0.003096502274274826,0.0,0.0,6.33548117429018,7.536231381818652,5.194290808402002,0.06723225019916519,0.003096502274274826,0.0031674206256866455,0.0,6.33548117429018,7.536231381818652,5.194290808402002,0.8774279574863613,0.003096502274274826,0.0031674206256866455,0.0,6.33548117429018,7.536231381818652,5.194290808402002,0.0,0.003096502274274826,0.030593261122703552,0.0,0.0,0.0,0.0,0.0,0.0,0.0,0.0,0.0,0.0,0.0,0.0,0.0,21.032313492149115,91212059.0,20.08564126584679,87188543.0,18.915768740698695,91212059.0,11.76650960558599,143523435.0,11.9271867480129,56334892.0,11.73733632825315,56334892.0,10.894589025527239,62494226.0,10.277463133446872,58142577.0,9.204829066991806,62494226.0,7.372989932023972,101084347.0,8.022508496884257,42941770.0,7.362356799654663,42941770.0,0.0,0.0,0.0,0.0,0.0,0.0,0.0,0.0,0.0,0.0,0.0,0.0,614825.14,210017.936,0.0028149844817817213,0.017545795427449044,581324.48,199193.256,0.002749658351764083,0.017379657090827817,614825.14,210017.936,0.0022362126037478447,0.016276006024144585,978431.128,553357.892,0.0016239371083585032,0.010498796784062264,397106.648,397106.648,0.001726004579104483,0.010755015983991319,397106.648,397106.648,0.0016200356110930444,0.010472353112325066,6766
googlelocal,query4,2,inf,4.308573165908456,2.0148708736523986,13673555.0,14491305.0,0.0,0.0,1538.0,3.903998715803027,1.9366258196532726,10927966.0,11356317.0,38.0,0.0,1538.0,4.073998687788844,1.7800623131915927,10377371.0,14491305.0,184.0,0.0,1538.0,3.620864476955301,1.7800623131915927,10377371.0,22261173.0,184.0,0.0,1538.0,3.637025492731482,1.7800623131915927,10377371.0,10904856.0,184.0,0.0,1538.0,3.6174459755420685,1.7800623131915927,10377371.0,10904856.0,184.0,0.0,1538.0,2.0148708736523986,1.546342703513801,0.7473595887422562,0.0,0.0,0.0,0.0,1.9366258196532726,1.3588701337575912,0.6079767923802137,0.0,4.834309220314026e-05,0.0004776269197463989,0.0,1.7800623131915927,1.546342703513801,0.7473595887422562,0.0,0.00023408234119415283,0.0,0.0,1.7800623131915927,1.2573964921757579,0.5774403680115938,0.005253594315415948,0.00023408234119415283,0.0004776269197463989,0.0,1.7800623131915927,1.2573964921757579,0.5774403680115938,0.021414610091596842,0.00023408234119415283,0.0004776269197463989,0.0,1.7800623131915927,1.2573964921757579,0.5774403680115938,0.0,0.00023408234119415283,0.0023127198219299316,0.0,0.0,0.0,0.0,0.0,0.0,0.0,0.0,0.0,0.0,0.0,0.0,0.0,3.599072032608092,14491305.0,3.203470738604665,11356317.0,3.4567290572449565,14491305.0,3.0517149958226746,22261173.0,3.0678760115988553,10904856.0,3.047089857980609,10904856.0,0.709501133300364,0.0,0.7005279771983624,0.0,0.6172696305438876,0.0,0.5691494811326265,0.0,0.5691494811326265,0.0,0.5703561175614595,0.0,0.0,0.0,0.0,0.0,0.0,0.0,0.0,0.0,0.0,0.0,0.0,0.0,57965.22,51714.172,0.0016301315631717444,0.005534832395985721,45425.268,40378.116,0.0016059992164373397,0.005301399622485039,57965.22,51714.172,0.001568284349516034,0.005487499232776461,89044.692,83146.416,0.001533145286142826,0.005241983125584417,43619.424,43619.424,0.001533145286142826,0.005276165941264479,43619.424,43619.424,0.0015334218069911003,0.005230081700347362,1538
googlelocal,query4,4,inf,8.277103868313134,4.142729975283146,21530780.0,22528165.0,0.0,0.0,3161.0,7.660101844929159,3.865770190022886,18548664.0,19251103.0,170.0,0.0,3161.0,7.418571261689067,3.2832457730546594,17369014.0,22528165.0,748.0,0.0,3161.0,6.746979650580767,3.2832457730546594,17369014.0,37900258.0,748.0,0.0,3161.0,6.784900429658592,3.2832457730546594,17369014.0,18649155.0,748.0,0.0,3161.0,6.745338772423565,3.2832457730546594,17369014.0,18649155.0,748.0,0.0,3161.0,4.142729975283146,2.8500713547691703,1.2843025382608175,0.0,0.0,0.0,0.0,3.865770190022886,2.6327271088957787,1.1592515222728252,0.0,0.00021627172827720642,0.0021367520093917847,0.0,3.2832457730546594,2.8500713547691703,1.2843025382608175,0.0,0.0009515956044197083,0.0,0.0,3.2832457730546594,2.3330456614494324,1.11869403347373,0.008905834989133088,0.0009515956044197083,0.0021367520093917847,0.0,3.2832457730546594,2.3330456614494324,1.11869403347373,0.04682661406695843,0.0009515956044197083,0.0021367520093917847,0.0,3.2832457730546594,2.3330456614494324,1.11869403347373,0.0,0.0009515956044197083,0.009401708841323853,0.0,0.0,0.0,0.0,0.0,0.0,0.0,0.0,0.0,0.0,0.0,0.0,0.0,6.855428507551551,22528165.0,6.267782958224416,19251103.0,6.360236414708197,22528165.0,5.870089998939517,37900258.0,5.908010778017342,18649155.0,5.863559729419649,18649155.0,1.4216753607615829,0.0,1.392318886704743,0.0,1.0583348469808698,0.0,0.8768896516412497,0.0,0.8768896516412497,0.0,0.8817790430039167,0.0,0.0,0.0,0.0,0.0,0.0,0.0,0.0,0.0,0.0,0.0,0.0,0.0,90112.66,73671.82,0.001638189721852541,0.006526787479594346,77004.412,60649.704,0.0015770195089280605,0.006055522966757413,90112.66,73671.82,0.0014350332617759705,0.006399579109624025,151601.032,132993.612,0.0013591793049126863,0.0058679182496614544,74596.62,74596.62,0.0013591793049126863,0.005919614955410356,74596.62,74596.62,0.0013602351117879153,0.005856684554554518,3161
googlelocal,query4,8,inf,15.689179817214608,8.151886138133705,40998754.0,42253617.0,0.0,0.0,6281.0,14.553400706499815,7.6376678720116615,36010393.0,36736076.0,315.0,0.0,6281.0,13.374685699120164,5.834773859940469,31393942.0,42253617.0,2058.0,0.0,6281.0,11.648223164745819,5.834773859940469,31393942.0,70109301.0,2058.0,0.0,6281.0,11.719456725288182,5.834773859940469,31393942.0,33373225.0,2058.0,0.0,6281.0,11.653136524371803,5.834773859940469,31393942.0,33373225.0,2058.0,0.0,6281.0,8.151886138133705,5.281929112970829,2.2553645661100745,0.0,0.0,0.0,0.0,7.6376678720116615,4.884063929319382,2.027308890596032,0.0,0.00040073879063129425,0.003959275782108307,0.0,5.834773859940469,5.281929112970829,2.2553645661100745,0.0,0.0026181600987911224,0.0,0.0,5.834773859940469,3.9427972827106714,1.8470799531787634,0.016994633035013747,0.0026181600987911224,0.003959275782108307,0.0,5.834773859940469,3.9427972827106714,1.8470799531787634,0.08822819357737899,0.0026181600987911224,0.003959275782108307,0.0,5.834773859940469,3.9427972827106714,1.8470799531787634,0.0,0.0026181600987911224,0.025867268443107605,0.0,0.0,0.0,0.0,0.0,0.0,0.0,0.0,0.0,0.0,0.0,0.0,0.0,12.883750724606216,42253617.0,11.805683795362711,36736076.0,11.580271958373487,42253617.0,10.34216151877607,70109301.0,10.413395079318434,33373225.0,10.333148282952607,33373225.0,2.8054290926083922,0.0,2.747716911137104,0.0,1.794413740746677,0.0,1.3060616459697485,0.0,1.3060616459697485,0.0,1.3199882414191961,0.0,0.0,0.0,0.0,0.0,0.0,0.0,0.0,0.0,0.0,0.0,0.0,0.0,169014.468,115226.54,0.0016370540726929903,0.005762403506599363,146944.304,96372.584,0.0015337474700063468,0.005192771293967958,169014.468,115226.54,0.0012634391225874425,0.005579339756816622,280437.204,218649.828,0.0010919534303247928,0.004683771442136172,133492.9,133492.9,0.0010919534303247928,0.0047437002874910796,133492.9,133492.9,0.0010944672562181949,0.004676712619699533,6281
music_brainz_20k,query1,2,inf,18.718194764107466,13.61499794293195,25502878.0,30815852.0,0.0,0.0,1454.0,18.57317407708615,13.477233654819429,25499175.0,30815852.0,14.0,0.0,1454.0,17.75132228806615,12.647974076680839,25198988.0,30815852.0,119.0,0.0,1454.0,17.65902841884601,12.647974076680839,25198988.0,61308294.0,119.0,0.0,1454.0,17.672183266840875,12.647974076680839,25198988.0,30492442.0,119.0,0.0,1454.0,17.646092324517667,12.647974076680839,25198988.0,30492442.0,119.0,0.0,1454.0,13.61499794293195,3.256585198454559,1.8466116227209568,0.0,0.0,0.0,0.0,13.477233654819429,3.24913502112031,1.8466116227209568,0.0,1.781061291694641e-05,0.00017596781253814697,0.0,12.647974076680839,3.256585198454559,1.8466116227209568,0.0,0.0001513902097940445,0.0,0.0,12.647974076680839,3.169208030216396,1.827263101004064,0.014255852922377844,0.0001513902097940445,0.00017596781253814697,0.0,12.647974076680839,3.169208030216396,1.827263101004064,0.027410700917243958,0.0001513902097940445,0.00017596781253814697,0.0,12.647974076680839,3.169208030216396,1.827263101004064,0.0,0.0001513902097940445,0.0014957264065742493,0.0,0.0,0.0,0.0,0.0,0.0,0.0,0.0,0.0,0.0,0.0,0.0,0.0,5.0687448075041175,0.0,5.017381279729307,0.0,4.598936497233808,0.0,4.556467506103218,0.0,4.556467506103218,0.0,4.557385052554309,0.0,0.0,0.0,0.0,0.0,0.0,0.0,0.0,0.0,0.0,0.0,0.0,0.0,13.649449956603348,30815852.0,13.555792797356844,30815852.0,13.15238579083234,30815852.0,13.102560912742792,61308294.0,13.115715760737658,30492442.0,13.088707271963358,30492442.0,123263.408,72589.656,0.010020697535946966,0.02318846816755831,123263.408,72589.656,0.009995946872979403,0.02318846816755831,123263.408,72589.656,0.009565881051123142,0.023094762223772703,245233.176,193128.388,0.009548209389479461,0.023108275691092785,121969.768,121969.768,0.009548481217585504,0.02313529928131029,121969.768,121969.768,0.009548086129128932,0.023077679703757167,1454
music_brainz_20k,query1,4,inf,37.70745551493019,27.333711126819253,52038312.0,62831966.0,0.0,0.0,2936.0,37.48069578688592,27.118790158070624,52031296.0,62831966.0,22.0,0.0,2936.0,33.38203909713775,23.007672609761357,42641892.0,62831966.0,489.0,0.0,2936.0,31.561964670319004,23.007672609761357,42641892.0,114289134.0,489.0,0.0,2936.0,31.587719107978046,23.007672609761357,42641892.0,51457168.0,489.0,0.0,2936.0,31.538767489604652,23.007672609761357,42641892.0,51457168.0,489.0,0.0,2936.0,27.333711126819253,6.623015481978655,3.750728906132281,0.0,0.0,0.0,0.0,27.118790158070624,6.610872213728726,3.750728906132281,0.0,2.798810601234436e-05,0.00027652084827423096,0.0,23.007672609761357,6.623015481978655,3.750728906132281,0.0,0.0006220992654561996,0.0,0.0,23.007672609761357,5.453034879639745,3.0712915966287255,0.029066964175445978,0.0006220992654561996,0.00027652084827423096,0.0,23.007672609761357,5.453034879639745,3.0712915966287255,0.054821401834487915,0.0006220992654561996,0.00027652084827423096,0.0,23.007672609761357,5.453034879639745,3.0712915966287255,0.0,0.0006220992654561996,0.0061463043093681335,0.0,0.0,0.0,0.0,0.0,0.0,0.0,0.0,0.0,0.0,0.0,0.0,0.0,10.036572406999767,0.0,9.956279843114316,0.0,8.45549334678799,0.0,8.306374286301434,0.0,8.306374286301434,0.0,8.309705105610192,0.0,0.0,0.0,0.0,0.0,0.0,0.0,0.0,0.0,0.0,0.0,0.0,0.0,27.670883107930422,62831966.0,27.5244159437716,62831966.0,24.92654575034976,62831966.0,23.25559038401757,114289134.0,23.281344821676612,51457168.0,23.22906238399446,51457168.0,251327.864,74283.864,0.009822836086153985,0.02377400246243924,251327.864,74283.864,0.009773514810949563,0.02377400246243924,251327.864,74283.864,0.00839025731012225,0.023729379959776996,457156.536,276585.088,0.007966879645687356,0.023761467643777682,205828.672,205828.672,0.007969054270535708,0.02378825586112216,205828.672,205828.672,0.007965415935963392,0.023729379959776996,2936
music_brainz_20k,query1,8,inf,75.38809220958501,54.532871251925826,104570830.0,126384507.0,0.0,0.0,5855.0,74.82474358938634,53.99881579820067,104555129.0,126384507.0,55.0,0.0,5855.0,61.70654645841569,40.84941976517439,69917906.0,126384507.0,1498.0,0.0,5855.0,55.085250837963564,40.84941976517439,69917906.0,210670266.0,1498.0,0.0,5855.0,55.13899611821398,40.84941976517439,69917906.0,84285759.0,1498.0,0.0,5855.0,55.04492081515491,40.84941976517439,69917906.0,84285759.0,1498.0,0.0,5855.0,54.532871251925826,13.288720744661987,7.566500212997198,0.0,0.0,0.0,0.0,53.99881579820067,13.258666305802763,7.566500212997198,0.0,6.99702650308609e-05,0.0006913021206855774,0.0,40.84941976517439,13.288720744661987,7.566500212997198,0.0,0.001905735582113266,0.0,0.0,40.84941976517439,9.124349628575146,5.05041712988168,0.058467276629548745,0.001905735582113266,0.0006913021206855774,0.0,40.84941976517439,9.124349628575146,5.05041712988168,0.11221255687996745,0.001905735582113266,0.0006913021206855774,0.0,40.84941976517439,9.124349628575146,5.05041712988168,0.0,0.001905735582113266,0.018828555941581726,0.0,0.0,0.0,0.0,0.0,0.0,0.0,0.0,0.0,0.0,0.0,0.0,0.0,20.016359771601856,0.0,19.812721204943955,0.0,15.570541097782552,0.0,15.14804101549089,0.0,15.14804101549089,0.0,15.157530708238482,0.0,0.0,0.0,0.0,0.0,0.0,0.0,0.0,0.0,0.0,0.0,0.0,0.0,55.371732437983155,126384507.0,55.01202238444239,126384507.0,46.136005360633135,126384507.0,39.937209822472674,210670266.0,39.99095510272309,84285759.0,39.88739010691643,84285759.0,505538.028,90833.628,0.009460102273151279,0.023975873824954034,505538.028,90833.628,0.009442253278568387,0.023975873824954034,505538.028,90833.628,0.007305135615170002,0.023913213379681112,842681.064,421930.444,0.00629734474043406,0.023945677202577762,337143.036,337143.036,0.006307946036569774,0.023972945865429935,337143.036,337143.036,0.006288238944485784,0.023913213379681112,5855
music_brainz_20k,query2,2,inf,17.143849095329642,16.087147383019328,1130789.0,403890.0,0.0,0.0,1862.0,17.105356642976403,16.052322136238217,1128369.0,403890.0,8.0,0.0,1862.0,15.92038104403764,14.863512675277889,1108453.0,403890.0,131.0,0.0,1862.0,15.855904708234325,14.863512675277889,1108453.0,807780.0,131.0,0.0,1862.0,15.862285010050982,14.863512675277889,1108453.0,403890.0,131.0,0.0,1862.0,15.857263865880668,14.863512675277889,1108453.0,403890.0,131.0,0.0,1862.0,16.087147383019328,1.0303645245730877,0.026337187737226486,0.0,0.0,0.0,0.0,16.052322136238217,1.026586588472128,0.026337187737226486,0.0,1.017749309539795e-05,0.00010055303573608398,0.0,14.863512675277889,1.0303645245730877,0.026337187737226486,0.0,0.00016665644943714142,0.0,0.0,14.863512675277889,0.9656007904559374,0.026337187737226486,0.0001868452780996997,0.00016665644943714142,0.00010055303573608398,0.0,14.863512675277889,0.9656007904559374,0.026337187737226486,0.006567147094756365,0.00016665644943714142,0.00010055303573608398,0.0,14.863512675277889,0.9656007904559374,0.026337187737226486,0.0,0.00016665644943714142,0.0016465559601783752,0.0,0.0,0.0,0.0,0.0,0.0,0.0,0.0,0.0,0.0,0.0,0.0,0.0,7.813557926565409,330250.0,7.77506547421217,330250.0,7.524987596087158,330250.0,7.497753083257299,660500.0,7.503025339450687,330250.0,7.498203623108566,330250.0,0.0,0.0,0.0,0.0,0.0,0.0,0.0,0.0,0.0,0.0,0.0,0.0,9.330291168764234,73640.0,9.330291168764234,73640.0,8.395393447950482,73640.0,8.358151624977026,147280.0,8.359259670600295,73640.0,8.359060242772102,73640.0,1615.56,1615.56,0.009168988155201077,0.013913684270530939,1615.56,1615.56,0.009168988155201077,0.013913684270530939,1615.56,1615.56,0.008381149869412184,0.013704804037511347,3231.12,3231.12,0.008368774270582838,0.013705218045641487,1615.56,1615.56,0.008370442749001086,0.013719594394881277,1615.56,1615.56,0.0083690563775599,0.013704804037511347,1862
music_brainz_20k,query2,4,inf,32.35312859900296,30.400179211050272,1794146.0,562979.0,0.0,0.0,3530.0,32.30978652462363,30.360981170088053,1791236.0,562979.0,9.0,0.0,3530.0,27.502302484586835,25.548704281449318,1710340.0,562979.0,510.0,0.0,3530.0,27.250147217509245,25.548704281449318,1710340.0,1125958.0,510.0,0.0,3530.0,27.258738147560507,25.548704281449318,1710340.0,562979.0,510.0,0.0,3530.0,27.256183909252286,25.548704281449318,1710340.0,562979.0,510.0,0.0,3530.0,30.400179211050272,1.9166626427322626,0.036286745220422745,0.0,0.0,0.0,0.0,30.360981170088053,1.9123940374702215,0.036286745220422745,0.0,1.1449679732322693e-05,0.00011312216520309448,0.0,25.548704281449318,1.9166626427322626,0.036286745220422745,0.0,0.0006488151848316193,0.0,0.0,25.548704281449318,1.6641338113695383,0.036286745220422745,0.00026044211993188945,0.0006488151848316193,0.00011312216520309448,0.0,25.548704281449318,1.6641338113695383,0.036286745220422745,0.008851372171193361,0.0006488151848316193,0.00011312216520309448,0.0,25.548704281449318,1.6641338113695383,0.036286745220422745,0.0,0.0006488151848316193,0.006410256028175354,0.0,0.0,0.0,0.0,0.0,0.0,0.0,0.0,0.0,0.0,0.0,0.0,0.0,15.1590207060799,470929.0,15.115678631700575,470929.0,14.073895488865674,470929.0,13.971226265428268,941858.0,13.978432138450444,470929.0,13.973509663715959,470929.0,0.0,0.0,0.0,0.0,0.0,0.0,0.0,0.0,0.0,0.0,0.0,0.0,17.194107892923057,92050.0,17.194107892923057,92050.0,13.428406995721161,92050.0,13.278920952080979,184100.0,13.280306009110063,92050.0,13.282674245536327,92050.0,2251.916,2073.256,0.009053755532950163,0.01411445699762553,2251.916,2073.256,0.009053755532950163,0.01411445699762553,2251.916,2073.256,0.007399830548092723,0.013844759991392494,4503.832,4292.124,0.007358780937688913,0.013845207519720036,2251.916,2251.916,0.007359331696294248,0.01386006429940462,2251.916,2251.916,0.007359841585159302,0.013844759991392494,3530
music_brainz_20k,query2,8,inf,66.95802506990731,62.940547693520784,3878324.0,1179520.0,0.0,0.0,7266.0,66.85224695689976,62.84481754153967,3872044.0,1179520.0,22.0,0.0,7266.0,51.09057705570012,47.070915334858,3541410.0,1179520.0,1717.0,0.0,7266.0,50.22956825322896,47.070915334858,3541410.0,2359040.0,1717.0,0.0,7266.0,50.24701086292043,47.070915334858,3541410.0,1179520.0,1717.0,0.0,7266.0,50.250327264890075,47.070915334858,3541410.0,1179520.0,1717.0,0.0,7266.0,62.940547693520784,3.943257532082498,0.07421984430402517,0.0,0.0,0.0,0.0,62.84481754153967,3.9329050621017814,0.07421984430402517,0.0,2.798810601234436e-05,0.00027652084827423096,0.0,47.070915334858,3.943257532082498,0.07421984430402517,0.0,0.002184344455599785,0.0,0.0,47.070915334858,3.0814265459775925,0.07421984430402517,0.0005456627854716823,0.002184344455599785,0.00027652084827423096,0.0,47.070915334858,3.0814265459775925,0.07421984430402517,0.017988272476941347,0.002184344455599785,0.00027652084827423096,0.0,47.070915334858,3.0814265459775925,0.07421984430402517,0.0,0.002184344455599785,0.021581195294857025,0.0,0.0,0.0,0.0,0.0,0.0,0.0,0.0,0.0,0.0,0.0,0.0,0.0,31.024551208131015,1069060.0,30.91877309512347,1069060.0,26.88963452167809,1069060.0,26.500475524316975,2138120.0,26.516256065573543,1069060.0,26.50948322378099,1069060.0,0.0,0.0,0.0,0.0,0.0,0.0,0.0,0.0,0.0,0.0,0.0,0.0,35.93347386177629,110460.0,35.93347386177629,110460.0,24.200942534022033,110460.0,23.729092728911986,220920.0,23.73075479734689,110460.0,23.740844041109085,110460.0,4718.08,3637.884,0.008964164674282075,0.014404396559111774,4718.08,3637.884,0.008964164674282075,0.014404396559111774,4718.08,3637.884,0.006651291904971004,0.014233500689454375,9436.16,8205.272,0.006560474222525954,0.01423401813998607,4718.08,4718.08,0.006560474222525954,0.014250242900662123,4718.08,4718.08,0.006562862357124687,0.014233500689454375,7266
music_brainz_20k,query3,2,inf,540.3304083077237,32.71000594459474,3269504092.0,3945253507.0,0.0,0.0,1340.0,525.8054092619568,31.53025414980948,3174942662.0,3833065602.0,34.0,0.0,1340.0,533.4890107112005,25.86835391074419,2488789607.0,3945253507.0,200.0,0.0,1340.0,414.77267477032285,25.86835391074419,2488789607.0,6837301186.0,200.0,0.0,1340.0,413.23443357413635,25.86835391074419,2488789607.0,3004235584.0,200.0,0.0,1340.0,413.0015303948894,25.86835391074419,2488789607.0,3004235584.0,200.0,0.0,1340.0,32.71000594459474,293.3392122704536,214.2811900926754,0.0,0.0,0.0,0.0,31.53025414980948,285.6332036340609,208.64148087333888,0.0,4.3254345655441284e-05,0.00042735040187835693,0.0,25.86835391074419,293.3392122704536,214.2811900926754,0.0,0.00025443732738494873,0.0,0.0,25.86835391074419,223.5982716837898,163.53213653713465,1.7732308509249617,0.00025443732738494873,0.00042735040187835693,0.0,25.86835391074419,223.5982716837898,163.53213653713465,0.234989654738456,0.00025443732738494873,0.00042735040187835693,0.0,25.86835391074419,223.5982716837898,163.53213653713465,0.0,0.00025443732738494873,0.0025138258934020996,0.0,0.0,0.0,0.0,0.0,0.0,0.0,0.0,0.0,0.0,0.0,0.0,0.0,260.66501494683325,2066252373.0,247.93125088512897,1964710379.0,255.20277453307062,2066252373.0,197.4505357557332,3519826306.0,196.6829691217281,1555115927.0,196.54290217719972,1555115927.0,0.0,0.0,0.0,0.0,0.0,0.0,0.0,0.0,0.0,0.0,0.0,0.0,279.66539336089045,1879001134.0,277.87415837682784,1868355223.0,278.2862361781299,1879001134.0,217.32213901458968,3317474880.0,216.55146445240825,1449119657.0,216.4586282176897,1449119657.0,15781014.028,9745722.128,0.43527907848730685,0.7944527590170501,15332262.408,9296970.508,0.42871135071851313,0.7943875333577394,15781014.028,9745722.128,0.42783373571373523,0.7924793379103764,27349204.744,20766643.484,0.29507247138534387,0.7630224864207231,12016942.336,12016942.336,0.29396109578199686,0.7607544872680678,12016942.336,12016942.336,0.29375672216154636,0.7604729001341386,1340
music_brainz_20k,query3,4,inf,1048.3992674117908,61.80642973072827,6327401384.0,7641968803.0,0.0,0.0,2548.0,1028.489532369189,60.25772436428815,6203123973.0,7493176748.0,55.0,0.0,2548.0,1023.8296453803778,37.235842109657824,3393859444.0,7641968803.0,759.0,0.0,2548.0,568.129440944669,37.235842109657824,3393859444.0,11589416855.0,759.0,0.0,2548.0,565.1244039079174,37.235842109657824,3393859444.0,4096240107.0,759.0,0.0,2548.0,564.6718391096219,37.235842109657824,3393859444.0,4096240107.0,759.0,0.0,2548.0,61.80642973072827,569.7694680485874,416.8233696324751,0.0,0.0,0.0,0.0,60.25772436428815,559.2711158944294,408.9599308380857,0.0,6.99702650308609e-05,0.0006913021206855774,0.0,37.235842109657824,569.7694680485874,416.8233696324751,0.0,0.0009655896574258804,0.0,0.0,37.235842109657824,304.29900651983917,223.12648492120206,3.4664505021918424,0.0009655896574258804,0.0006913021206855774,0.0,37.235842109657824,304.29900651983917,223.12648492120206,0.4614134654402733,0.0009655896574258804,0.0006913021206855774,0.0,37.235842109657824,304.29900651983917,223.12648492120206,0.0,0.0009655896574258804,0.009539969265460968,0.0,0.0,0.0,0.0,0.0,0.0,0.0,0.0,0.0,0.0,0.0,0.0,0.0,493.49240832123905,3915318066.0,478.3444999875501,3794915107.0,474.81876460276544,3915318066.0,277.22344216428553,5971297816.0,275.7431093985215,2176382709.0,275.47306389641017,2176382709.0,0.0,0.0,0.0,0.0,0.0,0.0,0.0,0.0,0.0,0.0,0.0,0.0,554.9068590905517,3726650737.0,550.1450323816389,3698261641.0,549.0108807776123,3726650737.0,290.90599878038347,5618119039.0,289.38129450939596,1919857398.0,289.1987752132118,1919857398.0,30567875.212,10223372.644,0.4267870268821716,0.8501110801989211,29972706.992,9711606.884,0.4226206875089556,0.8501110801989211,30567875.212,10223372.644,0.41182256329990924,0.8451514604326337,46357667.42,25274223.0,0.13399597364677104,0.7599021226015028,16384960.428,16384960.428,0.13294307242240758,0.7576208186529575,16384960.428,16384960.428,0.13277079987712204,0.7573379701675845,2548
music_brainz_20k,query3,8,inf,2003.695174147375,122.30067883990705,12097449749.0,14604368295.0,0.0,0.0,5192.0,1977.0178165379912,120.36812867224216,11936176693.0,14409757631.0,73.0,0.0,5192.0,1937.3001889809966,55.90303353127092,4472571793.0,14604368295.0,2091.0,0.0,5192.0,756.3479319653169,55.90303353127092,4472571793.0,19806025113.0,2091.0,0.0,5192.0,750.5888953204267,55.90303353127092,4472571793.0,5396267482.0,2091.0,0.0,5192.0,749.7071369402111,55.90303353127092,4472571793.0,5396267482.0,2091.0,0.0,5192.0,122.30067883990705,1085.9006989337504,795.4937963737175,0.0,0.0,0.0,0.0,120.36812867224216,1071.8593744840473,784.7893029656261,0.0,9.286962449550629e-05,0.0009175464510917664,0.0,55.90303353127092,1085.9006989337504,795.4937963737175,0.0,0.002660142257809639,0.0,0.0,55.90303353127092,399.68790012132376,294.08726109564304,6.666159528370261,0.002660142257809639,0.0009175464510917664,0.0,55.90303353127092,399.68790012132376,294.08726109564304,0.9071228834800422,0.002660142257809639,0.0009175464510917664,0.0,55.90303353127092,399.68790012132376,294.08726109564304,0.0,0.002660142257809639,0.02628204971551895,0.0,0.0,0.0,0.0,0.0,0.0,0.0,0.0,0.0,0.0,0.0,0.0,0.0,966.7111299671233,7664458112.0,948.8863478712738,7523077003.0,916.0151297021657,7664458112.0,377.87675133777327,10462523154.0,374.94696679431945,2939446151.0,374.4116143519059,2939446151.0,0.0,0.0,0.0,0.0,0.0,0.0,0.0,0.0,0.0,0.0,0.0,0.0,1036.9840441802517,6939910183.0,1028.1314686667174,6886680628.0,1021.2850592788309,6939910183.0,378.4711806275436,9343501959.0,375.6419285261072,2456821331.0,375.2955225883052,2456821331.0,58417473.18,10816801.004,0.38894762023165824,0.8648413735557346,57639030.524,10244408.9,0.3884577809460461,0.8648413735557346,58417473.18,10816801.004,0.3696412056237459,0.8536360550761222,79224100.452,30954852.868,0.020905326097078868,0.682835688475922,21585069.928,21585069.928,0.01954499848280102,0.680775939196255,21585069.928,21585069.928,0.01938277117162943,0.6804941229274496,5192
stockindex,query1,2,inf,276.7396615119651,27.625645733438432,1528564386.0,1843321558.0,0.0,0.0,1176.0,267.27223343309015,27.37237786874175,1467858814.0,1771115091.0,10.0,0.0,1176.0,276.2599431304261,27.145844659768045,1447249896.0,1843321558.0,65.0,0.0,1176.0,264.40608544690474,27.145844659768045,1447249896.0,3517244536.0,65.0,0.0,1176.0,263.6835363670252,27.145844659768045,1447249896.0,1746129445.0,65.0,0.0,1176.0,263.5874336315319,27.145844659768045,1447249896.0,1746129445.0,65.0,0.0,1176.0,27.625645733438432,150.2669490687549,98.84706670977175,0.0,0.0,0.0,0.0,27.37237786874175,144.6348190875724,95.26489806361496,0.0,1.2721866369247437e-05,0.00012569129467010498,0.0,27.145844659768045,150.2669490687549,98.84706670977175,0.0,8.269213140010834e-05,0.0,0.0,27.145844659768045,142.56301660649478,93.87767267972231,0.81934311749355,8.269213140010834e-05,0.00012569129467010498,0.0,27.145844659768045,142.56301660649478,93.87767267972231,0.09679403761401772,8.269213140010834e-05,0.00012569129467010498,0.0,27.145844659768045,142.56301660649478,93.87767267972231,0.0,8.269213140010834e-05,0.0008169934153556824,0.0,0.0,0.0,0.0,0.0,0.0,0.0,0.0,0.0,0.0,0.0,0.0,0.0,0.3427423117682338,0.0,0.33951619267463684,0.0,0.30918403156101704,0.0,0.2915553990751505,0.0,0.2915553990751505,0.0,0.292133579030633,0.0,0.0,0.0,0.0,0.0,0.0,0.0,0.0,0.0,0.0,0.0,0.0,0.0,276.39691920019686,1843321558.0,266.9327172404155,1771115091.0,275.9507590988651,1843321558.0,264.1145300478296,3517244536.0,263.3919809679501,1746129445.0,263.29530005250126,1746129445.0,7373286.232,5649560.804,0.1154412861696508,0.6158784538849693,7084460.364,5360734.936,0.11051049029424667,0.6149403436459135,7373286.232,5649560.804,0.11524268023924057,0.6154719933248441,14068978.144,11902506.888,0.10897622051628884,0.6131823690780686,6984517.78,6984517.78,0.10874256646507476,0.6114373146533875,6984517.78,6984517.78,0.10868525673751252,0.6112506320015583,1176
stockindex,query1,4,inf,553.1945411320776,60.595303904265165,3013810324.0,3635917299.0,0.0,0.0,2470.0,545.8504016948864,60.34574690461159,2967516925.0,3580731954.0,9.0,0.0,2470.0,551.99565867614,59.396060147322714,2917063859.0,3635917299.0,284.0,0.0,2470.0,538.0367764396124,59.396060147322714,2917063859.0,7100468289.0,284.0,0.0,2470.0,536.5810050140135,59.396060147322714,2917063859.0,3519736335.0,284.0,0.0,2470.0,536.383735246025,59.396060147322714,2917063859.0,3519736335.0,284.0,0.0,2470.0,60.595303904265165,297.18137099407613,195.41786623373628,0.0,0.0,0.0,0.0,60.34574690461159,292.85787464585155,192.6466555725783,0.0,1.1449679732322693e-05,0.00011312216520309448,0.0,59.396060147322714,297.18137099407613,195.41786623373628,0.0,0.0003613010048866272,0.0,0.0,59.396060147322714,287.73237182199955,189.25137234292924,1.6564977041907725,0.0003613010048866272,0.00011312216520309448,0.0,59.396060147322714,287.73237182199955,189.25137234292924,0.20072627859190106,0.0003613010048866272,0.00011312216520309448,0.0,59.396060147322714,287.73237182199955,189.25137234292924,0.0,0.0003613010048866272,0.0035696327686309814,0.0,0.0,0.0,0.0,0.0,0.0,0.0,0.0,0.0,0.0,0.0,0.0,0.0,0.6996619049459696,0.0,0.6975111588835716,0.0,0.5446438295766711,0.0,0.4637555908411741,0.0,0.4637555908411741,0.0,0.46664649061858654,0.0,0.0,0.0,0.0,0.0,0.0,0.0,0.0,0.0,0.0,0.0,0.0,0.0,552.4948792271316,3635917299.0,545.1528905360028,3580731954.0,551.4510148465633,3635917299.0,537.5730208487712,7100468289.0,536.1172494231723,3519736335.0,535.9170887554064,3519736335.0,14543669.196,8227338.868,0.06900385447219014,0.8109441633587701,14322927.816,8033110.208,0.0669942417461425,0.8105061831409109,14543669.196,8227338.868,0.06878626811131835,0.810645872226916,28401873.156,20764239.8,0.05983777182065021,0.8095214531814827,14078945.34,14078945.34,0.05974557136744261,0.8071533002113921,14078945.34,14078945.34,0.05970331320352852,0.8069349282940846,2470
stockindex,query1,8,inf,1090.0061792321503,122.59474446438253,5934987591.0,7156591392.0,0.0,0.0,4884.0,1070.0970495622605,121.8497843304649,5810519567.0,7008056479.0,26.0,0.0,4884.0,1085.8546509966254,118.44211197085679,5652003295.0,7156591392.0,868.0,0.0,4884.0,1043.2792712920964,118.44211197085679,5652003295.0,13824460948.0,868.0,0.0,4884.0,1040.4324152879417,118.44211197085679,5652003295.0,6816404469.0,868.0,0.0,4884.0,1040.0478275567293,118.44211197085679,5652003295.0,6816404469.0,868.0,0.0,4884.0,122.59474446438253,583.5130993258208,383.898335441947,0.0,0.0,0.0,0.0,121.8497843304649,571.851243914105,376.3956614434719,0.0,3.3076852560043335e-05,0.00032679736614227295,0.0,118.44211197085679,583.5130993258208,383.898335441947,0.0,0.0011042580008506775,0.0,0.0,118.44211197085679,555.8166675977409,365.7770337257534,3.2420269423782644,0.0011042580008506775,0.00032679736614227295,0.0,118.44211197085679,555.8166675977409,365.7770337257534,0.3951709382236004,0.0011042580008506775,0.00032679736614227295,0.0,118.44211197085679,555.8166675977409,365.7770337257534,0.0,0.0011042580008506775,0.010910004377365112,0.0,0.0,0.0,0.0,0.0,0.0,0.0,0.0,0.0,0.0,0.0,0.0,0.0,1.4037889130413532,0.0,1.3984120478853583,0.0,0.9527267031371593,0.0,0.7164869410917163,0.0,0.7164869410917163,0.0,0.7249082578346133,0.0,0.0,0.0,0.0,0.0,0.0,0.0,0.0,0.0,0.0,0.0,0.0,0.0,1088.602390319109,7156591392.0,1068.6986375143752,7008056479.0,1084.9019242934883,7156591392.0,1042.5627843510047,13824460948.0,1039.71592834685,6816404469.0,1039.3229192988947,6816404469.0,28626365.568,11864749.532,0.06673307103291154,0.913037093778513,28032225.916,11470085.652,0.06665180031955242,0.9093194700099525,28626365.568,11864749.532,0.06647019574232399,0.9123440152356398,55297843.792,35449350.248,0.04919875255572099,0.910729119515495,27265617.876,27265617.876,0.049104603063315155,0.9080526235186491,27265617.876,27265617.876,0.04907385867647827,0.9078188901877028,4884
stockindex,query2,2,inf,65.17433017119765,13.918903101235628,294326196.0,359445366.0,0.0,0.0,1179.0,65.01383662968874,13.81485463026911,294034395.0,359088081.0,6.0,0.0,1179.0,64.78107939753681,13.525539102964103,290137191.0,359445366.0,89.0,0.0,1179.0,64.19179784974574,13.525539102964103,290137191.0,713462432.0,89.0,0.0,1179.0,64.12989634787664,13.525539102964103,290137191.0,354374351.0,89.0,0.0,1179.0,64.02672181650996,13.525539102964103,290137191.0,354374351.0,89.0,0.0,1179.0,13.918903101235628,30.45108482707292,20.804342242889106,0.0,0.0,0.0,0.0,13.81485463026911,30.41718301270157,20.781715938821435,0.0,7.633119821548462e-06,7.541477680206299e-05,0.0,13.525539102964103,30.45108482707292,20.804342242889106,0.0,0.00011322461068630219,0.0,0.0,13.525539102964103,29.993039296008646,20.506911540403962,0.16611927098153578,0.00011322461068630219,7.541477680206299e-05,0.0,13.525539102964103,29.993039296008646,20.506911540403962,0.10421776911243796,0.00011322461068630219,7.541477680206299e-05,0.0,13.525539102964103,29.993039296008646,20.506911540403962,0.0,0.00011322461068630219,0.0011186525225639343,0.0,0.0,0.0,0.0,0.0,0.0,0.0,0.0,0.0,0.0,0.0,0.0,0.0,0.4053170718252659,0.0,0.4053170718252659,0.0,0.36044266913086176,0.0,0.3370986906811595,0.0,0.3370986906811595,0.0,0.3379408223554492,0.0,0.0,0.0,0.0,0.0,0.0,0.0,0.0,0.0,0.0,0.0,0.0,0.0,64.76901309937239,359445366.0,64.60851955786347,359088081.0,64.42063672840595,359445366.0,63.85469915906457,713462432.0,63.79279765719548,354374351.0,63.68878099415451,354374351.0,1437781.464,1346312.492,0.017863980030751455,0.177162799029611,1436352.324,1345109.744,0.017828926268444095,0.177162799029611,1437781.464,1346312.492,0.01744740352752792,0.1770533770713481,2853849.728,2756425.032,0.017317184793385395,0.1766451005506155,1417497.404,1417497.404,0.01734419064043816,0.1763488902183549,1417497.404,1417497.404,0.01730066213078039,0.17613559102292278,1179
stockindex,query2,4,inf,124.65586452744901,27.812855481170118,555676964.0,678624196.0,0.0,0.0,2299.0,124.18073761090636,27.493805228732526,554880900.0,677649036.0,19.0,0.0,2299.0,122.8433495759964,25.999859643168747,521053351.0,678624196.0,378.0,0.0,2299.0,117.0673296330378,25.999859643168747,521053351.0,1314146617.0,378.0,0.0,2299.0,116.95941977482289,25.999859643168747,521053351.0,636497581.0,378.0,0.0,2299.0,116.75835183542222,25.999859643168747,521053351.0,636497581.0,378.0,0.0,2299.0,27.812855481170118,57.552071971818805,39.29093707446009,0.0,0.0,0.0,0.0,27.493805228732526,57.45805059559643,39.22861880157143,0.0,2.417154610157013e-05,0.00023881345987319946,0.0,25.999859643168747,57.552071971818805,39.29093707446009,0.0,0.0004808865487575531,0.0,0.0,25.999859643168747,53.90448724012822,36.848772934637964,0.313490115094242,0.0004808865487575531,0.00023881345987319946,0.0,25.999859643168747,53.90448724012822,36.848772934637964,0.20558025687932968,0.0004808865487575531,0.00023881345987319946,0.0,25.999859643168747,53.90448724012822,36.848772934637964,0.0,0.0004808865487575531,0.004751130938529968,0.0,0.0,0.0,0.0,0.0,0.0,0.0,0.0,0.0,0.0,0.0,0.0,0.0,0.784071727655828,0.0,0.784071727655828,0.0,0.5991728669032454,0.0,0.5026257839053869,0.0,0.5026257839053869,0.0,0.5060948636382818,0.0,0.0,0.0,0.0,0.0,0.0,0.0,0.0,0.0,0.0,0.0,0.0,0.0,123.87179279979318,678624196.0,123.39666588325053,677649036.0,122.24417670909315,678624196.0,116.56470384913241,1314146617.0,116.4567939909175,636497581.0,116.25225697178394,636497581.0,2714496.784,2237064.56,0.014505887145802438,0.23092879265855967,2710596.144,2234312.844,0.014253911756446608,0.23092879265855967,2714496.784,2237064.56,0.013648106386651274,0.2302701186539551,5256586.468,4731285.62,0.013158899628288279,0.21952607925229042,2545990.324,2545990.324,0.013188755755248641,0.2191126571004824,2545990.324,2545990.324,0.013151211707441792,0.21888862987772853,2299
stockindex,query2,8,inf,257.4425488682464,54.32586560770869,1165906835.0,1423839415.0,0.0,0.0,4575.0,257.00088843889534,54.02614616975188,1165184999.0,1422955051.0,18.0,0.0,4575.0,250.7787453373894,47.660485837608576,993519435.0,1423839415.0,1239.0,0.0,4575.0,221.2928464641525,47.660485837608576,993519435.0,2636510298.0,1239.0,0.0,4575.0,221.03316442575306,47.660485837608576,993519435.0,1213555247.0,1239.0,0.0,4575.0,220.64991405699402,47.660485837608576,993519435.0,1213555247.0,1239.0,0.0,4575.0,54.32586560770869,120.6626352109015,82.45404804963619,0.0,0.0,0.0,0.0,54.02614616975188,120.57708832249045,82.39740480296314,0.0,2.2899359464645386e-05,0.00022624433040618896,0.0,47.660485837608576,120.6626352109015,82.45404804963619,0.0,0.0015762392431497574,0.0,0.0,47.660485837608576,102.70378962438554,70.26848920434713,0.6582793142377067,0.0015762392431497574,0.00022624433040618896,0.0,47.660485837608576,102.70378962438554,70.26848920434713,0.3985972758382559,0.0015762392431497574,0.00022624433040618896,0.0,47.660485837608576,102.70378962438554,70.26848920434713,0.0,0.0015762392431497574,0.015573151409626007,0.0,0.0,0.0,0.0,0.0,0.0,0.0,0.0,0.0,0.0,0.0,0.0,0.0,1.5727955540642142,0.0,1.5727955540642142,0.0,0.9975337013602257,0.0,0.6970329415053129,0.0,0.6970329415053129,0.0,0.707917807623744,0.0,0.0,0.0,0.0,0.0,0.0,0.0,0.0,0.0,0.0,0.0,0.0,0.0,255.86975331418216,1423839415.0,255.42809288483113,1422955051.0,249.78121163602918,1423839415.0,220.59581352264718,2636510298.0,220.33613148424774,1213555247.0,219.94199624937028,1213555247.0,5695357.66,3659574.44,0.014497629689052702,0.2654353544227776,5691820.204,3658728.244,0.014414582582190633,0.2654295530941335,5695357.66,3659574.44,0.012886202475056053,0.263537885280512,10546041.192,8339097.496,0.012049941875332957,0.22065215378037845,4854220.988,4854220.988,0.012024548086337745,0.22024557155771154,4854220.988,4854220.988,0.012015016097575427,0.2200188215244559,4575
stockindex,query3,2,inf,605.8438719240949,42.31496498826891,3415850409.0,4151260434.0,0.0,0.0,1408.0,599.5556882368401,41.8939025234431,3380370389.0,4108070083.0,12.0,0.0,1408.0,603.8986336644739,40.36956007219851,3219826905.0,4151260434.0,131.0,0.0,1408.0,573.097243054106,40.36956007219851,3219826905.0,8020428671.0,131.0,0.0,1408.0,571.3521185107529,40.36956007219851,3219826905.0,3912358588.0,131.0,0.0,1408.0,571.1982869319618,40.36956007219851,3219826905.0,3912358588.0,131.0,0.0,1408.0,42.31496498826891,328.9761195303872,234.55278740543872,0.0,0.0,0.0,0.0,41.8939025234431,325.579421531409,232.0821980861947,0.0,1.5266239643096924e-05,0.00015082955360412598,0.0,40.36956007219851,328.9761195303872,234.55278740543872,0.0,0.00016665644943714142,0.0,0.0,40.36956007219851,310.0131069943309,220.81380665302277,1.9004518485508217,0.00016665644943714142,0.00015082955360412598,0.0,40.36956007219851,310.0131069943309,220.81380665302277,0.15532730519771576,0.00016665644943714142,0.00015082955360412598,0.0,40.36956007219851,310.0131069943309,220.81380665302277,0.0,0.00016665644943714142,0.0016465559601783752,0.0,0.0,0.0,0.0,0.0,0.0,0.0,0.0,0.0,0.0,0.0,0.0,0.0,0.4659126689657569,0.0,0.46062432136386633,0.0,0.4101452864706516,0.0,0.3807601062580943,0.0,0.3807601062580943,0.0,0.38175306748598814,0.0,0.0,0.0,0.0,0.0,0.0,0.0,0.0,0.0,0.0,0.0,0.0,0.0,605.3779592551291,4151260434.0,599.0950639154762,4108070083.0,603.4884883780032,4151260434.0,572.7164829478479,8020428671.0,570.9713584044948,3912358588.0,570.8165338644758,3912358588.0,16605041.736,10289492.468,0.3399435325358063,1.1610378775460644,16432280.332,10185198.876,0.3375100705362856,1.1610217783128842,16605041.736,10289492.468,0.337565552925691,1.1599478171519935,32081714.684,25145076.692,0.30613983542751666,1.1388720738755642,15649434.352,15649434.352,0.30511358273681255,1.1354762409688903,15649434.352,15649434.352,0.30501834203116596,1.135211509337835,1408
stockindex,query3,4,inf,1224.8270819373429,78.27591794356704,6958096788.0,8453251793.0,0.0,0.0,2885.0,1210.2908442560583,77.27679579425603,6876516174.0,8353903616.0,33.0,0.0,2885.0,1214.1791267115623,67.62708745338023,5876292100.0,8453251793.0,688.0,0.0,2885.0,1037.5813868751227,67.62708745338023,5876292100.0,15488709637.0,688.0,0.0,2885.0,1034.033117013052,67.62708745338023,5876292100.0,7134806021.0,688.0,0.0,2885.0,1033.7249846197665,67.62708745338023,5876292100.0,7134806021.0,688.0,0.0,2885.0,78.27591794356704,669.8609916828573,476.69017231091857,0.0,0.0,0.0,0.0,77.27679579425603,662.0192314824089,470.99436021596193,0.0,4.198215901851654e-05,0.00041478127241134644,0.0,67.62708745338023,669.8609916828573,476.69017231091857,0.0,0.0008752644062042236,0.0,0.0,67.62708745338023,565.1774521023035,400.91092223860323,3.8646350351571144,0.0008752644062042236,0.00041478127241134644,0.0,67.62708745338023,565.1774521023035,400.91092223860323,0.316365173086524,0.0008752644062042236,0.00041478127241134644,0.0,67.62708745338023,565.1774521023035,400.91092223860323,0.0,0.0008752644062042236,0.008647561073303223,0.0,0.0,0.0,0.0,0.0,0.0,0.0,0.0,0.0,0.0,0.0,0.0,0.0,0.9674670258536935,0.0,0.9518675357103348,0.0,0.6837268294766545,0.0,0.5351139437407255,0.0,0.5351139437407255,0.0,0.5402924250811338,0.0,0.0,0.0,0.0,0.0,0.0,0.0,0.0,0.0,0.0,0.0,0.0,0.0,1223.8596149114892,8453251793.0,1209.338976720348,8353903616.0,1213.4953998820856,8453251793.0,1037.046272931382,15488709637.0,1033.4980030693114,7134806021.0,1033.1846921946853,7134806021.0,33813007.172,12552819.452,0.31082762870006264,1.2924025122391058,33415614.464,12360182.708,0.3091380230784416,1.2923151419302445,33813007.172,12552819.452,0.3028379879966378,1.2896838236639274,61954838.548,38488008.628,0.18657054037086848,1.2674014075879014,28539224.084,28539224.084,0.18553324489109219,1.2635730697056275,28539224.084,28539224.084,0.18546517062745987,1.2632929095000027,2885
stockindex,query3,8,inf,2517.2505575334653,169.58477230928838,14261941173.0,17320168574.0,0.0,0.0,5846.0,2490.143329342827,167.74711293168366,14109404534.0,17134439695.0,52.0,0.0,5846.0,2481.861088757403,134.19274007715285,10739367259.0,17320168574.0,2015.0,0.0,5846.0,1903.6121900174712,134.19274007715285,10739367259.0,30164021278.0,2015.0,0.0,5846.0,1896.3197116679512,134.19274007715285,10739367259.0,13029581583.0,2015.0,0.0,5846.0,1895.7102268822491,134.19274007715285,10739367259.0,13029581583.0,2015.0,0.0,5846.0,169.58477230928838,1372.9035813380033,974.7622038861737,0.0,0.0,0.0,0.0,167.74711293168366,1358.2702835099772,964.125213152729,0.0,6.615370512008667e-05,0.0006535947322845459,0.0,134.19274007715285,1372.9035813380033,974.7622038861737,0.0,0.0025634560734033585,0.0,0.0,134.19274007715285,1032.4886999735609,729.000896579586,7.926636336365863,0.0025634560734033585,0.0006535947322845459,0.0,134.19274007715285,1032.4886999735609,729.000896579586,0.6341579868458211,0.0025634560734033585,0.0006535947322845459,0.0,134.19274007715285,1032.4886999735609,729.000896579586,0.0,0.0025634560734033585,0.025326795876026154,0.0,0.0,0.0,0.0,0.0,0.0,0.0,0.0,0.0,0.0,0.0,0.0,0.0,1.9295440567657351,0.0,1.9087447365745902,0.0,1.16842211317271,0.0,0.7672647833824158,0.0,0.7672647833824158,0.0,0.7814301922917366,0.0,0.0,0.0,0.0,0.0,0.0,0.0,0.0,0.0,0.0,0.0,0.0,0.0,2515.3210134766996,17320168574.0,2488.2345846062526,17134439695.0,2480.6926666442305,17320168574.0,1902.8449252340888,30164021278.0,1895.5524468845688,13029581583.0,1894.9287966899574,13029581583.0,69280674.296,15763736.452,0.3027133821286261,1.371920720544271,68537758.78,15678884.092,0.3021183117479086,1.3718525082793085,69280674.296,15763736.452,0.28905222998559477,1.3676774411262942,120656085.112,63286352.304,0.07454121952152791,1.335993464072237,52118326.332,52118326.332,0.07336789558641613,1.3319183137791228,52118326.332,52118326.332,0.07330701504275203,1.3316327856445682,5846
stockmarket,query1,2,inf,208.8577187936753,208.45368449855596,176493.0,0.0,0.0,0.0,1011.0,207.6583827510476,207.25568374618888,176370.0,0.0,3.0,0.0,1011.0,192.781410346739,192.37723865546286,166200.0,0.0,108.0,0.0,1011.0,192.74475827813148,192.37723865546286,166200.0,0.0,108.0,0.0,1011.0,192.74475827813148,192.37723865546286,166200.0,0.0,108.0,0.0,1011.0,192.74607803672552,192.37723865546286,166200.0,0.0,108.0,0.0,1011.0,208.45368449855596,0.4040342951193452,0.0,0.0,0.0,0.0,0.0,207.25568374618888,0.4026574809104204,0.0,0.0,3.816559910774231e-06,3.7707388401031494e-05,0.0,192.37723865546286,0.4040342951193452,0.0,0.0,0.00013739615678787231,0.0,0.0,192.37723865546286,0.367344519123435,0.0,0.0,0.00013739615678787231,3.7707388401031494e-05,0.0,192.37723865546286,0.367344519123435,0.0,0.0,0.00013739615678787231,3.7707388401031494e-05,0.0,192.37723865546286,0.367344519123435,0.0,0.0,0.00013739615678787231,0.0013574659824371338,0.0,0.0,0.0,0.0,0.0,0.0,0.0,0.0,0.0,0.0,0.0,0.0,0.0,1.4420244982466102,0.0,1.4420244982466102,0.0,1.2741283318027854,0.0,1.255859729833901,0.0,1.255859729833901,0.0,1.2567144306376576,0.0,0.0,0.0,0.0,0.0,0.0,0.0,0.0,0.0,0.0,0.0,0.0,0.0,207.4156942954287,0.0,206.216358252801,0.0,191.5072820149362,0.0,191.48889854829758,0.0,191.48889854829758,0.0,191.48936360608786,0.0,0.0,0.0,0.20580014466680585,0.41053855792563404,0.0,0.0,0.2057698181141168,0.41053855792563404,0.0,0.0,0.17645386711508035,0.401771956392005,0.0,0.0,0.1764419144783169,0.401771956392005,0.0,0.0,0.1764419144783169,0.401771956392005,0.0,0.0,0.17644224127568303,0.401771956392005,1011
stockmarket,query1,4,inf,425.8823852362111,425.03500976320356,332964.0,0.0,0.0,0.0,2027.0,423.88349183183163,423.03834184259176,332759.0,0.0,5.0,0.0,2027.0,334.5504100015387,333.7024340564385,290898.0,0.0,472.0,0.0,2027.0,334.38003483600914,333.7024340564385,290898.0,0.0,472.0,0.0,2027.0,334.38003483600914,333.7024340564385,290898.0,0.0,472.0,0.0,2027.0,334.38590461947024,333.7024340564385,290898.0,0.0,472.0,0.0,2027.0,425.03500976320356,0.8473754730075598,0.0,0.0,0.0,0.0,0.0,423.03834184259176,0.8450807826593518,0.0,0.0,6.360933184623718e-06,6.284564733505249e-05,0.0,333.7024340564385,0.8473754730075598,0.0,0.0,0.000600472092628479,0.0,0.0,333.7024340564385,0.6769374618306756,0.0,0.0,0.000600472092628479,6.284564733505249e-05,0.0,333.7024340564385,0.6769374618306756,0.0,0.0,0.000600472092628479,6.284564733505249e-05,0.0,333.7024340564385,0.6769374618306756,0.0,0.0,0.000600472092628479,0.005932629108428955,0.0,0.0,0.0,0.0,0.0,0.0,0.0,0.0,0.0,0.0,0.0,0.0,0.0,2.861378467641771,0.0,2.861378467641771,0.0,2.2566964384168386,0.0,2.191558239981532,0.0,2.191558239981532,0.0,2.1946376767009497,0.0,0.0,0.0,0.0,0.0,0.0,0.0,0.0,0.0,0.0,0.0,0.0,0.0,423.02100676856935,0.0,421.02211336418986,0.0,332.29371356312186,0.0,332.1884765960276,0.0,332.1884765960276,0.0,332.1912669427693,0.0,0.0,0.0,0.2158024224434048,0.4312344514798373,0.0,0.0,0.21577175509184598,0.4312344514798373,0.0,0.0,0.08305397468619048,0.42769820098690686,0.0,0.0,0.08301152549497783,0.42769820098690686,0.0,0.0,0.08301152549497783,0.42769820098690686,0.0,0.0,0.08301265671662986,0.42769820098690686,2027
stockmarket,query1,8,inf,836.0693179713562,834.4071758762002,644912.0,0.0,0.0,0.0,4034.0,833.2708672052249,831.6118407873437,644625.0,0.0,7.0,0.0,4034.0,535.3038382893428,533.6397014055401,478449.0,0.0,1568.0,0.0,4034.0,534.7340694367886,533.6397014055401,478449.0,0.0,1568.0,0.0,4034.0,534.7340694367886,533.6397014055401,478449.0,0.0,1568.0,0.0,4034.0,534.7536898478866,533.6397014055401,478449.0,0.0,1568.0,0.0,4034.0,834.4071758762002,1.662142095156014,0.0,0.0,0.0,0.0,0.0,831.6118407873437,1.6589295286685228,0.0,0.0,8.905306458473206e-06,8.798390626907349e-05,0.0,533.6397014055401,1.662142095156014,0.0,0.0,0.001994788646697998,0.0,0.0,533.6397014055401,1.0922852586954832,0.0,0.0,0.001994788646697998,8.798390626907349e-05,0.0,533.6397014055401,1.0922852586954832,0.0,0.0,0.001994788646697998,8.798390626907349e-05,0.0,533.6397014055401,1.0922852586954832,0.0,0.0,0.001994788646697998,0.01970839500427246,0.0,0.0,0.0,0.0,0.0,0.0,0.0,0.0,0.0,0.0,0.0,0.0,0.0,5.698811071924865,0.0,5.698811071924865,0.0,3.688440472818911,0.0,3.4678790075704455,0.0,3.4678790075704455,0.0,3.47816055547446,0.0,0.0,0.0,0.0,0.0,0.0,0.0,0.0,0.0,0.0,0.0,0.0,0.0,830.3705068994313,0.0,827.5720561333001,0.0,531.6153978165239,0.0,531.2661904292181,0.0,531.2661904292181,0.0,531.2755292924121,0.0,0.0,0.0,0.22354049316607416,0.4197530584054068,0.0,0.0,0.22351599515229464,0.4197530584054068,0.0,0.0,0.01717928209155798,0.4176764070210978,0.0,0.0,0.017056244684383274,0.4176764070210978,0.0,0.0,0.017056244684383274,0.4176764070210978,0.0,0.0,0.017059562934562563,0.4176764070210978,4034
stockmarket,query2,2,inf,1441.5551615543664,1427.8635832788423,85881488.0,97664988.0,0.0,0.0,3987.0,1421.4173769894987,1408.7693028552458,81271403.0,91879627.0,132.0,0.0,3987.0,1415.299288051203,1401.6074400721118,78057335.0,97664988.0,212.0,0.0,3987.0,1413.450090832223,1401.6074400721118,78057335.0,179596209.0,212.0,0.0,3987.0,1413.5843279208057,1401.6074400721118,78057335.0,87716582.0,212.0,0.0,3987.0,1413.4085915358737,1401.6074400721118,78057335.0,87716582.0,212.0,0.0,3987.0,1427.8635832788423,8.775667505338788,4.915910770185292,0.0,0.0,0.0,0.0,1408.7693028552458,8.188998804427683,4.457248276099563,0.0,0.00016792863607406616,0.0016591250896453857,0.0,1401.6074400721118,8.775667505338788,4.915910770185292,0.0,0.00026970356702804565,0.0,0.0,1401.6074400721118,7.708547184243798,4.089669920504093,0.04250482670655791,0.00026970356702804565,0.0016591250896453857,0.0,1401.6074400721118,7.708547184243798,4.089669920504093,0.1767419152893126,0.00026970356702804565,0.0016591250896453857,0.0,1401.6074400721118,7.708547184243798,4.089669920504093,0.0,0.00026970356702804565,0.0026646554470062256,0.0,0.0,0.0,0.0,0.0,0.0,0.0,0.0,0.0,0.0,0.0,0.0,0.0,12.312934609130025,93524571.0,11.067929771728814,87739210.0,11.926197327673435,93524571.0,10.167880681244279,171500753.0,10.288900194689631,83761543.0,10.128120833076537,83761543.0,0.0,0.0,0.0,0.0,0.0,0.0,0.0,0.0,0.0,0.0,0.0,0.0,1429.2422269452363,4140417.0,1410.34944721777,4140417.0,1403.3730907235295,4140417.0,1403.2822101509787,8095456.0,1403.295427726116,3955039.0,1403.2804707027972,3955039.0,390659.952,282667.256,0.2877796775009483,0.4704568980587645,367518.508,264554.84,0.2875095769427717,0.4704568980587645,390659.952,282667.256,0.2873685834668577,0.4663269138492643,718384.836,601670.284,0.2867600789681895,0.4662767685111563,350866.328,350866.328,0.2868267331151292,0.4663530712126753,350866.328,350866.328,0.28674448299780486,0.46626216982230534,3987
stockmarket,query2,4,inf,2839.747257770039,2812.5444729533046,170346177.0,193884605.0,0.0,0.0,7903.0,2796.436254954897,2771.5375183876604,159331172.0,180270879.0,289.0,0.0,7903.0,2781.526865007356,2754.3233270561323,142816057.0,193884605.0,592.0,0.0,7903.0,2775.8692186686762,2754.3233270561323,142816057.0,340183907.0,592.0,0.0,7903.0,2776.1315973582678,2754.3233270561323,142816057.0,159913028.0,592.0,0.0,7903.0,2775.7896312335506,2754.3233270561323,142816057.0,159913028.0,592.0,0.0,7903.0,2812.5444729533046,17.388847395777702,9.81393742095679,0.0,0.0,0.0,0.0,2771.5375183876604,16.09243644028902,8.802299986593425,0.0,0.0003676619380712509,0.003632478415966034,0.0,2754.3233270561323,17.388847395777702,9.81393742095679,0.0,0.0007531344890594482,0.0,0.0,2754.3233270561323,14.145657359622419,7.312452758662403,0.08339588135391396,0.0007531344890594482,0.003632478415966034,0.0,2754.3233270561323,14.145657359622419,7.312452758662403,0.34577457094565034,0.0007531344890594482,0.003632478415966034,0.0,2754.3233270561323,14.145657359622419,7.312452758662403,0.0,0.0007531344890594482,0.007440924644470215,0.0,0.0,0.0,0.0,0.0,0.0,0.0,0.0,0.0,0.0,0.0,0.0,0.0,24.54562541190535,184960110.0,21.793244577012956,171346384.0,23.391334932297468,184960110.0,18.061049135964264,323076429.0,18.295862801373005,151730045.0,17.985074965283275,151730045.0,0.0,0.0,0.0,0.0,0.0,0.0,0.0,0.0,0.0,0.0,0.0,0.0,2815.201632358134,8924495.0,2774.643010377884,8924495.0,2758.1355300750583,8924495.0,2757.808169532712,17107478.0,2757.8357345568947,8182983.0,2757.8045562682673,8182983.0,775538.42,361368.124,0.30861358244903386,0.5026725162321699,721083.516,328837.372,0.30843352065607904,0.5026725162321699,775538.42,361368.124,0.30740262285247444,0.5022622274182735,1360735.628,923473.924,0.3065034733913806,0.5022433826539952,639652.112,639652.112,0.3065617815600708,0.5023118555608204,639652.112,639652.112,0.3064946805648506,0.5022334797009823,7903
stockmarket,query2,8,inf,5729.331810483709,5675.355705842376,320657878.0,367442242.0,0.0,0.0,15972.0,5631.505625007674,5582.476074506529,302941292.0,344051602.0,632.0,0.0,15972.0,5553.502001829445,5499.523767547682,244116989.0,367442242.0,1674.0,0.0,15972.0,5536.973238828126,5499.523767547682,244116989.0,616215078.0,1674.0,0.0,15972.0,5537.503626091871,5499.523767547682,244116989.0,272163476.0,1674.0,0.0,15972.0,5536.827172679827,5499.523767547682,244116989.0,272163476.0,1674.0,0.0,15972.0,5675.355705842376,34.55017352756113,19.425931113772094,0.0,0.0,0.0,0.0,5582.476074506529,31.769325060769916,17.25147772859782,0.0,0.000804021954536438,0.007943689823150635,0.0,5499.523767547682,34.55017352756113,19.425931113772094,0.0,0.002129640430212021,0.0,0.0,5499.523767547682,25.11278892867267,12.16744584031403,0.15916318120363762,0.002129640430212021,0.007943689823150635,0.0,5499.523767547682,25.11278892867267,12.16744584031403,0.6895504449494183,0.002129640430212021,0.007943689823150635,0.0,5499.523767547682,25.11278892867267,12.16744584031403,0.0,0.002129640430212021,0.021040722727775574,0.0,0.0,0.0,0.0,0.0,0.0,0.0,0.0,0.0,0.0,0.0,0.0,0.0,48.66401125956327,350586922.0,42.780589810572565,327196282.0,45.458022945560515,350586922.0,30.09835975448648,585285108.0,30.57458492461592,258088826.0,29.957665275782347,258088826.0,0.0,0.0,0.0,0.0,0.0,0.0,0.0,0.0,0.0,0.0,0.0,0.0,5680.667799224146,16855320.0,5588.7250351971015,16855320.0,5508.043978883885,16855320.0,5506.874879073639,30929970.0,5506.9290411672555,14074650.0,5506.869507404044,14074650.0,1469768.968,425218.16,0.3172478474993259,0.4913290044283492,1376206.408,386823.564,0.3171509503070265,0.4913290044283492,1469768.968,425218.16,0.31667184726521375,0.4886579081222413,2464860.312,1385082.26,0.31463168606894293,0.48866763704683375,1088653.904,1088653.904,0.31468641361035404,0.4887424815556964,1088653.904,1088653.904,0.31462791784480215,0.4886579081222413,15972
stockmarket,query3,2,inf,2476.9605307308957,2470.945557252504,11137521.0,6507886.0,0.0,0.0,6411.0,2445.7033863924444,2439.8367719752714,10095836.0,6415197.0,231.0,0.0,6411.0,2432.824025861919,2426.8087152540684,10061582.0,6507886.0,265.0,0.0,6411.0,2432.6620532188995,2426.8087152540684,10061582.0,12830394.0,265.0,0.0,6411.0,2432.6787868984975,2426.8087152540684,10061582.0,6415197.0,265.0,0.0,6411.0,2432.659512807615,2426.8087152540684,10061582.0,6415197.0,265.0,0.0,6411.0,2470.945557252504,5.661365597508848,0.35360788088291883,0.0,0.0,0.0,0.0,2439.8367719752714,5.51976970769465,0.34364736545830965,0.0,0.0002938751131296158,0.002903468906879425,0.0,2426.8087152540684,5.661365597508848,0.35360788088291883,0.0,0.00033712945878505707,0.0,0.0,2426.8087152540684,5.503482239320874,0.34364736545830965,0.0029677616864229347,0.00033712945878505707,0.002903468906879425,0.0,2426.8087152540684,5.503482239320874,0.34364736545830965,0.019701441284269094,0.00033712945878505707,0.002903468906879425,0.0,2426.8087152540684,5.503482239320874,0.34364736545830965,0.0,0.00033712945878505707,0.003330819308757782,0.0,0.0,0.0,0.0,0.0,0.0,0.0,0.0,0.0,0.0,0.0,0.0,0.0,2.025479869917035,3225680.0,1.6677138786762953,3225680.0,1.7392718475311995,3225680.0,1.6544550233667659,6451360.0,1.6541048903018236,3225680.0,1.6530507616698742,3225680.0,0.0,0.0,0.0,0.0,0.0,0.0,0.0,0.0,0.0,0.0,0.0,0.0,2474.9350508609787,3282206.0,2444.035672513768,3189517.0,2431.0847540143877,3282206.0,2431.007598195533,6379034.0,2431.0246820081957,3189517.0,2431.006462045945,3189517.0,26031.544,26031.544,0.2974280035998672,0.5315172824805601,25660.788,25660.788,0.29660294685699046,0.5281370553413405,26031.544,26031.544,0.29341808141209186,0.526177522208914,51321.576,51321.576,0.2934161548034688,0.5261804490389522,25660.788,25660.788,0.29341916053928435,0.5261908278199842,25660.788,25660.788,0.2934160905722529,0.526177522208914,6411
stockmarket,query3,4,inf,5059.8418251387775,5047.245771263726,29164279.0,20143225.0,0.0,0.0,13091.0,5004.466798052192,4992.241828953847,25682018.0,20050536.0,704.0,0.0,13091.0,4956.012219921686,4943.415073238313,25395721.0,20143225.0,859.0,0.0,13091.0,4955.57094551017,4943.415073238313,25395721.0,40101072.0,859.0,0.0,13091.0,4955.605926706921,4943.415073238313,25395721.0,20050536.0,859.0,0.0,13091.0,4955.563618061133,4943.415073238313,25395721.0,20050536.0,859.0,0.0,13091.0,5047.245771263726,11.419047118164599,1.1770067568868399,0.0,0.0,0.0,0.0,4992.241828953847,11.048178570345044,1.1670462414622307,0.0,0.0008956193923950195,0.00884866714477539,0.0,4943.415073238313,11.419047118164599,1.1770067568868399,0.0,0.0010928083211183548,0.0,0.0,4943.415073238313,10.96960889082402,1.1670462414622307,0.009275664104008617,0.0010928083211183548,0.00884866714477539,0.0,4943.415073238313,10.96960889082402,1.1670462414622307,0.044256860855966806,0.0010928083211183548,0.00884866714477539,0.0,4943.415073238313,10.96960889082402,1.1670462414622307,0.0,0.0010928083211183548,0.010796882212162018,0.0,0.0,0.0,0.0,0.0,0.0,0.0,0.0,0.0,0.0,0.0,0.0,0.0,4.389436251483858,3225680.0,3.119524355046451,3225680.0,3.3177749142050743,3225680.0,3.011305573876755,6451360.0,3.010955440811813,3225680.0,3.010429215617478,3225680.0,0.0,0.0,0.0,0.0,0.0,0.0,0.0,0.0,0.0,0.0,0.0,0.0,5055.452388887294,16917545.0,5001.347273697145,16824856.0,4952.694445007481,16917545.0,4952.559639936293,33649712.0,4952.5949712661095,16824856.0,4952.553188845515,16824856.0,80572.9,79738.296,0.3160315403100103,0.638251150521822,80202.144,79367.54,0.31514050657488407,0.6325822301542383,80572.9,79738.296,0.31116788113489746,0.6306988616364074,160404.288,159105.836,0.3111510139480233,0.6307014049111953,80202.144,80202.144,0.3111510139480233,0.6307122814587315,80202.144,80202.144,0.3111510139480233,0.6306988616364074,13091
stockmarket,query3,8,inf,10276.96563224867,10250.557792764157,49367313.0,30067505.0,0.0,0.0,26461.0,10164.19024407398,10138.654036995023,42763366.0,29325993.0,1274.0,0.0,26461.0,9818.927788465284,9792.517061117105,41756060.0,30067505.0,2270.0,0.0,26461.0,9817.573952871751,9792.517061117105,41756060.0,58651986.0,2270.0,0.0,26461.0,9817.683163346723,9792.517061117105,41756060.0,29325993.0,2270.0,0.0,26461.0,9817.572905101813,9792.517061117105,41756060.0,29325993.0,2270.0,0.0,26461.0,10250.557792764157,24.43777829501778,1.970061189495027,0.0,0.0,0.0,0.0,10138.654036995023,23.6281961761415,1.8903770660981536,0.0,0.0016207657754421234,0.016013070940971375,0.0,9792.517061117105,24.43777829501778,1.970061189495027,0.0,0.002887863665819168,0.0,0.0,9792.517061117105,23.134047131054103,1.8903770660981536,0.01356662288651575,0.002887863665819168,0.016013070940971375,0.0,9792.517061117105,23.134047131054103,1.8903770660981536,0.12277709785848856,0.002887863665819168,0.016013070940971375,0.0,9792.517061117105,23.134047131054103,1.8903770660981536,0.0,0.002887863665819168,0.02853192389011383,0.0,0.0,0.0,0.0,0.0,0.0,0.0,0.0,0.0,0.0,0.0,0.0,0.0,8.668069019913673,7257780.0,6.402405401691794,7257780.0,6.60140498355031,7257780.0,6.004638296235853,14515560.0,6.003850496839732,7257780.0,6.003580894321203,7257780.0,0.0,0.0,0.0,0.0,0.0,0.0,0.0,0.0,0.0,0.0,0.0,0.0,10268.297563228756,22809725.0,10157.787838672288,22068213.0,9812.326383481734,22809725.0,9811.569314575516,44136426.0,9811.679312849883,22068213.0,9811.569324207492,22068213.0,120270.02,111706.712,0.32067099841497837,0.6197289669735354,117303.972,108740.664,0.32062607882916927,0.618473378623463,120270.02,111706.712,0.31423270333558323,0.6145243369100613,234607.944,223174.832,0.3142244074307382,0.6145280881985785,117303.972,117303.972,0.3142244074307382,0.614542439393792,117303.972,117303.972,0.3142244074307382,0.6145243369100613,26461
stockmarket,query4,2,inf,2427.0532062118873,2405.75086583104,85942180.0,95907291.0,0.0,0.0,6523.0,2291.0490986788645,2271.5985988955945,70173513.0,78977463.0,597.0,0.0,6523.0,2288.7034059539437,2267.400214480236,66936221.0,95907291.0,669.0,0.0,6523.0,2286.6282393459924,2267.400214480236,66936221.0,154532564.0,669.0,0.0,6523.0,2286.884084054269,2267.400214480236,66936221.0,75555101.0,669.0,0.0,6523.0,2286.5926082218066,2267.400214480236,66936221.0,75555101.0,669.0,0.0,6523.0,2405.75086583104,16.507529796101153,4.794810584746301,0.0,0.0,0.0,0.0,2271.5985988955945,15.236992145888507,4.205244371667504,0.0,0.000759495422244072,0.007503770291805267,0.0,2267.400214480236,16.507529796101153,4.794810584746301,0.0,0.0008510928601026535,0.0,0.0,2267.400214480236,15.08170728199184,4.101426619105041,0.03653610150744941,0.0008510928601026535,0.007503770291805267,0.0,2267.400214480236,15.08170728199184,4.101426619105041,0.29238080978393555,0.0008510928601026535,0.007503770291805267,0.0,2267.400214480236,15.08170728199184,4.101426619105041,0.0,0.0008510928601026535,0.008408747613430023,0.0,0.0,0.0,0.0,0.0,0.0,0.0,0.0,0.0,0.0,0.0,0.0,0.0,5.291962002404034,48311302.0,3.73862646240741,32893826.0,4.6712833028286695,48311302.0,3.410821327003327,62365290.0,3.562638132367283,29471464.0,3.3963834596797824,29471464.0,0.0,0.0,0.0,0.0,0.0,0.0,0.0,0.0,0.0,0.0,0.0,0.0,2421.7612442094833,47595989.0,2287.310472216457,46083637.0,2284.032122651115,47595989.0,2283.217418018989,92167274.0,2283.3214459219016,46083637.0,2283.196224762127,46083637.0,383629.164,301204.904,0.3288489113897085,0.5697544076299292,315909.852,251221.544,0.3192825488802046,0.5631082610094917,383629.164,301204.904,0.31769234653934836,0.5630922831771893,618130.256,545414.82,0.3175366558698621,0.563102099482869,302220.404,302220.404,0.31760417482908815,0.5631752943335099,302220.404,302220.404,0.31753106840886175,0.5630878235960377,6523
stockmarket,query4,4,inf,5120.540682066232,5085.642228436656,125270632.0,135277313.0,0.0,0.0,13628.0,4837.614543421194,4806.026939662173,98381584.0,106393110.0,1157.0,0.0,13628.0,4720.200613529421,4685.299952656031,84332074.0,135277313.0,1735.0,0.0,13628.0,4715.467673577157,4685.299952656031,84332074.0,197833469.0,1735.0,0.0,13628.0,4715.97980291862,4685.299952656031,84332074.0,91440359.0,1735.0,0.0,13628.0,4715.425719562918,4685.299952656031,84332074.0,91440359.0,1735.0,0.0,13628.0,5085.642228436656,28.827758871018887,6.070694758556783,0.0,0.0,0.0,0.0,4806.026939662173,26.517909288406372,5.053680067881942,0.0,0.0014719199389219284,0.014542482793331146,0.0,4685.299952656031,28.827758871018887,6.070694758556783,0.0,0.0022072438150644302,0.0,0.0,4685.299952656031,25.531308512203395,4.57044371124357,0.04921897107093996,0.0022072438150644302,0.014542482793331146,0.0,4685.299952656031,25.531308512203395,4.57044371124357,0.5613483125343919,0.0022072438150644302,0.014542482793331146,0.0,4685.299952656031,25.531308512203395,4.57044371124357,0.0,0.0022072438150644302,0.021807439625263214,0.0,0.0,0.0,0.0,0.0,0.0,0.0,0.0,0.0,0.0,0.0,0.0,0.0,9.957692573778331,90641236.0,7.326770661398768,64553974.0,8.599581189453602,90641236.0,5.892257148608496,114767536.0,6.1887522167526186,50213562.0,5.865887776948512,50213562.0,0.0,0.0,0.0,0.0,0.0,0.0,0.0,0.0,0.0,0.0,0.0,0.0,5110.582989492454,44636077.0,4830.287772759795,41839136.0,4711.601032339968,44636077.0,4709.575416428548,83065933.0,4709.791050701868,41226797.0,4709.559831785969,41226797.0,541109.252,293735.648,0.3559156385473907,0.5434830897744742,425572.44,224508.336,0.34940262481570245,0.5334896715044972,541109.252,293735.648,0.34697812180407345,0.5328720126291734,791333.876,566785.576,0.3468017395738739,0.532885150506982,365761.436,365761.436,0.3468492295593023,0.532954929999448,365761.436,365761.436,0.34679837003722785,0.5328720126291734,13628
stockmarket,query4,8,inf,10464.783207312226,10385.941332316957,303190722.0,332651073.0,0.0,0.0,28102.0,9984.531553659588,9912.718813611194,241098333.0,266137422.0,2280.0,0.0,28102.0,9553.787938714027,9474.940667103045,197267129.0,332651073.0,4242.0,0.0,28102.0,9541.962757573438,9474.940667103045,197267129.0,486058299.0,4242.0,0.0,28102.0,9542.973756354302,9474.940667103045,197267129.0,219920877.0,4242.0,0.0,28102.0,9541.864299235865,9474.940667103045,197267129.0,219920877.0,4242.0,0.0,28102.0,10385.941332316957,63.20328337699175,15.638591618277133,0.0,0.0,0.0,0.0,9912.718813611194,58.40622662939131,13.374955218285322,0.0,0.0029005855321884155,0.028657615184783936,0.0,9474.940667103045,63.20328337699175,15.638591618277133,0.0,0.005396615713834763,0.0,0.0,9474.940667103045,54.96035979408771,11.904557475820184,0.12311896958658827,0.005396615713834763,0.028657615184783936,0.0,9474.940667103045,54.96035979408771,11.904557475820184,1.1341177504509687,0.005396615713834763,0.028657615184783936,0.0,9474.940667103045,54.96035979408771,11.904557475820184,0.0,0.005396615713834763,0.05331824719905853,0.0,0.0,0.0,0.0,0.0,0.0,0.0,0.0,0.0,0.0,0.0,0.0,0.0,21.698313226923347,197334519.0,15.481089511886239,135621095.0,18.073266644962132,197334519.0,10.909576552762086,226530015.0,11.53724332805723,90908920.0,10.858110807836056,90908920.0,0.0,0.0,0.0,0.0,0.0,0.0,0.0,0.0,0.0,0.0,0.0,0.0,10443.084894085303,135316554.0,9969.050464147702,130516327.0,9535.714672069065,135316554.0,9531.053181020676,259528284.0,9531.436513026245,129011957.0,9531.00618842803,129011957.0,1330604.292,609478.624,0.380750102840364,0.5888517768111078,1064549.688,518801.78,0.36636167421005666,0.5825271014044059,1330604.292,609478.624,0.36040045370161533,0.5771061173064632,1944233.196,1342969.056,0.35996470694794813,0.577124943178847,879683.508,879683.508,0.3599957707421854,0.5771876070360651,879683.508,879683.508,0.35996265876851974,0.5771061173064632,28102
stockmarket,query5,2,inf,3354.4324831524864,3327.654183297418,51471389.0,58840149.0,0.0,0.0,8710.0,3228.5340620493516,3203.686322878115,45423923.0,52238656.0,511.0,0.0,8710.0,3197.2603284884244,3170.4811088424176,42663310.0,58840149.0,723.0,0.0,8710.0,3194.6411142063816,3170.4811088424176,42663310.0,101489004.0,723.0,0.0,8710.0,3195.0712231206708,3170.4811088424176,42663310.0,49250348.0,723.0,0.0,8710.0,3194.6196125140414,3170.4811088424176,42663310.0,49250348.0,723.0,0.0,8710.0,3327.654183297418,23.006315419450402,3.7719844356179237,0.0,0.0,0.0,0.0,3203.686322878115,21.40116079431027,3.439505464397371,0.0,0.000650087371468544,0.0064228251576423645,0.0,3170.4811088424176,23.006315419450402,3.7719844356179237,0.0,0.0009197909384965897,0.0,0.0,3170.4811088424176,20.83472223673016,3.293774163350463,0.02416634778745338,0.0009197909384965897,0.0064228251576423645,0.0,3170.4811088424176,20.83472223673016,3.293774163350463,0.45427526207640767,0.0009197909384965897,0.0064228251576423645,0.0,3170.4811088424176,20.83472223673016,3.293774163350463,0.0,0.0009197909384965897,0.00908748060464859,0.0,0.0,0.0,0.0,0.0,0.0,0.0,0.0,0.0,0.0,0.0,0.0,0.0,3.006109345704317,15562850.0,2.2524503916502,11233070.0,2.403696564026177,15562850.0,1.8378748033857255,20199364.0,1.9877200019545853,8966294.0,1.8342996425926685,8966294.0,0.0,0.0,0.0,0.0,0.0,0.0,0.0,0.0,0.0,0.0,0.0,0.0,3351.426373806782,43277299.0,3226.2816116577014,41005586.0,3194.8566319243982,43277299.0,3192.803239402996,81289640.0,3193.083503118716,40284054.0,3192.7853128714487,40284054.0,235360.596,191991.736,0.30405566036701204,0.5679735712483525,208954.624,170156.096,0.30078404817543924,0.5512398406652733,235360.596,191991.736,0.2985077183637768,0.5512455625405533,405956.016,360708.06,0.29834838411525516,0.5511727302417816,197001.392,197001.392,0.298453283729963,0.5512563556639476,197001.392,197001.392,0.2983445304837078,0.5511585680147632,8710
stockmarket,query5,4,inf,6854.350063474849,6796.268053039908,106604197.0,121499292.0,0.0,0.0,17550.0,6571.701468230225,6517.244553615339,95178399.0,109036876.0,1054.0,0.0,17550.0,6493.544886439107,6435.460668760352,85901395.0,121499292.0,1735.0,0.0,17550.0,6488.265747719576,6435.460668760352,85901395.0,208194866.0,1735.0,0.0,17550.0,6489.257483395748,6435.460668760352,85901395.0,99157990.0,1735.0,0.0,17550.0,6488.2238652817905,6435.460668760352,85901395.0,99157990.0,1735.0,0.0,17550.0,6796.268053039908,50.251989148557186,7.830021286383271,0.0,0.0,0.0,0.0,6517.244553615339,47.240704954601824,7.201620913110673,0.0,0.0013408847153186798,0.013247862458229065,0.0,6435.460668760352,50.251989148557186,7.830021286383271,0.0,0.0022072438150644302,0.0,0.0,6435.460668760352,45.95951011124998,6.779671726748347,0.050442014952938846,0.0022072438150644302,0.013247862458229065,0.0,6435.460668760352,45.95951011124998,6.779671726748347,1.0421776911243796,0.0022072438150644302,0.013247862458229065,0.0,6435.460668760352,45.95951011124998,6.779671726748347,0.0,0.0022072438150644302,0.021807439625263214,0.0,0.0,0.0,0.0,0.0,0.0,0.0,0.0,0.0,0.0,0.0,0.0,0.0,6.017489288002253,31084302.0,4.63995239790529,23082110.0,4.498602199368179,31084302.0,3.0852362281343577,37611362.0,3.392636456526816,14529252.0,3.08062900416553,14529252.0,0.0,0.0,0.0,0.0,0.0,0.0,0.0,0.0,0.0,0.0,0.0,0.0,6848.332574186847,90414990.0,6567.06151583232,85954766.0,6489.046284239739,90414990.0,6485.180511491442,170583504.0,6485.864846939221,84628738.0,6485.143236277625,84628738.0,485997.168,306940.344,0.34163081013597546,0.6597523680901152,436147.504,284133.728,0.33751863141357896,0.6492718877276402,485997.168,306940.344,0.33136718137189747,0.6491621833654116,832779.464,652702.536,0.33111898453148164,0.6491770985571039,396631.96,396631.96,0.3312072616983205,0.6492589716251935,396631.96,396631.96,0.3311156454384327,0.6491621833654116,17550
stockmarket,query5,8,inf,13940.111861363053,13835.355562732555,204257772.0,232157215.0,0.0,0.0,36105.0,13366.47350073792,13268.844504540786,178490060.0,204204429.0,2378.0,0.0,36105.0,13039.371822705492,12934.609837400727,151861379.0,232157215.0,4470.0,0.0,36105.0,13025.296251018683,12934.609837400727,151861379.0,379656044.0,4470.0,0.0,36105.0,13027.04401065968,12934.609837400727,151861379.0,175451615.0,4470.0,0.0,36105.0,13025.228077754378,12934.609837400727,151861379.0,175451615.0,4470.0,0.0,36105.0,13835.355562732555,90.2069175671786,14.549381063319743,0.0,0.0,0.0,0.0,13268.844504540786,84.37810498476028,13.217976562678814,0.0,0.0030252598226070404,0.029889389872550964,0.0,12934.609837400727,90.2069175671786,14.549381063319743,0.0,0.005686674267053604,0.0,0.0,12934.609837400727,78.7285355757922,11.82783409487456,0.09446788315059887,0.005686674267053604,0.029889389872550964,0.0,12934.609837400727,78.7285355757922,11.82783409487456,1.8422275241464376,0.005686674267053604,0.029889389872550964,0.0,12934.609837400727,78.7285355757922,11.82783409487456,0.0,0.005686674267053604,0.056184008717536926,0.0,0.0,0.0,0.0,0.0,0.0,0.0,0.0,0.0,0.0,0.0,0.0,0.0,12.928444885648787,66687571.0,9.412251788191497,46621291.0,8.966203656978905,66687571.0,5.367063682743089,71745082.0,5.986506670247763,25123791.0,5.361672477796674,25123791.0,0.0,0.0,0.0,0.0,0.0,0.0,0.0,0.0,0.0,0.0,0.0,0.0,13927.183416477405,165469644.0,13357.061248949729,157583138.0,13030.405619048513,165469644.0,13019.92918733594,307910962.0,13021.057503989432,150327824.0,13019.866405276582,150327824.0,928628.86,474679.296,0.36095013030432166,0.5416852781942112,816817.716,446785.572,0.3536851673424244,0.5356857559334485,928628.86,474679.296,0.3475316803585738,0.5339138303190467,1518624.176,1068085.66,0.3470197297325026,0.5339051800682205,701806.46,701806.46,0.3470924689816311,0.5339809258424675,701806.46,701806.46,0.3470170654579997,0.5338899977911261,36105
yelp,query1,2,inf,6.7379179541021585,5.969495916739106,2652024.0,1107898.0,0.0,0.0,1688.0,6.572668457403779,5.836446923203766,2558880.0,1107898.0,95.0,0.0,1688.0,6.0949179995805025,5.326188093051314,2446032.0,1107898.0,242.0,0.0,1688.0,6.014168482535386,5.326188093051314,2446032.0,2215796.0,242.0,0.0,1688.0,6.019937572069466,5.326188093051314,2446032.0,1107898.0,242.0,0.0,1688.0,6.015503615140915,5.326188093051314,2446032.0,1107898.0,242.0,0.0,1688.0,5.969495916739106,0.7048808382824063,0.06354119908064604,0.0,0.0,0.0,0.0,5.836446923203766,0.6713654100894928,0.06354119908064604,0.0,0.00012085773050785065,0.0011940672993659973,0.0,5.326188093051314,0.7048808382824063,0.06354119908064604,0.0,0.00030786916613578796,0.0,0.0,5.326188093051314,0.6224247245118022,0.06354119908064604,0.0005125294261212238,0.00030786916613578796,0.0011940672993659973,0.0,5.326188093051314,0.6224247245118022,0.06354119908064604,0.00628161896020174,0.00030786916613578796,0.0011940672993659973,0.0,5.326188093051314,0.6224247245118022,0.06354119908064604,0.0,0.00030786916613578796,0.0030417293310165405,0.0,1.492801334708929,345448.0,1.3939617304131389,345448.0,1.3340707905590534,345448.0,1.2705071929794665,690896.0,1.274344777688384,345448.0,1.2716922806575894,345448.0,0.0,0.0,0.0,0.0,0.0,0.0,0.0,0.0,0.0,0.0,0.0,0.0,0.0,0.0,0.0,0.0,0.0,0.0,0.0,0.0,0.0,0.0,0.0,0.0,5.2451166193932295,762450.0,5.17870672699064,762450.0,4.760847209021449,762450.0,4.743661289555919,1524900.0,4.745592794381082,762450.0,4.7438113344833255,762450.0,4431.592,4431.592,0.002347615670412779,0.010222212395071983,4431.592,4431.592,0.0023288088347762823,0.010222212395071983,4431.592,4431.592,0.002032206615433097,0.00990991301164031,8863.184,8863.184,0.002024318028425433,0.009910989348878949,4431.592,4431.592,0.0020279114618897438,0.009917165426257996,4431.592,4431.592,0.0020242463555186986,0.00990991301164031,1688
yelp,query1,4,inf,14.28179030213505,12.479300268925726,6286157.0,3243340.0,0.0,0.0,3560.0,13.930171673186123,12.204323660582304,6038129.0,3243340.0,213.0,0.0,3560.0,11.453981746919453,9.65030858013779,5416525.0,3243340.0,930.0,0.0,3560.0,11.121172269561724,9.65030858013779,5416525.0,6486680.0,930.0,0.0,3560.0,11.132235092110932,9.65030858013779,5416525.0,3243340.0,930.0,0.0,3560.0,11.128683920018375,9.65030858013779,5416525.0,3243340.0,930.0,0.0,3560.0,12.479300268925726,1.5859820246696472,0.21650800853967667,0.0,0.0,0.0,0.0,12.204323660582304,1.5063918037340045,0.21650800853967667,0.0,0.0002709757536649704,0.002677224576473236,0.0,9.65030858013779,1.5859820246696472,0.21650800853967667,0.0,0.0011831335723400116,0.0,0.0,9.65030858013779,1.2489949073642492,0.21650800853967667,0.0015004153711948303,0.0011831335723400116,0.002677224576473236,0.0,9.65030858013779,1.2489949073642492,0.21650800853967667,0.01256323792040348,0.0011831335723400116,0.002677224576473236,0.0,9.65030858013779,1.2489949073642492,0.21650800853967667,0.0,0.0011831335723400116,0.011689290404319763,0.0,3.127310655079782,533380.0,2.897203809581697,533380.0,2.5370557010173798,533380.0,2.2943766703234965,1066760.0,2.3001260119490325,533380.0,2.300603022798896,533380.0,0.0,0.0,0.0,0.0,0.0,0.0,0.0,0.0,0.0,0.0,0.0,0.0,0.0,0.0,0.0,0.0,0.0,0.0,0.0,0.0,0.0,0.0,0.0,0.0,11.154479647055268,2709960.0,11.032967863604426,2709960.0,8.916926045902073,2709960.0,8.826795599238226,5419920.0,8.8321090801619,2709960.0,8.828080897219479,2709960.0,12973.36,12684.788,0.0018741033952683211,0.010849859673157334,12973.36,12684.788,0.001859770329669118,0.010849859673157334,12973.36,12684.788,0.0013720155265182256,0.010608472805842754,25946.72,25658.148,0.0013502673339098692,0.010609936812915648,12973.36,12973.36,0.0013502673339098692,0.01061555390357971,12973.36,12973.36,0.0013506444077938794,0.010608472805842754,3560
yelp,query1,8,inf,27.170167293399572,23.880745308473706,11305412.0,5155397.0,0.0,0.0,6874.0,26.50839027762413,23.3524529049173,10906352.0,5155397.0,383.0,0.0,6874.0,18.606017027050257,15.31337259337306,9087708.0,5155397.0,2533.0,0.0,6874.0,17.708624646574783,15.31337259337306,9087708.0,10310794.0,2533.0,0.0,6874.0,17.727083240170032,15.31337259337306,9087708.0,5155397.0,2533.0,0.0,6874.0,17.733263314701617,15.31337259337306,9087708.0,5155397.0,2533.0,0.0,6874.0,23.880745308473706,2.9574636137112975,0.3319583712145686,0.0,0.0,0.0,0.0,23.3524529049173,2.8186777774244547,0.3319583712145686,0.0,0.0004872474819421768,0.004813976585865021,0.0,15.31337259337306,2.9574636137112975,0.3319583712145686,0.0,0.0032224487513303757,0.0,0.0,15.31337259337306,2.05287229642272,0.3319583712145686,0.002384960227238499,0.0032224487513303757,0.004813976585865021,0.0,15.31337259337306,2.05287229642272,0.3319583712145686,0.020843553822487593,0.0032224487513303757,0.004813976585865021,0.0,15.31337259337306,2.05287229642272,0.3319583712145686,0.0,0.0032224487513303757,0.03183760493993759,0.0,6.057361926883459,807257.0,5.64971103426069,807257.0,4.519632385112345,807257.0,3.9083432288752205,1614514.0,3.9168211524374783,807257.0,3.9268737509846687,807257.0,0.0,0.0,0.0,0.0,0.0,0.0,0.0,0.0,0.0,0.0,0.0,0.0,0.0,0.0,0.0,0.0,0.0,0.0,0.0,0.0,0.0,0.0,0.0,0.0,21.112805366516113,4348140.0,20.85867924336344,4348140.0,14.086384641937912,4348140.0,13.800281417699562,8696280.0,13.810262087732553,4348140.0,13.806389563716948,4348140.0,20621.588,19349.332,0.0015531332325190307,0.011024672552011908,20621.588,19349.332,0.0015372458826750518,0.011024672552011908,20621.588,19349.332,0.0010118953231722117,0.010241241936944423,41243.176,39313.62,0.0009438369125127792,0.0102413218607766,20621.588,20621.588,0.0009438369125127792,0.01024226983822882,20621.588,20621.588,0.0009450938254594803,0.010241241936944423,6874
yelp,query2,2,inf,16.915511487051845,8.152347477152944,62974980.0,69467944.0,0.0,0.0,2435.0,15.702230678871274,7.467036558315158,60561290.0,67814497.0,625.0,0.0,2435.0,15.421300056390464,6.657052143476903,53708627.0,69467944.0,852.0,0.0,2435.0,13.553747384104492,6.657052143476903,53708627.0,127473719.0,852.0,0.0,2435.0,13.720817483495921,6.657052143476903,53708627.0,59659222.0,852.0,0.0,2435.0,13.525228622369468,6.657052143476903,53708627.0,59659222.0,852.0,0.0,2435.0,8.152347477152944,5.213941333815455,3.5492226760834455,0.0,0.0,0.0,0.0,7.467036558315158,4.792150071822107,3.4343932261690497,0.0,0.0007951166480779648,0.007855705916881561,0.0,6.657052143476903,5.213941333815455,3.5492226760834455,0.0,0.0010839030146598816,0.0,0.0,6.657052143476903,4.00840184930712,2.847981828264892,0.03137195412403439,0.0010839030146598816,0.007855705916881561,0.0,6.657052143476903,4.00840184930712,2.847981828264892,0.19844205351546407,0.0010839030146598816,0.007855705916881561,0.0,6.657052143476903,4.00840184930712,2.847981828264892,0.0,0.0010839030146598816,0.010708898305892944,0.0,3.6442046659067273,15074274.0,2.8350390130653977,14849001.0,2.9767542080953717,15074274.0,2.560349635686136,29073099.0,2.6676915297284722,14224098.0,2.555554182268679,14224098.0,0.0,0.0,0.0,0.0,0.0,0.0,0.0,0.0,0.0,0.0,0.0,0.0,0.0,0.0,0.0,0.0,0.0,0.0,0.0,0.0,0.0,0.0,0.0,0.0,13.271306821145117,54393670.0,12.867191665805876,52965496.0,12.444545848295093,54393670.0,10.993397748418355,98400620.0,11.053125953767449,45435124.0,10.969674440100789,45435124.0,277871.776,201713.476,0.004808958770707249,0.02325918178055435,271257.988,198714.184,0.004677843818441033,0.023119658768922087,277871.776,201713.476,0.003970868824049831,0.022579734567180272,509894.876,423718.236,0.0025131149933528066,0.021728229287791122,238636.888,238636.888,0.002622010575607419,0.021871351053286334,238636.888,238636.888,0.0025058921705931425,0.021683951962552957,2435
yelp,query2,4,inf,34.60075814276934,16.589188393205404,130372486.0,143456108.0,0.0,0.0,4954.0,32.011118391528726,15.105633087456226,125373536.0,140060862.0,1313.0,0.0,4954.0,29.520403891801834,11.505972994491458,98214377.0,143456108.0,2249.0,0.0,4954.0,23.078861845384917,11.505972994491458,98214377.0,248015039.0,2249.0,0.0,4954.0,23.42065975535661,11.505972994491458,98214377.0,107954177.0,2249.0,0.0,4954.0,23.025832396931946,11.505972994491458,98214377.0,107954177.0,2249.0,0.0,4954.0,16.589188393205404,10.725113158114254,7.286456591449678,0.0,0.0,0.0,0.0,15.105633087456226,9.839880576357245,7.047431079670787,0.0,0.0016703810542821884,0.016503266990184784,0.0,11.505972994491458,10.725113158114254,7.286456591449678,0.0,0.0028611477464437485,0.0,0.0,11.505972994491458,6.734591141343117,4.754139141179621,0.0647941536340926,0.0028611477464437485,0.016503266990184784,0.0,11.505972994491458,6.734591141343117,4.754139141179621,0.40659206360578537,0.0028611477464437485,0.016503266990184784,0.0,11.505972994491458,6.734591141343117,4.754139141179621,0.0,0.0028611477464437485,0.02826797217130661,0.0,7.426904801279306,30715957.0,5.736642129719257,30306893.0,5.740107596851885,30715957.0,4.593533930540981,57780719.0,4.815074240323156,27473826.0,4.587796585634351,27473826.0,0.0,0.0,0.0,0.0,0.0,0.0,0.0,0.0,0.0,0.0,0.0,0.0,0.0,0.0,0.0,0.0,0.0,0.0,0.0,0.0,0.0,0.0,0.0,0.0,27.17385334149003,112740151.0,26.27447626180947,109753969.0,23.78029629494995,112740151.0,18.485327914843936,190234320.0,18.605585515033454,80480351.0,18.438035811297596,80480351.0,573824.432,306071.648,0.0036145116202533243,0.02523514058422297,560243.448,300921.236,0.003409927662461996,0.02489761795159429,573824.432,306071.648,0.002988095531240106,0.023012028829380863,992060.156,702350.496,0.001664600866162936,0.020259369548788278,431816.708,431816.708,0.0017613362753763795,0.02040404821243136,431816.708,431816.708,0.0016585532706230879,0.020226396153680968,4954
yelp,query2,8,inf,71.17485734261572,33.8250111117959,284615691.0,311861193.0,0.0,0.0,10158.0,65.23306143376976,30.635490513406694,271679287.0,302018910.0,2858.0,0.0,10158.0,57.24135284125805,19.884227158501744,190978493.0,311861193.0,5722.0,0.0,10158.0,39.39416458011496,19.884227158501744,190978493.0,509891904.0,5722.0,0.0,10158.0,40.06848703371361,19.884227158501744,190978493.0,207872994.0,5722.0,0.0,10158.0,39.29044430889189,19.884227158501744,190978493.0,207872994.0,5722.0,0.0,10158.0,33.8250111117959,22.251035505905747,15.098810724914074,0.0,0.0,0.0,0.0,30.635490513406694,20.137837385758758,14.420175053179264,0.0,0.0036359094083309174,0.035922572016716,0.0,19.884227158501744,22.251035505905747,15.098810724914074,0.0,0.007279451936483383,0.0,0.0,19.884227158501744,11.324752775020897,8.002264364622533,0.13971825801658413,0.007279451936483383,0.035922572016716,0.0,19.884227158501744,11.324752775020897,8.002264364622533,0.8140407116152346,0.007279451936483383,0.035922572016716,0.0,19.884227158501744,11.324752775020897,8.002264364622533,0.0,0.007279451936483383,0.07192055881023407,0.0,15.340077011846006,63287494.0,11.563504658639431,61624753.0,11.075612866319716,63287494.0,7.812568783090211,111836610.0,8.254610658623278,50211857.0,7.809839577414095,50211857.0,0.0,0.0,0.0,0.0,0.0,0.0,0.0,0.0,0.0,0.0,0.0,0.0,0.0,0.0,0.0,0.0,0.0,0.0,0.0,0.0,0.0,0.0,0.0,0.0,55.83478033076972,248573699.0,53.66955677513033,240394157.0,46.16573997493833,248573699.0,31.581595797024747,398055294.0,31.81387637509033,157661137.0,31.480604731477797,157661137.0,1247444.772,461259.0,0.0025847526509314776,0.027087706128507846,1208075.64,457576.32,0.002362804152071476,0.026829564708285028,1247444.772,461259.0,0.0021516968719661237,0.022100947314687064,2039567.616,1219038.944,0.0009599803909064049,0.01665660734584159,831491.976,831491.976,0.0010394730120897294,0.016785702050104725,831491.976,831491.976,0.0009541118387132883,0.016634386841021465,10158
yelp,query3,2,inf,4.239031869918108,2.4287685584276915,12230866.0,11566989.0,0.0,0.0,1340.0,4.070407790131867,2.3296515913680196,11932195.0,11400145.0,120.0,0.0,1340.0,4.043469763360918,2.232950742356479,11483893.0,11566989.0,201.0,0.0,1340.0,3.8966306518300966,2.232950742356479,11483893.0,22466279.0,201.0,0.0,1340.0,3.94931899337098,2.232950742356479,11483893.0,11066134.0,201.0,0.0,1340.0,3.892374881543219,2.232950742356479,11483893.0,11066134.0,201.0,0.0,1340.0,2.4287685584276915,1.2547016199678183,0.5555616915225983,0.0,0.0,0.0,0.0,2.3296515913680196,1.1934299236163497,0.5456653172150254,0.0,0.00015266239643096924,0.0015082955360412598,0.0,2.232950742356479,1.2547016199678183,0.5555616915225983,0.0,0.0002557095140218735,0.0,0.0,2.232950742356479,1.128504836000502,0.5281371986493468,0.0052738697737054665,0.0002557095140218735,0.0015082955360412598,0.0,2.232950742356479,1.128504836000502,0.5281371986493468,0.057962211314588785,0.0002557095140218735,0.0015082955360412598,0.0,2.232950742356479,1.128504836000502,0.5281371986493468,0.0,0.0002557095140218735,0.00252639502286911,0.0,2.4279086543247104,8604332.0,2.2931542666628957,8604332.0,2.2730671605095267,8604332.0,2.172105281739596,17041497.0,2.219805387314409,8437165.0,2.169105187058449,8437165.0,0.0,0.0,0.0,0.0,0.0,0.0,0.0,0.0,0.0,0.0,0.0,0.0,0.0,0.0,0.0,0.0,0.0,0.0,0.0,0.0,0.0,0.0,0.0,0.0,1.8111232155933976,2962657.0,1.7772535234689713,2795813.0,1.7704026028513908,2962657.0,1.7245253700905008,5424782.0,1.729513606056571,2628969.0,1.7232696944847703,2628969.0,46267.956,34502.56,0.001960780218937378,0.005679270396619913,45600.58,33835.184,0.0019089516972451799,0.005649859755326378,46267.956,34502.56,0.0019117642593709564,0.0056372056061002275,89865.116,74031.36,0.0018424158315953154,0.005603510140223938,44264.536,44264.536,0.0018810428281197784,0.0056863148919182255,44264.536,44264.536,0.0018401326015893265,0.005594251594253577,1340
yelp,query3,4,inf,8.740641045384109,4.9824844021350145,26498238.0,25042211.0,0.0,0.0,2722.0,8.417061529122293,4.820268944837153,25665769.0,24374835.0,159.0,0.0,2722.0,8.150062588043511,4.391224052757025,22400455.0,25042211.0,536.0,0.0,2722.0,7.528002313476692,4.391224052757025,22400455.0,45907276.0,536.0,0.0,2722.0,7.632936117704958,4.391224052757025,22400455.0,21532441.0,536.0,0.0,2722.0,7.5214647287502885,4.391224052757025,22400455.0,21532441.0,536.0,0.0,2722.0,4.9824844021350145,2.604088525287807,1.1540681179612875,0.0,0.0,0.0,0.0,4.820268944837153,2.480109194293618,1.1144826207309961,0.0,0.00020227767527103424,0.001998491585254669,0.0,4.391224052757025,2.604088525287807,1.1540681179612875,0.0,0.0006818920373916626,0.0,0.0,4.391224052757025,2.1367542650550604,0.986067465506494,0.011276146535465829,0.0006818920373916626,0.001998491585254669,0.0,4.391224052757025,2.1367542650550604,0.986067465506494,0.1162099507637322,0.0006818920373916626,0.001998491585254669,0.0,4.391224052757025,2.1367542650550604,0.986067465506494,0.0,0.0006818920373916626,0.006737053394317627,0.0,5.05549755692482,18500185.0,4.867396809160709,18500185.0,4.603776047006249,18500185.0,4.080210954221124,34157976.0,4.174728161189705,15657791.0,4.0762905133888125,15657791.0,0.0,0.0,0.0,0.0,0.0,0.0,0.0,0.0,0.0,0.0,0.0,0.0,0.0,0.0,0.0,0.0,0.0,0.0,0.0,0.0,0.0,0.0,0.0,0.0,3.685143488459289,6542026.0,3.5496647199615836,5874650.0,3.5462865410372615,6542026.0,3.4477913592555685,11749300.0,3.4582079565152526,5874650.0,3.445174215361476,5874650.0,100168.844,57922.828,0.0015580769013613463,0.006903473464027045,97499.34,55253.324,0.001531189987435937,0.006646862964332102,100168.844,57922.828,0.0014912332165986299,0.006747012589126824,183629.104,132259.136,0.0014313164794732811,0.00659957399826243,86129.764,86129.764,0.001451726695522666,0.006702799734566359,86129.764,86129.764,0.0014302025251090526,0.00658958241213113,2722
yelp,query3,8,inf,17.784891217015684,10.260756210424006,51121402.0,48543489.0,0.0,0.0,5441.0,16.979263790883124,9.876336116343737,48901806.0,46541361.0,350.0,0.0,5441.0,15.967497328296304,8.441554544493556,38779362.0,48543489.0,1421.0,0.0,5441.0,14.083318899143832,8.441554544493556,38779362.0,83822649.0,1421.0,0.0,5441.0,14.289068596437573,8.441554544493556,38779362.0,37281288.0,1421.0,0.0,5441.0,14.07524973899126,8.441554544493556,38779362.0,37281288.0,1421.0,0.0,5441.0,10.260756210424006,5.210563533008099,2.313571473583579,0.0,0.0,0.0,0.0,9.876336116343737,4.903268232010305,2.194814981892705,0.0,0.0004452653229236603,0.004399195313453674,0.0,8.441554544493556,5.210563533008099,2.313571473583579,0.0,0.0018077772110700607,0.0,0.0,8.441554544493556,3.8524565249681473,1.7615701593458652,0.021530697811739625,0.0018077772110700607,0.004399195313453674,0.0,8.441554544493556,3.8524565249681473,1.7615701593458652,0.22728039510548115,0.0018077772110700607,0.004399195313453674,0.0,8.441554544493556,3.8524565249681473,1.7615701593458652,0.0,0.0018077772110700607,0.017860732972621918,0.0,9.797120385803282,34849671.0,9.397929265163839,34849671.0,8.609392817132175,34849671.0,7.130059936586977,61106645.0,7.3149497881531715,26256974.0,7.12687161564827,26256974.0,0.0,0.0,0.0,0.0,0.0,0.0,0.0,0.0,0.0,0.0,0.0,0.0,0.0,0.0,0.0,0.0,0.0,0.0,0.0,0.0,0.0,0.0,0.0,0.0,7.987770831212401,13693818.0,7.581334525719285,11691690.0,7.358104511164129,13693818.0,6.953258962556855,22716004.0,6.974118808284402,11024314.0,6.948378123342991,11024314.0,194173.956,79839.596,0.0015022164173424243,0.007835647395998237,186165.444,71858.064,0.0014379027131944894,0.00729577218275517,194173.956,79839.596,0.0013737197704613209,0.00743299268633127,335290.596,206421.616,0.0012065984441592134,0.007089127224582919,149125.152,149125.152,0.0012280790144577622,0.0072027386615984125,149125.152,149125.152,0.0012054198551923036,0.007079367166198789,5441
yelp,query4,2,inf,15.98432806506753,6.954308643005788,99797607.0,104677027.0,0.0,0.0,2718.0,14.586015021428466,6.350050712004304,89605610.0,95321216.0,615.0,0.0,2718.0,14.682706346735358,5.6516284653916955,81864132.0,104677027.0,832.0,0.0,2718.0,12.82616297135243,5.6516284653916955,81864132.0,181977921.0,832.0,0.0,2718.0,12.957951347343624,5.6516284653916955,81864132.0,86656705.0,832.0,0.0,2718.0,12.784793517552316,5.6516284653916955,81864132.0,86656705.0,832.0,0.0,2718.0,6.954308643005788,5.506671261973679,3.5233481600880623,0.0,0.0,0.0,0.0,6.350050712004304,4.920729111880064,3.3067227881401777,0.0,0.0007823947817087173,0.007730014622211456,0.0,5.6516284653916955,5.506671261973679,3.5233481600880623,0.0,0.0010584592819213867,0.0,0.0,5.6516284653916955,4.272448125295341,2.8492009518668056,0.04409695489445528,0.0010584592819213867,0.007730014622211456,0.0,5.6516284653916955,4.272448125295341,2.8492009518668056,0.17588533088564873,0.0010584592819213867,0.007730014622211456,0.0,5.6516284653916955,4.272448125295341,2.8492009518668056,0.0,0.0010584592819213867,0.010457515716552734,0.0,4.950296292081475,21714284.0,4.084959565661848,20897756.0,4.312617181800306,21714284.0,3.8383426010954165,41506373.0,3.9531652675941586,20608617.0,3.830774045549333,20608617.0,0.0,0.0,0.0,0.0,0.0,0.0,0.0,0.0,0.0,0.0,0.0,0.0,0.0,0.0,0.0,0.0,0.0,0.0,0.0,0.0,0.0,0.0,0.0,0.0,11.034031772986054,82962743.0,10.501055455766618,74423460.0,10.370089164935052,82962743.0,8.987820370257014,140471548.0,9.004786079749465,66048088.0,8.954019472002983,66048088.0,418708.108,327536.572,0.002983905892819166,0.018824455419927826,381284.864,290699.54,0.0028497082330286505,0.01776653382573276,418708.108,327536.572,0.002710470922291279,0.018068821838125578,727911.684,620757.908,0.002295637375291005,0.016591725549584626,346626.82,346626.82,0.002355239055119455,0.016713504998572163,346626.82,346626.82,0.0022873587738722564,0.016541814354993394,2718
yelp,query4,4,inf,30.38852815143764,13.480444182641804,182291893.0,191853710.0,0.0,0.0,5144.0,28.037139375694096,12.510862941853702,163076916.0,173696813.0,955.0,0.0,5144.0,26.979727023281157,10.069396372884512,139675511.0,191853710.0,1766.0,0.0,5144.0,22.360572864474445,10.069396372884512,139675511.0,321817911.0,1766.0,0.0,5144.0,22.648835061583668,10.069396372884512,139675511.0,148121098.0,1766.0,0.0,5144.0,22.290411803871393,10.069396372884512,139675511.0,148121098.0,1766.0,0.0,5144.0,13.480444182641804,10.27945708297193,6.6286268858239055,0.0,0.0,0.0,0.0,12.510862941853702,9.289592654444277,6.223465322516859,0.0,0.0012149382382631302,0.012003518640995026,0.0,10.069396372884512,10.27945708297193,6.6286268858239055,0.0,0.0022466816008090973,0.0,0.0,10.069396372884512,7.298781934194267,4.897789732553065,0.08035462460079856,0.0022466816008090973,0.012003518640995026,0.0,10.069396372884512,7.298781934194267,4.897789732553065,0.3686168217100203,0.0022466816008090973,0.012003518640995026,0.0,10.069396372884512,7.298781934194267,4.897789732553065,0.0,0.0022466816008090973,0.02219708263874054,0.0,9.60891577694565,44674343.0,8.292431998066604,43466178.0,8.295058119110763,44674343.0,7.317328168398034,85754614.0,7.565331012476236,42288436.0,7.305302044376731,42288436.0,0.0,0.0,0.0,0.0,0.0,0.0,0.0,0.0,0.0,0.0,0.0,0.0,0.0,0.0,0.0,0.0,0.0,0.0,0.0,0.0,0.0,0.0,0.0,0.0,20.77961237449199,147179367.0,19.744707377627492,130230635.0,18.684668904170394,147179367.0,15.043244696076412,236063297.0,15.083504049107432,105832662.0,14.985109759494662,105832662.0,767414.84,445218.136,0.0024390865936875345,0.019223970047011964,694787.252,391547.744,0.002295515228062868,0.01850218091644346,767414.84,445218.136,0.002230298813432455,0.01748992924336343,1287271.644,942502.384,0.0018248977676066712,0.01460232849538035,592484.392,592484.392,0.0018713603997603059,0.014749192001577456,592484.392,592484.392,0.0018172106072306632,0.014569759636931112,5144
yelp,query4,8,inf,61.160415454767644,27.524808845482767,352374583.0,370389039.0,0.0,0.0,10679.0,55.80365800205618,25.24908168334514,310926162.0,331743143.0,2306.0,0.0,10679.0,51.58966382686049,17.94802578072995,244304972.0,370389039.0,4741.0,0.0,10679.0,39.465657849504964,17.94802578072995,244304972.0,591339209.0,4741.0,0.0,10679.0,40.04628157103434,17.94802578072995,244304972.0,259596066.0,4741.0,0.0,10679.0,39.34279456734657,17.94802578072995,244304972.0,259596066.0,4741.0,0.0,10679.0,27.524808845482767,20.509211780503392,13.126394828781486,0.0,0.0,0.0,0.0,25.24908168334514,18.27064941264689,12.252008831128478,0.0,0.002933662384748459,0.02898441255092621,0.0,17.94802578072995,20.509211780503392,13.126394828781486,0.0,0.00603143684566021,0.0,0.0,17.94802578072995,12.71229617856443,8.616850928403437,0.15346911241056585,0.00603143684566021,0.02898441255092621,0.0,17.94802578072995,12.71229617856443,8.616850928403437,0.7340928339399397,0.00603143684566021,0.02898441255092621,0.0,17.94802578072995,12.71229617856443,8.616850928403437,0.0,0.00603143684566021,0.05959024280309677,0.0,19.85641839634627,92221406.0,16.695573632605374,89258731.0,16.349044530652463,92221406.0,13.514824044857216,172172936.0,14.009182462468743,82914205.0,13.497890654951334,82914205.0,0.0,0.0,0.0,0.0,0.0,0.0,0.0,0.0,0.0,0.0,0.0,0.0,0.0,0.0,0.0,0.0,0.0,0.0,0.0,0.0,0.0,0.0,0.0,0.0,41.30399705842137,278167633.0,39.10808436945081,242484412.0,35.240619296208024,278167633.0,25.950833804647754,419166273.0,26.0370991085656,176681861.0,25.84490391239524,176681861.0,1481556.156,589708.152,0.00240658968500793,0.018311384544894088,1326972.572,460235.76,0.0023018983639776706,0.016916665487177664,1481556.156,589708.152,0.0021072383131831886,0.015762563245743502,2365356.836,1422491.136,0.0011764106157317123,0.011721294433892937,1038384.264,1038384.264,0.0012128308350220322,0.01186029411721974,1038384.264,1038384.264,0.001174559174105525,0.011702772447094315,10679
yelp,query5,2,inf,9.914893197827041,5.239181263372302,39803935.0,40047732.0,0.0,0.0,2287.0,9.120567451231182,4.779177802614868,37934562.0,39091762.0,460.0,0.0,2287.0,9.20889372844249,4.532460464164615,36442088.0,40047732.0,567.0,0.0,2287.0,8.579985889751146,4.532460464164615,36442088.0,76625516.0,567.0,0.0,2287.0,8.73321836348623,4.532460464164615,36442088.0,37533754.0,567.0,0.0,2287.0,8.563246379606426,4.532460464164615,36442088.0,37533754.0,567.0,0.0,2287.0,5.239181263372302,2.977860397659242,1.697851536795497,0.0,0.0,0.0,0.0,4.779177802614868,2.6909885313361883,1.6440341118723154,0.0,0.0005852058529853821,0.005781799554824829,0.0,4.532460464164615,2.977860397659242,1.697851536795497,0.0,0.0007213298231363297,0.0,0.0,4.532460464164615,2.4959551664069295,1.5269827228039503,0.01808440699769064,0.0007213298231363297,0.005781799554824829,0.0,4.532460464164615,2.4959551664069295,1.5269827228039503,0.17131688073277473,0.0007213298231363297,0.005781799554824829,0.0,4.532460464164615,2.4959551664069295,1.5269827228039503,0.0,0.0007213298231363297,0.007126696407794952,0.0,4.406632513739169,21605929.0,3.786104933358729,21112529.0,3.9620072171092033,21605929.0,3.6615480030537384,42225058.0,3.791689831763506,21112529.0,3.652924836613238,21112529.0,0.0,0.0,0.0,0.0,0.0,0.0,0.0,0.0,0.0,0.0,0.0,0.0,0.0,0.0,0.0,0.0,0.0,0.0,0.0,0.0,0.0,0.0,0.0,0.0,5.5082606840878725,18441803.0,5.334462517872453,17979233.0,5.246886511333287,18441803.0,4.918437886697408,34400458.0,4.941528531722724,16421225.0,4.910321542993188,16421225.0,160190.928,121679.54,0.0030531770288944244,0.011592891214415429,156367.048,118074.864,0.002955036224797368,0.011449605684913692,160190.928,121679.54,0.0028135511111468075,0.011374386203102764,306502.064,257663.084,0.002488503016392497,0.011224057800719799,150135.016,150135.016,0.00258983498159796,0.011372141101676968,150135.016,150135.016,0.002481905346736312,0.011205713257193562,2287
yelp,query5,4,inf,20.750385282561183,10.849608397111297,86056793.0,87384918.0,0.0,0.0,4621.0,19.015527622774243,9.787506099790335,82378127.0,85940661.0,1038.0,0.0,4621.0,18.416424612514675,8.513720364309847,72419307.0,87384918.0,1515.0,0.0,4621.0,16.109081907869676,8.513720364309847,72419307.0,161063233.0,1515.0,0.0,4621.0,16.42309389030561,8.513720364309847,72419307.0,75122572.0,1515.0,0.0,4621.0,16.075320006348193,8.513720364309847,72419307.0,75122572.0,1515.0,0.0,4621.0,10.849608397111297,6.257905141450465,3.6428717439994216,0.0,0.0,0.0,0.0,9.787506099790335,5.654194323346019,3.559459913522005,0.0,0.001320529729127884,0.013046756386756897,0.0,8.513720364309847,6.257905141450465,3.6428717439994216,0.0,0.0019273627549409866,0.0,0.0,8.513720364309847,4.644095366820693,2.8965346813201904,0.03975737627724632,0.0019273627549409866,0.013046756386756897,0.0,8.513720364309847,4.644095366820693,2.8965346813201904,0.3537693587131798,0.0019273627549409866,0.013046756386756897,0.0,8.513720364309847,4.644095366820693,2.8965346813201904,0.0,0.0019273627549409866,0.019042231142520905,0.0,8.67209380120039,41715747.0,7.304794166237116,40971531.0,7.505253632552922,41715747.0,6.627684505283568,80291036.0,6.892259927932173,39319505.0,6.613632450811565,39319505.0,0.0,0.0,0.0,0.0,0.0,0.0,0.0,0.0,0.0,0.0,0.0,0.0,0.0,0.0,0.0,0.0,0.0,0.0,0.0,0.0,0.0,0.0,0.0,0.0,12.078291481360793,45669171.0,11.710733456537127,44969130.0,10.911170979961753,45669171.0,9.481397402586106,80772197.0,9.530833962373435,35803067.0,9.461687555536628,35803067.0,349539.672,201131.632,0.0027847278099507092,0.013784908477962014,343762.644,196620.628,0.0026647099554538726,0.013577151871100066,349539.672,201131.632,0.0025606765281409026,0.013006886867992576,644252.932,457348.524,0.0021729103339115314,0.01234169578351017,300490.288,300490.288,0.0022681273659691213,0.012477978817652906,300490.288,300490.288,0.0021671006828546525,0.012327192118577655,4621
yelp,query5,8,inf,40.997813063673675,21.73200013395399,165919422.0,167397437.0,0.0,0.0,9486.0,37.39825225062668,19.619529436342418,157238310.0,162744092.0,2158.0,0.0,9486.0,34.828859641216695,15.558386691845953,132154833.0,167397437.0,3663.0,0.0,9486.0,28.938933910610622,15.558386691845953,132154833.0,298698615.0,3663.0,0.0,9486.0,29.545772884506732,15.558386691845953,132154833.0,135954523.0,3663.0,0.0,9486.0,28.882562710903585,15.558386691845953,132154833.0,135954523.0,3663.0,0.0,9486.0,21.73200013395399,12.264819453470409,7.000993476249278,0.0,0.0,0.0,0.0,19.619529436342418,10.989208195358515,6.759645058773458,0.0,0.002745378762483597,0.027124181389808655,0.0,15.558386691845953,12.264819453470409,7.000993476249278,0.0,0.004660019651055336,0.0,0.0,15.558386691845953,8.238170468248427,5.03530480992049,0.0752877395548865,0.004660019651055336,0.027124181389808655,0.0,15.558386691845953,8.238170468248427,5.03530480992049,0.6821267134509981,0.004660019651055336,0.027124181389808655,0.0,15.558386691845953,8.238170468248427,5.03530480992049,0.0,0.004660019651055336,0.046040721237659454,0.0,17.471588463522494,82424369.0,14.590644067153335,79489505.0,14.69132201001048,82424369.0,12.422318915857346,153389602.0,12.937757348641753,73900097.0,12.400993396528065,73900097.0,0.0,0.0,0.0,0.0,0.0,0.0,0.0,0.0,0.0,0.0,0.0,0.0,0.0,0.0,0.0,0.0,0.0,0.0,0.0,0.0,0.0,0.0,0.0,0.0,23.52622460015118,84973068.0,22.80760818347335,83254587.0,20.137537631206214,84973068.0,16.516614994753276,145309013.0,16.60801553586498,62054426.0,16.48156931437552,62054426.0,669589.748,291025.364,0.0026259466372430323,0.014157691107876595,650976.368,275159.32,0.0024633673541247843,0.013954058686085043,669589.748,291025.364,0.002378798224031925,0.012576899634674187,1194794.46,752484.516,0.0018922204652889075,0.011303021299898632,543818.092,543818.092,0.001972602315247059,0.011433163887914264,543818.092,543818.092,0.0018871701192110777,0.011292343680746848,9486
yelp,query6,2,inf,12.736255003139377,10.5820179162547,14023135.0,14222926.0,0.0,0.0,1605.0,11.25528132263571,9.294126477092505,13150858.0,13403550.0,137.0,0.0,1605.0,11.074169866740704,8.919595650397241,12979476.0,14222926.0,265.0,0.0,1605.0,10.817300687072315,8.919595650397241,12979476.0,26774935.0,265.0,0.0,1605.0,10.837939658202231,8.919595650397241,12979476.0,13371385.0,265.0,0.0,1605.0,10.812708862125874,8.919595650397241,12979476.0,13371385.0,265.0,0.0,1605.0,10.5820179162547,1.5407343422994018,0.6135027445852757,0.0,0.0,0.0,0.0,9.294126477092505,1.3952943114563823,0.5639642737805843,0.0,0.00017428956925868988,0.0017219707369804382,0.0,8.919595650397241,1.5407343422994018,0.6135027445852757,0.0,0.00033712945878505707,0.0,0.0,8.919595650397241,1.326296329498291,0.5631489334627986,0.0062006735182184,0.00033712945878505707,0.0017219707369804382,0.0,8.919595650397241,1.326296329498291,0.5631489334627986,0.02683964464813471,0.00033712945878505707,0.0017219707369804382,0.0,8.919595650397241,1.326296329498291,0.5631489334627986,0.0,0.00033712945878505707,0.003330819308757782,0.0,1.0255491100251675,1226535.0,1.012111695483327,1226535.0,0.9248233940452337,1226535.0,0.8660657681852514,2453070.0,0.8734931433573365,1226535.0,0.8667804067954421,1226535.0,0.0,0.0,0.0,0.0,0.0,0.0,0.0,0.0,0.0,0.0,0.0,0.0,0.0,0.0,0.0,0.0,0.0,0.0,0.0,0.0,0.0,0.0,0.0,0.0,11.71070589311421,12996391.0,10.243169627152383,12177015.0,10.14934647269547,12996391.0,9.951234918887064,24321865.0,9.964446514844894,12144850.0,9.945928455330431,12144850.0,56891.704,55085.772,0.006829247675836086,0.014893797248788174,53614.2,51808.268,0.006485133539885283,0.014642208887822923,56891.704,55085.772,0.006044068010523916,0.014644009002670643,107099.74,105165.148,0.006030570799479601,0.014562726615581324,53485.54,53485.54,0.006048135717399418,0.014587368652690199,53485.54,53485.54,0.0060293159987777475,0.014550487998500464,1605
yelp,query6,4,inf,21.81650143954903,18.417156317271292,21061311.0,20994956.0,0.0,0.0,2891.0,20.808998927474022,17.505698791705072,20732645.0,20796308.0,109.0,0.0,2891.0,19.26988932210952,15.869764349423349,19935961.0,20994956.0,613.0,0.0,2891.0,18.88578656832256,15.869764349423349,19935961.0,41330776.0,613.0,0.0,2891.0,18.924134626053274,15.869764349423349,19935961.0,20534468.0,613.0,0.0,2891.0,18.88250074069947,15.869764349423349,19935961.0,20534468.0,613.0,0.0,2891.0,18.417156317271292,2.499998881481588,0.8993462407961488,0.0,0.0,0.0,0.0,17.505698791705072,2.4167758468538523,0.8850155854597688,0.0,0.00013866834342479706,0.0013700351119041443,0.0,15.869764349423349,2.499998881481588,0.8993462407961488,0.0,0.0007798504084348679,0.0,0.0,15.869764349423349,2.134358273819089,0.8698933906853199,0.009620668874463367,0.0007798504084348679,0.0013700351119041443,0.0,15.869764349423349,2.134358273819089,0.8698933906853199,0.047968726605176926,0.0007798504084348679,0.0013700351119041443,0.0,15.869764349423349,2.134358273819089,0.8698933906853199,0.0,0.0007798504084348679,0.007704876363277435,0.0,1.936029864475131,2237362.0,1.911799542605877,2237362.0,1.5792475556954741,2237362.0,1.3694182401560728,4474724.0,1.3826596112921834,2237362.0,1.3732097502797842,2237362.0,0.0,0.0,0.0,0.0,0.0,0.0,0.0,0.0,0.0,0.0,0.0,0.0,0.0,0.0,0.0,0.0,0.0,0.0,0.0,0.0,0.0,0.0,0.0,0.0,19.880471575073898,18757594.0,18.897199384868145,18558946.0,17.690641766414046,18757594.0,17.516368328166486,36856052.0,17.54147501476109,18297106.0,17.509290990419686,18297106.0,83979.824,74669.0,0.007146534476429224,0.014999698333442208,83185.232,74268.708,0.006588404232636094,0.014999087981507179,83979.824,74669.0,0.005413329796865583,0.014897695066034791,165323.104,155502.792,0.005387899118070322,0.014848959422301435,82137.872,82137.872,0.005410887009464204,0.014882779369875785,82137.872,82137.872,0.005386105436831713,0.014837094868347044,2891
yelp,query6,8,inf,47.170332327485085,40.258050634525716,42818480.0,41834219.0,0.0,0.0,6170.0,41.96305746305734,35.616360309533775,40566894.0,40009211.0,496.0,0.0,6170.0,36.396852349862456,29.481923236511648,37694500.0,41834219.0,2081.0,0.0,6170.0,34.85379918667497,29.481923236511648,37694500.0,78568708.0,2081.0,0.0,6170.0,34.923518548253924,29.481923236511648,37694500.0,38559497.0,2081.0,0.0,6170.0,34.855212424881756,29.481923236511648,37694500.0,38559497.0,2081.0,0.0,6170.0,40.258050634525716,5.162752354517579,1.7495293384417892,0.0,0.0,0.0,0.0,35.616360309533775,4.707983701489866,1.6318481592461467,0.0,0.0006310045719146729,0.006234288215637207,0.0,29.481923236511648,5.162752354517579,1.7495293384417892,0.0,0.0026474203914403915,0.0,0.0,29.481923236511648,3.7988114077597857,1.5456740017980337,0.01850883199842671,0.0026474203914403915,0.006234288215637207,0.0,29.481923236511648,3.7988114077597857,1.5456740017980337,0.08822819357737899,0.0026474203914403915,0.006234288215637207,0.0,29.481923236511648,3.7988114077597857,1.5456740017980337,0.0,0.0026474203914403915,0.026156358420848846,0.0,4.024490872398019,4926772.0,3.976578419096768,4926772.0,3.023336047306657,4926772.0,2.4420436490689266,9853544.0,2.46688962681219,4926772.0,2.453678480349481,4926772.0,0.0,0.0,0.0,0.0,0.0,0.0,0.0,0.0,0.0,0.0,0.0,0.0,0.0,0.0,0.0,0.0,0.0,0.0,0.0,0.0,0.0,0.0,0.0,0.0,43.145841455087066,36907447.0,37.98647904396057,35082439.0,33.3735163025558,36907447.0,32.41175553760604,68715164.0,32.456628921441734,33632725.0,32.401533944532275,33632725.0,167336.876,135348.352,0.007595755958929658,0.014547505987621839,160036.844,131885.668,0.0065794146526604895,0.014229610536433753,167336.876,135348.352,0.0036992970909923316,0.014073097047023472,314274.832,279347.156,0.003548196202141699,0.013668584055129477,154237.988,154237.988,0.003572213110513985,0.013698878664616491,154237.988,154237.988,0.0035460283793509006,0.013664101337827738,6170
yelp,query7,2,inf,16.170557850971818,12.358340134844184,29547976.0,27330915.0,0.0,0.0,2541.0,14.422882379032671,10.841731939464808,28666880.0,27256308.0,335.0,0.0,2541.0,14.268282728269696,10.45544545724988,28126498.0,27330915.0,487.0,0.0,2541.0,13.929563771290141,10.45544545724988,28126498.0,54220794.0,487.0,0.0,2541.0,14.033450093120337,10.45544545724988,28126498.0,26964486.0,487.0,0.0,2541.0,13.918865121901035,10.45544545724988,28126498.0,26964486.0,487.0,0.0,2541.0,12.358340134844184,2.7652967059984803,1.0469210101291537,0.0,0.0,0.0,0.0,10.841731939464808,2.534888301976025,1.0416252966970205,0.0,0.0004261825233697891,0.004210658371448517,0.0,10.45544545724988,2.7652967059984803,1.0469210101291537,0.0,0.0006195548921823502,0.0,0.0,10.45544545724988,2.4277679724618793,1.0289109712466598,0.012609157068090493,0.0006195548921823502,0.004210658371448517,0.0,10.45544545724988,2.4277679724618793,1.0289109712466598,0.11649547889828682,0.0006195548921823502,0.004210658371448517,0.0,10.45544545724988,2.4277679724618793,1.0289109712466598,0.0,0.0006195548921823502,0.0061211660504341125,0.0,3.0871586985886097,12032702.0,2.8135267859324813,12032702.0,2.8072342770174146,12032702.0,2.605883661199673,23773582.0,2.672841307707131,11740880.0,2.6018883027136326,11740880.0,0.0,0.0,0.0,0.0,0.0,0.0,0.0,0.0,0.0,0.0,0.0,0.0,0.0,0.0,0.0,0.0,0.0,0.0,0.0,0.0,0.0,0.0,0.0,0.0,13.083399152383208,15298213.0,11.60935559310019,15223606.0,11.461048451252282,15298213.0,11.323680110090468,30447212.0,11.360608785413206,15223606.0,11.316976819187403,15223606.0,109323.66,90117.452,0.005276338489726186,0.011726614777557551,109025.232,89819.024,0.004806366998702288,0.011726601089723405,109323.66,90117.452,0.004328241176903248,0.011708466276898978,216883.176,188657.608,0.004295508490282031,0.01171985595285442,107857.944,107857.944,0.004356771578080952,0.011817644563131034,107857.944,107857.944,0.0042910522818565364,0.011707504756748675,2541
yelp,query7,4,inf,35.819061199203134,26.627317970618606,78180676.0,74864817.0,0.0,0.0,5499.0,31.579723722301424,22.915832994505763,76215282.0,74654993.0,763.0,0.0,5499.0,30.240832341834903,21.047306779772043,73293971.0,74864817.0,1401.0,0.0,5499.0,29.16961241153597,21.047306779772043,73293971.0,147526008.0,1401.0,0.0,5499.0,29.39090915489942,21.047306779772043,73293971.0,72871015.0,1401.0,0.0,5499.0,29.143095050938427,21.047306779772043,73293971.0,72871015.0,1401.0,0.0,5499.0,26.627317970618606,6.500553102232516,2.691190126352012,0.0,0.0,0.0,0.0,22.915832994505763,5.976992587558925,2.6763372160494328,0.0,0.0009706784039735794,0.00959024578332901,0.0,21.047306779772043,6.500553102232516,2.691190126352012,0.0,0.0017823334783315659,0.0,0.0,21.047306779772043,5.480445540510118,2.595951046794653,0.034536465197494697,0.0017823334783315659,0.00959024578332901,0.0,21.047306779772043,5.480445540510118,2.595951046794653,0.2558332085609436,0.0017823334783315659,0.00959024578332901,0.0,21.047306779772043,5.480445540510118,2.595951046794653,0.0,0.0017823334783315659,0.017609350383281708,0.0,6.704628046602011,26054829.0,6.126315609551966,26054829.0,5.897329634986818,26054829.0,5.24816591078255,50549208.0,5.38687143009156,24494379.0,5.242397139780223,24494379.0,0.0,0.0,0.0,0.0,0.0,0.0,0.0,0.0,0.0,0.0,0.0,0.0,0.0,0.0,0.0,0.0,0.0,0.0,0.0,0.0,0.0,0.0,0.0,0.0,29.114433152601123,48809988.0,25.453408112749457,48600164.0,24.343502706848085,48809988.0,23.92144650075342,96976800.0,24.00403772480786,48376636.0,23.900697911158204,48376636.0,299459.268,230796.272,0.005161934405565262,0.01373995882980525,298619.972,230609.82,0.00439043990522623,0.013739950302243228,299459.268,230796.272,0.0032578165531158445,0.013673812519758934,590104.032,500274.94,0.0032093011967449896,0.01365560689849239,291484.06,291484.06,0.003268683211877942,0.013766356972325587,291484.06,291484.06,0.0032054031752049923,0.013641051356308158,5499
yelp,query7,8,inf,67.48242112901062,51.11725275684148,126679904.0,119007194.0,0.0,0.0,10483.0,60.13984663877636,44.686994657851756,123296368.0,118683083.0,1323.0,0.0,10483.0,53.686860104091465,37.317473161034286,112858400.0,119007194.0,3316.0,0.0,10483.0,50.82321117731349,37.317473161034286,112858400.0,230050196.0,3316.0,0.0,10483.0,51.26598222786561,37.317473161034286,112858400.0,111367113.0,3316.0,0.0,10483.0,50.79335696436465,37.317473161034286,112858400.0,111367113.0,3316.0,0.0,10483.0,51.11725275684148,11.745147308334708,4.620021063834429,0.0,0.0,0.0,0.0,44.686994657851756,10.837584311142564,4.596955608576536,0.0,0.0016831029206514359,0.01662895828485489,0.0,37.317473161034286,11.745147308334708,4.620021063834429,0.0,0.00421857088804245,0.0,0.0,37.317473161034286,9.178289828822017,4.251696170307696,0.05490448797658952,0.00421857088804245,0.01662895828485489,0.0,37.317473161034286,9.178289828822017,4.251696170307696,0.4976755385287106,0.00421857088804245,0.01662895828485489,0.0,37.317473161034286,9.178289828822017,4.251696170307696,0.0,0.00421857088804245,0.04167923331260681,0.0,12.770372339524329,49994067.0,11.77407379169017,49994067.0,10.887577528133988,49994067.0,9.225112132256202,94534869.0,9.502930817194283,44540802.0,9.219606082886457,44540802.0,0.0,0.0,0.0,0.0,0.0,0.0,0.0,0.0,0.0,0.0,0.0,0.0,0.0,0.0,0.0,0.0,0.0,0.0,0.0,0.0,0.0,0.0,0.0,0.0,54.71204878948629,69013127.0,48.36577284708619,68689016.0,42.79928257595748,69013127.0,41.59809904505729,135515327.0,41.76305141067132,66826311.0,41.57375088147819,66826311.0,476028.776,265632.868,0.005429279200732708,0.013828885759785768,474732.332,265563.224,0.004281814090907574,0.013828838858194645,476028.776,265632.868,0.0024242745228111743,0.013670697344280775,920200.784,656583.592,0.0023119874360799596,0.013568200829509295,445468.452,445468.452,0.002357652122154832,0.013667402116395529,445468.452,445468.452,0.0023096814919263122,0.01355734010916203,10483
