dataset,query,N,budget,S0_time,S0_exec,S0_payload,S0_written,S0_hits,S0_bypass,S0_calls,S1_time,S1_exec,S1_payload,S1_written,S1_hits,S1_bypass,S1_calls,SD_time,SD_exec,SD_payload,SD_written,SD_hits,SD_bypass,SD_calls,S2_time,S2_exec,S2_payload,S2_written,S2_hits,S2_bypass,S2_calls,S2c_time,S2c_exec,S2c_payload,S2c_written,S2c_hits,S2c_bypass,S2c_calls,S3_time,S3_exec,S3_payload,S3_written,S3_hits,S3_bypass,S3_calls,S0_t_exec,S0_t_ser,S0_t_spill,S0_t_copy,S0_t_lookup,S0_t_alias,S0_t_regen,S1_t_exec,S1_t_ser,S1_t_spill,S1_t_copy,S1_t_lookup,S1_t_alias,S1_t_regen,SD_t_exec,SD_t_ser,SD_t_spill,SD_t_copy,SD_t_lookup,SD_t_alias,SD_t_regen,S2_t_exec,S2_t_ser,S2_t_spill,S2_t_copy,S2_t_lookup,S2_t_alias,S2_t_regen,S2c_t_exec,S2c_t_ser,S2c_t_spill,S2c_t_copy,S2c_t_lookup,S2c_t_alias,S2c_t_regen,S3_t_exec,S3_t_ser,S3_t_spill,S3_t_copy,S3_t_lookup,S3_t_alias,S3_t_regen,S0_time_mongo,S0_written_mongo,S1_time_mongo,S1_written_mongo,SD_time_mongo,SD_written_mongo,S2_time_mongo,S2_written_mongo,S2c_time_mongo,S2c_written_mongo,S3_time_mongo,S3_written_mongo,S0_time_sqlite,S0_written_sqlite,S1_time_sqlite,S1_written_sqlite,SD_time_sqlite,SD_written_sqlite,S2_time_sqlite,S2_written_sqlite,S2c_time_sqlite,S2c_written_sqlite,S3_time_sqlite,S3_written_sqlite,S0_time_postgres,S0_written_postgres,S1_time_postgres,S1_written_postgres,SD_time_postgres,SD_written_postgres,S2_time_postgres,S2_written_postgres,S2c_time_postgres,S2c_written_postgres,S3_time_postgres,S3_written_postgres,S0_time_duckdb,S0_written_duckdb,S1_time_duckdb,S1_written_duckdb,SD_time_duckdb,SD_written_duckdb,S2_time_duckdb,S2_written_duckdb,S2c_time_duckdb,S2c_written_duckdb,S3_time_duckdb,S3_written_duckdb,S0_peak_foot,S0_peak_foot_seq,S0_p50,S0_p95,S1_peak_foot,S1_peak_foot_seq,S1_p50,S1_p95,SD_peak_foot,SD_peak_foot_seq,SD_p50,SD_p95,S2_peak_foot,S2_peak_foot_seq,S2_p50,S2_p95,S2c_peak_foot,S2c_peak_foot_seq,S2c_p50,S2c_p95,S3_peak_foot,S3_peak_foot_seq,S3_p50,S3_p95,admitted_calls
DEPS_DEV_V1,query1,2,1/4,13511.375386411091,2188.440218165284,89939723042.0,103521121207.0,0.0,0.0,3044.0,13564.178876681486,2031.3385500265285,79810158591.0,91881475268.0,149.0,0.0,3044.0,13298.696763482178,1975.7611156220082,74126022821.0,103521121207.0,377.0,0.0,3044.0,13686.575464480751,1975.7611156220082,74126022821.0,177119559827.0,377.0,0.0,3044.0,13644.090220143553,1975.7611156220082,74126022821.0,85238084559.0,377.0,0.0,3044.0,13644.072648500558,1975.7611156220082,74126022821.0,85238084559.0,377.0,0.0,3044.0,2188.440218165284,6652.782425437123,4670.152742808685,0.0,0.0,0.0,0.0,2031.3385500265285,5918.967388609424,4146.246617804514,0.0,0.0001895558089017868,0.0018728002905845642,1467.6242578849196,1975.7611156220082,6652.782425437123,4670.152742808685,0.0,0.00047961436212062836,0.0,0.0,1975.7611156220082,5454.368377323961,3817.1914145187475,42.505681741712195,0.00047961436212062836,0.0018728002905845642,2396.74652285967,1975.7611156220082,5454.368377323961,3817.1914145187475,0.02043740451335907,0.00047961436212062836,0.0018728002905845642,2396.74652285967,1975.7611156220082,5454.368377323961,3817.1914145187475,0.0,0.00047961436212062836,0.004738561809062958,2396.74652285967,0.0,0.0,0.0,0.0,0.0,0.0,0.0,0.0,0.0,0.0,0.0,0.0,7533.847030656179,63175124886.0,7559.306394329062,52877825835.0,7337.196988712065,63175124886.0,7588.787249257256,103008820746.0,7564.334350139368,50130994911.0,7564.3259036843665,50130994911.0,0.0,0.0,0.0,0.0,0.0,0.0,0.0,0.0,0.0,0.0,0.0,0.0,5977.528355754912,40345996321.0,6004.872482352424,39003649433.0,5961.499774770113,40345996321.0,6097.788215223495,74110739081.0,6079.7558700041845,35107089648.0,6079.7467448161915,35107089648.0,414084484.828,278189361.004,4.920240990041755,13.906316481114223,367525901.072,238566153.42,4.931583815363702,13.965753333077672,414084484.828,278189361.004,4.871686191501096,13.831025291897262,708478239.308,550891331.884,4.960631093072913,14.104800692630201,340952338.236,238566153.42,4.944165668736212,14.056218411637143,340952338.236,340952338.236,4.9441565938247365,14.056208047132985,3044
DEPS_DEV_V1,query1,2,inf,13511.375386411091,2188.440218165284,89939723042.0,103521121207.0,0.0,0.0,3044.0,13564.178876681486,2031.3385500265285,79810158591.0,91881475268.0,149.0,0.0,3044.0,13298.696763482178,1975.7611156220082,74126022821.0,103521121207.0,377.0,0.0,3044.0,13686.575464480751,1975.7611156220082,74126022821.0,177119559827.0,377.0,0.0,3044.0,13644.090220143553,1975.7611156220082,74126022821.0,85238084559.0,377.0,0.0,3044.0,13644.072648500558,1975.7611156220082,74126022821.0,85238084559.0,377.0,0.0,3044.0,2188.440218165284,6652.782425437123,4670.152742808685,0.0,0.0,0.0,0.0,2031.3385500265285,5918.967388609424,4146.246617804514,0.0,0.0001895558089017868,0.0018728002905845642,1467.6242578849196,1975.7611156220082,6652.782425437123,4670.152742808685,0.0,0.00047961436212062836,0.0,0.0,1975.7611156220082,5454.368377323961,3817.1914145187475,42.505681741712195,0.00047961436212062836,0.0018728002905845642,2396.74652285967,1975.7611156220082,5454.368377323961,3817.1914145187475,0.02043740451335907,0.00047961436212062836,0.0018728002905845642,2396.74652285967,1975.7611156220082,5454.368377323961,3817.1914145187475,0.0,0.00047961436212062836,0.004738561809062958,2396.74652285967,0.0,0.0,0.0,0.0,0.0,0.0,0.0,0.0,0.0,0.0,0.0,0.0,7533.847030656179,63175124886.0,7559.306394329062,52877825835.0,7337.196988712065,63175124886.0,7588.787249257256,103008820746.0,7564.334350139368,50130994911.0,7564.3259036843665,50130994911.0,0.0,0.0,0.0,0.0,0.0,0.0,0.0,0.0,0.0,0.0,0.0,0.0,5977.528355754912,40345996321.0,6004.872482352424,39003649433.0,5961.499774770113,40345996321.0,6097.788215223495,74110739081.0,6079.7558700041845,35107089648.0,6079.7467448161915,35107089648.0,414084484.828,278189361.004,4.920240990041755,13.906316481114223,367525901.072,238566153.42,4.931583815363702,13.965753333077672,414084484.828,278189361.004,4.871686191501096,13.831025291897262,708478239.308,550891331.884,4.960631093072913,14.104800692630201,340952338.236,238566153.42,4.944165668736212,14.056218411637143,340952338.236,340952338.236,4.9441565938247365,14.056208047132985,3044
DEPS_DEV_V1,query1,4,1/4,27197.898454779992,4844.223128250567,180000898235.0,206771967966.0,0.0,0.0,6114.0,27279.354271390243,4548.974328333046,161630535760.0,185646268376.0,274.0,0.0,6114.0,26624.430978140794,4270.753932887223,134047999544.0,206771967966.0,1351.0,0.0,6114.0,27733.80163018029,4270.753932887223,134047999544.0,339215829212.0,1351.0,0.0,6114.0,27647.960105470615,4270.753932887223,134047999544.0,153569560836.0,1351.0,0.0,6114.0,27647.932553938823,4270.753932887223,134047999544.0,153569560836.0,1351.0,0.0,6114.0,4844.223128250567,13140.619392386638,9213.055934142787,0.0,0.0,0.0,0.0,4548.974328333046,11805.726155210286,8254.878060399788,0.0,0.00034857913851737976,0.0034439414739608765,2669.77193492651,4270.753932887223,13140.619392386638,9213.055934142787,0.0,0.0017187241464853287,0.0,0.0,4270.753932887223,9614.051608134527,6710.432859080611,85.8826131939023,0.0017187241464853287,0.0034439414739608765,7052.675454218406,4270.753932887223,9614.051608134527,6710.432859080611,0.04108848422765732,0.0017187241464853287,0.0034439414739608765,7052.675454218406,4270.753932887223,9614.051608134527,6710.432859080611,0.0,0.0017187241464853287,0.016980893909931183,7052.675454218406,0.0,0.0,0.0,0.0,0.0,0.0,0.0,0.0,0.0,0.0,0.0,0.0,14826.520934210625,126547317578.0,14875.553694226313,107015728693.0,14311.274904651102,126547317578.0,14956.9282662534,199103270661.0,14907.439764647977,92087541968.0,14907.42483252217,92087541968.0,0.0,0.0,0.0,0.0,0.0,0.0,0.0,0.0,0.0,0.0,0.0,0.0,12371.377520569367,80224650388.0,12403.80057716393,78630539683.0,12313.156073489692,80224650388.0,12776.873363926888,140112558551.0,12740.520340822637,61482018868.0,12740.507721416652,61482018868.0,827087871.864,335984890.84,4.671807247714139,14.369694762264283,742585073.504,294679342.5,4.671855370950885,14.414128881930322,827087871.864,335984890.84,4.564718902489636,14.216791788413603,1356863316.848,839454404.148,4.738258653701929,14.704638153838339,614278243.344,294679342.5,4.72304952160595,14.650193718691494,614278243.344,614278243.344,4.723041779022198,14.650185028395379,6114
DEPS_DEV_V1,query1,4,inf,27197.898454779992,4844.223128250567,180000898235.0,206771967966.0,0.0,0.0,6114.0,27279.354271390243,4548.974328333046,161630535760.0,185646268376.0,274.0,0.0,6114.0,26624.430978140794,4270.753932887223,134047999544.0,206771967966.0,1351.0,0.0,6114.0,27733.80163018029,4270.753932887223,134047999544.0,339215829212.0,1351.0,0.0,6114.0,27647.960105470615,4270.753932887223,134047999544.0,153569560836.0,1351.0,0.0,6114.0,27647.932553938823,4270.753932887223,134047999544.0,153569560836.0,1351.0,0.0,6114.0,4844.223128250567,13140.619392386638,9213.055934142787,0.0,0.0,0.0,0.0,4548.974328333046,11805.726155210286,8254.878060399788,0.0,0.00034857913851737976,0.0034439414739608765,2669.77193492651,4270.753932887223,13140.619392386638,9213.055934142787,0.0,0.0017187241464853287,0.0,0.0,4270.753932887223,9614.051608134527,6710.432859080611,85.8826131939023,0.0017187241464853287,0.0034439414739608765,7052.675454218406,4270.753932887223,9614.051608134527,6710.432859080611,0.04108848422765732,0.0017187241464853287,0.0034439414739608765,7052.675454218406,4270.753932887223,9614.051608134527,6710.432859080611,0.0,0.0017187241464853287,0.016980893909931183,7052.675454218406,0.0,0.0,0.0,0.0,0.0,0.0,0.0,0.0,0.0,0.0,0.0,0.0,14826.520934210625,126547317578.0,14875.553694226313,107015728693.0,14311.274904651102,126547317578.0,14956.9282662534,199103270661.0,14907.439764647977,92087541968.0,14907.42483252217,92087541968.0,0.0,0.0,0.0,0.0,0.0,0.0,0.0,0.0,0.0,0.0,0.0,0.0,12371.377520569367,80224650388.0,12403.80057716393,78630539683.0,12313.156073489692,80224650388.0,12776.873363926888,140112558551.0,12740.520340822637,61482018868.0,12740.507721416652,61482018868.0,827087871.864,335984890.84,4.671807247714139,14.369694762264283,742585073.504,294679342.5,4.671855370950885,14.414128881930322,827087871.864,335984890.84,4.564718902489636,14.216791788413603,1356863316.848,839454404.148,4.738258653701929,14.704638153838339,614278243.344,294679342.5,4.72304952160595,14.650193718691494,614278243.344,614278243.344,4.723041779022198,14.650185028395379,6114
DEPS_DEV_V1,query1,8,1/4,53719.461086899275,8824.582875253633,358158638412.0,411966337150.0,0.0,0.0,12170.0,53897.682172252564,8218.119601495331,319025313645.0,367091833785.0,549.0,0.0,12170.0,52158.636892823735,7263.753656040877,226130564799.0,411966337150.0,3950.0,0.0,12170.0,55272.697771017585,7263.753656040877,226130564799.0,626251487195.0,3950.0,0.0,12170.0,55102.958001602674,7263.753656040877,226130564799.0,259159653410.0,3950.0,0.0,12170.0,55102.918597381795,7263.753656040877,226130564799.0,259159653410.0,3950.0,0.0,12170.0,8824.582875253633,26382.569469582755,18512.308742062887,0.0,0.0,0.0,0.0,8218.119601495331,23600.037892812397,16514.465557062533,0.0,0.0006984304636716843,0.006900452077388763,5565.0515219997615,7263.753656040877,26382.569469582755,18512.308742062887,0.0,0.005025137215852737,0.0,0.0,7263.753656040877,16269.791746297386,11345.267991045257,169.82192124510897,0.005025137215852737,0.006900452077388763,20224.050530799665,7263.753656040877,16269.791746297386,11345.267991045257,0.08215183019638062,0.005025137215852737,0.006900452077388763,20224.050530799665,7263.753656040877,16269.791746297386,11345.267991045257,0.0,0.005025137215852737,0.04964806139469147,20224.050530799665,0.0,0.0,0.0,0.0,0.0,0.0,0.0,0.0,0.0,0.0,0.0,0.0,29658.18347385968,249591451774.0,29768.24016800453,208074291139.0,28277.989091946976,249591451774.0,29999.71627926128,362725464465.0,29903.494806807255,154651173326.0,29903.469882223522,154651173326.0,0.0,0.0,0.0,0.0,0.0,0.0,0.0,0.0,0.0,0.0,0.0,0.0,24061.277613039594,162374885376.0,24129.442004248034,159017542646.0,23880.64780087676,162374885376.0,25272.981491756305,263526022730.0,25199.46319479542,104508480084.0,25199.448715158273,104508480084.0,1647865348.6,413812637.508,4.558236549388152,14.320517418262828,1468367335.14,344923722.92,4.559855032520835,14.363331141946695,1647865348.6,413812637.508,4.377125555957668,14.022215460907061,2505005948.78,1277184402.22,4.6519702757033965,14.673137088652659,1036638613.64,344923722.92,4.637211325261742,14.621486852581796,1036638613.64,1036638613.64,4.637204160857945,14.62147850165218,12170
DEPS_DEV_V1,query1,8,inf,53719.461086899275,8824.582875253633,358158638412.0,411966337150.0,0.0,0.0,12170.0,53897.682172252564,8218.119601495331,319025313645.0,367091833785.0,549.0,0.0,12170.0,52158.636892823735,7263.753656040877,226130564799.0,411966337150.0,3950.0,0.0,12170.0,55272.697771017585,7263.753656040877,226130564799.0,626251487195.0,3950.0,0.0,12170.0,55102.958001602674,7263.753656040877,226130564799.0,259159653410.0,3950.0,0.0,12170.0,55102.918597381795,7263.753656040877,226130564799.0,259159653410.0,3950.0,0.0,12170.0,8824.582875253633,26382.569469582755,18512.308742062887,0.0,0.0,0.0,0.0,8218.119601495331,23600.037892812397,16514.465557062533,0.0,0.0006984304636716843,0.006900452077388763,5565.0515219997615,7263.753656040877,26382.569469582755,18512.308742062887,0.0,0.005025137215852737,0.0,0.0,7263.753656040877,16269.791746297386,11345.267991045257,169.82192124510897,0.005025137215852737,0.006900452077388763,20224.050530799665,7263.753656040877,16269.791746297386,11345.267991045257,0.08215183019638062,0.005025137215852737,0.006900452077388763,20224.050530799665,7263.753656040877,16269.791746297386,11345.267991045257,0.0,0.005025137215852737,0.04964806139469147,20224.050530799665,0.0,0.0,0.0,0.0,0.0,0.0,0.0,0.0,0.0,0.0,0.0,0.0,29658.18347385968,249591451774.0,29768.24016800453,208074291139.0,28277.989091946976,249591451774.0,29999.71627926128,362725464465.0,29903.494806807255,154651173326.0,29903.469882223522,154651173326.0,0.0,0.0,0.0,0.0,0.0,0.0,0.0,0.0,0.0,0.0,0.0,0.0,24061.277613039594,162374885376.0,24129.442004248034,159017542646.0,23880.64780087676,162374885376.0,25272.981491756305,263526022730.0,25199.46319479542,104508480084.0,25199.448715158273,104508480084.0,1647865348.6,413812637.508,4.558236549388152,14.320517418262828,1468367335.14,344923722.92,4.559855032520835,14.363331141946695,1647865348.6,413812637.508,4.377125555957668,14.022215460907061,2505005948.78,1277184402.22,4.6519702757033965,14.673137088652659,1036638613.64,344923722.92,4.637211325261742,14.621486852581796,1036638613.64,1036638613.64,4.637204160857945,14.62147850165218,12170
DEPS_DEV_V1,query2,2,1/4,9863.317962518893,1374.20134344697,66898185671.0,77021904233.0,0.0,0.0,2903.0,9895.685668739025,1249.5349633300211,60669989540.0,69743776955.0,165.0,0.0,2903.0,9711.48144884361,1222.364361607004,56168283359.0,77021904233.0,368.0,0.0,2903.0,10024.24944109771,1222.364361607004,56168283359.0,134199231872.0,368.0,0.0,2903.0,9992.004280715715,1222.364361607004,56168283359.0,64455454917.0,368.0,0.0,2903.0,9991.987526066136,1222.364361607004,56168283359.0,64455454917.0,368.0,0.0,2903.0,1374.20134344697,5030.078781220131,3459.0378378517926,0.0,0.0,0.0,0.0,1249.5349633300211,4515.623756412882,3101.625109376153,0.0,0.0002099107950925827,0.002073906362056732,1028.899555802811,1222.364361607004,5030.078781220131,3459.0378378517926,0.0,0.00046816468238830566,0.0,0.0,1222.364361607004,4126.6692624858115,2836.222355045611,32.26446656485776,0.00046816468238830566,0.002073906362056732,1806.7264533233829,1222.364361607004,4126.6692624858115,2836.222355045611,0.019306182861328125,0.00046816468238830566,0.002073906362056732,1806.7264533233829,1222.364361607004,4126.6692624858115,2836.222355045611,0.0,0.00046816468238830566,0.004625439643859863,1806.7264533233829,0.0,0.0,0.0,0.0,0.0,0.0,0.0,0.0,0.0,0.0,0.0,0.0,4371.962756585795,37509767840.0,4358.964444949757,32484521318.0,4240.1947838498745,37509767840.0,4377.095047927648,64137258016.0,4362.075615804642,31652736698.0,4362.067508716136,31652736698.0,0.0,0.0,0.0,0.0,0.0,0.0,0.0,0.0,0.0,0.0,0.0,0.0,5491.355205933098,39512136393.0,5536.721223789267,37259255637.0,5471.286664993735,39512136393.0,5647.1543931700635,70061973856.0,5629.928664911073,32802718219.0,5629.920017349999,32802718219.0,308087616.932,211547562.936,3.134834324237425,11.576009593809813,278975107.82,186236684.168,3.1273321521258914,11.634674574241552,308087616.932,211547562.936,3.1001728897276335,11.551045757410348,536796927.488,426350675.944,3.147149283802315,11.901246652709146,257821819.668,186236684.168,3.135431198281702,11.85784048161865,257821819.668,257821819.668,3.135422324476298,11.85782991600842,2903
DEPS_DEV_V1,query2,2,inf,9863.317962518893,1374.20134344697,66898185671.0,77021904233.0,0.0,0.0,2903.0,9895.685668739025,1249.5349633300211,60669989540.0,69743776955.0,165.0,0.0,2903.0,9711.48144884361,1222.364361607004,56168283359.0,77021904233.0,368.0,0.0,2903.0,10024.24944109771,1222.364361607004,56168283359.0,134199231872.0,368.0,0.0,2903.0,9992.004280715715,1222.364361607004,56168283359.0,64455454917.0,368.0,0.0,2903.0,9991.987526066136,1222.364361607004,56168283359.0,64455454917.0,368.0,0.0,2903.0,1374.20134344697,5030.078781220131,3459.0378378517926,0.0,0.0,0.0,0.0,1249.5349633300211,4515.623756412882,3101.625109376153,0.0,0.0002099107950925827,0.002073906362056732,1028.899555802811,1222.364361607004,5030.078781220131,3459.0378378517926,0.0,0.00046816468238830566,0.0,0.0,1222.364361607004,4126.6692624858115,2836.222355045611,32.26446656485776,0.00046816468238830566,0.002073906362056732,1806.7264533233829,1222.364361607004,4126.6692624858115,2836.222355045611,0.019306182861328125,0.00046816468238830566,0.002073906362056732,1806.7264533233829,1222.364361607004,4126.6692624858115,2836.222355045611,0.0,0.00046816468238830566,0.004625439643859863,1806.7264533233829,0.0,0.0,0.0,0.0,0.0,0.0,0.0,0.0,0.0,0.0,0.0,0.0,4371.962756585795,37509767840.0,4358.964444949757,32484521318.0,4240.1947838498745,37509767840.0,4377.095047927648,64137258016.0,4362.075615804642,31652736698.0,4362.067508716136,31652736698.0,0.0,0.0,0.0,0.0,0.0,0.0,0.0,0.0,0.0,0.0,0.0,0.0,5491.355205933098,39512136393.0,5536.721223789267,37259255637.0,5471.286664993735,39512136393.0,5647.1543931700635,70061973856.0,5629.928664911073,32802718219.0,5629.920017349999,32802718219.0,308087616.932,211547562.936,3.134834324237425,11.576009593809813,278975107.82,186236684.168,3.1273321521258914,11.634674574241552,308087616.932,211547562.936,3.1001728897276335,11.551045757410348,536796927.488,426350675.944,3.147149283802315,11.901246652709146,257821819.668,186236684.168,3.135431198281702,11.85784048161865,257821819.668,257821819.668,3.135422324476298,11.85782991600842,2903
DEPS_DEV_V1,query2,4,1/4,19589.25212676404,2411.7269635288976,138654823886.0,159093744667.0,0.0,0.0,5491.0,19640.473273790907,2208.7287686157506,128374850207.0,147133333944.0,241.0,0.0,5491.0,19245.74451865186,2068.2179165736306,105928836634.0,159093744667.0,1131.0,0.0,5491.0,20177.05935912119,2068.2179165736306,105928836634.0,267934084148.0,1131.0,0.0,5491.0,20109.031488631852,2068.2179165736306,105928836634.0,120800750204.0,1131.0,0.0,5491.0,20109.004565556534,2068.2179165736306,105928836634.0,120800750204.0,1131.0,0.0,5491.0,2411.7269635288976,10184.639866189798,6992.8852970453445,0.0,0.0,0.0,0.0,2208.7287686157506,9357.804087114753,6420.299300856888,0.0,0.0003065969794988632,0.00302916020154953,1653.637781446334,2068.2179165736306,10184.639866189798,6992.8852970453445,0.0,0.001438843086361885,0.0,0.0,2068.2179165736306,7435.272851638496,5107.184269609163,68.06598008988254,0.001438843086361885,0.00302916020154953,5498.313873206731,2068.2179165736306,7435.272851638496,5107.184269609163,0.03810960054397583,0.001438843086361885,0.00302916020154953,5498.313873206731,2068.2179165736306,7435.272851638496,5107.184269609163,0.0,0.001438843086361885,0.014215685427188873,5498.313873206731,0.0,0.0,0.0,0.0,0.0,0.0,0.0,0.0,0.0,0.0,0.0,0.0,8842.384912943002,79182767324.0,8835.91827150248,70094894085.0,8573.906406290596,79182767324.0,8872.433243299032,136167202672.0,8840.022307733307,66072308587.0,8840.0075892827,66072308587.0,0.0,0.0,0.0,0.0,0.0,0.0,0.0,0.0,0.0,0.0,0.0,0.0,10746.867213821039,79910977343.0,10804.555002288427,77038439859.0,10671.838112361263,79910977343.0,11304.626115822157,131766881476.0,11269.009180898545,54728441617.0,11268.996976273833,54728441617.0,636374978.668,274298369.976,2.7451939243255183,13.028429761384892,588533335.776,242589258.404,2.7430263068699277,13.077078850976749,636374978.668,274298369.976,2.721976686181966,12.946403625847678,1071736336.592,673039215.372,2.7512799544125732,13.684232716802097,483203000.816,242589258.404,2.7408006356074477,13.63387007746659,483203000.816,483203000.816,2.7407918372168205,13.633861608387155,5491
DEPS_DEV_V1,query2,4,inf,19589.25212676404,2411.7269635288976,138654823886.0,159093744667.0,0.0,0.0,5491.0,19640.473273790907,2208.7287686157506,128374850207.0,147133333944.0,241.0,0.0,5491.0,19245.74451865186,2068.2179165736306,105928836634.0,159093744667.0,1131.0,0.0,5491.0,20177.05935912119,2068.2179165736306,105928836634.0,267934084148.0,1131.0,0.0,5491.0,20109.031488631852,2068.2179165736306,105928836634.0,120800750204.0,1131.0,0.0,5491.0,20109.004565556534,2068.2179165736306,105928836634.0,120800750204.0,1131.0,0.0,5491.0,2411.7269635288976,10184.639866189798,6992.8852970453445,0.0,0.0,0.0,0.0,2208.7287686157506,9357.804087114753,6420.299300856888,0.0,0.0003065969794988632,0.00302916020154953,1653.637781446334,2068.2179165736306,10184.639866189798,6992.8852970453445,0.0,0.001438843086361885,0.0,0.0,2068.2179165736306,7435.272851638496,5107.184269609163,68.06598008988254,0.001438843086361885,0.00302916020154953,5498.313873206731,2068.2179165736306,7435.272851638496,5107.184269609163,0.03810960054397583,0.001438843086361885,0.00302916020154953,5498.313873206731,2068.2179165736306,7435.272851638496,5107.184269609163,0.0,0.001438843086361885,0.014215685427188873,5498.313873206731,0.0,0.0,0.0,0.0,0.0,0.0,0.0,0.0,0.0,0.0,0.0,0.0,8842.384912943002,79182767324.0,8835.91827150248,70094894085.0,8573.906406290596,79182767324.0,8872.433243299032,136167202672.0,8840.022307733307,66072308587.0,8840.0075892827,66072308587.0,0.0,0.0,0.0,0.0,0.0,0.0,0.0,0.0,0.0,0.0,0.0,0.0,10746.867213821039,79910977343.0,10804.555002288427,77038439859.0,10671.838112361263,79910977343.0,11304.626115822157,131766881476.0,11269.009180898545,54728441617.0,11268.996976273833,54728441617.0,636374978.668,274298369.976,2.7451939243255183,13.028429761384892,588533335.776,242589258.404,2.7430263068699277,13.077078850976749,636374978.668,274298369.976,2.721976686181966,12.946403625847678,1071736336.592,673039215.372,2.7512799544125732,13.684232716802097,483203000.816,242589258.404,2.7408006356074477,13.63387007746659,483203000.816,483203000.816,2.7407918372168205,13.633861608387155,5491
DEPS_DEV_V1,query2,8,1/4,39503.60550508741,5785.35690407129,269443815286.0,309599060601.0,0.0,0.0,11038.0,39572.58086931915,5372.331539960578,250155519404.0,287110165418.0,519.0,0.0,11038.0,38588.040797887836,4869.788085164502,184529816646.0,309599060601.0,3232.0,0.0,11038.0,40947.969487489005,4869.788085164502,184529816646.0,497393527497.0,3232.0,0.0,11038.0,40815.22355427849,4869.788085164502,184529816646.0,210283362079.0,3232.0,0.0,11038.0,40815.18232753384,4869.788085164502,184529816646.0,210283362079.0,3232.0,0.0,11038.0,5785.35690407129,19985.25425243727,13732.994348578854,0.0,0.0,0.0,0.0,5372.331539960578,18413.80477367039,12643.588612212334,0.0,0.000660264864563942,0.0065233781933784485,3142.848759832792,4869.788085164502,19985.25425243727,13732.994348578854,0.0,0.0041117072105407715,0.0,0.0,4869.788085164502,12875.22547061625,8851.491282260045,132.82126000340932,0.0041117072105407715,0.0065233781933784485,14218.632754359394,4869.788085164502,12875.22547061625,8851.491282260045,0.07532679289579391,0.0041117072105407715,0.0065233781933784485,14218.632754359394,4869.788085164502,12875.22547061625,8851.491282260045,0.0,0.0041117072105407715,0.04062342643737793,14218.632754359394,0.0,0.0,0.0,0.0,0.0,0.0,0.0,0.0,0.0,0.0,0.0,0.0,17567.080490824068,154157533050.0,17526.734669557307,137104793665.0,16845.831795441685,154157533050.0,17618.677845651353,256265962538.0,17555.283388387877,119161168873.0,17555.25645274343,119161168873.0,0.0,0.0,0.0,0.0,0.0,0.0,0.0,0.0,0.0,0.0,0.0,0.0,21936.525014263345,155441527551.0,22045.846199761843,150005371753.0,21742.20900244615,155441527551.0,23329.29164183765,241127564959.0,23259.940165890614,91122193206.0,23259.92587479041,91122193206.0,1238396242.404,326943196.376,2.71118616161868,13.689985881839316,1148440661.672,283556597.724,2.7086389458496125,13.764026721341812,1238396242.404,326943196.376,2.66685648791166,13.472541370404137,1989574109.988,1032748239.424,2.7109156691567526,14.41510192854944,841133448.316,283556597.724,2.701346492394339,14.364541206686196,841133448.316,841133448.316,2.7013378112460487,14.36453401211649,11038
DEPS_DEV_V1,query2,8,inf,39503.60550508741,5785.35690407129,269443815286.0,309599060601.0,0.0,0.0,11038.0,39572.58086931915,5372.331539960578,250155519404.0,287110165418.0,519.0,0.0,11038.0,38588.040797887836,4869.788085164502,184529816646.0,309599060601.0,3232.0,0.0,11038.0,40947.969487489005,4869.788085164502,184529816646.0,497393527497.0,3232.0,0.0,11038.0,40815.22355427849,4869.788085164502,184529816646.0,210283362079.0,3232.0,0.0,11038.0,40815.18232753384,4869.788085164502,184529816646.0,210283362079.0,3232.0,0.0,11038.0,5785.35690407129,19985.25425243727,13732.994348578854,0.0,0.0,0.0,0.0,5372.331539960578,18413.80477367039,12643.588612212334,0.0,0.000660264864563942,0.0065233781933784485,3142.848759832792,4869.788085164502,19985.25425243727,13732.994348578854,0.0,0.0041117072105407715,0.0,0.0,4869.788085164502,12875.22547061625,8851.491282260045,132.82126000340932,0.0041117072105407715,0.0065233781933784485,14218.632754359394,4869.788085164502,12875.22547061625,8851.491282260045,0.07532679289579391,0.0041117072105407715,0.0065233781933784485,14218.632754359394,4869.788085164502,12875.22547061625,8851.491282260045,0.0,0.0041117072105407715,0.04062342643737793,14218.632754359394,0.0,0.0,0.0,0.0,0.0,0.0,0.0,0.0,0.0,0.0,0.0,0.0,17567.080490824068,154157533050.0,17526.734669557307,137104793665.0,16845.831795441685,154157533050.0,17618.677845651353,256265962538.0,17555.283388387877,119161168873.0,17555.25645274343,119161168873.0,0.0,0.0,0.0,0.0,0.0,0.0,0.0,0.0,0.0,0.0,0.0,0.0,21936.525014263345,155441527551.0,22045.846199761843,150005371753.0,21742.20900244615,155441527551.0,23329.29164183765,241127564959.0,23259.940165890614,91122193206.0,23259.92587479041,91122193206.0,1238396242.404,326943196.376,2.71118616161868,13.689985881839316,1148440661.672,283556597.724,2.7086389458496125,13.764026721341812,1238396242.404,326943196.376,2.66685648791166,13.472541370404137,1989574109.988,1032748239.424,2.7109156691567526,14.41510192854944,841133448.316,283556597.724,2.701346492394339,14.364541206686196,841133448.316,841133448.316,2.7013378112460487,14.36453401211649,11038
GITHUB_REPOS,query1,2,1/4,23002.125569314696,4081.972040278837,182787354889.0,205394293889.0,0.0,0.0,2404.0,22995.926580463536,3547.313742896542,140769136133.0,158591922253.0,163.0,0.0,2404.0,22154.034241350368,3233.8803344750777,117681991963.0,205394293889.0,297.0,0.0,2404.0,23050.7936963853,3233.8803344750777,117681991963.0,291437149018.0,297.0,0.0,2404.0,22977.44395410549,3233.8803344750777,117681991963.0,132845226765.0,297.0,0.0,2404.0,22977.428494076245,3233.8803344750777,117681991963.0,132845226765.0,297.0,0.0,2404.0,4081.972040278837,10688.165758529678,8231.98777050618,0.0,0.0,0.0,0.0,3547.313742896542,8411.899579694495,6484.18773639109,0.0,0.00020736642181873322,0.002048768103122711,4552.523265346885,3233.8803344750777,10688.165758529678,8231.98777050618,0.0,0.00037783943116664886,0.0,0.0,3233.8803344750777,7145.960752171464,5513.210218985565,73.36688657240272,0.00037783943116664886,0.002048768103122711,7084.373077573255,3233.8803344750777,7145.960752171464,5513.210218985565,0.01714429259300232,0.00037783943116664886,0.002048768103122711,7084.373077573255,3233.8803344750777,7145.960752171464,5513.210218985565,0.0,0.00037783943116664886,0.003733031451702118,7084.373077573255,0.0,0.0,0.0,0.0,0.0,0.0,0.0,0.0,0.0,0.0,0.0,0.0,22780.746226157993,205068393077.0,22777.208196170628,158272656900.0,21940.69089752622,205068393077.0,22837.23632692087,290809448306.0,22764.025985724293,132536791406.0,22764.018406539224,132536791406.0,0.0,0.0,0.0,0.0,0.0,0.0,0.0,0.0,0.0,0.0,0.0,0.0,221.37934315670282,325900812.0,218.718384292908,319265353.0,213.34334382414818,325900812.0,213.55736946442832,627700712.0,213.41796838119626,308435359.0,213.41008753702044,308435359.0,821577175.556,572609059.416,10.9443935506586,31.890842235575054,634367689.012,423588401.34,10.807223582075908,32.04178318007793,821577175.556,572609059.416,10.391296608731151,31.425684078989548,1165748596.072,927462933.976,10.704074599166994,32.19319314213862,531380907.06,423588401.34,10.676227845095099,32.084183366315436,531380907.06,531380907.06,10.676218694768846,32.08417363278158,2404
GITHUB_REPOS,query1,2,inf,23002.125569314696,4081.972040278837,182787354889.0,205394293889.0,0.0,0.0,2404.0,22995.926580463536,3547.313742896542,140769136133.0,158591922253.0,163.0,0.0,2404.0,22154.034241350368,3233.8803344750777,117681991963.0,205394293889.0,297.0,0.0,2404.0,23050.7936963853,3233.8803344750777,117681991963.0,291437149018.0,297.0,0.0,2404.0,22977.44395410549,3233.8803344750777,117681991963.0,132845226765.0,297.0,0.0,2404.0,22977.428494076245,3233.8803344750777,117681991963.0,132845226765.0,297.0,0.0,2404.0,4081.972040278837,10688.165758529678,8231.98777050618,0.0,0.0,0.0,0.0,3547.313742896542,8411.899579694495,6484.18773639109,0.0,0.00020736642181873322,0.002048768103122711,4552.523265346885,3233.8803344750777,10688.165758529678,8231.98777050618,0.0,0.00037783943116664886,0.0,0.0,3233.8803344750777,7145.960752171464,5513.210218985565,73.36688657240272,0.00037783943116664886,0.002048768103122711,7084.373077573255,3233.8803344750777,7145.960752171464,5513.210218985565,0.01714429259300232,0.00037783943116664886,0.002048768103122711,7084.373077573255,3233.8803344750777,7145.960752171464,5513.210218985565,0.0,0.00037783943116664886,0.003733031451702118,7084.373077573255,0.0,0.0,0.0,0.0,0.0,0.0,0.0,0.0,0.0,0.0,0.0,0.0,22780.746226157993,205068393077.0,22777.208196170628,158272656900.0,21940.69089752622,205068393077.0,22837.23632692087,290809448306.0,22764.025985724293,132536791406.0,22764.018406539224,132536791406.0,0.0,0.0,0.0,0.0,0.0,0.0,0.0,0.0,0.0,0.0,0.0,0.0,221.37934315670282,325900812.0,218.718384292908,319265353.0,213.34334382414818,325900812.0,213.55736946442832,627700712.0,213.41796838119626,308435359.0,213.41008753702044,308435359.0,821577175.556,572609059.416,10.9443935506586,31.890842235575054,634367689.012,423588401.34,10.807223582075908,32.04178318007793,821577175.556,572609059.416,10.391296608731151,31.425684078989548,1165748596.072,927462933.976,10.704074599166994,32.19319314213862,531380907.06,423588401.34,10.676227845095099,32.084183366315436,531380907.06,531380907.06,10.676218694768846,32.08417363278158,2404
GITHUB_REPOS,query1,4,1/4,46139.92440271843,8691.092472706921,349710298312.0,394597304959.0,0.0,0.0,5136.0,46009.94395218976,7479.874776080251,268501332431.0,303270186160.0,405.0,0.0,5136.0,43523.01470200997,6074.1815214389935,190623331087.0,394597304959.0,983.0,0.0,5136.0,45821.12130811266,6074.1815214389935,190623331087.0,518630503192.0,983.0,0.0,5136.0,45680.85912149772,6074.1815214389935,190623331087.0,215360317032.0,983.0,0.0,5136.0,45680.83145684376,6074.1815214389935,190623331087.0,215360317032.0,983.0,0.0,5136.0,8691.092472706921,21133.171210729517,16315.660719281994,0.0,0.0,0.0,0.0,7479.874776080251,16375.131519355811,12638.900387507863,0.0,0.0005152355879545212,0.005090497434139252,9516.031663512811,6074.1815214389935,21133.171210729517,16315.660719281994,0.0,0.001250559464097023,0.0,0.0,6074.1815214389935,11656.870727337897,8997.349630157463,140.29711622573694,0.001250559464097023,0.005090497434139252,18952.41597189568,6074.1815214389935,11656.870727337897,8997.349630157463,0.034929610788822174,0.001250559464097023,0.005090497434139252,18952.41597189568,6074.1815214389935,11656.870727337897,8997.349630157463,0.0,0.001250559464097023,0.01235545426607132,18952.41597189568,0.0,0.0,0.0,0.0,0.0,0.0,0.0,0.0,0.0,0.0,0.0,0.0,45656.81973644998,393952852385.0,45535.58552688174,302647541149.0,43067.93363292329,393952852385.0,45365.51193603272,517421685692.0,45225.52113978937,214774144543.0,45225.508482676,214774144543.0,0.0,0.0,0.0,0.0,0.0,0.0,0.0,0.0,0.0,0.0,0.0,0.0,483.104666268453,644452574.0,474.3584253080189,622645011.0,455.0810690866783,644452574.0,455.60937207994556,1208817500.0,455.3379817083478,586172489.0,455.3229741677642,586172489.0,1578389219.836,758078937.408,8.987717149974777,33.63938191261179,1213080744.64,512069316.44,8.984586941430345,33.83352221013698,1578389219.836,758078937.408,8.213657585633918,32.69349225662089,2074522012.768,1298599824.912,8.797792065134287,33.81834812196138,861441268.128,512069316.44,8.776348103150726,33.700283173465536,861441268.128,861441268.128,8.776341039299965,33.70027393515537,5136
GITHUB_REPOS,query1,4,inf,46139.92440271843,8691.092472706921,349710298312.0,394597304959.0,0.0,0.0,5136.0,46009.94395218976,7479.874776080251,268501332431.0,303270186160.0,405.0,0.0,5136.0,43523.01470200997,6074.1815214389935,190623331087.0,394597304959.0,983.0,0.0,5136.0,45821.12130811266,6074.1815214389935,190623331087.0,518630503192.0,983.0,0.0,5136.0,45680.85912149772,6074.1815214389935,190623331087.0,215360317032.0,983.0,0.0,5136.0,45680.83145684376,6074.1815214389935,190623331087.0,215360317032.0,983.0,0.0,5136.0,8691.092472706921,21133.171210729517,16315.660719281994,0.0,0.0,0.0,0.0,7479.874776080251,16375.131519355811,12638.900387507863,0.0,0.0005152355879545212,0.005090497434139252,9516.031663512811,6074.1815214389935,21133.171210729517,16315.660719281994,0.0,0.001250559464097023,0.0,0.0,6074.1815214389935,11656.870727337897,8997.349630157463,140.29711622573694,0.001250559464097023,0.005090497434139252,18952.41597189568,6074.1815214389935,11656.870727337897,8997.349630157463,0.034929610788822174,0.001250559464097023,0.005090497434139252,18952.41597189568,6074.1815214389935,11656.870727337897,8997.349630157463,0.0,0.001250559464097023,0.01235545426607132,18952.41597189568,0.0,0.0,0.0,0.0,0.0,0.0,0.0,0.0,0.0,0.0,0.0,0.0,45656.81973644998,393952852385.0,45535.58552688174,302647541149.0,43067.93363292329,393952852385.0,45365.51193603272,517421685692.0,45225.52113978937,214774144543.0,45225.508482676,214774144543.0,0.0,0.0,0.0,0.0,0.0,0.0,0.0,0.0,0.0,0.0,0.0,0.0,483.104666268453,644452574.0,474.3584253080189,622645011.0,455.0810690866783,644452574.0,455.60937207994556,1208817500.0,455.3379817083478,586172489.0,455.3229741677642,586172489.0,1578389219.836,758078937.408,8.987717149974777,33.63938191261179,1213080744.64,512069316.44,8.984586941430345,33.83352221013698,1578389219.836,758078937.408,8.213657585633918,32.69349225662089,2074522012.768,1298599824.912,8.797792065134287,33.81834812196138,861441268.128,512069316.44,8.776348103150726,33.700283173465536,861441268.128,861441268.128,8.776341039299965,33.70027393515537,5136
GITHUB_REPOS,query1,8,1/4,90113.7651770832,16879.237502902746,708360619185.0,795808542423.0,0.0,0.0,9670.0,89987.48020890448,14900.98684570659,557919787753.0,628800317059.0,618.0,0.0,9670.0,83347.64683680702,10113.115832041949,300269108915.0,795808542423.0,2618.0,0.0,9670.0,88999.84154834099,10113.115832041949,300269108915.0,967515917939.0,2618.0,0.0,9670.0,88709.01867798343,10113.115832041949,300269108915.0,338715600880.0,2618.0,0.0,9670.0,88708.9746860303,10113.115832041949,300269108915.0,338715600880.0,2618.0,0.0,9670.0,16879.237502902746,41374.409725974314,31860.11794820614,0.0,0.0,0.0,0.0,14900.98684570659,33456.33835200034,25794.07739646919,0.0,0.0007862113416194916,0.007767722010612488,15836.06906079501,10113.115832041949,41374.409725974314,31860.11794820614,0.0,0.003330584615468979,0.0,0.0,10113.115832041949,18152.168442831375,13999.752563376911,290.89200056963085,0.003330584615468979,0.007767722010612488,46443.901611214504,10113.115832041949,18152.168442831375,13999.752563376911,0.06913021206855774,0.003330584615468979,0.007767722010612488,46443.901611214504,10113.115832041949,18152.168442831375,13999.752563376911,0.0,0.003330584615468979,0.032905980944633484,46443.901611214504,0.0,0.0,0.0,0.0,0.0,0.0,0.0,0.0,0.0,0.0,0.0,0.0,89171.84400406294,794514102033.0,89057.34195233136,627535354694.0,82515.11899842229,794514102033.0,88165.90043845499,965164931470.0,87875.62898448948,337629576776.0,87875.6109100813,337629576776.0,0.0,0.0,0.0,0.0,0.0,0.0,0.0,0.0,0.0,0.0,0.0,0.0,941.921173020266,1294440390.0,930.1382565731183,1264962365.0,832.5278383847326,1294440390.0,833.9411098859849,2350986469.0,833.3896934939548,1086024104.0,833.3637759489939,1086024104.0,3183234169.692,918579757.296,8.869759966446086,36.37943025286495,2515201268.236,643047647.22,8.868073019744829,36.65166662817075,3183234169.692,918579757.296,7.954855819262564,34.51626288908123,3839079333.716,1877365241.912,8.76219860713989,36.45642138986869,1354862403.52,643047647.22,8.742501393619925,36.30239414748344,1325832656.476,1325832656.476,8.74249561182037,36.30238675180766,9670
GITHUB_REPOS,query1,8,inf,90113.7651770832,16879.237502902746,708360619185.0,795808542423.0,0.0,0.0,9670.0,89987.48020890448,14900.98684570659,557919787753.0,628800317059.0,618.0,0.0,9670.0,83347.33796535246,10112.806958043016,300269108156.0,795808542423.0,2620.0,0.0,9670.0,88999.53208397761,10112.806958043016,300269108156.0,967515917939.0,2620.0,0.0,9670.0,88708.70921362005,10112.806958043016,300269108156.0,338715600880.0,2620.0,0.0,9670.0,88708.66524680518,10112.806958043016,300269108156.0,338715600880.0,2620.0,0.0,9670.0,16879.237502902746,41374.409725974314,31860.11794820614,0.0,0.0,0.0,0.0,14900.98684570659,33456.33835200034,25794.07739646919,0.0,0.0007862113416194916,0.007767722010612488,15836.06906079501,10112.806958043016,41374.409725974314,31860.11794820614,0.0,0.0033331289887428284,0.0,0.0,10112.806958043016,18152.167849922553,13999.752563376911,290.89200056963085,0.0033331289887428284,0.007767722010612488,46443.901611214504,10112.806958043016,18152.167849922553,13999.752563376911,0.06913021206855774,0.0033331289887428284,0.007767722010612488,46443.901611214504,10112.806958043016,18152.167849922553,13999.752563376911,0.0,0.0033331289887428284,0.032931119203567505,46443.901611214504,0.0,0.0,0.0,0.0,0.0,0.0,0.0,0.0,0.0,0.0,0.0,0.0,89171.84400406294,794514102033.0,89057.34195233136,627535354694.0,82514.81012696773,794514102033.0,88165.59097409161,965164931470.0,87875.3195201261,337629576776.0,87875.30147085618,337629576776.0,0.0,0.0,0.0,0.0,0.0,0.0,0.0,0.0,0.0,0.0,0.0,0.0,941.921173020266,1294440390.0,930.1382565731183,1264962365.0,832.5278383847326,1294440390.0,833.9411098859849,2350986469.0,833.3896934939548,1086024104.0,833.3637759489939,1086024104.0,3183234169.692,918579757.296,8.869759966446086,36.37943025286495,2515201268.236,643047647.22,8.868073019744829,36.65166662817075,3183234169.692,918579757.296,7.9548101366348565,34.51626288908123,3870063671.756,1899606533.488,8.76215357026064,36.45642138986869,1354862403.52,643047647.22,8.742455710992218,36.30239414748344,1354862403.52,1354862403.52,8.742449929192663,36.30238675180766,9670
GITHUB_REPOS,query2,2,1/4,2150.3960311738774,773.9528123792261,17836654008.0,19423706211.0,0.0,0.0,3367.0,2120.6850647963583,742.6999692237005,17748225244.0,19319836547.0,41.0,31.0,3367.0,2052.0447138389573,675.6012673228979,17645651212.0,19423706211.0,179.0,31.0,3367.0,2056.299649086265,675.6012673228979,17645651212.0,20389192777.0,179.0,31.0,3367.0,2055.75728503149,675.6012673228979,17645651212.0,19195610975.0,179.0,31.0,3367.0,2055.749215650372,675.6012673228979,17645651212.0,19195610975.0,179.0,31.0,3367.0,773.9528123792261,785.0707895141095,591.3724292805418,0.0,0.0,0.0,0.0,742.6999692237005,777.892640274018,585.7417834131047,0.0,5.215965211391449e-05,0.0005153343081474304,14.35010439157486,675.6012673228979,785.0707895141095,591.3724292805418,0.0,0.00022772140800952911,0.0,0.0,675.6012673228979,767.8040966894478,577.8857762003317,0.5521679757593174,0.00022772140800952911,0.0005153343081474304,34.455597842112184,675.6012673228979,767.8040966894478,577.8857762003317,0.009803920984268188,0.00022772140800952911,0.0005153343081474304,34.455597842112184,675.6012673228979,767.8040966894478,577.8857762003317,0.0,0.00022772140800952911,0.002249874174594879,34.455597842112184,0.0,0.0,0.0,0.0,0.0,0.0,0.0,0.0,0.0,0.0,0.0,0.0,2058.78747860156,19317536467.0,2029.1084169177338,19224929419.0,1961.6262237010524,19317536467.0,1965.7225078250187,20199867957.0,1965.2175634913146,19101193283.0,1965.2154895849526,19101193283.0,0.0,0.0,0.0,0.0,0.0,0.0,0.0,0.0,0.0,0.0,0.0,0.0,91.60855257231742,106169744.0,91.5766478786245,94907128.0,90.41849013790488,106169744.0,90.57714126124641,189324820.0,90.53972154017538,94417692.0,90.53372606541961,94417692.0,77694824.844,73795438.312,0.2245311813149601,3.142775388839094,77279346.188,73509909.38,0.21374575558677317,3.138449620512871,77694824.844,73795438.312,0.13667584132030605,3.101242606012521,81556771.108,77456633.244,0.14094507266802994,3.1030861659787887,74443572.32,73509909.38,0.14078792791441083,3.102175878597422,76782443.9,74272833.456,0.1407834030278027,3.102170109366996,3367
GITHUB_REPOS,query2,2,inf,2150.3960311738774,773.9528123792261,17836654008.0,19423706211.0,0.0,0.0,3367.0,2120.6850647963583,742.6999692237005,17748225244.0,19319836547.0,41.0,0.0,3367.0,2048.3788904268295,671.9354426385835,17107492195.0,19423706211.0,180.0,0.0,3367.0,2066.748337824694,671.9354426385835,17107492195.0,37930729627.0,180.0,0.0,3367.0,2057.820899279788,671.9354426385835,17107492195.0,18610893080.0,180.0,0.0,3367.0,2057.8124528247863,671.9354426385835,17107492195.0,18610893080.0,180.0,0.0,3367.0,773.9528123792261,785.0707895141095,591.3724292805418,0.0,0.0,0.0,0.0,742.6999692237005,777.892640274018,585.7417834131047,0.0,5.215965211391449e-05,0.0005153343081474304,14.35010439157486,671.9354426385835,785.0707895141095,591.3724292805418,0.0,0.00022899359464645386,0.0,0.0,671.9354426385835,744.765046780929,560.5757743092254,8.937632108903307,0.00022899359464645386,0.0005153343081474304,80.53369765914977,671.9354426385835,744.765046780929,560.5757743092254,0.010193563997745514,0.00022899359464645386,0.0005153343081474304,80.53369765914977,671.9354426385835,744.765046780929,560.5757743092254,0.0,0.00022899359464645386,0.0022624433040618896,80.53369765914977,0.0,0.0,0.0,0.0,0.0,0.0,0.0,0.0,0.0,0.0,0.0,0.0,2058.78747860156,19317536467.0,2029.1084169177338,19224929419.0,1957.9604002889246,19317536467.0,1976.1711965634472,37741404807.0,1967.2811777396128,18516475388.0,1967.2787267593667,18516475388.0,0.0,0.0,0.0,0.0,0.0,0.0,0.0,0.0,0.0,0.0,0.0,0.0,91.60855257231742,106169744.0,91.5766478786245,94907128.0,90.41849013790488,106169744.0,90.57714126124641,189324820.0,90.53972154017538,94417692.0,90.53372606541961,94417692.0,77694824.844,73795438.312,0.2245311813149601,3.142775388839094,77279346.188,73509909.38,0.21374575558677317,3.138449620512871,77694824.844,73795438.312,0.13667584132030605,3.093910959188266,151722918.508,147622780.644,0.14094507266802994,3.1206834575709896,74443572.32,73509909.38,0.14078792791441083,3.1063029537506384,74443572.32,74443572.32,0.1407834030278027,3.106296583715824,3367
GITHUB_REPOS,query2,4,1/4,4517.901626300998,1595.4426098605618,37911106024.0,41280403183.0,0.0,0.0,6914.0,4450.2629247820005,1524.349531522952,37738392424.0,41073220181.0,103.0,66.0,6914.0,4184.995254973881,1262.5352754881606,37297945587.0,41280403183.0,757.0,66.0,6914.0,4197.404052633555,1262.5352754881606,37297945587.0,43035679884.0,757.0,66.0,6914.0,4196.275777665898,1262.5352754881606,37297945587.0,40553840773.0,757.0,66.0,6914.0,4196.264138652012,1262.5352754881606,37297945587.0,40553840773.0,757.0,66.0,6914.0,1595.4426098605618,1666.8328563282266,1255.6261601122096,0.0,0.0,0.0,0.0,1524.349531522952,1650.8782066097483,1243.1480578137562,0.0,0.0001310352236032486,0.0012946203351020813,31.885703179985285,1262.5352754881606,1666.8328563282266,1255.6261601122096,0.0,0.0009630452841520309,0.0,0.0,1262.5352754881606,1613.737159596756,1214.2430870616809,1.1481341922144803,0.0009630452841520309,0.0012946203351020813,105.73813862912357,1262.5352754881606,1613.737159596756,1214.2430870616809,0.019859224557876587,0.0009630452841520309,0.0012946203351020813,105.73813862912357,1262.5352754881606,1613.737159596756,1214.2430870616809,0.0,0.0009630452841520309,0.009514831006526947,105.73813862912357,0.0,0.0,0.0,0.0,0.0,0.0,0.0,0.0,0.0,0.0,0.0,0.0,4329.448787725531,41084746591.0,4262.0053256917745,40905655005.0,4004.922759295441,41084746591.0,4017.03582096764,42702058394.0,4015.972017285414,40387784459.0,4015.9701947616413,40387784459.0,0.0,0.0,0.0,0.0,0.0,0.0,0.0,0.0,0.0,0.0,0.0,0.0,188.45283857546747,195656592.0,188.257599090226,167565176.0,180.07249567843974,195656592.0,180.3682316659146,333621490.0,180.30376038048416,166056314.0,180.29394389037043,166056314.0,165121612.732,142781068.96,0.1821373274512589,2.8456851549208118,164292880.724,142295889.828,0.16418056962639094,2.8456851549208118,165121612.732,142781068.96,0.06956530617363751,2.761323734620395,172142719.536,149189901.032,0.07499087316680246,2.7650223760539414,152859876.772,142295889.828,0.07487505452521145,2.763973924298952,162215363.092,145236680.444,0.07487090671248733,2.763968527114759,6914
GITHUB_REPOS,query2,4,inf,4517.901626300998,1595.4426098605618,37911106024.0,41280403183.0,0.0,0.0,6914.0,4450.2629247820005,1524.349531522952,37738392424.0,41073220181.0,103.0,0.0,6914.0,4170.33196132537,1247.8719767509028,35145309519.0,41280403183.0,761.0,0.0,6914.0,4223.509874693,1247.8719767509028,35145309519.0,79288189374.0,761.0,0.0,6914.0,4204.529505649582,1247.8719767509028,35145309519.0,38214969193.0,761.0,0.0,6914.0,4204.517087349668,1247.8719767509028,35145309519.0,38214969193.0,761.0,0.0,6914.0,1595.4426098605618,1666.8328563282266,1255.6261601122096,0.0,0.0,0.0,0.0,1524.349531522952,1650.8782066097483,1243.1480578137562,0.0,0.0001310352236032486,0.0012946203351020813,31.885703179985285,1247.8719767509028,1666.8328563282266,1255.6261601122096,0.0,0.0009681340306997299,0.0,0.0,1247.8719767509028,1521.580959962681,1145.0030794972554,19.00105783052104,0.0009681340306997299,0.0012946203351020813,290.0505378972739,1247.8719767509028,1521.580959962681,1145.0030794972554,0.02068878710269928,0.0009681340306997299,0.0012946203351020813,290.0505378972739,1247.8719767509028,1521.580959962681,1145.0030794972554,0.0,0.0009681340306997299,0.009565107524394989,290.0505378972739,0.0,0.0,0.0,0.0,0.0,0.0,0.0,0.0,0.0,0.0,0.0,0.0,4329.448787725531,41084746591.0,4262.0053256917745,40905655005.0,3990.25946564693,41084746591.0,4043.1416430270856,78954567884.0,4024.2257452690974,38048912879.0,4024.2231434592977,38048912879.0,0.0,0.0,0.0,0.0,0.0,0.0,0.0,0.0,0.0,0.0,0.0,0.0,188.45283857546747,195656592.0,188.257599090226,167565176.0,180.07249567843974,195656592.0,180.3682316659146,333621490.0,180.30376038048416,166056314.0,180.29394389037043,166056314.0,165121612.732,142781068.96,0.1821373274512589,2.8456851549208118,164292880.724,142295889.828,0.16418056962639094,2.8456851549208118,165121612.732,142781068.96,0.06956530617363751,2.7122017008978827,317152757.496,294199938.992,0.07499087316680246,2.7798807326752453,152859876.772,142295889.828,0.07487505452521145,2.7676882464365984,152859876.772,152859876.772,0.07487090671248733,2.7676823540287048,6914
GITHUB_REPOS,query2,8,1/4,9264.791905807331,3274.7462331401184,77647859856.0,84555604763.0,0.0,0.0,13871.0,9117.077515552752,3119.2923380555585,77253093632.0,84084972859.0,228.0,135.0,13871.0,8290.297159768641,2300.2483498891816,75883149559.0,84555604763.0,2466.0,135.0,13871.0,8322.111561636246,2300.2483498891816,75883149559.0,87642965089.0,2466.0,135.0,13871.0,8319.770067366771,2300.2483498891816,75883149559.0,82494908055.0,2466.0,135.0,13871.0,8319.758126693778,2300.2483498891816,75883149559.0,82494908055.0,2466.0,135.0,13871.0,3274.7462331401184,3416.632610070519,2573.4130625966936,0.0,0.0,0.0,0.0,3119.2923380555585,3381.32852802705,2545.894038620405,0.0,0.00029005855321884155,0.0028657615184783936,70.55945502966642,2300.2483498891816,3416.632610070519,2573.4130625966936,0.0,0.003137212246656418,0.0,0.0,2300.2483498891816,3277.070013234392,2464.810153225437,2.3815646542148734,0.003137212246656418,0.0028657615184783936,277.59547765925527,2300.2483498891816,3277.070013234392,2464.810153225437,0.04007038474082947,0.003137212246656418,0.0028657615184783936,277.59547765925527,2300.2483498891816,3277.070013234392,2464.810153225437,0.0,0.003137212246656418,0.030995473265647888,277.59547765925527,0.0,0.0,0.0,0.0,0.0,0.0,0.0,0.0,0.0,0.0,0.0,0.0,8898.460329949856,84037100965.0,8751.196744862944,83628380887.0,7950.895274866372,84037100965.0,7981.848715712838,86753205469.0,7979.692504722625,82061740407.0,7979.695005979389,82061740407.0,0.0,0.0,0.0,0.0,0.0,0.0,0.0,0.0,0.0,0.0,0.0,0.0,366.3315758574754,518503798.0,365.88077068980783,456591972.0,339.40188490226865,518503798.0,340.26284592340744,889759620.0,340.0775626441464,433167648.0,340.0631207143888,433167648.0,338222419.052,214204621.064,0.18144529624283315,3.0437740562977247,336339891.436,213253211.6,0.13601330416463314,3.043356496847419,338222419.052,214204621.064,0.06703523032180965,2.875775353204829,350571860.356,224411386.08,0.07278017581180139,2.880198531948676,250457998.5,213253211.6,0.07268718329444528,2.878997315926661,329979632.22,219994064.14,0.07268312766961753,2.878991805620303,13871
GITHUB_REPOS,query2,8,inf,9264.791905807331,3274.7462331401184,77647859856.0,84555604763.0,0.0,0.0,13871.0,9117.077515552752,3119.2923380555585,77253093632.0,84084972859.0,228.0,0.0,13871.0,8165.666279723868,2175.6174265900627,57585742981.0,84555604763.0,2500.0,0.0,13871.0,8428.744080839939,2175.6174265900627,57585742981.0,146699472484.0,2500.0,0.0,13871.0,8389.886939597316,2175.6174265900627,57585742981.0,62614499625.0,2500.0,0.0,13871.0,8389.873729442246,2175.6174265900627,57585742981.0,62614499625.0,2500.0,0.0,13871.0,3274.7462331401184,3416.632610070519,2573.4130625966936,0.0,0.0,0.0,0.0,3119.2923380555585,3381.32852802705,2545.894038620405,0.0,0.00029005855321884155,0.0028657615184783936,70.55945502966642,2175.6174265900627,3416.632610070519,2573.4130625966936,0.0,0.003180466592311859,0.0,0.0,2175.6174265900627,2493.707244899124,1876.1934403330088,38.89890845984193,0.003180466592311859,0.0028657615184783936,1844.321014329791,2175.6174265900627,2493.707244899124,1876.1934403330088,0.041767217218875885,0.003180466592311859,0.0028657615184783936,1844.321014329791,2175.6174265900627,2493.707244899124,1876.1934403330088,0.0,0.003180466592311859,0.031422823667526245,1844.321014329791,0.0,0.0,0.0,0.0,0.0,0.0,0.0,0.0,0.0,0.0,0.0,0.0,8898.460329949856,84037100965.0,8751.196744862944,83628380887.0,7826.264394821599,84037100965.0,8088.481234916532,145809712864.0,8049.80937695317,62181331977.0,8049.8106087278575,62181331977.0,0.0,0.0,0.0,0.0,0.0,0.0,0.0,0.0,0.0,0.0,0.0,0.0,366.3315758574754,518503798.0,365.88077068980783,456591972.0,339.40188490226865,518503798.0,340.26284592340744,889759620.0,340.0775626441464,433167648.0,340.0631207143888,433167648.0,338222419.052,214204621.064,0.18144529624283315,3.0437740562977247,336339891.436,213253211.6,0.13601330416463314,3.043356496847419,338222419.052,214204621.064,0.06703523032180965,2.716023656464366,586797889.936,460602325.7,0.07278017581180139,2.9237659404250613,250457998.5,213253211.6,0.07268718329444528,2.910771522862089,250457998.5,250457998.5,0.07268312766961753,2.9107656581062797,13871
GITHUB_REPOS,query3,2,1/4,9149.735325477086,7305.743612363003,16258034175.0,18468632127.0,0.0,0.0,2401.0,8777.489622551948,6908.277538678609,14339622605.0,16305761522.0,75.0,0.0,2401.0,8400.321522401646,6556.329512868077,13531010381.0,18468632127.0,233.0,0.0,2401.0,8451.068983848018,6556.329512868077,13531010381.0,31610870257.0,233.0,0.0,2401.0,8443.536289067939,6556.329512868077,13531010381.0,15305108735.0,233.0,0.0,2401.0,8443.527691783383,6556.329512868077,13531010381.0,15305108735.0,233.0,0.0,2401.0,7305.743612363003,1039.515964820981,804.4757482931018,0.0,0.0,0.0,0.0,6908.277538678609,925.2957354038954,715.4809163911268,0.0,9.541399776935577e-05,0.0009426847100257874,228.434393979609,6556.329512868077,1039.515964820981,804.4757482931018,0.0,0.00029641948640346527,0.0,0.0,6556.329512868077,838.9628306468949,647.185613409616,7.543277987089238,0.00029641948640346527,0.0009426847100257874,401.0465098321438,6556.329512868077,838.9628306468949,647.185613409616,0.01058320701122284,0.00029641948640346527,0.0009426847100257874,401.0465098321438,6556.329512868077,838.9628306468949,647.185613409616,0.0,0.00029641948640346527,0.002928607165813446,401.0465098321438,0.0,0.0,0.0,0.0,0.0,0.0,0.0,0.0,0.0,0.0,0.0,0.0,9071.070127569139,17789440488.0,8699.091522927396,15626569883.0,8322.525863686576,17789440488.0,8372.884027751401,30268935816.0,8365.663802176714,14642365933.0,8365.656700618565,14642365933.0,0.0,0.0,0.0,0.0,0.0,0.0,0.0,0.0,0.0,0.0,0.0,0.0,78.665197907947,679191639.0,78.39809962455183,679191639.0,77.7956587150693,679191639.0,78.18495609661576,1341934441.0,77.87248689122498,662742802.0,77.8709911648184,662742802.0,73874528.508,60685188.612,3.0877581187132748,10.692038393974675,65223046.088,53040061.66,3.017990365087986,10.691641295763104,73874528.508,60685188.612,2.5994433766044676,10.4879894743612,126443481.028,111504416.28,2.622933754044758,10.509310770186447,61220434.94,53040061.66,2.6200839019995183,10.500403762288203,61220434.94,61220434.94,2.6200784972738473,10.500392711509576,2401
GITHUB_REPOS,query3,2,inf,9149.735325477086,7305.743612363003,16258034175.0,18468632127.0,0.0,0.0,2401.0,8777.489622551948,6908.277538678609,14339622605.0,16305761522.0,75.0,0.0,2401.0,8400.321522401646,6556.329512868077,13531010381.0,18468632127.0,233.0,0.0,2401.0,8451.068983848018,6556.329512868077,13531010381.0,31610870257.0,233.0,0.0,2401.0,8443.536289067939,6556.329512868077,13531010381.0,15305108735.0,233.0,0.0,2401.0,8443.527691783383,6556.329512868077,13531010381.0,15305108735.0,233.0,0.0,2401.0,7305.743612363003,1039.515964820981,804.4757482931018,0.0,0.0,0.0,0.0,6908.277538678609,925.2957354038954,715.4809163911268,0.0,9.541399776935577e-05,0.0009426847100257874,228.434393979609,6556.329512868077,1039.515964820981,804.4757482931018,0.0,0.00029641948640346527,0.0,0.0,6556.329512868077,838.9628306468949,647.185613409616,7.543277987089238,0.00029641948640346527,0.0009426847100257874,401.0465098321438,6556.329512868077,838.9628306468949,647.185613409616,0.01058320701122284,0.00029641948640346527,0.0009426847100257874,401.0465098321438,6556.329512868077,838.9628306468949,647.185613409616,0.0,0.00029641948640346527,0.002928607165813446,401.0465098321438,0.0,0.0,0.0,0.0,0.0,0.0,0.0,0.0,0.0,0.0,0.0,0.0,9071.070127569139,17789440488.0,8699.091522927396,15626569883.0,8322.525863686576,17789440488.0,8372.884027751401,30268935816.0,8365.663802176714,14642365933.0,8365.656700618565,14642365933.0,0.0,0.0,0.0,0.0,0.0,0.0,0.0,0.0,0.0,0.0,0.0,0.0,78.665197907947,679191639.0,78.39809962455183,679191639.0,77.7956587150693,679191639.0,78.18495609661576,1341934441.0,77.87248689122498,662742802.0,77.8709911648184,662742802.0,73874528.508,60685188.612,3.0877581187132748,10.692038393974675,65223046.088,53040061.66,3.017990365087986,10.691641295763104,73874528.508,60685188.612,2.5994433766044676,10.4879894743612,126443481.028,111504416.28,2.622933754044758,10.509310770186447,61220434.94,53040061.66,2.6200839019995183,10.500403762288203,61220434.94,61220434.94,2.6200784972738473,10.500392711509576,2401
GITHUB_REPOS,query3,4,1/4,17737.889780911617,13987.484057937749,31783145954.0,36297548115.0,0.0,0.0,4775.0,16767.102175747976,12963.583095870912,27937685210.0,31928544825.0,177.0,0.0,4775.0,15473.739848671481,11723.333189368248,24073906206.0,36297548115.0,736.0,0.0,4775.0,15619.755873381753,11723.333189368248,24073906206.0,59171741105.0,736.0,0.0,4775.0,15605.006816366687,11723.333189368248,24073906206.0,27243196280.0,736.0,0.0,4775.0,15604.992299022153,11723.333189368248,24073906206.0,27243196280.0,736.0,0.0,4775.0,13987.484057937749,2109.911652791314,1640.4940701825544,0.0,0.0,0.0,0.0,12963.583095870912,1866.6349026598036,1450.3384622950107,0.0,0.00022517703473567963,0.002224735915660858,486.5432650092989,11723.333189368248,2109.911652791314,1640.4940701825544,0.0,0.0009363293647766113,0.0,0.0,11723.333189368248,1495.2314112735912,1157.2429407546297,14.770600502973215,0.0009363293647766113,0.002224735915660858,1229.1745704170316,11723.333189368248,1495.2314112735912,1157.2429407546297,0.021543487906455994,0.0009363293647766113,0.002224735915660858,1229.1745704170316,11723.333189368248,1495.2314112735912,1157.2429407546297,0.0,0.0009363293647766113,0.009250879287719727,1229.1745704170316,0.0,0.0,0.0,0.0,0.0,0.0,0.0,0.0,0.0,0.0,0.0,0.0,17587.682774925604,34912039438.0,16617.651833137497,30543036148.0,15327.381256485358,34912039438.0,15472.280335444446,56517481656.0,15458.168652314693,25974445508.0,15458.15693788603,25974445508.0,0.0,0.0,0.0,0.0,0.0,0.0,0.0,0.0,0.0,0.0,0.0,0.0,150.20700598601252,1385508677.0,149.4503426104784,1385508677.0,146.35859218612313,1385508677.0,147.47553793730748,2654259449.0,146.83816405199468,1268750772.0,146.83536113612354,1268750772.0,145190192.46,92237961.12,3.0973810741882772,10.465428504071568,127714179.3,78058210.728,3.052584483873099,10.44722951758783,145190192.46,92237961.12,2.1136985862217843,10.351479276332443,236686964.42,176500736.392,2.174178072489226,10.372088471939371,108972785.12,78058210.728,2.1708943660315128,10.36427130178399,108972785.12,108972785.12,2.1708904696013778,10.364259904097391,4775
GITHUB_REPOS,query3,4,inf,17737.889780911617,13987.484057937749,31783145954.0,36297548115.0,0.0,0.0,4775.0,16767.102175747976,12963.583095870912,27937685210.0,31928544825.0,177.0,0.0,4775.0,15473.739848671481,11723.333189368248,24073906206.0,36297548115.0,736.0,0.0,4775.0,15619.755873381753,11723.333189368248,24073906206.0,59171741105.0,736.0,0.0,4775.0,15605.006816366687,11723.333189368248,24073906206.0,27243196280.0,736.0,0.0,4775.0,15604.992299022153,11723.333189368248,24073906206.0,27243196280.0,736.0,0.0,4775.0,13987.484057937749,2109.911652791314,1640.4940701825544,0.0,0.0,0.0,0.0,12963.583095870912,1866.6349026598036,1450.3384622950107,0.0,0.00022517703473567963,0.002224735915660858,486.5432650092989,11723.333189368248,2109.911652791314,1640.4940701825544,0.0,0.0009363293647766113,0.0,0.0,11723.333189368248,1495.2314112735912,1157.2429407546297,14.770600502973215,0.0009363293647766113,0.002224735915660858,1229.1745704170316,11723.333189368248,1495.2314112735912,1157.2429407546297,0.021543487906455994,0.0009363293647766113,0.002224735915660858,1229.1745704170316,11723.333189368248,1495.2314112735912,1157.2429407546297,0.0,0.0009363293647766113,0.009250879287719727,1229.1745704170316,0.0,0.0,0.0,0.0,0.0,0.0,0.0,0.0,0.0,0.0,0.0,0.0,17587.682774925604,34912039438.0,16617.651833137497,30543036148.0,15327.381256485358,34912039438.0,15472.280335444446,56517481656.0,15458.168652314693,25974445508.0,15458.15693788603,25974445508.0,0.0,0.0,0.0,0.0,0.0,0.0,0.0,0.0,0.0,0.0,0.0,0.0,150.20700598601252,1385508677.0,149.4503426104784,1385508677.0,146.35859218612313,1385508677.0,147.47553793730748,2654259449.0,146.83816405199468,1268750772.0,146.83536113612354,1268750772.0,145190192.46,92237961.12,3.0973810741882772,10.465428504071568,127714179.3,78058210.728,3.052584483873099,10.44722951758783,145190192.46,92237961.12,2.1136985862217843,10.351479276332443,236686964.42,176500736.392,2.174178072489226,10.372088471939371,108972785.12,78058210.728,2.1708943660315128,10.36427130178399,108972785.12,108972785.12,2.1708904696013778,10.364259904097391,4775
GITHUB_REPOS,query3,8,1/4,37324.75955296587,29394.651805777103,70734352407.0,80234540567.0,0.0,0.0,9949.0,35723.199873754755,27646.84765589796,59188894829.0,67305763079.0,356.0,0.0,9949.0,31261.135003421456,23331.02462916728,49691447106.0,80234540567.0,2065.0,0.0,9949.0,31627.251310097152,23331.02462916728,49691447106.0,123109946369.0,2065.0,0.0,9949.0,31596.158821189776,23331.02462916728,49691447106.0,55804183290.0,2065.0,0.0,9949.0,31596.136184187606,23331.02462916728,49691447106.0,55804183290.0,2065.0,0.0,9949.0,29394.651805777103,4466.8990392535925,3463.208707935177,0.0,0.0,0.0,0.0,27646.84765589796,3814.7945205559954,2957.3762632152066,0.0,0.00045289844274520874,0.004474610090255737,1304.1765065770596,23331.02462916728,4466.8990392535925,3463.208707935177,0.0,0.0026270654052495956,0.0,0.0,23331.02462916728,2909.3048521419987,2241.2158552110195,31.136606551804334,0.0026270654052495956,0.004474610090255737,3114.562265349552,23331.02462916728,2909.3048521419987,2241.2158552110195,0.04411764442920685,0.0026270654052495956,0.004474610090255737,3114.562265349552,23331.02462916728,2909.3048521419987,2241.2158552110195,0.0,0.0026270654052495956,0.02595525234937668,3114.562265349552,0.0,0.0,0.0,0.0,0.0,0.0,0.0,0.0,0.0,0.0,0.0,0.0,37009.8584042266,77521701560.0,35410.467415530235,64592924072.0,30959.85427212529,77521701560.0,31323.383954406392,118018300751.0,31293.53924885951,53425376679.0,31293.52039516531,53425376679.0,0.0,0.0,0.0,0.0,0.0,0.0,0.0,0.0,0.0,0.0,0.0,0.0,314.90114873927087,2712839007.0,312.7324582245201,2712839007.0,301.2807312961668,2712839007.0,303.8673556907619,5091645618.0,302.61957233026624,2378806611.0,302.61578902229667,2378806611.0,320938162.268,156572706.864,2.8767409888822586,10.330150717000288,269223052.316,122787021.664,2.814752768976614,10.329800086634602,320938162.268,156572706.864,1.337380127152428,10.139188498628137,481664668.08,313694746.768,1.421597724460861,10.14675210065531,223112819.968,122787021.664,1.4184872636459769,10.139292068310452,214311135.656,214311135.656,1.4184853028617799,10.139280522308123,9949
GITHUB_REPOS,query3,8,inf,37324.75955296587,29394.651805777103,70734352407.0,80234540567.0,0.0,0.0,9949.0,35723.199873754755,27646.84765589796,59188894829.0,67305763079.0,356.0,0.0,9949.0,31260.597043037415,23330.48666496668,49670418688.0,80234540567.0,2068.0,0.0,9949.0,31627.22948810561,23330.48666496668,49670418688.0,123083968071.0,2068.0,0.0,9949.0,31596.136999198236,23330.48666496668,49670418688.0,55778204992.0,2068.0,0.0,9949.0,31596.114399903454,23330.48666496668,49670418688.0,55778204992.0,2068.0,0.0,9949.0,29394.651805777103,4466.8990392535925,3463.208707935177,0.0,0.0,0.0,0.0,27646.84765589796,3814.7945205559954,2957.3762632152066,0.0,0.00045289844274520874,0.004474610090255737,1304.1765065770596,23330.48666496668,4466.8990392535925,3463.208707935177,0.0,0.00263088196516037,0.0,0.0,23330.48666496668,2907.026691987179,2239.454985386692,31.136606551804334,0.00263088196516037,0.004474610090255737,3119.1174337211996,23330.48666496668,2907.026691987179,2239.454985386692,0.04411764442920685,0.00263088196516037,0.004474610090255737,3119.1174337211996,23330.48666496668,2907.026691987179,2239.454985386692,0.0,0.00263088196516037,0.02599295973777771,3119.1174337211996,0.0,0.0,0.0,0.0,0.0,0.0,0.0,0.0,0.0,0.0,0.0,0.0,37009.8584042266,77521701560.0,35410.467415530235,64592924072.0,30959.316311741248,77521701560.0,31323.36213241485,117992322453.0,31293.51742686797,53399398381.0,31293.498610881157,53399398381.0,0.0,0.0,0.0,0.0,0.0,0.0,0.0,0.0,0.0,0.0,0.0,0.0,314.90114873927087,2712839007.0,312.7324582245201,2712839007.0,301.2807312961668,2712839007.0,303.8673556907619,5091645618.0,302.61957233026624,2378806611.0,302.61578902229667,2378806611.0,320938162.268,156572706.864,2.8767409888822586,10.330150717000288,269223052.316,122787021.664,2.814752768976614,10.329800086634602,320938162.268,156572706.864,1.337380127152428,10.139188498628137,492335872.284,319426265.104,1.421597724460861,10.14675210065531,223112819.968,122787021.664,1.4184872636459769,10.139292068310452,223112819.968,223112819.968,1.4184853028617799,10.139280522308123,9949
GITHUB_REPOS,query4,2,1/4,22630.02999247797,2330.1312276329845,257109210415.0,280664144219.0,0.0,0.0,2209.0,22845.596269606613,1898.5642892578617,198390912411.0,216529978932.0,163.0,0.0,2209.0,21841.942538865842,1542.0432587852702,154944424387.0,280664144219.0,405.0,0.0,2209.0,23061.25509421048,1542.0432587852702,154944424387.0,385713352374.0,405.0,0.0,2209.0,22961.092023087665,1542.0432587852702,154944424387.0,169183373442.0,405.0,0.0,2209.0,22961.088277487084,1542.0432587852702,154944424387.0,169183373442.0,405.0,0.0,2209.0,2330.1312276329845,11561.84675452672,8738.052010318264,0.0,0.0,0.0,0.0,1898.5642892578617,8909.640018539503,6733.01150594838,0.0,0.00020736642181873322,0.002048768103122711,5304.378199726343,1542.0432587852702,11561.84675452672,8738.052010318264,0.0,0.0005152355879545212,0.0,0.0,1542.0432587852702,6991.263253270648,5286.767231142148,100.16985845272637,0.0005152355879545212,0.002048768103122711,9141.008928555995,1542.0432587852702,6991.263253270648,5286.767231142148,0.006787329912185669,0.0005152355879545212,0.002048768103122711,9141.008928555995,1542.0432587852702,6991.263253270648,5286.767231142148,0.0,0.0005152355879545212,0.005090497434139252,9141.008928555995,0.0,0.0,0.0,0.0,0.0,0.0,0.0,0.0,0.0,0.0,0.0,0.0,22616.38520978205,280655661911.0,22832.412737746723,216521496624.0,21829.30900884047,280655661911.0,23048.656088103067,385696418296.0,22948.496337698773,169174921672.0,22948.492692651227,169174921672.0,0.0,0.0,0.0,0.0,0.0,0.0,0.0,0.0,0.0,0.0,0.0,0.0,13.644782695919275,8482308.0,13.183531859889627,8482308.0,12.633530025370419,8482308.0,12.599006107414187,16934078.0,12.595685388892889,8451770.0,12.595584835857153,8451770.0,1122656576.876,799398919.392,13.143768382864073,33.10706229162402,866119915.728,553961998.364,13.170838925663382,33.236910814954335,1122656576.876,799398919.392,12.56170008309558,32.741232420422875,1533497923.176,1209766227.728,13.207286332112147,33.88345465645657,676733493.768,553961998.364,13.14196547338739,33.7068510234449,667378007.448,667378007.448,13.141960697118193,33.706845065677534,2209
GITHUB_REPOS,query4,2,inf,22630.02999247797,2330.1312276329845,257109210415.0,280664144219.0,0.0,0.0,2209.0,22845.596269606613,1898.5642892578617,198390912411.0,216529978932.0,163.0,0.0,2209.0,21841.942538865842,1542.0432587852702,154944424387.0,280664144219.0,405.0,0.0,2209.0,23061.25509421048,1542.0432587852702,154944424387.0,385713352374.0,405.0,0.0,2209.0,22961.092023087665,1542.0432587852702,154944424387.0,169183373442.0,405.0,0.0,2209.0,22961.088277487084,1542.0432587852702,154944424387.0,169183373442.0,405.0,0.0,2209.0,2330.1312276329845,11561.84675452672,8738.052010318264,0.0,0.0,0.0,0.0,1898.5642892578617,8909.640018539503,6733.01150594838,0.0,0.00020736642181873322,0.002048768103122711,5304.378199726343,1542.0432587852702,11561.84675452672,8738.052010318264,0.0,0.0005152355879545212,0.0,0.0,1542.0432587852702,6991.263253270648,5286.767231142148,100.16985845272637,0.0005152355879545212,0.002048768103122711,9141.008928555995,1542.0432587852702,6991.263253270648,5286.767231142148,0.006787329912185669,0.0005152355879545212,0.002048768103122711,9141.008928555995,1542.0432587852702,6991.263253270648,5286.767231142148,0.0,0.0005152355879545212,0.005090497434139252,9141.008928555995,0.0,0.0,0.0,0.0,0.0,0.0,0.0,0.0,0.0,0.0,0.0,0.0,22616.38520978205,280655661911.0,22832.412737746723,216521496624.0,21829.30900884047,280655661911.0,23048.656088103067,385696418296.0,22948.496337698773,169174921672.0,22948.492692651227,169174921672.0,0.0,0.0,0.0,0.0,0.0,0.0,0.0,0.0,0.0,0.0,0.0,0.0,13.644782695919275,8482308.0,13.183531859889627,8482308.0,12.633530025370419,8482308.0,12.599006107414187,16934078.0,12.595685388892889,8451770.0,12.595584835857153,8451770.0,1122656576.876,799398919.392,13.143768382864073,33.10706229162402,866119915.728,553961998.364,13.170838925663382,33.236910814954335,1122656576.876,799398919.392,12.56170008309558,32.741232420422875,1542853409.496,1214443970.888,13.207286332112147,33.88345465645657,676733493.768,553961998.364,13.14196547338739,33.7068510234449,676733493.768,676733493.768,13.141960697118193,33.706845065677534,2209
GITHUB_REPOS,query4,4,1/4,40369.9768929258,4186.466366508976,460450342254.0,502399406235.0,0.0,0.0,4232.0,40636.36477049161,3648.080812321976,387274293754.0,422485989086.0,247.0,0.0,4232.0,38364.916730442084,2181.4045845316723,207240829424.0,502399406235.0,1273.0,0.0,4232.0,41315.31975748083,2181.4045845316723,207240829424.0,648829293184.0,1273.0,0.0,4232.0,41119.88509556092,2181.4045845316723,207240829424.0,226343304098.0,1273.0,0.0,4232.0,41119.884605364874,2181.4045845316723,207240829424.0,226343304098.0,1273.0,0.0,4232.0,4186.466366508976,20609.15684452653,15574.353681890294,0.0,0.0,0.0,0.0,3648.080812321976,17308.606586481445,13078.654624192044,0.0,0.0003142300993204117,0.003104574978351593,6601.019328691065,2181.4045845316723,20609.15684452653,15574.353681890294,0.0,0.0016194935888051987,0.0,0.0,2181.4045845316723,9376.082677409984,7096.831134548411,195.44804804278482,0.0016194935888051987,0.003104574978351593,22465.548588879406,2181.4045845316723,9376.082677409984,7096.831134548411,0.01338612288236618,0.0016194935888051987,0.003104574978351593,22465.548588879406,2181.4045845316723,9376.082677409984,7096.831134548411,0.0,0.0016194935888051987,0.016000501811504364,22465.548588879406,0.0,0.0,0.0,0.0,0.0,0.0,0.0,0.0,0.0,0.0,0.0,0.0,40342.903978641145,502378608518.0,40610.352205118164,422465191369.0,38341.645577515475,502378608518.0,41292.17182755961,648787832596.0,41096.74535407964,226322641227.0,41096.74379550759,226322641227.0,0.0,0.0,0.0,0.0,0.0,0.0,0.0,0.0,0.0,0.0,0.0,0.0,27.07291428465396,20797717.0,26.012565373443067,20797717.0,23.27115292660892,20797717.0,23.14792992122055,41460588.0,23.139741481281817,20662871.0,23.140809857286513,20662871.0,2009597624.94,905878564.616,12.713976941259578,36.835502685488,1689943956.344,656283170.824,12.716495461693034,36.98462233495227,2009597624.94,905878564.616,11.849294736132025,35.85797807757071,2572143808.524,1518979242.072,12.768187928576904,38.13247170785631,903034344.812,656283170.824,12.705159541251138,37.92700044387485,884334481.188,884334481.188,12.705155669959263,37.926996808882606,4232
GITHUB_REPOS,query4,4,inf,40369.9768929258,4186.466366508976,460450342254.0,502399406235.0,0.0,0.0,4232.0,40636.36477049161,3648.080812321976,387274293754.0,422485989086.0,247.0,0.0,4232.0,38360.564524770714,2177.0523750437424,206702668892.0,502399406235.0,1276.0,0.0,4232.0,41316.47165111611,2177.0523750437424,206702668892.0,648244575289.0,1276.0,0.0,4232.0,41121.036989196204,2177.0523750437424,206702668892.0,225758586203.0,1276.0,0.0,4232.0,41121.03653670754,2177.0523750437424,206702668892.0,225758586203.0,1276.0,0.0,4232.0,4186.466366508976,20609.15684452653,15574.353681890294,0.0,0.0,0.0,0.0,3648.080812321976,17308.606586481445,13078.654624192044,0.0,0.0003142300993204117,0.003104574978351593,6601.019328691065,2177.0523750437424,20609.15684452653,15574.353681890294,0.0,0.001623310148715973,0.0,0.0,2177.0523750437424,9352.962178638205,7079.2160610016435,195.44804804278482,0.001623310148715973,0.003104574978351593,22511.788260504603,2177.0523750437424,9352.962178638205,7079.2160610016435,0.01338612288236618,0.001623310148715973,0.003104574978351593,22511.788260504603,2177.0523750437424,9352.962178638205,7079.2160610016435,0.0,0.001623310148715973,0.016038209199905396,22511.788260504603,0.0,0.0,0.0,0.0,0.0,0.0,0.0,0.0,0.0,0.0,0.0,0.0,40342.903978641145,502378608518.0,40610.352205118164,422465191369.0,38337.293371844105,502378608518.0,41293.32372119489,648203114701.0,41097.89724771492,225737923332.0,41097.895726850256,225737923332.0,0.0,0.0,0.0,0.0,0.0,0.0,0.0,0.0,0.0,0.0,0.0,0.0,27.07291428465396,20797717.0,26.012565373443067,20797717.0,23.27115292660892,20797717.0,23.14792992122055,41460588.0,23.139741481281817,20662871.0,23.140809857286513,20662871.0,2009597624.94,905878564.616,12.713976941259578,36.835502685488,1689943956.344,656283170.824,12.716495461693034,36.98462233495227,2009597624.94,905878564.616,11.849293473647908,35.85677405676319,2592978301.156,1534641952.8,12.768186666092785,38.135291481691844,903034344.812,656283170.824,12.70515827876702,37.92971202320083,903034344.812,903034344.812,12.705154407475144,37.92970841083302,4232
GITHUB_REPOS,query4,8,1/4,77872.82652622554,8130.139372752979,883101651974.0,964017634015.0,0.0,0.0,8445.0,78359.39501024783,7136.423657699488,749316186769.0,817791589253.0,434.0,0.0,8445.0,72715.1252431022,2972.433423249051,257332505350.0,964017634015.0,3668.0,0.0,8445.0,79929.68252938558,2976.1097273444757,257870664712.0,1099727683473.0,3666.0,0.0,8445.0,79551.38672602922,2976.1097273444757,257870664712.0,281936094220.0,3666.0,0.0,8445.0,79553.4534515487,2972.433423249051,257332505350.0,281351376325.0,3668.0,0.0,8445.0,8130.139372752979,39716.409468557686,30026.27768491488,0.0,0.0,0.0,0.0,7136.423657699488,33631.623815189116,25421.900730419904,0.0,0.0005521290004253387,0.005455002188682556,12169.44079980813,2972.433423249051,39716.409468557686,30026.27768491488,0.0,0.00466638058423996,0.0,0.0,2976.1097273444757,11794.211161651649,8938.521521288902,378.3220602678258,0.00466383621096611,0.005455002188682556,55842.507939994335,2976.1097273444757,11794.211161651649,8938.521521288902,0.02625691145658493,0.00466383621096611,0.005455002188682556,55842.507939994335,2972.433423249051,11771.171699143015,8921.211519397795,0.0,0.00466638058423996,0.04610356688499451,55888.58603981137,0.0,0.0,0.0,0.0,0.0,0.0,0.0,0.0,0.0,0.0,0.0,0.0,77818.49299013242,963975110930.0,78306.77210669033,817749066168.0,72672.52455768362,963975110930.0,79887.46165810809,1099643028141.0,79509.18263563793,281893961973.0,79511.25396733172,281309244078.0,0.0,0.0,0.0,0.0,0.0,0.0,0.0,0.0,0.0,0.0,0.0,0.0,54.33353609312326,42523085.0,52.62290355749428,42523085.0,42.60068541858345,42523085.0,42.22087127749578,84655332.0,42.20409039128572,42132247.0,42.199484216980636,42132247.0,3856070536.06,1125640242.96,13.430120715605096,37.785086590421756,3271166357.012,689557439.22,13.43200497389771,37.994848381432696,3856070536.06,1125640242.96,12.38403728534095,35.97407927997317,4297811380.396,1704411225.632,13.515755646277933,39.46953247082914,1097339046.34,689557439.22,13.45719194026664,39.24544602208137,1042243243.18,1042243243.18,13.457189175058156,39.245444312679766,8445
GITHUB_REPOS,query4,8,inf,77872.82652622554,8130.139372752979,883101651974.0,964017634015.0,0.0,0.0,8445.0,78359.39501024783,7136.423657699488,749316186769.0,817791589253.0,434.0,0.0,8445.0,72666.02727131639,2923.3353954870254,250874572079.0,964017634015.0,3712.0,0.0,8445.0,79950.28558824435,2923.3353954870254,250874572079.0,1092126350838.0,3712.0,0.0,8445.0,79571.98978488799,2923.3353954870254,250874572079.0,274334761585.0,3712.0,0.0,8445.0,79572.00472958293,2923.3353954870254,250874572079.0,274334761585.0,3712.0,0.0,8445.0,8130.139372752979,39716.409468557686,30026.27768491488,0.0,0.0,0.0,0.0,7136.423657699488,33631.623815189116,25421.900730419904,0.0,0.0005521290004253387,0.005455002188682556,12169.44079980813,2923.3353954870254,39716.409468557686,30026.27768491488,0.0,0.0047223567962646484,0.0,0.0,2923.3353954870254,11494.288260148838,8712.0025228085,378.3220602678258,0.0047223567962646484,0.005455002188682556,56442.32717217319,2923.3353954870254,11494.288260148838,8712.0025228085,0.02625691145658493,0.0047223567962646484,0.005455002188682556,56442.32717217319,2923.3353954870254,11494.288260148838,8712.0025228085,0.0,0.0047223567962646484,0.04665660858154297,56442.32717217319,0.0,0.0,0.0,0.0,0.0,0.0,0.0,0.0,0.0,0.0,0.0,0.0,77818.49299013242,963975110930.0,78306.77210669033,817749066168.0,72623.62747005466,963975110930.0,79908.28449009456,1092041695506.0,79530.0054676244,274292629338.0,79530.01390151028,274292629338.0,0.0,0.0,0.0,0.0,0.0,0.0,0.0,0.0,0.0,0.0,0.0,0.0,54.33353609312326,42523085.0,52.62290355749428,42523085.0,42.39980126172304,42523085.0,42.00109814979837,84655332.0,41.98431726358831,42132247.0,41.99082807265222,42132247.0,3856070536.06,1125640242.96,13.430120715605096,37.785086590421756,3271166357.012,689557439.22,13.43200497389771,37.994848381432696,3856070536.06,1125640242.96,12.384026188518853,35.92749357566888,4368505403.352,1754713708.28,13.515744549455833,39.47051993083447,1097339046.34,689557439.22,13.457180843444542,39.245852523010036,1097339046.34,1097339046.34,13.457178078236058,39.24585081612225,8445
PANCANCER_ATLAS,query1,2,1/4,300.59649404883385,259.23537753243,661190168.0,700034485.0,0.0,0.0,3500.0,294.29881015233696,250.69109587091953,285366311.0,302844920.0,325.0,0.0,3500.0,267.8653377285227,226.50357239693403,273604645.0,700034485.0,510.0,0.0,3500.0,270.2542872584844,226.50357239693403,273604645.0,593378532.0,510.0,0.0,3500.0,270.1314317220822,226.50357239693403,273604645.0,290533612.0,510.0,0.0,3500.0,270.11651216540486,226.50357239693403,273604645.0,290533612.0,510.0,0.0,3500.0,259.23537753243,24.326353172771633,17.03476334363222,0.0,0.0,0.0,0.0,250.69109587091953,13.236116246320307,8.28560245782137,0.0,0.0004134606570005417,0.004084967076778412,22.081497149541974,226.50357239693403,24.326353172771633,17.03476334363222,0.0,0.0006488151848316193,0.0,0.0,226.50357239693403,12.439980410039425,7.908177559264004,0.14010038203095226,0.0006488151848316193,0.004084967076778412,23.257722727954388,226.50357239693403,12.439980410039425,7.908177559264004,0.017244845628738403,0.0006488151848316193,0.004084967076778412,23.257722727954388,226.50357239693403,12.439980410039425,7.908177559264004,0.0,0.0006488151848316193,0.006410256028175354,23.257722727954388,0.0,0.0,0.0,0.0,0.0,0.0,0.0,0.0,0.0,0.0,0.0,0.0,0.0,0.0,0.0,0.0,0.0,0.0,0.0,0.0,0.0,0.0,0.0,0.0,56.20466183964163,677734320.0,55.054418897256255,281049930.0,52.28189613763243,677734320.0,54.56649616509293,552016354.0,54.44850711338222,270966424.0,54.438112443313,270966424.0,244.39183220919222,22300165.0,239.2443912550807,21794990.0,215.5834415908903,22300165.0,215.68779109339147,41362178.0,215.68292460869998,19567188.0,215.67839972209185,19567188.0,2800137.94,2248181.8,0.017452675349875747,0.4287837745969643,1211379.68,871436.248,0.01682421958156259,0.4265018446765555,2800137.94,2248181.8,0.015469687983363747,0.3763311728350742,2373514.128,1977980.388,0.01612585884457876,0.3767777506164094,1162134.448,871436.248,0.016108507959987504,0.37665845458900704,1162134.448,1162134.448,0.016104141575654585,0.37664752853248845,3500
PANCANCER_ATLAS,query1,2,inf,300.59649404883385,259.23537753243,661190168.0,700034485.0,0.0,0.0,3500.0,294.29881015233696,250.69109587091953,285366311.0,302844920.0,325.0,0.0,3500.0,267.8653377285227,226.50357239693403,273604645.0,700034485.0,510.0,0.0,3500.0,270.2542872584844,226.50357239693403,273604645.0,593378532.0,510.0,0.0,3500.0,270.1314317220822,226.50357239693403,273604645.0,290533612.0,510.0,0.0,3500.0,270.11651216540486,226.50357239693403,273604645.0,290533612.0,510.0,0.0,3500.0,259.23537753243,24.326353172771633,17.03476334363222,0.0,0.0,0.0,0.0,250.69109587091953,13.236116246320307,8.28560245782137,0.0,0.0004134606570005417,0.004084967076778412,22.081497149541974,226.50357239693403,24.326353172771633,17.03476334363222,0.0,0.0006488151848316193,0.0,0.0,226.50357239693403,12.439980410039425,7.908177559264004,0.14010038203095226,0.0006488151848316193,0.004084967076778412,23.257722727954388,226.50357239693403,12.439980410039425,7.908177559264004,0.017244845628738403,0.0006488151848316193,0.004084967076778412,23.257722727954388,226.50357239693403,12.439980410039425,7.908177559264004,0.0,0.0006488151848316193,0.006410256028175354,23.257722727954388,0.0,0.0,0.0,0.0,0.0,0.0,0.0,0.0,0.0,0.0,0.0,0.0,0.0,0.0,0.0,0.0,0.0,0.0,0.0,0.0,0.0,0.0,0.0,0.0,56.20466183964163,677734320.0,55.054418897256255,281049930.0,52.28189613763243,677734320.0,54.56649616509293,552016354.0,54.44850711338222,270966424.0,54.438112443313,270966424.0,244.39183220919222,22300165.0,239.2443912550807,21794990.0,215.5834415908903,22300165.0,215.68779109339147,41362178.0,215.68292460869998,19567188.0,215.67839972209185,19567188.0,2800137.94,2248181.8,0.017452675349875747,0.4287837745969643,1211379.68,871436.248,0.01682421958156259,0.4265018446765555,2800137.94,2248181.8,0.015469687983363747,0.3763311728350742,2373514.128,1977980.388,0.01612585884457876,0.3767777506164094,1162134.448,871436.248,0.016108507959987504,0.37665845458900704,1162134.448,1162134.448,0.016104141575654585,0.37664752853248845,3500
PANCANCER_ATLAS,query1,4,1/4,607.236185990274,522.0872815344483,1382010768.0,1462707659.0,0.0,0.0,6987.0,599.2713253414258,509.41949682869017,590019895.0,626122838.0,638.0,0.0,6987.0,501.8222712473944,416.671627712436,550206937.0,1462707659.0,1367.0,0.0,6987.0,506.7126067855207,416.671627712436,550206937.0,1210770097.0,1367.0,0.0,6987.0,506.4577699135989,416.671627712436,550206937.0,584647259.0,1367.0,0.0,6987.0,506.4321163203567,416.671627712436,550206937.0,584647259.0,1367.0,0.0,6987.0,522.0872815344483,49.90876321494579,35.24014124087989,0.0,0.0,0.0,0.0,509.41949682869017,26.81362950336188,17.00206806510687,0.0,0.0008116550743579865,0.008019104599952698,46.027300184592605,416.671627712436,49.90876321494579,35.24014124087989,0.0,0.0017390791326761246,0.0,0.0,416.671627712436,23.789979681372643,15.678307578898966,0.289653360545404,0.0017390791326761246,0.008019104599952698,50.27328026853502,416.671627712436,23.789979681372643,15.678307578898966,0.03481648862361908,0.0017390791326761246,0.008019104599952698,50.27328026853502,416.671627712436,23.789979681372643,15.678307578898966,0.0,0.0017390791326761246,0.01718199998140335,50.27328026853502,0.0,0.0,0.0,0.0,0.0,0.0,0.0,0.0,0.0,0.0,0.0,0.0,0.0,0.0,0.0,0.0,0.0,0.0,0.0,0.0,0.0,0.0,0.0,0.0,114.4888576362282,1416879359.0,112.12603716924787,580831750.0,105.29575791303068,1416879359.0,109.8499233032677,1128796119.0,109.60529212933034,547964369.0,109.58775819372386,547964369.0,492.74732835404575,45828300.0,487.14528817217797,45291088.0,396.5265133343637,45828300.0,396.862683482253,81973978.0,396.85247778426856,36682890.0,396.84435812663287,36682890.0,5850830.636,4153357.032,0.014259815495461226,0.4449325992278755,2504491.352,1252610.656,0.013874025844037532,0.4436131521491334,5850830.636,4153357.032,0.01238421669974923,0.3994746026121079,4843080.388,3401050.92,0.01289395085915287,0.4000313499500031,2338589.036,1252610.656,0.012878384608775377,0.3998911245362833,2338589.036,2338589.036,0.012874387625604868,0.39988005364704865,6987
PANCANCER_ATLAS,query1,4,inf,607.236185990274,522.0872815344483,1382010768.0,1462707659.0,0.0,0.0,6987.0,599.2713253414258,509.41949682869017,590019895.0,626122838.0,638.0,0.0,6987.0,501.8222712473944,416.671627712436,550206937.0,1462707659.0,1367.0,0.0,6987.0,506.7126067855207,416.671627712436,550206937.0,1210770097.0,1367.0,0.0,6987.0,506.4577699135989,416.671627712436,550206937.0,584647259.0,1367.0,0.0,6987.0,506.4321163203567,416.671627712436,550206937.0,584647259.0,1367.0,0.0,6987.0,522.0872815344483,49.90876321494579,35.24014124087989,0.0,0.0,0.0,0.0,509.41949682869017,26.81362950336188,17.00206806510687,0.0,0.0008116550743579865,0.008019104599952698,46.027300184592605,416.671627712436,49.90876321494579,35.24014124087989,0.0,0.0017390791326761246,0.0,0.0,416.671627712436,23.789979681372643,15.678307578898966,0.289653360545404,0.0017390791326761246,0.008019104599952698,50.27328026853502,416.671627712436,23.789979681372643,15.678307578898966,0.03481648862361908,0.0017390791326761246,0.008019104599952698,50.27328026853502,416.671627712436,23.789979681372643,15.678307578898966,0.0,0.0017390791326761246,0.01718199998140335,50.27328026853502,0.0,0.0,0.0,0.0,0.0,0.0,0.0,0.0,0.0,0.0,0.0,0.0,0.0,0.0,0.0,0.0,0.0,0.0,0.0,0.0,0.0,0.0,0.0,0.0,114.4888576362282,1416879359.0,112.12603716924787,580831750.0,105.29575791303068,1416879359.0,109.8499233032677,1128796119.0,109.60529212933034,547964369.0,109.58775819372386,547964369.0,492.74732835404575,45828300.0,487.14528817217797,45291088.0,396.5265133343637,45828300.0,396.862683482253,81973978.0,396.85247778426856,36682890.0,396.84435812663287,36682890.0,5850830.636,4153357.032,0.014259815495461226,0.4449325992278755,2504491.352,1252610.656,0.013874025844037532,0.4436131521491334,5850830.636,4153357.032,0.01238421669974923,0.3994746026121079,4843080.388,3401050.92,0.01289395085915287,0.4000313499500031,2338589.036,1252610.656,0.012878384608775377,0.3998911245362833,2338589.036,2338589.036,0.012874387625604868,0.39988005364704865,6987
PANCANCER_ATLAS,query1,8,1/4,1201.3263020180166,1034.447126573883,2656407269.0,2814136186.0,0.0,0.0,14041.0,1175.5176268778741,999.6952018281445,1128125719.0,1199507424.0,1333.0,0.0,14041.0,880.2510568499565,713.3672061199322,985068300.0,2814136186.0,3675.0,0.0,14041.0,889.8057048335106,713.3672061199322,985068300.0,2249366458.0,3675.0,0.0,14041.0,889.3208307698369,713.3672061199322,985068300.0,1049859034.0,3675.0,0.0,14041.0,889.2802324816585,713.3672061199322,985068300.0,1049859034.0,3675.0,0.0,14041.0,1034.447126573883,98.04361143708229,68.83556400705129,0.0,0.0,0.0,0.0,999.6952018281445,53.34914047643542,33.37619173992425,0.0,0.0016958247870206833,0.016754649579524994,89.07864235900342,713.3672061199322,98.04361143708229,68.83556400705129,0.0,0.004675285890698433,0.0,0.0,713.3672061199322,43.6886438857764,28.78410468902439,0.5549092530637907,0.004675285890698433,0.016754649579524994,103.38941095024347,713.3672061199322,43.6886438857764,28.78410468902439,0.0700351893901825,0.004675285890698433,0.016754649579524994,103.38941095024347,713.3672061199322,43.6886438857764,28.78410468902439,0.0,0.004675285890698433,0.04619155079126358,103.38941095024347,0.0,0.0,0.0,0.0,0.0,0.0,0.0,0.0,0.0,0.0,0.0,0.0,0.0,0.0,0.0,0.0,0.0,0.0,0.0,0.0,0.0,0.0,0.0,0.0,225.74615785386413,2724068110.0,220.63586849998683,1111547344.0,204.8129497943446,2724068110.0,213.37696136372892,2099872289.0,212.91151192132384,988324945.0,212.88373414520174,988324945.0,975.5801441641524,90068076.0,954.8817583778873,87960080.0,675.4381070556119,90068076.0,676.4287434697816,149494169.0,676.4093188485131,61534089.0,676.3964983364567,61534089.0,11256544.744,6561678.476,0.011670174287632108,0.44579487635493276,4798029.696,1540662.02,0.011302582353353501,0.44306813254207367,11256544.744,6561678.476,0.009566246969625354,0.3880920385774223,8997465.832,5345114.884,0.009894693439304006,0.3887272237670242,4199436.136,1540662.02,0.009883310839533806,0.3885863066473974,4199436.136,4199436.136,0.009879703927785158,0.3885762387746943,14041
PANCANCER_ATLAS,query1,8,inf,1201.3263020180166,1034.447126573883,2656407269.0,2814136186.0,0.0,0.0,14041.0,1175.5176268778741,999.6952018281445,1128125719.0,1199507424.0,1333.0,0.0,14041.0,880.2510568499565,713.3672061199322,985068300.0,2814136186.0,3675.0,0.0,14041.0,889.8057048335106,713.3672061199322,985068300.0,2249366458.0,3675.0,0.0,14041.0,889.3208307698369,713.3672061199322,985068300.0,1049859034.0,3675.0,0.0,14041.0,889.2802324816585,713.3672061199322,985068300.0,1049859034.0,3675.0,0.0,14041.0,1034.447126573883,98.04361143708229,68.83556400705129,0.0,0.0,0.0,0.0,999.6952018281445,53.34914047643542,33.37619173992425,0.0,0.0016958247870206833,0.016754649579524994,89.07864235900342,713.3672061199322,98.04361143708229,68.83556400705129,0.0,0.004675285890698433,0.0,0.0,713.3672061199322,43.6886438857764,28.78410468902439,0.5549092530637907,0.004675285890698433,0.016754649579524994,103.38941095024347,713.3672061199322,43.6886438857764,28.78410468902439,0.0700351893901825,0.004675285890698433,0.016754649579524994,103.38941095024347,713.3672061199322,43.6886438857764,28.78410468902439,0.0,0.004675285890698433,0.04619155079126358,103.38941095024347,0.0,0.0,0.0,0.0,0.0,0.0,0.0,0.0,0.0,0.0,0.0,0.0,0.0,0.0,0.0,0.0,0.0,0.0,0.0,0.0,0.0,0.0,0.0,0.0,225.74615785386413,2724068110.0,220.63586849998683,1111547344.0,204.8129497943446,2724068110.0,213.37696136372892,2099872289.0,212.91151192132384,988324945.0,212.88373414520174,988324945.0,975.5801441641524,90068076.0,954.8817583778873,87960080.0,675.4381070556119,90068076.0,676.4287434697816,149494169.0,676.4093188485131,61534089.0,676.3964983364567,61534089.0,11256544.744,6561678.476,0.011670174287632108,0.44579487635493276,4798029.696,1540662.02,0.011302582353353501,0.44306813254207367,11256544.744,6561678.476,0.009566246969625354,0.3880920385774223,8997465.832,5345114.884,0.009894693439304006,0.3887272237670242,4199436.136,1540662.02,0.009883310839533806,0.3885863066473974,4199436.136,4199436.136,0.009879703927785158,0.3885762387746943,14041
PANCANCER_ATLAS,query2,2,1/4,89.50898301415145,47.34149699378759,592968698.0,632752780.0,0.0,0.0,3679.0,87.65437661018223,45.11490394640714,518442157.0,554061736.0,257.0,2.0,3679.0,84.31169533263892,42.143662272021174,505247242.0,632752780.0,430.0,2.0,3679.0,84.79332373097138,42.143662272021174,505247242.0,1001435399.0,430.0,2.0,3679.0,84.5976508744061,42.143662272021174,505247242.0,540425761.0,430.0,2.0,3679.0,84.58222855255008,42.143662272021174,505247242.0,540425761.0,430.0,2.0,3679.0,47.34149699378759,25.45957554038614,16.707910479977727,0.0,0.0,0.0,0.0,45.11490394640714,23.16817229334265,14.97338095959276,0.0,0.0003269519656896591,0.003230266273021698,4.3943621926009655,42.143662272021174,25.45957554038614,16.707910479977727,0.0,0.0005470402538776398,0.0,0.0,42.143662272021174,22.323740336112678,14.62224783282727,0.21326963781908906,0.0005470402538776398,0.003230266273021698,5.486626345664263,42.143662272021174,22.323740336112678,14.62224783282727,0.017596781253814697,0.0005470402538776398,0.003230266273021698,5.486626345664263,42.143662272021174,22.323740336112678,14.62224783282727,0.0,0.0005470402538776398,0.005404725670814514,5.486626345664263,0.0,0.0,0.0,0.0,0.0,0.0,0.0,0.0,0.0,0.0,0.0,0.0,0.0,0.0,0.0,0.0,0.0,0.0,0.0,0.0,0.0,0.0,0.0,0.0,59.5136839793995,624582966.0,58.23119094502181,545997190.0,57.21027653850615,624582966.0,57.647117718829044,985908297.0,57.45137975923717,532963205.0,57.43935110233724,532963205.0,29.99529903475195,8169814.0,29.423185665160418,8064546.0,27.10141879413277,8169814.0,27.146206012142333,15527102.0,27.14627111516893,7462556.0,27.142877450212836,7462556.0,2531011.12,2060606.8,0.01169155053794384,0.0815245748041197,2216246.944,1754637.056,0.011415108067914844,0.08148636134862895,2531011.12,2060606.8,0.010389112617820502,0.0782700189173221,4005741.596,3459378.336,0.01058418634734584,0.0788680923443875,2161703.044,1754637.056,0.010574927970767022,0.07863059460148208,2161703.044,2160624.496,0.01057078967243433,0.07862015216872091,3679
PANCANCER_ATLAS,query2,2,inf,89.50898301415145,47.34149699378759,592968698.0,632752780.0,0.0,0.0,3679.0,87.65437661018223,45.11490394640714,518442157.0,554061736.0,257.0,0.0,3679.0,84.31169533263892,42.143662272021174,505247242.0,632752780.0,430.0,0.0,3679.0,84.8363709594954,42.143662272021174,505247242.0,1094487497.0,430.0,0.0,3679.0,84.59767601266503,42.143662272021174,505247242.0,540425761.0,430.0,0.0,3679.0,84.58222855255008,42.143662272021174,505247242.0,540425761.0,430.0,0.0,3679.0,47.34149699378759,25.45957554038614,16.707910479977727,0.0,0.0,0.0,0.0,45.11490394640714,23.16817229334265,14.97338095959276,0.0,0.0003269519656896591,0.003230266273021698,4.3943621926009655,42.143662272021174,25.45957554038614,16.707910479977727,0.0,0.0005470402538776398,0.0,0.0,42.143662272021174,22.323740336112678,14.62224783282727,0.2563168663431191,0.0005470402538776398,0.003230266273021698,5.486626345664263,42.143662272021174,22.323740336112678,14.62224783282727,0.017621919512748718,0.0005470402538776398,0.003230266273021698,5.486626345664263,42.143662272021174,22.323740336112678,14.62224783282727,0.0,0.0005470402538776398,0.005404725670814514,5.486626345664263,0.0,0.0,0.0,0.0,0.0,0.0,0.0,0.0,0.0,0.0,0.0,0.0,0.0,0.0,0.0,0.0,0.0,0.0,0.0,0.0,0.0,0.0,0.0,0.0,59.5136839793995,624582966.0,58.23119094502181,545997190.0,57.21027653850615,624582966.0,57.69016494735307,1078960395.0,57.451404897496104,532963205.0,57.43935110233724,532963205.0,29.99529903475195,8169814.0,29.423185665160418,8064546.0,27.10141879413277,8169814.0,27.146206012142333,15527102.0,27.14627111516893,7462556.0,27.142877450212836,7462556.0,2531011.12,2060606.8,0.01169155053794384,0.0815245748041197,2216246.944,1754637.056,0.011415108067914844,0.08148636134862895,2531011.12,2060606.8,0.010389112617820502,0.0782700189173221,4377949.988,3831586.728,0.01058418634734584,0.07887670179009232,2161703.044,1754637.056,0.010574927970767022,0.07863059962913388,2161703.044,2161703.044,0.01057078967243433,0.07862015216872091,3679
PANCANCER_ATLAS,query2,4,1/4,190.65182682313025,93.10788529086858,1355919863.0,1450029778.0,0.0,0.0,7658.0,186.3993039689958,87.8496353207156,1161051956.0,1244177170.0,766.0,7.0,7658.0,174.45723843760788,76.91146495658904,1070402300.0,1450029778.0,1440.0,7.0,7658.0,175.77965710992052,76.91146495658904,1070402300.0,2068089345.0,1440.0,7.0,7658.0,175.39014296326786,76.91146495658904,1070402300.0,1149594518.0,1440.0,7.0,7658.0,175.36321988794953,76.91146495658904,1070402300.0,1149594518.0,1440.0,7.0,7658.0,93.10788529086858,58.76083496119827,38.7831065710634,0.0,0.0,0.0,0.0,87.8496353207156,52.7980386139825,34.258205246180296,0.0,0.0009744949638843536,0.009627953171730042,11.482822339981794,76.91146495658904,58.76083496119827,38.7831065710634,0.0,0.0018319487571716309,0.0,0.0,76.91146495658904,48.59310918767005,32.02637609746307,0.42490881523174767,0.0018319487571716309,0.009627953171730042,17.812338151037693,76.91146495658904,48.59310918767005,32.02637609746307,0.03539466857910156,0.0018319487571716309,0.009627953171730042,17.812338151037693,76.91146495658904,48.59310918767005,32.02637609746307,0.0,0.0018319487571716309,0.018099546432495117,17.812338151037693,0.0,0.0,0.0,0.0,0.0,0.0,0.0,0.0,0.0,0.0,0.0,0.0,0.0,0.0,0.0,0.0,0.0,0.0,0.0,0.0,0.0,0.0,0.0,0.0,134.7133522387594,1433156112.0,131.03469548746943,1227417358.0,127.28934579808265,1433156112.0,128.4910327713169,2036670253.0,128.10222067125142,1134935238.0,128.0807777363807,1134935238.0,55.93847458437085,16873666.0,55.364608481526375,16759812.0,47.167892639525235,16873666.0,47.288624338603626,31419092.0,47.28792229201645,14659280.0,47.28244215156883,14659280.0,5800119.112,3958402.028,0.009975859390571714,0.08660761663373556,4976708.68,3228553.532,0.009624625904485583,0.08651630424074826,5800119.112,3958402.028,0.00847564290650189,0.08002038745116438,8272357.38,6123362.36,0.008599947800512235,0.08093375122169491,4598378.072,3228553.532,0.008592581372708082,0.08069662776663895,4598378.072,4463936.82,0.008588659804314376,0.080686202930659,7658
PANCANCER_ATLAS,query2,4,inf,190.65182682313025,93.10788529086858,1355919863.0,1450029778.0,0.0,0.0,7658.0,186.3993039689958,87.8496353207156,1161051956.0,1244177170.0,766.0,0.0,7658.0,174.45723843760788,76.91146495658904,1070402300.0,1450029778.0,1440.0,0.0,7658.0,175.9303224097546,76.91146495658904,1070402300.0,2393771688.0,1440.0,0.0,7658.0,175.39023094717413,76.91146495658904,1070402300.0,1149594518.0,1440.0,0.0,7658.0,175.36321988794953,76.91146495658904,1070402300.0,1149594518.0,1440.0,0.0,7658.0,93.10788529086858,58.76083496119827,38.7831065710634,0.0,0.0,0.0,0.0,87.8496353207156,52.7980386139825,34.258205246180296,0.0,0.0009744949638843536,0.009627953171730042,11.482822339981794,76.91146495658904,58.76083496119827,38.7831065710634,0.0,0.0018319487571716309,0.0,0.0,76.91146495658904,48.59310918767005,32.02637609746307,0.575574115065853,0.0018319487571716309,0.009627953171730042,17.812338151037693,76.91146495658904,48.59310918767005,32.02637609746307,0.035482652485370636,0.0018319487571716309,0.009627953171730042,17.812338151037693,76.91146495658904,48.59310918767005,32.02637609746307,0.0,0.0018319487571716309,0.018099546432495117,17.812338151037693,0.0,0.0,0.0,0.0,0.0,0.0,0.0,0.0,0.0,0.0,0.0,0.0,0.0,0.0,0.0,0.0,0.0,0.0,0.0,0.0,0.0,0.0,0.0,0.0,134.7133522387594,1433156112.0,131.03469548746943,1227417358.0,127.28934579808265,1433156112.0,128.64169807115098,2362352596.0,128.10230865515769,1134935238.0,128.0807777363807,1134935238.0,55.93847458437085,16873666.0,55.364608481526375,16759812.0,47.167892639525235,16873666.0,47.288624338603626,31419092.0,47.28792229201645,14659280.0,47.28244215156883,14659280.0,5800119.112,3958402.028,0.009975859390571714,0.08660761663373556,4976708.68,3228553.532,0.009624625904485583,0.08651630424074826,5800119.112,3958402.028,0.00847564290650189,0.08002038745116438,9575086.752,7426091.732,0.008599947800512235,0.08093375122169491,4598378.072,3228553.532,0.008592581372708082,0.08069662776663895,4598378.072,4598378.072,0.008588659804314376,0.080686202930659,7658
PANCANCER_ATLAS,query2,8,1/4,358.3415322685614,184.15661300066859,2398724087.0,2564030504.0,0.0,0.0,14716.0,350.2545369612053,174.46567765437067,2091200384.0,2239234422.0,1137.0,9.0,14716.0,311.6303661717102,137.4412970310077,1822712986.0,2564030504.0,3262.0,9.0,14716.0,314.2067416398806,137.4412970310077,1822712986.0,3778755868.0,3262.0,9.0,14716.0,313.43448700383306,137.4412970310077,1822712986.0,1958255887.0,3262.0,9.0,14716.0,313.391261767596,137.4412970310077,1822712986.0,1958255887.0,3262.0,9.0,14716.0,184.15661300066859,105.43038419354707,68.75453507434577,0.0,0.0,0.0,0.0,174.46567765437067,96.0435110302642,61.621428586542606,0.0,0.0014464762061834335,0.014291100203990936,18.10818211361766,137.4412970310077,105.43038419354707,68.75453507434577,0.0,0.004149872809648514,0.0,0.0,137.4412970310077,83.31689955107868,54.775460309349,0.842189272401998,0.004149872809648514,0.014291100203990936,37.812454503029585,137.4412970310077,83.31689955107868,54.775460309349,0.06993463635444641,0.004149872809648514,0.014291100203990936,37.812454503029585,137.4412970310077,83.31689955107868,54.775460309349,0.0,0.004149872809648514,0.041000500321388245,37.812454503029585,0.0,0.0,0.0,0.0,0.0,0.0,0.0,0.0,0.0,0.0,0.0,0.0,0.0,0.0,0.0,0.0,0.0,0.0,0.0,0.0,0.0,0.0,0.0,0.0,243.30695917271078,2531903666.0,237.5141420532018,2207674314.0,227.7063353601843,2531903666.0,229.85388557703345,3723173954.0,229.08173889108002,1934234081.0,229.04750058241189,1934234081.0,115.03457309585065,32126838.0,112.74039490800351,31560108.0,83.92403081152588,32126838.0,84.35285606284717,55581914.0,84.35274811275303,24021806.0,84.34376118518412,24021806.0,10256122.016,5164677.096,0.009197413235902787,0.09084570987429469,8956937.688,4221588.344,0.008876551521942019,0.0908533366627991,10256122.016,5164677.096,0.00708950174972415,0.08175393951106813,15115023.472,9637276.732,0.007300245074330646,0.08365079121829914,7833023.548,4221588.344,0.007293982058763504,0.08338873805273321,7833023.548,7648374.568,0.007291216850280762,0.08337876821923998,14716
PANCANCER_ATLAS,query2,8,inf,358.3415322685614,184.15661300066859,2398724087.0,2564030504.0,0.0,0.0,14716.0,350.2545369612053,174.46567765437067,2091200384.0,2239234422.0,1137.0,0.0,14716.0,311.6303661717102,137.4412970310077,1822712986.0,2564030504.0,3262.0,0.0,14716.0,314.40045416823875,137.4412970310077,1822712986.0,4197490309.0,3262.0,0.0,14716.0,313.43460012599826,137.4412970310077,1822712986.0,1958255887.0,3262.0,0.0,14716.0,313.391261767596,137.4412970310077,1822712986.0,1958255887.0,3262.0,0.0,14716.0,184.15661300066859,105.43038419354707,68.75453507434577,0.0,0.0,0.0,0.0,174.46567765437067,96.0435110302642,61.621428586542606,0.0,0.0014464762061834335,0.014291100203990936,18.10818211361766,137.4412970310077,105.43038419354707,68.75453507434577,0.0,0.004149872809648514,0.0,0.0,137.4412970310077,83.31689955107868,54.775460309349,1.0359018007601335,0.004149872809648514,0.014291100203990936,37.812454503029585,137.4412970310077,83.31689955107868,54.775460309349,0.0700477585196495,0.004149872809648514,0.014291100203990936,37.812454503029585,137.4412970310077,83.31689955107868,54.775460309349,0.0,0.004149872809648514,0.041000500321388245,37.812454503029585,0.0,0.0,0.0,0.0,0.0,0.0,0.0,0.0,0.0,0.0,0.0,0.0,0.0,0.0,0.0,0.0,0.0,0.0,0.0,0.0,0.0,0.0,0.0,0.0,243.30695917271078,2531903666.0,237.5141420532018,2207674314.0,227.7063353601843,2531903666.0,230.0475981053916,4141908395.0,229.08185201324522,1934234081.0,229.04750058241189,1934234081.0,115.03457309585065,32126838.0,112.74039490800351,31560108.0,83.92403081152588,32126838.0,84.35285606284717,55581914.0,84.35274811275303,24021806.0,84.34376118518412,24021806.0,10256122.016,5164677.096,0.009197413235902787,0.09084570987429469,8956937.688,4221588.344,0.008876551521942019,0.0908533366627991,10256122.016,5164677.096,0.00708950174972415,0.08175393951106813,16789961.236,11312214.496,0.007300245074330646,0.08365079121829914,7833023.548,4221588.344,0.007293982058763504,0.08338873805273321,7833023.548,7833023.548,0.007291216850280762,0.08337876821923998,14716
PANCANCER_ATLAS,query3,2,1/4,93.73055133782327,49.22048640996218,651193289.0,693834291.0,0.0,0.0,3267.0,92.50270802620798,47.61426944099367,582157948.0,620844088.0,189.0,0.0,3267.0,89.24598924070597,44.73546123690903,560724026.0,693834291.0,364.0,0.0,3267.0,89.82649026178777,44.73546123690903,560724026.0,1219433548.0,364.0,0.0,3267.0,89.555593656376,44.73546123690903,560724026.0,598589460.0,364.0,0.0,3267.0,89.54147852398455,44.73546123690903,560724026.0,598589460.0,364.0,0.0,3267.0,49.22048640996218,26.521505443379283,17.98855948448181,0.0,0.0,0.0,0.0,47.61426944099367,24.457117271609604,16.331841737031937,0.0,0.00024044327437877655,0.002375565469264984,4.096863567829132,44.73546123690903,26.521505443379283,17.98855948448181,0.0,0.0004630759358406067,0.0,0.0,44.73546123690903,23.406653540208936,15.80926762893796,0.28721133545993816,0.0004630759358406067,0.002375565469264984,5.585057878866792,44.73546123690903,23.406653540208936,15.80926762893796,0.016314730048179626,0.0004630759358406067,0.002375565469264984,5.585057878866792,44.73546123690903,23.406653540208936,15.80926762893796,0.0,0.0004630759358406067,0.004575163125991821,5.585057878866792,0.0,0.0,0.0,0.0,0.0,0.0,0.0,0.0,0.0,0.0,0.0,0.0,0.0,0.0,0.0,0.0,0.0,0.0,0.0,0.0,0.0,0.0,0.0,0.0,60.58662476669997,685418351.0,59.35878145508468,612428148.0,58.3010785644874,685418351.0,58.850726701050476,1203064859.0,58.57986470684409,590636711.0,58.56921865418553,590636711.0,33.1439265711233,8415940.0,33.1439265711233,8415940.0,30.94491067621857,8415940.0,30.975763560737285,16368689.0,30.975728949531913,7952749.0,30.972259869799018,7952749.0,2775337.164,2214949.18,0.014123533412918868,0.0963967197148286,2483376.352,1960193.964,0.01390666066927005,0.09637007027972919,2775337.164,2214949.18,0.012729073930756155,0.09461680527432373,4877734.192,4257556.152,0.012897726836730395,0.0952887320614838,2394357.84,1960193.964,0.012878506337797427,0.09497041673807192,2394357.84,2394357.84,0.01287477093385944,0.09495894046664892,3267
PANCANCER_ATLAS,query3,2,inf,93.73055133782327,49.22048640996218,651193289.0,693834291.0,0.0,0.0,3267.0,92.50270802620798,47.61426944099367,582157948.0,620844088.0,189.0,0.0,3267.0,89.24598924070597,44.73546123690903,560724026.0,693834291.0,364.0,0.0,3267.0,89.82649026178777,44.73546123690903,560724026.0,1219433548.0,364.0,0.0,3267.0,89.555593656376,44.73546123690903,560724026.0,598589460.0,364.0,0.0,3267.0,89.54147852398455,44.73546123690903,560724026.0,598589460.0,364.0,0.0,3267.0,49.22048640996218,26.521505443379283,17.98855948448181,0.0,0.0,0.0,0.0,47.61426944099367,24.457117271609604,16.331841737031937,0.0,0.00024044327437877655,0.002375565469264984,4.096863567829132,44.73546123690903,26.521505443379283,17.98855948448181,0.0,0.0004630759358406067,0.0,0.0,44.73546123690903,23.406653540208936,15.80926762893796,0.28721133545993816,0.0004630759358406067,0.002375565469264984,5.585057878866792,44.73546123690903,23.406653540208936,15.80926762893796,0.016314730048179626,0.0004630759358406067,0.002375565469264984,5.585057878866792,44.73546123690903,23.406653540208936,15.80926762893796,0.0,0.0004630759358406067,0.004575163125991821,5.585057878866792,0.0,0.0,0.0,0.0,0.0,0.0,0.0,0.0,0.0,0.0,0.0,0.0,0.0,0.0,0.0,0.0,0.0,0.0,0.0,0.0,0.0,0.0,0.0,0.0,60.58662476669997,685418351.0,59.35878145508468,612428148.0,58.3010785644874,685418351.0,58.850726701050476,1203064859.0,58.57986470684409,590636711.0,58.56921865418553,590636711.0,33.1439265711233,8415940.0,33.1439265711233,8415940.0,30.94491067621857,8415940.0,30.975763560737285,16368689.0,30.975728949531913,7952749.0,30.972259869799018,7952749.0,2775337.164,2214949.18,0.014123533412918868,0.0963967197148286,2483376.352,1960193.964,0.01390666066927005,0.09637007027972919,2775337.164,2214949.18,0.012729073930756155,0.09461680527432373,4877734.192,4257556.152,0.012897726836730395,0.0952887320614838,2394357.84,1960193.964,0.012878506337797427,0.09497041673807192,2394357.84,2394357.84,0.01287477093385944,0.09495894046664892,3267
PANCANCER_ATLAS,query3,4,1/4,232.47637612745166,104.51944801025093,1761435941.0,1889815298.0,0.0,0.0,6559.0,230.3918387889862,101.53842525742948,1597061396.0,1716142479.0,379.0,0.0,6559.0,217.74408317357302,89.7857810948044,1509122994.0,1889815298.0,1080.0,0.0,6559.0,219.20193142985303,89.7857810948044,1509122994.0,3341023023.0,1080.0,0.0,6559.0,218.44292389973998,89.7857810948044,1509122994.0,1624880544.0,1080.0,0.0,6559.0,218.41683038696647,89.7857810948044,1509122994.0,1624880544.0,1080.0,0.0,6559.0,104.51944801025093,76.59345656260848,51.36347155459225,0.0,0.0,0.0,0.0,101.53842525742948,71.74522821139544,47.46748867724091,0.0,0.00048215873539447784,0.004763700067996979,9.635450784116983,89.7857810948044,76.59345656260848,51.36347155459225,0.0,0.0013739615678787231,0.0,0.0,89.7857810948044,67.58343206811696,45.329195068217814,0.7939120026429548,0.0013739615678787231,0.004763700067996979,15.703473534435034,89.7857810948044,67.58343206811696,45.329195068217814,0.03490447252988815,0.0013739615678787231,0.004763700067996979,15.703473534435034,89.7857810948044,67.58343206811696,45.329195068217814,0.0,0.0013739615678787231,0.013574659824371338,15.703473534435034,0.0,0.0,0.0,0.0,0.0,0.0,0.0,0.0,0.0,0.0,0.0,0.0,0.0,0.0,0.0,0.0,0.0,0.0,0.0,0.0,0.0,0.0,0.0,0.0,160.65590425487608,1869742883.0,158.57136691641062,1696070064.0,155.0776364551857,1869742883.0,156.41662719603738,3302778337.0,155.6582830287516,1606708273.0,155.6391653828323,1606708273.0,71.82047187257558,20072415.0,71.82047187257558,20072415.0,62.666446718387306,20072415.0,62.78530423381565,38244686.0,62.78464087098837,18172271.0,62.77766500413418,18172271.0,7559261.192,5054731.044,0.012221516376361251,0.10642939974386242,6864569.916,4569730.672,0.012022718949243427,0.10640175455808637,7559261.192,5054731.044,0.010426203258335591,0.10361969648841766,13177640.072,10416344.708,0.01061577959673879,0.1048785207918774,6499522.176,4569730.672,0.010604880101978778,0.104576250484772,6313070.156,6313070.156,0.010601486437022686,0.10456517959553746,6559
PANCANCER_ATLAS,query3,4,inf,232.47637612745166,104.51944801025093,1761435941.0,1889815298.0,0.0,0.0,6559.0,230.3918387889862,101.53842525742948,1597061396.0,1716142479.0,379.0,0.0,6559.0,217.74408317357302,89.7857810948044,1509122994.0,1889815298.0,1080.0,0.0,6559.0,219.20193142985303,89.7857810948044,1509122994.0,3341023023.0,1080.0,0.0,6559.0,218.44292389973998,89.7857810948044,1509122994.0,1624880544.0,1080.0,0.0,6559.0,218.41683038696647,89.7857810948044,1509122994.0,1624880544.0,1080.0,0.0,6559.0,104.51944801025093,76.59345656260848,51.36347155459225,0.0,0.0,0.0,0.0,101.53842525742948,71.74522821139544,47.46748867724091,0.0,0.00048215873539447784,0.004763700067996979,9.635450784116983,89.7857810948044,76.59345656260848,51.36347155459225,0.0,0.0013739615678787231,0.0,0.0,89.7857810948044,67.58343206811696,45.329195068217814,0.7939120026429548,0.0013739615678787231,0.004763700067996979,15.703473534435034,89.7857810948044,67.58343206811696,45.329195068217814,0.03490447252988815,0.0013739615678787231,0.004763700067996979,15.703473534435034,89.7857810948044,67.58343206811696,45.329195068217814,0.0,0.0013739615678787231,0.013574659824371338,15.703473534435034,0.0,0.0,0.0,0.0,0.0,0.0,0.0,0.0,0.0,0.0,0.0,0.0,0.0,0.0,0.0,0.0,0.0,0.0,0.0,0.0,0.0,0.0,0.0,0.0,160.65590425487608,1869742883.0,158.57136691641062,1696070064.0,155.0776364551857,1869742883.0,156.41662719603738,3302778337.0,155.6582830287516,1606708273.0,155.6391653828323,1606708273.0,71.82047187257558,20072415.0,71.82047187257558,20072415.0,62.666446718387306,20072415.0,62.78530423381565,38244686.0,62.78464087098837,18172271.0,62.77766500413418,18172271.0,7559261.192,5054731.044,0.012221516376361251,0.10642939974386242,6864569.916,4569730.672,0.012022718949243427,0.10640175455808637,7559261.192,5054731.044,0.010426203258335591,0.10361969648841766,13364092.092,10602796.728,0.01061577959673879,0.1048785207918774,6499522.176,4569730.672,0.010604880101978778,0.104576250484772,6499522.176,6499522.176,0.010601486437022686,0.10456517959553746,6559
PANCANCER_ATLAS,query3,8,1/4,449.09186727926135,208.9226274676621,3362747339.0,3601716144.0,0.0,0.0,13086.0,444.16268504597247,201.58672747202218,2919374536.0,3133163127.0,832.0,0.0,13086.0,404.37122086808085,164.19835532456636,2615301101.0,3601716144.0,2850.0,0.0,13086.0,408.30495153881634,164.19835532456636,2615301101.0,5949117186.0,2850.0,0.0,13086.0,406.92352969013155,164.19835532456636,2615301101.0,2815954059.0,2850.0,0.0,13086.0,406.8808700647205,164.19835532456636,2615301101.0,2815954059.0,2850.0,0.0,13086.0,208.9226274676621,143.36154738254845,96.8076924290508,0.0,0.0,0.0,0.0,201.58672747202218,130.2776192771271,86.24293822888285,0.0,0.0010584592819213867,0.010457515716552734,26.04388409294188,164.19835532456636,143.36154738254845,96.8076924290508,0.0,0.0036257319152355194,0.0,0.0,164.19835532456636,117.05582318082452,78.80936657451093,1.4494459773602706,0.0036257319152355194,0.010457515716552734,46.77787723392248,164.19835532456636,117.05582318082452,78.80936657451093,0.06802412867546082,0.0036257319152355194,0.010457515716552734,46.77787723392248,164.19835532456636,117.05582318082452,78.80936657451093,0.0,0.0036257319152355194,0.03582201898097992,46.77787723392248,0.0,0.0,0.0,0.0,0.0,0.0,0.0,0.0,0.0,0.0,0.0,0.0,0.0,0.0,0.0,0.0,0.0,0.0,0.0,0.0,0.0,0.0,0.0,0.0,306.4700730172917,3564960111.0,301.54089078400284,3096407094.0,291.5658124210313,3564960111.0,295.1010033199941,5882505029.0,293.71989353280514,2786097935.0,293.688696953468,2786097935.0,142.62179426196963,36756033.0,142.62179426196963,36756033.0,112.80540844704956,36756033.0,113.20394821882223,66612157.0,113.2036361573264,29856124.0,113.19217311125249,29856124.0,14406864.576,7572499.468,0.010962123535573482,0.10939983532559124,12532652.508,6324196.852,0.010816400699317455,0.10937840548306701,14406864.576,7572499.468,0.008831347724422813,0.10614232664629814,22986066.876,15830722.172,0.009018765253780993,0.10812551460492593,11263557.404,6324196.852,0.009008052475750447,0.10784101117141541,10517146.04,10517146.04,0.009004583396017552,0.10783089050836858,13086
PANCANCER_ATLAS,query3,8,inf,449.09186727926135,208.9226274676621,3362747339.0,3601716144.0,0.0,0.0,13086.0,444.16268504597247,201.58672747202218,2919374536.0,3133163127.0,832.0,0.0,13086.0,404.1481264261529,163.97525197733194,2615232132.0,3601716144.0,2857.0,0.0,13086.0,408.07239274542803,163.97525197733194,2615232132.0,5949052478.0,2857.0,0.0,13086.0,406.69097089674324,163.97525197733194,2615232132.0,2815889351.0,2857.0,0.0,13086.0,406.6483992552385,163.97525197733194,2615232132.0,2815889351.0,2857.0,0.0,13086.0,208.9226274676621,143.36154738254845,96.8076924290508,0.0,0.0,0.0,0.0,201.58672747202218,130.2776192771271,86.24293822888285,0.0,0.0010584592819213867,0.010457515716552734,26.04388409294188,163.97525197733194,143.36154738254845,96.8076924290508,0.0,0.0036346372216939926,0.0,0.0,163.97525197733194,117.03675253223628,78.80511312838644,1.4494459773602706,0.0036346372216939926,0.010457515716552734,46.79173697717488,163.97525197733194,117.03675253223628,78.80511312838644,0.06802412867546082,0.0036346372216939926,0.010457515716552734,46.79173697717488,163.97525197733194,117.03675253223628,78.80511312838644,0.0,0.0036346372216939926,0.03591000288724899,46.79173697717488,0.0,0.0,0.0,0.0,0.0,0.0,0.0,0.0,0.0,0.0,0.0,0.0,0.0,0.0,0.0,0.0,0.0,0.0,0.0,0.0,0.0,0.0,0.0,0.0,306.4700730172917,3564960111.0,301.54089078400284,3096407094.0,291.55598958488554,3564960111.0,295.0833474873011,5882505029.0,293.70223770011216,2786097935.0,293.671066259034,2786097935.0,142.62179426196963,36756033.0,142.62179426196963,36756033.0,112.59213684126735,36756033.0,112.98904525812691,66547449.0,112.98873319663107,29791416.0,112.9773329962045,29791416.0,14406864.576,7572499.468,0.010962123535573482,0.10939983532559124,12532652.508,6324196.852,0.010816400699317455,0.10937840548306701,14406864.576,7572499.468,0.008823393594473601,0.10614192335233089,23796209.912,16535636.964,0.00901706520105403,0.1081251113109587,11263557.404,6324196.852,0.009006288833916187,0.10784060787744816,11263557.404,11263557.404,0.00900287003070116,0.10783048721440133,13086
PATENTS,query1,2,1/4,11670.512404622044,8561.999973011669,170704983670.0,172916099831.0,0.0,0.0,1355.0,11129.637999689905,7997.072197934147,156177061221.0,158205318878.0,60.0,0.0,1355.0,9522.361237595323,6413.848543914501,121988976404.0,172916099831.0,206.0,0.0,1355.0,9674.114158933233,6413.848543914501,121988976404.0,281790813930.0,206.0,0.0,1355.0,9600.93740767776,6413.848543914501,121988976404.0,123585495052.0,206.0,0.0,1355.0,9600.927955692401,6413.848543914501,121988976404.0,123585495052.0,206.0,0.0,1355.0,8561.999973011669,1693.8841218429152,1414.6283097674605,0.0,0.0,0.0,0.0,7997.072197934147,1551.1958097426686,1295.99253733363,0.0,7.633119821548462e-05,0.0007541477680206299,285.3766242004931,6413.848543914501,1693.8841218429152,1414.6283097674605,0.0,0.0002620704472064972,0.0,0.0,6413.848543914501,1216.6137612855528,1015.9298239136115,73.18803833373339,0.0002620704472064972,0.0007541477680206299,954.5329752676189,6413.848543914501,1216.6137612855528,1015.9298239136115,0.011287078261375427,0.0002620704472064972,0.0007541477680206299,954.5329752676189,6413.848543914501,1216.6137612855528,1015.9298239136115,0.0,0.0002620704472064972,0.0025892406702041626,954.5329752676189,0.0,0.0,0.0,0.0,0.0,0.0,0.0,0.0,0.0,0.0,0.0,0.0,11606.233659372665,172575763028.0,11065.443969242508,157865022699.0,9458.28828174062,172575763028.0,9609.88203865294,281110275736.0,9536.861318093026,123245253037.0,9536.85322357365,123245253037.0,64.27874524937943,340336803.0,64.19403044739738,340296179.0,64.07295585470274,340336803.0,64.23212028029192,680538194.0,64.07608958473429,340242015.0,64.07473211875185,340242015.0,0.0,0.0,0.0,0.0,0.0,0.0,0.0,0.0,0.0,0.0,0.0,0.0,691664399.324,384869062.672,11.696539421049412,19.10877029164005,632821275.512,333547345.82,11.230269297142979,19.04333391072736,691664399.324,384869062.672,8.220934593098239,18.405696356190507,1127163255.72,821997777.948,8.428661346790866,18.56052849502174,494341980.208,333547345.82,8.34850805352209,18.422100476571497,494341980.208,494341980.208,8.348501869510393,18.42208872694927,1355
PATENTS,query1,2,inf,11670.512404622044,8561.999973011669,170704983670.0,172916099831.0,0.0,0.0,1355.0,11129.637999689905,7997.072197934147,156177061221.0,158205318878.0,60.0,0.0,1355.0,9522.361237595323,6413.848543914501,121988976404.0,172916099831.0,206.0,0.0,1355.0,9674.114158933233,6413.848543914501,121988976404.0,281790813930.0,206.0,0.0,1355.0,9600.93740767776,6413.848543914501,121988976404.0,123585495052.0,206.0,0.0,1355.0,9600.927955692401,6413.848543914501,121988976404.0,123585495052.0,206.0,0.0,1355.0,8561.999973011669,1693.8841218429152,1414.6283097674605,0.0,0.0,0.0,0.0,7997.072197934147,1551.1958097426686,1295.99253733363,0.0,7.633119821548462e-05,0.0007541477680206299,285.3766242004931,6413.848543914501,1693.8841218429152,1414.6283097674605,0.0,0.0002620704472064972,0.0,0.0,6413.848543914501,1216.6137612855528,1015.9298239136115,73.18803833373339,0.0002620704472064972,0.0007541477680206299,954.5329752676189,6413.848543914501,1216.6137612855528,1015.9298239136115,0.011287078261375427,0.0002620704472064972,0.0007541477680206299,954.5329752676189,6413.848543914501,1216.6137612855528,1015.9298239136115,0.0,0.0002620704472064972,0.0025892406702041626,954.5329752676189,0.0,0.0,0.0,0.0,0.0,0.0,0.0,0.0,0.0,0.0,0.0,0.0,11606.233659372665,172575763028.0,11065.443969242508,157865022699.0,9458.28828174062,172575763028.0,9609.88203865294,281110275736.0,9536.861318093026,123245253037.0,9536.85322357365,123245253037.0,64.27874524937943,340336803.0,64.19403044739738,340296179.0,64.07295585470274,340336803.0,64.23212028029192,680538194.0,64.07608958473429,340242015.0,64.07473211875185,340242015.0,0.0,0.0,0.0,0.0,0.0,0.0,0.0,0.0,0.0,0.0,0.0,0.0,691664399.324,384869062.672,11.696539421049412,19.10877029164005,632821275.512,333547345.82,11.230269297142979,19.04333391072736,691664399.324,384869062.672,8.220934593098239,18.405696356190507,1127163255.72,821997777.948,8.428661346790866,18.56052849502174,494341980.208,333547345.82,8.34850805352209,18.422100476571497,494341980.208,494341980.208,8.348501869510393,18.42208872694927,1355
PATENTS,query1,4,1/4,24828.966290462762,18293.326358931605,360560322365.0,365198779070.0,0.0,0.0,2800.0,23517.542525651865,16928.63148205867,327191618644.0,331409902901.0,146.0,0.0,2800.0,17317.507628525607,10781.866751759779,197504818958.0,365198779070.0,743.0,0.0,2800.0,17730.79909945051,10781.866751759779,197504818958.0,531491878850.0,743.0,0.0,2800.0,17577.507263294654,10781.866751759779,197504818958.0,200081975949.0,743.0,0.0,2800.0,17577.491652435856,10781.866751759779,197504818958.0,200081975949.0,743.0,0.0,2800.0,18293.326358931605,3558.98934877594,2976.6505827552173,0.0,0.0,0.0,0.0,16928.63148205867,3233.4869340055156,2704.417259214679,0.0,0.00018573924899101257,0.0018350929021835327,651.0048295408487,10781.866751759779,3558.98934877594,2976.6505827552173,0.0,0.0009452346712350845,0.0,0.0,10781.866751759779,1963.9492571253795,1641.6334272944368,153.31495078494595,0.0009452346712350845,0.0018350929021835327,3190.0319321583956,10781.866751759779,1963.9492571253795,1641.6334272944368,0.023114629089832306,0.0009452346712350845,0.0018350929021835327,3190.0319321583956,10781.866751759779,1963.9492571253795,1641.6334272944368,0.0,0.0009452346712350845,0.0093388631939888,3190.0319321583956,0.0,0.0,0.0,0.0,0.0,0.0,0.0,0.0,0.0,0.0,0.0,0.0,24725.347770211985,364676037561.0,23414.43229421298,330887405136.0,17215.68357516243,364676037561.0,17628.470772563574,530461920421.0,17475.418439163826,199574515285.0,17475.40470110532,199574515285.0,103.61852025077678,522741509.0,103.11023143888451,522497765.0,101.82405336317606,522741509.0,102.32832688693595,1029958429.0,102.08882413082756,507460664.0,102.08695133053698,507460664.0,0.0,0.0,0.0,0.0,0.0,0.0,0.0,0.0,0.0,0.0,0.0,0.0,1460795116.28,485036393.748,11.474236300213262,19.83857766680624,1325639611.604,386749531.228,11.206110357085242,19.8053528106431,1460795116.28,485036393.748,5.979626540199853,18.775707068912215,2125967515.4,1148091554.14,6.262290602417702,18.943606990074503,800327903.796,386749531.228,6.17961559784878,18.80226577454498,800327903.796,800327903.796,6.179611424897797,18.802254140558745,2800
PATENTS,query1,4,inf,24828.966290462762,18293.326358931605,360560322365.0,365198779070.0,0.0,0.0,2800.0,23517.542525651865,16928.63148205867,327191618644.0,331409902901.0,146.0,0.0,2800.0,17317.507628525607,10781.866751759779,197504818958.0,365198779070.0,743.0,0.0,2800.0,17730.79909945051,10781.866751759779,197504818958.0,531491878850.0,743.0,0.0,2800.0,17577.507263294654,10781.866751759779,197504818958.0,200081975949.0,743.0,0.0,2800.0,17577.491652435856,10781.866751759779,197504818958.0,200081975949.0,743.0,0.0,2800.0,18293.326358931605,3558.98934877594,2976.6505827552173,0.0,0.0,0.0,0.0,16928.63148205867,3233.4869340055156,2704.417259214679,0.0,0.00018573924899101257,0.0018350929021835327,651.0048295408487,10781.866751759779,3558.98934877594,2976.6505827552173,0.0,0.0009452346712350845,0.0,0.0,10781.866751759779,1963.9492571253795,1641.6334272944368,153.31495078494595,0.0009452346712350845,0.0018350929021835327,3190.0319321583956,10781.866751759779,1963.9492571253795,1641.6334272944368,0.023114629089832306,0.0009452346712350845,0.0018350929021835327,3190.0319321583956,10781.866751759779,1963.9492571253795,1641.6334272944368,0.0,0.0009452346712350845,0.0093388631939888,3190.0319321583956,0.0,0.0,0.0,0.0,0.0,0.0,0.0,0.0,0.0,0.0,0.0,0.0,24725.347770211985,364676037561.0,23414.43229421298,330887405136.0,17215.68357516243,364676037561.0,17628.470772563574,530461920421.0,17475.418439163826,199574515285.0,17475.40470110532,199574515285.0,103.61852025077678,522741509.0,103.11023143888451,522497765.0,101.82405336317606,522741509.0,102.32832688693595,1029958429.0,102.08882413082756,507460664.0,102.08695133053698,507460664.0,0.0,0.0,0.0,0.0,0.0,0.0,0.0,0.0,0.0,0.0,0.0,0.0,1460795116.28,485036393.748,11.474236300213262,19.83857766680624,1325639611.604,386749531.228,11.206110357085242,19.8053528106431,1460795116.28,485036393.748,5.979626540199853,18.775707068912215,2125967515.4,1148091554.14,6.262290602417702,18.943606990074503,800327903.796,386749531.228,6.17961559784878,18.80226577454498,800327903.796,800327903.796,6.179611424897797,18.802254140558745,2800
PATENTS,query1,8,1/4,47984.979032771895,35330.90164720244,695005417334.0,704012431501.0,0.0,0.0,5490.0,45689.20337003609,32935.06629820145,633825621107.0,642062305602.0,253.0,0.0,5490.0,28800.990953653352,16146.91094483505,283820196638.0,704012431501.0,2062.0,0.0,5490.0,29760.795610590772,16146.91094483505,283820196638.0,929685857273.0,2062.0,0.0,5490.0,29463.814214191865,16146.91094483505,283820196638.0,287623551671.0,2062.0,0.0,5490.0,29463.791162408423,16146.91094483505,283820196638.0,287623551671.0,2062.0,0.0,5490.0,35330.90164720244,6894.1843322175555,5759.8930533519015,0.0,0.0,0.0,0.0,32935.06629820145,6294.599345367402,5260.364250913961,0.0,0.00032186321914196014,0.003179989755153656,1199.1699737003073,16146.91094483505,6894.1843322175555,5759.8930533519015,0.0,0.0026232488453388214,0.0,0.0,16146.91094483505,2862.0194328676444,2390.6879405588843,297.02718573755243,0.0026232488453388214,0.003179989755153656,8064.144303353038,16146.91094483505,2862.0194328676444,2390.6879405588843,0.045789338648319244,0.0026232488453388214,0.003179989755153656,8064.144303353038,16146.91094483505,2862.0194328676444,2390.6879405588843,0.0,0.0026232488453388214,0.025917544960975647,8064.144303353038,0.0,0.0,0.0,0.0,0.0,0.0,0.0,0.0,0.0,0.0,0.0,0.0,47733.01862919284,702802845074.0,45437.75125526893,640852962919.0,28556.515462945215,702802845074.0,29514.722231583426,927327902587.0,29218.29514102568,286474939668.0,29218.275193817215,286474939668.0,251.9604035790544,1209586427.0,251.45211476716213,1209342683.0,244.47549070813693,1209586427.0,246.0733790073452,2357954686.0,245.519073166186,1148612003.0,245.51596859120764,1148612003.0,0.0,0.0,0.0,0.0,0.0,0.0,0.0,0.0,0.0,0.0,0.0,0.0,2816049726.004,539600052.652,10.938349454371725,20.10800506668831,2568249222.408,409868353.696,10.72847153566638,20.06472150680623,2816049726.004,539600052.652,5.170833237946964,17.92275249439953,3718743429.092,1510152195.932,5.450444637692075,18.114811474380197,1150494206.684,409868353.696,5.372929757109843,17.973735584261917,1150494206.684,1150494206.684,5.372925734988414,17.973724583759807,5490
PATENTS,query1,8,inf,47984.979032771895,35330.90164720244,695005417334.0,704012431501.0,0.0,0.0,5490.0,45689.20337003609,32935.06629820145,633825621107.0,642062305602.0,253.0,0.0,5490.0,28800.990953653352,16146.91094483505,283820196638.0,704012431501.0,2062.0,0.0,5490.0,29760.795610590772,16146.91094483505,283820196638.0,929685857273.0,2062.0,0.0,5490.0,29463.814214191865,16146.91094483505,283820196638.0,287623551671.0,2062.0,0.0,5490.0,29463.791162408423,16146.91094483505,283820196638.0,287623551671.0,2062.0,0.0,5490.0,35330.90164720244,6894.1843322175555,5759.8930533519015,0.0,0.0,0.0,0.0,32935.06629820145,6294.599345367402,5260.364250913961,0.0,0.00032186321914196014,0.003179989755153656,1199.1699737003073,16146.91094483505,6894.1843322175555,5759.8930533519015,0.0,0.0026232488453388214,0.0,0.0,16146.91094483505,2862.0194328676444,2390.6879405588843,297.02718573755243,0.0026232488453388214,0.003179989755153656,8064.144303353038,16146.91094483505,2862.0194328676444,2390.6879405588843,0.045789338648319244,0.0026232488453388214,0.003179989755153656,8064.144303353038,16146.91094483505,2862.0194328676444,2390.6879405588843,0.0,0.0026232488453388214,0.025917544960975647,8064.144303353038,0.0,0.0,0.0,0.0,0.0,0.0,0.0,0.0,0.0,0.0,0.0,0.0,47733.01862919284,702802845074.0,45437.75125526893,640852962919.0,28556.515462945215,702802845074.0,29514.722231583426,927327902587.0,29218.29514102568,286474939668.0,29218.275193817215,286474939668.0,251.9604035790544,1209586427.0,251.45211476716213,1209342683.0,244.47549070813693,1209586427.0,246.0733790073452,2357954686.0,245.519073166186,1148612003.0,245.51596859120764,1148612003.0,0.0,0.0,0.0,0.0,0.0,0.0,0.0,0.0,0.0,0.0,0.0,0.0,2816049726.004,539600052.652,10.938349454371725,20.10800506668831,2568249222.408,409868353.696,10.72847153566638,20.06472150680623,2816049726.004,539600052.652,5.170833237946964,17.92275249439953,3718743429.092,1510152195.932,5.450444637692075,18.114811474380197,1150494206.684,409868353.696,5.372929757109843,17.973735584261917,1150494206.684,1150494206.684,5.372925734988414,17.973724583759807,5490
PATENTS,query2,2,1/4,15269.305629612878,13996.086455177516,54855033829.0,55896063188.0,0.0,0.0,2455.0,13045.327753060265,11735.318233191734,41852550049.0,42659533726.0,220.0,0.0,2455.0,12972.985739581985,11699.766245827777,41492934253.0,55896063188.0,251.0,0.0,2455.0,13030.548455713171,11699.766245827777,41492934253.0,84953280268.0,251.0,0.0,2455.0,13010.828906073933,11699.766245827777,41492934253.0,42293746542.0,251.0,0.0,2455.0,13010.813936240738,11699.766245827777,41492934253.0,42293746542.0,251.0,0.0,2455.0,13996.086455177516,716.5243029175326,556.6948715178296,0.0,0.0,0.0,0.0,11735.318233191734,551.235301574925,428.19614729401655,0.0,0.0002798810601234436,0.0027652084827423096,330.57502591004595,11699.766245827777,716.5243029175326,556.6948715178296,0.0,0.00031931884586811066,0.0,0.0,11699.766245827777,546.6617380317766,424.68011331395246,19.734909115447245,0.00031931884586811066,0.0027652084827423096,339.7023648968898,11699.766245827777,546.6617380317766,424.68011331395246,0.015359476208686829,0.00031931884586811066,0.0027652084827423096,339.7023648968898,11699.766245827777,546.6617380317766,424.68011331395246,0.0,0.00031931884586811066,0.003154851496219635,339.7023648968898,0.0,0.0,0.0,0.0,0.0,0.0,0.0,0.0,0.0,0.0,0.0,0.0,15122.91847553663,54761034327.0,12899.18285365752,41658229634.0,12829.02591239172,54761034327.0,12884.649422459126,82950672084.0,12865.392248251243,41292442450.0,12865.377818890614,41292442450.0,146.3871540762484,1135028861.0,146.14489940274507,1001304092.0,143.95982719026506,1135028861.0,145.89903325404643,2002608184.0,145.4366578226909,1001304092.0,145.43611735012382,1001304092.0,0.0,0.0,0.0,0.0,0.0,0.0,0.0,0.0,0.0,0.0,0.0,0.0,223584252.752,178315188.556,7.232424712262117,14.521753148349699,170638134.904,135673121.892,6.092599602369591,14.33435024123932,223584252.752,178315188.556,6.044687060603872,14.317128633298303,339813121.072,302066823.548,6.101878072139426,14.364493151890773,169174986.168,135673121.892,6.092479215506464,14.322212013690871,169174986.168,169174986.168,6.092472905803472,14.322201312334043,2455
PATENTS,query2,2,inf,15269.305629612878,13996.086455177516,54855033829.0,55896063188.0,0.0,0.0,2455.0,13045.327753060265,11735.318233191734,41852550049.0,42659533726.0,220.0,0.0,2455.0,12972.985739581985,11699.766245827777,41492934253.0,55896063188.0,251.0,0.0,2455.0,13030.548455713171,11699.766245827777,41492934253.0,84953280268.0,251.0,0.0,2455.0,13010.828906073933,11699.766245827777,41492934253.0,42293746542.0,251.0,0.0,2455.0,13010.813936240738,11699.766245827777,41492934253.0,42293746542.0,251.0,0.0,2455.0,13996.086455177516,716.5243029175326,556.6948715178296,0.0,0.0,0.0,0.0,11735.318233191734,551.235301574925,428.19614729401655,0.0,0.0002798810601234436,0.0027652084827423096,330.57502591004595,11699.766245827777,716.5243029175326,556.6948715178296,0.0,0.00031931884586811066,0.0,0.0,11699.766245827777,546.6617380317766,424.68011331395246,19.734909115447245,0.00031931884586811066,0.0027652084827423096,339.7023648968898,11699.766245827777,546.6617380317766,424.68011331395246,0.015359476208686829,0.00031931884586811066,0.0027652084827423096,339.7023648968898,11699.766245827777,546.6617380317766,424.68011331395246,0.0,0.00031931884586811066,0.003154851496219635,339.7023648968898,0.0,0.0,0.0,0.0,0.0,0.0,0.0,0.0,0.0,0.0,0.0,0.0,15122.91847553663,54761034327.0,12899.18285365752,41658229634.0,12829.02591239172,54761034327.0,12884.649422459126,82950672084.0,12865.392248251243,41292442450.0,12865.377818890614,41292442450.0,146.3871540762484,1135028861.0,146.14489940274507,1001304092.0,143.95982719026506,1135028861.0,145.89903325404643,2002608184.0,145.4366578226909,1001304092.0,145.43611735012382,1001304092.0,0.0,0.0,0.0,0.0,0.0,0.0,0.0,0.0,0.0,0.0,0.0,0.0,223584252.752,178315188.556,7.232424712262117,14.521753148349699,170638134.904,135673121.892,6.092599602369591,14.33435024123932,223584252.752,178315188.556,6.044687060603872,14.317128633298303,339813121.072,302066823.548,6.101878072139426,14.364493151890773,169174986.168,135673121.892,6.092479215506464,14.322212013690871,169174986.168,169174986.168,6.092472905803472,14.322201312334043,2455
PATENTS,query2,4,1/4,32505.39564470132,30174.823930490995,103387751678.0,105253820784.0,0.0,0.0,5291.0,27353.772560967598,24958.57526485948,79654704378.0,81110678120.0,509.0,0.0,5291.0,26864.199746641796,24533.627187699545,72413726901.0,105253820784.0,664.0,0.0,5291.0,26986.481137335977,24533.627187699545,72413726901.0,154856626586.0,664.0,0.0,5291.0,26948.9903319031,24533.627187699545,72413726901.0,73745948466.0,664.0,0.0,5291.0,26948.96012828499,24533.627187699545,72413726901.0,73745948466.0,664.0,0.0,5291.0,30174.823930490995,1310.3101688872557,1020.2615453230683,0.0,0.0,0.0,0.0,24958.57526485948,1017.8217660472728,792.3974701669067,0.0,0.0006475429981946945,0.0063976868987083435,584.9710146640427,24533.627187699545,1310.3101688872557,1020.2615453230683,0.0,0.0008447319269180298,0.0,0.0,24533.627187699545,928.7454083575867,723.5294623966329,37.52295726605419,0.0008447319269180298,0.0063976868987083435,763.048879197333,24533.627187699545,928.7454083575867,723.5294623966329,0.032151833176612854,0.0008447319269180298,0.0063976868987083435,763.048879197333,24533.627187699545,928.7454083575867,723.5294623966329,0.0,0.0008447319269180298,0.00834590196609497,763.048879197333,0.0,0.0,0.0,0.0,0.0,0.0,0.0,0.0,0.0,0.0,0.0,0.0,32295.458969159517,103857121332.0,27144.03803747217,79758553591.0,26657.50874133571,103857121332.0,26778.705398639286,152152377528.0,26741.83833306306,72393823937.0,26741.808820747072,72393823937.0,209.93667554180138,1396699452.0,209.7345234954264,1352124529.0,206.69100530608557,1396699452.0,207.77573869669033,2704249058.0,207.1519988400396,1352124529.0,207.1513075379189,1352124529.0,0.0,0.0,0.0,0.0,0.0,0.0,0.0,0.0,0.0,0.0,0.0,0.0,421015283.136,269735810.736,6.904252723244484,15.288294790341798,324442712.48,191399690.396,5.647300107934978,15.098327682673697,421015283.136,269735810.736,5.4928616084754465,14.935229521146926,619426506.344,473514158.668,5.564061941840552,14.980640911076831,294983793.864,191399690.396,5.556680823279079,14.935506756587092,294983793.864,294983793.864,5.556675041479524,14.935495997412268,5291
PATENTS,query2,4,inf,32505.39564470132,30174.823930490995,103387751678.0,105253820784.0,0.0,0.0,5291.0,27353.772560967598,24958.57526485948,79654704378.0,81110678120.0,509.0,0.0,5291.0,26864.199746641796,24533.627187699545,72413726901.0,105253820784.0,664.0,0.0,5291.0,26986.481137335977,24533.627187699545,72413726901.0,154856626586.0,664.0,0.0,5291.0,26948.9903319031,24533.627187699545,72413726901.0,73745948466.0,664.0,0.0,5291.0,26948.96012828499,24533.627187699545,72413726901.0,73745948466.0,664.0,0.0,5291.0,30174.823930490995,1310.3101688872557,1020.2615453230683,0.0,0.0,0.0,0.0,24958.57526485948,1017.8217660472728,792.3974701669067,0.0,0.0006475429981946945,0.0063976868987083435,584.9710146640427,24533.627187699545,1310.3101688872557,1020.2615453230683,0.0,0.0008447319269180298,0.0,0.0,24533.627187699545,928.7454083575867,723.5294623966329,37.52295726605419,0.0008447319269180298,0.0063976868987083435,763.048879197333,24533.627187699545,928.7454083575867,723.5294623966329,0.032151833176612854,0.0008447319269180298,0.0063976868987083435,763.048879197333,24533.627187699545,928.7454083575867,723.5294623966329,0.0,0.0008447319269180298,0.00834590196609497,763.048879197333,0.0,0.0,0.0,0.0,0.0,0.0,0.0,0.0,0.0,0.0,0.0,0.0,32295.458969159517,103857121332.0,27144.03803747217,79758553591.0,26657.50874133571,103857121332.0,26778.705398639286,152152377528.0,26741.83833306306,72393823937.0,26741.808820747072,72393823937.0,209.93667554180138,1396699452.0,209.7345234954264,1352124529.0,206.69100530608557,1396699452.0,207.77573869669033,2704249058.0,207.1519988400396,1352124529.0,207.1513075379189,1352124529.0,0.0,0.0,0.0,0.0,0.0,0.0,0.0,0.0,0.0,0.0,0.0,0.0,421015283.136,269735810.736,6.904252723244484,15.288294790341798,324442712.48,191399690.396,5.647300107934978,15.098327682673697,421015283.136,269735810.736,5.4928616084754465,14.935229521146926,619426506.344,473514158.668,5.564061941840552,14.980640911076831,294983793.864,191399690.396,5.556680823279079,14.935506756587092,294983793.864,294983793.864,5.556675041479524,14.935495997412268,5291
PATENTS,query2,8,1/4,62875.20244820742,57823.60870245937,220290616380.0,224390697639.0,0.0,0.0,10117.0,52511.26920779189,47293.01260156231,161079565258.0,164109579259.0,1011.0,0.0,10117.0,50709.68487248896,45658.08908742573,138360510261.0,224390697639.0,1603.0,0.0,10117.0,51018.723491719626,45658.08908742573,138360510261.0,305078315471.0,1603.0,0.0,10117.0,50942.86633830774,45658.08908742573,138360510261.0,140968736212.0,1603.0,0.0,10117.0,50942.81149919587,45658.08908742573,138360510261.0,140968736212.0,1603.0,0.0,10117.0,57823.60870245937,2840.06392941135,2211.529816336697,0.0,0.0,0.0,0.0,47293.01260156231,2089.188598366687,1627.3151908253785,0.0,0.0012861806899309158,0.012707389891147614,1501.7388234669343,45658.08908742573,2840.06392941135,2211.529816336697,0.0,0.002039315178990364,0.0,0.0,45658.08908742573,1795.5275250356644,1400.3808158987667,75.91943344839576,0.002039315178990364,0.012707389891147614,2088.791883205995,45658.08908742573,1795.5275250356644,1400.3808158987667,0.06228003650903702,0.002039315178990364,0.012707389891147614,2088.791883205995,45658.08908742573,1795.5275250356644,1400.3808158987667,0.0,0.002039315178990364,0.02014831453561783,2088.791883205995,0.0,0.0,0.0,0.0,0.0,0.0,0.0,0.0,0.0,0.0,0.0,0.0,62322.13216341147,220154111290.0,51959.93644724833,160497041832.0,50178.248779405374,220154111290.0,50474.30855631624,298243760919.0,50400.119120056275,137746719087.0,50400.064394066576,137746719087.0,553.0702847959474,4236586349.0,551.3327605435625,3612537427.0,531.4360930835828,4236586349.0,544.4149354033805,6834554552.0,542.7472182514612,3222017125.0,542.747105129296,3222017125.0,0.0,0.0,0.0,0.0,0.0,0.0,0.0,0.0,0.0,0.0,0.0,0.0,897562790.556,400532987.272,7.24684349572286,16.03125090626096,656438317.036,263297982.856,5.596927708439995,15.658892851078042,897562790.556,400532987.272,5.249506028475706,15.089155577579882,1217431986.676,789672090.652,5.360076128072586,15.133012989954763,563874944.848,263297982.856,5.355465181034524,15.089213078503866,560993669.64,560993669.64,5.355459776308853,15.089202771817703,10117
PATENTS,query2,8,inf,62875.20244820742,57823.60870245937,220290616380.0,224390697639.0,0.0,0.0,10117.0,52511.26920779189,47293.01260156231,161079565258.0,164109579259.0,1011.0,0.0,10117.0,50709.68487248896,45658.08908742573,138360510261.0,224390697639.0,1603.0,0.0,10117.0,51018.723491719626,45658.08908742573,138360510261.0,305078315471.0,1603.0,0.0,10117.0,50942.86633830774,45658.08908742573,138360510261.0,140968736212.0,1603.0,0.0,10117.0,50942.81149919587,45658.08908742573,138360510261.0,140968736212.0,1603.0,0.0,10117.0,57823.60870245937,2840.06392941135,2211.529816336697,0.0,0.0,0.0,0.0,47293.01260156231,2089.188598366687,1627.3151908253785,0.0,0.0012861806899309158,0.012707389891147614,1501.7388234669343,45658.08908742573,2840.06392941135,2211.529816336697,0.0,0.002039315178990364,0.0,0.0,45658.08908742573,1795.5275250356644,1400.3808158987667,75.91943344839576,0.002039315178990364,0.012707389891147614,2088.791883205995,45658.08908742573,1795.5275250356644,1400.3808158987667,0.06228003650903702,0.002039315178990364,0.012707389891147614,2088.791883205995,45658.08908742573,1795.5275250356644,1400.3808158987667,0.0,0.002039315178990364,0.02014831453561783,2088.791883205995,0.0,0.0,0.0,0.0,0.0,0.0,0.0,0.0,0.0,0.0,0.0,0.0,62322.13216341147,220154111290.0,51959.93644724833,160497041832.0,50178.248779405374,220154111290.0,50474.30855631624,298243760919.0,50400.119120056275,137746719087.0,50400.064394066576,137746719087.0,553.0702847959474,4236586349.0,551.3327605435625,3612537427.0,531.4360930835828,4236586349.0,544.4149354033805,6834554552.0,542.7472182514612,3222017125.0,542.747105129296,3222017125.0,0.0,0.0,0.0,0.0,0.0,0.0,0.0,0.0,0.0,0.0,0.0,0.0,897562790.556,400532987.272,7.24684349572286,16.03125090626096,656438317.036,263297982.856,5.596927708439995,15.658892851078042,897562790.556,400532987.272,5.249506028475706,15.089155577579882,1220313261.884,791230982.704,5.360076128072586,15.133012989954763,563874944.848,263297982.856,5.355465181034524,15.089213078503866,563874944.848,563874944.848,5.355459776308853,15.089202771817703,10117
PATENTS,query3,2,1/4,26562.969404760282,23492.027020074893,211683985059.0,213428283642.0,0.0,0.0,3008.0,25146.28961704066,22055.204024944454,191468574976.0,193047763877.0,159.0,0.0,3008.0,24002.122114387807,20931.179341685493,181482458370.0,213428283642.0,305.0,0.0,3008.0,24122.18662455216,20931.179341685493,181482458370.0,376021721929.0,305.0,0.0,3008.0,24032.90239723632,20931.179341685493,181482458370.0,182973958052.0,305.0,0.0,3008.0,24032.881809002254,20931.179341685493,181482458370.0,182973958052.0,305.0,0.0,3008.0,23492.027020074893,1642.5456540652085,1428.3967306201812,0.0,0.0,0.0,0.0,22055.204024944454,1486.6046027902048,1292.6238530350383,0.0,0.00020227767527103424,0.001998491585254669,311.85493550170213,20931.179341685493,1642.5456540652085,1428.3967306201812,0.0,0.0003880169242620468,0.0,0.0,20931.179341685493,1406.8479643689934,1223.5020053570624,89.30665064280676,0.0003880169242620468,0.001998491585254669,471.34827598929405,20931.179341685493,1406.8479643689934,1223.5020053570624,0.02242332696914673,0.0003880169242620468,0.001998491585254669,471.34827598929405,20931.179341685493,1406.8479643689934,1223.5020053570624,0.0,0.0003880169242620468,0.003833584487438202,471.34827598929405,0.0,0.0,0.0,0.0,0.0,0.0,0.0,0.0,0.0,0.0,0.0,0.0,26406.67337773717,211888955917.0,24989.993590017548,191508436152.0,23846.41047362401,211888955917.0,23965.282133904442,372982293707.0,23876.70938053704,181473857555.0,23876.689408190316,181473857555.0,156.2960270231124,1539327725.0,156.2960270231124,1539327725.0,155.711640763795,1539327725.0,156.9044906477176,3039428222.0,156.19301669928245,1500100497.0,156.19240081193857,1500100497.0,0.0,0.0,0.0,0.0,0.0,0.0,0.0,0.0,0.0,0.0,0.0,0.0,853713134.568,626909725.448,10.215459114500321,21.914374989663294,772191055.508,549153400.516,9.62145309062628,21.727396969106742,853713134.568,626909725.448,8.371711349716875,21.541117030237842,1504086887.716,1252169554.64,8.453030042262803,21.692394201764575,731895832.208,549153400.516,8.41357276810566,21.541762590665225,731895832.208,731895832.208,8.413564899830613,21.541752022541168,3008
PATENTS,query3,2,inf,26562.969404760282,23492.027020074893,211683985059.0,213428283642.0,0.0,0.0,3008.0,25146.28961704066,22055.204024944454,191468574976.0,193047763877.0,159.0,0.0,3008.0,24002.122114387807,20931.179341685493,181482458370.0,213428283642.0,305.0,0.0,3008.0,24122.18662455216,20931.179341685493,181482458370.0,376021721929.0,305.0,0.0,3008.0,24032.90239723632,20931.179341685493,181482458370.0,182973958052.0,305.0,0.0,3008.0,24032.881809002254,20931.179341685493,181482458370.0,182973958052.0,305.0,0.0,3008.0,23492.027020074893,1642.5456540652085,1428.3967306201812,0.0,0.0,0.0,0.0,22055.204024944454,1486.6046027902048,1292.6238530350383,0.0,0.00020227767527103424,0.001998491585254669,311.85493550170213,20931.179341685493,1642.5456540652085,1428.3967306201812,0.0,0.0003880169242620468,0.0,0.0,20931.179341685493,1406.8479643689934,1223.5020053570624,89.30665064280676,0.0003880169242620468,0.001998491585254669,471.34827598929405,20931.179341685493,1406.8479643689934,1223.5020053570624,0.02242332696914673,0.0003880169242620468,0.001998491585254669,471.34827598929405,20931.179341685493,1406.8479643689934,1223.5020053570624,0.0,0.0003880169242620468,0.003833584487438202,471.34827598929405,0.0,0.0,0.0,0.0,0.0,0.0,0.0,0.0,0.0,0.0,0.0,0.0,26406.67337773717,211888955917.0,24989.993590017548,191508436152.0,23846.41047362401,211888955917.0,23965.282133904442,372982293707.0,23876.70938053704,181473857555.0,23876.689408190316,181473857555.0,156.2960270231124,1539327725.0,156.2960270231124,1539327725.0,155.711640763795,1539327725.0,156.9044906477176,3039428222.0,156.19301669928245,1500100497.0,156.19240081193857,1500100497.0,0.0,0.0,0.0,0.0,0.0,0.0,0.0,0.0,0.0,0.0,0.0,0.0,853713134.568,626909725.448,10.215459114500321,21.914374989663294,772191055.508,549153400.516,9.62145309062628,21.727396969106742,853713134.568,626909725.448,8.371711349716875,21.541117030237842,1504086887.716,1252169554.64,8.453030042262803,21.692394201764575,731895832.208,549153400.516,8.41357276810566,21.541762590665225,731895832.208,731895832.208,8.413564899830613,21.541752022541168,3008
PATENTS,query3,4,1/4,53556.04394299025,47070.1875808849,450064673239.0,453723771748.0,0.0,0.0,5958.0,49977.99311513477,43436.95528793777,392513056945.0,395706368329.0,373.0,0.0,5958.0,45072.5012148181,38586.643561443314,337920327748.0,453723771748.0,1015.0,0.0,5958.0,45369.55836048412,38586.643561443314,337920327748.0,736337410492.0,1015.0,0.0,5958.0,45186.54283858789,38586.643561443314,337920327748.0,340631042163.0,1015.0,0.0,5958.0,45186.50701656891,38586.643561443314,337920327748.0,340631042163.0,1015.0,0.0,5958.0,47070.1875808849,3465.874809466768,3019.981552638579,0.0,0.0,0.0,0.0,43436.95528793777,3024.1628721198067,2633.5071542426012,0.0,0.0004745256155729294,0.004688285291194916,883.3626380236819,38586.643561443314,3465.874809466768,3019.981552638579,0.0,0.0012912694364786148,0.0,0.0,38586.643561443314,2585.5144686968997,2253.772279198747,183.0594132963287,0.0012912694364786148,0.004688285291194916,1760.562658294104,38586.643561443314,2585.5144686968997,2253.772279198747,0.04389140009880066,0.0012912694364786148,0.004688285291194916,1760.562658294104,38586.643561443314,2585.5144686968997,2253.772279198747,0.0,0.0012912694364786148,0.012757666409015656,1760.562658294104,0.0,0.0,0.0,0.0,0.0,0.0,0.0,0.0,0.0,0.0,0.0,0.0,53221.94840850192,450412175872.0,49643.897580646444,392394772453.0,44746.55597543833,450412175872.0,45034.954751866695,730302627160.0,44853.46990172542,337907854707.0,44853.43509780592,337907854707.0,334.09553448832594,3311595876.0,334.09553448832594,3311595876.0,325.9452393797692,3311595876.0,334.6036086174237,6034783332.0,333.0729368624743,2723187456.0,333.0719187629875,2723187456.0,0.0,0.0,0.0,0.0,0.0,0.0,0.0,0.0,0.0,0.0,0.0,0.0,1814895086.992,869148706.636,10.396643732765689,22.998668844592288,1582825473.316,660132672.364,9.391547316607088,22.692555985110715,1814895086.992,869148706.636,6.776704580466263,22.438090565560383,2945349641.968,1957602648.316,6.892545016469714,22.608652814696182,1362524168.652,660132672.364,6.861187348801643,22.438101367470246,1362524168.652,1362524168.652,6.861180913407355,22.438090565560383,5958
PATENTS,query3,4,inf,53556.04394299025,47070.1875808849,450064673239.0,453723771748.0,0.0,0.0,5958.0,49977.99311513477,43436.95528793777,392513056945.0,395706368329.0,373.0,0.0,5958.0,45072.5012148181,38586.643561443314,337920327748.0,453723771748.0,1015.0,0.0,5958.0,45369.55836048412,38586.643561443314,337920327748.0,736337410492.0,1015.0,0.0,5958.0,45186.54283858789,38586.643561443314,337920327748.0,340631042163.0,1015.0,0.0,5958.0,45186.50701656891,38586.643561443314,337920327748.0,340631042163.0,1015.0,0.0,5958.0,47070.1875808849,3465.874809466768,3019.981552638579,0.0,0.0,0.0,0.0,43436.95528793777,3024.1628721198067,2633.5071542426012,0.0,0.0004745256155729294,0.004688285291194916,883.3626380236819,38586.643561443314,3465.874809466768,3019.981552638579,0.0,0.0012912694364786148,0.0,0.0,38586.643561443314,2585.5144686968997,2253.772279198747,183.0594132963287,0.0012912694364786148,0.004688285291194916,1760.562658294104,38586.643561443314,2585.5144686968997,2253.772279198747,0.04389140009880066,0.0012912694364786148,0.004688285291194916,1760.562658294104,38586.643561443314,2585.5144686968997,2253.772279198747,0.0,0.0012912694364786148,0.012757666409015656,1760.562658294104,0.0,0.0,0.0,0.0,0.0,0.0,0.0,0.0,0.0,0.0,0.0,0.0,53221.94840850192,450412175872.0,49643.897580646444,392394772453.0,44746.55597543833,450412175872.0,45034.954751866695,730302627160.0,44853.46990172542,337907854707.0,44853.43509780592,337907854707.0,334.09553448832594,3311595876.0,334.09553448832594,3311595876.0,325.9452393797692,3311595876.0,334.6036086174237,6034783332.0,333.0729368624743,2723187456.0,333.0719187629875,2723187456.0,0.0,0.0,0.0,0.0,0.0,0.0,0.0,0.0,0.0,0.0,0.0,0.0,1814895086.992,869148706.636,10.396643732765689,22.998668844592288,1582825473.316,660132672.364,9.391547316607088,22.692555985110715,1814895086.992,869148706.636,6.776704580466263,22.438090565560383,2945349641.968,1957602648.316,6.892545016469714,22.608652814696182,1362524168.652,660132672.364,6.861187348801643,22.438101367470246,1362524168.652,1362524168.652,6.861180913407355,22.438090565560383,5958
PATENTS,query3,8,1/4,106080.4501510358,93314.04156260844,876015508443.0,883312086987.0,0.0,0.0,11909.0,99531.96516072145,86675.55770385661,781592156244.0,788142653288.0,685.0,0.0,11909.0,82865.08311359957,70098.67092488403,583885306912.0,883312086987.0,2830.0,0.0,11909.0,83538.93866294801,70098.67092488403,583885306912.0,1376777960675.0,2830.0,0.0,11909.0,83174.42202780908,70098.67092488403,583885306912.0,588635307387.0,2830.0,0.0,11909.0,83174.35958437389,70098.67092488403,583885306912.0,588635307387.0,2830.0,0.0,11909.0,93314.04156260844,6830.33457971015,5936.074008717202,0.0,0.0,0.0,0.0,86675.55770385661,6114.235286287265,5310.075221104547,0.0,0.0008714478462934494,0.008609853684902191,1432.0874681714922,70098.67092488403,6830.33457971015,5936.074008717202,0.0,0.0036002881824970245,0.0,0.0,70098.67092488403,4503.10734791914,3918.5452807254624,364.6060393568336,0.0036002881824970245,0.008609853684902191,4653.996859920677,70098.67092488403,4503.10734791914,3918.5452807254624,0.08940421789884567,0.0036002881824970245,0.008609853684902191,4653.996859920677,70098.67092488403,4503.10734791914,3918.5452807254624,0.0,0.0036002881824970245,0.03557063639163971,4653.996859920677,0.0,0.0,0.0,0.0,0.0,0.0,0.0,0.0,0.0,0.0,0.0,0.0,105258.76551429927,875020710671.0,98710.28052398493,779851276972.0,82078.390911103,875020710671.0,82717.72200665793,1362744977863.0,82357.0380388035,582893700891.0,82356.97735504643,582893700891.0,821.6846367365215,8291376316.0,821.6846367365215,8291376316.0,786.6922024965752,8291376316.0,821.2166562900727,14032982812.0,817.3839890055824,5741606496.0,817.382229327457,5741606496.0,0.0,0.0,0.0,0.0,0.0,0.0,0.0,0.0,0.0,0.0,0.0,0.0,3533248347.948,1024577420.568,10.182957528613509,23.983202035490883,3152570613.152,745733022.928,9.150091359522659,23.786343578977036,3533248347.948,1024577420.568,5.841421258690302,22.9400609537729,5507111842.7,2984431304.432,6.003138107913684,23.10154240736973,2354541229.548,745733022.928,5.969343782965559,22.94007147916192,2354541229.548,2354541229.548,5.969337976027746,22.9400609537729,11909
PATENTS,query3,8,inf,106080.4501510358,93314.04156260844,876015508443.0,883312086987.0,0.0,0.0,11909.0,99531.96516072145,86675.55770385661,781592156244.0,788142653288.0,685.0,0.0,11909.0,82865.08311359957,70098.67092488403,583885306912.0,883312086987.0,2830.0,0.0,11909.0,83538.93866294801,70098.67092488403,583885306912.0,1376777960675.0,2830.0,0.0,11909.0,83174.42202780908,70098.67092488403,583885306912.0,588635307387.0,2830.0,0.0,11909.0,83174.35958437389,70098.67092488403,583885306912.0,588635307387.0,2830.0,0.0,11909.0,93314.04156260844,6830.33457971015,5936.074008717202,0.0,0.0,0.0,0.0,86675.55770385661,6114.235286287265,5310.075221104547,0.0,0.0008714478462934494,0.008609853684902191,1432.0874681714922,70098.67092488403,6830.33457971015,5936.074008717202,0.0,0.0036002881824970245,0.0,0.0,70098.67092488403,4503.10734791914,3918.5452807254624,364.6060393568336,0.0036002881824970245,0.008609853684902191,4653.996859920677,70098.67092488403,4503.10734791914,3918.5452807254624,0.08940421789884567,0.0036002881824970245,0.008609853684902191,4653.996859920677,70098.67092488403,4503.10734791914,3918.5452807254624,0.0,0.0036002881824970245,0.03557063639163971,4653.996859920677,0.0,0.0,0.0,0.0,0.0,0.0,0.0,0.0,0.0,0.0,0.0,0.0,105258.76551429927,875020710671.0,98710.28052398493,779851276972.0,82078.390911103,875020710671.0,82717.72200665793,1362744977863.0,82357.0380388035,582893700891.0,82356.97735504643,582893700891.0,821.6846367365215,8291376316.0,821.6846367365215,8291376316.0,786.6922024965752,8291376316.0,821.2166562900727,14032982812.0,817.3839890055824,5741606496.0,817.382229327457,5741606496.0,0.0,0.0,0.0,0.0,0.0,0.0,0.0,0.0,0.0,0.0,0.0,0.0,3533248347.948,1024577420.568,10.182957528613509,23.983202035490883,3152570613.152,745733022.928,9.150091359522659,23.786343578977036,3533248347.948,1024577420.568,5.841421258690302,22.9400609537729,5507111842.7,2984431304.432,6.003138107913684,23.10154240736973,2354541229.548,745733022.928,5.969343782965559,22.94007147916192,2354541229.548,2354541229.548,5.969337976027746,22.9400609537729,11909
agnews,query1,2,1/4,297.178399335593,41.28317794017494,4217683778.0,4514144202.0,0.0,0.0,502.0,297.17596457339823,41.07078668195754,4204717245.0,4498397010.0,20.0,0.0,502.0,285.9051720816642,30.00985781662166,2971192420.0,4514144202.0,73.0,0.0,502.0,294.5145605168482,30.00985781662166,2971192420.0,7687463207.0,73.0,0.0,502.0,292.43591342680156,30.00985781662166,2971192420.0,3189066197.0,73.0,0.0,502.0,292.43420402519405,30.00985781662166,2971192420.0,3189066197.0,73.0,0.0,502.0,41.28317794017494,140.17250712495297,115.72271427046508,0.0,0.0,0.0,0.0,41.07078668195754,138.97845815401524,114.75247503444552,0.0,2.5443732738494873e-05,0.00025138258934020996,2.3739678766578436,30.00985781662166,140.17250712495297,115.72271427046508,0.0,9.286962449550629e-05,0.0,0.0,30.00985781662166,102.45013719238341,84.55658058449626,2.081022655515877,9.286962449550629e-05,0.00025138258934020996,75.41661801561713,30.00985781662166,102.45013719238341,84.55658058449626,0.002375565469264984,9.286962449550629e-05,0.00025138258934020996,75.41661801561713,30.00985781662166,102.45013719238341,84.55658058449626,0.0,9.286962449550629e-05,0.0009175464510917664,75.41661801561713,251.28964138776064,4217247270.0,251.26829455140978,4217247270.0,240.22657025512308,4217247270.0,248.4950542830604,7125163727.0,246.5462196925655,2907916457.0,246.54456056747586,2907916457.0,45.888757947832346,296896932.0,45.90767002198845,281149740.0,45.678601826541126,296896932.0,46.0195062337878,562299480.0,45.88969373423606,281149740.0,45.88964345771819,281149740.0,0.0,0.0,0.0,0.0,0.0,0.0,0.0,0.0,0.0,0.0,0.0,0.0,0.0,0.0,0.0,0.0,0.0,0.0,0.0,0.0,0.0,0.0,0.0,0.0,18056576.808,10555993.168,0.7069285292412468,0.9095657185362501,17993588.04,10493004.4,0.7069248577808951,0.909631148129104,18056576.808,10555993.168,0.6782832232423446,0.9059731714952897,28528506.204,21001212.72,0.6998624332547545,0.9143942297969524,12756264.788,10493004.4,0.6946828799038368,0.9082601569361367,10534918.164,10534918.164,0.6946790150645622,0.9082533548190133,502
agnews,query1,2,inf,297.178399335593,41.28317794017494,4217683778.0,4514144202.0,0.0,0.0,502.0,297.17596457339823,41.07078668195754,4204717245.0,4498397010.0,20.0,0.0,502.0,285.9051720816642,30.00985781662166,2971192420.0,4514144202.0,73.0,0.0,502.0,294.5145605168482,30.00985781662166,2971192420.0,7687463207.0,73.0,0.0,502.0,292.43591342680156,30.00985781662166,2971192420.0,3189066197.0,73.0,0.0,502.0,292.43420402519405,30.00985781662166,2971192420.0,3189066197.0,73.0,0.0,502.0,41.28317794017494,140.17250712495297,115.72271427046508,0.0,0.0,0.0,0.0,41.07078668195754,138.97845815401524,114.75247503444552,0.0,2.5443732738494873e-05,0.00025138258934020996,2.3739678766578436,30.00985781662166,140.17250712495297,115.72271427046508,0.0,9.286962449550629e-05,0.0,0.0,30.00985781662166,102.45013719238341,84.55658058449626,2.081022655515877,9.286962449550629e-05,0.00025138258934020996,75.41661801561713,30.00985781662166,102.45013719238341,84.55658058449626,0.002375565469264984,9.286962449550629e-05,0.00025138258934020996,75.41661801561713,30.00985781662166,102.45013719238341,84.55658058449626,0.0,9.286962449550629e-05,0.0009175464510917664,75.41661801561713,251.28964138776064,4217247270.0,251.26829455140978,4217247270.0,240.22657025512308,4217247270.0,248.4950542830604,7125163727.0,246.5462196925655,2907916457.0,246.54456056747586,2907916457.0,45.888757947832346,296896932.0,45.90767002198845,281149740.0,45.678601826541126,296896932.0,46.0195062337878,562299480.0,45.88969373423606,281149740.0,45.88964345771819,281149740.0,0.0,0.0,0.0,0.0,0.0,0.0,0.0,0.0,0.0,0.0,0.0,0.0,0.0,0.0,0.0,0.0,0.0,0.0,0.0,0.0,0.0,0.0,0.0,0.0,18056576.808,10555993.168,0.7069285292412468,0.9095657185362501,17993588.04,10493004.4,0.7069248577808951,0.909631148129104,18056576.808,10555993.168,0.6782832232423446,0.9059731714952897,30749852.828,23222424.368,0.6998624332547545,0.9143942297969524,12756264.788,10493004.4,0.6946828799038368,0.9082601569361367,12756264.788,12756264.788,0.6946790150645622,0.9082533548190133,502
agnews,query1,4,1/4,639.4256504615769,91.43931644875556,8822291222.0,9460497487.0,0.0,0.0,1069.0,639.4539122860879,90.40525372885168,8757505940.0,9381761527.0,66.0,0.0,1069.0,603.1006091684103,55.11397619172931,4885339318.0,9460497487.0,235.0,0.0,1069.0,629.4043270814502,55.11397619172931,4885339318.0,14639333446.0,235.0,0.0,1069.0,625.069356219843,55.11397619172931,4885339318.0,5257571919.0,235.0,0.0,1069.0,625.066314490512,55.11397619172931,4885339318.0,5257571919.0,235.0,0.0,1069.0,91.43931644875556,299.99790730699897,247.98842670582235,0.0,0.0,0.0,0.0,90.40525372885168,294.0406751213595,243.1372305257246,0.0,8.396431803703308e-05,0.0008295625448226929,11.869839383289218,55.11397619172931,299.99790730699897,247.98842670582235,0.0,0.00029896385967731476,0.0,0.0,55.11397619172931,173.72778473235667,143.7673911061138,4.340136773818065,0.00029896385967731476,0.0008295625448226929,252.45390975102782,55.11397619172931,173.72778473235667,143.7673911061138,0.005165912210941315,0.00029896385967731476,0.0008295625448226929,252.45390975102782,55.11397619172931,173.72778473235667,143.7673911061138,0.0,0.00029896385967731476,0.002953745424747467,252.45390975102782,523.8558983299881,8711531419.0,523.7895997837186,8711531419.0,489.9334757067263,8711531419.0,513.340602346112,13409103574.0,509.31507361028343,4697572155.0,509.31209472659975,4697572155.0,115.56975213158876,748966068.0,115.66431250236928,670230108.0,113.16713346168399,748966068.0,116.06372473533824,1230229872.0,115.7542826095596,559999764.0,115.75421976391226,559999764.0,0.0,0.0,0.0,0.0,0.0,0.0,0.0,0.0,0.0,0.0,0.0,0.0,0.0,0.0,0.0,0.0,0.0,0.0,0.0,0.0,0.0,0.0,0.0,0.0,37841989.948,13689141.108,0.633233063806517,1.0779426126442369,37527046.108,13376571.232,0.6332267234245172,1.0781958504611004,37841989.948,13689141.108,0.5830199466564525,1.0696969036934656,51575891.192,27247274.656,0.6170031247961767,1.0828808843527435,18808941.052,13376571.232,0.612166463261327,1.0759517437104993,14048912.572,14048912.572,0.6121634660073771,1.0759435769991994,1069
agnews,query1,4,inf,639.4256504615769,91.43931644875556,8822291222.0,9460497487.0,0.0,0.0,1069.0,639.4539122860879,90.40525372885168,8757505940.0,9381761527.0,66.0,0.0,1069.0,598.4156487900764,50.428998002782464,4362157890.0,9460497487.0,249.0,0.0,1069.0,627.3969922400349,50.428998002782464,4362157890.0,14083996790.0,249.0,0.0,1069.0,623.0620213784277,50.428998002782464,4362157890.0,4702235263.0,249.0,0.0,1069.0,623.0591556169093,50.428998002782464,4362157890.0,4702235263.0,249.0,0.0,1069.0,91.43931644875556,299.99790730699897,247.98842670582235,0.0,0.0,0.0,0.0,90.40525372885168,294.0406751213595,243.1372305257246,0.0,8.396431803703308e-05,0.0008295625448226929,11.869839383289218,50.428998002782464,299.99790730699897,247.98842670582235,0.0,0.00031677447259426117,0.0,0.0,50.428998002782464,158.2443759292364,130.96160783991218,4.340136773818065,0.00031677447259426117,0.0008295625448226929,283.42072735726833,50.428998002782464,158.2443759292364,130.96160783991218,0.005165912210941315,0.00031677447259426117,0.0008295625448226929,283.42072735726833,50.428998002782464,158.2443759292364,130.96160783991218,0.0,0.00031677447259426117,0.003129713237285614,283.42072735726833,523.8558983299881,8711531419.0,523.7895997837186,8711531419.0,485.2485153283924,8711531419.0,511.33326750469666,12853766918.0,507.30773876886815,4142235499.0,507.304935852997,4142235499.0,115.56975213158876,748966068.0,115.66431250236928,670230108.0,113.16713346168399,748966068.0,116.06372473533824,1230229872.0,115.7542826095596,559999764.0,115.75421976391226,559999764.0,0.0,0.0,0.0,0.0,0.0,0.0,0.0,0.0,0.0,0.0,0.0,0.0,0.0,0.0,0.0,0.0,0.0,0.0,0.0,0.0,0.0,0.0,0.0,0.0,37841989.948,13689141.108,0.633233063806517,1.0779426126442369,37527046.108,13376571.232,0.6332267234245172,1.0781958504611004,37841989.948,13689141.108,0.5685828468881738,1.0696969036934656,56335987.16,32007168.16,0.6110007896054992,1.0828808843527435,18808941.052,13376571.232,0.6061641280706495,1.0759517437104993,18808941.052,18808941.052,0.6061616787018302,1.0759435769991994,1069
agnews,query1,8,1/4,1241.1120485533029,176.5700105233118,16954789812.0,18198030404.0,0.0,0.0,2070.0,1241.2306555593386,174.12225379887968,16799373201.0,18009064100.0,110.0,0.0,2070.0,1154.6745628891513,90.13176154717803,7557612700.0,18198030404.0,600.0,0.0,2070.0,1214.6698236563439,90.13176154717803,7557612700.0,26184365358.0,600.0,0.0,2070.0,1206.3482141103595,90.13176154717803,7557612700.0,8175301258.0,600.0,0.0,2070.0,1206.3447324614972,90.13176154717803,7557612700.0,8175301258.0,600.0,0.0,2070.0,176.5700105233118,582.6107579339296,481.9312800960615,0.0,0.0,0.0,0.0,174.12225379887968,568.3308554319665,470.2884092638269,0.0,0.0001399405300617218,0.0013826042413711548,28.487614519894123,90.13176154717803,582.6107579339296,481.9312800960615,0.0,0.0007633119821548462,0.0,0.0,90.13176154717803,284.9816084234044,236.20263287890702,8.33125006828547,0.0007633119821548462,0.0013826042413711548,595.0204248223454,90.13176154717803,284.9816084234044,236.20263287890702,0.009640522301197052,0.0007633119821548462,0.0013826042413711548,595.0204248223454,90.13176154717803,284.9816084234044,236.20263287890702,0.0,0.0007633119821548462,0.007541477680206299,595.0204248223454,1003.1772244554013,16659638900.0,1003.0688865715638,16659638900.0,921.6861285381019,16659638900.0,975.9180564752054,23674481262.0,968.2194533720613,7014842362.0,968.2150918841362,7014842362.0,237.93482409790158,1538391504.0,238.16176898777485,1349425200.0,232.98843435104936,1538391504.0,238.75176718113843,2509884096.0,238.1287607382983,1160458896.0,238.129640577361,1160458896.0,0.0,0.0,0.0,0.0,0.0,0.0,0.0,0.0,0.0,0.0,0.0,0.0,0.0,0.0,0.0,0.0,0.0,0.0,0.0,0.0,0.0,0.0,0.0,0.0,72792121.616,16731663.992,0.5670217654931456,1.1417433491863358,72036256.4,15980546.704,0.567003087093841,1.1421905646440846,72792121.616,16731663.992,0.5054607910091338,1.128935432007332,89981035.704,33484761.72,0.5452634261490817,1.1462291019411888,24133153.768,15980546.704,0.540965579841371,1.139741897039736,17945116.744,17945116.744,0.5409634275931746,1.1397338619798028,2070
agnews,query1,8,inf,1241.1120485533029,176.5700105233118,16954789812.0,18198030404.0,0.0,0.0,2070.0,1241.2306555593386,174.12225379887968,16799373201.0,18009064100.0,110.0,0.0,2070.0,1136.604332995601,72.06146295554936,5539627192.0,18198030404.0,654.0,0.0,2070.0,1207.1310752970362,72.06146295554936,5539627192.0,24042352542.0,654.0,0.0,2070.0,1198.809465751052,72.06146295554936,5539627192.0,6033288442.0,654.0,0.0,2070.0,1198.8066628351808,72.06146295554936,5539627192.0,6033288442.0,654.0,0.0,2070.0,176.5700105233118,582.6107579339296,481.9312800960615,0.0,0.0,0.0,0.0,174.12225379887968,568.3308554319665,470.2884092638269,0.0,0.0001399405300617218,0.0013826042413711548,28.487614519894123,72.06146295554936,582.6107579339296,481.9312800960615,0.0,0.0008320100605487823,0.0,0.0,72.06146295554936,225.00237596128136,186.75488195102662,8.33125006828547,0.0008320100605487823,0.0013826042413711548,714.9788897465914,72.06146295554936,225.00237596128136,186.75488195102662,0.009640522301197052,0.0008320100605487823,0.0013826042413711548,714.9788897465914,72.06146295554936,225.00237596128136,186.75488195102662,0.0,0.0008320100605487823,0.008220210671424866,714.9788897465914,1003.1772244554013,16659638900.0,1003.0688865715638,16659638900.0,903.6158986445516,16659638900.0,968.3793081158977,21532468446.0,960.6807050127536,4872829546.0,960.6770222578198,4872829546.0,237.93482409790158,1538391504.0,238.16176898777485,1349425200.0,232.98843435104936,1538391504.0,238.75176718113843,2509884096.0,238.1287607382983,1160458896.0,238.129640577361,1160458896.0,0.0,0.0,0.0,0.0,0.0,0.0,0.0,0.0,0.0,0.0,0.0,0.0,0.0,0.0,0.0,0.0,0.0,0.0,0.0,0.0,0.0,0.0,0.0,0.0,72792121.616,16731663.992,0.5670217654931456,1.1417433491863358,72036256.4,15980546.704,0.567003087093841,1.1421905646440846,72792121.616,16731663.992,0.4901804244783643,1.1284380856835488,96169410.168,39672731.256,0.5387163457791689,1.145731755617406,24133153.768,15980546.704,0.5344184994714581,1.139244550715953,24133153.768,24133153.768,0.534416921156114,1.1392365156560198,2070
agnews,query2,2,1/4,46.66819566767663,28.27532582450658,238033804.0,257442996.0,0.0,0.0,1785.0,45.46520054806024,27.118014633655548,236515790.0,255376320.0,149.0,8.0,1785.0,43.83357721846551,25.440166695974767,236106307.0,257442996.0,425.0,8.0,1785.0,43.684824947143,25.440166695974767,236106307.0,260391914.0,425.0,8.0,1785.0,43.683604553341866,25.440166695974767,236106307.0,255308596.0,425.0,8.0,1785.0,43.68594241142273,25.440166695974767,236106307.0,255308596.0,425.0,8.0,1785.0,28.27532582450658,10.353089306503534,8.039780536666512,0.0,0.0,0.0,0.0,27.118014633655548,10.11438837274909,7.825918001122773,0.0,0.0001895558089017868,0.0018728002905845642,0.404817184433341,25.440166695974767,10.353089306503534,8.039780536666512,0.0,0.000540679320693016,0.0,0.0,25.440166695974767,10.006080394610763,7.823934610001743,0.002351615453165984,0.000540679320693016,0.0018728002905845642,0.40987815149128437,25.440166695974767,10.006080394610763,7.823934610001743,0.0011312216520309448,0.000540679320693016,0.0018728002905845642,0.40987815149128437,25.440166695974767,10.006080394610763,7.823934610001743,0.0,0.000540679320693016,0.005341880023479462,0.40987815149128437,30.75468837376684,205165955.0,29.714213338680565,203099279.0,29.216343387030065,205165955.0,29.189706160312678,207796314.0,29.188469737768173,203031555.0,29.18789155781269,203031555.0,15.913507293909788,52277041.0,15.750987209379673,52277041.0,14.617233831435442,52277041.0,14.495118786830323,52595600.0,14.495134815573692,52277041.0,14.498050853610039,52277041.0,0.0,0.0,0.0,0.0,0.0,0.0,0.0,0.0,0.0,0.0,0.0,0.0,0.0,0.0,0.0,0.0,0.0,0.0,0.0,0.0,0.0,0.0,0.0,0.0,1029771.984,1028581.58,0.008894736427813769,0.08833266985546795,1021505.28,1020314.876,0.0085692321639508,0.0882059693098068,1029771.984,1028581.58,0.006571591019630432,0.08765810109060256,1041567.656,1039906.572,0.006510316421653489,0.0876527705386489,1021234.384,1020314.876,0.0065103398282080885,0.08765251138266174,1021234.384,1021234.384,0.006511269943788648,0.08765049026664344,1785
agnews,query2,2,inf,46.66819566767663,28.27532582450658,238033804.0,257442996.0,0.0,0.0,1785.0,45.46520054806024,27.118014633655548,236515790.0,255376320.0,149.0,0.0,1785.0,43.83357721846551,25.440166695974767,236106307.0,257442996.0,425.0,0.0,1785.0,43.800614061914594,25.440166695974767,236106307.0,510684916.0,425.0,0.0,1785.0,43.6837051063776,25.440166695974767,236106307.0,255308596.0,425.0,0.0,1785.0,43.68594241142273,25.440166695974767,236106307.0,255308596.0,425.0,0.0,1785.0,28.27532582450658,10.353089306503534,8.039780536666512,0.0,0.0,0.0,0.0,27.118014633655548,10.11438837274909,7.825918001122773,0.0,0.0001895558089017868,0.0018728002905845642,0.404817184433341,25.440166695974767,10.353089306503534,8.039780536666512,0.0,0.000540679320693016,0.0,0.0,25.440166695974767,10.006080394610763,7.823934610001743,0.11814073022475897,0.000540679320693016,0.0018728002905845642,0.40987815149128437,25.440166695974767,10.006080394610763,7.823934610001743,0.0012317746877670288,0.000540679320693016,0.0018728002905845642,0.40987815149128437,25.440166695974767,10.006080394610763,7.823934610001743,0.0,0.000540679320693016,0.005341880023479462,0.40987815149128437,30.75468837376684,205165955.0,29.714213338680565,203099279.0,29.216343387030065,205165955.0,29.28145853978771,406130834.0,29.18853258341551,203031555.0,29.18789155781269,203031555.0,15.913507293909788,52277041.0,15.750987209379673,52277041.0,14.617233831435442,52277041.0,14.519155522126885,104554082.0,14.495172522962093,52277041.0,14.498050853610039,52277041.0,0.0,0.0,0.0,0.0,0.0,0.0,0.0,0.0,0.0,0.0,0.0,0.0,0.0,0.0,0.0,0.0,0.0,0.0,0.0,0.0,0.0,0.0,0.0,0.0,1029771.984,1028581.58,0.008894736427813769,0.08833266985546795,1021505.28,1020314.876,0.0085692321639508,0.0882059693098068,1029771.984,1028581.58,0.006571591019630432,0.08765810109060256,2042739.664,2041078.58,0.006510316421653489,0.08799646778778467,1021234.384,1020314.876,0.0065103398282080885,0.08765281052794306,1021234.384,1021234.384,0.006511269943788648,0.08765049026664344,1785
agnews,query2,4,1/4,59.87169473711401,50.82647216133773,125619408.0,131208542.0,0.0,0.0,3345.0,57.98556001391262,49.01203163713217,123094920.0,127764082.0,230.0,3.0,3345.0,51.26218078378588,42.21526238322258,121413823.0,131208542.0,1333.0,3.0,3345.0,50.77906213217336,42.21526238322258,121413823.0,136175199.0,1333.0,3.0,3345.0,50.77719510067254,42.21526238322258,121413823.0,127411829.0,1333.0,3.0,3345.0,50.788871821947396,42.21526238322258,121413823.0,127411829.0,1333.0,3.0,3345.0,50.82647216133773,5.391462065279484,3.653760510496795,0.0,0.0,0.0,0.0,49.01203163713217,4.998326615430415,3.297322951257229,0.0,0.00029260292649269104,0.0028908997774124146,0.6746953073889017,42.21526238322258,5.391462065279484,3.653760510496795,0.0,0.0016958247870206833,0.0,0.0,42.21526238322258,4.565869408659637,3.2862854693084955,0.004054060028078351,0.0016958247870206833,0.0028908997774124146,0.7030040863901377,42.21526238322258,4.565869408659637,3.2862854693084955,0.0021870285272598267,0.0016958247870206833,0.0028908997774124146,0.7030040863901377,42.21526238322258,4.565869408659637,3.2862854693084955,0.0,0.0016958247870206833,0.016754649579524994,0.7030040863901377,43.21865935437381,130686699.0,41.5637365244329,127242239.0,39.50611640885472,130686699.0,39.44120716455137,135145146.0,39.43931759335101,126903619.0,39.438990795984864,126903619.0,16.6530353827402,521843.0,16.42182348947972,521843.0,11.756064374931157,521843.0,11.33785496762199,1030053.0,11.337877507321537,508210.0,11.349881025962532,508210.0,0.0,0.0,0.0,0.0,0.0,0.0,0.0,0.0,0.0,0.0,0.0,0.0,0.0,0.0,0.0,0.0,0.0,0.0,0.0,0.0,0.0,0.0,0.0,0.0,524834.168,519286.796,0.007261949170380831,0.0541551500342786,511056.328,505508.956,0.007002604365348816,0.053915695833042225,524834.168,519286.796,0.0024902466386556624,0.0532255433246493,544700.796,538550.076,0.0023214817455186713,0.053219195421534915,509647.316,505508.956,0.0023213954120874405,0.05321868344135579,509647.316,509647.316,0.0023243365883827208,0.05321564925350246,3345
agnews,query2,4,inf,59.87169473711401,50.82647216133773,125619408.0,131208542.0,0.0,0.0,3345.0,57.98556001391262,49.01203163713217,123094920.0,127764082.0,230.0,0.0,3345.0,51.26218078378588,42.21526238322258,121413823.0,131208542.0,1333.0,0.0,3345.0,50.83411355985838,42.21526238322258,121413823.0,255175911.0,1333.0,0.0,3345.0,50.777232808060944,42.21526238322258,121413823.0,127411829.0,1333.0,0.0,3345.0,50.788871821947396,42.21526238322258,121413823.0,127411829.0,1333.0,0.0,3345.0,50.82647216133773,5.391462065279484,3.653760510496795,0.0,0.0,0.0,0.0,49.01203163713217,4.998326615430415,3.297322951257229,0.0,0.00029260292649269104,0.0028908997774124146,0.6746953073889017,42.21526238322258,5.391462065279484,3.653760510496795,0.0,0.0016958247870206833,0.0,0.0,42.21526238322258,4.565869408659637,3.2862854693084955,0.05910548771309722,0.0016958247870206833,0.0028908997774124146,0.7030040863901377,42.21526238322258,4.565869408659637,3.2862854693084955,0.002224735915660858,0.0016958247870206833,0.0028908997774124146,0.7030040863901377,42.21526238322258,4.565869408659637,3.2862854693084955,0.0,0.0016958247870206833,0.016754649579524994,0.7030040863901377,43.21865935437381,130686699.0,41.5637365244329,127242239.0,39.50611640885472,130686699.0,39.49625859223639,254145858.0,39.43935530073941,126903619.0,39.438990795984864,126903619.0,16.6530353827402,521843.0,16.42182348947972,521843.0,11.756064374931157,521843.0,11.33785496762199,1030053.0,11.337877507321537,508210.0,11.349881025962532,508210.0,0.0,0.0,0.0,0.0,0.0,0.0,0.0,0.0,0.0,0.0,0.0,0.0,0.0,0.0,0.0,0.0,0.0,0.0,0.0,0.0,0.0,0.0,0.0,0.0,524834.168,519286.796,0.007261949170380831,0.0541551500342786,511056.328,505508.956,0.007002604365348816,0.053915695833042225,524834.168,519286.796,0.0024902466386556624,0.0532255433246493,1020703.644,1014552.924,0.0023214817455186713,0.053314617896188944,509647.316,505508.956,0.0023213954120874405,0.05321874880082902,509647.316,509647.316,0.0023243365883827208,0.05321564925350246,3345
agnews,query2,8,1/4,143.84588046278805,103.49728831090033,427664964.0,466904088.0,0.0,0.0,6508.0,141.24249941762537,100.99650345556438,425568142.0,464148520.0,365.0,17.0,6508.0,119.1793102780357,78.82646393403411,420701085.0,466904088.0,3344.0,17.0,6508.0,117.95606538143944,78.82646393403411,420701085.0,476194070.0,3344.0,17.0,6508.0,117.95404210872948,78.82646393403411,420701085.0,462908818.0,3344.0,17.0,6508.0,117.98736287094653,78.82646393403411,420701085.0,462908818.0,3344.0,17.0,6508.0,103.49728831090033,23.251041296869516,17.0975508550182,0.0,0.0,0.0,0.0,100.99650345556438,22.888786828145385,16.812400807626545,0.0,0.00046434812247753143,0.004587732255458832,0.5397562459111214,78.82646393403411,23.251041296869516,17.0975508550182,0.0,0.004254192113876343,0.0,0.0,78.82646393403411,21.70100453682244,16.773243287578225,0.006145947175133308,0.004254192113876343,0.004587732255458832,0.6403657514601946,78.82646393403411,21.70100453682244,16.773243287578225,0.004122674465179443,0.004254192113876343,0.004587732255458832,0.6403657514601946,78.82646393403411,21.70100453682244,16.773243287578225,0.0,0.004254192113876343,0.042031168937683105,0.6403657514601946,85.63202724885195,292866324.0,83.48152097221464,290110756.0,75.92229005880654,292866324.0,75.8000424141105,301368014.0,75.79780572559685,288925586.0,75.79894951637834,288925586.0,58.21385321393609,174037764.0,57.76097844541073,174037764.0,43.25702021922916,174037764.0,42.15602296732895,174826056.0,42.15623638313264,173983232.0,42.18841335456818,173983232.0,0.0,0.0,0.0,0.0,0.0,0.0,0.0,0.0,0.0,0.0,0.0,0.0,0.0,0.0,0.0,0.0,0.0,0.0,0.0,0.0,0.0,0.0,0.0,0.0,1867616.352,1848725.036,0.007633829139173031,0.07084554800279433,1856594.08,1837702.764,0.007246942393481732,0.07081731545291835,1867616.352,1848725.036,0.0009292621146887541,0.06950622526407235,1904776.28,1884047.312,0.0005372889776282448,0.06950984112559247,1851635.272,1837702.764,0.0005372765939682722,0.0695093047007918,1851635.272,1850551.688,0.0005443907212466002,0.06950622526407235,6508
agnews,query2,8,inf,143.84588046278805,103.49728831090033,427664964.0,466904088.0,0.0,0.0,6508.0,141.24249941762537,100.99650345556438,425568142.0,464148520.0,365.0,0.0,6508.0,119.1793102780357,78.82646393403411,420701085.0,466904088.0,3344.0,0.0,6508.0,118.16464116369302,78.82646393403411,420701085.0,927057338.0,3344.0,0.0,6508.0,117.95425578393042,78.82646393403411,420701085.0,462908818.0,3344.0,0.0,6508.0,117.98736287094653,78.82646393403411,420701085.0,462908818.0,3344.0,0.0,6508.0,103.49728831090033,23.251041296869516,17.0975508550182,0.0,0.0,0.0,0.0,100.99650345556438,22.888786828145385,16.812400807626545,0.0,0.00046434812247753143,0.004587732255458832,0.5397562459111214,78.82646393403411,23.251041296869516,17.0975508550182,0.0,0.004254192113876343,0.0,0.0,78.82646393403411,21.70100453682244,16.773243287578225,0.2147217294287158,0.004254192113876343,0.004587732255458832,0.6403657514601946,78.82646393403411,21.70100453682244,16.773243287578225,0.004336349666118622,0.004254192113876343,0.004587732255458832,0.6403657514601946,78.82646393403411,21.70100453682244,16.773243287578225,0.0,0.004254192113876343,0.042031168937683105,0.6403657514601946,85.63202724885195,292866324.0,83.48152097221464,290110756.0,75.92229005880654,292866324.0,75.92849574537553,579036342.0,75.79789370950311,288925586.0,75.79894951637834,288925586.0,58.21385321393609,174037764.0,57.76097844541073,174037764.0,43.25702021922916,174037764.0,42.23614541831749,348020996.0,42.15636207442731,173983232.0,42.18841335456818,173983232.0,0.0,0.0,0.0,0.0,0.0,0.0,0.0,0.0,0.0,0.0,0.0,0.0,0.0,0.0,0.0,0.0,0.0,0.0,0.0,0.0,0.0,0.0,0.0,0.0,1867616.352,1848725.036,0.007633829139173031,0.07084554800279433,1856594.08,1837702.764,0.007246942393481732,0.07081731545291835,1867616.352,1848725.036,0.0009292621146887541,0.06950622526407235,3708229.352,3687500.384,0.0005372889776282448,0.06959156602560078,1851635.272,1837702.764,0.0005372765939682722,0.06950943290591236,1851635.272,1851635.272,0.0005443907212466002,0.06950622526407235,6508
agnews,query3,2,1/4,348.85208544600755,59.209090610966086,3020554446.0,3379203981.0,0.0,0.0,1149.0,347.9895799951628,57.97828778345138,2989398943.0,3340876822.0,54.0,0.0,1149.0,345.70874708518386,56.06554361153394,2918950477.0,3379203981.0,164.0,0.0,1149.0,348.4878054907442,56.06554361153394,2918950477.0,6595103984.0,164.0,0.0,1149.0,346.95071464870125,56.06554361153394,2918950477.0,3254227162.0,164.0,0.0,1149.0,346.9436507979408,56.06554361153394,2918950477.0,3254227162.0,164.0,0.0,1149.0,59.209090610966086,157.3650606153533,132.27793421968818,0.0,0.0,0.0,0.0,57.97828778345138,154.43200475350022,129.72571607492864,0.0,6.869807839393616e-05,0.0006787329912185669,5.85282395221293,56.06554361153394,157.3650606153533,132.27793421968818,0.0,0.00020863860845565796,0.0,0.0,56.06554361153394,147.76405562646687,123.96033755876124,1.5455372970448165,0.00020863860845565796,0.0006787329912185669,19.151444025337696,56.06554361153394,147.76405562646687,123.96033755876124,0.008446455001831055,0.00020863860845565796,0.0006787329912185669,19.151444025337696,56.06554361153394,147.76405562646687,123.96033755876124,0.0,0.00020863860845565796,0.0020613372325897217,19.151444025337696,142.99169280845672,2093565984.0,142.59302603174,2093535585.0,142.40169970225543,2093565984.0,143.34597044869827,4187071170.0,142.37899187393486,2093535585.0,142.37814974226058,2093535585.0,205.86039263755083,1285637997.0,205.39655396342278,1247341237.0,203.30704738292843,1285637997.0,205.14183504204595,2408032814.0,204.57172277476639,1160691577.0,204.56550105568022,1160691577.0,0.0,0.0,0.0,0.0,0.0,0.0,0.0,0.0,0.0,0.0,0.0,0.0,0.0,0.0,0.0,0.0,0.0,0.0,0.0,0.0,0.0,0.0,0.0,0.0,13516815.924,11056938.256,0.19028283845074476,0.7505630387520417,13363507.288,10983069.76,0.19022697810456157,0.7505435509072615,13516815.924,11056938.256,0.18644871843978764,0.7501060067040843,26380415.936,23641895.296,0.189066329246211,0.7542123333365973,13016908.648,10983069.76,0.18848880843259394,0.7504766266250981,13016908.648,13016908.648,0.18848101557232438,0.7504644320556892,1149
agnews,query3,2,inf,348.85208544600755,59.209090610966086,3020554446.0,3379203981.0,0.0,0.0,1149.0,347.9895799951628,57.97828778345138,2989398943.0,3340876822.0,54.0,0.0,1149.0,345.70874708518386,56.06554361153394,2918950477.0,3379203981.0,164.0,0.0,1149.0,348.4878054907442,56.06554361153394,2918950477.0,6595103984.0,164.0,0.0,1149.0,346.95071464870125,56.06554361153394,2918950477.0,3254227162.0,164.0,0.0,1149.0,346.9436507979408,56.06554361153394,2918950477.0,3254227162.0,164.0,0.0,1149.0,59.209090610966086,157.3650606153533,132.27793421968818,0.0,0.0,0.0,0.0,57.97828778345138,154.43200475350022,129.72571607492864,0.0,6.869807839393616e-05,0.0006787329912185669,5.85282395221293,56.06554361153394,157.3650606153533,132.27793421968818,0.0,0.00020863860845565796,0.0,0.0,56.06554361153394,147.76405562646687,123.96033755876124,1.5455372970448165,0.00020863860845565796,0.0006787329912185669,19.151444025337696,56.06554361153394,147.76405562646687,123.96033755876124,0.008446455001831055,0.00020863860845565796,0.0006787329912185669,19.151444025337696,56.06554361153394,147.76405562646687,123.96033755876124,0.0,0.00020863860845565796,0.0020613372325897217,19.151444025337696,142.99169280845672,2093565984.0,142.59302603174,2093535585.0,142.40169970225543,2093565984.0,143.34597044869827,4187071170.0,142.37899187393486,2093535585.0,142.37814974226058,2093535585.0,205.86039263755083,1285637997.0,205.39655396342278,1247341237.0,203.30704738292843,1285637997.0,205.14183504204595,2408032814.0,204.57172277476639,1160691577.0,204.56550105568022,1160691577.0,0.0,0.0,0.0,0.0,0.0,0.0,0.0,0.0,0.0,0.0,0.0,0.0,0.0,0.0,0.0,0.0,0.0,0.0,0.0,0.0,0.0,0.0,0.0,0.0,13516815.924,11056938.256,0.19028283845074476,0.7505630387520417,13363507.288,10983069.76,0.19022697810456157,0.7505435509072615,13516815.924,11056938.256,0.18644871843978764,0.7501060067040843,26380415.936,23641895.296,0.189066329246211,0.7542123333365973,13016908.648,10983069.76,0.18848880843259394,0.7504766266250981,13016908.648,13016908.648,0.18848101557232438,0.7504644320556892,1149
agnews,query3,4,1/4,762.668174142018,130.62539541721344,6790787095.0,7570404804.0,0.0,0.0,2310.0,761.2353248577565,128.32829456962645,6724573758.0,7489167511.0,112.0,0.0,2310.0,749.2314356993884,117.18792673945427,6139770280.0,7570404804.0,574.0,0.0,2310.0,760.1202138025159,117.18792673945427,6139770280.0,14288458433.0,574.0,0.0,2310.0,756.6725989244878,117.18792673945427,6139770280.0,6799290922.0,574.0,0.0,2310.0,756.6614249683917,117.18792673945427,6139770280.0,6799290922.0,574.0,0.0,2310.0,130.62539541721344,343.95995933841914,288.0828193863854,0.0,0.0,0.0,0.0,128.32829456962645,337.7295868983492,282.75089829135686,0.0,0.0001424849033355713,0.0014077425003051758,12.424994871020317,117.18792673945427,343.95995933841914,288.0828193863854,0.0,0.0007302351295948029,0.0,0.0,117.18792673945427,293.4483811529353,245.16382996272296,3.46459577193798,0.0007302351295948029,0.0014077425003051758,100.85334219783545,117.18792673945427,293.4483811529353,245.16382996272296,0.016980893909931183,0.0007302351295948029,0.0014077425003051758,100.85334219783545,117.18792673945427,293.4483811529353,245.16382996272296,0.0,0.0007302351295948029,0.007214680314064026,100.85334219783545,331.8593097347766,4874633913.0,331.15456843096763,4874542716.0,329.37097572442144,4874633913.0,332.43443854886107,9573196327.0,330.18256037309766,4698653611.0,330.18184393271804,4698653611.0,430.80886440724134,2695770891.0,430.08075642678887,2614624795.0,419.86045997496694,2695770891.0,427.6857752536548,4715262106.0,426.49003855139017,2100637311.0,426.4795810356736,2100637311.0,0.0,0.0,0.0,0.0,0.0,0.0,0.0,0.0,0.0,0.0,0.0,0.0,0.0,0.0,0.0,0.0,0.0,0.0,0.0,0.0,0.0,0.0,0.0,0.0,30281619.216,17115134.436,0.14969224882125853,1.0695836208118124,29956670.044,16931925.816,0.14942471475526692,1.0695512626072388,30281619.216,17115134.436,0.14396996855922042,1.062466833561286,57153833.732,42818148.088,0.1465870302278113,1.074697514370611,27197163.688,16931925.816,0.14618453639000653,1.068948276688717,27197163.688,27197163.688,0.14617812613397838,1.0689363737231117,2310
agnews,query3,4,inf,762.668174142018,130.62539541721344,6790787095.0,7570404804.0,0.0,0.0,2310.0,761.2353248577565,128.32829456962645,6724573758.0,7489167511.0,112.0,0.0,2310.0,749.2314356993884,117.18792673945427,6139770280.0,7570404804.0,574.0,0.0,2310.0,760.1202138025159,117.18792673945427,6139770280.0,14288458433.0,574.0,0.0,2310.0,756.6725989244878,117.18792673945427,6139770280.0,6799290922.0,574.0,0.0,2310.0,756.6614249683917,117.18792673945427,6139770280.0,6799290922.0,574.0,0.0,2310.0,130.62539541721344,343.95995933841914,288.0828193863854,0.0,0.0,0.0,0.0,128.32829456962645,337.7295868983492,282.75089829135686,0.0,0.0001424849033355713,0.0014077425003051758,12.424994871020317,117.18792673945427,343.95995933841914,288.0828193863854,0.0,0.0007302351295948029,0.0,0.0,117.18792673945427,293.4483811529353,245.16382996272296,3.46459577193798,0.0007302351295948029,0.0014077425003051758,100.85334219783545,117.18792673945427,293.4483811529353,245.16382996272296,0.016980893909931183,0.0007302351295948029,0.0014077425003051758,100.85334219783545,117.18792673945427,293.4483811529353,245.16382996272296,0.0,0.0007302351295948029,0.007214680314064026,100.85334219783545,331.8593097347766,4874633913.0,331.15456843096763,4874542716.0,329.37097572442144,4874633913.0,332.43443854886107,9573196327.0,330.18256037309766,4698653611.0,330.18184393271804,4698653611.0,430.80886440724134,2695770891.0,430.08075642678887,2614624795.0,419.86045997496694,2695770891.0,427.6857752536548,4715262106.0,426.49003855139017,2100637311.0,426.4795810356736,2100637311.0,0.0,0.0,0.0,0.0,0.0,0.0,0.0,0.0,0.0,0.0,0.0,0.0,0.0,0.0,0.0,0.0,0.0,0.0,0.0,0.0,0.0,0.0,0.0,0.0,30281619.216,17115134.436,0.14969224882125853,1.0695836208118124,29956670.044,16931925.816,0.14942471475526692,1.0695512626072388,30281619.216,17115134.436,0.14396996855922042,1.062466833561286,57153833.732,42818148.088,0.1465870302278113,1.074697514370611,27197163.688,16931925.816,0.14618453639000653,1.068948276688717,27197163.688,27197163.688,0.14617812613397838,1.0689363737231117,2310
agnews,query3,8,1/4,1513.2317563416436,234.9808631595224,13502864046.0,15082791680.0,0.0,0.0,4565.0,1511.1675252616405,229.53430232591927,13275951032.0,14805630462.0,198.0,0.0,4565.0,1462.265342433937,184.01232978887856,10573432655.0,15082791680.0,1666.0,0.0,4565.0,1500.4573750003415,184.01232978887856,10573432655.0,26486720204.0,1666.0,0.0,4565.0,1493.6419277163222,184.01232978887856,10573432655.0,11681089742.0,1666.0,0.0,4565.0,1493.6265305327252,184.01232978887856,10573432655.0,11681089742.0,1666.0,0.0,4565.0,234.9808631595224,695.5103176599368,582.7405755221844,0.0,0.0,0.0,0.0,229.53430232591927,674.4086352977902,565.0808587502688,0.0,0.00025189295411109924,0.0024886876344680786,42.14098830707371,184.01232978887856,695.5103176599368,582.7405755221844,0.0,0.002119462937116623,0.0,0.0,184.01232978887856,493.97910137847066,412.97788546141237,6.84929594967386,0.002119462937116623,0.0024886876344680786,402.6341542713344,184.01232978887856,493.97910137847066,412.97788546141237,0.03384866565465927,0.002119462937116623,0.0024886876344680786,402.6341542713344,184.01232978887856,493.97910137847066,412.97788546141237,0.0,0.002119462937116623,0.02094016969203949,402.6341542713344,622.3600363424048,9484775049.0,621.2876321142539,9484531857.0,609.3781174384058,9484775049.0,619.6377001203425,17754079048.0,615.2559906616807,8269547191.0,615.2568830698729,8269547191.0,890.8717199992388,5598016631.0,889.8798931473866,5321098605.0,852.8872249955311,5598016631.0,880.819674879999,8732641156.0,878.3859370546415,3411542551.0,878.3696474628523,3411542551.0,0.0,0.0,0.0,0.0,0.0,0.0,0.0,0.0,0.0,0.0,0.0,0.0,0.0,0.0,0.0,0.0,0.0,0.0,0.0,0.0,0.0,0.0,0.0,0.0,60331166.72,25314213.152,0.14919286131486298,1.3685268529387185,59222521.848,24527717.244,0.1488722390886396,1.3685363456949586,60331166.72,25314213.152,0.13972698620334267,1.3375523158837104,105783889.484,68924536.628,0.1434337078201689,1.3721657762516963,46724358.968,24527717.244,0.14306307052075862,1.3649575744669877,46565691.352,46565691.352,0.1430580931454897,1.3649468907069409,4565
agnews,query3,8,inf,1513.2317563416436,234.9808631595224,13502864046.0,15082791680.0,0.0,0.0,4565.0,1511.1675252616405,229.53430232591927,13275951032.0,14805630462.0,198.0,0.0,4565.0,1462.265342433937,184.01232978887856,10573432655.0,15082791680.0,1666.0,0.0,4565.0,1500.4573750003415,184.01232978887856,10573432655.0,26486720204.0,1666.0,0.0,4565.0,1493.6419277163222,184.01232978887856,10573432655.0,11681089742.0,1666.0,0.0,4565.0,1493.6265305327252,184.01232978887856,10573432655.0,11681089742.0,1666.0,0.0,4565.0,234.9808631595224,695.5103176599368,582.7405755221844,0.0,0.0,0.0,0.0,229.53430232591927,674.4086352977902,565.0808587502688,0.0,0.00025189295411109924,0.0024886876344680786,42.14098830707371,184.01232978887856,695.5103176599368,582.7405755221844,0.0,0.002119462937116623,0.0,0.0,184.01232978887856,493.97910137847066,412.97788546141237,6.84929594967386,0.002119462937116623,0.0024886876344680786,402.6341542713344,184.01232978887856,493.97910137847066,412.97788546141237,0.03384866565465927,0.002119462937116623,0.0024886876344680786,402.6341542713344,184.01232978887856,493.97910137847066,412.97788546141237,0.0,0.002119462937116623,0.02094016969203949,402.6341542713344,622.3600363424048,9484775049.0,621.2876321142539,9484531857.0,609.3781174384058,9484775049.0,619.6377001203425,17754079048.0,615.2559906616807,8269547191.0,615.2568830698729,8269547191.0,890.8717199992388,5598016631.0,889.8798931473866,5321098605.0,852.8872249955311,5598016631.0,880.819674879999,8732641156.0,878.3859370546415,3411542551.0,878.3696474628523,3411542551.0,0.0,0.0,0.0,0.0,0.0,0.0,0.0,0.0,0.0,0.0,0.0,0.0,0.0,0.0,0.0,0.0,0.0,0.0,0.0,0.0,0.0,0.0,0.0,0.0,60331166.72,25314213.152,0.14919286131486298,1.3685268529387185,59222521.848,24527717.244,0.1488722390886396,1.3685363456949586,60331166.72,25314213.152,0.13972698620334267,1.3375523158837104,105946880.816,69087527.96,0.1434337078201689,1.3721657762516963,46724358.968,24527717.244,0.14306307052075862,1.3649575744669877,46724358.968,46724358.968,0.1430580931454897,1.3649468907069409,4565
agnews,query4,2,1/4,333.1311272867024,54.892551391385496,3551072396.0,3886320552.0,0.0,0.0,1192.0,332.5687486631796,54.20929501391947,3541785893.0,3874676875.0,45.0,0.0,1192.0,329.75821933243424,51.519462786614895,3383373633.0,3886320552.0,142.0,0.0,1192.0,332.95379595905143,51.519462786614895,3383373633.0,7572988104.0,142.0,0.0,1192.0,331.17020151391625,51.519462786614895,3383373633.0,3698311229.0,142.0,0.0,1192.0,331.1625343449414,51.519462786614895,3383373633.0,3698311229.0,142.0,0.0,1192.0,54.892551391385496,151.91285103280097,126.32572486251593,0.0,0.0,0.0,0.0,54.20929501391947,150.9368840465322,125.48467154614627,0.0,5.7248398661613464e-05,0.0005656108260154724,1.9372751973569393,51.519462786614895,151.91285103280097,126.32572486251593,0.0,0.0001806505024433136,0.0,0.0,51.519462786614895,142.98256206233054,118.8328109877184,1.7924808196683513,0.0001806505024433136,0.0005656108260154724,17.825733041390777,51.519462786614895,142.98256206233054,118.8328109877184,0.008886374533176422,0.0001806505024433136,0.0005656108260154724,17.825733041390777,51.519462786614895,142.98256206233054,118.8328109877184,0.0,0.0001806505024433136,0.0017848163843154907,17.825733041390777,190.50440041162074,3027248648.0,190.26100453734398,3027248648.0,189.14590118452907,3027248648.0,191.12424344318558,5935496584.0,189.72563010826707,2908247936.0,189.7242097966373,2908247936.0,142.62672687508166,859071904.0,142.3077441258356,847428227.0,140.61231814790517,859071904.0,141.82955251586586,1637491520.0,141.44457140564919,790063293.0,141.43832454830408,790063293.0,0.0,0.0,0.0,0.0,0.0,0.0,0.0,0.0,0.0,0.0,0.0,0.0,0.0,0.0,0.0,0.0,0.0,0.0,0.0,0.0,0.0,0.0,0.0,0.0,15545282.208,13037364.38,0.1841810472495854,0.8039825399639082,15498707.5,13007847.732,0.18397879982553422,0.8039712770106269,15545282.208,13037364.38,0.17997425399906933,0.8024723721606655,30291952.416,27427423.664,0.18250042627384175,0.8082865289000015,14793244.916,13007847.732,0.18193048874102533,0.803559765014611,14793244.916,14793244.916,0.1819221177008003,0.8035474799474699,1192
agnews,query4,2,inf,333.1311272867024,54.892551391385496,3551072396.0,3886320552.0,0.0,0.0,1192.0,332.5687486631796,54.20929501391947,3541785893.0,3874676875.0,45.0,0.0,1192.0,329.75821933243424,51.519462786614895,3383373633.0,3886320552.0,142.0,0.0,1192.0,332.95379595905143,51.519462786614895,3383373633.0,7572988104.0,142.0,0.0,1192.0,331.17020151391625,51.519462786614895,3383373633.0,3698311229.0,142.0,0.0,1192.0,331.1625343449414,51.519462786614895,3383373633.0,3698311229.0,142.0,0.0,1192.0,54.892551391385496,151.91285103280097,126.32572486251593,0.0,0.0,0.0,0.0,54.20929501391947,150.9368840465322,125.48467154614627,0.0,5.7248398661613464e-05,0.0005656108260154724,1.9372751973569393,51.519462786614895,151.91285103280097,126.32572486251593,0.0,0.0001806505024433136,0.0,0.0,51.519462786614895,142.98256206233054,118.8328109877184,1.7924808196683513,0.0001806505024433136,0.0005656108260154724,17.825733041390777,51.519462786614895,142.98256206233054,118.8328109877184,0.008886374533176422,0.0001806505024433136,0.0005656108260154724,17.825733041390777,51.519462786614895,142.98256206233054,118.8328109877184,0.0,0.0001806505024433136,0.0017848163843154907,17.825733041390777,190.50440041162074,3027248648.0,190.26100453734398,3027248648.0,189.14590118452907,3027248648.0,191.12424344318558,5935496584.0,189.72563010826707,2908247936.0,189.7242097966373,2908247936.0,142.62672687508166,859071904.0,142.3077441258356,847428227.0,140.61231814790517,859071904.0,141.82955251586586,1637491520.0,141.44457140564919,790063293.0,141.43832454830408,790063293.0,0.0,0.0,0.0,0.0,0.0,0.0,0.0,0.0,0.0,0.0,0.0,0.0,0.0,0.0,0.0,0.0,0.0,0.0,0.0,0.0,0.0,0.0,0.0,0.0,15545282.208,13037364.38,0.1841810472495854,0.8039825399639082,15498707.5,13007847.732,0.18397879982553422,0.8039712770106269,15545282.208,13037364.38,0.17997425399906933,0.8024723721606655,30291952.416,27427423.664,0.18250042627384175,0.8082865289000015,14793244.916,13007847.732,0.18193048874102533,0.803559765014611,14793244.916,14793244.916,0.1819221177008003,0.8035474799474699,1192
agnews,query4,4,1/4,715.4095203205943,122.24634370673448,7752115236.0,8464499384.0,0.0,0.0,2514.0,713.3706383481622,119.85803020466119,7725476181.0,8430906063.0,111.0,0.0,2514.0,700.949574730359,107.78572894632816,7067306987.0,8464499384.0,526.0,0.0,2514.0,710.6429673793676,107.78572894632816,7067306987.0,16125922350.0,526.0,0.0,2514.0,706.7607466140762,107.78572894632816,7067306987.0,7695016287.0,526.0,0.0,2514.0,706.7479261020198,107.78572894632816,7067306987.0,7695016287.0,526.0,0.0,2514.0,122.24634370673448,323.8018496921286,269.36132692173123,0.0,0.0,0.0,0.0,119.85803020466119,320.9616159470752,266.89295834489167,0.0,0.00014121271669864655,0.0013951733708381653,5.656497465446591,107.78572894632816,323.8018496921286,269.36132692173123,0.0,0.0006691701710224152,0.0,0.0,107.78572894632816,286.77376163192093,238.22128621768206,3.9002574660766034,0.0006691701710224152,0.0013951733708381653,73.95986877381802,107.78572894632816,286.77376163192093,238.22128621768206,0.018036700785160065,0.0006691701710224152,0.0013951733708381653,73.95986877381802,107.78572894632816,286.77376163192093,238.22128621768206,0.0,0.0006691701710224152,0.006611362099647522,73.95986877381802,428.2314630905166,6739923661.0,427.1522375335917,6739923661.0,422.2867046203464,6739923661.0,427.6790501549349,13003844474.0,424.5650622639805,6263920813.0,424.5626238528639,6263920813.0,287.1780572300777,1724575723.0,286.2184008145705,1690982402.0,278.6628701100126,1724575723.0,282.96391722443275,3122077876.0,282.1956843500957,1431095474.0,282.18530224915594,1431095474.0,0.0,0.0,0.0,0.0,0.0,0.0,0.0,0.0,0.0,0.0,0.0,0.0,0.0,0.0,0.0,0.0,0.0,0.0,0.0,0.0,0.0,0.0,0.0,0.0,33857997.536,20761357.432,0.11945567473955453,1.132683179993368,33723624.252,20705521.016,0.11880750593543053,1.132660315147228,33857997.536,20761357.432,0.11061816068738699,1.1277591528726736,64503689.4,50309729.004,0.11474316047755033,1.138068371139734,30780065.148,20705521.016,0.11445065722055733,1.1311969648005435,30780065.148,30780065.148,0.11444467431493104,1.1311851774709296,2514
agnews,query4,4,inf,715.4095203205943,122.24634370673448,7752115236.0,8464499384.0,0.0,0.0,2514.0,713.3706383481622,119.85803020466119,7725476181.0,8430906063.0,111.0,0.0,2514.0,700.949574730359,107.78572894632816,7067306987.0,8464499384.0,526.0,0.0,2514.0,710.6429673793676,107.78572894632816,7067306987.0,16125922350.0,526.0,0.0,2514.0,706.7607466140762,107.78572894632816,7067306987.0,7695016287.0,526.0,0.0,2514.0,706.7479261020198,107.78572894632816,7067306987.0,7695016287.0,526.0,0.0,2514.0,122.24634370673448,323.8018496921286,269.36132692173123,0.0,0.0,0.0,0.0,119.85803020466119,320.9616159470752,266.89295834489167,0.0,0.00014121271669864655,0.0013951733708381653,5.656497465446591,107.78572894632816,323.8018496921286,269.36132692173123,0.0,0.0006691701710224152,0.0,0.0,107.78572894632816,286.77376163192093,238.22128621768206,3.9002574660766034,0.0006691701710224152,0.0013951733708381653,73.95986877381802,107.78572894632816,286.77376163192093,238.22128621768206,0.018036700785160065,0.0006691701710224152,0.0013951733708381653,73.95986877381802,107.78572894632816,286.77376163192093,238.22128621768206,0.0,0.0006691701710224152,0.006611362099647522,73.95986877381802,428.2314630905166,6739923661.0,427.1522375335917,6739923661.0,422.2867046203464,6739923661.0,427.6790501549349,13003844474.0,424.5650622639805,6263920813.0,424.5626238528639,6263920813.0,287.1780572300777,1724575723.0,286.2184008145705,1690982402.0,278.6628701100126,1724575723.0,282.96391722443275,3122077876.0,282.1956843500957,1431095474.0,282.18530224915594,1431095474.0,0.0,0.0,0.0,0.0,0.0,0.0,0.0,0.0,0.0,0.0,0.0,0.0,0.0,0.0,0.0,0.0,0.0,0.0,0.0,0.0,0.0,0.0,0.0,0.0,33857997.536,20761357.432,0.11945567473955453,1.132683179993368,33723624.252,20705521.016,0.11880750593543053,1.132660315147228,33857997.536,20761357.432,0.11061816068738699,1.1277591528726736,64503689.4,50309729.004,0.11474316047755033,1.138068371139734,30780065.148,20705521.016,0.11445065722055733,1.1311969648005435,30780065.148,30780065.148,0.11444467431493104,1.1311851774709296,2514
agnews,query4,8,1/4,1449.8841907130554,247.71647541876882,15584396377.0,17030702705.0,0.0,0.0,5251.0,1445.391887015663,242.48200845252723,15524637622.0,16954826934.0,270.0,0.0,5251.0,1403.7584521109238,201.58870259020478,13141718184.0,17030702705.0,1599.0,0.0,5251.0,1432.0098607261339,201.58870259020478,13141718184.0,31249591784.0,1599.0,0.0,5251.0,1424.2038346678019,201.58870259020478,13141718184.0,14294764850.0,1599.0,0.0,5251.0,1424.1830201894045,201.58870259020478,13141718184.0,14294764850.0,1599.0,0.0,5251.0,247.71647541876882,655.8772570444271,546.2904582498595,0.0,0.0,0.0,0.0,242.48200845252723,649.3356368215755,540.5495544197038,0.0,0.0003434903919696808,0.0033936649560928345,13.020950166508555,201.58870259020478,655.8772570444271,546.2904582498595,0.0,0.002034226432442665,0.0,0.0,201.58870259020478,527.1726283086464,438.3028742391616,7.843544909791054,0.002034226432442665,0.0033936649560928345,257.0966827869415,201.58870259020478,527.1726283086464,438.3028742391616,0.03751885145902634,0.002034226432442665,0.0033936649560928345,257.0966827869415,201.58870259020478,527.1726283086464,438.3028742391616,0.0,0.002034226432442665,0.020098038017749786,257.0966827869415,855.6245108107105,13450466812.0,853.4996453812346,13450466812.0,836.0548647027463,13450466812.0,850.4926295581781,25165169007.0,844.2794648250565,11714702195.0,844.2757066553459,11714702195.0,594.2596799023449,3580235893.0,591.8922416344285,3504360122.0,567.7035874081776,3580235893.0,581.5172311679557,6084422777.0,579.9243698427454,2580062655.0,579.9073135340586,2580062655.0,0.0,0.0,0.0,0.0,0.0,0.0,0.0,0.0,0.0,0.0,0.0,0.0,0.0,0.0,0.0,0.0,0.0,0.0,0.0,0.0,0.0,0.0,0.0,0.0,68122810.82,27770777.58,0.09212773186713458,1.3970561999099325,67819307.736,27756313.204,0.09164609702117742,1.39705505293142,68122810.82,27770777.58,0.0828067594897002,1.3757009089870373,124973232.932,82048263.952,0.08573371099721641,1.3998028326199736,57179059.4,27756313.204,0.08555314208753408,1.3911368550293144,57153925.196,57153925.196,0.08554881830699741,1.391125824361294,5251
agnews,query4,8,inf,1449.8841907130554,247.71647541876882,15584396377.0,17030702705.0,0.0,0.0,5251.0,1445.391887015663,242.48200845252723,15524637622.0,16954826934.0,270.0,0.0,5251.0,1403.7584521109238,201.58870259020478,13141718184.0,17030702705.0,1599.0,0.0,5251.0,1432.0098607261339,201.58870259020478,13141718184.0,31249591784.0,1599.0,0.0,5251.0,1424.2038346678019,201.58870259020478,13141718184.0,14294764850.0,1599.0,0.0,5251.0,1424.1830201894045,201.58870259020478,13141718184.0,14294764850.0,1599.0,0.0,5251.0,247.71647541876882,655.8772570444271,546.2904582498595,0.0,0.0,0.0,0.0,242.48200845252723,649.3356368215755,540.5495544197038,0.0,0.0003434903919696808,0.0033936649560928345,13.020950166508555,201.58870259020478,655.8772570444271,546.2904582498595,0.0,0.002034226432442665,0.0,0.0,201.58870259020478,527.1726283086464,438.3028742391616,7.843544909791054,0.002034226432442665,0.0033936649560928345,257.0966827869415,201.58870259020478,527.1726283086464,438.3028742391616,0.03751885145902634,0.002034226432442665,0.0033936649560928345,257.0966827869415,201.58870259020478,527.1726283086464,438.3028742391616,0.0,0.002034226432442665,0.020098038017749786,257.0966827869415,855.6245108107105,13450466812.0,853.4996453812346,13450466812.0,836.0548647027463,13450466812.0,850.4926295581781,25165169007.0,844.2794648250565,11714702195.0,844.2757066553459,11714702195.0,594.2596799023449,3580235893.0,591.8922416344285,3504360122.0,567.7035874081776,3580235893.0,581.5172311679557,6084422777.0,579.9243698427454,2580062655.0,579.9073135340586,2580062655.0,0.0,0.0,0.0,0.0,0.0,0.0,0.0,0.0,0.0,0.0,0.0,0.0,0.0,0.0,0.0,0.0,0.0,0.0,0.0,0.0,0.0,0.0,0.0,0.0,68122810.82,27770777.58,0.09212773186713458,1.3970561999099325,67819307.736,27756313.204,0.09164609702117742,1.39705505293142,68122810.82,27770777.58,0.0828067594897002,1.3757009089870373,124998367.136,82073398.156,0.08573371099721641,1.3998028326199736,57179059.4,27756313.204,0.08555314208753408,1.3911368550293144,57179059.4,57179059.4,0.08554881830699741,1.391125824361294,5251
bookreview,query1,2,1/4,16.783670481294394,3.575111267156899,119668385.0,133062129.0,0.0,0.0,2170.0,16.69929682649672,3.4426399981603026,111675575.0,124613238.0,120.0,0.0,2170.0,15.99699336476624,2.787852761335671,93931264.0,133062129.0,457.0,0.0,2170.0,16.315295792024685,2.787852761335671,93931264.0,228305103.0,457.0,0.0,2170.0,16.273472463712096,2.787852761335671,93931264.0,103691865.0,457.0,0.0,2170.0,16.261883726343513,2.787852761335671,93931264.0,103691865.0,457.0,0.0,2170.0,3.575111267156899,7.395407500676811,5.813151713460684,0.0,0.0,0.0,0.0,3.4426399981603026,7.133478373289108,5.601945753209293,0.0,0.00015266239643096924,0.0015082955360412598,0.5195717439055443,2.787852761335671,7.395407500676811,5.813151713460684,0.0,0.0005813892930746078,0.0,0.0,2.787852761335671,5.628125581890345,4.3720956007018685,0.05764786231155529,0.0005813892930746078,0.0015082955360412598,3.46748430095613,2.787852761335671,5.628125581890345,4.3720956007018685,0.015824533998966217,0.0005813892930746078,0.0015082955360412598,3.46748430095613,2.787852761335671,5.628125581890345,4.3720956007018685,0.0,0.0005813892930746078,0.005744092166423798,3.46748430095613,0.0,0.0,0.0,0.0,0.0,0.0,0.0,0.0,0.0,0.0,0.0,0.0,12.592578599229455,74645843.0,12.57999761402607,73934993.0,12.058506907895207,74645843.0,12.284427436781755,134028289.0,12.256621740758419,60093296.0,12.252385944128036,60093296.0,4.1910918820649385,58416286.0,4.119299212470651,50678245.0,3.9384864568710327,58416286.0,4.03086835524293,94276814.0,4.016850722953677,43598569.0,4.009497782215476,43598569.0,0.0,0.0,0.0,0.0,0.0,0.0,0.0,0.0,0.0,0.0,0.0,0.0,532248.516,344505.272,0.006114832881838083,0.02400611640810966,498452.952,316150.736,0.006069704793393612,0.02400037099253386,532248.516,344505.272,0.005752912929281592,0.02330145577806979,913220.412,704284.08,0.005913662195285957,0.023679622571038197,414767.46,316150.736,0.005895568808540702,0.023626791284419593,414767.46,414767.46,0.005888636177405715,0.023616507222689685,2170
bookreview,query1,2,inf,16.783670481294394,3.575111267156899,119668385.0,133062129.0,0.0,0.0,2170.0,16.69929682649672,3.4426399981603026,111675575.0,124613238.0,120.0,0.0,2170.0,15.99699336476624,2.787852761335671,93931264.0,133062129.0,457.0,0.0,2170.0,16.315295792024685,2.787852761335671,93931264.0,228305103.0,457.0,0.0,2170.0,16.273472463712096,2.787852761335671,93931264.0,103691865.0,457.0,0.0,2170.0,16.261883726343513,2.787852761335671,93931264.0,103691865.0,457.0,0.0,2170.0,3.575111267156899,7.395407500676811,5.813151713460684,0.0,0.0,0.0,0.0,3.4426399981603026,7.133478373289108,5.601945753209293,0.0,0.00015266239643096924,0.0015082955360412598,0.5195717439055443,2.787852761335671,7.395407500676811,5.813151713460684,0.0,0.0005813892930746078,0.0,0.0,2.787852761335671,5.628125581890345,4.3720956007018685,0.05764786231155529,0.0005813892930746078,0.0015082955360412598,3.46748430095613,2.787852761335671,5.628125581890345,4.3720956007018685,0.015824533998966217,0.0005813892930746078,0.0015082955360412598,3.46748430095613,2.787852761335671,5.628125581890345,4.3720956007018685,0.0,0.0005813892930746078,0.005744092166423798,3.46748430095613,0.0,0.0,0.0,0.0,0.0,0.0,0.0,0.0,0.0,0.0,0.0,0.0,12.592578599229455,74645843.0,12.57999761402607,73934993.0,12.058506907895207,74645843.0,12.284427436781755,134028289.0,12.256621740758419,60093296.0,12.252385944128036,60093296.0,4.1910918820649385,58416286.0,4.119299212470651,50678245.0,3.9384864568710327,58416286.0,4.03086835524293,94276814.0,4.016850722953677,43598569.0,4.009497782215476,43598569.0,0.0,0.0,0.0,0.0,0.0,0.0,0.0,0.0,0.0,0.0,0.0,0.0,532248.516,344505.272,0.006114832881838083,0.02400611640810966,498452.952,316150.736,0.006069704793393612,0.02400037099253386,532248.516,344505.272,0.005752912929281592,0.02330145577806979,913220.412,704284.08,0.005913662195285957,0.023679622571038197,414767.46,316150.736,0.005895568808540702,0.023626791284419593,414767.46,414767.46,0.005888636177405715,0.023616507222689685,2170
bookreview,query1,4,1/4,34.98065125010908,7.30361573304981,254962224.0,283139414.0,0.0,0.0,4402.0,34.76548142824322,6.96626060269773,234952782.0,261936984.0,298.0,0.0,4402.0,32.28085464425385,4.601877770386636,166295301.0,283139414.0,1526.0,0.0,4402.0,33.317241713945755,4.601877770386636,166295301.0,443621650.0,1526.0,0.0,4402.0,33.228582264855504,4.601877770386636,166295301.0,181684666.0,1526.0,0.0,4402.0,33.21150081790984,4.601877770386636,166295301.0,181684666.0,1526.0,0.0,4402.0,7.30361573304981,15.476348656229675,12.200686860829592,0.0,0.0,0.0,0.0,6.96626060269773,14.804520764388144,11.655492587015033,0.0,0.0003791116178035736,0.0037456005811691284,1.3350827619433403,4.601877770386636,15.476348656229675,12.200686860829592,0.0,0.0019413568079471588,0.0,0.0,4.601877770386636,9.312712790444493,7.172663641162217,0.12117578702140827,0.0019413568079471588,0.0037456005811691284,12.103124767541885,4.601877770386636,9.312712790444493,7.172663641162217,0.03251633793115616,0.0019413568079471588,0.0037456005811691284,12.103124767541885,4.601877770386636,9.312712790444493,7.172663641162217,0.0,0.0019413568079471588,0.01918049156665802,12.103124767541885,0.0,0.0,0.0,0.0,0.0,0.0,0.0,0.0,0.0,0.0,0.0,0.0,26.07623514160514,153932111.0,26.040617685765028,151926590.0,24.196694412268698,153932111.0,24.969061086425718,251544236.0,24.911887279711664,99617646.0,24.90639457013458,99617646.0,8.904416108503938,129207303.0,8.724863742478192,110010394.0,8.084160231985152,129207303.0,8.348180627520037,192077414.0,8.31669498514384,82067020.0,8.305106247775257,82067020.0,0.0,0.0,0.0,0.0,0.0,0.0,0.0,0.0,0.0,0.0,0.0,0.0,1132557.656,465045.04,0.005443697188049555,0.025068422181904314,1047747.936,417199.656,0.005385289516299963,0.025062013576552272,1132557.656,465045.04,0.004938603918999434,0.023922743723727758,1774486.6,1072749.704,0.00514598880630472,0.024490518170607798,726738.664,417199.656,0.005128088504076004,0.024439804441481826,726738.664,726738.664,0.0051220565233379605,0.02443076975122094,4402
bookreview,query1,4,inf,34.98065125010908,7.30361573304981,254962224.0,283139414.0,0.0,0.0,4402.0,34.76548142824322,6.96626060269773,234952782.0,261936984.0,298.0,0.0,4402.0,32.28085464425385,4.601877770386636,166295301.0,283139414.0,1526.0,0.0,4402.0,33.317241713945755,4.601877770386636,166295301.0,443621650.0,1526.0,0.0,4402.0,33.228582264855504,4.601877770386636,166295301.0,181684666.0,1526.0,0.0,4402.0,33.21150081790984,4.601877770386636,166295301.0,181684666.0,1526.0,0.0,4402.0,7.30361573304981,15.476348656229675,12.200686860829592,0.0,0.0,0.0,0.0,6.96626060269773,14.804520764388144,11.655492587015033,0.0,0.0003791116178035736,0.0037456005811691284,1.3350827619433403,4.601877770386636,15.476348656229675,12.200686860829592,0.0,0.0019413568079471588,0.0,0.0,4.601877770386636,9.312712790444493,7.172663641162217,0.12117578702140827,0.0019413568079471588,0.0037456005811691284,12.103124767541885,4.601877770386636,9.312712790444493,7.172663641162217,0.03251633793115616,0.0019413568079471588,0.0037456005811691284,12.103124767541885,4.601877770386636,9.312712790444493,7.172663641162217,0.0,0.0019413568079471588,0.01918049156665802,12.103124767541885,0.0,0.0,0.0,0.0,0.0,0.0,0.0,0.0,0.0,0.0,0.0,0.0,26.07623514160514,153932111.0,26.040617685765028,151926590.0,24.196694412268698,153932111.0,24.969061086425718,251544236.0,24.911887279711664,99617646.0,24.90639457013458,99617646.0,8.904416108503938,129207303.0,8.724863742478192,110010394.0,8.084160231985152,129207303.0,8.348180627520037,192077414.0,8.31669498514384,82067020.0,8.305106247775257,82067020.0,0.0,0.0,0.0,0.0,0.0,0.0,0.0,0.0,0.0,0.0,0.0,0.0,1132557.656,465045.04,0.005443697188049555,0.025068422181904314,1047747.936,417199.656,0.005385289516299963,0.025062013576552272,1132557.656,465045.04,0.004938603918999434,0.023922743723727758,1774486.6,1072749.704,0.00514598880630472,0.024490518170607798,726738.664,417199.656,0.005128088504076004,0.024439804441481826,726738.664,726738.664,0.0051220565233379605,0.02443076975122094,4402
bookreview,query1,8,1/4,69.43776735663414,14.656540569849312,501306623.0,556774514.0,0.0,0.0,8781.0,69.05485601257533,14.064683120697737,467774102.0,521124977.0,504.0,0.0,8781.0,62.37256341986358,7.586326762102544,272814349.0,556774514.0,3938.0,0.0,8781.0,64.92867462109665,7.586326762102544,272814349.0,816490009.0,3938.0,0.0,8781.0,64.75214981846511,7.586326762102544,272814349.0,295365032.0,3938.0,0.0,8781.0,64.73075716011226,7.586326762102544,272814349.0,295365032.0,3938.0,0.0,8781.0,14.656540569849312,30.639432194642723,24.141794592142105,0.0,0.0,0.0,0.0,14.064683120697737,29.445444316603243,23.174951035529375,0.0,0.0006411820650100708,0.006334841251373291,2.36280151642859,7.586326762102544,30.639432194642723,24.141794592142105,0.0,0.0050098709762096405,0.0,0.0,7.586326762102544,14.499473864212632,11.03317963797599,0.2410798515741034,0.0050098709762096405,0.006334841251373291,31.557269793003798,7.586326762102544,14.499473864212632,11.03317963797599,0.06455504894256592,0.0050098709762096405,0.006334841251373291,31.557269793003798,7.586326762102544,14.499473864212632,11.03317963797599,0.0,0.0050098709762096405,0.04949723184108734,31.557269793003798,0.0,0.0,0.0,0.0,0.0,0.0,0.0,0.0,0.0,0.0,0.0,0.0,52.08540091384202,313805523.0,52.003131026402116,309544089.0,47.01518659852445,313805523.0,49.007469846417955,468586191.0,48.890125032514334,159042102.0,48.885323625057936,159042102.0,17.352366442792118,242968991.0,17.051724986173213,211580888.0,15.35737682133913,242968991.0,15.921204774678687,347903818.0,15.86202478595078,136322930.0,15.845433535054326,136322930.0,0.0,0.0,0.0,0.0,0.0,0.0,0.0,0.0,0.0,0.0,0.0,0.0,2227098.056,561930.34,0.004537502694875002,0.025132567272894084,2084499.908,506640.236,0.00448124661296606,0.02513077039774507,2227098.056,561930.34,0.004080582836642861,0.023599887672998008,3250957.244,1560407.184,0.004251809221129621,0.024343583602615734,1181182.568,506640.236,0.004236788937821984,0.02429410215411335,1172292.516,1172292.516,0.00423094036243856,0.024286110701598227,8781
bookreview,query1,8,inf,69.43776735663414,14.656540569849312,501306623.0,556774514.0,0.0,0.0,8781.0,69.05485601257533,14.064683120697737,467774102.0,521124977.0,504.0,0.0,8781.0,62.370703467167914,7.584464265033603,272742106.0,556774514.0,3940.0,0.0,8781.0,64.92659941367695,7.584464265033603,272742106.0,816420619.0,3940.0,0.0,8781.0,64.75007461104542,7.584464265033603,272742106.0,295295642.0,3940.0,0.0,8781.0,64.7287070909515,7.584464265033603,272742106.0,295295642.0,3940.0,0.0,8781.0,14.656540569849312,30.639432194642723,24.141794592142105,0.0,0.0,0.0,0.0,14.064683120697737,29.445444316603243,23.174951035529375,0.0,0.0006411820650100708,0.006334841251373291,2.36280151642859,7.584464265033603,30.639432194642723,24.141794592142105,0.0,0.00501241534948349,0.0,0.0,7.584464265033603,14.497161510400474,11.031816622242332,0.2410798515741034,0.00501241534948349,0.006334841251373291,31.56072990782559,7.584464265033603,14.497161510400474,11.031816622242332,0.06455504894256592,0.00501241534948349,0.006334841251373291,31.56072990782559,7.584464265033603,14.497161510400474,11.031816622242332,0.0,0.00501241534948349,0.04952237010002136,31.56072990782559,0.0,0.0,0.0,0.0,0.0,0.0,0.0,0.0,0.0,0.0,0.0,0.0,52.08540091384202,313805523.0,52.003131026402116,309544089.0,47.01419608108699,313805523.0,49.005897032579234,468586191.0,48.88855221867561,159042102.0,48.88376338034868,159042102.0,17.352366442792118,242968991.0,17.051724986173213,211580888.0,15.35650738608092,242968991.0,15.920702381097714,347834428.0,15.861522392369807,136253540.0,15.84494371060282,136253540.0,0.0,0.0,0.0,0.0,0.0,0.0,0.0,0.0,0.0,0.0,0.0,0.0,2227098.056,561930.34,0.004537502694875002,0.025132567272894084,2084499.908,506640.236,0.00448124661296606,0.02513077039774507,2227098.056,561930.34,0.004080582836642861,0.023599887672998008,3265682.476,1566859.968,0.004251809221129621,0.024343583602615734,1181182.568,506640.236,0.004236788937821984,0.02429410215411335,1181182.568,1181182.568,0.00423094036243856,0.024286110701598227,8781
bookreview,query2,2,1/4,8.413849542848766,3.0433781556785107,59153134.0,60334301.0,0.0,0.0,2003.0,8.310903616249561,2.8823669077828526,54934842.0,55516742.0,105.0,0.0,2003.0,8.062272364273667,2.691517279483378,51671220.0,60334301.0,223.0,0.0,2003.0,8.156828948679719,2.691517279483378,51671220.0,107456853.0,223.0,0.0,2003.0,8.141440228559077,2.691517279483378,51671220.0,51940111.0,223.0,0.0,2003.0,8.132629268802702,2.691517279483378,51671220.0,51940111.0,223.0,0.0,2003.0,3.0433781556785107,3.281395542435348,2.089075844734907,0.0,0.0,0.0,0.0,2.8823669077828526,2.95964617934078,1.8339860066771507,0.0,0.00013357959687709808,0.0013197585940361023,0.633451184257865,2.691517279483378,3.281395542435348,2.089075844734907,0.0,0.00028369762003421783,0.0,0.0,2.691517279483378,2.68120423797518,1.6332563841715455,0.025682837154124335,0.00028369762003421783,0.0013197585940361023,1.1235647536814213,2.691517279483378,2.68120423797518,1.6332563841715455,0.010294117033481598,0.00028369762003421783,0.0013197585940361023,1.1235647536814213,2.691517279483378,2.68120423797518,1.6332563841715455,0.0,0.00028369762003421783,0.002802915871143341,1.1235647536814213,0.0,0.0,0.0,0.0,0.0,0.0,0.0,0.0,0.0,0.0,0.0,0.0,5.125001518055797,16905796.0,5.075587157160044,14442708.0,4.914505434222519,16905796.0,4.9663054716508555,26769980.0,4.9615848530083895,12327272.0,4.960252525284886,12327272.0,3.2888480247929692,43428505.0,3.2353164590895176,41074034.0,3.147766930051148,43428505.0,3.190523477028864,80686873.0,3.1798553755506873,39612839.0,3.172376743517816,39612839.0,0.0,0.0,0.0,0.0,0.0,0.0,0.0,0.0,0.0,0.0,0.0,0.0,241337.204,173762.248,0.0028664835356175897,0.010253228756971655,222066.968,157445.612,0.002841788997873664,0.010204140345193442,241337.204,173762.248,0.0027752282712608578,0.009945712666772303,429827.412,348791.916,0.0028101476693283226,0.010104411443660618,207760.444,157445.612,0.002807128217071295,0.010074567246995864,207760.444,207760.444,0.0028021508418023585,0.010066990575753151,2003
bookreview,query2,2,inf,8.413849542848766,3.0433781556785107,59153134.0,60334301.0,0.0,0.0,2003.0,8.310903616249561,2.8823669077828526,54934842.0,55516742.0,105.0,0.0,2003.0,8.062272364273667,2.691517279483378,51671220.0,60334301.0,223.0,0.0,2003.0,8.156828948679719,2.691517279483378,51671220.0,107456853.0,223.0,0.0,2003.0,8.141440228559077,2.691517279483378,51671220.0,51940111.0,223.0,0.0,2003.0,8.132629268802702,2.691517279483378,51671220.0,51940111.0,223.0,0.0,2003.0,3.0433781556785107,3.281395542435348,2.089075844734907,0.0,0.0,0.0,0.0,2.8823669077828526,2.95964617934078,1.8339860066771507,0.0,0.00013357959687709808,0.0013197585940361023,0.633451184257865,2.691517279483378,3.281395542435348,2.089075844734907,0.0,0.00028369762003421783,0.0,0.0,2.691517279483378,2.68120423797518,1.6332563841715455,0.025682837154124335,0.00028369762003421783,0.0013197585940361023,1.1235647536814213,2.691517279483378,2.68120423797518,1.6332563841715455,0.010294117033481598,0.00028369762003421783,0.0013197585940361023,1.1235647536814213,2.691517279483378,2.68120423797518,1.6332563841715455,0.0,0.00028369762003421783,0.002802915871143341,1.1235647536814213,0.0,0.0,0.0,0.0,0.0,0.0,0.0,0.0,0.0,0.0,0.0,0.0,5.125001518055797,16905796.0,5.075587157160044,14442708.0,4.914505434222519,16905796.0,4.9663054716508555,26769980.0,4.9615848530083895,12327272.0,4.960252525284886,12327272.0,3.2888480247929692,43428505.0,3.2353164590895176,41074034.0,3.147766930051148,43428505.0,3.190523477028864,80686873.0,3.1798553755506873,39612839.0,3.172376743517816,39612839.0,0.0,0.0,0.0,0.0,0.0,0.0,0.0,0.0,0.0,0.0,0.0,0.0,241337.204,173762.248,0.0028664835356175897,0.010253228756971655,222066.968,157445.612,0.002841788997873664,0.010204140345193442,241337.204,173762.248,0.0027752282712608578,0.009945712666772303,429827.412,348791.916,0.0028101476693283226,0.010104411443660618,207760.444,157445.612,0.002807128217071295,0.010074567246995864,207760.444,207760.444,0.0028021508418023585,0.010066990575753151,2003
bookreview,query2,4,1/4,16.53709706477821,6.140050469897687,119570755.0,121362704.0,0.0,0.0,4044.0,16.35210053436458,5.884534451179206,113925063.0,115046639.0,181.0,0.0,4044.0,15.431817512959242,5.033854943700135,101373856.0,121362704.0,720.0,0.0,4044.0,15.539864669973017,5.033854943700135,101373856.0,216783042.0,720.0,0.0,4044.0,15.507771159522235,5.033854943700135,101373856.0,101736403.0,720.0,0.0,4044.0,15.49341721367091,5.033854943700135,101373856.0,101736403.0,720.0,0.0,4044.0,6.140050469897687,6.3844892689958215,4.0125573258847,0.0,0.0,0.0,0.0,5.884534451179206,5.965702853165567,3.6905428804457188,0.0,0.0002302657812833786,0.0022750124335289,0.8088150713592768,5.033854943700135,6.3844892689958215,4.0125573258847,0.0,0.0009159743785858154,0.0,0.0,5.033854943700135,4.865558140911162,2.949057458899915,0.053222217084826946,0.0009159743785858154,0.0022750124335289,2.634980922564864,5.033854943700135,4.865558140911162,2.949057458899915,0.021128706634044647,0.0009159743785858154,0.0022750124335289,2.634980922564864,5.033854943700135,4.865558140911162,2.949057458899915,0.0,0.0009159743785858154,0.009049773216247559,2.634980922564864,0.0,0.0,0.0,0.0,0.0,0.0,0.0,0.0,0.0,0.0,0.0,0.0,9.926336790435016,31958650.0,9.836567247286439,29042162.0,9.233074286021292,31958650.0,9.27160304274032,50313588.0,9.262164707295597,21271426.0,9.261196884326637,21271426.0,6.610760274343193,89404054.0,6.515533287078142,86004477.0,6.19874322693795,89404054.0,6.268261627232698,166469454.0,6.245606452226639,80464977.0,6.232220329344273,80464977.0,0.0,0.0,0.0,0.0,0.0,0.0,0.0,0.0,0.0,0.0,0.0,0.0,485450.816,245164.656,0.0027442803625017404,0.012482387677580113,460186.556,230035.772,0.0027198791056871415,0.01243581166863441,485450.816,245164.656,0.0025611232370138168,0.011913898289389902,867132.168,584176.36,0.0025954282638170597,0.012199127622031883,406945.612,230035.772,0.0025937003027647733,0.01215760749522596,406945.612,406945.612,0.002589157560840249,0.012149495379067952,4044
bookreview,query2,4,inf,16.53709706477821,6.140050469897687,119570755.0,121362704.0,0.0,0.0,4044.0,16.35210053436458,5.884534451179206,113925063.0,115046639.0,181.0,0.0,4044.0,15.431817512959242,5.033854943700135,101373856.0,121362704.0,720.0,0.0,4044.0,15.539864669973017,5.033854943700135,101373856.0,216783042.0,720.0,0.0,4044.0,15.507771159522235,5.033854943700135,101373856.0,101736403.0,720.0,0.0,4044.0,15.49341721367091,5.033854943700135,101373856.0,101736403.0,720.0,0.0,4044.0,6.140050469897687,6.3844892689958215,4.0125573258847,0.0,0.0,0.0,0.0,5.884534451179206,5.965702853165567,3.6905428804457188,0.0,0.0002302657812833786,0.0022750124335289,0.8088150713592768,5.033854943700135,6.3844892689958215,4.0125573258847,0.0,0.0009159743785858154,0.0,0.0,5.033854943700135,4.865558140911162,2.949057458899915,0.053222217084826946,0.0009159743785858154,0.0022750124335289,2.634980922564864,5.033854943700135,4.865558140911162,2.949057458899915,0.021128706634044647,0.0009159743785858154,0.0022750124335289,2.634980922564864,5.033854943700135,4.865558140911162,2.949057458899915,0.0,0.0009159743785858154,0.009049773216247559,2.634980922564864,0.0,0.0,0.0,0.0,0.0,0.0,0.0,0.0,0.0,0.0,0.0,0.0,9.926336790435016,31958650.0,9.836567247286439,29042162.0,9.233074286021292,31958650.0,9.27160304274032,50313588.0,9.262164707295597,21271426.0,9.261196884326637,21271426.0,6.610760274343193,89404054.0,6.515533287078142,86004477.0,6.19874322693795,89404054.0,6.268261627232698,166469454.0,6.245606452226639,80464977.0,6.232220329344273,80464977.0,0.0,0.0,0.0,0.0,0.0,0.0,0.0,0.0,0.0,0.0,0.0,0.0,485450.816,245164.656,0.0027442803625017404,0.012482387677580113,460186.556,230035.772,0.0027198791056871415,0.01243581166863441,485450.816,245164.656,0.0025611232370138168,0.011913898289389902,867132.168,584176.36,0.0025954282638170597,0.012199127622031883,406945.612,230035.772,0.0025937003027647733,0.01215760749522596,406945.612,406945.612,0.002589157560840249,0.012149495379067952,4044
bookreview,query2,8,1/4,34.50613748282194,12.4385737311095,247363093.0,252966079.0,0.0,0.0,8198.0,34.10118910390884,11.882166032679379,234742419.0,238980132.0,408.0,0.0,8198.0,30.97629505675286,8.905842169187963,186744178.0,252966079.0,2271.0,0.0,8198.0,31.222455393248694,8.905842169187963,186744178.0,426798689.0,2271.0,0.0,8198.0,31.154823350720108,8.905842169187963,186744178.0,187818557.0,2271.0,0.0,8198.0,31.135316061787307,8.905842169187963,186744178.0,187818557.0,2271.0,0.0,8198.0,12.4385737311095,13.454076034016907,8.613487717695534,0.0,0.0,0.0,0.0,11.882166032679379,12.55644059740007,7.931346429511905,0.0,0.0005190521478652954,0.005128204822540283,1.7255887873470783,8.905842169187963,13.454076034016907,8.613487717695534,0.0,0.002889135852456093,0.0,0.0,8.905842169187963,8.582328089512885,5.205958024598658,0.11055561965842912,0.002889135852456093,0.005128204822540283,8.409754149615765,8.905842169187963,8.582328089512885,5.205958024598658,0.04292357712984085,0.002889135852456093,0.005128204822540283,8.409754149615765,8.905842169187963,8.582328089512885,5.205958024598658,0.0,0.002889135852456093,0.02854449301958084,8.409754149615765,0.0,0.0,0.0,0.0,0.0,0.0,0.0,0.0,0.0,0.0,0.0,0.0,21.213358744978905,76238131.0,21.03383968397975,70327677.0,18.956483798101544,76238131.0,19.04998695929682,112071036.0,19.026011949405074,41743359.0,19.028362376615405,41743359.0,13.292778737843037,176727948.0,13.067349419929087,168652455.0,12.019811258651316,176727948.0,12.172468433951876,314727653.0,12.128811401315033,146075198.0,12.106953685171902,146075198.0,0.0,0.0,0.0,0.0,0.0,0.0,0.0,0.0,0.0,0.0,0.0,0.0,1011864.316,335039.752,0.0027008015885949133,0.014894622303731736,955920.528,320699.94,0.00267735511623323,0.014870983598753804,1011864.316,335039.752,0.002454864289611578,0.013552242421731349,1707194.756,965379.244,0.00249900396804025,0.014165979605084636,751274.228,320699.94,0.002497562190517783,0.01411558457780629,751274.228,751274.228,0.002493276696652174,0.014109435759671028,8198
bookreview,query2,8,inf,34.50613748282194,12.4385737311095,247363093.0,252966079.0,0.0,0.0,8198.0,34.10118910390884,11.882166032679379,234742419.0,238980132.0,408.0,0.0,8198.0,30.97629505675286,8.905842169187963,186744178.0,252966079.0,2271.0,0.0,8198.0,31.222455393248694,8.905842169187963,186744178.0,426798689.0,2271.0,0.0,8198.0,31.154823350720108,8.905842169187963,186744178.0,187818557.0,2271.0,0.0,8198.0,31.135316061787307,8.905842169187963,186744178.0,187818557.0,2271.0,0.0,8198.0,12.4385737311095,13.454076034016907,8.613487717695534,0.0,0.0,0.0,0.0,11.882166032679379,12.55644059740007,7.931346429511905,0.0,0.0005190521478652954,0.005128204822540283,1.7255887873470783,8.905842169187963,13.454076034016907,8.613487717695534,0.0,0.002889135852456093,0.0,0.0,8.905842169187963,8.582328089512885,5.205958024598658,0.11055561965842912,0.002889135852456093,0.005128204822540283,8.409754149615765,8.905842169187963,8.582328089512885,5.205958024598658,0.04292357712984085,0.002889135852456093,0.005128204822540283,8.409754149615765,8.905842169187963,8.582328089512885,5.205958024598658,0.0,0.002889135852456093,0.02854449301958084,8.409754149615765,0.0,0.0,0.0,0.0,0.0,0.0,0.0,0.0,0.0,0.0,0.0,0.0,21.213358744978905,76238131.0,21.03383968397975,70327677.0,18.956483798101544,76238131.0,19.04998695929682,112071036.0,19.026011949405074,41743359.0,19.028362376615405,41743359.0,13.292778737843037,176727948.0,13.067349419929087,168652455.0,12.019811258651316,176727948.0,12.172468433951876,314727653.0,12.128811401315033,146075198.0,12.106953685171902,146075198.0,0.0,0.0,0.0,0.0,0.0,0.0,0.0,0.0,0.0,0.0,0.0,0.0,1011864.316,335039.752,0.0027008015885949133,0.014894622303731736,955920.528,320699.94,0.00267735511623323,0.014870983598753804,1011864.316,335039.752,0.002454864289611578,0.013552242421731349,1707194.756,965379.244,0.00249900396804025,0.014165979605084636,751274.228,320699.94,0.002497562190517783,0.01411558457780629,751274.228,751274.228,0.002493276696652174,0.014109435759671028,8198
bookreview,query3,2,1/4,7.063800451345742,2.517356939613819,43401767.0,44702523.0,0.0,0.0,1732.0,6.883750639855862,2.369746637530625,42059864.0,43555725.0,132.0,0.0,1732.0,6.698422314599156,2.1516085965558887,40450118.0,44702523.0,291.0,0.0,1732.0,6.673738052016698,2.1516085965558887,40450118.0,85431255.0,291.0,0.0,1732.0,6.66136884316802,2.1516085965558887,40450118.0,41875530.0,291.0,0.0,1732.0,6.653558032587171,2.1468186918646097,39742925.0,41158083.0,293.0,5.0,1732.0,2.517356939613819,2.8019358683377504,1.7445076433941722,0.0,0.0,0.0,0.0,2.369746637530625,2.681685684248805,1.6879625236615539,0.0,0.00016792863607406616,0.0016591250896453857,0.14252874068915844,2.1516085965558887,2.8019358683377504,1.7445076433941722,0.0,0.0003702063113451004,0.0,0.0,2.1516085965558887,2.4799609445035458,1.5616013882681727,0.020149499988756942,0.0003702063113451004,0.0016591250896453857,0.4583882912993431,2.1516085965558887,2.4799609445035458,1.5616013882681727,0.007780291140079498,0.0003702063113451004,0.0016591250896453857,0.4583882912993431,2.1468186918646097,2.4704605396836996,1.5548341944813728,0.0,0.0003727506846189499,0.003682754933834076,0.4773891009390354,0.0,0.0,0.0,0.0,0.0,0.0,0.0,0.0,0.0,0.0,0.0,0.0,5.160544450394809,26630579.0,5.109601765871048,26068409.0,4.949777700006962,26630579.0,4.985260350879726,50590321.0,4.978090124204755,24521912.0,4.974206263199449,24521912.0,1.9032560009509325,18071944.0,1.7741488739848137,17487316.0,1.7486446145921946,18071944.0,1.6884777011369716,34840934.0,1.6832787189632654,17353618.0,1.679351769387722,16636171.0,0.0,0.0,0.0,0.0,0.0,0.0,0.0,0.0,0.0,0.0,0.0,0.0,178810.092,144834.784,0.0028972439914941787,0.010228812586888668,174222.9,141905.972,0.0028814669419080017,0.010221029155887662,178810.092,144834.784,0.0027569453045725822,0.010082271015830336,322692.52,286037.292,0.0027873841229965005,0.010142643673365762,163721.6,141905.972,0.002786167755723,0.010121015892364083,162256.988,162060.304,0.002782217601314187,0.010111303955502806,1732
bookreview,query3,2,inf,7.063800451345742,2.517356939613819,43401767.0,44702523.0,0.0,0.0,1732.0,6.883750639855862,2.369746637530625,42059864.0,43555725.0,132.0,0.0,1732.0,6.685930001549423,2.1391086503863335,39545806.0,44702523.0,297.0,0.0,1732.0,6.6666634808020815,2.1391086503863335,39545806.0,84486125.0,297.0,0.0,1732.0,6.654294271953404,2.1391086503863335,39545806.0,40930400.0,297.0,0.0,1732.0,6.648587887175381,2.1391086503863335,39545806.0,40930400.0,297.0,0.0,1732.0,2.517356939613819,2.8019358683377504,1.7445076433941722,0.0,0.0,0.0,0.0,2.369746637530625,2.681685684248805,1.6879625236615539,0.0,0.00016792863607406616,0.0016591250896453857,0.14252874068915844,2.1391086503863335,2.8019358683377504,1.7445076433941722,0.0,0.00037783943116664886,0.0,0.0,2.1391086503863335,2.4517860896885395,1.5410756869241595,0.020149499988756942,0.00037783943116664886,0.0016591250896453857,0.5125065892934799,2.1391086503863335,2.4517860896885395,1.5410756869241595,0.007780291140079498,0.00037783943116664886,0.0016591250896453857,0.5125065892934799,2.1391086503863335,2.4517860896885395,1.5410756869241595,0.0,0.00037783943116664886,0.003733031451702118,0.5125065892934799,0.0,0.0,0.0,0.0,0.0,0.0,0.0,0.0,0.0,0.0,0.0,0.0,5.160544450394809,26630579.0,5.109601765871048,26068409.0,4.94371841289103,26630579.0,4.983001300383804,50362638.0,4.975831073708832,24294229.0,4.97197235096246,24294229.0,1.9032560009509325,18071944.0,1.7741488739848137,17487316.0,1.7422115886583924,18071944.0,1.6836621804182779,34123487.0,1.6784631982445717,16636171.0,1.6766155362129211,16636171.0,0.0,0.0,0.0,0.0,0.0,0.0,0.0,0.0,0.0,0.0,0.0,0.0,178810.092,144834.784,0.0028972439914941787,0.010228812586888668,174222.9,141905.972,0.0028814669419080017,0.010221029155887662,178810.092,144834.784,0.0027562279794365167,0.010082271015830336,337944.5,298250.504,0.002787008299360408,0.010142643673365762,163721.6,141905.972,0.0027858072351664306,0.010121015892364083,163721.6,163721.6,0.002782217601314187,0.010111303955502806,1732
bookreview,query3,4,1/4,13.107383457943797,4.947675049304962,68117387.0,69612959.0,0.0,0.0,3460.0,12.781508800573647,4.689230339601636,65762069.0,67690192.0,244.0,0.0,3460.0,12.029409429058433,3.8686056677252054,58169304.0,69612959.0,861.0,0.0,3460.0,11.95461373816551,3.8686056677252054,58169304.0,127436186.0,861.0,0.0,3460.0,11.938407382927835,3.8686056677252054,58169304.0,59745994.0,861.0,0.0,3460.0,11.928828170523047,3.8664614288136363,58153271.0,59735364.0,863.0,6.0,3460.0,4.947675049304962,5.085741683840752,3.0739667247980833,0.0,0.0,0.0,0.0,4.689230339601636,4.866239886730909,2.9787637619301677,0.0,0.00031041353940963745,0.0030668675899505615,0.24389753118157387,3.8686056677252054,5.085741683840752,3.0739667247980833,0.0,0.0010953526943922043,0.0,0.0,3.8686056677252054,4.039252444170415,2.4653798043727875,0.03131444885702064,0.0010953526943922043,0.0030668675899505615,1.5458991527557373,3.8686056677252054,4.039252444170415,2.4653798043727875,0.015108093619346619,0.0010953526943922043,0.0030668675899505615,1.5458991527557373,3.8664614288136363,4.037896888330579,2.4650791259482503,0.0,0.0010978970676660538,0.01084715873003006,1.547445671632886,0.0,0.0,0.0,0.0,0.0,0.0,0.0,0.0,0.0,0.0,0.0,0.0,9.583076974377036,45581558.0,9.505180893465877,44818180.0,8.96354314405471,45581558.0,9.061019468108233,83109437.0,9.049951598979533,38291257.0,9.042182204313576,38291257.0,3.524306483566761,24031401.0,3.2763279071077704,22872012.0,3.0658662850037217,24031401.0,2.8935942700572754,44326749.0,2.8884557839483023,21454737.0,2.8866459662094712,21444107.0,0.0,0.0,0.0,0.0,0.0,0.0,0.0,0.0,0.0,0.0,0.0,0.0,278451.836,171162.016,0.002435469750314951,0.01046120594665408,270760.768,168026.976,0.0024218416810035705,0.010458986817859112,278451.836,171162.016,0.0022662383783608677,0.010238598591834304,483735.796,367168.896,0.002309332173613497,0.010324711617837448,237892.06,168026.976,0.0023088602237403394,0.010306769934669134,234516.972,228833.608,0.002306381983682513,0.010295960483327505,3460
bookreview,query3,4,inf,13.107383457943797,4.947675049304962,68117387.0,69612959.0,0.0,0.0,3460.0,12.781508800573647,4.689230339601636,65762069.0,67690192.0,244.0,0.0,3460.0,12.016426490619779,3.855612551793456,57923232.0,69612959.0,869.0,0.0,3460.0,11.944286956855368,3.855612551793456,57923232.0,127163207.0,869.0,0.0,3460.0,11.928080601617694,3.855612551793456,57923232.0,59473015.0,869.0,0.0,3460.0,11.920828213915229,3.855612551793456,57923232.0,59473015.0,869.0,0.0,3460.0,4.947675049304962,5.085741683840752,3.0739667247980833,0.0,0.0,0.0,0.0,4.689230339601636,4.866239886730909,2.9787637619301677,0.0,0.00031041353940963745,0.0030668675899505615,0.24389753118157387,3.855612551793456,5.085741683840752,3.0739667247980833,0.0,0.0011055301874876022,0.0,0.0,3.855612551793456,4.015567029826343,2.448862257413566,0.03131444885702064,0.0011055301874876022,0.0030668675899505615,1.5887582711875439,3.855612551793456,4.015567029826343,2.448862257413566,0.015108093619346619,0.0011055301874876022,0.0030668675899505615,1.5887582711875439,3.855612551793456,4.015567029826343,2.448862257413566,0.0,0.0011055301874876022,0.010922573506832123,1.5887582711875439,0.0,0.0,0.0,0.0,0.0,0.0,0.0,0.0,0.0,0.0,0.0,0.0,9.583076974377036,45581558.0,9.505180893465877,44818180.0,8.95417988114059,45581558.0,9.055513340035494,82847088.0,9.044445470906794,38028908.0,9.038286597467959,38028908.0,3.524306483566761,24031401.0,3.2763279071077704,22872012.0,3.062246609479189,24031401.0,2.888773616819873,44316119.0,2.8836351307109,21444107.0,2.88254161644727,21444107.0,0.0,0.0,0.0,0.0,0.0,0.0,0.0,0.0,0.0,0.0,0.0,0.0,278451.836,171162.016,0.002435469750314951,0.01046120594665408,270760.768,168026.976,0.0024218416810035705,0.010458986817859112,278451.836,171162.016,0.002266094360500574,0.010231106934323903,508652.828,382931.088,0.0023092567215837923,0.010323542044321794,237892.06,168026.976,0.002308784771710634,0.01030560036115348,237892.06,237892.06,0.00230634037964046,0.010294816048070785,3460
bookreview,query3,8,1/4,25.368102541193366,9.707435496151447,133843218.0,136085610.0,0.0,0.0,6816.0,24.726243255659938,9.219984462484717,130008614.0,133227553.0,466.0,0.0,6816.0,22.430467429570854,6.766879444010556,106264375.0,136085610.0,2296.0,0.0,6816.0,22.206743776613617,6.766879444010556,106264375.0,241813512.0,2296.0,0.0,6816.0,22.174371742643416,6.766879444010556,106264375.0,108585959.0,2296.0,0.0,6816.0,22.15342263225466,6.751709111966193,106147421.0,108500919.0,2310.0,9.0,6816.0,9.707435496151447,9.806121729314327,5.8545453157275915,0.0,0.0,0.0,0.0,9.219984462484717,9.412381337955594,5.703832529485226,0.0,0.0005928389728069305,0.005857214331626892,0.3835948724299669,6.766879444010556,9.806121729314327,5.8545453157275915,0.0,0.0029209405183792114,0.0,0.0,6.766879444010556,6.9663813058286905,4.195588067173958,0.06163296736940127,0.0029209405183792114,0.005857214331626892,4.207483837381005,6.766879444010556,6.9663813058286905,4.195588067173958,0.02926093339920044,0.0029209405183792114,0.005857214331626892,4.207483837381005,6.751709111966193,6.956701451912522,4.19318263977766,0.0,0.002938751131296158,0.02903468906879425,4.219855988398194,0.0,0.0,0.0,0.0,0.0,0.0,0.0,0.0,0.0,0.0,0.0,0.0,18.40221579745412,84046373.0,18.24986241199076,82568585.0,16.631566538475454,84046373.0,16.880555345835727,145683491.0,16.860960251651704,63114906.0,16.843403710983694,63114906.0,6.965886743739247,52039237.0,6.476380843669176,50658968.0,5.7989008910954,52039237.0,5.326188430777887,96130021.0,5.313411490991712,45471053.0,5.3100189212709665,45386013.0,0.0,0.0,0.0,0.0,0.0,0.0,0.0,0.0,0.0,0.0,0.0,0.0,544342.44,247110.076,0.0020804176703095438,0.011309656268171963,532910.212,244821.284,0.0020677913166582585,0.011309119569882748,544342.44,247110.076,0.0019437407553195953,0.010864890147186813,908603.216,582823.472,0.0019551880731398033,0.011063969587593097,429025.316,244821.284,0.001955287953838706,0.011041171201132235,411141.248,401245.352,0.0019528190176934003,0.011030513829551634,6816
bookreview,query3,8,inf,25.368102541193366,9.707435496151447,133843218.0,136085610.0,0.0,0.0,6816.0,24.726243255659938,9.219984462484717,130008614.0,133227553.0,466.0,0.0,6816.0,22.361170832067728,6.6975243259221315,105053731.0,136085610.0,2342.0,0.0,6816.0,22.152025511303687,6.6975243259221315,105053731.0,240483882.0,2342.0,0.0,6816.0,22.119653477333486,6.6975243259221315,105053731.0,107256329.0,2342.0,0.0,6816.0,22.113972230814397,6.6975243259221315,105053731.0,107256329.0,2342.0,0.0,6816.0,9.707435496151447,9.806121729314327,5.8545453157275915,0.0,0.0,0.0,0.0,9.219984462484717,9.412381337955594,5.703832529485226,0.0,0.0005928389728069305,0.005857214331626892,0.3835948724299669,6.6975243259221315,9.806121729314327,5.8545453157275915,0.0,0.0029794611036777496,0.0,0.0,6.6975243259221315,6.852493195794523,4.117236731573939,0.06163296736940127,0.0029794611036777496,0.005857214331626892,4.414301615208387,6.6975243259221315,6.852493195794523,4.117236731573939,0.02926093339920044,0.0029794611036777496,0.005857214331626892,4.414301615208387,6.6975243259221315,6.852493195794523,4.117236731573939,0.0,0.0029794611036777496,0.029436901211738586,4.414301615208387,0.0,0.0,0.0,0.0,0.0,0.0,0.0,0.0,0.0,0.0,0.0,0.0,18.40221579745412,84046373.0,18.24986241199076,82568585.0,16.584694124758244,84046373.0,16.846901700059515,144592399.0,16.827306605875492,62023814.0,16.819400623440742,62023814.0,6.965886743739247,52039237.0,6.476380843669176,50658968.0,5.7764767073094845,52039237.0,5.30512381124417,95891483.0,5.292346871457994,45232515.0,5.294571607373655,45232515.0,0.0,0.0,0.0,0.0,0.0,0.0,0.0,0.0,0.0,0.0,0.0,0.0,544342.44,247110.076,0.0020804176703095438,0.011309656268171963,532910.212,244821.284,0.0020677913166582585,0.011309119569882748,544342.44,247110.076,0.001940581277012825,0.010840916843153532,961935.528,611782.52,0.0019547952754290186,0.011060226952343006,429025.316,244821.284,0.001954849246889353,0.011037428565882143,429025.316,429025.316,0.001952637080103159,0.011026851636730131,6816
crmarenapro,query1,2,1/4,18.905982029624283,17.68421347811818,16597010.0,14385941.0,0.0,0.0,1554.0,18.81200109887868,17.594320511445403,16585570.0,14385941.0,4.0,0.0,1554.0,17.689338149502873,16.46748690586537,16464898.0,14385941.0,65.0,0.0,1554.0,17.638816885553894,16.46748690586537,16464898.0,28771882.0,65.0,0.0,1554.0,17.633883714675903,16.46748690586537,16464898.0,14385941.0,65.0,0.0,1554.0,17.63292846083641,16.46748690586537,16464898.0,14385941.0,65.0,0.0,1554.0,17.68421347811818,1.089092766866088,0.13267578464001417,0.0,0.0,0.0,0.0,17.594320511445403,1.0849494375288486,0.13267578464001417,0.0,5.088746547698975e-06,5.027651786804199e-05,0.0,16.46748690586537,1.089092766866088,0.13267578464001417,0.0,8.269213140010834e-05,0.0,0.0,16.46748690586537,1.0318660847842693,0.13267578464001417,0.0066551416149715804,8.269213140010834e-05,5.027651786804199e-05,0.0,16.46748690586537,1.0318660847842693,0.13267578464001417,0.0017219707369804382,8.269213140010834e-05,5.027651786804199e-05,0.0,16.46748690586537,1.0318660847842693,0.13267578464001417,0.0,8.269213140010834e-05,0.0008169934153556824,0.0,0.0,0.0,0.0,0.0,0.0,0.0,0.0,0.0,0.0,0.0,0.0,0.0,0.20569645520299673,0.0,0.20569645520299673,0.0,0.20295043755322695,0.0,0.2018491132184863,0.0,0.2018491132184863,0.0,0.20189938973635435,0.0,2.0924039715901017,14385941.0,2.0924039715901017,14385941.0,2.090769021771848,14385941.0,2.0966849158486704,28771882.0,2.0917517449706793,14385941.0,2.090054912492633,14385941.0,16.607881602831185,0.0,16.513900672085583,0.0,15.395618690177798,0.0,15.340282856486738,0.0,15.340282856486738,0.0,15.340974158607423,0.0,57543.764,54235.032,0.014862432001158596,0.024601639813371,57543.764,54235.032,0.014826691754162312,0.024596992888115347,57543.764,54235.032,0.013909902160987258,0.023902493690885603,115087.528,110543.628,0.0138897220049265,0.0239003497045372,57543.764,54235.032,0.013886695846915246,0.02390027487426996,57543.764,57543.764,0.01388553948700428,0.023900272360444067,1554
crmarenapro,query1,2,inf,18.905982029624283,17.68421347811818,16597010.0,14385941.0,0.0,0.0,1554.0,18.81200109887868,17.594320511445403,16585570.0,14385941.0,4.0,0.0,1554.0,17.689338149502873,16.46748690586537,16464898.0,14385941.0,65.0,0.0,1554.0,17.638816885553894,16.46748690586537,16464898.0,28771882.0,65.0,0.0,1554.0,17.633883714675903,16.46748690586537,16464898.0,14385941.0,65.0,0.0,1554.0,17.63292846083641,16.46748690586537,16464898.0,14385941.0,65.0,0.0,1554.0,17.68421347811818,1.089092766866088,0.13267578464001417,0.0,0.0,0.0,0.0,17.594320511445403,1.0849494375288486,0.13267578464001417,0.0,5.088746547698975e-06,5.027651786804199e-05,0.0,16.46748690586537,1.089092766866088,0.13267578464001417,0.0,8.269213140010834e-05,0.0,0.0,16.46748690586537,1.0318660847842693,0.13267578464001417,0.0066551416149715804,8.269213140010834e-05,5.027651786804199e-05,0.0,16.46748690586537,1.0318660847842693,0.13267578464001417,0.0017219707369804382,8.269213140010834e-05,5.027651786804199e-05,0.0,16.46748690586537,1.0318660847842693,0.13267578464001417,0.0,8.269213140010834e-05,0.0008169934153556824,0.0,0.0,0.0,0.0,0.0,0.0,0.0,0.0,0.0,0.0,0.0,0.0,0.0,0.20569645520299673,0.0,0.20569645520299673,0.0,0.20295043755322695,0.0,0.2018491132184863,0.0,0.2018491132184863,0.0,0.20189938973635435,0.0,2.0924039715901017,14385941.0,2.0924039715901017,14385941.0,2.090769021771848,14385941.0,2.0966849158486704,28771882.0,2.0917517449706793,14385941.0,2.090054912492633,14385941.0,16.607881602831185,0.0,16.513900672085583,0.0,15.395618690177798,0.0,15.340282856486738,0.0,15.340282856486738,0.0,15.340974158607423,0.0,57543.764,54235.032,0.014862432001158596,0.024601639813371,57543.764,54235.032,0.014826691754162312,0.024596992888115347,57543.764,54235.032,0.013909902160987258,0.023902493690885603,115087.528,110543.628,0.0138897220049265,0.0239003497045372,57543.764,54235.032,0.013886695846915246,0.02390027487426996,57543.764,57543.764,0.01388553948700428,0.023900272360444067,1554
crmarenapro,query1,4,1/4,39.10495606996119,36.707025380805135,29112971.0,24696517.0,0.0,0.0,3090.0,38.77513187751174,36.38977705407888,29078651.0,24696517.0,12.0,0.0,3090.0,33.523181257769465,31.124876545742154,28350268.0,24696517.0,294.0,0.0,3090.0,33.276835267151704,31.124876545742154,28350268.0,49225234.0,294.0,0.0,3090.0,33.268766263499856,31.124876545742154,28350268.0,24528717.0,294.0,0.0,3090.0,33.26895480044186,31.124876545742154,28350268.0,24528717.0,294.0,0.0,3090.0,36.707025380805135,2.157646437175572,0.24028425198048353,0.0,0.0,0.0,0.0,36.38977705407888,2.144904475659132,0.24028425198048353,0.0,1.5266239643096924e-05,0.00015082955360412598,0.0,31.124876545742154,2.157646437175572,0.24028425198048353,0.0,0.00037402287125587463,0.0,0.0,31.124876545742154,1.8941407352685928,0.23746746219694614,0.011424961219537401,0.00037402287125587463,0.00015082955360412598,0.008400710299611092,31.124876545742154,1.8941407352685928,0.23746746219694614,0.003355957567691803,0.00037402287125587463,0.00015082955360412598,0.008400710299611092,31.124876545742154,1.8941407352685928,0.23746746219694614,0.0,0.00037402287125587463,0.0036953240633010864,0.008400710299611092,0.0,0.0,0.0,0.0,0.0,0.0,0.0,0.0,0.0,0.0,0.0,0.0,0.38210470136255026,0.0,0.38210470136255026,0.0,0.3690763907507062,0.0,0.3635425176471472,0.0,0.3635425176471472,0.0,0.36376876197755337,0.0,4.105618203058839,24634006.0,4.105618203058839,24634006.0,4.0882987808436155,24634006.0,4.0984893252297825,49100212.0,4.0904115326702595,24466206.0,4.087244112044573,24466206.0,34.6172331655398,62511.0,34.28740897309035,62511.0,29.065806086175144,62511.0,28.81480342427477,125022.0,28.81481221318245,62511.0,28.817941926419735,62511.0,98786.068,81711.82,0.014391805509105324,0.025746028301306068,98786.068,81711.82,0.014174868898466229,0.025661856479384,98786.068,81711.82,0.012397202583029867,0.02464887450560927,191787.032,170365.284,0.012386110919928832,0.02464887450560927,98114.868,81711.82,0.012384059885516763,0.02464887450560927,93063.268,93063.268,0.012382702419534326,0.02464887450560927,3090
crmarenapro,query1,4,inf,39.10495606996119,36.707025380805135,29112971.0,24696517.0,0.0,0.0,3090.0,38.77513187751174,36.38977705407888,29078651.0,24696517.0,12.0,0.0,3090.0,33.523181257769465,31.124876545742154,28350268.0,24696517.0,294.0,0.0,3090.0,33.276835267151704,31.124876545742154,28350268.0,49225234.0,294.0,0.0,3090.0,33.268766263499856,31.124876545742154,28350268.0,24528717.0,294.0,0.0,3090.0,33.26895480044186,31.124876545742154,28350268.0,24528717.0,294.0,0.0,3090.0,36.707025380805135,2.157646437175572,0.24028425198048353,0.0,0.0,0.0,0.0,36.38977705407888,2.144904475659132,0.24028425198048353,0.0,1.5266239643096924e-05,0.00015082955360412598,0.0,31.124876545742154,2.157646437175572,0.24028425198048353,0.0,0.00037402287125587463,0.0,0.0,31.124876545742154,1.8941407352685928,0.23746746219694614,0.011424961219537401,0.00037402287125587463,0.00015082955360412598,0.008400710299611092,31.124876545742154,1.8941407352685928,0.23746746219694614,0.003355957567691803,0.00037402287125587463,0.00015082955360412598,0.008400710299611092,31.124876545742154,1.8941407352685928,0.23746746219694614,0.0,0.00037402287125587463,0.0036953240633010864,0.008400710299611092,0.0,0.0,0.0,0.0,0.0,0.0,0.0,0.0,0.0,0.0,0.0,0.0,0.38210470136255026,0.0,0.38210470136255026,0.0,0.3690763907507062,0.0,0.3635425176471472,0.0,0.3635425176471472,0.0,0.36376876197755337,0.0,4.105618203058839,24634006.0,4.105618203058839,24634006.0,4.0882987808436155,24634006.0,4.0984893252297825,49100212.0,4.0904115326702595,24466206.0,4.087244112044573,24466206.0,34.6172331655398,62511.0,34.28740897309035,62511.0,29.065806086175144,62511.0,28.81480342427477,125022.0,28.81481221318245,62511.0,28.817941926419735,62511.0,98786.068,81711.82,0.014391805509105324,0.025746028301306068,98786.068,81711.82,0.014174868898466229,0.025661856479384,98786.068,81711.82,0.012397202583029867,0.02464887450560927,196900.936,175479.188,0.012386110919928832,0.02464887450560927,98114.868,81711.82,0.012384059885516763,0.02464887450560927,98114.868,98114.868,0.012382702419534326,0.02464887450560927,3090
crmarenapro,query1,8,1/4,78.5106872683391,73.4659532289952,72192136.0,63602737.0,0.0,0.0,6305.0,77.77545620966703,72.76082076877356,72109196.0,63602737.0,29.0,0.0,6305.0,59.34987517911941,54.303800255060196,67102244.0,63602737.0,1054.0,0.0,6305.0,58.48893154868294,54.303800255060196,67102244.0,124182561.0,1054.0,0.0,6305.0,58.46647131256759,54.303800255060196,67102244.0,60579824.0,1054.0,0.0,6305.0,58.472391372546554,54.303800255060196,67102244.0,60579824.0,1054.0,0.0,6305.0,73.4659532289952,4.45767083670944,0.5870632026344538,0.0,0.0,0.0,0.0,72.76082076877356,4.427170840092003,0.5870632026344538,0.0,3.6893412470817566e-05,0.00036450475454330444,0.0,54.303800255060196,4.45767083670944,0.5870632026344538,0.0,0.0013408847153186798,0.0,0.0,54.303800255060196,3.518375995568931,0.55168601218611,0.02942353384007294,0.0013408847153186798,0.00036450475454330444,0.08394036255776882,54.303800255060196,3.518375995568931,0.55168601218611,0.006963297724723816,0.0013408847153186798,0.00036450475454330444,0.08394036255776882,54.303800255060196,3.518375995568931,0.55168601218611,0.0,0.0013408847153186798,0.013247862458229065,0.08394036255776882,0.0,0.0,0.0,0.0,0.0,0.0,0.0,0.0,0.0,0.0,0.0,0.0,0.878583007492125,0.0,0.878583007492125,0.0,0.8249295521527529,0.0,0.8022922454401851,0.0,0.8022922454401851,0.0,0.8032223610207438,0.0,8.313125140964985,63477715.0,8.313125140964985,63477715.0,8.149595726281404,63477715.0,8.169239541450038,123932517.0,8.146761727519333,60454802.0,8.140816529281437,60454802.0,69.31897911988199,125022.0,68.58374806120992,125022.0,50.37534990068525,125022.0,49.51739976179272,250044.0,49.51741733960807,125022.0,49.52835248224437,125022.0,254410.948,154057.592,0.013933473784476519,0.02612064546775073,254410.948,154057.592,0.013674034977331757,0.025961900519952178,254410.948,154057.592,0.010045741910114885,0.023949265013635156,455622.484,346766.88,0.010000548693959815,0.023949324065421676,242035.0,154057.592,0.009997125996276736,0.023949267527461047,204914.832,204914.832,0.009996271295472979,0.023949265013635156,6305
crmarenapro,query1,8,inf,78.5106872683391,73.4659532289952,72192136.0,63602737.0,0.0,0.0,6305.0,77.77545620966703,72.76082076877356,72109196.0,63602737.0,29.0,0.0,6305.0,59.223660924471915,54.17756310105324,67021766.0,63602737.0,1072.0,0.0,6305.0,58.35485037126948,54.17756310105324,67021766.0,124111487.0,1072.0,0.0,6305.0,58.33239013515413,54.17756310105324,67021766.0,60508750.0,1072.0,0.0,6305.0,58.338536439463496,54.17756310105324,67021766.0,60508750.0,1072.0,0.0,6305.0,73.4659532289952,4.45767083670944,0.5870632026344538,0.0,0.0,0.0,0.0,72.76082076877356,4.427170840092003,0.5870632026344538,0.0,3.6893412470817566e-05,0.00036450475454330444,0.0,54.17756310105324,4.45767083670944,0.5870632026344538,0.0,0.0013637840747833252,0.0,0.0,54.17756310105324,3.5065214103087783,0.5492706811055541,0.02942353384007294,0.0013637840747833252,0.00036450475454330444,0.09034335613250732,54.17756310105324,3.5065214103087783,0.5492706811055541,0.006963297724723816,0.0013637840747833252,0.00036450475454330444,0.09034335613250732,54.17756310105324,3.5065214103087783,0.5492706811055541,0.0,0.0013637840747833252,0.013474106788635254,0.09034335613250732,0.0,0.0,0.0,0.0,0.0,0.0,0.0,0.0,0.0,0.0,0.0,0.0,0.878583007492125,0.0,0.878583007492125,0.0,0.8194698225706816,0.0,0.794561667367816,0.0,0.794561667367816,0.0,0.7955797668546438,0.0,8.313125140964985,63477715.0,8.313125140964985,63477715.0,8.14280055835843,63477715.0,8.16292796184261,123861443.0,8.140450147911906,60383728.0,8.134555226191878,60383728.0,69.31897911988199,125022.0,68.58374806120992,125022.0,50.2613905435428,125022.0,49.39736074205905,250044.0,49.397378319874406,125022.0,49.408401446416974,125022.0,254410.948,154057.592,0.013933473784476519,0.02612064546775073,254410.948,154057.592,0.013674034977331757,0.025961900519952178,254410.948,154057.592,0.01004464204236865,0.023931487727165218,496445.948,384107.12,0.00999907075767706,0.02393154677895174,242035.0,154057.592,0.009995648059993983,0.02393149024099111,242035.0,242035.0,0.009994793359190226,0.023931487727165218,6305
crmarenapro,query10,2,1/4,5.0919899474829435,2.8587141428142786,10653680.0,8780400.0,0.0,0.0,2709.0,5.009041124023497,2.8070371709764004,10527435.0,8780400.0,64.0,0.0,2709.0,5.012260583229363,2.7788626486435533,10336761.0,8780400.0,96.0,0.0,2709.0,4.975850830871575,2.7788626486435533,10336761.0,17392639.0,96.0,0.0,2709.0,4.975107142701745,2.7788626486435533,10336761.0,8612239.0,96.0,0.0,2709.0,4.972191104665399,2.7788626486435533,10336761.0,8612239.0,96.0,0.0,2709.0,2.8587141428142786,1.7577641438692808,0.4755116607993841,0.0,0.0,0.0,0.0,2.8070371709764004,1.7256064480170608,0.4755116607993841,0.0,8.14199447631836e-05,0.0008044242858886719,0.0,2.7788626486435533,1.7577641438692808,0.4755116607993841,0.0,0.0001221299171447754,0.0,0.0,2.7788626486435533,1.6974340034648776,0.46604714915156364,0.004061938349121303,0.0001221299171447754,0.0008044242858886719,0.028518537059426308,2.7788626486435533,1.6974340034648776,0.46604714915156364,0.0033182501792907715,0.0001221299171447754,0.0008044242858886719,0.028518537059426308,2.7788626486435533,1.6974340034648776,0.46604714915156364,0.0,0.0001221299171447754,0.0012066364288330078,0.028518537059426308,0.0,0.0,0.0,0.0,0.0,0.0,0.0,0.0,0.0,0.0,0.0,0.0,0.017105063423514366,29417.0,0.017105063423514366,29417.0,0.017105063423514366,29417.0,0.017118672147537886,58834.0,0.017117632552981377,29417.0,0.017105063423514366,29417.0,5.06374423392117,8750983.0,4.980795410461724,8750983.0,4.98401486966759,8750983.0,4.947591508585779,17333805.0,4.946848860010505,8582822.0,4.943945391103625,8582822.0,0.011140650138258934,0.0,0.011140650138258934,0.0,0.011140650138258934,0.0,0.011140650138258934,0.0,0.011140650138258934,0.0,0.011140650138258934,0.0,35121.6,25631.996,0.0015211065001785756,0.0038231562593951814,35121.6,25631.996,0.0015161722153425217,0.0038211155762895937,35121.6,25631.996,0.0015128574464470148,0.003818751891329884,69570.556,57775.752,0.0015121376866346916,0.0038273558442595357,34448.956,25631.996,0.0015120581667870284,0.0038254198307171457,34448.956,34448.956,0.0015118067841976882,0.003820682447589933,2709
crmarenapro,query10,2,inf,5.0919899474829435,2.8587141428142786,10653680.0,8780400.0,0.0,0.0,2709.0,5.009041124023497,2.8070371709764004,10527435.0,8780400.0,64.0,0.0,2709.0,5.012260583229363,2.7788626486435533,10336761.0,8780400.0,96.0,0.0,2709.0,4.975850830871575,2.7788626486435533,10336761.0,17392639.0,96.0,0.0,2709.0,4.975107142701745,2.7788626486435533,10336761.0,8612239.0,96.0,0.0,2709.0,4.972191104665399,2.7788626486435533,10336761.0,8612239.0,96.0,0.0,2709.0,2.8587141428142786,1.7577641438692808,0.4755116607993841,0.0,0.0,0.0,0.0,2.8070371709764004,1.7256064480170608,0.4755116607993841,0.0,8.14199447631836e-05,0.0008044242858886719,0.0,2.7788626486435533,1.7577641438692808,0.4755116607993841,0.0,0.0001221299171447754,0.0,0.0,2.7788626486435533,1.6974340034648776,0.46604714915156364,0.004061938349121303,0.0001221299171447754,0.0008044242858886719,0.028518537059426308,2.7788626486435533,1.6974340034648776,0.46604714915156364,0.0033182501792907715,0.0001221299171447754,0.0008044242858886719,0.028518537059426308,2.7788626486435533,1.6974340034648776,0.46604714915156364,0.0,0.0001221299171447754,0.0012066364288330078,0.028518537059426308,0.0,0.0,0.0,0.0,0.0,0.0,0.0,0.0,0.0,0.0,0.0,0.0,0.017105063423514366,29417.0,0.017105063423514366,29417.0,0.017105063423514366,29417.0,0.017118672147537886,58834.0,0.017117632552981377,29417.0,0.017105063423514366,29417.0,5.06374423392117,8750983.0,4.980795410461724,8750983.0,4.98401486966759,8750983.0,4.947591508585779,17333805.0,4.946848860010505,8582822.0,4.943945391103625,8582822.0,0.011140650138258934,0.0,0.011140650138258934,0.0,0.011140650138258934,0.0,0.011140650138258934,0.0,0.011140650138258934,0.0,0.011140650138258934,0.0,35121.6,25631.996,0.0015211065001785756,0.0038231562593951814,35121.6,25631.996,0.0015161722153425217,0.0038211155762895937,35121.6,25631.996,0.0015128574464470148,0.003818751891329884,69570.556,57775.752,0.0015121376866346916,0.0038273558442595357,34448.956,25631.996,0.0015120581667870284,0.0038254198307171457,34448.956,34448.956,0.0015118067841976882,0.003820682447589933,2709
crmarenapro,query10,4,1/4,9.944610602222383,5.614563602022827,20210127.0,16477906.0,0.0,0.0,5357.0,9.724115057848394,5.466165195219219,19967369.0,16477906.0,170.0,0.0,5357.0,9.635386037640274,5.30489122774452,18649200.0,16477906.0,352.0,0.0,5357.0,9.52761914124458,5.30489122774452,18649200.0,31730250.0,352.0,0.0,5357.0,9.526733280159533,5.30489122774452,18649200.0,15252344.0,352.0,0.0,5357.0,9.522283808328211,5.30489122774452,18649200.0,15252344.0,352.0,0.0,5357.0,5.614563602022827,3.419504299759865,0.9105427004396915,0.0,0.0,0.0,0.0,5.466165195219219,3.3450541384518147,0.9105427004396915,0.0,0.00021627172827720642,0.0021367520093917847,0.0,5.30489122774452,3.419504299759865,0.9105427004396915,0.0,0.00044780969619750977,0.0,0.0,5.30489122774452,3.1630627643316984,0.8418941646814346,0.007622914479364951,0.00044780969619750977,0.0021367520093917847,0.20756350830197334,5.30489122774452,3.1630627643316984,0.8418941646814346,0.006737053394317627,0.00044780969619750977,0.0021367520093917847,0.20756350830197334,5.30489122774452,3.1630627643316984,0.8418941646814346,0.0,0.00044780969619750977,0.004424333572387695,0.20756350830197334,0.0,0.0,0.0,0.0,0.0,0.0,0.0,0.0,0.0,0.0,0.0,0.0,0.05593142565339804,147085.0,0.05593142565339804,147085.0,0.05593142565339804,147085.0,0.05599946927351563,294170.0,0.05599427130073309,147085.0,0.05593142565339804,147085.0,9.84411657601595,16330821.0,9.62362103164196,16330821.0,9.53489201143384,16330821.0,9.427057071418028,31436080.0,9.426176408305764,15105259.0,9.421789782121778,15105259.0,0.044562600553035736,0.0,0.044562600553035736,0.0,0.044562600553035736,0.0,0.044562600553035736,0.0,0.044562600553035736,0.0,0.044562600553035736,0.0,65911.624,35615.8,0.0014432666078209877,0.003989768404327332,65911.624,35615.8,0.0014409703835844994,0.003983473544754087,65911.624,35615.8,0.0014324861001223325,0.003959672105498611,126921.0,89900.688,0.001432219443698401,0.003989877473005834,61009.376,35615.8,0.0014322280045598746,0.0039881796067580575,61009.376,61009.376,0.0014320771750062705,0.0039828970676288,5357
crmarenapro,query10,4,inf,9.944610602222383,5.614563602022827,20210127.0,16477906.0,0.0,0.0,5357.0,9.724115057848394,5.466165195219219,19967369.0,16477906.0,170.0,0.0,5357.0,9.635386037640274,5.30489122774452,18649200.0,16477906.0,352.0,0.0,5357.0,9.52761914124458,5.30489122774452,18649200.0,31730250.0,352.0,0.0,5357.0,9.526733280159533,5.30489122774452,18649200.0,15252344.0,352.0,0.0,5357.0,9.522283808328211,5.30489122774452,18649200.0,15252344.0,352.0,0.0,5357.0,5.614563602022827,3.419504299759865,0.9105427004396915,0.0,0.0,0.0,0.0,5.466165195219219,3.3450541384518147,0.9105427004396915,0.0,0.00021627172827720642,0.0021367520093917847,0.0,5.30489122774452,3.419504299759865,0.9105427004396915,0.0,0.00044780969619750977,0.0,0.0,5.30489122774452,3.1630627643316984,0.8418941646814346,0.007622914479364951,0.00044780969619750977,0.0021367520093917847,0.20756350830197334,5.30489122774452,3.1630627643316984,0.8418941646814346,0.006737053394317627,0.00044780969619750977,0.0021367520093917847,0.20756350830197334,5.30489122774452,3.1630627643316984,0.8418941646814346,0.0,0.00044780969619750977,0.004424333572387695,0.20756350830197334,0.0,0.0,0.0,0.0,0.0,0.0,0.0,0.0,0.0,0.0,0.0,0.0,0.05593142565339804,147085.0,0.05593142565339804,147085.0,0.05593142565339804,147085.0,0.05599946927351563,294170.0,0.05599427130073309,147085.0,0.05593142565339804,147085.0,9.84411657601595,16330821.0,9.62362103164196,16330821.0,9.53489201143384,16330821.0,9.427057071418028,31436080.0,9.426176408305764,15105259.0,9.421789782121778,15105259.0,0.044562600553035736,0.0,0.044562600553035736,0.0,0.044562600553035736,0.0,0.044562600553035736,0.0,0.044562600553035736,0.0,0.044562600553035736,0.0,65911.624,35615.8,0.0014432666078209877,0.003989768404327332,65911.624,35615.8,0.0014409703835844994,0.003983473544754087,65911.624,35615.8,0.0014324861001223325,0.003959672105498611,126921.0,89900.688,0.001432219443698401,0.003989877473005834,61009.376,35615.8,0.0014322280045598746,0.0039881796067580575,61009.376,61009.376,0.0014320771750062705,0.0039828970676288,5357
crmarenapro,query10,8,1/4,20.50954789854586,11.673398707993329,41738402.0,34072187.0,0.0,0.0,10773.0,20.046501704491675,11.365588241256773,41199326.0,34072187.0,360.0,0.0,10773.0,19.543526941910386,10.70594781357795,36569623.0,34072187.0,1124.0,0.0,10773.0,19.202756148987564,10.70594781357795,36569623.0,63976375.0,1124.0,0.0,10773.0,19.200405130162835,10.70594781357795,36569623.0,29904188.0,1124.0,0.0,10773.0,19.19659668393433,10.70594781357795,36569623.0,29904188.0,1124.0,0.0,10773.0,11.673398707993329,6.967623482458293,1.8685257080942392,0.0,0.0,0.0,0.0,11.365588241256773,6.8074048813432455,1.8685257080942392,0.0,0.0004579871892929077,0.004524886608123779,0.0,10.70594781357795,6.967623482458293,1.8685257080942392,0.0,0.0014299377799034119,0.0,0.0,10.70594781357795,6.124313600361347,1.6258122278377414,0.015762279966030288,0.0014299377799034119,0.004524886608123779,0.7249654028564692,10.70594781357795,6.124313600361347,1.6258122278377414,0.013411261141300201,0.0014299377799034119,0.004524886608123779,0.7249654028564692,10.70594781357795,6.124313600361347,1.6258122278377414,0.0,0.0014299377799034119,0.0141277015209198,0.7249654028564692,0.0,0.0,0.0,0.0,0.0,0.0,0.0,0.0,0.0,0.0,0.0,0.0,0.09546889178454876,176502.0,0.09546889178454876,176502.0,0.09546889178454876,176502.0,0.09555054412868987,353004.0,0.09554430656135082,176502.0,0.09546889178454876,176502.0,20.258109904825687,33895685.0,19.7950637107715,33895685.0,19.292088948190212,33895685.0,18.95123650292325,63623371.0,18.94889172166586,29727686.0,18.945158690214157,29727686.0,0.15596910193562508,0.0,0.15596910193562508,0.0,0.15596910193562508,0.0,0.15596910193562508,0.0,0.15596910193562508,0.0,0.15596910193562508,0.0,136288.748,51961.332,0.0013956992849707603,0.004685380655527114,136288.748,51961.332,0.0013893787059932948,0.004676357044465838,136288.748,51961.332,0.0013698256760835649,0.004652383898384868,255905.5,155478.692,0.0013695615418255328,0.004677863845482187,119616.752,51961.332,0.0013695615418255328,0.004676392650231717,119616.752,119616.752,0.0013695615418255328,0.0046711910236626845,10773
crmarenapro,query10,8,inf,20.50954789854586,11.673398707993329,41738402.0,34072187.0,0.0,0.0,10773.0,20.046501704491675,11.365588241256773,41199326.0,34072187.0,360.0,0.0,10773.0,19.543526941910386,10.70594781357795,36569623.0,34072187.0,1124.0,0.0,10773.0,19.202756148987564,10.70594781357795,36569623.0,63976375.0,1124.0,0.0,10773.0,19.200405130162835,10.70594781357795,36569623.0,29904188.0,1124.0,0.0,10773.0,19.19659668393433,10.70594781357795,36569623.0,29904188.0,1124.0,0.0,10773.0,11.673398707993329,6.967623482458293,1.8685257080942392,0.0,0.0,0.0,0.0,11.365588241256773,6.8074048813432455,1.8685257080942392,0.0,0.0004579871892929077,0.004524886608123779,0.0,10.70594781357795,6.967623482458293,1.8685257080942392,0.0,0.0014299377799034119,0.0,0.0,10.70594781357795,6.124313600361347,1.6258122278377414,0.015762279966030288,0.0014299377799034119,0.004524886608123779,0.7249654028564692,10.70594781357795,6.124313600361347,1.6258122278377414,0.013411261141300201,0.0014299377799034119,0.004524886608123779,0.7249654028564692,10.70594781357795,6.124313600361347,1.6258122278377414,0.0,0.0014299377799034119,0.0141277015209198,0.7249654028564692,0.0,0.0,0.0,0.0,0.0,0.0,0.0,0.0,0.0,0.0,0.0,0.0,0.09546889178454876,176502.0,0.09546889178454876,176502.0,0.09546889178454876,176502.0,0.09555054412868987,353004.0,0.09554430656135082,176502.0,0.09546889178454876,176502.0,20.258109904825687,33895685.0,19.7950637107715,33895685.0,19.292088948190212,33895685.0,18.95123650292325,63623371.0,18.94889172166586,29727686.0,18.945158690214157,29727686.0,0.15596910193562508,0.0,0.15596910193562508,0.0,0.15596910193562508,0.0,0.15596910193562508,0.0,0.15596910193562508,0.0,0.15596910193562508,0.0,136288.748,51961.332,0.0013956992849707603,0.004685380655527114,136288.748,51961.332,0.0013893787059932948,0.004676357044465838,136288.748,51961.332,0.0013698256760835649,0.004652383898384868,255905.5,155478.692,0.0013695615418255328,0.004677863845482187,119616.752,51961.332,0.0013695615418255328,0.004676392650231717,119616.752,119616.752,0.0013695615418255328,0.0046711910236626845,10773
crmarenapro,query11,2,1/4,9.55711788032204,8.47614877577871,1511097.0,467376.0,0.0,0.0,3018.0,9.440737840719521,8.381732670590281,1488428.0,467376.0,84.0,1.0,3018.0,9.293587622232735,8.212394612841308,1458462.0,467376.0,176.0,1.0,3018.0,9.243289237000768,8.212394612841308,1458462.0,500968.0,176.0,1.0,3018.0,9.243298835121095,8.212394612841308,1458462.0,467376.0,176.0,1.0,3018.0,9.244430056773126,8.212394612841308,1458462.0,467376.0,176.0,1.0,3018.0,8.47614877577871,1.0765854846686125,0.004383619874715805,0.0,0.0,0.0,0.0,8.381732670590281,1.0534588797017932,0.004383619874715805,0.0,0.00010686367750167847,0.0010558068752288818,0.0,8.212394612841308,1.0765854846686125,0.004383619874715805,0.0,0.00022390484809875488,0.0,0.0,8.212394612841308,1.0252157524228096,0.004383619874715805,1.5540138606861056e-05,0.00022390484809875488,0.0010558068752288818,0.0,8.212394612841308,1.0252157524228096,0.004383619874715805,2.5138258934020996e-05,0.00022390484809875488,0.0010558068752288818,0.0,8.212394612841308,1.0252157524228096,0.004383619874715805,0.0,0.00022390484809875488,0.0022121667861938477,0.0,0.0,0.0,0.0,0.0,0.0,0.0,0.0,0.0,0.0,0.0,0.0,0.0,2.8610942624509335,14274.0,2.777955892495811,14274.0,2.7335039786994457,14274.0,2.6875902901400206,28548.0,2.687596255913377,14274.0,2.6886143554002047,14274.0,0.022638180293142796,19318.0,0.022638180293142796,19318.0,0.022638180293142796,19318.0,0.022647117075638847,38636.0,0.022650749422609806,19318.0,0.022638180293142796,19318.0,6.673385437577963,433784.0,6.640143767930567,433784.0,6.537445463240147,433784.0,6.533051829785109,433784.0,6.533051829785109,433784.0,6.533177521079779,433784.0,1869.504,1869.504,0.0015443214364349843,0.007770197241567074,1869.504,1869.504,0.0015357096325606108,0.007752025030180811,1869.504,1869.504,0.0014969886653125287,0.007751321186125278,2003.872,2003.872,0.0014951570816338063,0.007751321186125278,1869.504,1869.504,0.0014951570816338063,0.007751321186125278,1869.504,1869.504,0.0014951570816338063,0.007751321186125278,3018
crmarenapro,query11,2,inf,9.55711788032204,8.47614877577871,1511097.0,467376.0,0.0,0.0,3018.0,9.440737840719521,8.381732670590281,1488428.0,467376.0,84.0,0.0,3018.0,9.293587622232735,8.212394612841308,1458462.0,467376.0,176.0,0.0,3018.0,9.243489911669899,8.212394612841308,1458462.0,934752.0,176.0,0.0,3018.0,9.243311404250562,8.212394612841308,1458462.0,467376.0,176.0,0.0,3018.0,9.244430056773126,8.212394612841308,1458462.0,467376.0,176.0,0.0,3018.0,8.47614877577871,1.0765854846686125,0.004383619874715805,0.0,0.0,0.0,0.0,8.381732670590281,1.0534588797017932,0.004383619874715805,0.0,0.00010686367750167847,0.0010558068752288818,0.0,8.212394612841308,1.0765854846686125,0.004383619874715805,0.0,0.00022390484809875488,0.0,0.0,8.212394612841308,1.0252157524228096,0.004383619874715805,0.00021621480773756526,0.00022390484809875488,0.0010558068752288818,0.0,8.212394612841308,1.0252157524228096,0.004383619874715805,3.7707388401031494e-05,0.00022390484809875488,0.0010558068752288818,0.0,8.212394612841308,1.0252157524228096,0.004383619874715805,0.0,0.00022390484809875488,0.0022121667861938477,0.0,0.0,0.0,0.0,0.0,0.0,0.0,0.0,0.0,0.0,0.0,0.0,0.0,2.8610942624509335,14274.0,2.777955892495811,14274.0,2.7335039786994457,14274.0,2.6875902901400206,28548.0,2.687596255913377,14274.0,2.6886143554002047,14274.0,0.022638180293142796,19318.0,0.022638180293142796,19318.0,0.022638180293142796,19318.0,0.022647117075638847,38636.0,0.022650749422609806,19318.0,0.022638180293142796,19318.0,6.673385437577963,433784.0,6.640143767930567,433784.0,6.537445463240147,433784.0,6.533252504454239,867568.0,6.533064398914576,433784.0,6.533177521079779,433784.0,1869.504,1869.504,0.0015443214364349843,0.007770197241567074,1869.504,1869.504,0.0015357096325606108,0.007752025030180811,1869.504,1869.504,0.0014969886653125287,0.007751321186125278,3739.008,3739.008,0.0014951570816338063,0.007751321186125278,1869.504,1869.504,0.0014951570816338063,0.007751321186125278,1869.504,1869.504,0.0014951570816338063,0.007751321186125278,3018
crmarenapro,query11,4,1/4,18.677315913140774,16.53019008319825,4410525.0,2279784.0,0.0,0.0,5977.0,18.478326564654708,16.377818745560944,4351039.0,2279784.0,173.0,5.0,5977.0,17.642263870686293,15.494320024736226,4140363.0,2279784.0,643.0,5.0,5977.0,17.44572154831637,15.494320024736226,4140363.0,2390648.0,643.0,5.0,5977.0,17.445745675824583,15.494320024736226,4140363.0,2279784.0,643.0,5.0,5977.0,17.451577751897275,15.494320024736226,4140363.0,2279784.0,643.0,5.0,5977.0,16.53019008319825,2.1281062150374055,0.019019614905118942,0.0,0.0,0.0,0.0,16.377818745560944,2.079093656502664,0.019019614905118942,0.0,0.00022008828818798065,0.002174459397792816,0.0,15.494320024736226,2.1281062150374055,0.019019614905118942,0.0,0.0008180160075426102,0.0,0.0,15.494320024736226,1.9293381460011005,0.019019614905118942,5.128726859106466e-05,0.0008180160075426102,0.002174459397792816,0.0,15.494320024736226,1.9293381460011005,0.019019614905118942,7.541477680206299e-05,0.0008180160075426102,0.002174459397792816,0.0,15.494320024736226,1.9293381460011005,0.019019614905118942,0.0,0.0008180160075426102,0.00808195024728775,0.0,0.0,0.0,0.0,0.0,0.0,0.0,0.0,0.0,0.0,0.0,0.0,0.0,5.6762614799663424,14274.0,5.49943324457854,14274.0,5.212375521659851,14274.0,5.036167255881834,28548.0,5.03617322165519,14274.0,5.041401979513466,14274.0,0.07015872281044722,96590.0,0.07015872281044722,96590.0,0.07015872281044722,96590.0,0.07020340672292748,193180.0,0.07022156845778227,96590.0,0.07015872281044722,96590.0,12.930895710363984,2168920.0,12.90873459726572,2168920.0,12.359729626215994,2168920.0,12.33935088571161,2168920.0,12.33935088571161,2168920.0,12.340017049573362,2168920.0,9119.136,9119.136,0.0012912266943603753,0.008403839011117815,9119.136,9119.136,0.001270571943372488,0.00836595895923674,9119.136,9119.136,0.0012621459122747183,0.00836442046202719,9562.592,9562.592,0.0012538449205458165,0.00836442046202719,9119.136,9119.136,0.0012538449205458165,0.00836442046202719,9119.136,9119.136,0.0012538700588047504,0.00836442046202719,5977
crmarenapro,query11,4,inf,18.677315913140774,16.53019008319825,4410525.0,2279784.0,0.0,0.0,5977.0,18.478326564654708,16.377818745560944,4351039.0,2279784.0,173.0,0.0,5977.0,17.642263870686293,15.494320024736226,4140363.0,2279784.0,643.0,0.0,5977.0,17.446724921662025,15.494320024736226,4140363.0,4559568.0,643.0,0.0,5977.0,17.445808521471918,15.494320024736226,4140363.0,2279784.0,643.0,0.0,5977.0,17.451577751897275,15.494320024736226,4140363.0,2279784.0,643.0,0.0,5977.0,16.53019008319825,2.1281062150374055,0.019019614905118942,0.0,0.0,0.0,0.0,16.377818745560944,2.079093656502664,0.019019614905118942,0.0,0.00022008828818798065,0.002174459397792816,0.0,15.494320024736226,2.1281062150374055,0.019019614905118942,0.0,0.0008180160075426102,0.0,0.0,15.494320024736226,1.9293381460011005,0.019019614905118942,0.0010546606142445855,0.0008180160075426102,0.002174459397792816,0.0,15.494320024736226,1.9293381460011005,0.019019614905118942,0.00013826042413711548,0.0008180160075426102,0.002174459397792816,0.0,15.494320024736226,1.9293381460011005,0.019019614905118942,0.0,0.0008180160075426102,0.00808195024728775,0.0,0.0,0.0,0.0,0.0,0.0,0.0,0.0,0.0,0.0,0.0,0.0,0.0,5.6762614799663424,14274.0,5.49943324457854,14274.0,5.212375521659851,14274.0,5.036167255881834,28548.0,5.03617322165519,14274.0,5.041401979513466,14274.0,0.07015872281044722,96590.0,0.07015872281044722,96590.0,0.07015872281044722,96590.0,0.07020340672292748,193180.0,0.07022156845778227,96590.0,0.07015872281044722,96590.0,12.930895710363984,2168920.0,12.90873459726572,2168920.0,12.359729626215994,2168920.0,12.340354259057264,4337840.0,12.339413731358945,2168920.0,12.340017049573362,2168920.0,9119.136,9119.136,0.0012912266943603753,0.008403839011117815,9119.136,9119.136,0.001270571943372488,0.00836595895923674,9119.136,9119.136,0.0012621459122747183,0.00836442046202719,18238.272,18238.272,0.0012538449205458165,0.00836442046202719,9119.136,9119.136,0.0012538449205458165,0.00836442046202719,9119.136,9119.136,0.0012538700588047504,0.00836442046202719,5977
crmarenapro,query11,8,1/4,36.87973351124674,32.641597425565124,7468807.0,3314454.0,0.0,0.0,11763.0,36.508363734930754,32.35452352557331,7359289.0,3314454.0,309.0,7.0,11763.0,33.42633938603103,29.18576070200652,6756974.0,3314454.0,1920.0,7.0,11763.0,32.827950282559094,29.18576070200652,6756974.0,3592420.0,1920.0,7.0,11763.0,32.82803536672145,29.18576070200652,6756974.0,3314454.0,1920.0,7.0,11763.0,32.848070559091866,29.18576070200652,6756974.0,3314454.0,1920.0,7.0,11763.0,32.641597425565124,4.205276883207262,0.0328592024743557,0.0,0.0,0.0,0.0,32.35452352557331,4.116704040206969,0.0328592024743557,0.0,0.0003931056708097458,0.003883861005306244,0.0,29.18576070200652,4.205276883207262,0.0328592024743557,0.0,0.002442598342895508,0.0,0.0,29.18576070200652,3.602875327691436,0.0328592024743557,0.00012859103858045784,0.002442598342895508,0.003883861005306244,0.0,29.18576070200652,3.602875327691436,0.0328592024743557,0.00021367520093917847,0.002442598342895508,0.003883861005306244,0.0,29.18576070200652,3.602875327691436,0.0328592024743557,0.0,0.002442598342895508,0.024132728576660156,0.0,0.0,0.0,0.0,0.0,0.0,0.0,0.0,0.0,0.0,0.0,0.0,0.0,11.241313393227756,142740.0,10.925346399657428,142740.0,9.868952018208802,142740.0,9.343103899617073,285480.0,9.343163557350636,142740.0,9.360835753381252,142740.0,0.10914269089698792,135226.0,0.10914269089698792,135226.0,0.10914269089698792,135226.0,0.10920524837446027,270452.0,0.10923067480325699,135226.0,0.10914269089698792,135226.0,25.529277427121997,3036488.0,25.473874644376338,3036488.0,23.448244676925242,3036488.0,23.37564113456756,3036488.0,23.37564113456756,3036488.0,23.378092114813626,3036488.0,13257.816,13086.528,0.0012237699814140798,0.008435073078796266,13257.816,13086.528,0.001222121100872755,0.008433319497853515,13257.816,13086.528,0.0011781331431120635,0.008430403457209466,14369.68,14084.2,0.0011721477191895247,0.008430403457209466,13257.816,13086.528,0.0011721477191895247,0.008430403457209466,13257.816,13143.624,0.0011721477191895247,0.008430403457209466,11763
crmarenapro,query11,8,inf,36.87973351124674,32.641597425565124,7468807.0,3314454.0,0.0,0.0,11763.0,36.508363734930754,32.35452352557331,7359289.0,3314454.0,309.0,0.0,11763.0,33.42633938603103,29.18576070200652,6756974.0,3314454.0,1920.0,0.0,11763.0,32.82935500524301,29.18576070200652,6756974.0,6628908.0,1920.0,0.0,11763.0,32.82812335062772,29.18576070200652,6756974.0,3314454.0,1920.0,0.0,11763.0,32.848070559091866,29.18576070200652,6756974.0,3314454.0,1920.0,0.0,11763.0,32.641597425565124,4.205276883207262,0.0328592024743557,0.0,0.0,0.0,0.0,32.35452352557331,4.116704040206969,0.0328592024743557,0.0,0.0003931056708097458,0.003883861005306244,0.0,29.18576070200652,4.205276883207262,0.0328592024743557,0.0,0.002442598342895508,0.0,0.0,29.18576070200652,3.602875327691436,0.0328592024743557,0.0015333137224953872,0.002442598342895508,0.003883861005306244,0.0,29.18576070200652,3.602875327691436,0.0328592024743557,0.00030165910720825195,0.002442598342895508,0.003883861005306244,0.0,29.18576070200652,3.602875327691436,0.0328592024743557,0.0,0.002442598342895508,0.024132728576660156,0.0,0.0,0.0,0.0,0.0,0.0,0.0,0.0,0.0,0.0,0.0,0.0,0.0,11.241313393227756,142740.0,10.925346399657428,142740.0,9.868952018208802,142740.0,9.343103899617073,285480.0,9.343163557350636,142740.0,9.360835753381252,142740.0,0.10914269089698792,135226.0,0.10914269089698792,135226.0,0.10914269089698792,135226.0,0.10920524837446027,270452.0,0.10923067480325699,135226.0,0.10914269089698792,135226.0,25.529277427121997,3036488.0,25.473874644376338,3036488.0,23.448244676925242,3036488.0,23.377045857251474,6072976.0,23.375729118473828,3036488.0,23.378092114813626,3036488.0,13257.816,13086.528,0.0012237699814140798,0.008435073078796266,13257.816,13086.528,0.001222121100872755,0.008433319497853515,13257.816,13086.528,0.0011781331431120635,0.008430403457209466,26515.632,26230.152,0.0011721477191895247,0.008430403457209466,13257.816,13086.528,0.0011721477191895247,0.008430403457209466,13257.816,13257.816,0.0011721477191895247,0.008430403457209466,11763
crmarenapro,query12,2,1/4,20.971312140114605,18.476816940121353,12418895.0,12921439.0,0.0,0.0,1708.0,20.628083520568907,18.147166670300066,12383307.0,12908519.0,30.0,0.0,1708.0,20.328275770880282,17.833704239688814,11586210.0,12921439.0,60.0,0.0,1708.0,20.33357206507636,17.833704239688814,11586210.0,24915890.0,60.0,0.0,1708.0,20.330189640633762,17.833704239688814,11586210.0,12007371.0,60.0,0.0,1708.0,20.327977473847568,17.833704239688814,11586210.0,12007371.0,60.0,0.0,1708.0,18.476816940121353,1.8188325380906463,0.6756626619026065,0.0,0.0,0.0,0.0,18.147166670300066,1.8023493494838476,0.674595057964325,0.0,3.816559910774231e-05,0.00037707388401031494,0.0035572033375501633,17.833704239688814,1.8188325380906463,0.6756626619026065,0.0,7.633119821548462e-05,0.0,0.0,17.833704239688814,1.7203765027225018,0.6264160219579935,0.0059716651128036286,7.633119821548462e-05,0.00037707388401031494,0.14665023051202297,17.833704239688814,1.7203765027225018,0.6264160219579935,0.0025892406702041626,7.633119821548462e-05,0.00037707388401031494,0.14665023051202297,17.833704239688814,1.7203765027225018,0.6264160219579935,0.0,7.633119821548462e-05,0.0007541477680206299,0.14665023051202297,0.0,0.0,0.0,0.0,0.0,0.0,0.0,0.0,0.0,0.0,0.0,0.0,0.04392495937645435,0.0,0.04392495937645435,0.0,0.04392495937645435,0.0,0.04392495937645435,0.0,0.04392495937645435,0.0,0.04392495937645435,0.0,0.0,0.0,0.0,0.0,0.0,0.0,0.0,0.0,0.0,0.0,0.0,0.0,20.92738718073815,12921439.0,20.584158561192453,12908519.0,20.284350811503828,12921439.0,20.289647105699906,24915890.0,20.286264681257308,12007371.0,20.284052514471114,12007371.0,51685.756,40848.452,0.012115150758996605,0.014781830846332012,51634.076,40813.704,0.012110530011355878,0.014781830846332012,51685.756,40848.452,0.01202889116294682,0.01475208470188081,99663.56,87155.284,0.012055465504646333,0.01477303687865486,48029.484,40813.704,0.012055074244737625,0.014766331659071145,48029.484,48029.484,0.01205454634130001,0.01476320194583386,1708
crmarenapro,query12,2,inf,20.971312140114605,18.476816940121353,12418895.0,12921439.0,0.0,0.0,1708.0,20.628083520568907,18.147166670300066,12383307.0,12908519.0,30.0,0.0,1708.0,20.328275770880282,17.833704239688814,11586210.0,12921439.0,60.0,0.0,1708.0,20.33357206507636,17.833704239688814,11586210.0,24915890.0,60.0,0.0,1708.0,20.330189640633762,17.833704239688814,11586210.0,12007371.0,60.0,0.0,1708.0,20.327977473847568,17.833704239688814,11586210.0,12007371.0,60.0,0.0,1708.0,18.476816940121353,1.8188325380906463,0.6756626619026065,0.0,0.0,0.0,0.0,18.147166670300066,1.8023493494838476,0.674595057964325,0.0,3.816559910774231e-05,0.00037707388401031494,0.0035572033375501633,17.833704239688814,1.8188325380906463,0.6756626619026065,0.0,7.633119821548462e-05,0.0,0.0,17.833704239688814,1.7203765027225018,0.6264160219579935,0.0059716651128036286,7.633119821548462e-05,0.00037707388401031494,0.14665023051202297,17.833704239688814,1.7203765027225018,0.6264160219579935,0.0025892406702041626,7.633119821548462e-05,0.00037707388401031494,0.14665023051202297,17.833704239688814,1.7203765027225018,0.6264160219579935,0.0,7.633119821548462e-05,0.0007541477680206299,0.14665023051202297,0.0,0.0,0.0,0.0,0.0,0.0,0.0,0.0,0.0,0.0,0.0,0.0,0.04392495937645435,0.0,0.04392495937645435,0.0,0.04392495937645435,0.0,0.04392495937645435,0.0,0.04392495937645435,0.0,0.04392495937645435,0.0,0.0,0.0,0.0,0.0,0.0,0.0,0.0,0.0,0.0,0.0,0.0,0.0,20.92738718073815,12921439.0,20.584158561192453,12908519.0,20.284350811503828,12921439.0,20.289647105699906,24915890.0,20.286264681257308,12007371.0,20.284052514471114,12007371.0,51685.756,40848.452,0.012115150758996605,0.014781830846332012,51634.076,40813.704,0.012110530011355878,0.014781830846332012,51685.756,40848.452,0.01202889116294682,0.01475208470188081,99663.56,87155.284,0.012055465504646333,0.01477303687865486,48029.484,40813.704,0.012055074244737625,0.014766331659071145,48029.484,48029.484,0.01205454634130001,0.01476320194583386,1708
crmarenapro,query12,4,1/4,40.95718458388001,36.39375732373446,22350065.0,22854973.0,0.0,0.0,3362.0,40.323917312547565,35.78204500582069,22191396.0,22740081.0,56.0,0.0,3362.0,38.61554766073823,34.051835430786014,18650760.0,22854973.0,224.0,0.0,3362.0,38.6487097941218,34.051835430786014,18650760.0,41495900.0,224.0,0.0,3362.0,38.642941039055586,34.051835430786014,18650760.0,18755819.0,224.0,0.0,3362.0,38.640301521867514,34.051835430786014,18650760.0,18755819.0,224.0,0.0,3362.0,36.39375732373446,3.3850333765149117,1.1783938836306334,0.0,0.0,0.0,0.0,35.78204500582069,3.3493641521781683,1.173867399804294,0.0,7.124245166778564e-05,0.0007038712501525879,0.01786564104259014,34.051835430786014,3.3850333765149117,1.1783938836306334,0.0,0.0002849698066711426,0.0,0.0,34.051835430786014,2.9738765517249703,0.9638377083465457,0.01051988600474064,0.0002849698066711426,0.0007038712501525879,0.6476513762027025,34.051835430786014,2.9738765517249703,0.9638377083465457,0.004751130938529968,0.0002849698066711426,0.0007038712501525879,0.6476513762027025,34.051835430786014,2.9738765517249703,0.9638377083465457,0.0,0.0002849698066711426,0.0028154850006103516,0.6476513762027025,0.0,0.0,0.0,0.0,0.0,0.0,0.0,0.0,0.0,0.0,0.0,0.0,0.09245602879673243,0.0,0.09245602879673243,0.0,0.09033347014337778,0.0,0.08910894114524126,0.0,0.08910894114524126,0.0,0.08913407940417528,0.0,0.0,0.0,0.0,0.0,0.0,0.0,0.0,0.0,0.0,0.0,0.0,0.0,40.864728555083275,22854973.0,40.23146128375083,22740081.0,38.52521419059485,22854973.0,38.55960085297656,41495900.0,38.553832097910345,18755819.0,38.55116744246334,18755819.0,91419.892,55606.608,0.011890602989122272,0.015056925332732497,90960.324,55147.04,0.011883502816781402,0.015051650667935608,91419.892,55606.608,0.011818924168124795,0.014785864188335834,165983.6,125721.892,0.011819044612526055,0.014903224363372108,75023.276,55147.04,0.011819175550714135,0.014896408019214867,75023.276,75023.276,0.011818924168124795,0.014893361262232065,3362
crmarenapro,query12,4,inf,40.95718458388001,36.39375732373446,22350065.0,22854973.0,0.0,0.0,3362.0,40.323917312547565,35.78204500582069,22191396.0,22740081.0,56.0,0.0,3362.0,38.61554766073823,34.051835430786014,18650760.0,22854973.0,224.0,0.0,3362.0,38.6487097941218,34.051835430786014,18650760.0,41495900.0,224.0,0.0,3362.0,38.642941039055586,34.051835430786014,18650760.0,18755819.0,224.0,0.0,3362.0,38.640301521867514,34.051835430786014,18650760.0,18755819.0,224.0,0.0,3362.0,36.39375732373446,3.3850333765149117,1.1783938836306334,0.0,0.0,0.0,0.0,35.78204500582069,3.3493641521781683,1.173867399804294,0.0,7.124245166778564e-05,0.0007038712501525879,0.01786564104259014,34.051835430786014,3.3850333765149117,1.1783938836306334,0.0,0.0002849698066711426,0.0,0.0,34.051835430786014,2.9738765517249703,0.9638377083465457,0.01051988600474064,0.0002849698066711426,0.0007038712501525879,0.6476513762027025,34.051835430786014,2.9738765517249703,0.9638377083465457,0.004751130938529968,0.0002849698066711426,0.0007038712501525879,0.6476513762027025,34.051835430786014,2.9738765517249703,0.9638377083465457,0.0,0.0002849698066711426,0.0028154850006103516,0.6476513762027025,0.0,0.0,0.0,0.0,0.0,0.0,0.0,0.0,0.0,0.0,0.0,0.0,0.09245602879673243,0.0,0.09245602879673243,0.0,0.09033347014337778,0.0,0.08910894114524126,0.0,0.08910894114524126,0.0,0.08913407940417528,0.0,0.0,0.0,0.0,0.0,0.0,0.0,0.0,0.0,0.0,0.0,0.0,0.0,40.864728555083275,22854973.0,40.23146128375083,22740081.0,38.52521419059485,22854973.0,38.55960085297656,41495900.0,38.553832097910345,18755819.0,38.55116744246334,18755819.0,91419.892,55606.608,0.011890602989122272,0.015056925332732497,90960.324,55147.04,0.011883502816781402,0.015051650667935608,91419.892,55606.608,0.011818924168124795,0.014785864188335834,165983.6,125721.892,0.011819044612526055,0.014903224363372108,75023.276,55147.04,0.011819175550714135,0.014896408019214867,75023.276,75023.276,0.011818924168124795,0.014893361262232065,3362
crmarenapro,query12,8,1/4,84.63867006916553,74.87719316221774,48764116.0,50438971.0,0.0,0.0,6910.0,82.60767820850015,72.91747569479048,48302244.0,50106521.0,182.0,0.0,6910.0,75.84572508558631,66.08316173125058,35524083.0,50438971.0,854.0,0.0,6910.0,75.92243644928244,66.08316173125058,35524083.0,85927482.0,854.0,0.0,6910.0,75.90934946853667,66.08316173125058,35524083.0,35820961.0,854.0,0.0,6910.0,75.9077029125765,66.08316173125058,35524083.0,35820961.0,854.0,0.0,6910.0,74.87719316221774,7.173372760415077,2.5881041465327144,0.0,0.0,0.0,0.0,72.91747569479048,7.057517756707966,2.573051323182881,0.0,0.00023153796792030334,0.0022875815629959106,0.057114314287900925,66.08316173125058,7.173372760415077,2.5881041465327144,0.0,0.001086447387933731,0.0,0.0,66.08316173125058,5.671443345025182,1.8138948753476143,0.023179991707775488,0.001086447387933731,0.0022875815629959106,2.3273824770003557,66.08316173125058,5.671443345025182,1.8138948753476143,0.01009301096200943,0.001086447387933731,0.0022875815629959106,2.3273824770003557,66.08316173125058,5.671443345025182,1.8138948753476143,0.0,0.001086447387933731,0.010734036564826965,2.3273824770003557,0.0,0.0,0.0,0.0,0.0,0.0,0.0,0.0,0.0,0.0,0.0,0.0,0.17932288255542517,0.0,0.17932288255542517,0.0,0.16016007866710424,0.0,0.14915201347321272,0.0,0.14915201347321272,0.0,0.1493782578036189,0.0,0.0,0.0,0.0,0.0,0.0,0.0,0.0,0.0,0.0,0.0,0.0,0.0,84.4593471866101,50438971.0,82.42835532594472,50106521.0,75.6855650069192,50438971.0,75.77328443580923,85927482.0,75.76019745506346,35820961.0,75.75832465477288,35820961.0,201755.884,73854.588,0.011868026627227664,0.01590256346054375,200426.084,73001.844,0.011860064493492245,0.015888715440221128,201755.884,73854.588,0.011714319340884686,0.01530707166716456,333597.464,193532.088,0.011714343852039243,0.0155164282255708,143283.844,73001.844,0.011714369617402553,0.015507228123582897,134999.484,134999.484,0.011714319340884686,0.015504249239899215,6910
crmarenapro,query12,8,inf,84.63867006916553,74.87719316221774,48764116.0,50438971.0,0.0,0.0,6910.0,82.60767820850015,72.91747569479048,48302244.0,50106521.0,182.0,0.0,6910.0,75.80178993474692,66.03922149166465,35513692.0,50438971.0,858.0,0.0,6910.0,75.8752380018836,66.03922149166465,35513692.0,85927482.0,858.0,0.0,6910.0,75.86215102113783,66.03922149166465,35513692.0,35820961.0,858.0,0.0,6910.0,75.86055474169552,66.03922149166465,35513692.0,35820961.0,858.0,0.0,6910.0,74.87719316221774,7.173372760415077,2.5881041465327144,0.0,0.0,0.0,0.0,72.91747569479048,7.057517756707966,2.573051323182881,0.0,0.00023153796792030334,0.0022875815629959106,0.057114314287900925,66.03922149166465,7.173372760415077,2.5881041465327144,0.0,0.00109153613448143,0.0,0.0,66.03922149166465,5.668180048465729,1.8138948753476143,0.023179991707775488,0.00109153613448143,0.0022875815629959106,2.3273824770003557,66.03922149166465,5.668180048465729,1.8138948753476143,0.01009301096200943,0.00109153613448143,0.0022875815629959106,2.3273824770003557,66.03922149166465,5.668180048465729,1.8138948753476143,0.0,0.00109153613448143,0.010784313082695007,2.3273824770003557,0.0,0.0,0.0,0.0,0.0,0.0,0.0,0.0,0.0,0.0,0.0,0.0,0.17932288255542517,0.0,0.17932288255542517,0.0,0.16016007866710424,0.0,0.14915201347321272,0.0,0.14915201347321272,0.0,0.1493782578036189,0.0,0.0,0.0,0.0,0.0,0.0,0.0,0.0,0.0,0.0,0.0,0.0,0.0,84.4593471866101,50438971.0,82.42835532594472,50106521.0,75.64162985607982,50438971.0,75.72608598841039,85927482.0,75.71299900766462,35820961.0,75.7111764838919,35820961.0,201755.884,73854.588,0.011868026627227664,0.01590256346054375,200426.084,73001.844,0.011860064493492245,0.015888715440221128,201755.884,73854.588,0.011712555604055524,0.01530707166716456,343709.928,200617.456,0.011712580115210083,0.0155164282255708,143283.844,73001.844,0.011712605880573391,0.015507228123582897,143283.844,143283.844,0.011712555604055524,0.015504249239899215,6910
crmarenapro,query13,2,1/4,16.94356174301356,10.09937678091228,42065503.0,47263910.0,0.0,0.0,1799.0,16.825653017498553,9.989994214847684,42050882.0,47263910.0,15.0,0.0,1799.0,16.517972145229578,9.673701946623623,40522883.0,47263910.0,67.0,0.0,1799.0,16.54849839980786,9.673701946623623,40522883.0,92753817.0,67.0,0.0,1799.0,16.532239272259176,9.673701946623623,40522883.0,45489907.0,67.0,0.0,1799.0,16.527287035249174,9.673701946623623,40522883.0,45489907.0,67.0,0.0,1799.0,10.09937678091228,4.33052056375891,2.513664398342371,0.0,0.0,0.0,0.0,9.989994214847684,4.321786784566939,2.513664398342371,0.0,1.9082799553871155e-05,0.00018853694200515747,0.0,9.673701946623623,4.33052056375891,2.513664398342371,0.0,8.523650467395782e-05,0.0,0.0,9.673701946623623,4.162313577719033,2.4175559310242534,0.021864959290968277,8.523650467395782e-05,0.00018853694200515747,0.2727882117033005,9.673701946623623,4.162313577719033,2.4175559310242534,0.005605831742286682,8.523650467395782e-05,0.00018853694200515747,0.2727882117033005,9.673701946623623,4.162313577719033,2.4175559310242534,0.0,8.523650467395782e-05,0.0008421316742897034,0.2727882117033005,0.0,0.0,0.0,0.0,0.0,0.0,0.0,0.0,0.0,0.0,0.0,0.0,4.025901432149112,11872561.0,4.016432520933449,11872561.0,3.9976073810830712,11872561.0,3.9935003714104953,23611526.0,3.9908611476421356,11738965.0,3.9883347526192665,11738965.0,0.0,0.0,0.0,0.0,0.0,0.0,0.0,0.0,0.0,0.0,0.0,0.0,12.917660310864449,35391349.0,12.809220496565104,35391349.0,12.520364764146507,35391349.0,12.554998028397362,69142291.0,12.54137812461704,33750942.0,12.538952282629907,33750942.0,189055.64,162817.652,0.0071165105421096084,0.018645226089097553,189055.64,162817.652,0.007034344661980867,0.018645226089097553,189055.64,162817.652,0.006868797279894352,0.018527573873288922,371015.268,338431.26,0.0068758787740017145,0.018651356512130214,181959.628,162817.652,0.006874478843063116,0.018623416888900096,181959.628,181959.628,0.006871462251991033,0.018617770835943515,1799
crmarenapro,query13,2,inf,16.94356174301356,10.09937678091228,42065503.0,47263910.0,0.0,0.0,1799.0,16.825653017498553,9.989994214847684,42050882.0,47263910.0,15.0,0.0,1799.0,16.517972145229578,9.673701946623623,40522883.0,47263910.0,67.0,0.0,1799.0,16.54849839980786,9.673701946623623,40522883.0,92753817.0,67.0,0.0,1799.0,16.532239272259176,9.673701946623623,40522883.0,45489907.0,67.0,0.0,1799.0,16.527287035249174,9.673701946623623,40522883.0,45489907.0,67.0,0.0,1799.0,10.09937678091228,4.33052056375891,2.513664398342371,0.0,0.0,0.0,0.0,9.989994214847684,4.321786784566939,2.513664398342371,0.0,1.9082799553871155e-05,0.00018853694200515747,0.0,9.673701946623623,4.33052056375891,2.513664398342371,0.0,8.523650467395782e-05,0.0,0.0,9.673701946623623,4.162313577719033,2.4175559310242534,0.021864959290968277,8.523650467395782e-05,0.00018853694200515747,0.2727882117033005,9.673701946623623,4.162313577719033,2.4175559310242534,0.005605831742286682,8.523650467395782e-05,0.00018853694200515747,0.2727882117033005,9.673701946623623,4.162313577719033,2.4175559310242534,0.0,8.523650467395782e-05,0.0008421316742897034,0.2727882117033005,0.0,0.0,0.0,0.0,0.0,0.0,0.0,0.0,0.0,0.0,0.0,0.0,4.025901432149112,11872561.0,4.016432520933449,11872561.0,3.9976073810830712,11872561.0,3.9935003714104953,23611526.0,3.9908611476421356,11738965.0,3.9883347526192665,11738965.0,0.0,0.0,0.0,0.0,0.0,0.0,0.0,0.0,0.0,0.0,0.0,0.0,12.917660310864449,35391349.0,12.809220496565104,35391349.0,12.520364764146507,35391349.0,12.554998028397362,69142291.0,12.54137812461704,33750942.0,12.538952282629907,33750942.0,189055.64,162817.652,0.0071165105421096084,0.018645226089097553,189055.64,162817.652,0.007034344661980867,0.018645226089097553,189055.64,162817.652,0.006868797279894352,0.018527573873288922,371015.268,338431.26,0.0068758787740017145,0.018651356512130214,181959.628,162817.652,0.006874478843063116,0.018623416888900096,181959.628,181959.628,0.006871462251991033,0.018617770835943515,1799
crmarenapro,query13,4,1/4,32.625829216092825,20.384346462786198,74444367.0,83447213.0,0.0,0.0,3547.0,32.41712355334312,20.19374905154109,74400112.0,83447213.0,32.0,0.0,3547.0,30.620465060696006,18.37853958643973,70342615.0,83447213.0,348.0,0.0,3547.0,30.607329154904967,18.37853958643973,70342615.0,162264525.0,348.0,0.0,3547.0,30.578378374688327,18.37853958643973,70342615.0,78817312.0,348.0,0.0,3547.0,30.57269712816924,18.37853958643973,70342615.0,78817312.0,348.0,0.0,3547.0,20.384346462786198,7.801774800755084,4.439707952551544,0.0,0.0,0.0,0.0,20.19374905154109,7.783223627135158,4.439707952551544,0.0,4.07099723815918e-05,0.00040221214294433594,0.0,18.37853958643973,7.801774800755084,4.439707952551544,0.0,0.0004427209496498108,0.0,0.0,18.37853958643973,7.259679187089205,4.175671639852226,0.03860387164730465,0.0004427209496498108,0.00040221214294433594,0.7539899367839098,18.37853958643973,7.259679187089205,4.175671639852226,0.009653091430664062,0.0004427209496498108,0.00040221214294433594,0.7539899367839098,18.37853958643973,7.259679187089205,4.175671639852226,0.0,0.0004427209496498108,0.004374057054519653,0.7539899367839098,0.0,0.0,0.0,0.0,0.0,0.0,0.0,0.0,0.0,0.0,0.0,0.0,7.631272330880165,21585366.0,7.603298235684633,21585366.0,7.472308561205864,21585366.0,7.433146666714657,42218228.0,7.428100636228919,20632862.0,7.425260012969375,20632862.0,0.0,0.0,0.0,0.0,0.0,0.0,0.0,0.0,0.0,0.0,0.0,0.0,24.99455688521266,61861847.0,24.813825317658484,61861847.0,23.148156499490142,61861847.0,23.17418248819031,120046297.0,23.15027773845941,58184450.0,23.147437115199864,58184450.0,333788.852,216189.976,0.006646971074864268,0.022281308695487667,333788.852,216189.976,0.006582692757248878,0.022281308695487667,333788.852,216189.976,0.0059605296514928345,0.022138053570874026,649058.1,502352.6,0.005968329075017344,0.022307499619540604,315269.248,216189.976,0.005967363139614463,0.022273299582488824,315269.248,315269.248,0.005964732887223363,0.02226768772993236,3547
crmarenapro,query13,4,inf,32.625829216092825,20.384346462786198,74444367.0,83447213.0,0.0,0.0,3547.0,32.41712355334312,20.19374905154109,74400112.0,83447213.0,32.0,0.0,3547.0,30.620465060696006,18.37853958643973,70342615.0,83447213.0,348.0,0.0,3547.0,30.607329154904967,18.37853958643973,70342615.0,162264525.0,348.0,0.0,3547.0,30.578378374688327,18.37853958643973,70342615.0,78817312.0,348.0,0.0,3547.0,30.57269712816924,18.37853958643973,70342615.0,78817312.0,348.0,0.0,3547.0,20.384346462786198,7.801774800755084,4.439707952551544,0.0,0.0,0.0,0.0,20.19374905154109,7.783223627135158,4.439707952551544,0.0,4.07099723815918e-05,0.00040221214294433594,0.0,18.37853958643973,7.801774800755084,4.439707952551544,0.0,0.0004427209496498108,0.0,0.0,18.37853958643973,7.259679187089205,4.175671639852226,0.03860387164730465,0.0004427209496498108,0.00040221214294433594,0.7539899367839098,18.37853958643973,7.259679187089205,4.175671639852226,0.009653091430664062,0.0004427209496498108,0.00040221214294433594,0.7539899367839098,18.37853958643973,7.259679187089205,4.175671639852226,0.0,0.0004427209496498108,0.004374057054519653,0.7539899367839098,0.0,0.0,0.0,0.0,0.0,0.0,0.0,0.0,0.0,0.0,0.0,0.0,7.631272330880165,21585366.0,7.603298235684633,21585366.0,7.472308561205864,21585366.0,7.433146666714657,42218228.0,7.428100636228919,20632862.0,7.425260012969375,20632862.0,0.0,0.0,0.0,0.0,0.0,0.0,0.0,0.0,0.0,0.0,0.0,0.0,24.99455688521266,61861847.0,24.813825317658484,61861847.0,23.148156499490142,61861847.0,23.17418248819031,120046297.0,23.15027773845941,58184450.0,23.147437115199864,58184450.0,333788.852,216189.976,0.006646971074864268,0.022281308695487667,333788.852,216189.976,0.006582692757248878,0.022281308695487667,333788.852,216189.976,0.0059605296514928345,0.022138053570874026,649058.1,502352.6,0.005968329075017344,0.022307499619540604,315269.248,216189.976,0.005967363139614463,0.022273299582488824,315269.248,315269.248,0.005964732887223363,0.02226768772993236,3547
crmarenapro,query13,8,1/4,62.1660636421293,38.90246514696628,137864938.0,154715438.0,0.0,0.0,6841.0,61.92063556332141,38.67768556624651,137824381.0,154715438.0,39.0,0.0,6841.0,56.040535614825785,32.77558224089444,112244840.0,154715438.0,1065.0,0.0,6841.0,56.31118436829082,32.77558224089444,112244840.0,279828648.0,1065.0,0.0,6841.0,56.25841421633959,32.77558224089444,112244840.0,125113210.0,1065.0,0.0,6841.0,56.25250672549009,32.77558224089444,112244840.0,125113210.0,1065.0,0.0,6841.0,38.90246514696628,14.845312156714499,8.418286338448524,0.0,0.0,0.0,0.0,38.67768556624651,14.824123847298324,8.418286338448524,0.0,4.9615278840065e-05,0.0004901960492134094,0.0,32.77558224089444,14.845312156714499,8.418286338448524,0.0,0.001354878768324852,0.0,0.0,32.77558224089444,12.062669325619936,6.794246507808566,0.07157356963387765,0.001354878768324852,0.0004901960492134094,4.605267649516463,32.77558224089444,12.062669325619936,6.794246507808566,0.018803417682647705,0.001354878768324852,0.0004901960492134094,4.605267649516463,32.77558224089444,12.062669325619936,6.794246507808566,0.0,0.001354878768324852,0.01338612288236618,4.605267649516463,0.0,0.0,0.0,0.0,0.0,0.0,0.0,0.0,0.0,0.0,0.0,0.0,15.648203470744193,44137784.0,15.61503071617335,44137784.0,15.16057275235653,44137784.0,15.088284133042508,83534772.0,15.078008651733398,39396988.0,15.074702970683575,39396988.0,0.0,0.0,0.0,0.0,0.0,0.0,0.0,0.0,0.0,0.0,0.0,0.0,46.51786017138511,110577654.0,46.30560484714806,110577654.0,40.879962862469256,110577654.0,41.22290023524831,196293876.0,41.18040556460619,85716222.0,41.17780375480652,85716222.0,618861.752,271887.132,0.0064288596399128435,0.023002704230137155,618861.752,271887.132,0.006390230568125844,0.023002704230137155,618861.752,271887.132,0.0050885964445769784,0.02246218157522379,1119314.592,733036.968,0.005145955075232862,0.022949148776542992,500452.84,271887.132,0.005145108137279749,0.02291647823769598,500452.84,500452.84,0.005143021661788225,0.022910559452883887,6841
crmarenapro,query13,8,inf,62.1660636421293,38.90246514696628,137864938.0,154715438.0,0.0,0.0,6841.0,61.92063556332141,38.67768556624651,137824381.0,154715438.0,39.0,0.0,6841.0,56.040535614825785,32.77558224089444,112244840.0,154715438.0,1065.0,0.0,6841.0,56.31118436829082,32.77558224089444,112244840.0,279828648.0,1065.0,0.0,6841.0,56.25841421633959,32.77558224089444,112244840.0,125113210.0,1065.0,0.0,6841.0,56.25250672549009,32.77558224089444,112244840.0,125113210.0,1065.0,0.0,6841.0,38.90246514696628,14.845312156714499,8.418286338448524,0.0,0.0,0.0,0.0,38.67768556624651,14.824123847298324,8.418286338448524,0.0,4.9615278840065e-05,0.0004901960492134094,0.0,32.77558224089444,14.845312156714499,8.418286338448524,0.0,0.001354878768324852,0.0,0.0,32.77558224089444,12.062669325619936,6.794246507808566,0.07157356963387765,0.001354878768324852,0.0004901960492134094,4.605267649516463,32.77558224089444,12.062669325619936,6.794246507808566,0.018803417682647705,0.001354878768324852,0.0004901960492134094,4.605267649516463,32.77558224089444,12.062669325619936,6.794246507808566,0.0,0.001354878768324852,0.01338612288236618,4.605267649516463,0.0,0.0,0.0,0.0,0.0,0.0,0.0,0.0,0.0,0.0,0.0,0.0,15.648203470744193,44137784.0,15.61503071617335,44137784.0,15.16057275235653,44137784.0,15.088284133042508,83534772.0,15.078008651733398,39396988.0,15.074702970683575,39396988.0,0.0,0.0,0.0,0.0,0.0,0.0,0.0,0.0,0.0,0.0,0.0,0.0,46.51786017138511,110577654.0,46.30560484714806,110577654.0,40.879962862469256,110577654.0,41.22290023524831,196293876.0,41.18040556460619,85716222.0,41.17780375480652,85716222.0,618861.752,271887.132,0.0064288596399128435,0.023002704230137155,618861.752,271887.132,0.006390230568125844,0.023002704230137155,618861.752,271887.132,0.0050885964445769784,0.02246218157522379,1119314.592,733036.968,0.005145955075232862,0.022949148776542992,500452.84,271887.132,0.005145108137279749,0.02291647823769598,500452.84,500452.84,0.005143021661788225,0.022910559452883887,6841
crmarenapro,query2,2,1/4,25.47451444156468,17.661323692649603,269900436.0,272710239.0,0.0,0.0,2801.0,25.471564187668264,17.659176972694695,269900274.0,272710239.0,3.0,2.0,2801.0,23.079224329441786,15.265688817948103,245050836.0,272710239.0,271.0,2.0,2801.0,23.052376622244303,15.265688817948103,245050836.0,491569486.0,271.0,2.0,2801.0,22.948076840490103,15.265688817948103,245050836.0,247799715.0,271.0,2.0,2801.0,22.942973773926497,15.265688817948103,245050836.0,247799715.0,271.0,2.0,2801.0,17.661323692649603,4.913302203640342,2.8998885452747345,0.0,0.0,0.0,0.0,17.659176972694695,4.912457145750523,2.8998885452747345,0.0,3.816559910774231e-06,3.7707388401031494e-05,0.0,15.265688817948103,4.913302203640342,2.8998885452747345,0.0,0.00034476257860660553,0.0,0.0,15.265688817948103,4.560537804849446,2.726200475357473,0.11277137501496722,0.00034476257860660553,3.7707388401031494e-05,0.3867956791073084,15.265688817948103,4.560537804849446,2.726200475357473,0.008471593260765076,0.00034476257860660553,3.7707388401031494e-05,0.3867956791073084,15.265688817948103,4.560537804849446,2.726200475357473,0.0,0.00034476257860660553,0.003406234085559845,0.3867956791073084,0.0,0.0,0.0,0.0,0.0,0.0,0.0,0.0,0.0,0.0,0.0,0.0,1.1030844589695334,1620958.0,1.1001342050731182,1620958.0,1.0880566108971834,1620958.0,1.0824044623395135,3227642.0,1.082371024414897,1606684.0,1.0818556901067495,1606684.0,7.751810378395021,211782581.0,7.751810378395021,211782581.0,7.629881140775979,211782581.0,7.747185117248754,398668912.0,7.656564413569868,186886331.0,7.649726807139814,186886331.0,16.619619604200125,59306700.0,16.619619604200125,59306700.0,14.361286577768624,59306700.0,14.222787042656039,89672932.0,14.209141402505338,59306700.0,14.211391276679933,59306700.0,1090840.956,779712.452,0.009141817880794406,0.01918236765246838,1090840.956,779712.452,0.009141817880794406,0.01918236765246838,1090840.956,779712.452,0.007366879791021347,0.019145209629461167,1966277.944,1634389.42,0.0074015329431107125,0.01926475587162832,991198.86,779712.452,0.0073780020661652086,0.01915077985692769,991198.86,991198.86,0.007375236857682466,0.019145209629461167,2801
crmarenapro,query2,2,inf,25.47451444156468,17.661323692649603,269900436.0,272710239.0,0.0,0.0,2801.0,25.471564187668264,17.659176972694695,269900274.0,272710239.0,3.0,0.0,2801.0,23.079224329441786,15.265688817948103,245050836.0,272710239.0,271.0,0.0,2801.0,23.065764895763817,15.265688817948103,245050836.0,520509954.0,271.0,0.0,2801.0,22.948101978749037,15.265688817948103,245050836.0,247799715.0,271.0,0.0,2801.0,22.942973773926497,15.265688817948103,245050836.0,247799715.0,271.0,0.0,2801.0,17.661323692649603,4.913302203640342,2.8998885452747345,0.0,0.0,0.0,0.0,17.659176972694695,4.912457145750523,2.8998885452747345,0.0,3.816559910774231e-06,3.7707388401031494e-05,0.0,15.265688817948103,4.913302203640342,2.8998885452747345,0.0,0.00034476257860660553,0.0,0.0,15.265688817948103,4.560537804849446,2.726200475357473,0.1261596485344786,0.00034476257860660553,3.7707388401031494e-05,0.3867956791073084,15.265688817948103,4.560537804849446,2.726200475357473,0.008496731519699097,0.00034476257860660553,3.7707388401031494e-05,0.3867956791073084,15.265688817948103,4.560537804849446,2.726200475357473,0.0,0.00034476257860660553,0.003406234085559845,0.3867956791073084,0.0,0.0,0.0,0.0,0.0,0.0,0.0,0.0,0.0,0.0,0.0,0.0,1.1030844589695334,1620958.0,1.1001342050731182,1620958.0,1.0880566108971834,1620958.0,1.0824044623395135,3227642.0,1.082371024414897,1606684.0,1.0818556901067495,1606684.0,7.751810378395021,211782581.0,7.751810378395021,211782581.0,7.629881140775979,211782581.0,7.747185117248754,398668912.0,7.656564413569868,186886331.0,7.649726807139814,186886331.0,16.619619604200125,59306700.0,16.619619604200125,59306700.0,14.361286577768624,59306700.0,14.236175316175549,118613400.0,14.209166540764272,59306700.0,14.211391276679933,59306700.0,1090840.956,779712.452,0.009141817880794406,0.01918236765246838,1090840.956,779712.452,0.009141817880794406,0.01918236765246838,1090840.956,779712.452,0.007366879791021347,0.019145209629461167,2082039.816,1750151.292,0.0074015329431107125,0.019271450008388077,991198.86,779712.452,0.0073780020661652086,0.019150792426057158,991198.86,991198.86,0.007375236857682466,0.019145209629461167,2801
crmarenapro,query2,4,1/4,49.50369853153825,35.03720127977431,548694829.0,552821410.0,0.0,0.0,5611.0,49.496814605779946,35.03219226654619,548694451.0,552821410.0,7.0,4.0,5611.0,40.77531499136239,26.30747431050986,421153860.0,552821410.0,1056.0,4.0,5611.0,40.59355796511849,26.30747431050986,421153860.0,919396344.0,1056.0,4.0,5611.0,40.38162260875106,26.30747431050986,421153860.0,424455870.0,1056.0,4.0,5611.0,40.37777645513415,26.30747431050986,421153860.0,424455870.0,1056.0,4.0,5611.0,35.03720127977431,9.106365732848644,5.360131518915296,0.0,0.0,0.0,0.0,35.03219226654619,9.104393931105733,5.360131518915296,0.0,8.905306458473206e-06,8.798390626907349e-05,0.0,26.30747431050986,9.106365732848644,5.360131518915296,0.0,0.0013434290885925293,0.0,0.0,26.30747431050986,7.343070943839848,4.349549990147352,0.2289665267952343,0.0013434290885925293,8.798390626907349e-05,2.363064780831337,26.30747431050986,7.343070943839848,4.349549990147352,0.017031170427799225,0.0013434290885925293,8.798390626907349e-05,2.363064780831337,26.30747431050986,7.343070943839848,4.349549990147352,0.0,0.0013434290885925293,0.013273000717163086,2.363064780831337,0.0,0.0,0.0,0.0,0.0,0.0,0.0,0.0,0.0,0.0,0.0,0.0,2.1693747583776712,2756152.0,2.162490832619369,2756152.0,2.077879440970719,2756152.0,2.0466156319477355,5226824.0,2.0467357700690627,2470672.0,2.0466226479038596,2470672.0,15.762203570455313,447432975.0,15.762203570455313,447432975.0,15.153611106798053,447432975.0,15.448582096302376,770966400.0,15.256651033647358,323533425.0,15.244081904180348,323533425.0,31.572120202705264,102632283.0,31.572120202705264,102632283.0,23.54382444359362,102632283.0,23.098360236868384,143203120.0,23.078235805034637,98451773.0,23.087071903049946,98451773.0,2211285.64,1046930.396,0.009125246126204729,0.018298831863328806,2211285.64,1046930.396,0.009125246126204729,0.018298831863328806,2211285.64,1046930.396,0.006145433994010091,0.018160900693014254,3677585.376,2441896.608,0.006176474363555965,0.018386689199876738,1697823.48,1046930.396,0.006161661053076387,0.01826574339978396,1697823.48,1689999.248,0.006159832986071706,0.018259695463255038,5611
crmarenapro,query2,4,inf,49.50369853153825,35.03720127977431,548694829.0,552821410.0,0.0,0.0,5611.0,49.496814605779946,35.03219226654619,548694451.0,552821410.0,7.0,0.0,5611.0,40.77531499136239,26.30747431050986,421153860.0,552821410.0,1056.0,0.0,5611.0,40.62033451215751,26.30747431050986,421153860.0,977277280.0,1056.0,0.0,5611.0,40.38167288526893,26.30747431050986,421153860.0,424455870.0,1056.0,0.0,5611.0,40.37777645513415,26.30747431050986,421153860.0,424455870.0,1056.0,0.0,5611.0,35.03720127977431,9.106365732848644,5.360131518915296,0.0,0.0,0.0,0.0,35.03219226654619,9.104393931105733,5.360131518915296,0.0,8.905306458473206e-06,8.798390626907349e-05,0.0,26.30747431050986,9.106365732848644,5.360131518915296,0.0,0.0013434290885925293,0.0,0.0,26.30747431050986,7.343070943839848,4.349549990147352,0.2557430738342571,0.0013434290885925293,8.798390626907349e-05,2.363064780831337,26.30747431050986,7.343070943839848,4.349549990147352,0.017081446945667267,0.0013434290885925293,8.798390626907349e-05,2.363064780831337,26.30747431050986,7.343070943839848,4.349549990147352,0.0,0.0013434290885925293,0.013273000717163086,2.363064780831337,0.0,0.0,0.0,0.0,0.0,0.0,0.0,0.0,0.0,0.0,0.0,0.0,2.1693747583776712,2756152.0,2.162490832619369,2756152.0,2.077879440970719,2756152.0,2.0466156319477355,5226824.0,2.0467357700690627,2470672.0,2.0466226479038596,2470672.0,15.762203570455313,447432975.0,15.762203570455313,447432975.0,15.153611106798053,447432975.0,15.448582096302376,770966400.0,15.256651033647358,323533425.0,15.244081904180348,323533425.0,31.572120202705264,102632283.0,31.572120202705264,102632283.0,23.54382444359362,102632283.0,23.125136783907404,201084056.0,23.078286081552505,98451773.0,23.087071903049946,98451773.0,2211285.64,1046930.396,0.009125246126204729,0.018298831863328806,2211285.64,1046930.396,0.009125246126204729,0.018298831863328806,2211285.64,1046930.396,0.006145433994010091,0.018160900693014254,3909109.12,2673420.352,0.006176474363555965,0.018386689199876738,1697823.48,1046930.396,0.006161661053076387,0.01826574339978396,1697823.48,1697823.48,0.006159832986071706,0.018259695463255038,5611
crmarenapro,query2,8,1/4,98.551788312383,70.63859186973423,1036205509.0,1043552063.0,0.0,0.0,11419.0,98.52818628121167,70.62141811009496,1036204213.0,1043552063.0,24.0,6.0,11419.0,74.08179740421474,46.16451851464808,636640505.0,1043552063.0,3209.0,6.0,11419.0,73.30809779726863,46.16451851464808,636640505.0,1598428983.0,3209.0,6.0,11419.0,72.89961315784603,46.16451851464808,636640505.0,641698324.0,3209.0,6.0,11419.0,72.905533217825,46.16451851464808,636640505.0,641698324.0,3209.0,6.0,11419.0,70.63859186973423,17.677457571029663,10.235738871619105,0.0,0.0,0.0,0.0,70.62141811009496,17.67069710791111,10.235738871619105,0.0,3.053247928619385e-05,0.00030165910720825195,0.0,46.16451851464808,17.677457571029663,10.235738871619105,0.0,0.004082446917891502,0.0,0.0,46.16451851464808,12.477551881223917,7.177624243311584,0.4425972567960681,0.004082446917891502,0.00030165910720825195,7.0414217952638865,46.16451851464808,12.477551881223917,7.177624243311584,0.03411261737346649,0.004082446917891502,0.00030165910720825195,7.0414217952638865,46.16451851464808,12.477551881223917,7.177624243311584,0.0,0.004082446917891502,0.04033433645963669,7.0414217952638865,0.0,0.0,0.0,0.0,0.0,0.0,0.0,0.0,0.0,0.0,0.0,0.0,4.568181904964149,6811135.0,4.544579873792827,6811135.0,4.1578325582668185,6811135.0,4.0103293177231345,12651638.0,4.010295533575118,5840503.0,4.012922481633723,5840503.0,31.913975965231657,864601555.0,31.913975965231657,864601555.0,29.936665606684983,864601555.0,30.61167965211802,1335794642.0,30.241579454392195,471193087.0,30.220136519521475,471193087.0,62.06963044218719,172139373.0,62.06963044218719,172139373.0,39.98729923926294,172139373.0,38.68608882742748,249982703.0,38.64773816987872,164664734.0,38.6724742166698,164664734.0,4174208.252,1332911.924,0.00904017448425293,0.01686788501907139,4174208.252,1332911.924,0.00904017448425293,0.01686788501907139,4174208.252,1332911.924,0.005296943712979555,0.016740269509702914,6393715.932,3433194.092,0.005348342265891506,0.016925972966765287,2566793.296,1332911.924,0.005326083607971668,0.016826539434865107,2566793.296,2553744.272,0.005325254045426845,0.016820557426288716,11419
crmarenapro,query2,8,inf,98.551788312383,70.63859186973423,1036205509.0,1043552063.0,0.0,0.0,11419.0,98.52818628121167,70.62141811009496,1036204213.0,1043552063.0,24.0,0.0,11419.0,74.08179740421474,46.16451851464808,636640505.0,1043552063.0,3209.0,0.0,11419.0,73.34826261782717,46.16451851464808,636640505.0,1685250387.0,3209.0,0.0,11419.0,72.89968857262284,46.16451851464808,636640505.0,641698324.0,3209.0,0.0,11419.0,72.905533217825,46.16451851464808,636640505.0,641698324.0,3209.0,0.0,11419.0,70.63859186973423,17.677457571029663,10.235738871619105,0.0,0.0,0.0,0.0,70.62141811009496,17.67069710791111,10.235738871619105,0.0,3.053247928619385e-05,0.00030165910720825195,0.0,46.16451851464808,17.677457571029663,10.235738871619105,0.0,0.004082446917891502,0.0,0.0,46.16451851464808,12.477551881223917,7.177624243311584,0.4827620773546023,0.004082446917891502,0.00030165910720825195,7.0414217952638865,46.16451851464808,12.477551881223917,7.177624243311584,0.034188032150268555,0.004082446917891502,0.00030165910720825195,7.0414217952638865,46.16451851464808,12.477551881223917,7.177624243311584,0.0,0.004082446917891502,0.04033433645963669,7.0414217952638865,0.0,0.0,0.0,0.0,0.0,0.0,0.0,0.0,0.0,0.0,0.0,0.0,4.568181904964149,6811135.0,4.544579873792827,6811135.0,4.1578325582668185,6811135.0,4.0103293177231345,12651638.0,4.010295533575118,5840503.0,4.012922481633723,5840503.0,31.913975965231657,864601555.0,31.913975965231657,864601555.0,29.936665606684983,864601555.0,30.61167965211802,1335794642.0,30.241579454392195,471193087.0,30.220136519521475,471193087.0,62.06963044218719,172139373.0,62.06963044218719,172139373.0,39.98729923926294,172139373.0,38.72625364798601,336804107.0,38.64781358465552,164664734.0,38.6724742166698,164664734.0,4174208.252,1332911.924,0.00904017448425293,0.01686788501907139,4174208.252,1332911.924,0.00904017448425293,0.01686788501907139,4174208.252,1332911.924,0.005296943712979555,0.016740269509702914,6741001.548,3780479.708,0.005348342265891506,0.016925972966765287,2566793.296,1332911.924,0.005326083607971668,0.016826539434865107,2566793.296,2566793.296,0.005325254045426845,0.016820557426288716,11419
crmarenapro,query3,2,1/4,26.448753687553108,25.179458507336676,2332059.0,0.0,0.0,0.0,2004.0,26.42663219384849,25.158539969474077,2331191.0,0.0,2.0,0.0,2004.0,25.249422173015773,23.97999977413565,2241044.0,0.0,100.0,0.0,2004.0,25.190446670167148,23.97999977413565,2241044.0,0.0,100.0,0.0,2004.0,25.190446670167148,23.97999977413565,2241044.0,0.0,100.0,0.0,2004.0,25.191678444854915,23.97999977413565,2241044.0,0.0,100.0,0.0,2004.0,25.179458507336676,1.2692951802164316,0.0,0.0,0.0,0.0,0.0,25.158539969474077,1.2680645417422056,0.0,0.0,2.5443732738494873e-06,2.5138258934020996e-05,0.0,23.97999977413565,1.2692951802164316,0.0,0.0,0.00012721866369247437,0.0,0.0,23.97999977413565,1.2102945391088724,0.0,0.0,0.00012721866369247437,2.5138258934020996e-05,0.0,23.97999977413565,1.2102945391088724,0.0,0.0,0.00012721866369247437,2.5138258934020996e-05,0.0,23.97999977413565,1.2102945391088724,0.0,0.0,0.00012721866369247437,0.0012569129467010498,0.0,0.0,0.0,0.0,0.0,0.0,0.0,0.0,0.0,0.0,0.0,0.0,0.0,0.01160826813429594,0.0,0.01160826813429594,0.0,0.01160826813429594,0.0,0.01160826813429594,0.0,0.01160826813429594,0.0,0.01160826813429594,0.0,0.01951011922210455,0.0,0.01951011922210455,0.0,0.01951011922210455,0.0,0.01951011922210455,0.0,0.01951011922210455,0.0,0.01951011922210455,0.0,26.417635300196707,0.0,26.39551380649209,0.0,25.218303785659373,0.0,25.159328282810748,0.0,25.159328282810748,0.0,25.160560057498515,0.0,0.0,0.0,0.01143931775353849,0.01923528730925172,0.0,0.0,0.011438564283773303,0.01923528730925172,0.0,0.0,0.01079145234078169,0.018921385225094848,0.0,0.0,0.010770263746380807,0.01891926636565476,0.0,0.0,0.010770263746380807,0.01891926636565476,0.0,0.0,0.010770967617630958,0.018919336752779778,2004
crmarenapro,query3,2,inf,26.448753687553108,25.179458507336676,2332059.0,0.0,0.0,0.0,2004.0,26.42663219384849,25.158539969474077,2331191.0,0.0,2.0,0.0,2004.0,25.249422173015773,23.97999977413565,2241044.0,0.0,100.0,0.0,2004.0,25.190446670167148,23.97999977413565,2241044.0,0.0,100.0,0.0,2004.0,25.190446670167148,23.97999977413565,2241044.0,0.0,100.0,0.0,2004.0,25.191678444854915,23.97999977413565,2241044.0,0.0,100.0,0.0,2004.0,25.179458507336676,1.2692951802164316,0.0,0.0,0.0,0.0,0.0,25.158539969474077,1.2680645417422056,0.0,0.0,2.5443732738494873e-06,2.5138258934020996e-05,0.0,23.97999977413565,1.2692951802164316,0.0,0.0,0.00012721866369247437,0.0,0.0,23.97999977413565,1.2102945391088724,0.0,0.0,0.00012721866369247437,2.5138258934020996e-05,0.0,23.97999977413565,1.2102945391088724,0.0,0.0,0.00012721866369247437,2.5138258934020996e-05,0.0,23.97999977413565,1.2102945391088724,0.0,0.0,0.00012721866369247437,0.0012569129467010498,0.0,0.0,0.0,0.0,0.0,0.0,0.0,0.0,0.0,0.0,0.0,0.0,0.0,0.01160826813429594,0.0,0.01160826813429594,0.0,0.01160826813429594,0.0,0.01160826813429594,0.0,0.01160826813429594,0.0,0.01160826813429594,0.0,0.01951011922210455,0.0,0.01951011922210455,0.0,0.01951011922210455,0.0,0.01951011922210455,0.0,0.01951011922210455,0.0,0.01951011922210455,0.0,26.417635300196707,0.0,26.39551380649209,0.0,25.218303785659373,0.0,25.159328282810748,0.0,25.159328282810748,0.0,25.160560057498515,0.0,0.0,0.0,0.01143931775353849,0.01923528730925172,0.0,0.0,0.011438564283773303,0.01923528730925172,0.0,0.0,0.01079145234078169,0.018921385225094848,0.0,0.0,0.010770263746380807,0.01891926636565476,0.0,0.0,0.010770263746380807,0.01891926636565476,0.0,0.0,0.010770967617630958,0.018919336752779778,2004
crmarenapro,query3,4,1/4,52.02711024414748,49.53285046946257,4615972.0,0.0,0.0,0.0,3953.0,51.982867256738245,49.491013393737376,4614236.0,0.0,4.0,0.0,3953.0,46.668409675359726,44.17359649948776,4154221.0,0.0,435.0,0.0,3953.0,46.401385048404336,44.17359649948776,4154221.0,0.0,435.0,0.0,3953.0,46.401385048404336,44.17359649948776,4154221.0,0.0,435.0,0.0,3953.0,46.40680234320462,44.17359649948776,4154221.0,0.0,435.0,0.0,3953.0,49.53285046946257,2.494259774684906,0.0,0.0,0.0,0.0,0.0,49.491013393737376,2.491798497736454,0.0,0.0,5.088746547698975e-06,5.027651786804199e-05,0.0,44.17359649948776,2.494259774684906,0.0,0.0,0.0005534011870622635,0.0,0.0,44.17359649948776,2.227184871211648,0.0,0.0,0.0005534011870622635,5.027651786804199e-05,0.0,44.17359649948776,2.227184871211648,0.0,0.0,0.0005534011870622635,5.027651786804199e-05,0.0,44.17359649948776,2.227184871211648,0.0,0.0,0.0005534011870622635,0.005467571318149567,0.0,0.0,0.0,0.0,0.0,0.0,0.0,0.0,0.0,0.0,0.0,0.0,0.0,0.048943789675831795,0.0,0.048943789675831795,0.0,0.048943789675831795,0.0,0.048943789675831795,0.0,0.048943789675831795,0.0,0.048943789675831795,0.0,0.031767611391842365,0.0,0.031767611391842365,0.0,0.031767611391842365,0.0,0.031767611391842365,0.0,0.031767611391842365,0.0,0.031767611391842365,0.0,51.946398843079805,0.0,51.90215585567057,0.0,46.58769827429205,0.0,46.32067364733666,0.0,46.32067364733666,0.0,46.32609094213694,0.0,0.0,0.0,0.011426467223092913,0.021139051217213267,0.0,0.0,0.011425910223275423,0.021139051217213267,0.0,0.0,0.009849251328036188,0.020197414490580552,0.0,0.0,0.009793176053091884,0.020192871711403125,0.0,0.0,0.009793176053091884,0.020192871711403125,0.0,0.0,0.009794885454699398,0.02019302254095673,3953
crmarenapro,query3,4,inf,52.02711024414748,49.53285046946257,4615972.0,0.0,0.0,0.0,3953.0,51.982867256738245,49.491013393737376,4614236.0,0.0,4.0,0.0,3953.0,46.668409675359726,44.17359649948776,4154221.0,0.0,435.0,0.0,3953.0,46.401385048404336,44.17359649948776,4154221.0,0.0,435.0,0.0,3953.0,46.401385048404336,44.17359649948776,4154221.0,0.0,435.0,0.0,3953.0,46.40680234320462,44.17359649948776,4154221.0,0.0,435.0,0.0,3953.0,49.53285046946257,2.494259774684906,0.0,0.0,0.0,0.0,0.0,49.491013393737376,2.491798497736454,0.0,0.0,5.088746547698975e-06,5.027651786804199e-05,0.0,44.17359649948776,2.494259774684906,0.0,0.0,0.0005534011870622635,0.0,0.0,44.17359649948776,2.227184871211648,0.0,0.0,0.0005534011870622635,5.027651786804199e-05,0.0,44.17359649948776,2.227184871211648,0.0,0.0,0.0005534011870622635,5.027651786804199e-05,0.0,44.17359649948776,2.227184871211648,0.0,0.0,0.0005534011870622635,0.005467571318149567,0.0,0.0,0.0,0.0,0.0,0.0,0.0,0.0,0.0,0.0,0.0,0.0,0.0,0.048943789675831795,0.0,0.048943789675831795,0.0,0.048943789675831795,0.0,0.048943789675831795,0.0,0.048943789675831795,0.0,0.048943789675831795,0.0,0.031767611391842365,0.0,0.031767611391842365,0.0,0.031767611391842365,0.0,0.031767611391842365,0.0,0.031767611391842365,0.0,0.031767611391842365,0.0,51.946398843079805,0.0,51.90215585567057,0.0,46.58769827429205,0.0,46.32067364733666,0.0,46.32067364733666,0.0,46.32609094213694,0.0,0.0,0.0,0.011426467223092913,0.021139051217213267,0.0,0.0,0.011425910223275423,0.021139051217213267,0.0,0.0,0.009849251328036188,0.020197414490580552,0.0,0.0,0.009793176053091884,0.020192871711403125,0.0,0.0,0.009793176053091884,0.020192871711403125,0.0,0.0,0.009794885454699398,0.02019302254095673,3953
crmarenapro,query3,8,1/4,105.95407378021628,100.89955773763359,9450658.0,0.0,0.0,0.0,8007.0,105.82134481798857,100.77404651045799,9445450.0,0.0,12.0,0.0,8007.0,86.79931748658419,81.74283591564745,7766484.0,0.0,1545.0,0.0,8007.0,85.81793473660946,81.74283591564745,7766484.0,0.0,1545.0,0.0,8007.0,85.81793473660946,81.74283591564745,7766484.0,0.0,1545.0,0.0,8007.0,85.83720321208239,81.74283591564745,7766484.0,0.0,1545.0,0.0,8007.0,100.89955773763359,5.054516042582691,0.0,0.0,0.0,0.0,0.0,100.77404651045799,5.047132211737335,0.0,0.0,1.5266239643096924e-05,0.00015082955360412598,0.0,81.74283591564745,5.054516042582691,0.0,0.0,0.001965528354048729,0.0,0.0,81.74283591564745,4.072982463054359,0.0,0.0,0.001965528354048729,0.00015082955360412598,0.0,81.74283591564745,4.072982463054359,0.0,0.0,0.001965528354048729,0.00015082955360412598,0.0,81.74283591564745,4.072982463054359,0.0,0.0,0.001965528354048729,0.01941930502653122,0.0,0.0,0.0,0.0,0.0,0.0,0.0,0.0,0.0,0.0,0.0,0.0,0.0,0.09079228527843952,0.0,0.09079228527843952,0.0,0.08975549414753914,0.0,0.08934793062508106,0.0,0.08934793062508106,0.0,0.08936049975454807,0.0,0.0593427587300539,0.0,0.0593427587300539,0.0,0.0593427587300539,0.0,0.0593427587300539,0.0,0.0593427587300539,0.0,0.0593427587300539,0.0,105.80393873620778,0.0,105.67120977398008,0.0,86.6502192337066,0.0,85.66924404725432,0.0,85.66924404725432,0.0,85.68849995359778,0.0,0.0,0.0,0.01143058805540204,0.02335912114176899,0.0,0.0,0.011429947804659606,0.02335912114176899,0.0,0.0,0.009001664597541094,0.02181063596755265,0.0,0.0,0.008907277129590512,0.021807986013032486,0.0,0.0,0.008907277129590512,0.021807986013032486,0.0,0.0,0.00890989150851965,0.021808073996938755,8007
crmarenapro,query3,8,inf,105.95407378021628,100.89955773763359,9450658.0,0.0,0.0,0.0,8007.0,105.82134481798857,100.77404651045799,9445450.0,0.0,12.0,0.0,8007.0,86.79931748658419,81.74283591564745,7766484.0,0.0,1545.0,0.0,8007.0,85.81793473660946,81.74283591564745,7766484.0,0.0,1545.0,0.0,8007.0,85.81793473660946,81.74283591564745,7766484.0,0.0,1545.0,0.0,8007.0,85.83720321208239,81.74283591564745,7766484.0,0.0,1545.0,0.0,8007.0,100.89955773763359,5.054516042582691,0.0,0.0,0.0,0.0,0.0,100.77404651045799,5.047132211737335,0.0,0.0,1.5266239643096924e-05,0.00015082955360412598,0.0,81.74283591564745,5.054516042582691,0.0,0.0,0.001965528354048729,0.0,0.0,81.74283591564745,4.072982463054359,0.0,0.0,0.001965528354048729,0.00015082955360412598,0.0,81.74283591564745,4.072982463054359,0.0,0.0,0.001965528354048729,0.00015082955360412598,0.0,81.74283591564745,4.072982463054359,0.0,0.0,0.001965528354048729,0.01941930502653122,0.0,0.0,0.0,0.0,0.0,0.0,0.0,0.0,0.0,0.0,0.0,0.0,0.0,0.09079228527843952,0.0,0.09079228527843952,0.0,0.08975549414753914,0.0,0.08934793062508106,0.0,0.08934793062508106,0.0,0.08936049975454807,0.0,0.0593427587300539,0.0,0.0593427587300539,0.0,0.0593427587300539,0.0,0.0593427587300539,0.0,0.0593427587300539,0.0,0.0593427587300539,0.0,105.80393873620778,0.0,105.67120977398008,0.0,86.6502192337066,0.0,85.66924404725432,0.0,85.66924404725432,0.0,85.68849995359778,0.0,0.0,0.0,0.01143058805540204,0.02335912114176899,0.0,0.0,0.011429947804659606,0.02335912114176899,0.0,0.0,0.009001664597541094,0.02181063596755265,0.0,0.0,0.008907277129590512,0.021807986013032486,0.0,0.0,0.008907277129590512,0.021807986013032486,0.0,0.0,0.00890989150851965,0.021808073996938755,8007
crmarenapro,query4,2,1/4,4.151669685728848,2.386288231238723,7552367.0,7058749.0,0.0,0.0,2339.0,4.094980604946613,2.3435456780716777,7541647.0,7058749.0,51.0,0.0,2339.0,4.0502019906416535,2.2846666015684605,6810806.0,7058749.0,121.0,0.0,2339.0,4.041093354422526,2.2846666015684605,6810806.0,13279236.0,121.0,0.0,2339.0,4.040442255325615,2.2846666015684605,6810806.0,6220487.0,121.0,0.0,2339.0,4.038707715459168,2.2846666015684605,6810806.0,6220487.0,121.0,0.0,2339.0,2.386288231238723,1.3348868656903505,0.43049458879977465,0.0,0.0,0.0,0.0,2.3435456780716777,1.3202344309538603,0.43049458879977465,0.0,6.488151848316193e-05,0.0006410256028175354,0.0,2.2846666015684605,1.3348868656903505,0.43049458879977465,0.0,0.00015393458306789398,0.0,0.0,2.2846666015684605,1.2342121368274093,0.3778965398669243,0.003265478026049115,0.00015393458306789398,0.0006410256028175354,0.14025763794779778,2.2846666015684605,1.2342121368274093,0.3778965398669243,0.0026143789291381836,0.00015393458306789398,0.0006410256028175354,0.14025763794779778,2.2846666015684605,1.2342121368274093,0.3778965398669243,0.0,0.00015393458306789398,0.0015208646655082703,0.14025763794779778,0.0,0.0,0.0,0.0,0.0,0.0,0.0,0.0,0.0,0.0,0.0,0.0,1.8373138755559921,4710076.0,1.8026349004358053,4710076.0,1.769563895650208,4710076.0,1.7646519644232457,8754320.0,1.7634911155328155,4044244.0,1.7630889033898711,4044244.0,1.8735455693677068,2282788.0,1.851535463705659,2282788.0,1.8398278541862965,2282788.0,1.8356006698528566,4393146.0,1.8360906224697828,2110358.0,1.8348085712641478,2110358.0,0.4408102408051491,65885.0,0.4408102408051491,65885.0,0.4408102408051491,65885.0,0.44084072014642417,131770.0,0.4408605173230171,65885.0,0.4408102408051491,65885.0,28234.996,21725.852,0.001164675423875451,0.00365480545144528,28234.996,21725.852,0.0011620283275842666,0.0036544379100203503,28234.996,21725.852,0.0011534853894263506,0.0036222849279642097,53116.944,45633.912,0.001152900770184779,0.003655888262163965,24881.948,21725.852,0.001152911325916648,0.003654220831580459,24881.948,24881.948,0.001152911325916648,0.0036511212842538945,2339
crmarenapro,query4,2,inf,4.151669685728848,2.386288231238723,7552367.0,7058749.0,0.0,0.0,2339.0,4.094980604946613,2.3435456780716777,7541647.0,7058749.0,51.0,0.0,2339.0,4.0502019906416535,2.2846666015684605,6810806.0,7058749.0,121.0,0.0,2339.0,4.041093354422526,2.2846666015684605,6810806.0,13279236.0,121.0,0.0,2339.0,4.040442255325615,2.2846666015684605,6810806.0,6220487.0,121.0,0.0,2339.0,4.038707715459168,2.2846666015684605,6810806.0,6220487.0,121.0,0.0,2339.0,2.386288231238723,1.3348868656903505,0.43049458879977465,0.0,0.0,0.0,0.0,2.3435456780716777,1.3202344309538603,0.43049458879977465,0.0,6.488151848316193e-05,0.0006410256028175354,0.0,2.2846666015684605,1.3348868656903505,0.43049458879977465,0.0,0.00015393458306789398,0.0,0.0,2.2846666015684605,1.2342121368274093,0.3778965398669243,0.003265478026049115,0.00015393458306789398,0.0006410256028175354,0.14025763794779778,2.2846666015684605,1.2342121368274093,0.3778965398669243,0.0026143789291381836,0.00015393458306789398,0.0006410256028175354,0.14025763794779778,2.2846666015684605,1.2342121368274093,0.3778965398669243,0.0,0.00015393458306789398,0.0015208646655082703,0.14025763794779778,0.0,0.0,0.0,0.0,0.0,0.0,0.0,0.0,0.0,0.0,0.0,0.0,1.8373138755559921,4710076.0,1.8026349004358053,4710076.0,1.769563895650208,4710076.0,1.7646519644232457,8754320.0,1.7634911155328155,4044244.0,1.7630889033898711,4044244.0,1.8735455693677068,2282788.0,1.851535463705659,2282788.0,1.8398278541862965,2282788.0,1.8356006698528566,4393146.0,1.8360906224697828,2110358.0,1.8348085712641478,2110358.0,0.4408102408051491,65885.0,0.4408102408051491,65885.0,0.4408102408051491,65885.0,0.44084072014642417,131770.0,0.4408605173230171,65885.0,0.4408102408051491,65885.0,28234.996,21725.852,0.001164675423875451,0.00365480545144528,28234.996,21725.852,0.0011620283275842666,0.0036544379100203503,28234.996,21725.852,0.0011534853894263506,0.0036222849279642097,53116.944,45633.912,0.001152900770184779,0.003655888262163965,24881.948,21725.852,0.001152911325916648,0.003654220831580459,24881.948,24881.948,0.001152911325916648,0.0036511212842538945,2339
crmarenapro,query4,4,1/4,7.880928981117904,4.6259868470951915,13357045.0,12043145.0,0.0,0.0,4694.0,7.741350500844419,4.522696950472891,13307689.0,12043145.0,124.0,0.0,4694.0,7.472324864007533,4.216760630719364,10103394.0,12043145.0,489.0,0.0,4694.0,7.427233479769793,4.216760630719364,10103394.0,20483449.0,489.0,0.0,4694.0,7.426312726922333,4.216760630719364,10103394.0,8440304.0,489.0,0.0,4694.0,7.426249881274998,4.216760630719364,10103394.0,8440304.0,489.0,0.0,4694.0,4.6259868470951915,2.517221400514245,0.7377207335084677,0.0,0.0,0.0,0.0,4.522696950472891,2.479216493666172,0.7377207335084677,0.0,0.0001577511429786682,0.0015585720539093018,0.0,4.216760630719364,2.517221400514245,0.7377207335084677,0.0,0.0006220992654561996,0.0,0.0,4.216760630719364,2.084571484476328,0.5115659646689892,0.005571330750253801,0.0006220992654561996,0.0015585720539093018,0.6065833978354931,4.216760630719364,2.084571484476328,0.5115659646689892,0.004650577902793884,0.0006220992654561996,0.0015585720539093018,0.6065833978354931,4.216760630719364,2.084571484476328,0.5115659646689892,0.0,0.0006220992654561996,0.0061463043093681335,0.6065833978354931,0.0,0.0,0.0,0.0,0.0,0.0,0.0,0.0,0.0,0.0,0.0,0.0,3.447772507555783,7686170.0,3.3631908604875207,7686170.0,3.165393916890025,7686170.0,3.135910786775308,12653526.0,3.134026749059558,4967356.0,3.1356984432786703,4967356.0,3.669481630437076,4230207.0,3.614484797231853,4230207.0,3.543256103992462,4230207.0,3.5275892051834754,7576387.0,3.528523150831461,3346180.0,3.5268765948712826,3346180.0,0.7636748431250453,126768.0,0.7636748431250453,126768.0,0.7636748431250453,126768.0,0.7637334878110097,253536.0,0.7637628270313144,126768.0,0.7636748431250453,126768.0,48172.58,25747.68,0.0011541530676186084,0.0037842239264398794,48172.58,25747.68,0.0011436401903629303,0.0037827248845249393,48172.58,25747.68,0.0011271179653704166,0.0036696054428815824,81933.796,57619.744,0.0011248217113316058,0.003777709963954559,33761.216,25747.68,0.0011248217113316058,0.0037756110653281195,33761.216,33761.216,0.0011248217113316058,0.003773220416903494,4694
crmarenapro,query4,4,inf,7.880928981117904,4.6259868470951915,13357045.0,12043145.0,0.0,0.0,4694.0,7.741350500844419,4.522696950472891,13307689.0,12043145.0,124.0,0.0,4694.0,7.472324864007533,4.216760630719364,10103394.0,12043145.0,489.0,0.0,4694.0,7.427233479769793,4.216760630719364,10103394.0,20483449.0,489.0,0.0,4694.0,7.426312726922333,4.216760630719364,10103394.0,8440304.0,489.0,0.0,4694.0,7.426249881274998,4.216760630719364,10103394.0,8440304.0,489.0,0.0,4694.0,4.6259868470951915,2.517221400514245,0.7377207335084677,0.0,0.0,0.0,0.0,4.522696950472891,2.479216493666172,0.7377207335084677,0.0,0.0001577511429786682,0.0015585720539093018,0.0,4.216760630719364,2.517221400514245,0.7377207335084677,0.0,0.0006220992654561996,0.0,0.0,4.216760630719364,2.084571484476328,0.5115659646689892,0.005571330750253801,0.0006220992654561996,0.0015585720539093018,0.6065833978354931,4.216760630719364,2.084571484476328,0.5115659646689892,0.004650577902793884,0.0006220992654561996,0.0015585720539093018,0.6065833978354931,4.216760630719364,2.084571484476328,0.5115659646689892,0.0,0.0006220992654561996,0.0061463043093681335,0.6065833978354931,0.0,0.0,0.0,0.0,0.0,0.0,0.0,0.0,0.0,0.0,0.0,0.0,3.447772507555783,7686170.0,3.3631908604875207,7686170.0,3.165393916890025,7686170.0,3.135910786775308,12653526.0,3.134026749059558,4967356.0,3.1356984432786703,4967356.0,3.669481630437076,4230207.0,3.614484797231853,4230207.0,3.543256103992462,4230207.0,3.5275892051834754,7576387.0,3.528523150831461,3346180.0,3.5268765948712826,3346180.0,0.7636748431250453,126768.0,0.7636748431250453,126768.0,0.7636748431250453,126768.0,0.7637334878110097,253536.0,0.7637628270313144,126768.0,0.7636748431250453,126768.0,48172.58,25747.68,0.0011541530676186084,0.0037842239264398794,48172.58,25747.68,0.0011436401903629303,0.0037827248845249393,48172.58,25747.68,0.0011271179653704166,0.0036696054428815824,81933.796,57619.744,0.0011248217113316058,0.003777709963954559,33761.216,25747.68,0.0011248217113316058,0.0037756110653281195,33761.216,33761.216,0.0011248217113316058,0.003773220416903494,4694
crmarenapro,query4,8,1/4,16.101440949365497,9.338896608911455,28419503.0,25986365.0,0.0,0.0,9412.0,15.84422907140106,9.150721602141857,28321997.0,25986365.0,234.0,0.0,9412.0,14.94475657120347,8.180429897271097,18884779.0,25986365.0,1401.0,0.0,9412.0,14.817885650966797,8.180429897271097,18884779.0,41390385.0,1401.0,0.0,9412.0,14.815667908638716,8.180429897271097,18884779.0,15404020.0,1401.0,0.0,9412.0,14.820532161742449,8.180429897271097,18884779.0,15404020.0,1401.0,0.0,9412.0,9.338896608911455,5.18142858799547,1.5811157524585724,0.0,0.0,0.0,0.0,9.150721602141857,5.109152848832309,1.5811157524585724,0.0,0.00029769167304039,0.0029411762952804565,0.0,8.180429897271097,5.18142858799547,1.5811157524585724,0.0,0.0017823334783315659,0.0,0.0,8.180429897271097,3.9278195463120937,0.9182281522080302,0.012021663312350645,0.0017823334783315659,0.0029411762952804565,1.7746628820896149,8.180429897271097,3.9278195463120937,0.9182281522080302,0.009803920984268188,0.0017823334783315659,0.0029411762952804565,1.7746628820896149,8.180429897271097,3.9278195463120937,0.9182281522080302,0.0,0.0017823334783315659,0.017609350383281708,1.7746628820896149,0.0,0.0,0.0,0.0,0.0,0.0,0.0,0.0,0.0,0.0,0.0,0.0,7.158027623780072,16747538.0,6.966344377025962,16747538.0,6.323391054756939,16747538.0,6.230879295561465,25560578.0,6.22673898562789,8813040.0,6.233614299446344,8813040.0,7.503122610040009,8883226.0,7.437593978829682,8883226.0,7.181074800901115,8883226.0,7.146551133762372,15118605.0,7.148374255746603,6235379.0,7.1466271467506886,6235379.0,1.4402907155454159,355601.0,1.4402907155454159,355601.0,1.4402907155454159,355601.0,1.4404552216429611,711202.0,1.440554667264223,355601.0,1.4402907155454159,355601.0,103945.46,41124.788,0.0011568281184881925,0.003826815960183737,103945.46,41124.788,0.0011526403408497572,0.003826268045231697,103945.46,41124.788,0.0011196335442364216,0.0036275552101433252,164130.288,97162.056,0.0011184689737856388,0.0038193108442801564,61616.08,41124.788,0.0011184689737856388,0.003816790770366785,60558.132,60558.132,0.0011184689737856388,0.0038148676935583327,9412
crmarenapro,query4,8,inf,16.101440949365497,9.338896608911455,28419503.0,25986365.0,0.0,0.0,9412.0,15.84422907140106,9.150721602141857,28321997.0,25986365.0,234.0,0.0,9412.0,14.942815641872585,8.1784851513803,18881757.0,25986365.0,1404.0,0.0,9412.0,14.814868451741074,8.1784851513803,18881757.0,41390385.0,1404.0,0.0,9412.0,14.812650709412992,8.1784851513803,18881757.0,15404020.0,1404.0,0.0,9412.0,14.817552669905126,8.1784851513803,18881757.0,15404020.0,1404.0,0.0,9412.0,9.338896608911455,5.18142858799547,1.5811157524585724,0.0,0.0,0.0,0.0,9.150721602141857,5.109152848832309,1.5811157524585724,0.0,0.00029769167304039,0.0029411762952804565,0.0,8.1784851513803,5.18142858799547,1.5811157524585724,0.0,0.00178615003824234,0.0,0.0,8.1784851513803,3.9267432764172554,0.9182281522080302,0.012021663312350645,0.00178615003824234,0.0029411762952804565,1.7746628820896149,8.1784851513803,3.9267432764172554,0.9182281522080302,0.009803920984268188,0.00178615003824234,0.0029411762952804565,1.7746628820896149,8.1784851513803,3.9267432764172554,0.9182281522080302,0.0,0.00178615003824234,0.01764705777168274,1.7746628820896149,0.0,0.0,0.0,0.0,0.0,0.0,0.0,0.0,0.0,0.0,0.0,0.0,7.158027623780072,16747538.0,6.966344377025962,16747538.0,6.321450125426054,16747538.0,6.227862096335741,25560578.0,6.223721786402166,8813040.0,6.230634807609022,8813040.0,7.503122610040009,8883226.0,7.437593978829682,8883226.0,7.181074800901115,8883226.0,7.146551133762372,15118605.0,7.148374255746603,6235379.0,7.1466271467506886,6235379.0,1.4402907155454159,355601.0,1.4402907155454159,355601.0,1.4402907155454159,355601.0,1.4404552216429611,711202.0,1.440554667264223,355601.0,1.4402907155454159,355601.0,103945.46,41124.788,0.0011568281184881925,0.003826815960183737,103945.46,41124.788,0.0011526403408497572,0.003826268045231697,103945.46,41124.788,0.0011195637807250023,0.0036275552101433252,165561.54,97937.86,0.0011183992102742194,0.0038193108442801564,61616.08,41124.788,0.0011183992102742194,0.003816790770366785,61616.08,61616.08,0.0011183992102742194,0.0038148676935583327,9412
crmarenapro,query5,2,1/4,4.111234717071056,2.5997866885736585,6138631.0,2272053.0,0.0,0.0,2662.0,3.9037839183583856,2.4803329026326537,5787918.0,2272053.0,152.0,0.0,2662.0,3.8547421004623175,2.342898421920836,5568822.0,2272053.0,311.0,0.0,2662.0,3.703155088243277,2.342898421920836,5568822.0,4518516.0,311.0,0.0,2662.0,3.7036374378949404,2.342898421920836,5568822.0,2246463.0,311.0,0.0,2662.0,3.7041024956852198,2.342898421920836,5568822.0,2246463.0,311.0,0.0,2662.0,2.5997866885736585,1.3718562480062246,0.13959178049117327,0.0,0.0,0.0,0.0,2.4803329026326537,1.2817553551867604,0.13959178049117327,0.0,0.00019337236881256104,0.0019105076789855957,0.0,2.342898421920836,1.3718562480062246,0.13959178049117327,0.0,0.0003956500440835953,0.0,0.0,2.342898421920836,1.2138452576473355,0.13773882389068604,0.0010510841433119338,0.0003956500440835953,0.0019105076789855957,0.005315342918038368,2.342898421920836,1.2138452576473355,0.13773882389068604,0.0015334337949752808,0.0003956500440835953,0.0019105076789855957,0.005315342918038368,2.342898421920836,1.2138452576473355,0.13773882389068604,0.0,0.0003956500440835953,0.003908999264240265,0.005315342918038368,0.0,0.0,0.0,0.0,0.0,0.0,0.0,0.0,0.0,0.0,0.0,0.0,2.3640187522396445,965928.0,2.163909955881536,965928.0,2.1283774338662624,965928.0,1.981113683213752,1918892.0,1.9811821654438972,952964.0,1.9825647696852684,952964.0,1.3868471179157495,1306125.0,1.3795051155611873,1306125.0,1.376018200069666,1306125.0,1.3720236814021365,2599624.0,1.3724375488236547,1293499.0,1.3715074332430959,1293499.0,0.3603688469156623,0.0,0.3603688469156623,0.0,0.3503464665263891,0.0,0.3500177236273885,0.0,0.3500177236273885,0.0,0.3500302927568555,0.0,9088.212,7809.896,0.0012956573758274316,0.0023676466189324844,9088.212,7809.896,0.0012450755275785924,0.0023676155423745502,9088.212,7809.896,0.0012469550371170045,0.002333093659207224,18074.064,16730.352,0.001229067513857467,0.0023351281178369764,8985.852,7809.896,0.0012291078828275204,0.0023358860701322547,8985.852,8985.852,0.0012290576063096524,0.0023333521336317054,2662
crmarenapro,query5,2,inf,4.111234717071056,2.5997866885736585,6138631.0,2272053.0,0.0,0.0,2662.0,3.9037839183583856,2.4803329026326537,5787918.0,2272053.0,152.0,0.0,2662.0,3.8547421004623175,2.342898421920836,5568822.0,2272053.0,311.0,0.0,2662.0,3.703155088243277,2.342898421920836,5568822.0,4518516.0,311.0,0.0,2662.0,3.7036374378949404,2.342898421920836,5568822.0,2246463.0,311.0,0.0,2662.0,3.7041024956852198,2.342898421920836,5568822.0,2246463.0,311.0,0.0,2662.0,2.5997866885736585,1.3718562480062246,0.13959178049117327,0.0,0.0,0.0,0.0,2.4803329026326537,1.2817553551867604,0.13959178049117327,0.0,0.00019337236881256104,0.0019105076789855957,0.0,2.342898421920836,1.3718562480062246,0.13959178049117327,0.0,0.0003956500440835953,0.0,0.0,2.342898421920836,1.2138452576473355,0.13773882389068604,0.0010510841433119338,0.0003956500440835953,0.0019105076789855957,0.005315342918038368,2.342898421920836,1.2138452576473355,0.13773882389068604,0.0015334337949752808,0.0003956500440835953,0.0019105076789855957,0.005315342918038368,2.342898421920836,1.2138452576473355,0.13773882389068604,0.0,0.0003956500440835953,0.003908999264240265,0.005315342918038368,0.0,0.0,0.0,0.0,0.0,0.0,0.0,0.0,0.0,0.0,0.0,0.0,2.3640187522396445,965928.0,2.163909955881536,965928.0,2.1283774338662624,965928.0,1.981113683213752,1918892.0,1.9811821654438972,952964.0,1.9825647696852684,952964.0,1.3868471179157495,1306125.0,1.3795051155611873,1306125.0,1.376018200069666,1306125.0,1.3720236814021365,2599624.0,1.3724375488236547,1293499.0,1.3715074332430959,1293499.0,0.3603688469156623,0.0,0.3603688469156623,0.0,0.3503464665263891,0.0,0.3500177236273885,0.0,0.3500177236273885,0.0,0.3500302927568555,0.0,9088.212,7809.896,0.0012956573758274316,0.0023676466189324844,9088.212,7809.896,0.0012450755275785924,0.0023676155423745502,9088.212,7809.896,0.0012469550371170045,0.002333093659207224,18074.064,16730.352,0.001229067513857467,0.0023351281178369764,8985.852,7809.896,0.0012291078828275204,0.0023358860701322547,8985.852,8985.852,0.0012290576063096524,0.0023333521336317054,2662
crmarenapro,query5,4,1/4,8.202693338505924,5.099834302440286,12858758.0,5086849.0,0.0,0.0,5324.0,7.875229012221098,4.909913558512926,12298755.0,5086849.0,241.0,0.0,5324.0,7.483774404972792,4.379822560586035,11265799.0,5086849.0,859.0,0.0,5324.0,7.073931258929546,4.379822560586035,11265799.0,10095756.0,859.0,0.0,5324.0,7.074871121905744,4.379822560586035,11265799.0,5008907.0,859.0,0.0,5324.0,7.079345731996,4.379822560586035,11265799.0,5008907.0,859.0,0.0,5324.0,5.099834302440286,2.791758772917092,0.3111002631485462,0.0,0.0,0.0,0.0,4.909913558512926,2.6508794333785772,0.3111002631485462,0.0,0.0003065969794988632,0.00302916020154953,0.0,4.379822560586035,2.791758772917092,0.3111002631485462,0.0,0.0010928083211183548,0.0,0.0,4.379822560586035,2.3656924897804856,0.3049499010667205,0.0023532489441585066,0.0010928083211183548,0.00302916020154953,0.016991090029478073,4.379822560586035,2.3656924897804856,0.3049499010667205,0.0032931119203567505,0.0010928083211183548,0.00302916020154953,0.016991090029478073,4.379822560586035,2.3656924897804856,0.3049499010667205,0.0,0.0010928083211183548,0.010796882212162018,0.016991090029478073,0.0,0.0,0.0,0.0,0.0,0.0,0.0,0.0,0.0,0.0,0.0,0.0,4.692270124331117,2135822.0,4.3851977083832026,2135822.0,4.03933607134968,2135822.0,3.645616602351254,4206824.0,3.645734624005854,2071002.0,3.6520568961277604,2071002.0,2.89173271227628,2951027.0,2.8713408019393682,2951027.0,2.857921067625284,2951027.0,2.842927607335438,5888932.0,2.843749448657036,2937905.0,2.8418640792369843,2937905.0,0.6186905018985271,0.0,0.6186905018985271,0.0,0.586517265997827,0.0,0.5853870492428541,0.0,0.5853870492428541,0.0,0.5854247566312551,0.0,20347.396,14377.032,0.0012737904861569406,0.0024629494981840243,20347.396,14377.032,0.0012302269209176302,0.0024629461424425236,20347.396,14377.032,0.0012100372537970543,0.0024416156347841014,40383.024,32577.396,0.0011947831567376852,0.002444240223988806,20035.628,14377.032,0.0011947831567376852,0.002445215530134736,20035.628,20035.628,0.0011947831567376852,0.0024417128650471554,5324
crmarenapro,query5,4,inf,8.202693338505924,5.099834302440286,12858758.0,5086849.0,0.0,0.0,5324.0,7.875229012221098,4.909913558512926,12298755.0,5086849.0,241.0,0.0,5324.0,7.483774404972792,4.379822560586035,11265799.0,5086849.0,859.0,0.0,5324.0,7.073931258929546,4.379822560586035,11265799.0,10095756.0,859.0,0.0,5324.0,7.074871121905744,4.379822560586035,11265799.0,5008907.0,859.0,0.0,5324.0,7.079345731996,4.379822560586035,11265799.0,5008907.0,859.0,0.0,5324.0,5.099834302440286,2.791758772917092,0.3111002631485462,0.0,0.0,0.0,0.0,4.909913558512926,2.6508794333785772,0.3111002631485462,0.0,0.0003065969794988632,0.00302916020154953,0.0,4.379822560586035,2.791758772917092,0.3111002631485462,0.0,0.0010928083211183548,0.0,0.0,4.379822560586035,2.3656924897804856,0.3049499010667205,0.0023532489441585066,0.0010928083211183548,0.00302916020154953,0.016991090029478073,4.379822560586035,2.3656924897804856,0.3049499010667205,0.0032931119203567505,0.0010928083211183548,0.00302916020154953,0.016991090029478073,4.379822560586035,2.3656924897804856,0.3049499010667205,0.0,0.0010928083211183548,0.010796882212162018,0.016991090029478073,0.0,0.0,0.0,0.0,0.0,0.0,0.0,0.0,0.0,0.0,0.0,0.0,4.692270124331117,2135822.0,4.3851977083832026,2135822.0,4.03933607134968,2135822.0,3.645616602351254,4206824.0,3.645734624005854,2071002.0,3.6520568961277604,2071002.0,2.89173271227628,2951027.0,2.8713408019393682,2951027.0,2.857921067625284,2951027.0,2.842927607335438,5888932.0,2.843749448657036,2937905.0,2.8418640792369843,2937905.0,0.6186905018985271,0.0,0.6186905018985271,0.0,0.586517265997827,0.0,0.5853870492428541,0.0,0.5853870492428541,0.0,0.5854247566312551,0.0,20347.396,14377.032,0.0012737904861569406,0.0024629494981840243,20347.396,14377.032,0.0012302269209176302,0.0024629461424425236,20347.396,14377.032,0.0012100372537970543,0.0024416156347841014,40383.024,32577.396,0.0011947831567376852,0.002444240223988806,20035.628,14377.032,0.0011947831567376852,0.002445215530134736,20035.628,20035.628,0.0011947831567376852,0.0024417128650471554,5324
crmarenapro,query5,8,1/4,16.38016797415912,10.252419009804726,25262084.0,9518764.0,0.0,0.0,10675.0,15.422054624184966,9.70154198538512,23635296.0,9518764.0,701.0,0.0,10675.0,14.14358945004642,8.012587504461408,20393688.0,9518764.0,2557.0,0.0,10675.0,12.917453281004255,8.012587504461408,20393688.0,18636086.0,2557.0,0.0,10675.0,12.91953543573618,8.012587504461408,20393688.0,9117322.0,2557.0,0.0,10675.0,12.936378069221973,8.012587504461408,20393688.0,9117322.0,2557.0,0.0,10675.0,10.252419009804726,5.5515563655644655,0.5761925987899303,0.0,0.0,0.0,0.0,9.70154198538512,5.134617277421057,0.5761925987899303,0.0,0.0008918028324842453,0.008810959756374359,0.0,8.012587504461408,5.5515563655644655,0.5761925987899303,0.0,0.0032529812306165695,0.0,0.0,8.012587504461408,4.259737519547343,0.548198027536273,0.004403516073053083,0.0032529812306165695,0.008810959756374359,0.08046277239918709,8.012587504461408,4.259737519547343,0.548198027536273,0.006485670804977417,0.0032529812306165695,0.008810959756374359,0.08046277239918709,8.012587504461408,4.259737519547343,0.548198027536273,0.0,0.0032529812306165695,0.032139264047145844,0.08046277239918709,0.0,0.0,0.0,0.0,0.0,0.0,0.0,0.0,0.0,0.0,0.0,0.0,9.455318415537477,3622599.0,8.523823145776987,3622599.0,7.537933507934213,3622599.0,6.362422169570425,7050738.0,6.3627825025469065,3428139.0,6.382390344515443,3428139.0,5.608591110445559,5896165.0,5.581973030231893,5896165.0,5.497216433286667,5896165.0,5.453670418791201,11585348.0,5.455392240546644,5689183.0,5.452375649474561,5689183.0,1.316258448176086,0.0,1.316258448176086,0.0,1.1084395088255405,0.0,1.1013606926426291,0.0,1.1013606926426291,0.0,1.1016120752319694,0.0,38075.056,21521.192,0.00126431355625391,0.0024949651438742866,38075.056,21521.192,0.001184670327231288,0.002494964095205068,38075.056,21521.192,0.0011359291076660156,0.0024359178170561785,74544.344,54149.548,0.0010863937623798847,0.002440220463230702,36469.288,21521.192,0.0010863937623798847,0.0024417852988466615,36469.288,36469.288,0.0010863937623798847,0.002437811055965721,10675
crmarenapro,query5,8,inf,16.38016797415912,10.252419009804726,25262084.0,9518764.0,0.0,0.0,10675.0,15.422054624184966,9.70154198538512,23635296.0,9518764.0,701.0,0.0,10675.0,14.14358945004642,8.012587504461408,20393688.0,9518764.0,2557.0,0.0,10675.0,12.917453281004255,8.012587504461408,20393688.0,18636086.0,2557.0,0.0,10675.0,12.91953543573618,8.012587504461408,20393688.0,9117322.0,2557.0,0.0,10675.0,12.936378069221973,8.012587504461408,20393688.0,9117322.0,2557.0,0.0,10675.0,10.252419009804726,5.5515563655644655,0.5761925987899303,0.0,0.0,0.0,0.0,9.70154198538512,5.134617277421057,0.5761925987899303,0.0,0.0008918028324842453,0.008810959756374359,0.0,8.012587504461408,5.5515563655644655,0.5761925987899303,0.0,0.0032529812306165695,0.0,0.0,8.012587504461408,4.259737519547343,0.548198027536273,0.004403516073053083,0.0032529812306165695,0.008810959756374359,0.08046277239918709,8.012587504461408,4.259737519547343,0.548198027536273,0.006485670804977417,0.0032529812306165695,0.008810959756374359,0.08046277239918709,8.012587504461408,4.259737519547343,0.548198027536273,0.0,0.0032529812306165695,0.032139264047145844,0.08046277239918709,0.0,0.0,0.0,0.0,0.0,0.0,0.0,0.0,0.0,0.0,0.0,0.0,9.455318415537477,3622599.0,8.523823145776987,3622599.0,7.537933507934213,3622599.0,6.362422169570425,7050738.0,6.3627825025469065,3428139.0,6.382390344515443,3428139.0,5.608591110445559,5896165.0,5.581973030231893,5896165.0,5.497216433286667,5896165.0,5.453670418791201,11585348.0,5.455392240546644,5689183.0,5.452375649474561,5689183.0,1.316258448176086,0.0,1.316258448176086,0.0,1.1084395088255405,0.0,1.1013606926426291,0.0,1.1013606926426291,0.0,1.1016120752319694,0.0,38075.056,21521.192,0.00126431355625391,0.0024949651438742866,38075.056,21521.192,0.001184670327231288,0.002494964095205068,38075.056,21521.192,0.0011359291076660156,0.0024359178170561785,74544.344,54149.548,0.0010863937623798847,0.002440220463230702,36469.288,21521.192,0.0010863937623798847,0.0024417852988466615,36469.288,36469.288,0.0010863937623798847,0.002437811055965721,10675
crmarenapro,query6,2,1/4,22.89763484802097,18.05550691485405,188417901.0,187905500.0,0.0,0.0,2812.0,22.59860140644014,17.772470927797258,188417847.0,187905500.0,27.0,0.0,2812.0,20.92513447254896,16.08271775301546,169375756.0,187905500.0,227.0,0.0,2812.0,20.898909782064823,16.08271775301546,169375756.0,356692670.0,227.0,0.0,2812.0,20.818857329897583,16.08271775301546,169375756.0,168787170.0,227.0,0.0,2812.0,20.81449584197253,16.08271775301546,169375756.0,168787170.0,227.0,0.0,2812.0,18.05550691485405,3.20819120015949,1.633936733007431,0.0,0.0,0.0,0.0,17.772470927797258,3.1918200301006436,1.633936733007431,0.0,3.434903919696808e-05,0.00033936649560928345,0.0,16.08271775301546,3.20819120015949,1.633936733007431,0.0,0.0002887863665819168,0.0,0.0,16.08271775301546,2.935267636552453,1.5029228422790766,0.0869277659856969,0.0002887863665819168,0.00033936649560928345,0.2904456313699484,16.08271775301546,2.935267636552453,1.5029228422790766,0.006875313818454742,0.0002887863665819168,0.00033936649560928345,0.2904456313699484,16.08271775301546,2.935267636552453,1.5029228422790766,0.0,0.0002887863665819168,0.002853192389011383,0.2904456313699484,0.0,0.0,0.0,0.0,0.0,0.0,0.0,0.0,0.0,0.0,0.0,0.0,0.8100821124389768,265601.0,0.8100821124389768,265601.0,0.7951142434030771,265601.0,0.7890957254273717,516928.0,0.78917396068573,251327.0,0.789211668074131,251327.0,7.7758977664634585,180497609.0,7.7758977664634585,180497609.0,7.683983018621802,180497609.0,7.7813132758854,341891162.0,7.704273038543761,161393553.0,7.698202149011195,161393553.0,14.311654969118536,7142290.0,14.012621527537704,7142290.0,12.446037210524082,7142290.0,12.328500780752053,14284580.0,12.325410330668092,7142290.0,12.327082024887204,7142290.0,751622.0,497366.576,0.009410055344924331,0.013795272537507114,751622.0,497366.576,0.009365734908729792,0.013795272537507114,751622.0,497366.576,0.007694410301744938,0.013783331624418494,1426770.68,1151625.792,0.007734827826885024,0.013888216814483094,675148.68,497366.576,0.007714142337441445,0.013789352237433192,675148.68,675148.68,0.007712181553244591,0.013783331624418494,2812
crmarenapro,query6,2,inf,22.89763484802097,18.05550691485405,188417901.0,187905500.0,0.0,0.0,2812.0,22.59860140644014,17.772470927797258,188417847.0,187905500.0,27.0,0.0,2812.0,20.92513447254896,16.08271775301546,169375756.0,187905500.0,227.0,0.0,2812.0,20.898909782064823,16.08271775301546,169375756.0,356692670.0,227.0,0.0,2812.0,20.818857329897583,16.08271775301546,169375756.0,168787170.0,227.0,0.0,2812.0,20.81449584197253,16.08271775301546,169375756.0,168787170.0,227.0,0.0,2812.0,18.05550691485405,3.20819120015949,1.633936733007431,0.0,0.0,0.0,0.0,17.772470927797258,3.1918200301006436,1.633936733007431,0.0,3.434903919696808e-05,0.00033936649560928345,0.0,16.08271775301546,3.20819120015949,1.633936733007431,0.0,0.0002887863665819168,0.0,0.0,16.08271775301546,2.935267636552453,1.5029228422790766,0.0869277659856969,0.0002887863665819168,0.00033936649560928345,0.2904456313699484,16.08271775301546,2.935267636552453,1.5029228422790766,0.006875313818454742,0.0002887863665819168,0.00033936649560928345,0.2904456313699484,16.08271775301546,2.935267636552453,1.5029228422790766,0.0,0.0002887863665819168,0.002853192389011383,0.2904456313699484,0.0,0.0,0.0,0.0,0.0,0.0,0.0,0.0,0.0,0.0,0.0,0.0,0.8100821124389768,265601.0,0.8100821124389768,265601.0,0.7951142434030771,265601.0,0.7890957254273717,516928.0,0.78917396068573,251327.0,0.789211668074131,251327.0,7.7758977664634585,180497609.0,7.7758977664634585,180497609.0,7.683983018621802,180497609.0,7.7813132758854,341891162.0,7.704273038543761,161393553.0,7.698202149011195,161393553.0,14.311654969118536,7142290.0,14.012621527537704,7142290.0,12.446037210524082,7142290.0,12.328500780752053,14284580.0,12.325410330668092,7142290.0,12.327082024887204,7142290.0,751622.0,497366.576,0.009410055344924331,0.013795272537507114,751622.0,497366.576,0.009365734908729792,0.013795272537507114,751622.0,497366.576,0.007694410301744938,0.013783331624418494,1426770.68,1151625.792,0.007734827826885024,0.013888216814483094,675148.68,497366.576,0.007714142337441445,0.013789352237433192,675148.68,675148.68,0.007712181553244591,0.013783331624418494,2812
crmarenapro,query6,4,1/4,46.878225618973374,36.87289716955274,407259642.0,406217768.0,0.0,0.0,5741.0,46.28262481838465,36.3104349700734,407256222.0,406217768.0,57.0,0.0,5741.0,40.33627343829721,30.329917062073946,309108121.0,406217768.0,808.0,0.0,5741.0,40.16764959128066,30.329917062073946,309108121.0,713841468.0,808.0,0.0,5741.0,39.994332782924175,30.329917062073946,309108121.0,307623700.0,808.0,0.0,5741.0,39.989166870713234,30.329917062073946,309108121.0,307623700.0,808.0,0.0,5741.0,36.87289716955274,6.59537767060101,3.4099507788196206,0.0,0.0,0.0,0.0,36.3104349700734,6.5614501144737005,3.4099507788196206,0.0,7.251463830471039e-05,0.0007164403796195984,0.0,30.329917062073946,6.59537767060101,3.4099507788196206,0.0,0.0010279268026351929,0.0,0.0,30.329917062073946,5.42564928624779,2.737767585553229,0.18792213679714598,0.0010279268026351929,0.0007164403796195984,1.4846491534262896,30.329917062073946,5.42564928624779,2.737767585553229,0.014605328440666199,0.0010279268026351929,0.0007164403796195984,1.4846491534262896,30.329917062073946,5.42564928624779,2.737767585553229,0.0,0.0010279268026351929,0.010155856609344482,1.4846491534262896,0.0,0.0,0.0,0.0,0.0,0.0,0.0,0.0,0.0,0.0,0.0,0.0,1.6551280077546835,517689.0,1.6551280077546835,517689.0,1.5953315664082766,517689.0,1.5670572805894292,1035378.0,1.567220002412796,517689.0,1.5677856132388115,517689.0,16.31477627530694,393037755.0,16.309805497527122,393037755.0,15.83333293069154,393037755.0,16.083099585578957,687481442.0,15.91502533853054,294443687.0,15.90329834073782,294443687.0,28.90832133591175,12662324.0,28.31769131310284,12662324.0,22.907608941197395,12662324.0,22.51749272511227,25324648.0,22.51208744198084,12662324.0,22.518082916736603,12662324.0,1624871.072,647787.748,0.009790890540927648,0.01383045819122344,1624871.072,647787.748,0.009695309814065694,0.013830300898291169,1624871.072,647787.748,0.00690639815106988,0.013811144436523317,2855365.872,1829484.772,0.006970075127078913,0.013900815259023275,1230494.8,647787.748,0.006946324434131384,0.013816923332586883,1230494.8,1230494.8,0.006944663057103753,0.013811144436523317,5741
crmarenapro,query6,4,inf,46.878225618973374,36.87289716955274,407259642.0,406217768.0,0.0,0.0,5741.0,46.28262481838465,36.3104349700734,407256222.0,406217768.0,57.0,0.0,5741.0,40.33627343829721,30.329917062073946,309108121.0,406217768.0,808.0,0.0,5741.0,40.16764959128066,30.329917062073946,309108121.0,713841468.0,808.0,0.0,5741.0,39.994332782924175,30.329917062073946,309108121.0,307623700.0,808.0,0.0,5741.0,39.989166870713234,30.329917062073946,309108121.0,307623700.0,808.0,0.0,5741.0,36.87289716955274,6.59537767060101,3.4099507788196206,0.0,0.0,0.0,0.0,36.3104349700734,6.5614501144737005,3.4099507788196206,0.0,7.251463830471039e-05,0.0007164403796195984,0.0,30.329917062073946,6.59537767060101,3.4099507788196206,0.0,0.0010279268026351929,0.0,0.0,30.329917062073946,5.42564928624779,2.737767585553229,0.18792213679714598,0.0010279268026351929,0.0007164403796195984,1.4846491534262896,30.329917062073946,5.42564928624779,2.737767585553229,0.014605328440666199,0.0010279268026351929,0.0007164403796195984,1.4846491534262896,30.329917062073946,5.42564928624779,2.737767585553229,0.0,0.0010279268026351929,0.010155856609344482,1.4846491534262896,0.0,0.0,0.0,0.0,0.0,0.0,0.0,0.0,0.0,0.0,0.0,0.0,1.6551280077546835,517689.0,1.6551280077546835,517689.0,1.5953315664082766,517689.0,1.5670572805894292,1035378.0,1.567220002412796,517689.0,1.5677856132388115,517689.0,16.31477627530694,393037755.0,16.309805497527122,393037755.0,15.83333293069154,393037755.0,16.083099585578957,687481442.0,15.91502533853054,294443687.0,15.90329834073782,294443687.0,28.90832133591175,12662324.0,28.31769131310284,12662324.0,22.907608941197395,12662324.0,22.51749272511227,25324648.0,22.51208744198084,12662324.0,22.518082916736603,12662324.0,1624871.072,647787.748,0.009790890540927648,0.01383045819122344,1624871.072,647787.748,0.009695309814065694,0.013830300898291169,1624871.072,647787.748,0.00690639815106988,0.013811144436523317,2855365.872,1829484.772,0.006970075127078913,0.013900815259023275,1230494.8,647787.748,0.006946324434131384,0.013816923332586883,1230494.8,1230494.8,0.006944663057103753,0.013811144436523317,5741
crmarenapro,query6,8,1/4,91.0915106004104,71.5126110194251,776620801.0,774521158.0,0.0,0.0,11269.0,89.9416117053479,70.42835130635649,776611759.0,774521158.0,113.0,0.0,11269.0,71.69738801475614,52.115328322164714,476009859.0,774521158.0,2484.0,0.0,11269.0,70.98691150793466,52.115328322164714,476009859.0,1247110840.0,2484.0,0.0,11269.0,70.65702576842159,52.115328322164714,476009859.0,472589682.0,2484.0,0.0,11269.0,70.65840837266296,52.115328322164714,476009859.0,472589682.0,2484.0,0.0,11269.0,71.5126110194251,12.929329420439899,6.649570160545409,0.0,0.0,0.0,0.0,70.42835130635649,12.862126169726253,6.649570160545409,0.0,0.00014375708997249603,0.0014203116297721863,0.0,52.115328322164714,12.929329420439899,6.649570160545409,0.0,0.0031601116061210632,0.0,0.0,52.115328322164714,9.324347041547298,4.563773052766919,0.35830454123798916,0.0031601116061210632,0.0014203116297721863,4.620578126981854,52.115328322164714,9.324347041547298,4.563773052766919,0.028418801724910736,0.0031601116061210632,0.0014203116297721863,4.620578126981854,52.115328322164714,9.324347041547298,4.563773052766919,0.0,0.0031601116061210632,0.031221717596054077,4.620578126981854,0.0,0.0,0.0,0.0,0.0,0.0,0.0,0.0,0.0,0.0,0.0,0.0,3.268520511686802,1072474.0,3.268520511686802,1072474.0,3.0359278535470366,1072474.0,2.930479440072415,2130674.0,2.930800291709602,1058200.0,2.9337288988754153,1058200.0,31.72912441752851,746283274.0,31.71545477863401,746283274.0,30.209434111602604,746283274.0,30.77148355429747,1190649346.0,30.45298936869949,444366072.0,30.432715362869203,444366072.0,56.09386567119509,27165410.0,54.95763641502708,27165410.0,38.4520260496065,27165410.0,37.284948513564785,54330820.0,37.2732361080125,27165410.0,37.29196411091834,27165410.0,3098084.632,744928.896,0.010089291194453835,0.01381321778167039,3098084.632,744928.896,0.010016207886859774,0.01381315072979778,3098084.632,744928.896,0.005105303483083844,0.013790301799029112,4988443.36,2505478.948,0.0052177647983296955,0.013874511594647275,1890358.728,744928.896,0.005179230749607086,0.013795606944337485,1890358.728,1890358.728,0.0051768732480704785,0.013790301799029112,11269
crmarenapro,query6,8,inf,91.0915106004104,71.5126110194251,776620801.0,774521158.0,0.0,0.0,11269.0,89.9416117053479,70.42835130635649,776611759.0,774521158.0,113.0,0.0,11269.0,71.69738801475614,52.115328322164714,476009859.0,774521158.0,2484.0,0.0,11269.0,70.98691150793466,52.115328322164714,476009859.0,1247110840.0,2484.0,0.0,11269.0,70.65702576842159,52.115328322164714,476009859.0,472589682.0,2484.0,0.0,11269.0,70.65840837266296,52.115328322164714,476009859.0,472589682.0,2484.0,0.0,11269.0,71.5126110194251,12.929329420439899,6.649570160545409,0.0,0.0,0.0,0.0,70.42835130635649,12.862126169726253,6.649570160545409,0.0,0.00014375708997249603,0.0014203116297721863,0.0,52.115328322164714,12.929329420439899,6.649570160545409,0.0,0.0031601116061210632,0.0,0.0,52.115328322164714,9.324347041547298,4.563773052766919,0.35830454123798916,0.0031601116061210632,0.0014203116297721863,4.620578126981854,52.115328322164714,9.324347041547298,4.563773052766919,0.028418801724910736,0.0031601116061210632,0.0014203116297721863,4.620578126981854,52.115328322164714,9.324347041547298,4.563773052766919,0.0,0.0031601116061210632,0.031221717596054077,4.620578126981854,0.0,0.0,0.0,0.0,0.0,0.0,0.0,0.0,0.0,0.0,0.0,0.0,3.268520511686802,1072474.0,3.268520511686802,1072474.0,3.0359278535470366,1072474.0,2.930479440072415,2130674.0,2.930800291709602,1058200.0,2.9337288988754153,1058200.0,31.72912441752851,746283274.0,31.71545477863401,746283274.0,30.209434111602604,746283274.0,30.77148355429747,1190649346.0,30.45298936869949,444366072.0,30.432715362869203,444366072.0,56.09386567119509,27165410.0,54.95763641502708,27165410.0,38.4520260496065,27165410.0,37.284948513564785,54330820.0,37.2732361080125,27165410.0,37.29196411091834,27165410.0,3098084.632,744928.896,0.010089291194453835,0.01381321778167039,3098084.632,744928.896,0.010016207886859774,0.01381315072979778,3098084.632,744928.896,0.005105303483083844,0.013790301799029112,4988443.36,2505478.948,0.0052177647983296955,0.013874511594647275,1890358.728,744928.896,0.005179230749607086,0.013795606944337485,1890358.728,1890358.728,0.0051768732480704785,0.013790301799029112,11269
crmarenapro,query7,2,1/4,14.289741607382894,9.55357570014894,213407566.0,211420960.0,0.0,0.0,3579.0,14.237523449584842,9.508237679488957,212671613.0,210682096.0,29.0,0.0,3579.0,13.912540837191045,9.17612303700298,201238785.0,211420960.0,198.0,0.0,3579.0,13.927923851298447,9.17612303700298,201238785.0,409936982.0,198.0,0.0,3579.0,13.838880623690784,9.17612303700298,201238785.0,199254886.0,198.0,0.0,3579.0,13.832583489827812,9.17612303700298,201238785.0,199254886.0,198.0,0.0,3579.0,9.55357570014894,3.1817102916538715,1.554455615580082,0.0,0.0,0.0,0.0,9.508237679488957,3.1640696516260505,1.5481105484068394,0.0,3.6893412470817566e-05,0.00036450475454330444,0.016704171895980835,9.17612303700298,3.1817102916538715,1.554455615580082,0.0,0.00025189295411109924,0.0,0.0,9.17612303700298,2.9959159549325705,1.4706128984689713,0.09746454435055987,0.00025189295411109924,0.00036450475454330444,0.18719101883471012,9.17612303700298,2.9959159549325705,1.4706128984689713,0.008421316742897034,0.00025189295411109924,0.00036450475454330444,0.18719101883471012,9.17612303700298,2.9959159549325705,1.4706128984689713,0.0,0.00025189295411109924,0.0024886876344680786,0.18719101883471012,0.0,0.0,0.0,0.0,0.0,0.0,0.0,0.0,0.0,0.0,0.0,0.0,0.6660113530233502,57096.0,0.6548779429867864,57096.0,0.6364144999533892,57096.0,0.6239600257934441,114192.0,0.623983888886869,57096.0,0.6242101332172751,57096.0,11.44941348489374,211363864.0,11.408328737132251,210625000.0,11.224011820740998,211363864.0,11.261184679742678,409822790.0,11.17211758904159,199197790.0,11.165455950424075,199197790.0,2.174316769465804,0.0,2.174316769465804,0.0,2.0521145164966583,0.0,2.0427791457623243,0.0,2.0427791457623243,0.0,2.0429174061864614,0.0,845683.84,541523.808,0.0017471220511943101,0.010576508899033067,842728.384,538665.316,0.0017395408749580382,0.010576508899033067,845683.84,541523.808,0.001709328891709447,0.010541037223674355,1639747.928,1301706.556,0.001711010894642731,0.010686456786141465,797019.544,538665.316,0.0017109994143247604,0.010553756338171658,797019.544,797019.544,0.0017106476277112962,0.010544321949593718,3579
crmarenapro,query7,2,inf,14.289741607382894,9.55357570014894,213407566.0,211420960.0,0.0,0.0,3579.0,14.237523449584842,9.508237679488957,212671613.0,210682096.0,29.0,0.0,3579.0,13.912540837191045,9.17612303700298,201238785.0,211420960.0,198.0,0.0,3579.0,13.927923851298447,9.17612303700298,201238785.0,409936982.0,198.0,0.0,3579.0,13.838880623690784,9.17612303700298,201238785.0,199254886.0,198.0,0.0,3579.0,13.832583489827812,9.17612303700298,201238785.0,199254886.0,198.0,0.0,3579.0,9.55357570014894,3.1817102916538715,1.554455615580082,0.0,0.0,0.0,0.0,9.508237679488957,3.1640696516260505,1.5481105484068394,0.0,3.6893412470817566e-05,0.00036450475454330444,0.016704171895980835,9.17612303700298,3.1817102916538715,1.554455615580082,0.0,0.00025189295411109924,0.0,0.0,9.17612303700298,2.9959159549325705,1.4706128984689713,0.09746454435055987,0.00025189295411109924,0.00036450475454330444,0.18719101883471012,9.17612303700298,2.9959159549325705,1.4706128984689713,0.008421316742897034,0.00025189295411109924,0.00036450475454330444,0.18719101883471012,9.17612303700298,2.9959159549325705,1.4706128984689713,0.0,0.00025189295411109924,0.0024886876344680786,0.18719101883471012,0.0,0.0,0.0,0.0,0.0,0.0,0.0,0.0,0.0,0.0,0.0,0.0,0.6660113530233502,57096.0,0.6548779429867864,57096.0,0.6364144999533892,57096.0,0.6239600257934441,114192.0,0.623983888886869,57096.0,0.6242101332172751,57096.0,11.44941348489374,211363864.0,11.408328737132251,210625000.0,11.224011820740998,211363864.0,11.261184679742678,409822790.0,11.17211758904159,199197790.0,11.165455950424075,199197790.0,2.174316769465804,0.0,2.174316769465804,0.0,2.0521145164966583,0.0,2.0427791457623243,0.0,2.0427791457623243,0.0,2.0429174061864614,0.0,845683.84,541523.808,0.0017471220511943101,0.010576508899033067,842728.384,538665.316,0.0017395408749580382,0.010576508899033067,845683.84,541523.808,0.001709328891709447,0.010541037223674355,1639747.928,1301706.556,0.001711010894642731,0.010686456786141465,797019.544,538665.316,0.0017109994143247604,0.010553756338171658,797019.544,797019.544,0.0017106476277112962,0.010544321949593718,3579
crmarenapro,query7,4,1/4,28.738434842787683,19.38680631481111,423575947.0,419311369.0,0.0,0.0,7190.0,28.681979146786034,19.338728901930153,422951322.0,418684498.0,36.0,0.0,7190.0,27.063958226703107,17.711341209709644,360256494.0,419311369.0,777.0,0.0,7190.0,26.94076677638092,17.711341209709644,360256494.0,774741358.0,777.0,0.0,7190.0,26.76376915629953,17.711341209709644,360256494.0,356056860.0,777.0,0.0,7190.0,26.756391077302396,17.711341209709644,360256494.0,356056860.0,777.0,0.0,7190.0,19.38680631481111,6.301611892879009,3.0500166350975633,0.0,0.0,0.0,0.0,19.338728901930153,6.282578755170107,3.0441801119595766,0.0,4.579871892929077e-05,0.00045248866081237793,0.015993090346455574,17.711341209709644,6.301611892879009,3.0500166350975633,0.0,0.0009884890168905258,0.0,0.0,17.711341209709644,5.458428308367729,2.6161659928038716,0.19368942401357586,0.0009884890168905258,0.00045248866081237793,0.9597008638083935,17.711341209709644,5.458428308367729,2.6161659928038716,0.01669180393218994,0.0009884890168905258,0.00045248866081237793,0.9597008638083935,17.711341209709644,5.458428308367729,2.6161659928038716,0.0,0.0009884890168905258,0.009766213595867157,0.9597008638083935,0.0,0.0,0.0,0.0,0.0,0.0,0.0,0.0,0.0,0.0,0.0,0.0,1.4108547642827034,85644.0,1.3997213542461395,85644.0,1.2781465398147702,85644.0,1.220960914900349,171288.0,1.2209967095404863,85644.0,1.2224924359470606,85644.0,22.61912977695465,419225725.0,22.573807490989566,418598854.0,21.74025819823146,419225725.0,21.72435070726279,774570070.0,21.547317292541265,355971216.0,21.53767677024007,355971216.0,4.708450301550329,0.0,4.708450301550329,0.0,4.0455534886568785,0.0,3.9954551542177796,0.0,3.9954551542177796,0.0,3.9962218711152673,0.0,1677245.476,666855.236,0.00163542490452528,0.011509046093188225,1674737.992,664929.536,0.0016294442880898715,0.011509046093188225,1677245.476,666855.236,0.0015676341019570828,0.011390682227350771,3098965.432,2003288.268,0.0015684784930252843,0.011562594102502148,1424227.44,664929.536,0.00156855477578938,0.01140912416819483,1424227.44,1424227.44,0.001568378807976842,0.01139897836688906,7190
crmarenapro,query7,4,inf,28.738434842787683,19.38680631481111,423575947.0,419311369.0,0.0,0.0,7190.0,28.681979146786034,19.338728901930153,422951322.0,418684498.0,36.0,0.0,7190.0,27.063958226703107,17.711341209709644,360256494.0,419311369.0,777.0,0.0,7190.0,26.94076677638092,17.711341209709644,360256494.0,774741358.0,777.0,0.0,7190.0,26.76376915629953,17.711341209709644,360256494.0,356056860.0,777.0,0.0,7190.0,26.756391077302396,17.711341209709644,360256494.0,356056860.0,777.0,0.0,7190.0,19.38680631481111,6.301611892879009,3.0500166350975633,0.0,0.0,0.0,0.0,19.338728901930153,6.282578755170107,3.0441801119595766,0.0,4.579871892929077e-05,0.00045248866081237793,0.015993090346455574,17.711341209709644,6.301611892879009,3.0500166350975633,0.0,0.0009884890168905258,0.0,0.0,17.711341209709644,5.458428308367729,2.6161659928038716,0.19368942401357586,0.0009884890168905258,0.00045248866081237793,0.9597008638083935,17.711341209709644,5.458428308367729,2.6161659928038716,0.01669180393218994,0.0009884890168905258,0.00045248866081237793,0.9597008638083935,17.711341209709644,5.458428308367729,2.6161659928038716,0.0,0.0009884890168905258,0.009766213595867157,0.9597008638083935,0.0,0.0,0.0,0.0,0.0,0.0,0.0,0.0,0.0,0.0,0.0,0.0,1.4108547642827034,85644.0,1.3997213542461395,85644.0,1.2781465398147702,85644.0,1.220960914900349,171288.0,1.2209967095404863,85644.0,1.2224924359470606,85644.0,22.61912977695465,419225725.0,22.573807490989566,418598854.0,21.74025819823146,419225725.0,21.72435070726279,774570070.0,21.547317292541265,355971216.0,21.53767677024007,355971216.0,4.708450301550329,0.0,4.708450301550329,0.0,4.0455534886568785,0.0,3.9954551542177796,0.0,3.9954551542177796,0.0,3.9962218711152673,0.0,1677245.476,666855.236,0.00163542490452528,0.011509046093188225,1674737.992,664929.536,0.0016294442880898715,0.011509046093188225,1677245.476,666855.236,0.0015676341019570828,0.011390682227350771,3098965.432,2003288.268,0.0015684784930252843,0.011562594102502148,1424227.44,664929.536,0.00156855477578938,0.01140912416819483,1424227.44,1424227.44,0.001568378807976842,0.01139897836688906,7190
crmarenapro,query7,8,1/4,58.09429676644504,39.2662860956043,849718416.0,841671553.0,0.0,0.0,14241.0,57.95672265999019,39.15891556721181,848795218.0,840747973.0,88.0,0.0,14241.0,52.287393814884126,33.456136523745954,653560405.0,841671553.0,2552.0,0.0,14241.0,51.61741651811862,33.456136523745954,653560405.0,1486677688.0,2552.0,0.0,14241.0,51.262096928432584,33.456136523745954,653560405.0,645929715.0,2552.0,0.0,14241.0,51.259444842115045,33.456136523745954,653560405.0,645929715.0,2552.0,0.0,14241.0,39.2662860956043,12.660366659983993,6.167644010856748,0.0,0.0,0.0,0.0,39.15891556721181,12.615996165201068,6.159712676890194,0.0,0.00011195242404937744,0.0011060833930969238,0.020880214869976044,33.456136523745954,12.660366659983993,6.167644010856748,0.0,0.003246620297431946,0.0,0.0,33.456136523745954,9.972520778886974,4.820846244692802,0.38894201101028447,0.003246620297431946,0.0011060833930969238,2.9746182560920715,33.456136523745954,9.972520778886974,4.820846244692802,0.03362242132425308,0.003246620297431946,0.0011060833930969238,2.9746182560920715,33.456136523745954,9.972520778886974,4.820846244692802,0.0,0.003246620297431946,0.03207641839981079,2.9746182560920715,0.0,0.0,0.0,0.0,0.0,0.0,0.0,0.0,0.0,0.0,0.0,0.0,2.543795187957585,42822.0,2.5118875708431005,42822.0,2.170430318452418,42822.0,2.0110780493346088,85644.0,2.0110959466546774,42822.0,2.015520280227065,42822.0,45.56446037068963,841628731.0,45.458793881349266,840705151.0,42.752284148707986,841628731.0,42.442202532136356,1486592044.0,42.08686504513025,645886893.0,42.076759465038776,645886893.0,9.986041207797825,0.0,9.986041207797825,0.0,7.3646793477237225,0.0,7.164135936647654,0.0,7.164135936647654,0.0,7.167165096849203,0.0,3366686.212,769951.912,0.001641737896949053,0.011985496865212915,3362991.892,766742.412,0.0016357058733701706,0.011985496865212915,3366686.212,769951.912,0.0015352796223014593,0.011804768972843886,5946710.752,3199455.452,0.0015350392802122577,0.011985712861170707,2583718.86,766742.412,0.0015351668279618026,0.011822423267737029,2583718.86,2583718.86,0.0015348651688545942,0.011811538401618598,14241
crmarenapro,query7,8,inf,58.09429676644504,39.2662860956043,849718416.0,841671553.0,0.0,0.0,14241.0,57.95672265999019,39.15891556721181,848795218.0,840747973.0,88.0,0.0,14241.0,52.287393814884126,33.456136523745954,653560405.0,841671553.0,2552.0,0.0,14241.0,51.61741651811862,33.456136523745954,653560405.0,1486677688.0,2552.0,0.0,14241.0,51.262096928432584,33.456136523745954,653560405.0,645929715.0,2552.0,0.0,14241.0,51.259444842115045,33.456136523745954,653560405.0,645929715.0,2552.0,0.0,14241.0,39.2662860956043,12.660366659983993,6.167644010856748,0.0,0.0,0.0,0.0,39.15891556721181,12.615996165201068,6.159712676890194,0.0,0.00011195242404937744,0.0011060833930969238,0.020880214869976044,33.456136523745954,12.660366659983993,6.167644010856748,0.0,0.003246620297431946,0.0,0.0,33.456136523745954,9.972520778886974,4.820846244692802,0.38894201101028447,0.003246620297431946,0.0011060833930969238,2.9746182560920715,33.456136523745954,9.972520778886974,4.820846244692802,0.03362242132425308,0.003246620297431946,0.0011060833930969238,2.9746182560920715,33.456136523745954,9.972520778886974,4.820846244692802,0.0,0.003246620297431946,0.03207641839981079,2.9746182560920715,0.0,0.0,0.0,0.0,0.0,0.0,0.0,0.0,0.0,0.0,0.0,0.0,2.543795187957585,42822.0,2.5118875708431005,42822.0,2.170430318452418,42822.0,2.0110780493346088,85644.0,2.0110959466546774,42822.0,2.015520280227065,42822.0,45.56446037068963,841628731.0,45.458793881349266,840705151.0,42.752284148707986,841628731.0,42.442202532136356,1486592044.0,42.08686504513025,645886893.0,42.076759465038776,645886893.0,9.986041207797825,0.0,9.986041207797825,0.0,7.3646793477237225,0.0,7.164135936647654,0.0,7.164135936647654,0.0,7.167165096849203,0.0,3366686.212,769951.912,0.001641737896949053,0.011985496865212915,3362991.892,766742.412,0.0016357058733701706,0.011985496865212915,3366686.212,769951.912,0.0015352796223014593,0.011804768972843886,5946710.752,3199455.452,0.0015350392802122577,0.011985712861170707,2583718.86,766742.412,0.0015351668279618026,0.011822423267737029,2583718.86,2583718.86,0.0015348651688545942,0.011811538401618598,14241
crmarenapro,query8,2,1/4,3.3183164093643427,1.6561754615977407,8452434.0,5936954.0,0.0,0.0,1833.0,3.2577908653765917,1.6179146775975823,8348927.0,5936954.0,43.0,0.0,1833.0,3.255927854217589,1.5936953090131283,8266885.0,5936954.0,72.0,0.0,1833.0,3.219895248318087,1.5936953090131283,8266885.0,11852783.0,72.0,0.0,1833.0,3.219851091504097,1.5936953090131283,8266885.0,5915829.0,72.0,0.0,1833.0,3.217513233423233,1.5936953090131283,8266885.0,5915829.0,72.0,0.0,1833.0,1.6561754615977407,1.3214941639453173,0.34064678382128477,0.0,0.0,0.0,0.0,1.6179146775975823,1.2986342273652554,0.34064678382128477,0.0,5.470402538776398e-05,0.0005404725670814514,0.0,1.5936953090131283,1.3214941639453173,0.34064678382128477,0.0,9.159743785858154e-05,0.0,0.0,1.5936953090131283,1.2797260051593184,0.3393068565055728,0.002746519649397421,9.159743785858154e-05,0.0005404725670814514,0.003788487985730171,1.5936953090131283,1.2797260051593184,0.3393068565055728,0.002702362835407257,9.159743785858154e-05,0.0005404725670814514,0.003788487985730171,1.5936953090131283,1.2797260051593184,0.3393068565055728,0.0,9.159743785858154e-05,0.0009049773216247559,0.003788487985730171,0.0,0.0,0.0,0.0,0.0,0.0,0.0,0.0,0.0,0.0,0.0,0.0,0.12922830041497946,252765.0,0.12922830041497946,252765.0,0.12683341559022665,252765.0,0.12495203737787687,505530.0,0.12496079597622156,252765.0,0.12487281206995249,252765.0,3.1890881089493632,5684189.0,3.1285625649616122,5684189.0,3.1290944386273623,5684189.0,3.0949432109402104,11347253.0,3.0948902955278754,5663064.0,3.0926404213532805,5663064.0,0.0,0.0,0.0,0.0,0.0,0.0,0.0,0.0,0.0,0.0,0.0,0.0,23747.816,20506.116,0.0015502667818218469,0.003055511353909969,23747.816,20506.116,0.0015444958750158548,0.003055175027251243,23747.816,20506.116,0.0015377748478204011,0.003054837927408516,47411.132,42675.544,0.0015348478304043633,0.0030596570981002665,23663.316,20506.116,0.0015347502697259188,0.0030590804668143385,23663.316,23663.316,0.0015345743019133807,0.0030545178728178138,1833
crmarenapro,query8,2,inf,3.3183164093643427,1.6561754615977407,8452434.0,5936954.0,0.0,0.0,1833.0,3.2577908653765917,1.6179146775975823,8348927.0,5936954.0,43.0,0.0,1833.0,3.255927854217589,1.5936953090131283,8266885.0,5936954.0,72.0,0.0,1833.0,3.219895248318087,1.5936953090131283,8266885.0,11852783.0,72.0,0.0,1833.0,3.219851091504097,1.5936953090131283,8266885.0,5915829.0,72.0,0.0,1833.0,3.217513233423233,1.5936953090131283,8266885.0,5915829.0,72.0,0.0,1833.0,1.6561754615977407,1.3214941639453173,0.34064678382128477,0.0,0.0,0.0,0.0,1.6179146775975823,1.2986342273652554,0.34064678382128477,0.0,5.470402538776398e-05,0.0005404725670814514,0.0,1.5936953090131283,1.3214941639453173,0.34064678382128477,0.0,9.159743785858154e-05,0.0,0.0,1.5936953090131283,1.2797260051593184,0.3393068565055728,0.002746519649397421,9.159743785858154e-05,0.0005404725670814514,0.003788487985730171,1.5936953090131283,1.2797260051593184,0.3393068565055728,0.002702362835407257,9.159743785858154e-05,0.0005404725670814514,0.003788487985730171,1.5936953090131283,1.2797260051593184,0.3393068565055728,0.0,9.159743785858154e-05,0.0009049773216247559,0.003788487985730171,0.0,0.0,0.0,0.0,0.0,0.0,0.0,0.0,0.0,0.0,0.0,0.0,0.12922830041497946,252765.0,0.12922830041497946,252765.0,0.12683341559022665,252765.0,0.12495203737787687,505530.0,0.12496079597622156,252765.0,0.12487281206995249,252765.0,3.1890881089493632,5684189.0,3.1285625649616122,5684189.0,3.1290944386273623,5684189.0,3.0949432109402104,11347253.0,3.0948902955278754,5663064.0,3.0926404213532805,5663064.0,0.0,0.0,0.0,0.0,0.0,0.0,0.0,0.0,0.0,0.0,0.0,0.0,23747.816,20506.116,0.0015502667818218469,0.003055511353909969,23747.816,20506.116,0.0015444958750158548,0.003055175027251243,23747.816,20506.116,0.0015377748478204011,0.003054837927408516,47411.132,42675.544,0.0015348478304043633,0.0030596570981002665,23663.316,20506.116,0.0015347502697259188,0.0030590804668143385,23663.316,23663.316,0.0015345743019133807,0.0030545178728178138,1833
crmarenapro,query8,4,1/4,7.009851167909801,3.3397271372377872,19102148.0,14710785.0,0.0,0.0,3674.0,6.906880470924079,3.276838891208172,18897337.0,14710785.0,72.0,0.0,3674.0,6.784810543060303,3.1143531994894147,17673319.0,14710785.0,262.0,0.0,3674.0,6.679692122248755,3.1143531994894147,17673319.0,28453281.0,262.0,0.0,3674.0,6.679284390062094,3.1143531994894147,17673319.0,13742496.0,262.0,0.0,3674.0,6.675274837762117,3.1143531994894147,17673319.0,13742496.0,262.0,0.0,3674.0,3.3397271372377872,2.8380708573386073,0.8320531733334064,0.0,0.0,0.0,0.0,3.276838891208172,2.796991831623018,0.8320531733334064,0.0,9.159743785858154e-05,0.0009049773216247559,0.0,3.1143531994894147,2.8380708573386073,0.8320531733334064,0.0,0.00033331289887428284,0.0,0.0,3.1143531994894147,2.6136902011930943,0.773669240064919,0.006805419085369508,0.00033331289887428284,0.0009049773216247559,0.1699357721954584,3.1143531994894147,2.6136902011930943,0.773669240064919,0.0063976868987083435,0.00033331289887428284,0.0009049773216247559,0.1699357721954584,3.1143531994894147,2.6136902011930943,0.773669240064919,0.0,0.00033331289887428284,0.0032931119203567505,0.1699357721954584,0.0,0.0,0.0,0.0,0.0,0.0,0.0,0.0,0.0,0.0,0.0,0.0,0.3860300797969103,769080.0,0.3860300797969103,769080.0,0.3732535494491458,769080.0,0.3565732350522079,1512960.0,0.3566070906817913,743880.0,0.35641855373978615,743880.0,6.623821088112891,13941705.0,6.520850391127169,13941705.0,6.411556993611157,13941705.0,6.323118887196547,26940321.0,6.322677299380302,12998616.0,6.318856284022331,12998616.0,0.0,0.0,0.0,0.0,0.0,0.0,0.0,0.0,0.0,0.0,0.0,0.0,58843.14,35608.708,0.0014847119860351085,0.0035317605055868615,58843.14,35608.708,0.0014772060085088015,0.0035317605055868615,58843.14,35608.708,0.0014542957469820977,0.003529018246755003,113813.124,84177.18,0.0014573832060669606,0.0035379190007460955,54969.984,35608.708,0.0014573892671614886,0.003537129309773444,54969.984,54969.984,0.0014573138523846865,0.0035310056298971165,3674
crmarenapro,query8,4,inf,7.009851167909801,3.3397271372377872,19102148.0,14710785.0,0.0,0.0,3674.0,6.906880470924079,3.276838891208172,18897337.0,14710785.0,72.0,0.0,3674.0,6.784810543060303,3.1143531994894147,17673319.0,14710785.0,262.0,0.0,3674.0,6.679692122248755,3.1143531994894147,17673319.0,28453281.0,262.0,0.0,3674.0,6.679284390062094,3.1143531994894147,17673319.0,13742496.0,262.0,0.0,3674.0,6.675274837762117,3.1143531994894147,17673319.0,13742496.0,262.0,0.0,3674.0,3.3397271372377872,2.8380708573386073,0.8320531733334064,0.0,0.0,0.0,0.0,3.276838891208172,2.796991831623018,0.8320531733334064,0.0,9.159743785858154e-05,0.0009049773216247559,0.0,3.1143531994894147,2.8380708573386073,0.8320531733334064,0.0,0.00033331289887428284,0.0,0.0,3.1143531994894147,2.6136902011930943,0.773669240064919,0.006805419085369508,0.00033331289887428284,0.0009049773216247559,0.1699357721954584,3.1143531994894147,2.6136902011930943,0.773669240064919,0.0063976868987083435,0.00033331289887428284,0.0009049773216247559,0.1699357721954584,3.1143531994894147,2.6136902011930943,0.773669240064919,0.0,0.00033331289887428284,0.0032931119203567505,0.1699357721954584,0.0,0.0,0.0,0.0,0.0,0.0,0.0,0.0,0.0,0.0,0.0,0.0,0.3860300797969103,769080.0,0.3860300797969103,769080.0,0.3732535494491458,769080.0,0.3565732350522079,1512960.0,0.3566070906817913,743880.0,0.35641855373978615,743880.0,6.623821088112891,13941705.0,6.520850391127169,13941705.0,6.411556993611157,13941705.0,6.323118887196547,26940321.0,6.322677299380302,12998616.0,6.318856284022331,12998616.0,0.0,0.0,0.0,0.0,0.0,0.0,0.0,0.0,0.0,0.0,0.0,0.0,58843.14,35608.708,0.0014847119860351085,0.0035317605055868615,58843.14,35608.708,0.0014772060085088015,0.0035317605055868615,58843.14,35608.708,0.0014542957469820977,0.003529018246755003,113813.124,84177.18,0.0014573832060669606,0.0035379190007460955,54969.984,35608.708,0.0014573892671614886,0.003537129309773444,54969.984,54969.984,0.0014573138523846865,0.0035310056298971165,3674
crmarenapro,query8,8,1/4,13.325424506329,6.450781773775816,35338062.0,26650932.0,0.0,0.0,7095.0,13.14249927084893,6.3376118978485465,34994949.0,26650932.0,128.0,0.0,7095.0,12.648313567973673,5.772668352350593,30633093.0,26650932.0,788.0,0.0,7095.0,12.38289787892542,5.772668352350593,30633093.0,49605866.0,788.0,0.0,7095.0,12.382346051745117,5.772668352350593,30633093.0,22954934.0,788.0,0.0,7095.0,12.378864402882755,5.772668352350593,30633093.0,22954934.0,788.0,0.0,7095.0,6.450781773775816,5.35010742675513,1.5245353057980537,0.0,0.0,0.0,0.0,6.3376118978485465,5.278580378741026,1.5245353057980537,0.0,0.0001628398895263672,0.0016088485717773438,0.0,5.772668352350593,5.35010742675513,1.5245353057980537,0.0,0.001002483069896698,0.0,0.0,5.772668352350593,4.638119439594448,1.295447450131178,0.012329101490891543,0.001002483069896698,0.0016088485717773438,0.6617222037166357,5.772668352350593,4.638119439594448,1.295447450131178,0.011777274310588837,0.001002483069896698,0.0016088485717773438,0.6617222037166357,5.772668352350593,4.638119439594448,1.295447450131178,0.0,0.001002483069896698,0.009904474020004272,0.6617222037166357,0.0,0.0,0.0,0.0,0.0,0.0,0.0,0.0,0.0,0.0,0.0,0.0,0.7336936630308628,1668726.0,0.7336936630308628,1668726.0,0.6952791064977646,1668726.0,0.6644054506115651,3137187.0,0.6644756058230996,1468461.0,0.6642116541042924,1468461.0,12.591730843298137,24982206.0,12.408805607818067,24982206.0,11.953034461475909,24982206.0,11.718492428313855,46468679.0,11.717870445922017,21486473.0,11.714652748778462,21486473.0,0.0,0.0,0.0,0.0,0.0,0.0,0.0,0.0,0.0,0.0,0.0,0.0,106603.728,45551.468,0.0014422430917620658,0.0036859295085072503,106603.728,45551.468,0.0014364691115915775,0.0036859295085072503,106603.728,45551.468,0.0014089861754328012,0.003680018792301415,198423.464,127402.2,0.001408564005047083,0.0036904796801004677,91819.736,45551.468,0.001408564005047083,0.0036899375248700367,91819.736,91819.736,0.001408564005047083,0.00368335632868111,7095
crmarenapro,query8,8,inf,13.325424506329,6.450781773775816,35338062.0,26650932.0,0.0,0.0,7095.0,13.14249927084893,6.3376118978485465,34994949.0,26650932.0,128.0,0.0,7095.0,12.648313567973673,5.772668352350593,30633093.0,26650932.0,788.0,0.0,7095.0,12.38289787892542,5.772668352350593,30633093.0,49605866.0,788.0,0.0,7095.0,12.382346051745117,5.772668352350593,30633093.0,22954934.0,788.0,0.0,7095.0,12.378864402882755,5.772668352350593,30633093.0,22954934.0,788.0,0.0,7095.0,6.450781773775816,5.35010742675513,1.5245353057980537,0.0,0.0,0.0,0.0,6.3376118978485465,5.278580378741026,1.5245353057980537,0.0,0.0001628398895263672,0.0016088485717773438,0.0,5.772668352350593,5.35010742675513,1.5245353057980537,0.0,0.001002483069896698,0.0,0.0,5.772668352350593,4.638119439594448,1.295447450131178,0.012329101490891543,0.001002483069896698,0.0016088485717773438,0.6617222037166357,5.772668352350593,4.638119439594448,1.295447450131178,0.011777274310588837,0.001002483069896698,0.0016088485717773438,0.6617222037166357,5.772668352350593,4.638119439594448,1.295447450131178,0.0,0.001002483069896698,0.009904474020004272,0.6617222037166357,0.0,0.0,0.0,0.0,0.0,0.0,0.0,0.0,0.0,0.0,0.0,0.0,0.7336936630308628,1668726.0,0.7336936630308628,1668726.0,0.6952791064977646,1668726.0,0.6644054506115651,3137187.0,0.6644756058230996,1468461.0,0.6642116541042924,1468461.0,12.591730843298137,24982206.0,12.408805607818067,24982206.0,11.953034461475909,24982206.0,11.718492428313855,46468679.0,11.717870445922017,21486473.0,11.714652748778462,21486473.0,0.0,0.0,0.0,0.0,0.0,0.0,0.0,0.0,0.0,0.0,0.0,0.0,106603.728,45551.468,0.0014422430917620658,0.0036859295085072503,106603.728,45551.468,0.0014364691115915775,0.0036859295085072503,106603.728,45551.468,0.0014089861754328012,0.003680018792301415,198423.464,127402.2,0.001408564005047083,0.0036904796801004677,91819.736,45551.468,0.001408564005047083,0.0036899375248700367,91819.736,91819.736,0.001408564005047083,0.00368335632868111,7095
crmarenapro,query9,2,1/4,2.307824242860079,1.0576704079285264,8020790.0,2198700.0,0.0,0.0,1306.0,2.230257784947753,1.0130067728459835,7650675.0,2066445.0,57.0,0.0,1306.0,2.1578755285590887,0.9074787059798837,6918753.0,2198700.0,191.0,0.0,1306.0,1.9950399368020042,0.9074787059798837,6918753.0,4132890.0,191.0,0.0,1306.0,1.9955419888719916,0.9074787059798837,6918753.0,2066445.0,191.0,0.0,1306.0,1.9957682332023978,0.9074787059798837,6918753.0,2066445.0,191.0,0.0,1306.0,1.0576704079285264,1.133934449404478,0.11621938552707434,0.0,0.0,0.0,0.0,1.0130067728459835,1.085192508995533,0.10899990983307362,0.0,7.251463830471039e-05,0.0007164403796195984,0.022269638255238533,0.9074787059798837,1.133934449404478,0.11621938552707434,0.0,0.00024298764765262604,0.0,0.0,0.9074787059798837,0.9543762877583504,0.10899990983307362,0.0009559669481857285,0.00024298764765262604,0.0007164403796195984,0.022269638255238533,0.9074787059798837,0.9543762877583504,0.10899990983307362,0.0014580190181732178,0.00024298764765262604,0.0007164403796195984,0.022269638255238533,0.9074787059798837,0.9543762877583504,0.10899990983307362,0.0,0.00024298764765262604,0.002400703728199005,0.022269638255238533,0.0,0.0,0.0,0.0,0.0,0.0,0.0,0.0,0.0,0.0,0.0,0.0,0.921316803433001,0.0,0.8929342404007912,0.0,0.812072591856122,0.0,0.674326216802001,0.0,0.674326216802001,0.0,0.6758722197264433,0.0,1.3865074394270778,2198700.0,1.3373235445469618,2066445.0,1.3458029367029667,2198700.0,1.3207137200000032,4132890.0,1.3212157720699906,2066445.0,1.3198960134759545,2066445.0,0.0,0.0,0.0,0.0,0.0,0.0,0.0,0.0,0.0,0.0,0.0,0.0,8794.8,7240.836,0.0017452551666647196,0.002250116465613246,8265.78,6865.924,0.0017370350025594234,0.0022486146204173563,8794.8,7240.836,0.001663429396227002,0.002236558626964688,16531.56,14744.624,0.0016516552594048202,0.002239701111828102,8265.78,6865.924,0.0016517760679125785,0.0022407462537288665,8265.78,8265.78,0.0016515246853232384,0.002237422975897789,1306
crmarenapro,query9,2,inf,2.307824242860079,1.0576704079285264,8020790.0,2198700.0,0.0,0.0,1306.0,2.230257784947753,1.0130067728459835,7650675.0,2066445.0,57.0,0.0,1306.0,2.1578755285590887,0.9074787059798837,6918753.0,2198700.0,191.0,0.0,1306.0,1.9950399368020042,0.9074787059798837,6918753.0,4132890.0,191.0,0.0,1306.0,1.9955419888719916,0.9074787059798837,6918753.0,2066445.0,191.0,0.0,1306.0,1.9957682332023978,0.9074787059798837,6918753.0,2066445.0,191.0,0.0,1306.0,1.0576704079285264,1.133934449404478,0.11621938552707434,0.0,0.0,0.0,0.0,1.0130067728459835,1.085192508995533,0.10899990983307362,0.0,7.251463830471039e-05,0.0007164403796195984,0.022269638255238533,0.9074787059798837,1.133934449404478,0.11621938552707434,0.0,0.00024298764765262604,0.0,0.0,0.9074787059798837,0.9543762877583504,0.10899990983307362,0.0009559669481857285,0.00024298764765262604,0.0007164403796195984,0.022269638255238533,0.9074787059798837,0.9543762877583504,0.10899990983307362,0.0014580190181732178,0.00024298764765262604,0.0007164403796195984,0.022269638255238533,0.9074787059798837,0.9543762877583504,0.10899990983307362,0.0,0.00024298764765262604,0.002400703728199005,0.022269638255238533,0.0,0.0,0.0,0.0,0.0,0.0,0.0,0.0,0.0,0.0,0.0,0.0,0.921316803433001,0.0,0.8929342404007912,0.0,0.812072591856122,0.0,0.674326216802001,0.0,0.674326216802001,0.0,0.6758722197264433,0.0,1.3865074394270778,2198700.0,1.3373235445469618,2066445.0,1.3458029367029667,2198700.0,1.3207137200000032,4132890.0,1.3212157720699906,2066445.0,1.3198960134759545,2066445.0,0.0,0.0,0.0,0.0,0.0,0.0,0.0,0.0,0.0,0.0,0.0,0.0,8794.8,7240.836,0.0017452551666647196,0.002250116465613246,8265.78,6865.924,0.0017370350025594234,0.0022486146204173563,8794.8,7240.836,0.001663429396227002,0.002236558626964688,16531.56,14744.624,0.0016516552594048202,0.002239701111828102,8265.78,6865.924,0.0016517760679125785,0.0022407462537288665,8265.78,8265.78,0.0016515246853232384,0.002237422975897789,1306
crmarenapro,query9,4,1/4,4.6794585306197405,2.123750244267285,16482551.0,4786924.0,0.0,0.0,2615.0,4.52664181496948,2.0385815175250173,15795570.0,4584784.0,109.0,0.0,2615.0,4.191326349042356,1.634831851348281,12909565.0,4786924.0,618.0,0.0,2615.0,3.6413994095510636,1.634831851348281,12909565.0,9060468.0,618.0,0.0,2615.0,3.64237042888999,1.634831851348281,12909565.0,4475684.0,618.0,0.0,2615.0,3.6456761099398136,1.634831851348281,12909565.0,4475684.0,618.0,0.0,2615.0,2.123750244267285,2.30651643499732,0.24919185135513544,0.0,0.0,0.0,0.0,2.0385815175250173,2.213622860610485,0.2379580456763506,0.0,0.00013866834342479706,0.0013700351119041443,0.034970687702298164,1.634831851348281,2.30651643499732,0.24919185135513544,0.0,0.0007862113416194916,0.0,0.0,1.634831851348281,1.7169593712314963,0.23172090854495764,0.002120986509958289,0.0007862113416194916,0.0013700351119041443,0.053610045462846756,1.634831851348281,1.7169593712314963,0.23172090854495764,0.0030920058488845825,0.0007862113416194916,0.0013700351119041443,0.053610045462846756,1.634831851348281,1.7169593712314963,0.23172090854495764,0.0,0.0007862113416194916,0.007767722010612488,0.053610045462846756,0.0,0.0,0.0,0.0,0.0,0.0,0.0,0.0,0.0,0.0,0.0,0.0,1.904768186621368,49412.0,1.8463144525885582,49412.0,1.541418625973165,49412.0,1.0817893662847082,98824.0,1.081816784106195,49412.0,1.0871586641296744,49412.0,2.7746903439983726,4737512.0,2.680327362380922,4535372.0,2.649907723069191,4737512.0,2.559610043266355,8961644.0,2.560553644783795,4426272.0,2.558517445810139,4426272.0,0.0,0.0,0.0,0.0,0.0,0.0,0.0,0.0,0.0,0.0,0.0,0.0,19147.696,12454.584,0.001715974248945713,0.002462416219897568,18339.136,11919.892,0.0017051427103579044,0.0024607507800683374,19147.696,12454.584,0.0015343609731644392,0.0024374728737398977,36241.872,28744.04,0.0014919032991224234,0.0024436767520466048,17902.736,11919.892,0.0014919208604842423,0.002444911077059805,17902.736,17902.736,0.001492398487403989,0.002440428925491869,2615
crmarenapro,query9,4,inf,4.6794585306197405,2.123750244267285,16482551.0,4786924.0,0.0,0.0,2615.0,4.52664181496948,2.0385815175250173,15795570.0,4584784.0,109.0,0.0,2615.0,4.191326349042356,1.634831851348281,12909565.0,4786924.0,618.0,0.0,2615.0,3.6413994095510636,1.634831851348281,12909565.0,9060468.0,618.0,0.0,2615.0,3.64237042888999,1.634831851348281,12909565.0,4475684.0,618.0,0.0,2615.0,3.6456761099398136,1.634831851348281,12909565.0,4475684.0,618.0,0.0,2615.0,2.123750244267285,2.30651643499732,0.24919185135513544,0.0,0.0,0.0,0.0,2.0385815175250173,2.213622860610485,0.2379580456763506,0.0,0.00013866834342479706,0.0013700351119041443,0.034970687702298164,1.634831851348281,2.30651643499732,0.24919185135513544,0.0,0.0007862113416194916,0.0,0.0,1.634831851348281,1.7169593712314963,0.23172090854495764,0.002120986509958289,0.0007862113416194916,0.0013700351119041443,0.053610045462846756,1.634831851348281,1.7169593712314963,0.23172090854495764,0.0030920058488845825,0.0007862113416194916,0.0013700351119041443,0.053610045462846756,1.634831851348281,1.7169593712314963,0.23172090854495764,0.0,0.0007862113416194916,0.007767722010612488,0.053610045462846756,0.0,0.0,0.0,0.0,0.0,0.0,0.0,0.0,0.0,0.0,0.0,0.0,1.904768186621368,49412.0,1.8463144525885582,49412.0,1.541418625973165,49412.0,1.0817893662847082,98824.0,1.081816784106195,49412.0,1.0871586641296744,49412.0,2.7746903439983726,4737512.0,2.680327362380922,4535372.0,2.649907723069191,4737512.0,2.559610043266355,8961644.0,2.560553644783795,4426272.0,2.558517445810139,4426272.0,0.0,0.0,0.0,0.0,0.0,0.0,0.0,0.0,0.0,0.0,0.0,0.0,19147.696,12454.584,0.001715974248945713,0.002462416219897568,18339.136,11919.892,0.0017051427103579044,0.0024607507800683374,19147.696,12454.584,0.0015343609731644392,0.0024374728737398977,36241.872,28744.04,0.0014919032991224234,0.0024436767520466048,17902.736,11919.892,0.0014919208604842423,0.002444911077059805,17902.736,17902.736,0.001492398487403989,0.002440428925491869,2615
crmarenapro,query9,8,1/4,9.417471186257899,4.310456687584519,32283762.0,8996354.0,0.0,0.0,5307.0,9.054741728119552,4.099225073121488,30551446.0,8359920.0,269.0,0.0,5307.0,8.088130314834416,2.978977270424366,22435763.0,8996354.0,1681.0,0.0,5307.0,6.628850365783917,2.978977270424366,22435763.0,16104856.0,1681.0,0.0,5307.0,6.63111668266356,2.978977270424366,22435763.0,7744936.0,1681.0,0.0,5307.0,6.642730558291078,2.978977270424366,22435763.0,7744936.0,1681.0,0.0,5307.0,4.310456687584519,4.613048378378153,0.4939661202952266,0.0,0.0,0.0,0.0,4.099225073121488,4.3809182569384575,0.4580826237797737,0.0,0.00034221820533275604,0.003381095826625824,0.11279246024787426,2.978977270424366,4.613048378378153,0.4939661202952266,0.0,0.002138545736670494,0.0,0.0,2.978977270424366,3.0001729195937514,0.4232224924489856,0.003867418300258093,0.002138545736670494,0.003381095826625824,0.21709062345325947,2.978977270424366,3.0001729195937514,0.4232224924489856,0.006133735179901123,0.002138545736670494,0.003381095826625824,0.21709062345325947,2.978977270424366,3.0001729195937514,0.4232224924489856,0.0,0.002138545736670494,0.021128706634044647,0.21709062345325947,0.0,0.0,0.0,0.0,0.0,0.0,0.0,0.0,0.0,0.0,0.0,0.0,3.84814765304327,148236.0,3.7117940289899707,148236.0,2.8622917914763093,148236.0,1.6176017057290677,296472.0,1.6176839591935277,148236.0,1.632326995022595,148236.0,5.569323533214629,8848118.0,5.3429476991295815,8211684.0,5.225838523358107,8848118.0,5.011248660054849,15808384.0,5.013432723470032,7596700.0,5.010403563268483,7596700.0,0.0,0.0,0.0,0.0,0.0,0.0,0.0,0.0,0.0,0.0,0.0,0.0,35985.416,17060.812,0.0017172560524195432,0.0025530564920976753,33439.68,16032.272,0.001699708178639412,0.002541487085446715,35985.416,17060.812,0.0014257643576711416,0.0025058649912476534,64419.424,44957.212,0.0013211566519203107,0.0025242283169749397,30979.744,16032.272,0.0013211616016924382,0.0025263995282351964,30979.744,30979.744,0.0013224687911570071,0.0025208791665732857,5307
crmarenapro,query9,8,inf,9.417471186257899,4.310456687584519,32283762.0,8996354.0,0.0,0.0,5307.0,9.054741728119552,4.099225073121488,30551446.0,8359920.0,269.0,0.0,5307.0,8.088130314834416,2.978977270424366,22435763.0,8996354.0,1681.0,0.0,5307.0,6.628850365783917,2.978977270424366,22435763.0,16104856.0,1681.0,0.0,5307.0,6.63111668266356,2.978977270424366,22435763.0,7744936.0,1681.0,0.0,5307.0,6.642730558291078,2.978977270424366,22435763.0,7744936.0,1681.0,0.0,5307.0,4.310456687584519,4.613048378378153,0.4939661202952266,0.0,0.0,0.0,0.0,4.099225073121488,4.3809182569384575,0.4580826237797737,0.0,0.00034221820533275604,0.003381095826625824,0.11279246024787426,2.978977270424366,4.613048378378153,0.4939661202952266,0.0,0.002138545736670494,0.0,0.0,2.978977270424366,3.0001729195937514,0.4232224924489856,0.003867418300258093,0.002138545736670494,0.003381095826625824,0.21709062345325947,2.978977270424366,3.0001729195937514,0.4232224924489856,0.006133735179901123,0.002138545736670494,0.003381095826625824,0.21709062345325947,2.978977270424366,3.0001729195937514,0.4232224924489856,0.0,0.002138545736670494,0.021128706634044647,0.21709062345325947,0.0,0.0,0.0,0.0,0.0,0.0,0.0,0.0,0.0,0.0,0.0,0.0,3.84814765304327,148236.0,3.7117940289899707,148236.0,2.8622917914763093,148236.0,1.6176017057290677,296472.0,1.6176839591935277,148236.0,1.632326995022595,148236.0,5.569323533214629,8848118.0,5.3429476991295815,8211684.0,5.225838523358107,8848118.0,5.011248660054849,15808384.0,5.013432723470032,7596700.0,5.010403563268483,7596700.0,0.0,0.0,0.0,0.0,0.0,0.0,0.0,0.0,0.0,0.0,0.0,0.0,35985.416,17060.812,0.0017172560524195432,0.0025530564920976753,33439.68,16032.272,0.001699708178639412,0.002541487085446715,35985.416,17060.812,0.0014257643576711416,0.0025058649912476534,64419.424,44957.212,0.0013211566519203107,0.0025242283169749397,30979.744,16032.272,0.0013211616016924382,0.0025263995282351964,30979.744,30979.744,0.0013224687911570071,0.0025208791665732857,5307
googlelocal,query1,2,1/4,4.606985944323242,2.360449681058526,15461505.0,14259157.0,0.0,0.0,1855.0,4.43543818872422,2.2177186589688063,14620901.0,13306219.0,125.0,0.0,1855.0,4.3128921538591385,2.0660556545481086,14326827.0,14259157.0,236.0,0.0,1855.0,4.217579749815283,2.0644617779180408,14323044.0,26612438.0,237.0,0.0,1855.0,4.2125301863998175,2.0644617779180408,14323044.0,13306219.0,237.0,0.0,1855.0,4.2094390001147985,2.0599329816177487,14242361.0,13200337.0,239.0,10.0,1855.0,2.360449681058526,1.623775800690055,0.6227604625746608,0.0,0.0,0.0,0.0,2.2177186589688063,1.4784804470837116,0.5385137861594558,0.0,0.00015902332961559296,0.0015711411833763123,0.19899513199925423,2.0660556545481086,1.623775800690055,0.6227604625746608,0.0,0.0003002360463142395,0.0,0.0,2.0644617779180408,1.4075807575136423,0.5385137861594558,0.006155646808562994,0.00030150823295116425,0.0015711411833763123,0.19899513199925423,2.0644617779180408,1.4075807575136423,0.5385137861594558,0.0011060833930969238,0.00030150823295116425,0.0015711411833763123,0.19899513199925423,2.0599329816177487,1.3959391973912716,0.5291530443355441,0.0,0.00030405260622501373,0.003004021942615509,0.22110570222139359,0.0,0.0,0.0,0.0,0.0,0.0,0.0,0.0,0.0,0.0,0.0,0.0,2.713735330849886,13201258.0,2.68255652487278,12248320.0,2.5760416705161333,13201258.0,2.5430440419065983,24496640.0,2.537930835969746,12248320.0,2.536520470865071,12142438.0,1.8932506134733558,1057899.0,1.75288166385144,1057899.0,1.7368504833430052,1057899.0,1.6745357079086853,2115798.0,1.6745993504300714,1057899.0,1.6729185292497277,1057899.0,0.0,0.0,0.0,0.0,0.0,0.0,0.0,0.0,0.0,0.0,0.0,0.0,57036.628,55254.976,0.0016530858837068081,0.004796241336874662,53224.876,51443.224,0.0016369923390448092,0.004783798808045684,57036.628,55254.976,0.0015674660094082355,0.004729034411534666,99497.496,97679.244,0.0015506253860925778,0.004751896970859312,52801.348,51443.224,0.0015506349969655274,0.004744087399914859,52801.348,52713.444,0.0015505274850875139,0.0047420084659010155,1855
googlelocal,query1,2,inf,4.606985944323242,2.360449681058526,15461505.0,14259157.0,0.0,0.0,1855.0,4.43543818872422,2.2177186589688063,14620901.0,13306219.0,125.0,0.0,1855.0,4.306773297488689,2.0599329816177487,14242361.0,14259157.0,239.0,0.0,1855.0,4.214161766164122,2.0599329816177487,14242361.0,26506556.0,239.0,0.0,1855.0,4.209112202748656,2.0599329816177487,14242361.0,13200337.0,239.0,0.0,1855.0,4.2094390001147985,2.0599329816177487,14242361.0,13200337.0,239.0,0.0,1855.0,2.360449681058526,1.623775800690055,0.6227604625746608,0.0,0.0,0.0,0.0,2.2177186589688063,1.4784804470837116,0.5385137861594558,0.0,0.00015902332961559296,0.0015711411833763123,0.19899513199925423,2.0599329816177487,1.623775800690055,0.6227604625746608,0.0,0.00030405260622501373,0.0,0.0,2.0599329816177487,1.3959391973912716,0.5291530443355441,0.006155646808562994,0.00030405260622501373,0.0015711411833763123,0.22110570222139359,2.0599329816177487,1.3959391973912716,0.5291530443355441,0.0011060833930969238,0.00030405260622501373,0.0015711411833763123,0.22110570222139359,2.0599329816177487,1.3959391973912716,0.5291530443355441,0.0,0.00030405260622501373,0.003004021942615509,0.22110570222139359,0.0,0.0,0.0,0.0,0.0,0.0,0.0,0.0,0.0,0.0,0.0,0.0,2.713735330849886,13201258.0,2.68255652487278,12248320.0,2.57113048247993,13201258.0,2.541420001600984,24390758.0,2.5363067956641316,12142438.0,2.536520470865071,12142438.0,1.8932506134733558,1057899.0,1.75288166385144,1057899.0,1.7356428150087595,1057899.0,1.6727417645631386,2115798.0,1.6728054070845246,1057899.0,1.6729185292497277,1057899.0,0.0,0.0,0.0,0.0,0.0,0.0,0.0,0.0,0.0,0.0,0.0,0.0,57036.628,55254.976,0.0016530858837068081,0.004796241336874662,53224.876,51443.224,0.0016369923390448092,0.004783798808045684,57036.628,55254.976,0.0015666301790624856,0.004729034411534666,106026.224,103608.636,0.0015505178742145642,0.004751896970859312,52801.348,51443.224,0.0015505274850875139,0.004744087399914859,52801.348,52801.348,0.0015505274850875139,0.0047420084659010155,1855
googlelocal,query1,4,1/4,8.516697308979928,4.6636242447420955,23649963.0,20603792.0,0.0,0.0,3736.0,8.13229660782963,4.36743347812444,22773321.0,19783402.0,294.0,0.0,3736.0,7.523838396184146,3.6697284998372197,21224435.0,20603792.0,815.0,0.0,3736.0,7.152609800434102,3.6697284998372197,21224435.0,39037394.0,815.0,0.0,3736.0,7.145707590505481,3.6697284998372197,21224435.0,19253992.0,815.0,0.0,3736.0,7.150006232783198,3.6697284998372197,21224435.0,19253992.0,815.0,9.0,3736.0,4.6636242447420955,2.8843624563887715,0.9687106078490615,0.0,0.0,0.0,0.0,4.36743347812444,2.6977021852508187,0.8999049765989184,0.0,0.00037402287125587463,0.0036953240633010864,0.16318662092089653,3.6697284998372197,2.8843624563887715,0.9687106078490615,0.0,0.001036832109093666,0.0,0.0,3.6697284998372197,2.342156320810318,0.8531012674793601,0.009152084103216607,0.001036832109093666,0.0036953240633010864,0.2737394720315933,3.6697284998372197,2.342156320810318,0.8531012674793601,0.002249874174594879,0.001036832109093666,0.0036953240633010864,0.2737394720315933,3.6697284998372197,2.342156320810318,0.8531012674793601,0.0,0.001036832109093666,0.010243840515613556,0.2737394720315933,0.0,0.0,0.0,0.0,0.0,0.0,0.0,0.0,0.0,0.0,0.0,0.0,4.598701889626682,18228954.0,4.555405882187188,17487780.0,4.137096416205168,18228954.0,3.9752017567717157,34446150.0,3.9681548979133368,16958370.0,3.9702413734048605,16958370.0,3.9179954193532467,2374838.0,3.5768907256424427,2295622.0,3.3867419799789786,2374838.0,3.177408043662387,4591244.0,3.177552692592144,2295622.0,3.179764859378338,2295622.0,0.0,0.0,0.0,0.0,0.0,0.0,0.0,0.0,0.0,0.0,0.0,0.0,82415.168,69064.956,0.0016152584627270698,0.004760703551769255,79133.608,66365.356,0.0016042536124587059,0.0047372511509805905,82415.168,69064.956,0.0014186045620590449,0.004630603520199655,140223.468,128264.488,0.0013965217899531126,0.0046855139413263,75745.384,66365.356,0.0013965217899531126,0.004680610264837741,69781.844,69781.844,0.0013965469282120465,0.004678061245381831,3736
googlelocal,query1,4,inf,8.516697308979928,4.6636242447420955,23649963.0,20603792.0,0.0,0.0,3736.0,8.13229660782963,4.36743347812444,22773321.0,19783402.0,294.0,0.0,3736.0,7.512611475773156,3.6584964906796813,20987992.0,20603792.0,819.0,0.0,3736.0,7.146466881482293,3.6584964906796813,20987992.0,38719748.0,819.0,0.0,3736.0,7.139564671553671,3.6584964906796813,20987992.0,18936346.0,819.0,0.0,3736.0,7.143913590349257,3.6584964906796813,20987992.0,18936346.0,819.0,0.0,3736.0,4.6636242447420955,2.8843624563887715,0.9687106078490615,0.0,0.0,0.0,0.0,4.36743347812444,2.6977021852508187,0.8999049765989184,0.0,0.00037402287125587463,0.0036953240633010864,0.16318662092089653,3.6584964906796813,2.8843624563887715,0.9687106078490615,0.0,0.001041920855641365,0.0,0.0,3.6584964906796813,2.307712742127478,0.8249142402783036,0.009152084103216607,0.001041920855641365,0.0036953240633010864,0.341454079374671,3.6584964906796813,2.307712742127478,0.8249142402783036,0.002249874174594879,0.001041920855641365,0.0036953240633010864,0.341454079374671,3.6584964906796813,2.307712742127478,0.8249142402783036,0.0,0.001041920855641365,0.010294117033481598,0.341454079374671,0.0,0.0,0.0,0.0,0.0,0.0,0.0,0.0,0.0,0.0,0.0,0.0,4.598701889626682,18228954.0,4.555405882187188,17487780.0,4.127077164128423,18228954.0,3.970852781165453,34128504.0,3.963805922307074,16640724.0,3.965930105186999,16640724.0,3.9179954193532467,2374838.0,3.5768907256424427,2295622.0,3.385534311644733,2374838.0,3.17561410031684,4591244.0,3.1757587492465973,2295622.0,3.177983485162258,2295622.0,0.0,0.0,0.0,0.0,0.0,0.0,0.0,0.0,0.0,0.0,0.0,0.0,82415.168,69064.956,0.0016152584627270698,0.004760703551769255,79133.608,66365.356,0.0016042536124587059,0.0047372511509805905,82415.168,69064.956,0.0014180317353457213,0.004615908617153762,154878.992,138251.644,0.001395948963239789,0.004679135443770448,75745.384,66365.356,0.001395948963239789,0.004674231767281888,75745.384,75745.384,0.001395974101498723,0.004671738051995633,3736
googlelocal,query1,8,1/4,17.042816180735826,9.2816492151469,49239299.0,43229025.0,0.0,0.0,7434.0,16.31189598981291,8.703013464808464,46819838.0,40694719.0,557.0,0.0,7434.0,14.165126783773303,6.401068137958646,41748426.0,43229025.0,2273.0,0.0,7434.0,13.068905508376517,6.3906820164993405,41725375.0,79655380.0,2280.0,0.0,7434.0,13.054265070706606,6.3906820164993405,41725375.0,38960661.0,2280.0,0.0,7434.0,13.043922989629209,6.369823323562741,41612608.0,38854779.0,2297.0,25.0,7434.0,9.2816492151469,5.8012756537646055,1.9598913118243217,0.0,0.0,0.0,0.0,8.703013464808464,5.341620308347046,1.7404937017709017,0.0,0.0007086079567670822,0.007001005113124847,0.5190589018166065,6.401068137958646,5.8012756537646055,1.9598913118243217,0.0,0.0028916802257299423,0.0,0.0,6.3906820164993405,4.200963451527059,1.6042688321322203,0.018825957782426236,0.0029005855321884155,0.007001005113124847,0.8442636597901583,6.3906820164993405,4.200963451527059,1.6042688321322203,0.004185520112514496,0.0029005855321884155,0.007001005113124847,0.8442636597901583,6.369823323562741,4.181023842655122,1.5949080903083086,0.0,0.002922212705016136,0.028871290385723114,0.8663742300122976,0.0,0.0,0.0,0.0,0.0,0.0,0.0,0.0,0.0,0.0,0.0,0.0,9.371855793520808,39004824.0,9.276537533849478,36569538.0,7.874136322177947,39004824.0,7.322410180361003,71662470.0,7.307503650896251,35092932.0,7.304207010194659,34987050.0,7.670960387215018,4224201.0,7.035358455963433,4125181.0,6.2909904615953565,4224201.0,5.746495328015515,7992910.0,5.746761419810355,3867729.0,5.73971597943455,3867729.0,0.0,0.0,0.0,0.0,0.0,0.0,0.0,0.0,0.0,0.0,0.0,0.0,172916.1,123597.268,0.0016096114926040172,0.0048673561671748735,162778.876,115273.544,0.001603776663541794,0.004830018081143497,172916.1,123597.268,0.001316604644060135,0.004636203855834899,270374.052,223904.64,0.0012805741596966982,0.0047183144493618805,152320.9,115273.544,0.0012805741596966982,0.0047151209037750936,132182.624,122972.696,0.001279441561549902,0.004712594508752225,7434
googlelocal,query1,8,inf,17.042816180735826,9.2816492151469,49239299.0,43229025.0,0.0,0.0,7434.0,16.31189598981291,8.703013464808464,46819838.0,40694719.0,557.0,0.0,7434.0,14.062684189528227,6.298537762835622,40945850.0,43229025.0,2342.0,0.0,7434.0,12.959872779667236,6.298537762835622,40945850.0,78774944.0,2342.0,0.0,7434.0,12.945232341997325,6.298537762835622,40945850.0,38080225.0,2342.0,0.0,7434.0,12.963482717983425,6.298537762835622,40945850.0,38080225.0,2342.0,0.0,7434.0,9.2816492151469,5.8012756537646055,1.9598913118243217,0.0,0.0,0.0,0.0,8.703013464808464,5.341620308347046,1.7404937017709017,0.0,0.0007086079567670822,0.007001005113124847,0.5190589018166065,6.298537762835622,5.8012756537646055,1.9598913118243217,0.0,0.0029794611036777496,0.0,0.0,6.298537762835622,4.078677223064005,1.527998473495245,0.018825957782426236,0.0029794611036777496,0.007001005113124847,1.0258528962731361,6.298537762835622,4.078677223064005,1.527998473495245,0.004185520112514496,0.0029794611036777496,0.007001005113124847,1.0258528962731361,6.298537762835622,4.078677223064005,1.527998473495245,0.0,0.0029794611036777496,0.029436901211738586,1.0258528962731361,0.0,0.0,0.0,0.0,0.0,0.0,0.0,0.0,0.0,0.0,0.0,0.0,9.371855793520808,39004824.0,9.276537533849478,36569538.0,7.80138767324388,39004824.0,7.255496910900802,70782034.0,7.24059038143605,34212496.0,7.249527032487094,34212496.0,7.670960387215018,4224201.0,7.035358455963433,4125181.0,6.261296516284347,4224201.0,5.704375868766435,7992910.0,5.7046419605612755,3867729.0,5.71395568549633,3867729.0,0.0,0.0,0.0,0.0,0.0,0.0,0.0,0.0,0.0,0.0,0.0,0.0,172916.1,123597.268,0.0016096114926040172,0.0048673561671748735,162778.876,115273.544,0.001603776663541794,0.004830018081143497,172916.1,123597.268,0.0013128281626850367,0.004621644468419252,315099.776,260841.356,0.0012770883031189442,0.004710194326437434,152320.9,115273.544,0.0012770883031189442,0.004707000780850647,152320.9,152320.9,0.0012771888561546802,0.004704522148519752,7434
googlelocal,query2,2,1/4,5.648060951381922,2.85907185357064,10961653.0,11404743.0,0.0,0.0,2297.0,5.579281181097031,2.8047877717763186,10739452.0,11226507.0,48.0,0.0,2297.0,5.368857780471444,2.579635872505605,8245762.0,11404743.0,183.0,0.0,2297.0,5.367734582762469,2.579635872505605,8245762.0,19217142.0,183.0,0.0,2297.0,5.364702930673957,2.579635872505605,8245762.0,7990635.0,183.0,0.0,2297.0,5.3642378728836775,2.579635872505605,8245762.0,7990635.0,183.0,0.0,2297.0,2.85907185357064,1.8975064922124147,0.8914826055988669,0.0,0.0,0.0,0.0,2.8047877717763186,1.8708190890029073,0.8841263884678483,0.0,6.10649585723877e-05,0.0006033182144165039,0.01888354867696762,2.579635872505605,1.8975064922124147,0.8914826055988669,0.0,0.0002328101545572281,0.0,0.0,2.579635872505605,1.4927151072770357,0.6008438048884273,0.005193542356837815,0.0002328101545572281,0.0006033182144165039,0.6885101273655891,2.579635872505605,1.4927151072770357,0.6008438048884273,0.0021618902683258057,0.0002328101545572281,0.0006033182144165039,0.6885101273655891,2.579635872505605,1.4927151072770357,0.6008438048884273,0.0,0.0002328101545572281,0.002300150692462921,0.6885101273655891,0.0,0.0,0.0,0.0,0.0,0.0,0.0,0.0,0.0,0.0,0.0,0.0,2.9845296163111925,9371951.0,2.969979129731655,9371951.0,2.842311702668667,9371951.0,2.8771284671589847,15567442.0,2.873974367044866,6195491.0,2.8734338944777846,6195491.0,2.6635313350707293,2032792.0,2.6093020513653755,1854556.0,2.5265460778027773,2032792.0,2.490606115603484,3649700.0,2.490728563629091,1795144.0,2.490803978405893,1795144.0,0.0,0.0,0.0,0.0,0.0,0.0,0.0,0.0,0.0,0.0,0.0,0.0,45618.972,31970.716,0.0015175501219928265,0.006509859135001897,44906.028,31416.204,0.0015148055236786605,0.006505453509278595,45618.972,31970.716,0.0014954854398965835,0.006366093489155172,76868.568,63291.352,0.0014956494737416507,0.006438734283685032,31962.54,31416.204,0.0014956494737416507,0.006432015689089894,31962.54,31962.54,0.0014956746120005845,0.0064282323811203235,2297
googlelocal,query2,2,inf,5.648060951381922,2.85907185357064,10961653.0,11404743.0,0.0,0.0,2297.0,5.579281181097031,2.8047877717763186,10739452.0,11226507.0,48.0,0.0,2297.0,5.368857780471444,2.579635872505605,8245762.0,11404743.0,183.0,0.0,2297.0,5.367734582762469,2.579635872505605,8245762.0,19217142.0,183.0,0.0,2297.0,5.364702930673957,2.579635872505605,8245762.0,7990635.0,183.0,0.0,2297.0,5.3642378728836775,2.579635872505605,8245762.0,7990635.0,183.0,0.0,2297.0,2.85907185357064,1.8975064922124147,0.8914826055988669,0.0,0.0,0.0,0.0,2.8047877717763186,1.8708190890029073,0.8841263884678483,0.0,6.10649585723877e-05,0.0006033182144165039,0.01888354867696762,2.579635872505605,1.8975064922124147,0.8914826055988669,0.0,0.0002328101545572281,0.0,0.0,2.579635872505605,1.4927151072770357,0.6008438048884273,0.005193542356837815,0.0002328101545572281,0.0006033182144165039,0.6885101273655891,2.579635872505605,1.4927151072770357,0.6008438048884273,0.0021618902683258057,0.0002328101545572281,0.0006033182144165039,0.6885101273655891,2.579635872505605,1.4927151072770357,0.6008438048884273,0.0,0.0002328101545572281,0.002300150692462921,0.6885101273655891,0.0,0.0,0.0,0.0,0.0,0.0,0.0,0.0,0.0,0.0,0.0,0.0,2.9845296163111925,9371951.0,2.969979129731655,9371951.0,2.842311702668667,9371951.0,2.8771284671589847,15567442.0,2.873974367044866,6195491.0,2.8734338944777846,6195491.0,2.6635313350707293,2032792.0,2.6093020513653755,1854556.0,2.5265460778027773,2032792.0,2.490606115603484,3649700.0,2.490728563629091,1795144.0,2.490803978405893,1795144.0,0.0,0.0,0.0,0.0,0.0,0.0,0.0,0.0,0.0,0.0,0.0,0.0,45618.972,31970.716,0.0015175501219928265,0.006509859135001897,44906.028,31416.204,0.0015148055236786605,0.006505453509278595,45618.972,31970.716,0.0014954854398965835,0.006366093489155172,76868.568,63291.352,0.0014956494737416507,0.006438734283685032,31962.54,31416.204,0.0014956494737416507,0.006432015689089894,31962.54,31962.54,0.0014956746120005845,0.0064282323811203235,2297
googlelocal,query2,4,1/4,11.251527534797788,5.740318234078586,21720598.0,22725596.0,0.0,0.0,4644.0,11.058380475267768,5.591717025265098,21268257.0,22408732.0,131.0,0.0,4644.0,10.108414063230157,4.596206096000969,12728552.0,22725596.0,785.0,0.0,4644.0,10.026936384070938,4.596206096000969,12728552.0,33905538.0,785.0,0.0,4644.0,10.02099411841482,4.596206096000969,12728552.0,11496806.0,785.0,0.0,4644.0,10.024789995513856,4.596206096000969,12728552.0,11496806.0,785.0,0.0,4644.0,5.740318234078586,3.7565145883709192,1.7546947123482823,0.0,0.0,0.0,0.0,5.591717025265098,3.6896770065650344,1.741634882055223,0.0,0.00016665644943714142,0.0016465559601783752,0.033538348972797394,4.596206096000969,3.7565145883709192,1.7546947123482823,0.0,0.0009986665099859238,0.0,0.0,4.596206096000969,2.340719140134752,0.7872035214677453,0.010366599228506869,0.0009986665099859238,0.0016465559601783752,2.2897958047688007,4.596206096000969,2.340719140134752,0.7872035214677453,0.004424333572387695,0.0009986665099859238,0.0016465559601783752,2.2897958047688007,4.596206096000969,2.340719140134752,0.7872035214677453,0.0,0.0009986665099859238,0.009866766631603241,2.2897958047688007,0.0,0.0,0.0,0.0,0.0,0.0,0.0,0.0,0.0,0.0,0.0,0.0,5.8488768599927425,18524975.0,5.80765048135072,18524975.0,5.308718943968415,18524975.0,5.403459401973075,26355868.0,5.397290187887847,7830893.0,5.397579277865589,7830893.0,5.402650674805045,4200621.0,5.250729993917048,3883757.0,4.799695119261742,4200621.0,4.623476982097863,7549670.0,4.623703930526972,3665913.0,4.627210717648268,3665913.0,0.0,0.0,0.0,0.0,0.0,0.0,0.0,0.0,0.0,0.0,0.0,0.0,90902.384,40514.648,0.0015005376618355513,0.00689651191420853,89634.928,39744.528,0.0014971718825399875,0.00689074630215764,90902.384,40514.648,0.0014544028900563717,0.00649643465541303,135622.152,84898.14,0.0014544028900563717,0.0066984448714564595,45987.224,39744.528,0.0014544028900563717,0.006691342270374297,45987.224,45987.224,0.0014544028900563717,0.006687941063940524,4644
googlelocal,query2,4,inf,11.251527534797788,5.740318234078586,21720598.0,22725596.0,0.0,0.0,4644.0,11.058380475267768,5.591717025265098,21268257.0,22408732.0,131.0,0.0,4644.0,10.108414063230157,4.596206096000969,12728552.0,22725596.0,785.0,0.0,4644.0,10.026936384070938,4.596206096000969,12728552.0,33905538.0,785.0,0.0,4644.0,10.02099411841482,4.596206096000969,12728552.0,11496806.0,785.0,0.0,4644.0,10.024789995513856,4.596206096000969,12728552.0,11496806.0,785.0,0.0,4644.0,5.740318234078586,3.7565145883709192,1.7546947123482823,0.0,0.0,0.0,0.0,5.591717025265098,3.6896770065650344,1.741634882055223,0.0,0.00016665644943714142,0.0016465559601783752,0.033538348972797394,4.596206096000969,3.7565145883709192,1.7546947123482823,0.0,0.0009986665099859238,0.0,0.0,4.596206096000969,2.340719140134752,0.7872035214677453,0.010366599228506869,0.0009986665099859238,0.0016465559601783752,2.2897958047688007,4.596206096000969,2.340719140134752,0.7872035214677453,0.004424333572387695,0.0009986665099859238,0.0016465559601783752,2.2897958047688007,4.596206096000969,2.340719140134752,0.7872035214677453,0.0,0.0009986665099859238,0.009866766631603241,2.2897958047688007,0.0,0.0,0.0,0.0,0.0,0.0,0.0,0.0,0.0,0.0,0.0,0.0,5.8488768599927425,18524975.0,5.80765048135072,18524975.0,5.308718943968415,18524975.0,5.403459401973075,26355868.0,5.397290187887847,7830893.0,5.397579277865589,7830893.0,5.402650674805045,4200621.0,5.250729993917048,3883757.0,4.799695119261742,4200621.0,4.623476982097863,7549670.0,4.623703930526972,3665913.0,4.627210717648268,3665913.0,0.0,0.0,0.0,0.0,0.0,0.0,0.0,0.0,0.0,0.0,0.0,0.0,90902.384,40514.648,0.0015005376618355513,0.00689651191420853,89634.928,39744.528,0.0014971718825399875,0.00689074630215764,90902.384,40514.648,0.0014544028900563717,0.00649643465541303,135622.152,84898.14,0.0014544028900563717,0.0066984448714564595,45987.224,39744.528,0.0014544028900563717,0.006691342270374297,45987.224,45987.224,0.0014544028900563717,0.006687941063940524,4644
googlelocal,query2,8,1/4,21.67283052764833,11.220708806999028,40897095.0,42261045.0,0.0,0.0,9049.0,21.40557102765888,11.006293914280832,40028828.0,41528297.0,193.0,0.0,9049.0,18.299622409045696,7.84444107953459,17925919.0,42261045.0,2405.0,0.0,9049.0,17.90537139403051,7.84444107953459,17925919.0,55867177.0,2405.0,0.0,9049.0,17.894304607063532,7.84444107953459,17925919.0,14338880.0,2405.0,0.0,9049.0,17.913962725549936,7.84444107953459,17925919.0,14338880.0,2405.0,0.0,9049.0,11.220708806999028,7.17562541179359,3.2764963088557124,0.0,0.0,0.0,0.0,11.006293914280832,7.072767301462591,3.2463132543489337,0.0,0.0002455320209264755,0.002425841987133026,0.07752518355846405,7.84444107953459,7.17562541179359,3.2764963088557124,0.0,0.0030596088618040085,0.0,0.0,7.84444107953459,3.527119324542582,0.9169395808130503,0.019211582861600743,0.0030596088618040085,0.002425841987133026,5.5921743754297495,7.84444107953459,3.527119324542582,0.9169395808130503,0.008144795894622803,0.0030596088618040085,0.002425841987133026,5.5921743754297495,7.84444107953459,3.527119324542582,0.9169395808130503,0.0,0.0030596088618040085,0.030228756368160248,5.5921743754297495,0.0,0.0,0.0,0.0,0.0,0.0,0.0,0.0,0.0,0.0,0.0,0.0,11.291079135611653,34400008.0,11.247427675873041,34400008.0,9.752296461723745,34400008.0,9.893445808632691,43002454.0,9.881918500177562,8602446.0,9.886279988102615,8602446.0,10.381751392036676,7861037.0,10.158143351785839,7128289.0,8.547325947321951,7861037.0,8.01192558539782,12864723.0,8.01238610688597,5736434.0,8.027682737447321,5736434.0,0.0,0.0,0.0,0.0,0.0,0.0,0.0,0.0,0.0,0.0,0.0,0.0,169044.18,46845.484,0.0015067202672362327,0.006818633477203548,166113.188,45074.144,0.0015043160151690246,0.006806984458118676,169044.18,46845.484,0.0014010597243905069,0.0061147861469537015,222856.872,100353.872,0.0013919239211827516,0.00644796949800547,56931.992,45074.144,0.0013919239211827516,0.0064412474524229765,56822.9,56822.9,0.001392175303772092,0.006439362598769366,9049
googlelocal,query2,8,inf,21.67283052764833,11.220708806999028,40897095.0,42261045.0,0.0,0.0,9049.0,21.40557102765888,11.006293914280832,40028828.0,41528297.0,193.0,0.0,9049.0,18.294160393066704,7.8389752469956875,17846522.0,42261045.0,2408.0,0.0,9049.0,17.90089133849716,7.8389752469956875,17846522.0,55761295.0,2408.0,0.0,9049.0,17.889824551530182,7.8389752469956875,17846522.0,14232998.0,2408.0,0.0,9049.0,17.909520377404988,7.8389752469956875,17846522.0,14232998.0,2408.0,0.0,9049.0,11.220708806999028,7.17562541179359,3.2764963088557124,0.0,0.0,0.0,0.0,11.006293914280832,7.072767301462591,3.2463132543489337,0.0,0.0002455320209264755,0.002425841987133026,0.07752518355846405,7.8389752469956875,7.17562541179359,3.2764963088557124,0.0,0.0030634254217147827,0.0,0.0,7.8389752469956875,3.515351456589997,0.9075788389891386,0.019211582861600743,0.0030634254217147827,0.002425841987133026,5.614284945651889,7.8389752469956875,3.515351456589997,0.9075788389891386,0.008144795894622803,0.0030634254217147827,0.002425841987133026,5.614284945651889,7.8389752469956875,3.515351456589997,0.9075788389891386,0.0,0.0030634254217147827,0.03026646375656128,5.614284945651889,0.0,0.0,0.0,0.0,0.0,0.0,0.0,0.0,0.0,0.0,0.0,0.0,11.291079135611653,34400008.0,11.247427675873041,34400008.0,9.748977878130972,34400008.0,9.891821768327077,42896572.0,9.880294459871948,8496564.0,9.884668516926467,8496564.0,10.381751392036676,7861037.0,10.158143351785839,7128289.0,8.545182514935732,7861037.0,8.009069570170086,12864723.0,8.009530091658235,5736434.0,8.02485186047852,5736434.0,0.0,0.0,0.0,0.0,0.0,0.0,0.0,0.0,0.0,0.0,0.0,0.0,169044.18,46845.484,0.0015067202672362327,0.006818633477203548,166113.188,45074.144,0.0015043160151690246,0.006806984458118676,169044.18,46845.484,0.0014010173268616199,0.00610946852080524,223045.18,100353.872,0.0013918815236538648,0.0064453631411164605,56931.992,45074.144,0.0013918815236538648,0.006438641095533966,56931.992,56931.992,0.001392132906243205,0.006436776352487504,9049
googlelocal,query3,2,1/4,7.758239857852459,2.477715542539954,32336952.0,36303294.0,0.0,0.0,1662.0,7.694255996495485,2.388415885157883,30650263.0,34291535.0,54.0,0.0,1662.0,7.454061919823289,2.1732818949967623,28238529.0,36303294.0,201.0,0.0,1662.0,7.49224800020311,2.1732818949967623,28238529.0,65834230.0,201.0,0.0,1662.0,7.485911646857858,2.1732818949967623,28238529.0,31542695.0,201.0,0.0,1662.0,7.478231908753514,2.1732818949967623,28238529.0,31542695.0,201.0,0.0,1662.0,2.477715542539954,3.095961682498455,2.1845626328140497,0.0,0.0,0.0,0.0,2.388415885157883,2.9411114351823926,2.05754467099905,0.0,6.869807839393616e-05,0.0006787329912185669,0.3064365740865469,2.1732818949967623,3.095961682498455,2.1845626328140497,0.0,0.0002557095140218735,0.0,0.0,2.1732818949967623,2.6792535725980997,1.8732985351234674,0.015863753481246343,0.0002557095140218735,0.0006787329912185669,0.7496158014982939,2.1732818949967623,2.6792535725980997,1.8732985351234674,0.009527400135993958,0.0002557095140218735,0.0006787329912185669,0.7496158014982939,2.1732818949967623,2.6792535725980997,1.8732985351234674,0.0,0.0002557095140218735,0.00252639502286911,0.7496158014982939,0.0,0.0,0.0,0.0,0.0,0.0,0.0,0.0,0.0,0.0,0.0,0.0,5.112664968706667,21112902.0,5.091146686114371,20054082.0,4.968884068541229,21112902.0,4.99358215172996,38519934.0,4.986517013981938,18465852.0,4.984908165410161,18465852.0,2.6455748891457915,15190392.0,2.6031093103811145,14237453.0,2.48517785128206,15190392.0,2.4986658484731503,27314296.0,2.4993946328759193,13076843.0,2.4933237433433533,13076843.0,0.0,0.0,0.0,0.0,0.0,0.0,0.0,0.0,0.0,0.0,0.0,0.0,145213.176,108042.7,0.0030270012468099593,0.012356236305087802,137166.14,100994.832,0.002983499238267541,0.01233141964897513,145213.176,108042.7,0.0028431429769843817,0.012229342377744612,263336.92,219458.04,0.002886597057499731,0.012317647189629126,126170.78,100994.832,0.0028867665883153676,0.012299126934260126,126170.78,126170.78,0.002880998805165291,0.012287651319056746,1662
googlelocal,query3,2,inf,7.758239857852459,2.477715542539954,32336952.0,36303294.0,0.0,0.0,1662.0,7.694255996495485,2.388415885157883,30650263.0,34291535.0,54.0,0.0,1662.0,7.454061919823289,2.1732818949967623,28238529.0,36303294.0,201.0,0.0,1662.0,7.49224800020311,2.1732818949967623,28238529.0,65834230.0,201.0,0.0,1662.0,7.485911646857858,2.1732818949967623,28238529.0,31542695.0,201.0,0.0,1662.0,7.478231908753514,2.1732818949967623,28238529.0,31542695.0,201.0,0.0,1662.0,2.477715542539954,3.095961682498455,2.1845626328140497,0.0,0.0,0.0,0.0,2.388415885157883,2.9411114351823926,2.05754467099905,0.0,6.869807839393616e-05,0.0006787329912185669,0.3064365740865469,2.1732818949967623,3.095961682498455,2.1845626328140497,0.0,0.0002557095140218735,0.0,0.0,2.1732818949967623,2.6792535725980997,1.8732985351234674,0.015863753481246343,0.0002557095140218735,0.0006787329912185669,0.7496158014982939,2.1732818949967623,2.6792535725980997,1.8732985351234674,0.009527400135993958,0.0002557095140218735,0.0006787329912185669,0.7496158014982939,2.1732818949967623,2.6792535725980997,1.8732985351234674,0.0,0.0002557095140218735,0.00252639502286911,0.7496158014982939,0.0,0.0,0.0,0.0,0.0,0.0,0.0,0.0,0.0,0.0,0.0,0.0,5.112664968706667,21112902.0,5.091146686114371,20054082.0,4.968884068541229,21112902.0,4.99358215172996,38519934.0,4.986517013981938,18465852.0,4.984908165410161,18465852.0,2.6455748891457915,15190392.0,2.6031093103811145,14237453.0,2.48517785128206,15190392.0,2.4986658484731503,27314296.0,2.4993946328759193,13076843.0,2.4933237433433533,13076843.0,0.0,0.0,0.0,0.0,0.0,0.0,0.0,0.0,0.0,0.0,0.0,0.0,145213.176,108042.7,0.0030270012468099593,0.012356236305087802,137166.14,100994.832,0.002983499238267541,0.01233141964897513,145213.176,108042.7,0.0028431429769843817,0.012229342377744612,263336.92,219458.04,0.002886597057499731,0.012317647189629126,126170.78,100994.832,0.0028867665883153676,0.012299126934260126,126170.78,126170.78,0.002880998805165291,0.012287651319056746,1662
googlelocal,query3,4,1/4,16.0010078959167,5.2014468759298325,66063418.0,73981232.0,0.0,0.0,3492.0,15.80415405984968,4.95369325298816,61918211.0,69157835.0,154.0,0.0,3492.0,14.744679243303835,3.944080119021237,50350726.0,73981232.0,816.0,0.0,3492.0,14.829428057403701,3.944080119021237,50350726.0,124858938.0,816.0,0.0,3492.0,14.816979652270675,3.944080119021237,50350726.0,55701103.0,816.0,0.0,3492.0,14.805755419656634,3.944080119021237,50350726.0,55701103.0,816.0,0.0,3492.0,5.2014468759298325,6.345141272991896,4.454419746994972,0.0,0.0,0.0,0.0,4.95369325298816,5.982464496977627,4.163358638994396,0.0,0.00019591674208641052,0.0019356459379196167,0.7025061082094908,3.944080119021237,6.345141272991896,4.454419746994972,0.0,0.0010381042957305908,0.0,0.0,3.944080119021237,4.6419543819502,3.2053522784262896,0.03199340145422799,0.0010381042957305908,0.0019356459379196167,3.003074126318097,3.944080119021237,4.6419543819502,3.2053522784262896,0.019544996321201324,0.0010381042957305908,0.0019356459379196167,3.003074126318097,3.944080119021237,4.6419543819502,3.2053522784262896,0.0,0.0010381042957305908,0.010256409645080566,3.003074126318097,0.0,0.0,0.0,0.0,0.0,0.0,0.0,0.0,0.0,0.0,0.0,0.0,10.400445336475968,41976979.0,10.328779445961118,39753457.0,9.735245968215168,41976979.0,9.79835907722134,70612826.0,9.784355186857283,30859369.0,9.783211396075785,30859369.0,5.600562559440732,32004253.0,5.475374613888562,29404378.0,5.009433275088668,32004253.0,5.0310689801823605,54246112.0,5.032624465413392,24841734.0,5.022544023580849,24841734.0,0.0,0.0,0.0,0.0,0.0,0.0,0.0,0.0,0.0,0.0,0.0,0.0,295924.928,142584.084,0.002800768131390214,0.014575112025253469,276631.34,131397.776,0.0027454667929559945,0.014551262251846487,295924.928,142584.084,0.002477791454643011,0.01395682579632848,496480.68,329722.64,0.002513185358774335,0.014314059779637347,222804.412,131397.776,0.002513883354142308,0.014293473367020483,219849.34,219849.34,0.002508552484214306,0.0142834457155317,3492
googlelocal,query3,4,inf,16.0010078959167,5.2014468759298325,66063418.0,73981232.0,0.0,0.0,3492.0,15.80415405984968,4.95369325298816,61918211.0,69157835.0,154.0,0.0,3492.0,14.744679243303835,3.944080119021237,50350726.0,73981232.0,816.0,0.0,3492.0,14.829428057403701,3.944080119021237,50350726.0,124858938.0,816.0,0.0,3492.0,14.816979652270675,3.944080119021237,50350726.0,55701103.0,816.0,0.0,3492.0,14.805755419656634,3.944080119021237,50350726.0,55701103.0,816.0,0.0,3492.0,5.2014468759298325,6.345141272991896,4.454419746994972,0.0,0.0,0.0,0.0,4.95369325298816,5.982464496977627,4.163358638994396,0.0,0.00019591674208641052,0.0019356459379196167,0.7025061082094908,3.944080119021237,6.345141272991896,4.454419746994972,0.0,0.0010381042957305908,0.0,0.0,3.944080119021237,4.6419543819502,3.2053522784262896,0.03199340145422799,0.0010381042957305908,0.0019356459379196167,3.003074126318097,3.944080119021237,4.6419543819502,3.2053522784262896,0.019544996321201324,0.0010381042957305908,0.0019356459379196167,3.003074126318097,3.944080119021237,4.6419543819502,3.2053522784262896,0.0,0.0010381042957305908,0.010256409645080566,3.003074126318097,0.0,0.0,0.0,0.0,0.0,0.0,0.0,0.0,0.0,0.0,0.0,0.0,10.400445336475968,41976979.0,10.328779445961118,39753457.0,9.735245968215168,41976979.0,9.79835907722134,70612826.0,9.784355186857283,30859369.0,9.783211396075785,30859369.0,5.600562559440732,32004253.0,5.475374613888562,29404378.0,5.009433275088668,32004253.0,5.0310689801823605,54246112.0,5.032624465413392,24841734.0,5.022544023580849,24841734.0,0.0,0.0,0.0,0.0,0.0,0.0,0.0,0.0,0.0,0.0,0.0,0.0,295924.928,142584.084,0.002800768131390214,0.014575112025253469,276631.34,131397.776,0.0027454667929559945,0.014551262251846487,295924.928,142584.084,0.002477791454643011,0.01395682579632848,499435.752,332677.712,0.002513185358774335,0.014314059779637347,222804.412,131397.776,0.002513883354142308,0.014293473367020483,222804.412,222804.412,0.002508552484214306,0.0142834457155317,3492
googlelocal,query3,8,1/4,31.926902517676353,10.144882386550307,137138772.0,153706285.0,0.0,0.0,6766.0,31.612888691946864,9.73207619227469,130018343.0,145331120.0,252.0,0.0,6766.0,28.171912223100662,6.3868413884192705,90925904.0,153706285.0,2398.0,0.0,6766.0,28.369115909524705,6.3868413884192705,90925904.0,244969927.0,2398.0,0.0,6766.0,28.340508594177663,6.3868413884192705,90925904.0,99638807.0,2398.0,0.0,6766.0,28.328857011161745,6.3868413884192705,90925904.0,99638807.0,2398.0,0.0,6766.0,10.144882386550307,12.772006606683135,9.010013524442911,0.0,0.0,0.0,0.0,9.73207619227469,12.134058778174222,8.493481417186558,0.0,0.0003205910325050354,0.0031674206256866455,1.249784292653203,6.3868413884192705,12.772006606683135,9.010013524442911,0.0,0.0030507035553455353,0.0,0.0,6.3868413884192705,7.566795656457543,5.209044164977968,0.06723225019916519,0.0030507035553455353,0.0031674206256866455,9.132984325289726,6.3868413884192705,7.566795656457543,5.209044164977968,0.03862493485212326,0.0030507035553455353,0.0031674206256866455,9.132984325289726,6.3868413884192705,7.566795656457543,5.209044164977968,0.0,0.0030507035553455353,0.030140772461891174,9.132984325289726,0.0,0.0,0.0,0.0,0.0,0.0,0.0,0.0,0.0,0.0,0.0,0.0,21.032313492149115,91212059.0,20.92906969320029,87188543.0,18.934894795529544,91212059.0,19.11944792048579,143523435.0,19.087961923331022,56334892.0,19.090148951858282,56334892.0,10.894589025527239,62494226.0,10.683818998746574,58142577.0,9.237017427571118,62494226.0,9.249667989038914,101446492.0,9.252546670846641,43303915.0,9.238708059303463,43303915.0,0.0,0.0,0.0,0.0,0.0,0.0,0.0,0.0,0.0,0.0,0.0,0.0,614825.14,210017.936,0.0028149844817817213,0.017545795427449044,581324.48,199193.256,0.0027709589656442404,0.01752687121890485,614825.14,210017.936,0.0022662661615759135,0.016276304274424905,975897.368,551001.384,0.0023305453566476687,0.016988449778899326,398555.228,199193.256,0.0023314959723502397,0.016961799535155295,394697.848,394697.848,0.0023276973515748978,0.01695408460348844,6766
googlelocal,query3,8,inf,31.926902517676353,10.144882386550307,137138772.0,153706285.0,0.0,0.0,6766.0,31.612888691946864,9.73207619227469,130018343.0,145331120.0,252.0,0.0,6766.0,28.171912223100662,6.3868413884192705,90925904.0,153706285.0,2398.0,0.0,6766.0,28.369115909524705,6.3868413884192705,90925904.0,244969927.0,2398.0,0.0,6766.0,28.340508594177663,6.3868413884192705,90925904.0,99638807.0,2398.0,0.0,6766.0,28.328857011161745,6.3868413884192705,90925904.0,99638807.0,2398.0,0.0,6766.0,10.144882386550307,12.772006606683135,9.010013524442911,0.0,0.0,0.0,0.0,9.73207619227469,12.134058778174222,8.493481417186558,0.0,0.0003205910325050354,0.0031674206256866455,1.249784292653203,6.3868413884192705,12.772006606683135,9.010013524442911,0.0,0.0030507035553455353,0.0,0.0,6.3868413884192705,7.566795656457543,5.209044164977968,0.06723225019916519,0.0030507035553455353,0.0031674206256866455,9.132984325289726,6.3868413884192705,7.566795656457543,5.209044164977968,0.03862493485212326,0.0030507035553455353,0.0031674206256866455,9.132984325289726,6.3868413884192705,7.566795656457543,5.209044164977968,0.0,0.0030507035553455353,0.030140772461891174,9.132984325289726,0.0,0.0,0.0,0.0,0.0,0.0,0.0,0.0,0.0,0.0,0.0,0.0,21.032313492149115,91212059.0,20.92906969320029,87188543.0,18.934894795529544,91212059.0,19.11944792048579,143523435.0,19.087961923331022,56334892.0,19.090148951858282,56334892.0,10.894589025527239,62494226.0,10.683818998746574,58142577.0,9.237017427571118,62494226.0,9.249667989038914,101446492.0,9.252546670846641,43303915.0,9.238708059303463,43303915.0,0.0,0.0,0.0,0.0,0.0,0.0,0.0,0.0,0.0,0.0,0.0,0.0,614825.14,210017.936,0.0028149844817817213,0.017545795427449044,581324.48,199193.256,0.0027709589656442404,0.01752687121890485,614825.14,210017.936,0.0022662661615759135,0.016276304274424905,979879.708,554227.04,0.0023305453566476687,0.016988449778899326,398555.228,199193.256,0.0023314959723502397,0.016961799535155295,398555.228,398555.228,0.0023276973515748978,0.01695408460348844,6766
googlelocal,query4,2,1/4,4.308573165908456,2.0148708736523986,13673555.0,14491305.0,0.0,0.0,1538.0,4.260537961497903,1.9366258196532726,10927966.0,11356317.0,38.0,0.0,1538.0,4.07495357748121,1.7810184750705957,10381845.0,14491305.0,183.0,0.0,1538.0,4.055496673046417,1.7810184750705957,10381845.0,22261173.0,183.0,0.0,1538.0,4.051185763441026,1.7810184750705957,10381845.0,10904856.0,183.0,0.0,1538.0,4.052065602503717,1.7810184750705957,10381845.0,10904856.0,183.0,0.0,1538.0,2.0148708736523986,1.546342703513801,0.7473595887422562,0.0,0.0,0.0,0.0,1.9366258196532726,1.3588701337575912,0.6079767923802137,0.0,4.834309220314026e-05,0.0004776269197463989,0.3565392456948757,1.7810184750705957,1.546342703513801,0.7473595887422562,0.0,0.0002328101545572281,0.0,0.0,1.7810184750705957,1.2581769423559308,0.5774403680115938,0.005253594315415948,0.0002328101545572281,0.0004776269197463989,0.43289685621857643,1.7810184750705957,1.2581769423559308,0.5774403680115938,0.0009426847100257874,0.0002328101545572281,0.0004776269197463989,0.43289685621857643,1.7810184750705957,1.2581769423559308,0.5774403680115938,0.0,0.0002328101545572281,0.002300150692462921,0.43289685621857643,0.0,0.0,0.0,0.0,0.0,0.0,0.0,0.0,0.0,0.0,0.0,0.0,3.599072032608092,14491305.0,3.5600099842995405,11356317.0,3.4567290572449565,14491305.0,3.484611852041251,22261173.0,3.4803009424358606,10904856.0,3.4799867141991854,10904856.0,0.709501133300364,0.0,0.7005279771983624,0.0,0.6182245202362537,0.0,0.5708848210051656,0.0,0.5708848210051656,0.0,0.5720788883045316,0.0,0.0,0.0,0.0,0.0,0.0,0.0,0.0,0.0,0.0,0.0,0.0,0.0,57965.22,51714.172,0.0016301315631717444,0.005534832395985721,45425.268,40378.116,0.0016208866834640503,0.005534808508679269,57965.22,51714.172,0.0015682960990816355,0.005487499232776461,86636.9,81942.52,0.0015504288785159587,0.005540715376304167,43619.424,40378.116,0.0015504288785159587,0.005531612578220664,41813.58,41813.58,0.001550705399364233,0.00552964425254613,1538
googlelocal,query4,2,inf,4.308573165908456,2.0148708736523986,13673555.0,14491305.0,0.0,0.0,1538.0,4.260537961497903,1.9366258196532726,10927966.0,11356317.0,38.0,0.0,1538.0,4.07495357748121,1.7810184750705957,10381845.0,14491305.0,183.0,0.0,1538.0,4.055496673046417,1.7810184750705957,10381845.0,22261173.0,183.0,0.0,1538.0,4.051185763441026,1.7810184750705957,10381845.0,10904856.0,183.0,0.0,1538.0,4.052065602503717,1.7810184750705957,10381845.0,10904856.0,183.0,0.0,1538.0,2.0148708736523986,1.546342703513801,0.7473595887422562,0.0,0.0,0.0,0.0,1.9366258196532726,1.3588701337575912,0.6079767923802137,0.0,4.834309220314026e-05,0.0004776269197463989,0.3565392456948757,1.7810184750705957,1.546342703513801,0.7473595887422562,0.0,0.0002328101545572281,0.0,0.0,1.7810184750705957,1.2581769423559308,0.5774403680115938,0.005253594315415948,0.0002328101545572281,0.0004776269197463989,0.43289685621857643,1.7810184750705957,1.2581769423559308,0.5774403680115938,0.0009426847100257874,0.0002328101545572281,0.0004776269197463989,0.43289685621857643,1.7810184750705957,1.2581769423559308,0.5774403680115938,0.0,0.0002328101545572281,0.002300150692462921,0.43289685621857643,0.0,0.0,0.0,0.0,0.0,0.0,0.0,0.0,0.0,0.0,0.0,0.0,3.599072032608092,14491305.0,3.5600099842995405,11356317.0,3.4567290572449565,14491305.0,3.484611852041251,22261173.0,3.4803009424358606,10904856.0,3.4799867141991854,10904856.0,0.709501133300364,0.0,0.7005279771983624,0.0,0.6182245202362537,0.0,0.5708848210051656,0.0,0.5708848210051656,0.0,0.5720788883045316,0.0,0.0,0.0,0.0,0.0,0.0,0.0,0.0,0.0,0.0,0.0,0.0,0.0,57965.22,51714.172,0.0016301315631717444,0.005534832395985721,45425.268,40378.116,0.0016208866834640503,0.005534808508679269,57965.22,51714.172,0.0015682960990816355,0.005487499232776461,89044.692,83146.416,0.0015504288785159587,0.005540715376304167,43619.424,40378.116,0.0015504288785159587,0.005531612578220664,43619.424,43619.424,0.001550705399364233,0.00552964425254613,1538
googlelocal,query4,4,1/4,8.277103868313134,4.142729975283146,21530780.0,22528165.0,0.0,0.0,3161.0,7.982881630770862,3.865770190022886,18548664.0,19251103.0,170.0,0.0,3161.0,7.427432891912758,3.292118852958083,17396870.0,22528165.0,739.0,0.0,3161.0,7.185714602009836,3.292118852958083,17396870.0,37900258.0,739.0,0.0,3161.0,7.178870104253292,3.292118852958083,17396870.0,18649155.0,739.0,0.0,3161.0,7.183960601687431,3.292118852958083,17396870.0,18649155.0,739.0,0.0,3161.0,4.142729975283146,2.8500713547691703,1.2843025382608175,0.0,0.0,0.0,0.0,3.865770190022886,2.6327271088957787,1.1592515222728252,0.0,0.00021627172827720642,0.0021367520093917847,0.3227797858417034,3.292118852958083,2.8500713547691703,1.2843025382608175,0.0,0.0009401459246873856,0.0,0.0,3.292118852958083,2.338690362870693,1.11869403347373,0.008905834989133088,0.0009401459246873856,0.0021367520093917847,0.42422861978411674,3.292118852958083,2.338690362870693,1.11869403347373,0.0020613372325897217,0.0009401459246873856,0.0021367520093917847,0.42422861978411674,3.292118852958083,2.338690362870693,1.11869403347373,0.0,0.0009401459246873856,0.009288586676120758,0.42422861978411674,0.0,0.0,0.0,0.0,0.0,0.0,0.0,0.0,0.0,0.0,0.0,0.0,6.855428507551551,22528165.0,6.590562744066119,19251103.0,6.3617336908355355,22528165.0,6.2961501139267115,37900258.0,6.289305616170168,18649155.0,6.289607275277376,18649155.0,1.4216753607615829,0.0,1.392318886704743,0.0,1.0656992010772228,0.0,0.8895644880831242,0.0,0.8895644880831242,0.0,0.8943533264100552,0.0,0.0,0.0,0.0,0.0,0.0,0.0,0.0,0.0,0.0,0.0,0.0,0.0,90112.66,73671.82,0.001638189721852541,0.006526787479594346,77004.412,60649.704,0.0015790675859898328,0.006519851339049634,90112.66,73671.82,0.0014383702799677849,0.006399579109624025,147392.212,130628.528,0.0013689901605248452,0.006523525581752511,74596.62,60649.704,0.0013689901605248452,0.006511989498510953,71309.668,71309.668,0.00137002082914114,0.006509324843063947,3161
googlelocal,query4,4,inf,8.277103868313134,4.142729975283146,21530780.0,22528165.0,0.0,0.0,3161.0,7.982881630770862,3.865770190022886,18548664.0,19251103.0,170.0,0.0,3161.0,7.427432891912758,3.292118852958083,17396870.0,22528165.0,739.0,0.0,3161.0,7.185714602009836,3.292118852958083,17396870.0,37900258.0,739.0,0.0,3161.0,7.178870104253292,3.292118852958083,17396870.0,18649155.0,739.0,0.0,3161.0,7.183960601687431,3.292118852958083,17396870.0,18649155.0,739.0,0.0,3161.0,4.142729975283146,2.8500713547691703,1.2843025382608175,0.0,0.0,0.0,0.0,3.865770190022886,2.6327271088957787,1.1592515222728252,0.0,0.00021627172827720642,0.0021367520093917847,0.3227797858417034,3.292118852958083,2.8500713547691703,1.2843025382608175,0.0,0.0009401459246873856,0.0,0.0,3.292118852958083,2.338690362870693,1.11869403347373,0.008905834989133088,0.0009401459246873856,0.0021367520093917847,0.42422861978411674,3.292118852958083,2.338690362870693,1.11869403347373,0.0020613372325897217,0.0009401459246873856,0.0021367520093917847,0.42422861978411674,3.292118852958083,2.338690362870693,1.11869403347373,0.0,0.0009401459246873856,0.009288586676120758,0.42422861978411674,0.0,0.0,0.0,0.0,0.0,0.0,0.0,0.0,0.0,0.0,0.0,0.0,6.855428507551551,22528165.0,6.590562744066119,19251103.0,6.3617336908355355,22528165.0,6.2961501139267115,37900258.0,6.289305616170168,18649155.0,6.289607275277376,18649155.0,1.4216753607615829,0.0,1.392318886704743,0.0,1.0656992010772228,0.0,0.8895644880831242,0.0,0.8895644880831242,0.0,0.8943533264100552,0.0,0.0,0.0,0.0,0.0,0.0,0.0,0.0,0.0,0.0,0.0,0.0,0.0,90112.66,73671.82,0.001638189721852541,0.006526787479594346,77004.412,60649.704,0.0015790675859898328,0.006519851339049634,90112.66,73671.82,0.0014383702799677849,0.006399579109624025,151601.032,132993.612,0.0013689901605248452,0.006523525581752511,74596.62,60649.704,0.0013689901605248452,0.006511989498510953,74596.62,74596.62,0.00137002082914114,0.006509324843063947,3161
googlelocal,query4,8,1/4,15.689179817214608,8.151886138133705,40998754.0,42253617.0,0.0,0.0,6281.0,15.139797942712903,7.6376678720116615,36010393.0,36736076.0,315.0,0.0,6281.0,13.418517222627997,5.878648637793958,31676906.0,42253617.0,2024.0,0.0,6281.0,12.744345017963301,5.878648637793958,31676906.0,70410275.0,2024.0,0.0,6281.0,12.731234245933592,5.878648637793958,31676906.0,33674199.0,2024.0,0.0,6281.0,12.748831027187407,5.878648637793958,31676906.0,33674199.0,2024.0,0.0,6281.0,8.151886138133705,5.281929112970829,2.2553645661100745,0.0,0.0,0.0,0.0,7.6376678720116615,4.884063929319382,2.027308890596032,0.0,0.00040073879063129425,0.003959275782108307,0.586397236213088,5.878648637793958,5.281929112970829,2.2553645661100745,0.0,0.002574905753135681,0.0,0.0,5.878648637793958,3.9827327858656645,1.8674770053476095,0.016994633035013747,0.002574905753135681,0.003959275782108307,0.9919577743858099,5.878648637793958,3.9827327858656645,1.8674770053476095,0.003883861005306244,0.002574905753135681,0.003959275782108307,0.9919577743858099,5.878648637793958,3.9827327858656645,1.8674770053476095,0.0,0.002574905753135681,0.025439918041229248,0.9919577743858099,0.0,0.0,0.0,0.0,0.0,0.0,0.0,0.0,0.0,0.0,0.0,0.0,12.883750724606216,42253617.0,12.392081031575799,36736076.0,11.609066529199481,42253617.0,11.415180263363968,70410275.0,11.40206949133426,33674199.0,11.405953352339566,33674199.0,2.8054290926083922,0.0,2.747716911137104,0.0,1.8094506934285164,0.0,1.3291647545993328,0.0,1.3291647545993328,0.0,1.3428776748478413,0.0,0.0,0.0,0.0,0.0,0.0,0.0,0.0,0.0,0.0,0.0,0.0,0.0,169014.468,115226.54,0.0016370540726929903,0.005762403506599363,146944.304,96372.584,0.0015370191782712937,0.005750535131618378,169014.468,115226.54,0.0012807220797985792,0.005579339756816622,257034.572,210494.268,0.001124242413789034,0.0057459321787683764,133492.9,96372.584,0.001124242413789034,0.005738524026796219,118775.984,118775.984,0.0011266556866466998,0.005735851829871533,6281
googlelocal,query4,8,inf,15.689179817214608,8.151886138133705,40998754.0,42253617.0,0.0,0.0,6281.0,15.139797942712903,7.6376678720116615,36010393.0,36736076.0,315.0,0.0,6281.0,13.40177473332733,5.861892154440284,31427098.0,42253617.0,2035.0,0.0,6281.0,12.728814707392107,5.861892154440284,31427098.0,70109301.0,2035.0,0.0,6281.0,12.715703935362399,5.861892154440284,31427098.0,33373225.0,2035.0,0.0,6281.0,12.73343897704035,5.861892154440284,31427098.0,33373225.0,2035.0,0.0,6281.0,8.151886138133705,5.281929112970829,2.2553645661100745,0.0,0.0,0.0,0.0,7.6376678720116615,4.884063929319382,2.027308890596032,0.0,0.00040073879063129425,0.003959275782108307,0.586397236213088,5.861892154440284,5.281929112970829,2.2553645661100745,0.0,0.0025888998061418533,0.0,0.0,5.861892154440284,3.9533466147258878,1.8470799531787634,0.016994633035013747,0.0025888998061418533,0.003959275782108307,1.0429531764239073,5.861892154440284,3.9533466147258878,1.8470799531787634,0.003883861005306244,0.0025888998061418533,0.003959275782108307,1.0429531764239073,5.861892154440284,3.9533466147258878,1.8470799531787634,0.0,0.0025888998061418533,0.025578178465366364,1.0429531764239073,0.0,0.0,0.0,0.0,0.0,0.0,0.0,0.0,0.0,0.0,0.0,0.0,12.883750724606216,42253617.0,12.392081031575799,36736076.0,11.595638575032353,42253617.0,11.404156962664079,70109301.0,11.39104619063437,33373225.0,11.395018035545945,33373225.0,2.8054290926083922,0.0,2.747716911137104,0.0,1.8061361582949758,0.0,1.3246577447280288,0.0,1.3246577447280288,0.0,1.3384209414944053,0.0,0.0,0.0,0.0,0.0,0.0,0.0,0.0,0.0,0.0,0.0,0.0,0.0,169014.468,115226.54,0.0016370540726929903,0.005762403506599363,146944.304,96372.584,0.0015370191782712937,0.005750535131618378,169014.468,115226.54,0.00128037959523499,0.005579339756816622,280437.204,218649.828,0.0011238999292254449,0.0057459321787683764,133492.9,96372.584,0.0011238999292254449,0.005738524026796219,133492.9,133492.9,0.0011263132020831108,0.005735851829871533,6281
music_brainz_20k,query1,2,1/4,18.718194764107466,13.61499794293195,25502878.0,30815852.0,0.0,0.0,1454.0,18.57317407708615,13.477233654819429,25499175.0,30815852.0,14.0,0.0,1454.0,17.985117529518902,12.881799850612879,25471329.0,30815852.0,95.0,0.0,1454.0,17.951102240494965,12.881799850612879,25471329.0,61631704.0,95.0,0.0,1454.0,17.93805302400142,12.881799850612879,25471329.0,30815852.0,95.0,0.0,1454.0,17.937864487059414,12.881799850612879,25471329.0,30815852.0,95.0,0.0,1454.0,13.61499794293195,3.256585198454559,1.8466116227209568,0.0,0.0,0.0,0.0,13.477233654819429,3.24913502112031,1.8466116227209568,0.0,1.781061291694641e-05,0.00017596781253814697,0.0,12.881799850612879,3.256585198454559,1.8466116227209568,0.0,0.00012085773050785065,0.0,0.0,12.881799850612879,3.208138088695705,1.8466116227209568,0.014255852922377844,0.00012085773050785065,0.00017596781253814697,0.0,12.881799850612879,3.208138088695705,1.8466116227209568,0.0012066364288330078,0.00012085773050785065,0.00017596781253814697,0.0,12.881799850612879,3.208138088695705,1.8466116227209568,0.0,0.00012085773050785065,0.0011940672993659973,0.0,0.0,0.0,0.0,0.0,0.0,0.0,0.0,0.0,0.0,0.0,0.0,0.0,5.0687448075041175,0.0,5.017381279729307,0.0,4.692680724896491,0.0,4.6583985378965735,0.0,4.6583985378965735,0.0,4.659152685664594,0.0,0.0,0.0,0.0,0.0,0.0,0.0,0.0,0.0,0.0,0.0,0.0,0.0,13.649449956603348,30815852.0,13.555792797356844,30815852.0,13.292436804622412,30815852.0,13.292703702598391,61631704.0,13.279654486104846,30815852.0,13.27871180139482,30815852.0,123263.408,72589.656,0.010020697535946966,0.02318846816755831,123263.408,72589.656,0.009995946872979403,0.02318846816755831,123263.408,72589.656,0.009670964682474732,0.02311424572523683,246526.816,194422.028,0.00966479901018888,0.02314496311190209,123263.408,72589.656,0.009664524920284748,0.023116782175563278,123263.408,123263.408,0.009664675749838352,0.02311424572523683,1454
music_brainz_20k,query1,2,inf,18.718194764107466,13.61499794293195,25502878.0,30815852.0,0.0,0.0,1454.0,18.57317407708615,13.477233654819429,25499175.0,30815852.0,14.0,0.0,1454.0,17.985117529518902,12.881799850612879,25471329.0,30815852.0,95.0,0.0,1454.0,17.951102240494965,12.881799850612879,25471329.0,61631704.0,95.0,0.0,1454.0,17.93805302400142,12.881799850612879,25471329.0,30815852.0,95.0,0.0,1454.0,17.937864487059414,12.881799850612879,25471329.0,30815852.0,95.0,0.0,1454.0,13.61499794293195,3.256585198454559,1.8466116227209568,0.0,0.0,0.0,0.0,13.477233654819429,3.24913502112031,1.8466116227209568,0.0,1.781061291694641e-05,0.00017596781253814697,0.0,12.881799850612879,3.256585198454559,1.8466116227209568,0.0,0.00012085773050785065,0.0,0.0,12.881799850612879,3.208138088695705,1.8466116227209568,0.014255852922377844,0.00012085773050785065,0.00017596781253814697,0.0,12.881799850612879,3.208138088695705,1.8466116227209568,0.0012066364288330078,0.00012085773050785065,0.00017596781253814697,0.0,12.881799850612879,3.208138088695705,1.8466116227209568,0.0,0.00012085773050785065,0.0011940672993659973,0.0,0.0,0.0,0.0,0.0,0.0,0.0,0.0,0.0,0.0,0.0,0.0,0.0,5.0687448075041175,0.0,5.017381279729307,0.0,4.692680724896491,0.0,4.6583985378965735,0.0,4.6583985378965735,0.0,4.659152685664594,0.0,0.0,0.0,0.0,0.0,0.0,0.0,0.0,0.0,0.0,0.0,0.0,0.0,13.649449956603348,30815852.0,13.555792797356844,30815852.0,13.292436804622412,30815852.0,13.292703702598391,61631704.0,13.279654486104846,30815852.0,13.27871180139482,30815852.0,123263.408,72589.656,0.010020697535946966,0.02318846816755831,123263.408,72589.656,0.009995946872979403,0.02318846816755831,123263.408,72589.656,0.009670964682474732,0.02311424572523683,246526.816,194422.028,0.00966479901018888,0.02314496311190209,123263.408,72589.656,0.009664524920284748,0.023116782175563278,123263.408,123263.408,0.009664675749838352,0.02311424572523683,1454
music_brainz_20k,query1,4,1/4,37.70745551493019,27.333711126819253,52038312.0,62831966.0,0.0,0.0,2936.0,37.48069578688592,27.118790158070624,52031296.0,62831966.0,22.0,0.0,2936.0,34.17622918263078,23.801954292692244,45814392.0,62831966.0,417.0,0.0,2936.0,34.17390262813483,23.801954292692244,45814392.0,118170054.0,417.0,0.0,2936.0,34.14724893681705,23.801954292692244,45814392.0,55338088.0,417.0,0.0,2936.0,34.14980047009885,23.801954292692244,45814392.0,55338088.0,417.0,0.0,2936.0,27.333711126819253,6.623015481978655,3.750728906132281,0.0,0.0,0.0,0.0,27.118790158070624,6.610872213728726,3.750728906132281,0.0,2.798810601234436e-05,0.00027652084827423096,0.0,23.801954292692244,6.623015481978655,3.750728906132281,0.0,0.0005305018275976181,0.0,0.0,23.801954292692244,5.803434449248016,3.3031974267214537,0.029066964175445978,0.0005305018275976181,0.00027652084827423096,1.2354424726217985,23.801954292692244,5.803434449248016,3.3031974267214537,0.0024132728576660156,0.0005305018275976181,0.00027652084827423096,1.2354424726217985,23.801954292692244,5.803434449248016,3.3031974267214537,0.0,0.0005305018275976181,0.005241326987743378,1.2354424726217985,0.0,0.0,0.0,0.0,0.0,0.0,0.0,0.0,0.0,0.0,0.0,0.0,10.036572406999767,0.0,9.956279843114316,0.0,8.628668622113764,0.0,8.494660531170666,0.0,8.494660531170666,0.0,8.497689691372216,0.0,0.0,0.0,0.0,0.0,0.0,0.0,0.0,0.0,0.0,0.0,0.0,0.0,27.670883107930422,62831966.0,27.5244159437716,62831966.0,25.547560560517013,62831966.0,25.679242096964163,118170054.0,25.652588405646384,55338088.0,25.652110778726637,55338088.0,251327.864,74283.864,0.009822836086153985,0.02377400246243924,251327.864,74283.864,0.009773514810949563,0.02377400246243924,251327.864,74283.864,0.008687262007966637,0.023736091446317734,471386.576,290593.336,0.008663171820342541,0.0237728648527018,221352.352,74283.864,0.008663171820342541,0.023743312490917743,220058.712,220058.712,0.008663825415074825,0.023740748388506473,2936
music_brainz_20k,query1,4,inf,37.70745551493019,27.333711126819253,52038312.0,62831966.0,0.0,0.0,2936.0,37.48069578688592,27.118790158070624,52031296.0,62831966.0,22.0,0.0,2936.0,34.17622918263078,23.801954292692244,45814392.0,62831966.0,417.0,0.0,2936.0,34.17390262813483,23.801954292692244,45814392.0,118170054.0,417.0,0.0,2936.0,34.14724893681705,23.801954292692244,45814392.0,55338088.0,417.0,0.0,2936.0,34.14980047009885,23.801954292692244,45814392.0,55338088.0,417.0,0.0,2936.0,27.333711126819253,6.623015481978655,3.750728906132281,0.0,0.0,0.0,0.0,27.118790158070624,6.610872213728726,3.750728906132281,0.0,2.798810601234436e-05,0.00027652084827423096,0.0,23.801954292692244,6.623015481978655,3.750728906132281,0.0,0.0005305018275976181,0.0,0.0,23.801954292692244,5.803434449248016,3.3031974267214537,0.029066964175445978,0.0005305018275976181,0.00027652084827423096,1.2354424726217985,23.801954292692244,5.803434449248016,3.3031974267214537,0.0024132728576660156,0.0005305018275976181,0.00027652084827423096,1.2354424726217985,23.801954292692244,5.803434449248016,3.3031974267214537,0.0,0.0005305018275976181,0.005241326987743378,1.2354424726217985,0.0,0.0,0.0,0.0,0.0,0.0,0.0,0.0,0.0,0.0,0.0,0.0,10.036572406999767,0.0,9.956279843114316,0.0,8.628668622113764,0.0,8.494660531170666,0.0,8.494660531170666,0.0,8.497689691372216,0.0,0.0,0.0,0.0,0.0,0.0,0.0,0.0,0.0,0.0,0.0,0.0,0.0,27.670883107930422,62831966.0,27.5244159437716,62831966.0,25.547560560517013,62831966.0,25.679242096964163,118170054.0,25.652588405646384,55338088.0,25.652110778726637,55338088.0,251327.864,74283.864,0.009822836086153985,0.02377400246243924,251327.864,74283.864,0.009773514810949563,0.02377400246243924,251327.864,74283.864,0.008687262007966637,0.023736091446317734,472680.216,291886.976,0.008663171820342541,0.0237728648527018,221352.352,74283.864,0.008663171820342541,0.023743312490917743,221352.352,221352.352,0.008663825415074825,0.023740748388506473,2936
music_brainz_20k,query1,8,1/4,75.38809220958501,54.532871251925826,104570830.0,126384507.0,0.0,0.0,5855.0,74.82474358938634,53.99881579820067,104555129.0,126384507.0,55.0,0.0,5855.0,63.79851849284023,42.941618248820305,82566857.0,126384507.0,1320.0,0.0,5855.0,63.82656987873141,42.941618248820305,82566857.0,226193946.0,1320.0,0.0,5855.0,63.7730422699824,42.941618248820305,82566857.0,99809439.0,1320.0,0.0,5855.0,63.78400255087763,42.941618248820305,82566857.0,99809439.0,1320.0,0.0,5855.0,54.532871251925826,13.288720744661987,7.566500212997198,0.0,0.0,0.0,0.0,53.99881579820067,13.258666305802763,7.566500212997198,0.0,6.99702650308609e-05,0.0006913021206855774,0.0,42.941618248820305,13.288720744661987,7.566500212997198,0.0,0.0016792863607406616,0.0,0.0,42.941618248820305,10.466466248035431,5.9789205165579915,0.058467276629548745,0.0016792863607406616,0.0006913021206855774,4.378727000206709,42.941618248820305,10.466466248035431,5.9789205165579915,0.004939667880535126,0.0016792863607406616,0.0006913021206855774,4.378727000206709,42.941618248820305,10.466466248035431,5.9789205165579915,0.0,0.0016792863607406616,0.016591250896453857,4.378727000206709,0.0,0.0,0.0,0.0,0.0,0.0,0.0,0.0,0.0,0.0,0.0,0.0,20.016359771601856,0.0,19.812721204943955,0.0,15.859811305068433,0.0,15.462501958943903,0.0,15.462501958943903,0.0,15.471488886512816,0.0,0.0,0.0,0.0,0.0,0.0,0.0,0.0,0.0,0.0,0.0,0.0,0.0,55.371732437983155,126384507.0,55.01202238444239,126384507.0,47.9387071877718,126384507.0,48.36406791978751,226193946.0,48.310540311038494,99809439.0,48.312513664364815,99809439.0,505538.028,90833.628,0.009460102273151279,0.023975873824954034,505538.028,90833.628,0.009442253278568387,0.023975873824954034,505538.028,90833.628,0.007892301497980952,0.02392838844191283,786927.32,373110.088,0.00783492106013,0.02396750566431899,394063.196,90833.628,0.00783492106013,0.023937578959576784,286025.7,286025.7,0.00783647963218391,0.02393499474655837,5855
music_brainz_20k,query1,8,inf,75.38809220958501,54.532871251925826,104570830.0,126384507.0,0.0,0.0,5855.0,74.82474358938634,53.99881579820067,104555129.0,126384507.0,55.0,0.0,5855.0,63.67305937688798,42.81614641100168,81514495.0,126384507.0,1330.0,0.0,5855.0,63.727305532668275,42.81614641100168,81514495.0,224900306.0,1330.0,0.0,5855.0,63.67377792391926,42.81614641100168,81514495.0,98515799.0,1330.0,0.0,5855.0,63.684863896109164,42.81614641100168,81514495.0,98515799.0,1330.0,0.0,5855.0,54.532871251925826,13.288720744661987,7.566500212997198,0.0,0.0,0.0,0.0,53.99881579820067,13.258666305802763,7.566500212997198,0.0,6.99702650308609e-05,0.0006913021206855774,0.0,42.81614641100168,13.288720744661987,7.566500212997198,0.0,0.001692008227109909,0.0,0.0,42.81614641100168,10.35728775896132,5.90153822209686,0.058467276629548745,0.001692008227109909,0.0006913021206855774,4.591482553631067,42.81614641100168,10.35728775896132,5.90153822209686,0.004939667880535126,0.001692008227109909,0.0006913021206855774,4.591482553631067,42.81614641100168,10.35728775896132,5.90153822209686,0.0,0.001692008227109909,0.016716942191123962,4.591482553631067,0.0,0.0,0.0,0.0,0.0,0.0,0.0,0.0,0.0,0.0,0.0,0.0,20.016359771601856,0.0,19.812721204943955,0.0,15.85256614536047,0.0,15.454628023318946,0.0,15.454628023318946,0.0,15.463627520017326,0.0,0.0,0.0,0.0,0.0,0.0,0.0,0.0,0.0,0.0,0.0,0.0,0.0,55.371732437983155,126384507.0,55.01202238444239,126384507.0,47.82049323152751,126384507.0,48.27267750934933,224900306.0,48.219149900600314,98515799.0,48.22123637609184,98515799.0,505538.028,90833.628,0.009460102273151279,0.023975873824954034,505538.028,90833.628,0.009442253278568387,0.023975873824954034,505538.028,90833.628,0.007890318851917983,0.023927030416764316,899601.224,478185.228,0.00783293841406703,0.023966147639170477,394063.196,90833.628,0.00783293841406703,0.023936220934428275,394063.196,394063.196,0.00783449698612094,0.023933636721409853,5855
music_brainz_20k,query2,2,1/4,17.143849095329642,16.087147383019328,1130789.0,403890.0,0.0,0.0,1862.0,17.105356642976403,16.052322136238217,1128369.0,403890.0,8.0,0.0,1862.0,15.97094967123121,14.91408893559128,1109658.0,403890.0,125.0,0.0,1862.0,15.909794253846362,14.91408893559128,1109658.0,807780.0,125.0,0.0,1862.0,15.909896498546004,14.91408893559128,1109658.0,403890.0,125.0,0.0,1862.0,15.911077996715903,14.91408893559128,1109658.0,403890.0,125.0,0.0,1862.0,16.087147383019328,1.0303645245730877,0.026337187737226486,0.0,0.0,0.0,0.0,16.052322136238217,1.026586588472128,0.026337187737226486,0.0,1.017749309539795e-05,0.00010055303573608398,0.0,14.91408893559128,1.0303645245730877,0.026337187737226486,0.0,0.00015902332961559296,0.0,0.0,14.91408893559128,0.9689217088744044,0.026337187737226486,0.0001868452780996997,0.00015902332961559296,0.00010055303573608398,0.0,14.91408893559128,0.9689217088744044,0.026337187737226486,0.00028908997774124146,0.00015902332961559296,0.00010055303573608398,0.0,14.91408893559128,0.9689217088744044,0.026337187737226486,0.0,0.00015902332961559296,0.0015711411833763123,0.0,0.0,0.0,0.0,0.0,0.0,0.0,0.0,0.0,0.0,0.0,0.0,0.0,7.813557926565409,330250.0,7.77506547421217,330250.0,7.550247881561518,330250.0,7.525344138516408,660500.0,7.525430173613131,330250.0,7.525744401849806,330250.0,0.0,0.0,0.0,0.0,0.0,0.0,0.0,0.0,0.0,0.0,0.0,0.0,9.330291168764234,73640.0,9.330291168764234,73640.0,8.420701789669693,73640.0,8.384450115329955,147280.0,8.384466324932873,73640.0,8.385333594866097,73640.0,1615.56,1615.56,0.009168988155201077,0.013913684270530939,1615.56,1615.56,0.009168988155201077,0.013913684270530939,1615.56,1615.56,0.008388967564329506,0.013704987757652998,3231.12,3231.12,0.00837659196550016,0.013705401765783137,1615.56,1615.56,0.008376622689887881,0.013705638838559388,1615.56,1615.56,0.008376874072477222,0.013704987757652998,1862
music_brainz_20k,query2,2,inf,17.143849095329642,16.087147383019328,1130789.0,403890.0,0.0,0.0,1862.0,17.105356642976403,16.052322136238217,1128369.0,403890.0,8.0,0.0,1862.0,15.97094967123121,14.91408893559128,1109658.0,403890.0,125.0,0.0,1862.0,15.909794253846362,14.91408893559128,1109658.0,807780.0,125.0,0.0,1862.0,15.909896498546004,14.91408893559128,1109658.0,403890.0,125.0,0.0,1862.0,15.911077996715903,14.91408893559128,1109658.0,403890.0,125.0,0.0,1862.0,16.087147383019328,1.0303645245730877,0.026337187737226486,0.0,0.0,0.0,0.0,16.052322136238217,1.026586588472128,0.026337187737226486,0.0,1.017749309539795e-05,0.00010055303573608398,0.0,14.91408893559128,1.0303645245730877,0.026337187737226486,0.0,0.00015902332961559296,0.0,0.0,14.91408893559128,0.9689217088744044,0.026337187737226486,0.0001868452780996997,0.00015902332961559296,0.00010055303573608398,0.0,14.91408893559128,0.9689217088744044,0.026337187737226486,0.00028908997774124146,0.00015902332961559296,0.00010055303573608398,0.0,14.91408893559128,0.9689217088744044,0.026337187737226486,0.0,0.00015902332961559296,0.0015711411833763123,0.0,0.0,0.0,0.0,0.0,0.0,0.0,0.0,0.0,0.0,0.0,0.0,0.0,7.813557926565409,330250.0,7.77506547421217,330250.0,7.550247881561518,330250.0,7.525344138516408,660500.0,7.525430173613131,330250.0,7.525744401849806,330250.0,0.0,0.0,0.0,0.0,0.0,0.0,0.0,0.0,0.0,0.0,0.0,0.0,9.330291168764234,73640.0,9.330291168764234,73640.0,8.420701789669693,73640.0,8.384450115329955,147280.0,8.384466324932873,73640.0,8.385333594866097,73640.0,1615.56,1615.56,0.009168988155201077,0.013913684270530939,1615.56,1615.56,0.009168988155201077,0.013913684270530939,1615.56,1615.56,0.008388967564329506,0.013704987757652998,3231.12,3231.12,0.00837659196550016,0.013705401765783137,1615.56,1615.56,0.008376622689887881,0.013705638838559388,1615.56,1615.56,0.008376874072477222,0.013704987757652998,1862
music_brainz_20k,query2,4,1/4,32.35312859900296,30.400179211050272,1794146.0,562979.0,0.0,0.0,3530.0,32.30978652462363,30.360981170088053,1791236.0,562979.0,9.0,0.0,3530.0,27.66210792399943,25.708533892408013,1714597.0,562979.0,491.0,0.0,3530.0,27.42059106714735,25.708533892408013,1714597.0,1125958.0,491.0,0.0,3530.0,27.420720268040895,25.708533892408013,1714597.0,562979.0,491.0,0.0,3530.0,27.426388945430517,25.708533892408013,1714597.0,562979.0,491.0,0.0,3530.0,30.400179211050272,1.9166626427322626,0.036286745220422745,0.0,0.0,0.0,0.0,30.360981170088053,1.9123940374702215,0.036286745220422745,0.0,1.1449679732322693e-05,0.00011312216520309448,0.0,25.708533892408013,1.9166626427322626,0.036286745220422745,0.0,0.0006246436387300491,0.0,0.0,25.708533892408013,1.674772221595049,0.036286745220422745,0.00026044211993188945,0.0006246436387300491,0.00011312216520309448,0.0,25.708533892408013,1.674772221595049,0.036286745220422745,0.00038964301347732544,0.0006246436387300491,0.00011312216520309448,0.0,25.708533892408013,1.674772221595049,0.036286745220422745,0.0,0.0006246436387300491,0.0061714425683021545,0.0,0.0,0.0,0.0,0.0,0.0,0.0,0.0,0.0,0.0,0.0,0.0,0.0,15.1590207060799,470929.0,15.115678631700575,470929.0,14.157547620125115,470929.0,14.062515034114622,941858.0,14.06262397300452,470929.0,14.064635033719242,470929.0,0.0,0.0,0.0,0.0,0.0,0.0,0.0,0.0,0.0,0.0,0.0,0.0,17.194107892923057,92050.0,17.194107892923057,92050.0,13.504560303874314,92050.0,13.358076033032729,184100.0,13.358096295036376,92050.0,13.361753911711276,92050.0,2251.916,2073.256,0.009053755532950163,0.01411445699762553,2251.916,2073.256,0.009053755532950163,0.01411445699762553,2251.916,2073.256,0.007419030278921128,0.013844781692698597,4503.832,4292.124,0.007377980668517318,0.01384522922102614,2251.916,2073.256,0.007377985509112477,0.01384545539803803,2251.916,2251.916,0.007379041315987706,0.013844781692698597,3530
music_brainz_20k,query2,4,inf,32.35312859900296,30.400179211050272,1794146.0,562979.0,0.0,0.0,3530.0,32.30978652462363,30.360981170088053,1791236.0,562979.0,9.0,0.0,3530.0,27.66210792399943,25.708533892408013,1714597.0,562979.0,491.0,0.0,3530.0,27.42059106714735,25.708533892408013,1714597.0,1125958.0,491.0,0.0,3530.0,27.420720268040895,25.708533892408013,1714597.0,562979.0,491.0,0.0,3530.0,27.426388945430517,25.708533892408013,1714597.0,562979.0,491.0,0.0,3530.0,30.400179211050272,1.9166626427322626,0.036286745220422745,0.0,0.0,0.0,0.0,30.360981170088053,1.9123940374702215,0.036286745220422745,0.0,1.1449679732322693e-05,0.00011312216520309448,0.0,25.708533892408013,1.9166626427322626,0.036286745220422745,0.0,0.0006246436387300491,0.0,0.0,25.708533892408013,1.674772221595049,0.036286745220422745,0.00026044211993188945,0.0006246436387300491,0.00011312216520309448,0.0,25.708533892408013,1.674772221595049,0.036286745220422745,0.00038964301347732544,0.0006246436387300491,0.00011312216520309448,0.0,25.708533892408013,1.674772221595049,0.036286745220422745,0.0,0.0006246436387300491,0.0061714425683021545,0.0,0.0,0.0,0.0,0.0,0.0,0.0,0.0,0.0,0.0,0.0,0.0,0.0,15.1590207060799,470929.0,15.115678631700575,470929.0,14.157547620125115,470929.0,14.062515034114622,941858.0,14.06262397300452,470929.0,14.064635033719242,470929.0,0.0,0.0,0.0,0.0,0.0,0.0,0.0,0.0,0.0,0.0,0.0,0.0,17.194107892923057,92050.0,17.194107892923057,92050.0,13.504560303874314,92050.0,13.358076033032729,184100.0,13.358096295036376,92050.0,13.361753911711276,92050.0,2251.916,2073.256,0.009053755532950163,0.01411445699762553,2251.916,2073.256,0.009053755532950163,0.01411445699762553,2251.916,2073.256,0.007419030278921128,0.013844781692698597,4503.832,4292.124,0.007377980668517318,0.01384522922102614,2251.916,2073.256,0.007377985509112477,0.01384545539803803,2251.916,2251.916,0.007379041315987706,0.013844781692698597,3530
music_brainz_20k,query2,8,1/4,66.95802506990731,62.940547693520784,3878324.0,1179520.0,0.0,0.0,7266.0,66.85224695689976,62.84481754153967,3872044.0,1179520.0,22.0,0.0,7266.0,51.57270418293774,47.5531175211072,3557603.0,1179520.0,1658.0,0.0,7266.0,50.745318714486956,47.5531175211072,3557603.0,2359040.0,1658.0,0.0,7266.0,50.74556490685791,47.5531175211072,3557603.0,1179520.0,1658.0,0.0,7266.0,50.765336147509515,47.5531175211072,3557603.0,1179520.0,1658.0,0.0,7266.0,62.940547693520784,3.943257532082498,0.07421984430402517,0.0,0.0,0.0,0.0,62.84481754153967,3.9329050621017814,0.07421984430402517,0.0,2.798810601234436e-05,0.00027652084827423096,0.0,47.5531175211072,3.943257532082498,0.07421984430402517,0.0,0.002109285444021225,0.0,0.0,47.5531175211072,3.1150498799979687,0.07421984430402517,0.0005456627854716823,0.002109285444021225,0.00027652084827423096,0.0,47.5531175211072,3.1150498799979687,0.07421984430402517,0.0007918551564216614,0.002109285444021225,0.00027652084827423096,0.0,47.5531175211072,3.1150498799979687,0.07421984430402517,0.0,0.002109285444021225,0.020839616656303406,0.0,0.0,0.0,0.0,0.0,0.0,0.0,0.0,0.0,0.0,0.0,0.0,0.0,31.024551208131015,1069060.0,30.91877309512347,1069060.0,27.181042559444904,1069060.0,26.818026653814563,2138120.0,26.818248531781137,1069060.0,26.82648131158203,1069060.0,0.0,0.0,0.0,0.0,0.0,0.0,0.0,0.0,0.0,0.0,0.0,0.0,35.93347386177629,110460.0,35.93347386177629,110460.0,24.391661623492837,110460.0,23.927292060672393,220920.0,23.92731637507677,110460.0,23.938854835927486,110460.0,4718.08,3637.884,0.008964164674282075,0.014404396559111774,4718.08,3637.884,0.008964164674282075,0.014404396559111774,4718.08,3637.884,0.006678787048906088,0.01423414163533598,9348.408,8183.616,0.0065879693664610385,0.014234659085867676,4718.08,3637.884,0.0065879693664610385,0.01423491589371115,4663.376,4663.376,0.006590357501059771,0.01423414163533598,7266
music_brainz_20k,query2,8,inf,66.95802506990731,62.940547693520784,3878324.0,1179520.0,0.0,0.0,7266.0,66.85224695689976,62.84481754153967,3872044.0,1179520.0,22.0,0.0,7266.0,51.57270418293774,47.5531175211072,3557603.0,1179520.0,1658.0,0.0,7266.0,50.745318714486956,47.5531175211072,3557603.0,2359040.0,1658.0,0.0,7266.0,50.74556490685791,47.5531175211072,3557603.0,1179520.0,1658.0,0.0,7266.0,50.765336147509515,47.5531175211072,3557603.0,1179520.0,1658.0,0.0,7266.0,62.940547693520784,3.943257532082498,0.07421984430402517,0.0,0.0,0.0,0.0,62.84481754153967,3.9329050621017814,0.07421984430402517,0.0,2.798810601234436e-05,0.00027652084827423096,0.0,47.5531175211072,3.943257532082498,0.07421984430402517,0.0,0.002109285444021225,0.0,0.0,47.5531175211072,3.1150498799979687,0.07421984430402517,0.0005456627854716823,0.002109285444021225,0.00027652084827423096,0.0,47.5531175211072,3.1150498799979687,0.07421984430402517,0.0007918551564216614,0.002109285444021225,0.00027652084827423096,0.0,47.5531175211072,3.1150498799979687,0.07421984430402517,0.0,0.002109285444021225,0.020839616656303406,0.0,0.0,0.0,0.0,0.0,0.0,0.0,0.0,0.0,0.0,0.0,0.0,0.0,31.024551208131015,1069060.0,30.91877309512347,1069060.0,27.181042559444904,1069060.0,26.818026653814563,2138120.0,26.818248531781137,1069060.0,26.82648131158203,1069060.0,0.0,0.0,0.0,0.0,0.0,0.0,0.0,0.0,0.0,0.0,0.0,0.0,35.93347386177629,110460.0,35.93347386177629,110460.0,24.391661623492837,110460.0,23.927292060672393,220920.0,23.92731637507677,110460.0,23.938854835927486,110460.0,4718.08,3637.884,0.008964164674282075,0.014404396559111774,4718.08,3637.884,0.008964164674282075,0.014404396559111774,4718.08,3637.884,0.006678787048906088,0.01423414163533598,9436.16,8205.272,0.0065879693664610385,0.014234659085867676,4718.08,3637.884,0.0065879693664610385,0.01423491589371115,4718.08,4718.08,0.006590357501059771,0.01423414163533598,7266
music_brainz_20k,query3,2,1/4,540.3304083077237,32.71000594459474,3269504092.0,3945253507.0,0.0,0.0,1340.0,541.2110802829266,31.53025414980948,3174942662.0,3833065602.0,34.0,0.0,1340.0,534.4615025036037,26.840878779999912,2578994766.0,3945253507.0,174.0,0.0,1340.0,553.0471031556327,26.840878779999912,2578994766.0,6944707300.0,174.0,0.0,1340.0,551.2842166982591,26.840878779999912,2578994766.0,3111641698.0,174.0,0.0,1340.0,552.0217580962926,26.603997462429106,2542411461.0,3067392721.0,180.0,6.0,1340.0,32.71000594459474,293.3392122704536,214.2811900926754,0.0,0.0,0.0,0.0,31.53025414980948,285.6332036340609,208.64148087333888,0.0,4.3254345655441284e-05,0.00042735040187835693,15.405671020969748,26.840878779999912,293.3392122704536,214.2811900926754,0.0,0.0002213604748249054,0.0,0.0,26.840878779999912,231.22769782692194,169.0060749547556,1.7732308509249617,0.0002213604748249054,0.00042735040187835693,124.1985720321536,26.840878779999912,231.22769782692194,169.0060749547556,0.01034439355134964,0.0002213604748249054,0.00042735040187835693,124.1985720321536,26.603997462429106,227.84500866010785,166.60631017107517,0.0,0.00022899359464645386,0.0022624433040618896,130.96395036578178,0.0,0.0,0.0,0.0,0.0,0.0,0.0,0.0,0.0,0.0,0.0,0.0,260.66501494683325,2066252373.0,261.50336487963796,1964710379.0,256.0753209358081,2066252373.0,265.2407313484123,3599367028.0,264.3380500068888,1634656649.0,264.49593671038747,1618258826.0,0.0,0.0,0.0,0.0,0.0,0.0,0.0,0.0,0.0,0.0,0.0,0.0,279.66539336089045,1879001134.0,279.7077154032886,1868355223.0,278.3861815677956,1879001134.0,287.80637180722044,3345340272.0,286.9461666913703,1476985049.0,287.52582138590515,1449133895.0,15781014.028,9745722.128,0.43527907848730685,0.7944527590170501,15332262.408,9296970.508,0.4353671374991536,0.7947952449714765,15781014.028,9745722.128,0.42989571928977965,0.7927831817304715,27164625.336,20565632.704,0.440566971895969,0.8219363959568763,12269570.884,9296970.508,0.4390905168596655,0.8193224176058546,11948274.404,11948274.404,0.4390823139045387,0.8201299924992025,1340
music_brainz_20k,query3,2,inf,540.3304083077237,32.71000594459474,3269504092.0,3945253507.0,0.0,0.0,1340.0,541.2110802829266,31.53025414980948,3174942662.0,3833065602.0,34.0,0.0,1340.0,534.2246288191527,26.603997462429106,2542411461.0,3945253507.0,180.0,0.0,1340.0,553.7931538543154,26.603997462429106,2542411461.0,6900458323.0,180.0,0.0,1340.0,552.0302673969418,26.603997462429106,2542411461.0,3067392721.0,180.0,0.0,1340.0,552.0217580962926,26.603997462429106,2542411461.0,3067392721.0,180.0,0.0,1340.0,32.71000594459474,293.3392122704536,214.2811900926754,0.0,0.0,0.0,0.0,31.53025414980948,285.6332036340609,208.64148087333888,0.0,4.3254345655441284e-05,0.00042735040187835693,15.405671020969748,26.603997462429106,293.3392122704536,214.2811900926754,0.0,0.00022899359464645386,0.0,0.0,26.603997462429106,227.84500866010785,166.60631017107517,1.7732308509249617,0.00022899359464645386,0.00042735040187835693,130.96395036578178,26.603997462429106,227.84500866010785,166.60631017107517,0.01034439355134964,0.00022899359464645386,0.00042735040187835693,130.96395036578178,26.603997462429106,227.84500866010785,166.60631017107517,0.0,0.00022899359464645386,0.0022624433040618896,130.96395036578178,0.0,0.0,0.0,0.0,0.0,0.0,0.0,0.0,0.0,0.0,0.0,0.0,260.66501494683325,2066252373.0,261.50336487963796,1964710379.0,255.9104536306113,2066252373.0,265.40379653325135,3582969205.0,264.5011151917279,1618258826.0,264.49593671038747,1618258826.0,0.0,0.0,0.0,0.0,0.0,0.0,0.0,0.0,0.0,0.0,0.0,0.0,279.66539336089045,1879001134.0,279.7077154032886,1868355223.0,278.3141751885414,1879001134.0,288.38935732106404,3317489118.0,287.5291522052139,1449133895.0,287.52582138590515,1449133895.0,15781014.028,9745722.128,0.43527907848730685,0.7944527590170501,15332262.408,9296970.508,0.4353671374991536,0.7947952449714765,15781014.028,9745722.128,0.4297858077529818,0.7927711381118744,27601833.292,21002840.66,0.4405675421932102,0.8227525756762574,12269570.884,9296970.508,0.4390910871569067,0.8201385973252355,12269570.884,12269570.884,0.4390823139045387,0.8201299924992025,1340
music_brainz_20k,query3,4,1/4,1048.3992674117908,61.80642973072827,6327401384.0,7641968803.0,0.0,0.0,2548.0,1049.469621608965,60.25772436428815,6203123973.0,7493176748.0,55.0,0.0,2548.0,1026.4122143294662,39.81851283367723,3676479650.0,7641968803.0,679.0,0.0,2548.0,1094.4153724685582,39.86185957957059,3681130595.0,11933874352.0,679.0,0.0,2548.0,1090.9692336795852,39.86185957957059,3681130595.0,4440697604.0,679.0,0.0,2548.0,1091.1435592127964,39.711051773279905,3667165396.0,4424299781.0,683.0,5.0,2548.0,61.80642973072827,569.7694680485874,416.8233696324751,0.0,0.0,0.0,0.0,60.25772436428815,559.2711158944294,408.9599308380857,0.0,6.99702650308609e-05,0.0006913021206855774,20.980089239776134,39.81851283367723,569.7694680485874,416.8233696324751,0.0,0.0008638147264719009,0.0,0.0,39.86185957957059,329.54855205118656,241.2033055331558,3.4664505021918424,0.0008638147264719009,0.0006913021206855774,480.33364968560636,39.86185957957059,329.54855205118656,241.2033055331558,0.020311713218688965,0.0008638147264719009,0.0006913021206855774,480.33364968560636,39.711051773279905,328.43897056300193,240.4324067812413,0.0,0.0008689034730195999,0.00858471542596817,482.55167647637427,0.0,0.0,0.0,0.0,0.0,0.0,0.0,0.0,0.0,0.0,0.0,0.0,493.49240832123905,3915318066.0,494.43550034519285,3794915107.0,476.884856169112,3915318066.0,507.9796044919998,6167144635.0,506.2361392453313,2372229528.0,506.3876564120874,2355831705.0,0.0,0.0,0.0,0.0,0.0,0.0,0.0,0.0,0.0,0.0,0.0,0.0,554.9068590905517,3726650737.0,555.0341212637722,3698261641.0,549.5273581603542,3726650737.0,586.4357679765585,5766729717.0,584.7330944342539,2068468076.0,584.755902800709,2068468076.0,30567875.212,10223372.644,0.4267870268821716,0.8501110801989211,29972706.992,9711606.884,0.4267870268821716,0.8503176771957427,30567875.212,10223372.644,0.4131665131356567,0.8462296370949596,44788086.676,23924439.388,0.4393305334392544,0.903503916157936,16827280.98,9711606.884,0.4378596368376166,0.9006958249075337,15272877.192,15244211.06,0.4378537968788296,0.9013934085948392,2548
music_brainz_20k,query3,4,inf,1048.3992674117908,61.80642973072827,6327401384.0,7641968803.0,0.0,0.0,2548.0,1049.469621608965,60.25772436428815,6203123973.0,7493176748.0,55.0,0.0,2548.0,1025.1516911257058,38.557936198078096,3487801756.0,7641968803.0,721.0,0.0,2548.0,1098.2851074198531,38.557936198078096,3487801756.0,11699996993.0,721.0,0.0,2548.0,1094.8389686308801,38.557936198078096,3487801756.0,4206820245.0,721.0,0.0,2548.0,1094.8270279578865,38.557936198078096,3487801756.0,4206820245.0,721.0,0.0,2548.0,61.80642973072827,569.7694680485874,416.8233696324751,0.0,0.0,0.0,0.0,60.25772436428815,559.2711158944294,408.9599308380857,0.0,6.99702650308609e-05,0.0006913021206855774,20.980089239776134,38.557936198078096,569.7694680485874,416.8233696324751,0.0,0.0009172465652227402,0.0,0.0,38.557936198078096,311.6497217975557,228.4980140356347,3.4664505021918424,0.0009172465652227402,0.0006913021206855774,516.111376337707,38.557936198078096,311.6497217975557,228.4980140356347,0.020311713218688965,0.0009172465652227402,0.0006913021206855774,516.111376337707,38.557936198078096,311.6497217975557,228.4980140356347,0.0,0.0009172465652227402,0.009062342345714569,516.111376337707,0.0,0.0,0.0,0.0,0.0,0.0,0.0,0.0,0.0,0.0,0.0,0.0,493.49240832123905,3915318066.0,494.43550034519285,3794915107.0,476.0709269391373,3915318066.0,508.806439232117,6081806764.0,507.0629739854485,2286891657.0,507.0556461829692,2286891657.0,0.0,0.0,0.0,0.0,0.0,0.0,0.0,0.0,0.0,0.0,0.0,0.0,554.9068590905517,3726650737.0,555.0341212637722,3698261641.0,549.0807641865686,3726650737.0,589.4786681877363,5618190229.0,587.7759946454316,1919928588.0,587.7713817749172,1919928588.0,30567875.212,10223372.644,0.4267870268821716,0.8501110801989211,29972706.992,9711606.884,0.4267870268821716,0.8503176771957427,30567875.212,10223372.644,0.41304325037822126,0.845970917936042,46799987.972,25686723.444,0.43987465435262585,0.9087041709011097,16827280.98,9711606.884,0.438403757750988,0.9058960796507075,16827280.98,16827280.98,0.4383974731862545,0.9058911173583939,2548
music_brainz_20k,query3,8,1/4,2003.695174147375,122.30067883990705,12097449749.0,14604368295.0,0.0,0.0,5192.0,2005.077759226784,120.36812867224216,11936176693.0,14409757631.0,73.0,0.0,5192.0,1946.2002417892218,64.8034590901807,5519767305.0,14604368295.0,1798.0,0.0,5192.0,2110.754609396744,64.75623510219157,5512222571.0,21057456683.0,1801.0,0.0,5192.0,2104.1283819926903,64.75623510219157,5512222571.0,6647699052.0,1801.0,0.0,5192.0,2104.738859957084,64.37863753736019,5472112552.0,6600153747.0,1808.0,7.0,5192.0,122.30067883990705,1085.9006989337504,795.4937963737175,0.0,0.0,0.0,0.0,120.36812867224216,1071.8593744840473,784.7893029656261,0.0,9.286962449550629e-05,0.0009175464510917664,28.059942688792944,64.8034590901807,1085.9006989337504,795.4937963737175,0.0,0.002287391573190689,0.0,0.0,64.75623510219157,492.9754768330604,360.8272693036124,6.666159528370261,0.0022912081331014633,0.0009175464510917664,1185.526259874925,64.75623510219157,492.9754768330604,360.8272693036124,0.03993212431669235,0.0022912081331014633,0.0009175464510917664,1185.526259874925,64.37863753736019,489.6310496525839,358.4857161967084,0.0,0.0023001134395599365,0.02272498607635498,1192.2184314709157,0.0,0.0,0.0,0.0,0.0,0.0,0.0,0.0,0.0,0.0,0.0,0.0,966.7111299671233,7664458112.0,967.781281080097,7523077003.0,922.5118174683303,7664458112.0,1003.7643180048233,11077381650.0,1000.3082684995607,3554304647.0,1000.6760234488174,3516043060.0,0.0,0.0,0.0,0.0,0.0,0.0,0.0,0.0,0.0,0.0,0.0,0.0,1036.9840441802517,6939910183.0,1037.2964781466872,6886680628.0,1023.6884243208915,6939910183.0,1106.9902913919204,9980075033.0,1103.8201134931296,3093394405.0,1104.0628365082666,3084110687.0,58417473.18,10816801.004,0.38894762023165824,0.8648413735557346,57639030.524,10244408.9,0.3889423042573035,0.8650688051292672,58417473.18,10816801.004,0.37003592354245485,0.8577599878674372,75819978.28,28064259.008,0.4067298852060663,0.9294962707515937,22318213.288,10244408.9,0.4053701154720038,0.9266473682932554,19070409.728,18917175.428,0.40536624418012795,0.9255589683534576,5192
music_brainz_20k,query3,8,inf,2003.695174147375,122.30067883990705,12097449749.0,14604368295.0,0.0,0.0,5192.0,2005.077759226784,120.36812867224216,11936176693.0,14409757631.0,73.0,0.0,5192.0,1939.4985892698169,58.101513967849314,4628223499.0,14604368295.0,2028.0,0.0,5192.0,2127.1506988546507,58.101513967849314,4628223499.0,19989310953.0,2028.0,0.0,5192.0,2120.524471450597,58.101513967849314,4628223499.0,5579553322.0,2028.0,0.0,5192.0,2120.5091119743884,58.101513967849314,4628223499.0,5579553322.0,2028.0,0.0,5192.0,122.30067883990705,1085.9006989337504,795.4937963737175,0.0,0.0,0.0,0.0,120.36812867224216,1071.8593744840473,784.7893029656261,0.0,9.286962449550629e-05,0.0009175464510917664,28.059942688792944,58.101513967849314,1085.9006989337504,795.4937963737175,0.0,0.00257999449968338,0.0,0.0,58.101513967849314,411.9726995686069,302.9986974708736,6.666159528370261,0.00257999449968338,0.0009175464510917664,1347.4081307779998,58.101513967849314,411.9726995686069,302.9986974708736,0.03993212431669235,0.00257999449968338,0.0009175464510917664,1347.4081307779998,58.101513967849314,411.9726995686069,302.9986974708736,0.0,0.00257999449968338,0.02549019455909729,1347.4081307779998,0.0,0.0,0.0,0.0,0.0,0.0,0.0,0.0,0.0,0.0,0.0,0.0,966.7111299671233,7664458112.0,967.781281080097,7523077003.0,918.0744529208168,7664458112.0,1007.8455117937317,10645737804.0,1004.3894622884691,3122660801.0,1004.3797086440027,3122660801.0,0.0,0.0,0.0,0.0,0.0,0.0,0.0,0.0,0.0,0.0,0.0,0.0,1036.9840441802517,6939910183.0,1037.2964781466872,6886680628.0,1021.424136349,6939910183.0,1119.3051870609188,9343573149.0,1116.135009162128,2456892521.0,1116.1294033303857,2456892521.0,58417473.18,10816801.004,0.38894762023165824,0.8648413735557346,57639030.524,10244408.9,0.3889423042573035,0.8650688051292672,58417473.18,10816801.004,0.36966176494397224,0.8552064923802389,79957243.812,31629737.64,0.407243991282277,0.9414433616545181,22318213.288,10244408.9,0.4058842215482146,0.93859445919618,22318213.288,22318213.288,0.4058804759476334,0.9385909725196658,5192
stockindex,query1,2,1/4,276.7396615119651,27.625645733438432,1528564386.0,1843321558.0,0.0,0.0,1176.0,278.53426335100085,27.37237786874175,1467858814.0,1771115091.0,10.0,0.0,1176.0,276.33498537912965,27.220890725031495,1457637594.0,1843321558.0,62.0,0.0,1176.0,279.51797418152853,27.220890725031495,1457637594.0,3529874376.0,62.0,0.0,1176.0,278.7028919989243,27.220890725031495,1457637594.0,1758759285.0,62.0,0.0,1176.0,278.6992846587673,27.220890725031495,1457637594.0,1758759285.0,62.0,0.0,1176.0,27.625645733438432,150.2669490687549,98.84706670977175,0.0,0.0,0.0,0.0,27.37237786874175,144.6348190875724,95.26489806361496,0.0,1.2721866369247437e-05,0.00012569129467010498,11.262029917910695,27.220890725031495,150.2669490687549,98.84706670977175,0.0,7.88755714893341e-05,0.0,0.0,27.220890725031495,143.60048340074718,94.58241130318493,0.81934311749355,7.88755714893341e-05,0.00012569129467010498,13.294641068205237,27.220890725031495,143.60048340074718,94.58241130318493,0.004260934889316559,7.88755714893341e-05,0.00012569129467010498,13.294641068205237,27.220890725031495,143.60048340074718,94.58241130318493,0.0,7.88755714893341e-05,0.0007792860269546509,13.294641068205237,0.0,0.0,0.0,0.0,0.0,0.0,0.0,0.0,0.0,0.0,0.0,0.0,0.3427423117682338,0.0,0.33951619267463684,0.0,0.30918403156101704,0.0,0.2915553990751505,0.0,0.2915553990751505,0.0,0.292133579030633,0.0,0.0,0.0,0.0,0.0,0.0,0.0,0.0,0.0,0.0,0.0,0.0,0.0,276.39691920019686,1843321558.0,278.1947471583262,1771115091.0,276.02580134756863,1843321558.0,279.2264187824534,3529874376.0,278.41133659984916,1758759285.0,278.40715107973665,1758759285.0,7373286.232,5649560.804,0.1154412861696508,0.6158784538849693,7084460.364,5360734.936,0.1154412861696508,0.6195314670445389,7373286.232,5649560.804,0.11524268023924057,0.6155832117784348,14119497.504,11953026.248,0.11572222309714904,0.6222079633847949,7035037.14,5360734.936,0.1154195894767721,0.6203373834212126,7035037.14,7035037.14,0.115416863641466,0.6203294330682364,1176
stockindex,query1,2,inf,276.7396615119651,27.625645733438432,1528564386.0,1843321558.0,0.0,0.0,1176.0,278.53426335100085,27.37237786874175,1467858814.0,1771115091.0,10.0,0.0,1176.0,276.33498537912965,27.220890725031495,1457637594.0,1843321558.0,62.0,0.0,1176.0,279.51797418152853,27.220890725031495,1457637594.0,3529874376.0,62.0,0.0,1176.0,278.7028919989243,27.220890725031495,1457637594.0,1758759285.0,62.0,0.0,1176.0,278.6992846587673,27.220890725031495,1457637594.0,1758759285.0,62.0,0.0,1176.0,27.625645733438432,150.2669490687549,98.84706670977175,0.0,0.0,0.0,0.0,27.37237786874175,144.6348190875724,95.26489806361496,0.0,1.2721866369247437e-05,0.00012569129467010498,11.262029917910695,27.220890725031495,150.2669490687549,98.84706670977175,0.0,7.88755714893341e-05,0.0,0.0,27.220890725031495,143.60048340074718,94.58241130318493,0.81934311749355,7.88755714893341e-05,0.00012569129467010498,13.294641068205237,27.220890725031495,143.60048340074718,94.58241130318493,0.004260934889316559,7.88755714893341e-05,0.00012569129467010498,13.294641068205237,27.220890725031495,143.60048340074718,94.58241130318493,0.0,7.88755714893341e-05,0.0007792860269546509,13.294641068205237,0.0,0.0,0.0,0.0,0.0,0.0,0.0,0.0,0.0,0.0,0.0,0.0,0.3427423117682338,0.0,0.33951619267463684,0.0,0.30918403156101704,0.0,0.2915553990751505,0.0,0.2915553990751505,0.0,0.292133579030633,0.0,0.0,0.0,0.0,0.0,0.0,0.0,0.0,0.0,0.0,0.0,0.0,0.0,276.39691920019686,1843321558.0,278.1947471583262,1771115091.0,276.02580134756863,1843321558.0,279.2264187824534,3529874376.0,278.41133659984916,1758759285.0,278.40715107973665,1758759285.0,7373286.232,5649560.804,0.1154412861696508,0.6158784538849693,7084460.364,5360734.936,0.1154412861696508,0.6195314670445389,7373286.232,5649560.804,0.11524268023924057,0.6155832117784348,14119497.504,11953026.248,0.11572222309714904,0.6222079633847949,7035037.14,5360734.936,0.1154195894767721,0.6203373834212126,7035037.14,7035037.14,0.115416863641466,0.6203294330682364,1176
stockindex,query1,4,1/4,553.1945411320776,60.595303904265165,3013810324.0,3635917299.0,0.0,0.0,2470.0,554.4959076950327,60.34574690461159,2967516925.0,3580731954.0,9.0,0.0,2470.0,552.0974564375356,59.497866814024746,2922261701.0,3635917299.0,277.0,0.0,2470.0,556.6785631211005,59.497866814024746,2922261701.0,7106783209.0,277.0,0.0,2470.0,555.0309015149251,59.497866814024746,2922261701.0,3526051255.0,277.0,0.0,2470.0,555.0254339436069,59.497866814024746,2922261701.0,3526051255.0,277.0,0.0,2470.0,60.595303904265165,297.18137099407613,195.41786623373628,0.0,0.0,0.0,0.0,60.34574690461159,292.85787464585155,192.6466555725783,0.0,1.1449679732322693e-05,0.00011312216520309448,8.64550600014627,59.497866814024746,297.18137099407613,195.41786623373628,0.0,0.000352395698428154,0.0,0.0,59.497866814024746,288.25412896089256,189.60648101568222,1.6564977041907725,0.000352395698428154,0.00011312216520309448,17.663123108446598,59.497866814024746,288.25412896089256,189.60648101568222,0.00883609801530838,0.000352395698428154,0.00011312216520309448,17.663123108446598,59.497866814024746,288.25412896089256,189.60648101568222,0.0,0.000352395698428154,0.003481648862361908,17.663123108446598,0.0,0.0,0.0,0.0,0.0,0.0,0.0,0.0,0.0,0.0,0.0,0.0,0.6996619049459696,0.0,0.6975111588835716,0.0,0.5446438295766711,0.0,0.4637555908411741,0.0,0.4637555908411741,0.0,0.46664649061858654,0.0,0.0,0.0,0.0,0.0,0.0,0.0,0.0,0.0,0.0,0.0,0.0,0.0,552.4948792271316,3635917299.0,553.7983965361491,3580731954.0,551.5528126079589,3635917299.0,556.2148075302593,7106783209.0,554.5671459240839,3526051255.0,554.5587874529883,3526051255.0,14543669.196,8227338.868,0.06900385447219014,0.8109441633587701,14322927.816,8033110.208,0.06900385447219014,0.8133620059058068,14543669.196,8227338.868,0.06878626811131835,0.8106567972978574,28427132.836,20789499.48,0.06903373443299136,0.8181566944343532,14104205.02,8033110.208,0.06889225986227393,0.8156104594253001,14104205.02,14104205.02,0.06889012311026455,0.8156012739054856,2470
stockindex,query1,4,inf,553.1945411320776,60.595303904265165,3013810324.0,3635917299.0,0.0,0.0,2470.0,554.4959076950327,60.34574690461159,2967516925.0,3580731954.0,9.0,0.0,2470.0,552.0974564375356,59.497866814024746,2922261701.0,3635917299.0,277.0,0.0,2470.0,556.6785631211005,59.497866814024746,2922261701.0,7106783209.0,277.0,0.0,2470.0,555.0309015149251,59.497866814024746,2922261701.0,3526051255.0,277.0,0.0,2470.0,555.0254339436069,59.497866814024746,2922261701.0,3526051255.0,277.0,0.0,2470.0,60.595303904265165,297.18137099407613,195.41786623373628,0.0,0.0,0.0,0.0,60.34574690461159,292.85787464585155,192.6466555725783,0.0,1.1449679732322693e-05,0.00011312216520309448,8.64550600014627,59.497866814024746,297.18137099407613,195.41786623373628,0.0,0.000352395698428154,0.0,0.0,59.497866814024746,288.25412896089256,189.60648101568222,1.6564977041907725,0.000352395698428154,0.00011312216520309448,17.663123108446598,59.497866814024746,288.25412896089256,189.60648101568222,0.00883609801530838,0.000352395698428154,0.00011312216520309448,17.663123108446598,59.497866814024746,288.25412896089256,189.60648101568222,0.0,0.000352395698428154,0.003481648862361908,17.663123108446598,0.0,0.0,0.0,0.0,0.0,0.0,0.0,0.0,0.0,0.0,0.0,0.0,0.6996619049459696,0.0,0.6975111588835716,0.0,0.5446438295766711,0.0,0.4637555908411741,0.0,0.4637555908411741,0.0,0.46664649061858654,0.0,0.0,0.0,0.0,0.0,0.0,0.0,0.0,0.0,0.0,0.0,0.0,0.0,552.4948792271316,3635917299.0,553.7983965361491,3580731954.0,551.5528126079589,3635917299.0,556.2148075302593,7106783209.0,554.5671459240839,3526051255.0,554.5587874529883,3526051255.0,14543669.196,8227338.868,0.06900385447219014,0.8109441633587701,14322927.816,8033110.208,0.06900385447219014,0.8133620059058068,14543669.196,8227338.868,0.06878626811131835,0.8106567972978574,28427132.836,20789499.48,0.06903373443299136,0.8181566944343532,14104205.02,8033110.208,0.06889225986227393,0.8156104594253001,14104205.02,14104205.02,0.06889012311026455,0.8156012739054856,2470
stockindex,query1,8,1/4,1090.0061792321503,122.59474446438253,5934987591.0,7156591392.0,0.0,0.0,4884.0,1093.417043644935,121.8497843304649,5810519567.0,7008056479.0,26.0,0.0,4884.0,1086.392672760412,118.98017190024257,5688374980.0,7156591392.0,838.0,0.0,4884.0,1097.443317868343,118.98017190024257,5688374980.0,13868665388.0,838.0,0.0,4884.0,1094.218686601147,118.98017190024257,5688374980.0,6860608909.0,838.0,0.0,4884.0,1094.211497059092,118.98017190024257,5688374980.0,6860608909.0,838.0,0.0,4884.0,122.59474446438253,583.5130993258208,383.898335441947,0.0,0.0,0.0,0.0,121.8497843304649,571.851243914105,376.3956614434719,0.0,3.3076852560043335e-05,0.00032679736614227295,23.319994082674384,118.98017190024257,583.5130993258208,383.898335441947,0.0,0.0010660924017429352,0.0,0.0,118.98017190024257,559.4568136055022,368.2405220400542,3.2420269423782644,0.0010660924017429352,0.00032679736614227295,47.52239049039781,118.98017190024257,559.4568136055022,368.2405220400542,0.01739567518234253,0.0010660924017429352,0.00032679736614227295,47.52239049039781,118.98017190024257,559.4568136055022,368.2405220400542,0.0,0.0010660924017429352,0.010532930493354797,47.52239049039781,0.0,0.0,0.0,0.0,0.0,0.0,0.0,0.0,0.0,0.0,0.0,0.0,1.4037889130413532,0.0,1.3984120478853583,0.0,0.9527267031371593,0.0,0.7164869410917163,0.0,0.7164869410917163,0.0,0.7249082578346133,0.0,0.0,0.0,0.0,0.0,0.0,0.0,0.0,0.0,0.0,0.0,0.0,0.0,1088.602390319109,7156591392.0,1092.0186315970495,7008056479.0,1085.439946057275,7156591392.0,1096.7268309272513,13868665388.0,1093.5021996600553,6860608909.0,1093.4865888012573,6860608909.0,28626365.568,11864749.532,0.06673307103291154,0.913037093778513,28032225.916,11470085.652,0.06673307103291154,0.9160050702450794,28626365.568,11864749.532,0.06660489153116941,0.9124073353728277,55474661.552,35626168.008,0.06674783810391184,0.9209251123372876,27442435.636,11470085.652,0.06660690259188413,0.918056442037597,27442435.636,27442435.636,0.06660489153116941,0.9180467210728672,4884
stockindex,query1,8,inf,1090.0061792321503,122.59474446438253,5934987591.0,7156591392.0,0.0,0.0,4884.0,1093.417043644935,121.8497843304649,5810519567.0,7008056479.0,26.0,0.0,4884.0,1086.392672760412,118.98017190024257,5688374980.0,7156591392.0,838.0,0.0,4884.0,1097.443317868343,118.98017190024257,5688374980.0,13868665388.0,838.0,0.0,4884.0,1094.218686601147,118.98017190024257,5688374980.0,6860608909.0,838.0,0.0,4884.0,1094.211497059092,118.98017190024257,5688374980.0,6860608909.0,838.0,0.0,4884.0,122.59474446438253,583.5130993258208,383.898335441947,0.0,0.0,0.0,0.0,121.8497843304649,571.851243914105,376.3956614434719,0.0,3.3076852560043335e-05,0.00032679736614227295,23.319994082674384,118.98017190024257,583.5130993258208,383.898335441947,0.0,0.0010660924017429352,0.0,0.0,118.98017190024257,559.4568136055022,368.2405220400542,3.2420269423782644,0.0010660924017429352,0.00032679736614227295,47.52239049039781,118.98017190024257,559.4568136055022,368.2405220400542,0.01739567518234253,0.0010660924017429352,0.00032679736614227295,47.52239049039781,118.98017190024257,559.4568136055022,368.2405220400542,0.0,0.0010660924017429352,0.010532930493354797,47.52239049039781,0.0,0.0,0.0,0.0,0.0,0.0,0.0,0.0,0.0,0.0,0.0,0.0,1.4037889130413532,0.0,1.3984120478853583,0.0,0.9527267031371593,0.0,0.7164869410917163,0.0,0.7164869410917163,0.0,0.7249082578346133,0.0,0.0,0.0,0.0,0.0,0.0,0.0,0.0,0.0,0.0,0.0,0.0,0.0,1088.602390319109,7156591392.0,1092.0186315970495,7008056479.0,1085.439946057275,7156591392.0,1096.7268309272513,13868665388.0,1093.5021996600553,6860608909.0,1093.4865888012573,6860608909.0,28626365.568,11864749.532,0.06673307103291154,0.913037093778513,28032225.916,11470085.652,0.06673307103291154,0.9160050702450794,28626365.568,11864749.532,0.06660489153116941,0.9124073353728277,55474661.552,35626168.008,0.06674783810391184,0.9209251123372876,27442435.636,11470085.652,0.06660690259188413,0.918056442037597,27442435.636,27442435.636,0.06660489153116941,0.9180467210728672,4884
stockindex,query2,2,1/4,65.17433017119765,13.918903101235628,294326196.0,359445366.0,0.0,0.0,1179.0,65.08164025843143,13.81485463026911,294034395.0,359088081.0,6.0,0.0,1179.0,64.78107939753681,13.525539102964103,290137191.0,359445366.0,89.0,0.0,1179.0,65.05283227285861,13.525539102964103,290137191.0,713462432.0,89.0,0.0,1179.0,64.89130073413253,13.525539102964103,290137191.0,354374351.0,89.0,0.0,1179.0,64.88775623962283,13.525539102964103,290137191.0,354374351.0,89.0,0.0,1179.0,13.918903101235628,30.45108482707292,20.804342242889106,0.0,0.0,0.0,0.0,13.81485463026911,30.41718301270157,20.781715938821435,0.0,7.633119821548462e-06,7.541477680206299e-05,0.06780362874269485,13.525539102964103,30.45108482707292,20.804342242889106,0.0,0.00011322461068630219,0.0,0.0,13.525539102964103,29.993039296008646,20.506911540403962,0.16611927098153578,0.00011322461068630219,7.541477680206299e-05,0.8610344231128693,13.525539102964103,29.993039296008646,20.506911540403962,0.004587732255458832,0.00011322461068630219,7.541477680206299e-05,0.8610344231128693,13.525539102964103,29.993039296008646,20.506911540403962,0.0,0.00011322461068630219,0.0011186525225639343,0.8610344231128693,0.0,0.0,0.0,0.0,0.0,0.0,0.0,0.0,0.0,0.0,0.0,0.0,0.4053170718252659,0.0,0.4053170718252659,0.0,0.36044266913086176,0.0,0.3370986906811595,0.0,0.3370986906811595,0.0,0.3379408223554492,0.0,0.0,0.0,0.0,0.0,0.0,0.0,0.0,0.0,0.0,0.0,0.0,0.0,64.76901309937239,359445366.0,64.67632318660617,359088081.0,64.42063672840595,359445366.0,64.71573358217745,713462432.0,64.55420204345137,354374351.0,64.54981541726738,354374351.0,1437781.464,1346312.492,0.017863980030751455,0.177162799029611,1436352.324,1345109.744,0.01782920055872745,0.177162799029611,1437781.464,1346312.492,0.01744740352752792,0.1770533770713481,2853849.728,2756425.032,0.017481751891036595,0.17784614360278514,1417497.404,1345109.744,0.017469170878215107,0.17734294887612392,1417497.404,1417497.404,0.01746728018289274,0.17733357528804683,1179
stockindex,query2,2,inf,65.17433017119765,13.918903101235628,294326196.0,359445366.0,0.0,0.0,1179.0,65.08164025843143,13.81485463026911,294034395.0,359088081.0,6.0,0.0,1179.0,64.78107939753681,13.525539102964103,290137191.0,359445366.0,89.0,0.0,1179.0,65.05283227285861,13.525539102964103,290137191.0,713462432.0,89.0,0.0,1179.0,64.89130073413253,13.525539102964103,290137191.0,354374351.0,89.0,0.0,1179.0,64.88775623962283,13.525539102964103,290137191.0,354374351.0,89.0,0.0,1179.0,13.918903101235628,30.45108482707292,20.804342242889106,0.0,0.0,0.0,0.0,13.81485463026911,30.41718301270157,20.781715938821435,0.0,7.633119821548462e-06,7.541477680206299e-05,0.06780362874269485,13.525539102964103,30.45108482707292,20.804342242889106,0.0,0.00011322461068630219,0.0,0.0,13.525539102964103,29.993039296008646,20.506911540403962,0.16611927098153578,0.00011322461068630219,7.541477680206299e-05,0.8610344231128693,13.525539102964103,29.993039296008646,20.506911540403962,0.004587732255458832,0.00011322461068630219,7.541477680206299e-05,0.8610344231128693,13.525539102964103,29.993039296008646,20.506911540403962,0.0,0.00011322461068630219,0.0011186525225639343,0.8610344231128693,0.0,0.0,0.0,0.0,0.0,0.0,0.0,0.0,0.0,0.0,0.0,0.0,0.4053170718252659,0.0,0.4053170718252659,0.0,0.36044266913086176,0.0,0.3370986906811595,0.0,0.3370986906811595,0.0,0.3379408223554492,0.0,0.0,0.0,0.0,0.0,0.0,0.0,0.0,0.0,0.0,0.0,0.0,0.0,64.76901309937239,359445366.0,64.67632318660617,359088081.0,64.42063672840595,359445366.0,64.71573358217745,713462432.0,64.55420204345137,354374351.0,64.54981541726738,354374351.0,1437781.464,1346312.492,0.017863980030751455,0.177162799029611,1436352.324,1345109.744,0.01782920055872745,0.177162799029611,1437781.464,1346312.492,0.01744740352752792,0.1770533770713481,2853849.728,2756425.032,0.017481751891036595,0.17784614360278514,1417497.404,1345109.744,0.017469170878215107,0.17734294887612392,1417497.404,1417497.404,0.01746728018289274,0.17733357528804683,1179
stockindex,query2,4,1/4,124.65586452744901,27.812855481170118,555676964.0,678624196.0,0.0,0.0,2299.0,124.3687803633511,27.493805228732526,554880900.0,677649036.0,19.0,0.0,2299.0,122.9006483303383,26.05716221407056,521276035.0,678624196.0,375.0,0.0,2299.0,124.17735357115721,26.05716221407056,521276035.0,1314419005.0,375.0,0.0,2299.0,123.87291322927922,26.05716221407056,521276035.0,636769969.0,375.0,0.0,2299.0,123.86833806615323,26.05716221407056,521276035.0,636769969.0,375.0,0.0,2299.0,27.812855481170118,57.552071971818805,39.29093707446009,0.0,0.0,0.0,0.0,27.493805228732526,57.45805059559643,39.22861880157143,0.0,2.417154610157013e-05,0.00023881345987319946,0.1880427524447441,26.05716221407056,57.552071971818805,39.29093707446009,0.0,0.00047706998884677887,0.0,0.0,26.05716221407056,53.929311723448336,36.86564880236983,0.313490115094242,0.00047706998884677887,0.00023881345987319946,7.011024832725525,26.05716221407056,53.929311723448336,36.86564880236983,0.009049773216247559,0.00047706998884677887,0.00023881345987319946,7.011024832725525,26.05716221407056,53.929311723448336,36.86564880236983,0.0,0.00047706998884677887,0.004713423550128937,7.011024832725525,0.0,0.0,0.0,0.0,0.0,0.0,0.0,0.0,0.0,0.0,0.0,0.0,0.784071727655828,0.0,0.784071727655828,0.0,0.5991728669032454,0.0,0.5026257839053869,0.0,0.5026257839053869,0.0,0.5060948636382818,0.0,0.0,0.0,0.0,0.0,0.0,0.0,0.0,0.0,0.0,0.0,0.0,0.0,123.87179279979318,678624196.0,123.58470863569528,677649036.0,122.30147546343505,678624196.0,123.67472778725183,1314419005.0,123.37028744537383,636769969.0,123.36224320251495,636769969.0,2714496.784,2237064.56,0.014505887145802438,0.23092879265855967,2710596.144,2234312.844,0.014295254943341862,0.23092879265855967,2714496.784,2237064.56,0.013649948193929215,0.23033576609985323,5257676.02,4732375.172,0.013702848736032737,0.23274893199118155,2547079.876,2234312.844,0.013702674840505306,0.23208264249983995,2547079.876,2547079.876,0.013701046451262617,0.23207284926516006,2299
stockindex,query2,4,inf,124.65586452744901,27.812855481170118,555676964.0,678624196.0,0.0,0.0,2299.0,124.3687803633511,27.493805228732526,554880900.0,677649036.0,19.0,0.0,2299.0,122.9006483303383,26.05716221407056,521276035.0,678624196.0,375.0,0.0,2299.0,124.17735357115721,26.05716221407056,521276035.0,1314419005.0,375.0,0.0,2299.0,123.87291322927922,26.05716221407056,521276035.0,636769969.0,375.0,0.0,2299.0,123.86833806615323,26.05716221407056,521276035.0,636769969.0,375.0,0.0,2299.0,27.812855481170118,57.552071971818805,39.29093707446009,0.0,0.0,0.0,0.0,27.493805228732526,57.45805059559643,39.22861880157143,0.0,2.417154610157013e-05,0.00023881345987319946,0.1880427524447441,26.05716221407056,57.552071971818805,39.29093707446009,0.0,0.00047706998884677887,0.0,0.0,26.05716221407056,53.929311723448336,36.86564880236983,0.313490115094242,0.00047706998884677887,0.00023881345987319946,7.011024832725525,26.05716221407056,53.929311723448336,36.86564880236983,0.009049773216247559,0.00047706998884677887,0.00023881345987319946,7.011024832725525,26.05716221407056,53.929311723448336,36.86564880236983,0.0,0.00047706998884677887,0.004713423550128937,7.011024832725525,0.0,0.0,0.0,0.0,0.0,0.0,0.0,0.0,0.0,0.0,0.0,0.0,0.784071727655828,0.0,0.784071727655828,0.0,0.5991728669032454,0.0,0.5026257839053869,0.0,0.5026257839053869,0.0,0.5060948636382818,0.0,0.0,0.0,0.0,0.0,0.0,0.0,0.0,0.0,0.0,0.0,0.0,0.0,123.87179279979318,678624196.0,123.58470863569528,677649036.0,122.30147546343505,678624196.0,123.67472778725183,1314419005.0,123.37028744537383,636769969.0,123.36224320251495,636769969.0,2714496.784,2237064.56,0.014505887145802438,0.23092879265855967,2710596.144,2234312.844,0.014295254943341862,0.23092879265855967,2714496.784,2237064.56,0.013649948193929215,0.23033576609985323,5257676.02,4732375.172,0.013702848736032737,0.23274893199118155,2547079.876,2234312.844,0.013702674840505306,0.23208264249983995,2547079.876,2547079.876,0.013701046451262617,0.23207284926516006,2299
stockindex,query2,8,1/4,257.4425488682464,54.32586560770869,1165906835.0,1423839415.0,0.0,0.0,4575.0,257.17198221571743,54.02614616975188,1165184999.0,1422955051.0,18.0,0.0,4575.0,251.12726192735136,48.0090189659968,994336243.0,1423839415.0,1226.0,0.0,4575.0,256.72704167717234,48.0090189659968,994336243.0,2637509054.0,1226.0,0.0,4575.0,256.0863088676706,48.0090189659968,994336243.0,1214554003.0,1226.0,0.0,4575.0,256.0839458713308,48.0090189659968,994336243.0,1214554003.0,1226.0,0.0,4575.0,54.32586560770869,120.6626352109015,82.45404804963619,0.0,0.0,0.0,0.0,54.02614616975188,120.57708832249045,82.39740480296314,0.0,2.2899359464645386e-05,0.00022624433040618896,0.17109377682209015,48.0090189659968,120.6626352109015,82.45404804963619,0.0,0.0015597008168697357,0.0,0.0,48.0090189659968,102.79599355626851,70.33037201222032,0.6582793142377067,0.0015597008168697357,0.00022624433040618896,34.931591883301735,48.0090189659968,102.79599355626851,70.33037201222032,0.017546504735946655,0.0015597008168697357,0.00022624433040618896,34.931591883301735,48.0090189659968,102.79599355626851,70.33037201222032,0.0,0.0015597008168697357,0.01540975272655487,34.931591883301735,0.0,0.0,0.0,0.0,0.0,0.0,0.0,0.0,0.0,0.0,0.0,0.0,1.5727955540642142,0.0,1.5727955540642142,0.0,0.9975337013602257,0.0,0.6970329415053129,0.0,0.6970329415053129,0.0,0.707917807623744,0.0,0.0,0.0,0.0,0.0,0.0,0.0,0.0,0.0,0.0,0.0,0.0,0.0,255.86975331418216,1423839415.0,255.59918666165322,1422955051.0,250.12972822599113,1423839415.0,256.030008735667,2637509054.0,255.38927592616528,1214554003.0,255.37602806370705,1214554003.0,5695357.66,3659574.44,0.014497629689052702,0.2654353544227776,5691820.204,3658728.244,0.014427528083324433,0.2654295530941335,5695357.66,3659574.44,0.012895004153251647,0.2635578498445449,10538868.316,8341276.6,0.012986278492529799,0.26981265882951966,4858216.012,3658728.244,0.012986223427578807,0.269040562204085,4847048.112,4847048.112,0.012985972044989467,0.26903101720716777,4575
stockindex,query2,8,inf,257.4425488682464,54.32586560770869,1165906835.0,1423839415.0,0.0,0.0,4575.0,257.17198221571743,54.02614616975188,1165184999.0,1422955051.0,18.0,0.0,4575.0,251.12726192735136,48.0090189659968,994336243.0,1423839415.0,1226.0,0.0,4575.0,256.72704167717234,48.0090189659968,994336243.0,2637509054.0,1226.0,0.0,4575.0,256.0863088676706,48.0090189659968,994336243.0,1214554003.0,1226.0,0.0,4575.0,256.0839458713308,48.0090189659968,994336243.0,1214554003.0,1226.0,0.0,4575.0,54.32586560770869,120.6626352109015,82.45404804963619,0.0,0.0,0.0,0.0,54.02614616975188,120.57708832249045,82.39740480296314,0.0,2.2899359464645386e-05,0.00022624433040618896,0.17109377682209015,48.0090189659968,120.6626352109015,82.45404804963619,0.0,0.0015597008168697357,0.0,0.0,48.0090189659968,102.79599355626851,70.33037201222032,0.6582793142377067,0.0015597008168697357,0.00022624433040618896,34.931591883301735,48.0090189659968,102.79599355626851,70.33037201222032,0.017546504735946655,0.0015597008168697357,0.00022624433040618896,34.931591883301735,48.0090189659968,102.79599355626851,70.33037201222032,0.0,0.0015597008168697357,0.01540975272655487,34.931591883301735,0.0,0.0,0.0,0.0,0.0,0.0,0.0,0.0,0.0,0.0,0.0,0.0,1.5727955540642142,0.0,1.5727955540642142,0.0,0.9975337013602257,0.0,0.6970329415053129,0.0,0.6970329415053129,0.0,0.707917807623744,0.0,0.0,0.0,0.0,0.0,0.0,0.0,0.0,0.0,0.0,0.0,0.0,0.0,255.86975331418216,1423839415.0,255.59918666165322,1422955051.0,250.12972822599113,1423839415.0,256.030008735667,2637509054.0,255.38927592616528,1214554003.0,255.37602806370705,1214554003.0,5695357.66,3659574.44,0.014497629689052702,0.2654353544227776,5691820.204,3658728.244,0.014427528083324433,0.2654295530941335,5695357.66,3659574.44,0.012895004153251647,0.2635578498445449,10550036.216,8341276.6,0.012986278492529799,0.26981265882951966,4858216.012,3658728.244,0.012986223427578807,0.269040562204085,4858216.012,4858216.012,0.012985972044989467,0.26903101720716777,4575
stockindex,query3,2,1/4,605.8438719240949,42.31496498826891,3415850409.0,4151260434.0,0.0,0.0,1408.0,606.3453969927505,41.8939025234431,3380370389.0,4108070083.0,12.0,0.0,1408.0,603.8986336644739,40.36956007219851,3219826905.0,4151260434.0,131.0,0.0,1408.0,610.9432877770505,40.36956007219851,3219826905.0,8020428671.0,131.0,0.0,1408.0,609.0496735349298,40.36956007219851,3219826905.0,3912358588.0,131.0,0.0,1408.0,609.0443316549063,40.36956007219851,3219826905.0,3912358588.0,131.0,0.0,1408.0,42.31496498826891,328.9761195303872,234.55278740543872,0.0,0.0,0.0,0.0,41.8939025234431,325.579421531409,232.0821980861947,0.0,1.5266239643096924e-05,0.00015082955360412598,6.789708755910397,40.36956007219851,328.9761195303872,234.55278740543872,0.0,0.00016665644943714142,0.0,0.0,40.36956007219851,310.0131069943309,220.81380665302277,1.9004518485508217,0.00016665644943714142,0.00015082955360412598,37.8460447229445,40.36956007219851,310.0131069943309,220.81380665302277,0.006837606430053711,0.00016665644943714142,0.00015082955360412598,37.8460447229445,40.36956007219851,310.0131069943309,220.81380665302277,0.0,0.00016665644943714142,0.0016465559601783752,37.8460447229445,0.0,0.0,0.0,0.0,0.0,0.0,0.0,0.0,0.0,0.0,0.0,0.0,0.4659126689657569,0.0,0.46062432136386633,0.0,0.4101452864706516,0.0,0.3807601062580943,0.0,0.3807601062580943,0.0,0.38175306748598814,0.0,0.0,0.0,0.0,0.0,0.0,0.0,0.0,0.0,0.0,0.0,0.0,0.0,605.3779592551291,4151260434.0,605.8847726713866,4108070083.0,603.4884883780032,4151260434.0,610.5625276707924,8020428671.0,608.6689134286717,3912358588.0,608.6625785874203,3912358588.0,16605041.736,10289492.468,0.3399435325358063,1.1610378775460644,16432280.332,10185198.876,0.3399435325358063,1.1618413440352306,16605041.736,10289492.468,0.337565552925691,1.1599478171519935,32081714.684,25145076.692,0.34136398820706926,1.173973300272213,15649434.352,10185198.876,0.3403255293723196,1.170273950787261,15649434.352,15649434.352,0.34032107990048827,1.1702630960870533,1408
stockindex,query3,2,inf,605.8438719240949,42.31496498826891,3415850409.0,4151260434.0,0.0,0.0,1408.0,606.3453969927505,41.8939025234431,3380370389.0,4108070083.0,12.0,0.0,1408.0,603.8986336644739,40.36956007219851,3219826905.0,4151260434.0,131.0,0.0,1408.0,610.9432877770505,40.36956007219851,3219826905.0,8020428671.0,131.0,0.0,1408.0,609.0496735349298,40.36956007219851,3219826905.0,3912358588.0,131.0,0.0,1408.0,609.0443316549063,40.36956007219851,3219826905.0,3912358588.0,131.0,0.0,1408.0,42.31496498826891,328.9761195303872,234.55278740543872,0.0,0.0,0.0,0.0,41.8939025234431,325.579421531409,232.0821980861947,0.0,1.5266239643096924e-05,0.00015082955360412598,6.789708755910397,40.36956007219851,328.9761195303872,234.55278740543872,0.0,0.00016665644943714142,0.0,0.0,40.36956007219851,310.0131069943309,220.81380665302277,1.9004518485508217,0.00016665644943714142,0.00015082955360412598,37.8460447229445,40.36956007219851,310.0131069943309,220.81380665302277,0.006837606430053711,0.00016665644943714142,0.00015082955360412598,37.8460447229445,40.36956007219851,310.0131069943309,220.81380665302277,0.0,0.00016665644943714142,0.0016465559601783752,37.8460447229445,0.0,0.0,0.0,0.0,0.0,0.0,0.0,0.0,0.0,0.0,0.0,0.0,0.4659126689657569,0.0,0.46062432136386633,0.0,0.4101452864706516,0.0,0.3807601062580943,0.0,0.3807601062580943,0.0,0.38175306748598814,0.0,0.0,0.0,0.0,0.0,0.0,0.0,0.0,0.0,0.0,0.0,0.0,0.0,605.3779592551291,4151260434.0,605.8847726713866,4108070083.0,603.4884883780032,4151260434.0,610.5625276707924,8020428671.0,608.6689134286717,3912358588.0,608.6625785874203,3912358588.0,16605041.736,10289492.468,0.3399435325358063,1.1610378775460644,16432280.332,10185198.876,0.3399435325358063,1.1618413440352306,16605041.736,10289492.468,0.337565552925691,1.1599478171519935,32081714.684,25145076.692,0.34136398820706926,1.173973300272213,15649434.352,10185198.876,0.3403255293723196,1.170273950787261,15649434.352,15649434.352,0.34032107990048827,1.1702630960870533,1408
stockindex,query3,4,1/4,1224.8270819373429,78.27591794356704,6958096788.0,8453251793.0,0.0,0.0,2885.0,1225.9633914269507,77.27679579425603,6876516174.0,8353903616.0,33.0,0.0,2885.0,1214.2508057709783,67.69876905716956,5893195178.0,8453251793.0,686.0,0.0,2885.0,1246.1351155515238,67.69876905716956,5893195178.0,15509364783.0,686.0,0.0,2885.0,1242.284407111816,67.69876905716956,5893195178.0,7155461167.0,686.0,0.0,2885.0,1242.2786881579086,67.69876905716956,5893195178.0,7155461167.0,686.0,0.0,2885.0,78.27591794356704,669.8609916828573,476.69017231091857,0.0,0.0,0.0,0.0,77.27679579425603,662.0192314824089,470.99436021596193,0.0,4.198215901851654e-05,0.00041478127241134644,15.672547170892358,67.69876905716956,669.8609916828573,476.69017231091857,0.0,0.0008727200329303741,0.0,0.0,67.69876905716956,566.8324722414836,402.1096406597644,3.8646350351571144,0.0008727200329303741,0.00041478127241134644,205.62831105664372,67.69876905716956,566.8324722414836,402.1096406597644,0.013926595449447632,0.0008727200329303741,0.00041478127241134644,205.62831105664372,67.69876905716956,566.8324722414836,402.1096406597644,0.0,0.0008727200329303741,0.008622422814369202,205.62831105664372,0.0,0.0,0.0,0.0,0.0,0.0,0.0,0.0,0.0,0.0,0.0,0.0,0.9674670258536935,0.0,0.9518675357103348,0.0,0.6837268294766545,0.0,0.5351139437407255,0.0,0.5351139437407255,0.0,0.5402924250811338,0.0,0.0,0.0,0.0,0.0,0.0,0.0,0.0,0.0,0.0,0.0,0.0,0.0,1223.8596149114892,8453251793.0,1225.0115238912404,8353903616.0,1213.5670789415017,8453251793.0,1245.600001607783,15509364783.0,1241.7492931680754,7155461167.0,1241.7383957328275,7155461167.0,33813007.172,12552819.452,0.31082762870006264,1.2924025122391058,33415614.464,12360182.708,0.31082762870006264,1.294165449117869,33813007.172,12552819.452,0.3028379879966378,1.2897303710097445,62037459.132,38570629.212,0.3118397762930908,1.3332546587843137,28621844.668,12360182.708,0.31088090722262857,1.3291175873093304,28621844.668,28621844.668,0.31087665885686877,1.3291091861031947,2885
stockindex,query3,4,inf,1224.8270819373429,78.27591794356704,6958096788.0,8453251793.0,0.0,0.0,2885.0,1225.9633914269507,77.27679579425603,6876516174.0,8353903616.0,33.0,0.0,2885.0,1214.2508057709783,67.69876905716956,5893195178.0,8453251793.0,686.0,0.0,2885.0,1246.1351155515238,67.69876905716956,5893195178.0,15509364783.0,686.0,0.0,2885.0,1242.284407111816,67.69876905716956,5893195178.0,7155461167.0,686.0,0.0,2885.0,1242.2786881579086,67.69876905716956,5893195178.0,7155461167.0,686.0,0.0,2885.0,78.27591794356704,669.8609916828573,476.69017231091857,0.0,0.0,0.0,0.0,77.27679579425603,662.0192314824089,470.99436021596193,0.0,4.198215901851654e-05,0.00041478127241134644,15.672547170892358,67.69876905716956,669.8609916828573,476.69017231091857,0.0,0.0008727200329303741,0.0,0.0,67.69876905716956,566.8324722414836,402.1096406597644,3.8646350351571144,0.0008727200329303741,0.00041478127241134644,205.62831105664372,67.69876905716956,566.8324722414836,402.1096406597644,0.013926595449447632,0.0008727200329303741,0.00041478127241134644,205.62831105664372,67.69876905716956,566.8324722414836,402.1096406597644,0.0,0.0008727200329303741,0.008622422814369202,205.62831105664372,0.0,0.0,0.0,0.0,0.0,0.0,0.0,0.0,0.0,0.0,0.0,0.0,0.9674670258536935,0.0,0.9518675357103348,0.0,0.6837268294766545,0.0,0.5351139437407255,0.0,0.5351139437407255,0.0,0.5402924250811338,0.0,0.0,0.0,0.0,0.0,0.0,0.0,0.0,0.0,0.0,0.0,0.0,0.0,1223.8596149114892,8453251793.0,1225.0115238912404,8353903616.0,1213.5670789415017,8453251793.0,1245.600001607783,15509364783.0,1241.7492931680754,7155461167.0,1241.7383957328275,7155461167.0,33813007.172,12552819.452,0.31082762870006264,1.2924025122391058,33415614.464,12360182.708,0.31082762870006264,1.294165449117869,33813007.172,12552819.452,0.3028379879966378,1.2897303710097445,62037459.132,38570629.212,0.3118397762930908,1.3332546587843137,28621844.668,12360182.708,0.31088090722262857,1.3291175873093304,28621844.668,28621844.668,0.31087665885686877,1.3291091861031947,2885
stockindex,query3,8,1/4,2517.2505575334653,169.58477230928838,14261941173.0,17320168574.0,0.0,0.0,5846.0,2519.3952940255404,167.74711293168366,14109404534.0,17134439695.0,52.0,0.0,5846.0,2481.96872563567,134.3003807719797,10764721876.0,17320168574.0,2012.0,0.0,5846.0,2582.652940246271,134.3003807719797,10764721876.0,30195003997.0,2012.0,0.0,5846.0,2574.7542199464515,134.3003807719797,10764721876.0,13060564302.0,2012.0,0.0,5846.0,2574.7509394036606,134.3003807719797,10764721876.0,13060564302.0,2012.0,0.0,5846.0,169.58477230928838,1372.9035813380033,974.7622038861737,0.0,0.0,0.0,0.0,167.74711293168366,1358.2702835099772,964.125213152729,0.0,6.615370512008667e-05,0.0006535947322845459,29.25196468271315,134.3003807719797,1372.9035813380033,974.7622038861737,0.0,0.0025596395134925842,0.0,0.0,134.3003807719797,1034.9716979684308,730.7977285403758,7.926636336365863,0.0025596395134925842,0.0006535947322845459,674.6532833948731,134.3003807719797,1034.9716979684308,730.7977285403758,0.027916036546230316,0.0025596395134925842,0.0006535947322845459,674.6532833948731,134.3003807719797,1034.9716979684308,730.7977285403758,0.0,0.0025596395134925842,0.025289088487625122,674.6532833948731,0.0,0.0,0.0,0.0,0.0,0.0,0.0,0.0,0.0,0.0,0.0,0.0,1.9295440567657351,0.0,1.9087447365745902,0.0,1.16842211317271,0.0,0.7672647833824158,0.0,0.7672647833824158,0.0,0.7814301922917366,0.0,0.0,0.0,0.0,0.0,0.0,0.0,0.0,0.0,0.0,0.0,0.0,0.0,2515.3210134766996,17320168574.0,2517.4865492889658,17134439695.0,2480.8003035224974,17320168574.0,2581.8856754628887,30195003997.0,2573.986955163069,13060564302.0,2573.969509211369,13060564302.0,69280674.296,15763736.452,0.3027133821286261,1.371920720544271,68537758.78,15678884.092,0.3027133821286261,1.3739464072775092,69280674.296,15763736.452,0.28905222998559477,1.3676826286260035,120780015.988,63410283.18,0.3033148856912734,1.436730544262485,52242257.208,15678884.092,0.3023877927195281,1.43228110523466,52242257.208,52242257.208,0.3023837705980986,1.4322748407805337,5846
stockindex,query3,8,inf,2517.2505575334653,169.58477230928838,14261941173.0,17320168574.0,0.0,0.0,5846.0,2519.3952940255404,167.74711293168366,14109404534.0,17134439695.0,52.0,0.0,5846.0,2481.96872563567,134.3003807719797,10764721876.0,17320168574.0,2012.0,0.0,5846.0,2582.652940246271,134.3003807719797,10764721876.0,30195003997.0,2012.0,0.0,5846.0,2574.7542199464515,134.3003807719797,10764721876.0,13060564302.0,2012.0,0.0,5846.0,2574.7509394036606,134.3003807719797,10764721876.0,13060564302.0,2012.0,0.0,5846.0,169.58477230928838,1372.9035813380033,974.7622038861737,0.0,0.0,0.0,0.0,167.74711293168366,1358.2702835099772,964.125213152729,0.0,6.615370512008667e-05,0.0006535947322845459,29.25196468271315,134.3003807719797,1372.9035813380033,974.7622038861737,0.0,0.0025596395134925842,0.0,0.0,134.3003807719797,1034.9716979684308,730.7977285403758,7.926636336365863,0.0025596395134925842,0.0006535947322845459,674.6532833948731,134.3003807719797,1034.9716979684308,730.7977285403758,0.027916036546230316,0.0025596395134925842,0.0006535947322845459,674.6532833948731,134.3003807719797,1034.9716979684308,730.7977285403758,0.0,0.0025596395134925842,0.025289088487625122,674.6532833948731,0.0,0.0,0.0,0.0,0.0,0.0,0.0,0.0,0.0,0.0,0.0,0.0,1.9295440567657351,0.0,1.9087447365745902,0.0,1.16842211317271,0.0,0.7672647833824158,0.0,0.7672647833824158,0.0,0.7814301922917366,0.0,0.0,0.0,0.0,0.0,0.0,0.0,0.0,0.0,0.0,0.0,0.0,0.0,2515.3210134766996,17320168574.0,2517.4865492889658,17134439695.0,2480.8003035224974,17320168574.0,2581.8856754628887,30195003997.0,2573.986955163069,13060564302.0,2573.969509211369,13060564302.0,69280674.296,15763736.452,0.3027133821286261,1.371920720544271,68537758.78,15678884.092,0.3027133821286261,1.3739464072775092,69280674.296,15763736.452,0.28905222998559477,1.3676826286260035,120780015.988,63410283.18,0.3033148856912734,1.436730544262485,52242257.208,15678884.092,0.3023877927195281,1.43228110523466,52242257.208,52242257.208,0.3023837705980986,1.4322748407805337,5846
stockmarket,query1,2,1/4,208.8577187936753,208.45368449855596,176493.0,0.0,0.0,0.0,1011.0,207.6583827510476,207.25568374618888,176370.0,0.0,3.0,0.0,1011.0,192.781410346739,192.37723865546286,166200.0,0.0,108.0,0.0,1011.0,192.74475827813148,192.37723865546286,166200.0,0.0,108.0,0.0,1011.0,192.74475827813148,192.37723865546286,166200.0,0.0,108.0,0.0,1011.0,192.74607803672552,192.37723865546286,166200.0,0.0,108.0,0.0,1011.0,208.45368449855596,0.4040342951193452,0.0,0.0,0.0,0.0,0.0,207.25568374618888,0.4026574809104204,0.0,0.0,3.816559910774231e-06,3.7707388401031494e-05,0.0,192.37723865546286,0.4040342951193452,0.0,0.0,0.00013739615678787231,0.0,0.0,192.37723865546286,0.367344519123435,0.0,0.0,0.00013739615678787231,3.7707388401031494e-05,0.0,192.37723865546286,0.367344519123435,0.0,0.0,0.00013739615678787231,3.7707388401031494e-05,0.0,192.37723865546286,0.367344519123435,0.0,0.0,0.00013739615678787231,0.0013574659824371338,0.0,0.0,0.0,0.0,0.0,0.0,0.0,0.0,0.0,0.0,0.0,0.0,0.0,1.4420244982466102,0.0,1.4420244982466102,0.0,1.2741283318027854,0.0,1.255859729833901,0.0,1.255859729833901,0.0,1.2567144306376576,0.0,0.0,0.0,0.0,0.0,0.0,0.0,0.0,0.0,0.0,0.0,0.0,0.0,207.4156942954287,0.0,206.216358252801,0.0,191.5072820149362,0.0,191.48889854829758,0.0,191.48889854829758,0.0,191.48936360608786,0.0,0.0,0.0,0.20580014466680585,0.41053855792563404,0.0,0.0,0.2057698181141168,0.41053855792563404,0.0,0.0,0.17645386711508035,0.401771956392005,0.0,0.0,0.1764419144783169,0.401771956392005,0.0,0.0,0.1764419144783169,0.401771956392005,0.0,0.0,0.17644224127568303,0.401771956392005,1011
stockmarket,query1,2,inf,208.8577187936753,208.45368449855596,176493.0,0.0,0.0,0.0,1011.0,207.6583827510476,207.25568374618888,176370.0,0.0,3.0,0.0,1011.0,192.781410346739,192.37723865546286,166200.0,0.0,108.0,0.0,1011.0,192.74475827813148,192.37723865546286,166200.0,0.0,108.0,0.0,1011.0,192.74475827813148,192.37723865546286,166200.0,0.0,108.0,0.0,1011.0,192.74607803672552,192.37723865546286,166200.0,0.0,108.0,0.0,1011.0,208.45368449855596,0.4040342951193452,0.0,0.0,0.0,0.0,0.0,207.25568374618888,0.4026574809104204,0.0,0.0,3.816559910774231e-06,3.7707388401031494e-05,0.0,192.37723865546286,0.4040342951193452,0.0,0.0,0.00013739615678787231,0.0,0.0,192.37723865546286,0.367344519123435,0.0,0.0,0.00013739615678787231,3.7707388401031494e-05,0.0,192.37723865546286,0.367344519123435,0.0,0.0,0.00013739615678787231,3.7707388401031494e-05,0.0,192.37723865546286,0.367344519123435,0.0,0.0,0.00013739615678787231,0.0013574659824371338,0.0,0.0,0.0,0.0,0.0,0.0,0.0,0.0,0.0,0.0,0.0,0.0,0.0,1.4420244982466102,0.0,1.4420244982466102,0.0,1.2741283318027854,0.0,1.255859729833901,0.0,1.255859729833901,0.0,1.2567144306376576,0.0,0.0,0.0,0.0,0.0,0.0,0.0,0.0,0.0,0.0,0.0,0.0,0.0,207.4156942954287,0.0,206.216358252801,0.0,191.5072820149362,0.0,191.48889854829758,0.0,191.48889854829758,0.0,191.48936360608786,0.0,0.0,0.0,0.20580014466680585,0.41053855792563404,0.0,0.0,0.2057698181141168,0.41053855792563404,0.0,0.0,0.17645386711508035,0.401771956392005,0.0,0.0,0.1764419144783169,0.401771956392005,0.0,0.0,0.1764419144783169,0.401771956392005,0.0,0.0,0.17644224127568303,0.401771956392005,1011
stockmarket,query1,4,1/4,425.8823852362111,425.03500976320356,332964.0,0.0,0.0,0.0,2027.0,423.88349183183163,423.03834184259176,332759.0,0.0,5.0,0.0,2027.0,334.5504100015387,333.7024340564385,290898.0,0.0,472.0,0.0,2027.0,334.38003483600914,333.7024340564385,290898.0,0.0,472.0,0.0,2027.0,334.38003483600914,333.7024340564385,290898.0,0.0,472.0,0.0,2027.0,334.38590461947024,333.7024340564385,290898.0,0.0,472.0,0.0,2027.0,425.03500976320356,0.8473754730075598,0.0,0.0,0.0,0.0,0.0,423.03834184259176,0.8450807826593518,0.0,0.0,6.360933184623718e-06,6.284564733505249e-05,0.0,333.7024340564385,0.8473754730075598,0.0,0.0,0.000600472092628479,0.0,0.0,333.7024340564385,0.6769374618306756,0.0,0.0,0.000600472092628479,6.284564733505249e-05,0.0,333.7024340564385,0.6769374618306756,0.0,0.0,0.000600472092628479,6.284564733505249e-05,0.0,333.7024340564385,0.6769374618306756,0.0,0.0,0.000600472092628479,0.005932629108428955,0.0,0.0,0.0,0.0,0.0,0.0,0.0,0.0,0.0,0.0,0.0,0.0,0.0,2.861378467641771,0.0,2.861378467641771,0.0,2.2566964384168386,0.0,2.191558239981532,0.0,2.191558239981532,0.0,2.1946376767009497,0.0,0.0,0.0,0.0,0.0,0.0,0.0,0.0,0.0,0.0,0.0,0.0,0.0,423.02100676856935,0.0,421.02211336418986,0.0,332.29371356312186,0.0,332.1884765960276,0.0,332.1884765960276,0.0,332.1912669427693,0.0,0.0,0.0,0.2158024224434048,0.4312344514798373,0.0,0.0,0.21577175509184598,0.4312344514798373,0.0,0.0,0.08305397468619048,0.42769820098690686,0.0,0.0,0.08301152549497783,0.42769820098690686,0.0,0.0,0.08301152549497783,0.42769820098690686,0.0,0.0,0.08301265671662986,0.42769820098690686,2027
stockmarket,query1,4,inf,425.8823852362111,425.03500976320356,332964.0,0.0,0.0,0.0,2027.0,423.88349183183163,423.03834184259176,332759.0,0.0,5.0,0.0,2027.0,334.5504100015387,333.7024340564385,290898.0,0.0,472.0,0.0,2027.0,334.38003483600914,333.7024340564385,290898.0,0.0,472.0,0.0,2027.0,334.38003483600914,333.7024340564385,290898.0,0.0,472.0,0.0,2027.0,334.38590461947024,333.7024340564385,290898.0,0.0,472.0,0.0,2027.0,425.03500976320356,0.8473754730075598,0.0,0.0,0.0,0.0,0.0,423.03834184259176,0.8450807826593518,0.0,0.0,6.360933184623718e-06,6.284564733505249e-05,0.0,333.7024340564385,0.8473754730075598,0.0,0.0,0.000600472092628479,0.0,0.0,333.7024340564385,0.6769374618306756,0.0,0.0,0.000600472092628479,6.284564733505249e-05,0.0,333.7024340564385,0.6769374618306756,0.0,0.0,0.000600472092628479,6.284564733505249e-05,0.0,333.7024340564385,0.6769374618306756,0.0,0.0,0.000600472092628479,0.005932629108428955,0.0,0.0,0.0,0.0,0.0,0.0,0.0,0.0,0.0,0.0,0.0,0.0,0.0,2.861378467641771,0.0,2.861378467641771,0.0,2.2566964384168386,0.0,2.191558239981532,0.0,2.191558239981532,0.0,2.1946376767009497,0.0,0.0,0.0,0.0,0.0,0.0,0.0,0.0,0.0,0.0,0.0,0.0,0.0,423.02100676856935,0.0,421.02211336418986,0.0,332.29371356312186,0.0,332.1884765960276,0.0,332.1884765960276,0.0,332.1912669427693,0.0,0.0,0.0,0.2158024224434048,0.4312344514798373,0.0,0.0,0.21577175509184598,0.4312344514798373,0.0,0.0,0.08305397468619048,0.42769820098690686,0.0,0.0,0.08301152549497783,0.42769820098690686,0.0,0.0,0.08301152549497783,0.42769820098690686,0.0,0.0,0.08301265671662986,0.42769820098690686,2027
stockmarket,query1,8,1/4,836.0693179713562,834.4071758762002,644912.0,0.0,0.0,0.0,4034.0,833.2708672052249,831.6118407873437,644625.0,0.0,7.0,0.0,4034.0,537.3788747005165,535.7147467220202,478669.0,0.0,1561.0,0.0,4034.0,536.811664044857,535.7147467220202,478669.0,0.0,1561.0,0.0,4034.0,536.811664044857,535.7147467220202,478669.0,0.0,1561.0,0.0,4034.0,536.8311964720488,535.7147467220202,478669.0,0.0,1561.0,0.0,4034.0,834.4071758762002,1.662142095156014,0.0,0.0,0.0,0.0,0.0,831.6118407873437,1.6589295286685228,0.0,0.0,8.905306458473206e-06,8.798390626907349e-05,0.0,535.7147467220202,1.662142095156014,0.0,0.0,0.001985883340239525,0.0,0.0,535.7147467220202,1.0948434555903077,0.0,0.0,0.001985883340239525,8.798390626907349e-05,0.0,535.7147467220202,1.0948434555903077,0.0,0.0,0.001985883340239525,8.798390626907349e-05,0.0,535.7147467220202,1.0948434555903077,0.0,0.0,0.001985883340239525,0.019620411098003387,0.0,0.0,0.0,0.0,0.0,0.0,0.0,0.0,0.0,0.0,0.0,0.0,0.0,5.698811071924865,0.0,5.698811071924865,0.0,3.69549363758415,0.0,3.4756493140012026,0.0,3.4756493140012026,0.0,3.485893154516816,0.0,0.0,0.0,0.0,0.0,0.0,0.0,0.0,0.0,0.0,0.0,0.0,0.0,830.3705068994313,0.0,827.5720561333001,0.0,533.6833810629323,0.0,533.3360147308558,0.0,533.3360147308558,0.0,533.345303317532,0.0,0.0,0.0,0.22354049316607416,0.4197530584054068,0.0,0.0,0.22351599515229464,0.4197530584054068,0.0,0.0,0.017966740457341077,0.41936915007252246,0.0,0.0,0.01784370305016637,0.41936915007252246,0.0,0.0,0.01784370305016637,0.41936915007252246,0.0,0.0,0.01784702130034566,0.41936915007252246,4034
stockmarket,query1,8,inf,836.0693179713562,834.4071758762002,644912.0,0.0,0.0,0.0,4034.0,833.2708672052249,831.6118407873437,644625.0,0.0,7.0,0.0,4034.0,535.3038382893428,533.6397014055401,478449.0,0.0,1568.0,0.0,4034.0,534.7340694367886,533.6397014055401,478449.0,0.0,1568.0,0.0,4034.0,534.7340694367886,533.6397014055401,478449.0,0.0,1568.0,0.0,4034.0,534.7536898478866,533.6397014055401,478449.0,0.0,1568.0,0.0,4034.0,834.4071758762002,1.662142095156014,0.0,0.0,0.0,0.0,0.0,831.6118407873437,1.6589295286685228,0.0,0.0,8.905306458473206e-06,8.798390626907349e-05,0.0,533.6397014055401,1.662142095156014,0.0,0.0,0.001994788646697998,0.0,0.0,533.6397014055401,1.0922852586954832,0.0,0.0,0.001994788646697998,8.798390626907349e-05,0.0,533.6397014055401,1.0922852586954832,0.0,0.0,0.001994788646697998,8.798390626907349e-05,0.0,533.6397014055401,1.0922852586954832,0.0,0.0,0.001994788646697998,0.01970839500427246,0.0,0.0,0.0,0.0,0.0,0.0,0.0,0.0,0.0,0.0,0.0,0.0,0.0,5.698811071924865,0.0,5.698811071924865,0.0,3.688440472818911,0.0,3.4678790075704455,0.0,3.4678790075704455,0.0,3.47816055547446,0.0,0.0,0.0,0.0,0.0,0.0,0.0,0.0,0.0,0.0,0.0,0.0,0.0,830.3705068994313,0.0,827.5720561333001,0.0,531.6153978165239,0.0,531.2661904292181,0.0,531.2661904292181,0.0,531.2755292924121,0.0,0.0,0.0,0.22354049316607416,0.4197530584054068,0.0,0.0,0.22351599515229464,0.4197530584054068,0.0,0.0,0.01717928209155798,0.4176764070210978,0.0,0.0,0.017056244684383274,0.4176764070210978,0.0,0.0,0.017056244684383274,0.4176764070210978,0.0,0.0,0.017059562934562563,0.4176764070210978,4034
stockmarket,query2,2,1/4,1441.5551615543664,1427.8635832788423,85881488.0,97664988.0,0.0,0.0,3987.0,1423.3296257760376,1409.5577862942591,81271407.0,91879627.0,130.0,0.0,3987.0,1416.087768945843,1402.3959235111251,78057339.0,97664988.0,210.0,0.0,3987.0,1416.308662505035,1402.3959235111251,78057339.0,179596209.0,210.0,0.0,3987.0,1416.2739379694685,1402.3959235111251,78057339.0,87716582.0,210.0,0.0,3987.0,1416.2671632086858,1402.3959235111251,78057339.0,87716582.0,210.0,0.0,3987.0,1427.8635832788423,8.775667505338788,4.915910770185292,0.0,0.0,0.0,0.0,1409.5577862942591,8.189898391254246,4.457248276099563,0.0,0.00016538426280021667,0.0016339868307113647,1.1228934433311224,1402.3959235111251,8.775667505338788,4.915910770185292,0.0,0.00026715919375419617,0.0,0.0,1402.3959235111251,7.709446771070361,4.089669920504093,0.04250482670655791,0.00026715919375419617,0.0016339868307113647,2.0692163296043873,1402.3959235111251,7.709446771070361,4.089669920504093,0.007780291140079498,0.00026715919375419617,0.0016339868307113647,2.0692163296043873,1402.3959235111251,7.709446771070361,4.089669920504093,0.0,0.00026715919375419617,0.0026395171880722046,2.0692163296043873,0.0,0.0,0.0,0.0,0.0,0.0,0.0,0.0,0.0,0.0,0.0,0.0,12.312934609130025,93524571.0,12.190823215059936,87739210.0,11.926197327673435,93524571.0,12.14376144566908,171500753.0,12.110286162234843,83761543.0,12.104001597501338,83761543.0,0.0,0.0,0.0,0.0,0.0,0.0,0.0,0.0,0.0,0.0,0.0,0.0,1429.2422269452363,4140417.0,1411.1388025609776,4140417.0,1404.1615716181695,4140417.0,1404.164901059366,8095456.0,1404.1636518072337,3955039.0,1404.1631616111845,3955039.0,390659.952,282667.256,0.2877796775009483,0.4704568980587645,367518.508,264554.84,0.2876143353059888,0.4704568980587645,390659.952,282667.256,0.2873700270727277,0.4663269138492643,718384.836,601670.284,0.28745059533946943,0.466348258656631,350866.328,264554.84,0.2874380913749337,0.46633759661912905,350866.328,350866.328,0.28743499936908484,0.46633365996778,3987
stockmarket,query2,2,inf,1441.5551615543664,1427.8635832788423,85881488.0,97664988.0,0.0,0.0,3987.0,1423.3296257760376,1409.5577862942591,81271407.0,91879627.0,130.0,0.0,3987.0,1416.087768945843,1402.3959235111251,78057339.0,97664988.0,210.0,0.0,3987.0,1416.308662505035,1402.3959235111251,78057339.0,179596209.0,210.0,0.0,3987.0,1416.2739379694685,1402.3959235111251,78057339.0,87716582.0,210.0,0.0,3987.0,1416.2671632086858,1402.3959235111251,78057339.0,87716582.0,210.0,0.0,3987.0,1427.8635832788423,8.775667505338788,4.915910770185292,0.0,0.0,0.0,0.0,1409.5577862942591,8.189898391254246,4.457248276099563,0.0,0.00016538426280021667,0.0016339868307113647,1.1228934433311224,1402.3959235111251,8.775667505338788,4.915910770185292,0.0,0.00026715919375419617,0.0,0.0,1402.3959235111251,7.709446771070361,4.089669920504093,0.04250482670655791,0.00026715919375419617,0.0016339868307113647,2.0692163296043873,1402.3959235111251,7.709446771070361,4.089669920504093,0.007780291140079498,0.00026715919375419617,0.0016339868307113647,2.0692163296043873,1402.3959235111251,7.709446771070361,4.089669920504093,0.0,0.00026715919375419617,0.0026395171880722046,2.0692163296043873,0.0,0.0,0.0,0.0,0.0,0.0,0.0,0.0,0.0,0.0,0.0,0.0,12.312934609130025,93524571.0,12.190823215059936,87739210.0,11.926197327673435,93524571.0,12.14376144566908,171500753.0,12.110286162234843,83761543.0,12.104001597501338,83761543.0,0.0,0.0,0.0,0.0,0.0,0.0,0.0,0.0,0.0,0.0,0.0,0.0,1429.2422269452363,4140417.0,1411.1388025609776,4140417.0,1404.1615716181695,4140417.0,1404.164901059366,8095456.0,1404.1636518072337,3955039.0,1404.1631616111845,3955039.0,390659.952,282667.256,0.2877796775009483,0.4704568980587645,367518.508,264554.84,0.2876143353059888,0.4704568980587645,390659.952,282667.256,0.2873700270727277,0.4663269138492643,718384.836,601670.284,0.28745059533946943,0.466348258656631,350866.328,264554.84,0.2874380913749337,0.46633759661912905,350866.328,350866.328,0.28743499936908484,0.46633365996778,3987
stockmarket,query2,4,1/4,2839.747257770039,2812.5444729533046,170346177.0,193884605.0,0.0,0.0,7903.0,2799.707496994175,2772.3260018266737,159331176.0,180270879.0,287.0,0.0,7903.0,2782.321671636775,2755.118138774298,143542367.0,193884605.0,588.0,0.0,7903.0,2782.9659786250063,2755.118138774298,143542367.0,340950397.0,588.0,0.0,7903.0,2782.8978039594367,2755.118138774298,143542367.0,160679518.0,588.0,0.0,7903.0,2782.8863660516217,2755.118138774298,143542367.0,160679518.0,588.0,0.0,7903.0,2812.5444729533046,17.388847395777702,9.81393742095679,0.0,0.0,0.0,0.0,2772.3260018266737,16.093336027115583,8.802299986593425,0.0,0.00036511756479740143,0.003607340157032013,2.4818866960704327,2755.118138774298,17.388847395777702,9.81393742095679,0.0,0.0007480457425117493,0.0,0.0,2755.118138774298,14.167953117750585,7.329675707034767,0.08339588135391396,0.0007480457425117493,0.003607340157032013,6.262459758669138,2755.118138774298,14.167953117750585,7.329675707034767,0.015221215784549713,0.0007480457425117493,0.003607340157032013,6.262459758669138,2755.118138774298,14.167953117750585,7.329675707034767,0.0,0.0007480457425117493,0.007390648126602173,6.262459758669138,0.0,0.0,0.0,0.0,0.0,0.0,0.0,0.0,0.0,0.0,0.0,0.0,24.54562541190535,184960110.0,24.27513127308339,171346384.0,23.397660667076707,184960110.0,24.009415295537462,323842919.0,23.943974055349827,152496535.0,23.933415986597538,152496535.0,0.0,0.0,0.0,0.0,0.0,0.0,0.0,0.0,0.0,0.0,0.0,0.0,2815.201632358134,8924495.0,2775.4323657210916,8924495.0,2758.9240109696984,8924495.0,2758.9565633294687,17107478.0,2758.953829904087,8182983.0,2758.952950065024,8182983.0,775538.42,361368.124,0.30861358244903386,0.5026725162321699,721083.516,328837.372,0.30843352065607904,0.5026725162321699,775538.42,361368.124,0.30740262285247444,0.5022622274182735,1363801.588,926539.884,0.3075375680784879,0.5022751282315987,642718.072,328837.372,0.307530746076256,0.5022686465956269,642718.072,642718.072,0.30752868473902345,0.502265225278586,7903
stockmarket,query2,4,inf,2839.747257770039,2812.5444729533046,170346177.0,193884605.0,0.0,0.0,7903.0,2799.707496994175,2772.3260018266737,159331176.0,180270879.0,287.0,0.0,7903.0,2782.321671636775,2755.118138774298,143542367.0,193884605.0,588.0,0.0,7903.0,2782.9659786250063,2755.118138774298,143542367.0,340950397.0,588.0,0.0,7903.0,2782.8978039594367,2755.118138774298,143542367.0,160679518.0,588.0,0.0,7903.0,2782.8863660516217,2755.118138774298,143542367.0,160679518.0,588.0,0.0,7903.0,2812.5444729533046,17.388847395777702,9.81393742095679,0.0,0.0,0.0,0.0,2772.3260018266737,16.093336027115583,8.802299986593425,0.0,0.00036511756479740143,0.003607340157032013,2.4818866960704327,2755.118138774298,17.388847395777702,9.81393742095679,0.0,0.0007480457425117493,0.0,0.0,2755.118138774298,14.167953117750585,7.329675707034767,0.08339588135391396,0.0007480457425117493,0.003607340157032013,6.262459758669138,2755.118138774298,14.167953117750585,7.329675707034767,0.015221215784549713,0.0007480457425117493,0.003607340157032013,6.262459758669138,2755.118138774298,14.167953117750585,7.329675707034767,0.0,0.0007480457425117493,0.007390648126602173,6.262459758669138,0.0,0.0,0.0,0.0,0.0,0.0,0.0,0.0,0.0,0.0,0.0,0.0,24.54562541190535,184960110.0,24.27513127308339,171346384.0,23.397660667076707,184960110.0,24.009415295537462,323842919.0,23.943974055349827,152496535.0,23.933415986597538,152496535.0,0.0,0.0,0.0,0.0,0.0,0.0,0.0,0.0,0.0,0.0,0.0,0.0,2815.201632358134,8924495.0,2775.4323657210916,8924495.0,2758.9240109696984,8924495.0,2758.9565633294687,17107478.0,2758.953829904087,8182983.0,2758.952950065024,8182983.0,775538.42,361368.124,0.30861358244903386,0.5026725162321699,721083.516,328837.372,0.30843352065607904,0.5026725162321699,775538.42,361368.124,0.30740262285247444,0.5022622274182735,1363801.588,926539.884,0.3075375680784879,0.5022751282315987,642718.072,328837.372,0.307530746076256,0.5022686465956269,642718.072,642718.072,0.30752868473902345,0.502265225278586,7903
stockmarket,query2,8,1/4,5729.331810483709,5675.355705842376,320657878.0,367442242.0,0.0,0.0,15972.0,5641.178532258607,5586.812733421102,302941314.0,344051602.0,621.0,0.0,15972.0,5558.29210003186,5504.313893738203,247748661.0,367442242.0,1652.0,0.0,15972.0,5560.179092241917,5504.313893738203,247748661.0,620047528.0,1652.0,0.0,15972.0,5560.050283508375,5504.313893738203,247748661.0,275995926.0,1652.0,0.0,15972.0,5560.032887833193,5504.313893738203,247748661.0,275995926.0,1652.0,0.0,15972.0,5675.355705842376,34.55017352756113,19.425931113772094,0.0,0.0,0.0,0.0,5586.812733421102,31.77427278831601,17.25147772859782,0.0,0.0007900279015302658,0.007805429399013519,5.331452863290906,5504.313893738203,34.55017352756113,19.425931113772094,0.0,0.0021016523241996765,0.0,0.0,5504.313893738203,25.223996269516647,12.252560859546065,0.15916318120363762,0.0021016523241996765,0.007805429399013519,18.21957111172378,5504.313893738203,25.223996269516647,12.252560859546065,0.030354447662830353,0.0021016523241996765,0.007805429399013519,18.21957111172378,5504.313893738203,25.223996269516647,12.252560859546065,0.0,0.0021016523241996765,0.020764201879501343,18.21957111172378,0.0,0.0,0.0,0.0,0.0,0.0,0.0,0.0,0.0,0.0,0.0,0.0,48.66401125956327,350586922.0,48.11204267386347,327196282.0,45.489149208180606,350586922.0,47.173302694401244,589117558.0,47.04956397134811,261921276.0,47.03248252440244,261921276.0,0.0,0.0,0.0,0.0,0.0,0.0,0.0,0.0,0.0,0.0,0.0,0.0,5680.667799224146,16855320.0,5593.066489584744,16855320.0,5512.80295082368,16855320.0,5513.005789547515,30929970.0,5513.000719537027,14074650.0,5513.0004053087905,14074650.0,1469768.968,425218.16,0.3172478474993259,0.4913290044283492,1376206.408,386823.564,0.3171509503070265,0.4913290044283492,1469768.968,425218.16,0.3166722168345004,0.4886579081222413,2480190.112,1399165.428,0.316888295162785,0.48866763704683375,1103983.704,386823.564,0.31688504121266303,0.48866163109838945,1103983.704,1103983.704,0.3168844127561897,0.4886579081222413,15972
stockmarket,query2,8,inf,5729.331810483709,5675.355705842376,320657878.0,367442242.0,0.0,0.0,15972.0,5641.178532258607,5586.812733421102,302941314.0,344051602.0,621.0,0.0,15972.0,5558.29210003186,5504.313893738203,247748661.0,367442242.0,1652.0,0.0,15972.0,5560.179092241917,5504.313893738203,247748661.0,620047528.0,1652.0,0.0,15972.0,5560.050283508375,5504.313893738203,247748661.0,275995926.0,1652.0,0.0,15972.0,5560.032887833193,5504.313893738203,247748661.0,275995926.0,1652.0,0.0,15972.0,5675.355705842376,34.55017352756113,19.425931113772094,0.0,0.0,0.0,0.0,5586.812733421102,31.77427278831601,17.25147772859782,0.0,0.0007900279015302658,0.007805429399013519,5.331452863290906,5504.313893738203,34.55017352756113,19.425931113772094,0.0,0.0021016523241996765,0.0,0.0,5504.313893738203,25.223996269516647,12.252560859546065,0.15916318120363762,0.0021016523241996765,0.007805429399013519,18.21957111172378,5504.313893738203,25.223996269516647,12.252560859546065,0.030354447662830353,0.0021016523241996765,0.007805429399013519,18.21957111172378,5504.313893738203,25.223996269516647,12.252560859546065,0.0,0.0021016523241996765,0.020764201879501343,18.21957111172378,0.0,0.0,0.0,0.0,0.0,0.0,0.0,0.0,0.0,0.0,0.0,0.0,48.66401125956327,350586922.0,48.11204267386347,327196282.0,45.489149208180606,350586922.0,47.173302694401244,589117558.0,47.04956397134811,261921276.0,47.03248252440244,261921276.0,0.0,0.0,0.0,0.0,0.0,0.0,0.0,0.0,0.0,0.0,0.0,0.0,5680.667799224146,16855320.0,5593.066489584744,16855320.0,5512.80295082368,16855320.0,5513.005789547515,30929970.0,5513.000719537027,14074650.0,5513.0004053087905,14074650.0,1469768.968,425218.16,0.3172478474993259,0.4913290044283492,1376206.408,386823.564,0.3171509503070265,0.4913290044283492,1469768.968,425218.16,0.3166722168345004,0.4886579081222413,2480190.112,1399165.428,0.316888295162785,0.48866763704683375,1103983.704,386823.564,0.31688504121266303,0.48866163109838945,1103983.704,1103983.704,0.3168844127561897,0.4886579081222413,15972
stockmarket,query3,2,1/4,2476.9605307308957,2470.945557252504,11137521.0,6507886.0,0.0,0.0,6411.0,2445.74753527157,2439.8367719752714,10095836.0,6415197.0,231.0,0.0,6411.0,2432.824025861919,2426.8087152540684,10061582.0,6507886.0,265.0,0.0,6411.0,2432.706202098025,2426.8087152540684,10061582.0,12830394.0,265.0,0.0,6411.0,2432.704101606272,2426.8087152540684,10061582.0,6415197.0,265.0,0.0,6411.0,2432.703661686741,2426.8087152540684,10061582.0,6415197.0,265.0,1.0,6411.0,2470.945557252504,5.661365597508848,0.35360788088291883,0.0,0.0,0.0,0.0,2439.8367719752714,5.51976970769465,0.34364736545830965,0.0,0.0002938751131296158,0.002903468906879425,0.0441488791257143,2426.8087152540684,5.661365597508848,0.35360788088291883,0.0,0.00033712945878505707,0.0,0.0,2426.8087152540684,5.503482239320874,0.34364736545830965,0.0029677616864229347,0.00033712945878505707,0.002903468906879425,0.0441488791257143,2426.8087152540684,5.503482239320874,0.34364736545830965,0.0008672699332237244,0.00033712945878505707,0.002903468906879425,0.0441488791257143,2426.8087152540684,5.503482239320874,0.34364736545830965,0.0,0.00033712945878505707,0.003330819308757782,0.0441488791257143,0.0,0.0,0.0,0.0,0.0,0.0,0.0,0.0,0.0,0.0,0.0,0.0,2.025479869917035,3225680.0,1.6677138786762953,3225680.0,1.7392718475311995,3225680.0,1.6544550233667659,6451360.0,1.6530130542814732,3225680.0,1.6530507616698742,3225680.0,0.0,0.0,0.0,0.0,0.0,0.0,0.0,0.0,0.0,0.0,0.0,0.0,2474.9350508609787,3282206.0,2444.079821392894,3189517.0,2431.0847540143877,3282206.0,2431.0517470746586,6379034.0,2431.0510885519907,3189517.0,2431.050610925071,3189517.0,26031.544,26031.544,0.2974280035998672,0.5315172824805601,25660.788,25660.788,0.29660294685699046,0.5281370553413405,26031.544,26031.544,0.29341808141209186,0.526177522208914,50712.208,50712.208,0.2934161548034688,0.5261804490389522,25660.788,25660.788,0.2934162162635475,0.5261781079303471,25660.788,25660.788,0.2934160905722529,0.526177522208914,6411
stockmarket,query3,2,inf,2476.9605307308957,2470.945557252504,11137521.0,6507886.0,0.0,0.0,6411.0,2445.74753527157,2439.8367719752714,10095836.0,6415197.0,231.0,0.0,6411.0,2432.824025861919,2426.8087152540684,10061582.0,6507886.0,265.0,0.0,6411.0,2432.706202098025,2426.8087152540684,10061582.0,12830394.0,265.0,0.0,6411.0,2432.704101606272,2426.8087152540684,10061582.0,6415197.0,265.0,0.0,6411.0,2432.703661686741,2426.8087152540684,10061582.0,6415197.0,265.0,0.0,6411.0,2470.945557252504,5.661365597508848,0.35360788088291883,0.0,0.0,0.0,0.0,2439.8367719752714,5.51976970769465,0.34364736545830965,0.0,0.0002938751131296158,0.002903468906879425,0.0441488791257143,2426.8087152540684,5.661365597508848,0.35360788088291883,0.0,0.00033712945878505707,0.0,0.0,2426.8087152540684,5.503482239320874,0.34364736545830965,0.0029677616864229347,0.00033712945878505707,0.002903468906879425,0.0441488791257143,2426.8087152540684,5.503482239320874,0.34364736545830965,0.0008672699332237244,0.00033712945878505707,0.002903468906879425,0.0441488791257143,2426.8087152540684,5.503482239320874,0.34364736545830965,0.0,0.00033712945878505707,0.003330819308757782,0.0441488791257143,0.0,0.0,0.0,0.0,0.0,0.0,0.0,0.0,0.0,0.0,0.0,0.0,2.025479869917035,3225680.0,1.6677138786762953,3225680.0,1.7392718475311995,3225680.0,1.6544550233667659,6451360.0,1.6530130542814732,3225680.0,1.6530507616698742,3225680.0,0.0,0.0,0.0,0.0,0.0,0.0,0.0,0.0,0.0,0.0,0.0,0.0,2474.9350508609787,3282206.0,2444.079821392894,3189517.0,2431.0847540143877,3282206.0,2431.0517470746586,6379034.0,2431.0510885519907,3189517.0,2431.050610925071,3189517.0,26031.544,26031.544,0.2974280035998672,0.5315172824805601,25660.788,25660.788,0.29660294685699046,0.5281370553413405,26031.544,26031.544,0.29341808141209186,0.526177522208914,51321.576,51321.576,0.2934161548034688,0.5261804490389522,25660.788,25660.788,0.2934162162635475,0.5261781079303471,25660.788,25660.788,0.2934160905722529,0.526177522208914,6411
stockmarket,query3,4,1/4,5059.8418251387775,5047.245771263726,29164279.0,20143225.0,0.0,0.0,13091.0,5004.510946931317,4992.241828953847,25682018.0,20050536.0,704.0,0.0,13091.0,4956.012219921686,4943.415073238313,25395721.0,20143225.0,859.0,0.0,13091.0,4955.615094389295,4943.415073238313,25395721.0,40101072.0,859.0,0.0,13091.0,4955.607766940258,4943.415073238313,25395721.0,20050536.0,859.0,0.0,13091.0,4955.607766940258,4943.415073238313,25395721.0,20050536.0,859.0,9.0,13091.0,5047.245771263726,11.419047118164599,1.1770067568868399,0.0,0.0,0.0,0.0,4992.241828953847,11.048178570345044,1.1670462414622307,0.0,0.0008956193923950195,0.00884866714477539,0.0441488791257143,4943.415073238313,11.419047118164599,1.1770067568868399,0.0,0.0010928083211183548,0.0,0.0,4943.415073238313,10.96960889082402,1.1670462414622307,0.009275664104008617,0.0010928083211183548,0.00884866714477539,0.0441488791257143,4943.415073238313,10.96960889082402,1.1670462414622307,0.0019482150673866272,0.0010928083211183548,0.00884866714477539,0.0441488791257143,4943.415073238313,10.96960889082402,1.1670462414622307,0.0,0.0010928083211183548,0.010796882212162018,0.0441488791257143,0.0,0.0,0.0,0.0,0.0,0.0,0.0,0.0,0.0,0.0,0.0,0.0,4.389436251483858,3225680.0,3.119524355046451,3225680.0,3.3177749142050743,3225680.0,3.011305573876755,6451360.0,3.0098636047914624,3225680.0,3.010429215617478,3225680.0,0.0,0.0,0.0,0.0,0.0,0.0,0.0,0.0,0.0,0.0,0.0,0.0,5055.452388887294,16917545.0,5001.391422576271,16824856.0,4952.694445007481,16917545.0,4952.603788815419,33649712.0,4952.597903335467,16824856.0,4952.597337724641,16824856.0,80572.9,79738.296,0.3160315403100103,0.638251150521822,80202.144,79367.54,0.31514050657488407,0.6325822301542383,80572.9,79738.296,0.31116788113489746,0.6306988616364074,153807.708,153250.768,0.3111510139480233,0.6307014049111953,80202.144,79367.54,0.3111510139480233,0.6306994523854923,79831.388,79460.632,0.3111510139480233,0.6306988616364074,13091
stockmarket,query3,4,inf,5059.8418251387775,5047.245771263726,29164279.0,20143225.0,0.0,0.0,13091.0,5004.510946931317,4992.241828953847,25682018.0,20050536.0,704.0,0.0,13091.0,4956.012219921686,4943.415073238313,25395721.0,20143225.0,859.0,0.0,13091.0,4955.615094389295,4943.415073238313,25395721.0,40101072.0,859.0,0.0,13091.0,4955.607766940258,4943.415073238313,25395721.0,20050536.0,859.0,0.0,13091.0,4955.607766940258,4943.415073238313,25395721.0,20050536.0,859.0,0.0,13091.0,5047.245771263726,11.419047118164599,1.1770067568868399,0.0,0.0,0.0,0.0,4992.241828953847,11.048178570345044,1.1670462414622307,0.0,0.0008956193923950195,0.00884866714477539,0.0441488791257143,4943.415073238313,11.419047118164599,1.1770067568868399,0.0,0.0010928083211183548,0.0,0.0,4943.415073238313,10.96960889082402,1.1670462414622307,0.009275664104008617,0.0010928083211183548,0.00884866714477539,0.0441488791257143,4943.415073238313,10.96960889082402,1.1670462414622307,0.0019482150673866272,0.0010928083211183548,0.00884866714477539,0.0441488791257143,4943.415073238313,10.96960889082402,1.1670462414622307,0.0,0.0010928083211183548,0.010796882212162018,0.0441488791257143,0.0,0.0,0.0,0.0,0.0,0.0,0.0,0.0,0.0,0.0,0.0,0.0,4.389436251483858,3225680.0,3.119524355046451,3225680.0,3.3177749142050743,3225680.0,3.011305573876755,6451360.0,3.0098636047914624,3225680.0,3.010429215617478,3225680.0,0.0,0.0,0.0,0.0,0.0,0.0,0.0,0.0,0.0,0.0,0.0,0.0,5055.452388887294,16917545.0,5001.391422576271,16824856.0,4952.694445007481,16917545.0,4952.603788815419,33649712.0,4952.597903335467,16824856.0,4952.597337724641,16824856.0,80572.9,79738.296,0.3160315403100103,0.638251150521822,80202.144,79367.54,0.31514050657488407,0.6325822301542383,80572.9,79738.296,0.31116788113489746,0.6306988616364074,160404.288,159105.836,0.3111510139480233,0.6307014049111953,80202.144,79367.54,0.3111510139480233,0.6306994523854923,80202.144,80202.144,0.3111510139480233,0.6306988616364074,13091
stockmarket,query3,8,1/4,10276.96563224867,10250.557792764157,49367313.0,30067505.0,0.0,0.0,26461.0,10164.543435106985,10138.654036995023,42763366.0,29325993.0,1274.0,0.0,26461.0,9822.355897935107,9795.945182036608,41768352.0,30067505.0,2261.0,0.0,26461.0,9821.360807662275,9795.945182036608,41768352.0,58651986.0,2261.0,0.0,26461.0,9821.352645765059,9795.945182036608,41768352.0,29325993.0,2261.0,0.0,26461.0,9821.359646770172,9795.945182036608,41768352.0,29325993.0,2261.0,8.0,26461.0,10250.557792764157,24.43777829501778,1.970061189495027,0.0,0.0,0.0,0.0,10138.654036995023,23.6281961761415,1.8903770660981536,0.0,0.0016207657754421234,0.016013070940971375,0.3531910330057144,9795.945182036608,24.43777829501778,1.970061189495027,0.0,0.0028764139860868454,0.0,0.0,9795.945182036608,23.139601418748498,1.8903770660981536,0.01356662288651575,0.0028764139860868454,0.016013070940971375,0.3531910330057144,9795.945182036608,23.139601418748498,1.8903770660981536,0.005404725670814514,0.0028764139860868454,0.016013070940971375,0.3531910330057144,9795.945182036608,23.139601418748498,1.8903770660981536,0.0,0.0028764139860868454,0.028418801724910736,0.3531910330057144,0.0,0.0,0.0,0.0,0.0,0.0,0.0,0.0,0.0,0.0,0.0,0.0,8.668069019913673,7257780.0,6.402405401691794,7257780.0,6.603117091581225,7257780.0,6.006911708657198,14515560.0,6.003667278215289,7257780.0,6.005841737613082,7257780.0,0.0,0.0,0.0,0.0,0.0,0.0,0.0,0.0,0.0,0.0,0.0,0.0,10268.297563228756,22809725.0,10158.141029705293,22068213.0,9815.752780843526,22809725.0,9815.353895953618,44136426.0,9815.348978486843,22068213.0,9815.353805032559,22068213.0,120270.02,111706.712,0.32067099841497837,0.6197289669735354,117303.972,108740.664,0.32062607882916927,0.618473378623463,120270.02,111706.712,0.31423517255857586,0.6146070657951754,228248.364,217929.132,0.3142268766537309,0.6146108170836927,117303.972,108740.664,0.3142268766537309,0.6146078626779837,116933.216,116376.276,0.3142268766537309,0.6146070657951754,26461
stockmarket,query3,8,inf,10276.96563224867,10250.557792764157,49367313.0,30067505.0,0.0,0.0,26461.0,10164.543435106985,10138.654036995023,42763366.0,29325993.0,1274.0,0.0,26461.0,9822.354185827076,9795.94346865639,41761982.0,30067505.0,2262.0,0.0,26461.0,9821.358534249854,9795.94346865639,41761982.0,58651986.0,2262.0,0.0,26461.0,9821.350372352637,9795.94346865639,41761982.0,29325993.0,2262.0,0.0,26461.0,9821.35738592688,9795.94346865639,41761982.0,29325993.0,2262.0,0.0,26461.0,10250.557792764157,24.43777829501778,1.970061189495027,0.0,0.0,0.0,0.0,10138.654036995023,23.6281961761415,1.8903770660981536,0.0,0.0016207657754421234,0.016013070940971375,0.3531910330057144,9795.94346865639,24.43777829501778,1.970061189495027,0.0,0.00287768617272377,0.0,0.0,9795.94346865639,23.139040114358068,1.8903770660981536,0.01356662288651575,0.00287768617272377,0.016013070940971375,0.3531910330057144,9795.94346865639,23.139040114358068,1.8903770660981536,0.005404725670814514,0.00287768617272377,0.016013070940971375,0.3531910330057144,9795.94346865639,23.139040114358068,1.8903770660981536,0.0,0.00287768617272377,0.028431370854377747,0.3531910330057144,0.0,0.0,0.0,0.0,0.0,0.0,0.0,0.0,0.0,0.0,0.0,0.0,8.668069019913673,7257780.0,6.402405401691794,7257780.0,6.60140498355031,7257780.0,6.004638296235853,14515560.0,6.001393865793943,7257780.0,6.003580894321203,7257780.0,0.0,0.0,0.0,0.0,0.0,0.0,0.0,0.0,0.0,0.0,0.0,0.0,10268.297563228756,22809725.0,10158.141029705293,22068213.0,9815.752780843526,22809725.0,9815.353895953618,44136426.0,9815.348978486843,22068213.0,9815.353805032559,22068213.0,120270.02,111706.712,0.32067099841497837,0.6197289669735354,117303.972,108740.664,0.32062607882916927,0.618473378623463,120270.02,111706.712,0.31423517255857586,0.6146070657951754,234607.944,223174.832,0.3142268766537309,0.6146108170836927,117303.972,108740.664,0.3142268766537309,0.6146078626779837,117303.972,117303.972,0.3142268766537309,0.6146070657951754,26461
stockmarket,query4,2,1/4,2427.0532062118873,2405.75086583104,85942180.0,95907291.0,0.0,0.0,6523.0,2293.3068846454844,2271.5985988955945,70173513.0,78977463.0,597.0,0.0,6523.0,2289.104174623266,2267.800986966118,67038770.0,95907291.0,666.0,0.0,6523.0,2289.5407072215103,2267.800986966118,67038770.0,154641604.0,666.0,0.0,6523.0,2289.517041908577,2267.800986966118,67038770.0,75664141.0,666.0,0.0,6523.0,2289.505038389936,2267.800986966118,67038770.0,75664141.0,666.0,0.0,6523.0,2405.75086583104,16.507529796101153,4.794810584746301,0.0,0.0,0.0,0.0,2271.5985988955945,15.236992145888507,4.205244371667504,0.0,0.000759495422244072,0.007503770291805267,2.257785966619849,2267.800986966118,16.507529796101153,4.794810584746301,0.0,0.0008472763001918793,0.0,0.0,2267.800986966118,15.085969033651054,4.1043970147147775,0.03653610150744941,0.0008472763001918793,0.007503770291805267,2.5044670589268208,2267.800986966118,15.085969033651054,4.1043970147147775,0.01287078857421875,0.0008472763001918793,0.007503770291805267,2.5044670589268208,2267.800986966118,15.085969033651054,4.1043970147147775,0.0,0.0008472763001918793,0.008371040225028992,2.5044670589268208,0.0,0.0,0.0,0.0,0.0,0.0,0.0,0.0,0.0,0.0,0.0,0.0,5.291962002404034,48311302.0,4.88885538931936,32893826.0,4.674636401236057,48311302.0,4.817777332844821,62474330.0,4.8099131202325225,29580504.0,4.803314327262342,29580504.0,0.0,0.0,0.0,0.0,0.0,0.0,0.0,0.0,0.0,0.0,0.0,0.0,2421.7612442094833,47595989.0,2288.418029256165,46083637.0,2284.42953822203,47595989.0,2284.7229298886655,92167274.0,2284.7071287883446,46083637.0,2284.7017240626737,46083637.0,383629.164,301204.904,0.3288489113897085,0.5697544076299292,315909.852,251221.544,0.31944961766898633,0.5631082610094917,383629.164,301204.904,0.3176960187163204,0.5630922831771893,618566.416,545850.98,0.3177768186810985,0.5631070691743542,302656.564,251221.544,0.3177743218299001,0.5630966293858362,302656.564,302656.564,0.31777117954753337,0.5630927932875228,6523
stockmarket,query4,2,inf,2427.0532062118873,2405.75086583104,85942180.0,95907291.0,0.0,0.0,6523.0,2293.3068846454844,2271.5985988955945,70173513.0,78977463.0,597.0,0.0,6523.0,2289.104174623266,2267.800986966118,67038770.0,95907291.0,666.0,0.0,6523.0,2289.5407072215103,2267.800986966118,67038770.0,154641604.0,666.0,0.0,6523.0,2289.517041908577,2267.800986966118,67038770.0,75664141.0,666.0,0.0,6523.0,2289.505038389936,2267.800986966118,67038770.0,75664141.0,666.0,0.0,6523.0,2405.75086583104,16.507529796101153,4.794810584746301,0.0,0.0,0.0,0.0,2271.5985988955945,15.236992145888507,4.205244371667504,0.0,0.000759495422244072,0.007503770291805267,2.257785966619849,2267.800986966118,16.507529796101153,4.794810584746301,0.0,0.0008472763001918793,0.0,0.0,2267.800986966118,15.085969033651054,4.1043970147147775,0.03653610150744941,0.0008472763001918793,0.007503770291805267,2.5044670589268208,2267.800986966118,15.085969033651054,4.1043970147147775,0.01287078857421875,0.0008472763001918793,0.007503770291805267,2.5044670589268208,2267.800986966118,15.085969033651054,4.1043970147147775,0.0,0.0008472763001918793,0.008371040225028992,2.5044670589268208,0.0,0.0,0.0,0.0,0.0,0.0,0.0,0.0,0.0,0.0,0.0,0.0,5.291962002404034,48311302.0,4.88885538931936,32893826.0,4.674636401236057,48311302.0,4.817777332844821,62474330.0,4.8099131202325225,29580504.0,4.803314327262342,29580504.0,0.0,0.0,0.0,0.0,0.0,0.0,0.0,0.0,0.0,0.0,0.0,0.0,2421.7612442094833,47595989.0,2288.418029256165,46083637.0,2284.42953822203,47595989.0,2284.7229298886655,92167274.0,2284.7071287883446,46083637.0,2284.7017240626737,46083637.0,383629.164,301204.904,0.3288489113897085,0.5697544076299292,315909.852,251221.544,0.31944961766898633,0.5631082610094917,383629.164,301204.904,0.3176960187163204,0.5630922831771893,618566.416,545850.98,0.3177768186810985,0.5631070691743542,302656.564,251221.544,0.3177743218299001,0.5630966293858362,302656.564,302656.564,0.31777117954753337,0.5630927932875228,6523
stockmarket,query4,4,1/4,5120.540682066232,5085.642228436656,125270632.0,135277313.0,0.0,0.0,13628.0,4841.612969299778,4806.026939662173,98381584.0,106393110.0,1157.0,0.0,13628.0,4721.0082496628165,4686.107597694732,84588414.0,135277313.0,1728.0,0.0,13628.0,4721.824716186871,4686.107597694732,84588414.0,198106069.0,1728.0,0.0,13628.0,4721.800208124332,4686.107597694732,84588414.0,91712959.0,1728.0,0.0,13628.0,4721.782674188726,4686.107597694732,84588414.0,91712959.0,1728.0,0.0,13628.0,5085.642228436656,28.827758871018887,6.070694758556783,0.0,0.0,0.0,0.0,4806.026939662173,26.517909288406372,5.053680067881942,0.0,0.0014719199389219284,0.014542482793331146,3.998425878584385,4686.107597694732,28.827758871018887,6.070694758556783,0.0,0.002198338508605957,0.0,0.0,4686.107597694732,25.541907317005098,4.57798629719764,0.04921897107093996,0.002198338508605957,0.014542482793331146,5.531265085563064,4686.107597694732,25.541907317005098,4.57798629719764,0.02471090853214264,0.002198338508605957,0.014542482793331146,5.531265085563064,4686.107597694732,25.541907317005098,4.57798629719764,0.0,0.002198338508605957,0.02171945571899414,5.531265085563064,0.0,0.0,0.0,0.0,0.0,0.0,0.0,0.0,0.0,0.0,0.0,0.0,9.957692573778331,90641236.0,9.270181823521852,64553974.0,8.608485359698534,90641236.0,8.904202698007156,115040136.0,8.888705623336136,50486162.0,8.877770480699837,50486162.0,0.0,0.0,0.0,0.0,0.0,0.0,0.0,0.0,0.0,0.0,0.0,0.0,5110.582989492454,44636077.0,4832.3427874762565,41839136.0,4712.399764303118,44636077.0,4712.920513488863,83065933.0,4712.911502500996,41226797.0,4712.904903708026,41226797.0,541109.252,293735.648,0.3559156385473907,0.5434830897744742,425572.44,224508.336,0.34953766482882204,0.5334896715044972,541109.252,293735.648,0.34698152660019693,0.5328720126291734,792424.276,567696.372,0.3470269220728736,0.532885150506982,366851.836,224508.336,0.3470255283638835,0.5328756627043706,366851.836,366851.836,0.3470232659205794,0.5328720126291734,13628
stockmarket,query4,4,inf,5120.540682066232,5085.642228436656,125270632.0,135277313.0,0.0,0.0,13628.0,4841.612969299778,4806.026939662173,98381584.0,106393110.0,1157.0,0.0,13628.0,4721.0082496628165,4686.107597694732,84588414.0,135277313.0,1728.0,0.0,13628.0,4721.824716186871,4686.107597694732,84588414.0,198106069.0,1728.0,0.0,13628.0,4721.800208124332,4686.107597694732,84588414.0,91712959.0,1728.0,0.0,13628.0,4721.782674188726,4686.107597694732,84588414.0,91712959.0,1728.0,0.0,13628.0,5085.642228436656,28.827758871018887,6.070694758556783,0.0,0.0,0.0,0.0,4806.026939662173,26.517909288406372,5.053680067881942,0.0,0.0014719199389219284,0.014542482793331146,3.998425878584385,4686.107597694732,28.827758871018887,6.070694758556783,0.0,0.002198338508605957,0.0,0.0,4686.107597694732,25.541907317005098,4.57798629719764,0.04921897107093996,0.002198338508605957,0.014542482793331146,5.531265085563064,4686.107597694732,25.541907317005098,4.57798629719764,0.02471090853214264,0.002198338508605957,0.014542482793331146,5.531265085563064,4686.107597694732,25.541907317005098,4.57798629719764,0.0,0.002198338508605957,0.02171945571899414,5.531265085563064,0.0,0.0,0.0,0.0,0.0,0.0,0.0,0.0,0.0,0.0,0.0,0.0,9.957692573778331,90641236.0,9.270181823521852,64553974.0,8.608485359698534,90641236.0,8.904202698007156,115040136.0,8.888705623336136,50486162.0,8.877770480699837,50486162.0,0.0,0.0,0.0,0.0,0.0,0.0,0.0,0.0,0.0,0.0,0.0,0.0,5110.582989492454,44636077.0,4832.3427874762565,41839136.0,4712.399764303118,44636077.0,4712.920513488863,83065933.0,4712.911502500996,41226797.0,4712.904903708026,41226797.0,541109.252,293735.648,0.3559156385473907,0.5434830897744742,425572.44,224508.336,0.34953766482882204,0.5334896715044972,541109.252,293735.648,0.34698152660019693,0.5328720126291734,792424.276,567696.372,0.3470269220728736,0.532885150506982,366851.836,224508.336,0.3470255283638835,0.5328756627043706,366851.836,366851.836,0.3470232659205794,0.5328720126291734,13628
stockmarket,query4,8,1/4,10464.783207312226,10385.941332316957,303190722.0,332651073.0,0.0,0.0,28102.0,9993.075500210747,9912.718813611194,241098333.0,266137422.0,2280.0,0.0,28102.0,9581.21611261554,9502.368942779489,198192640.0,332651073.0,4162.0,0.0,28102.0,9582.675908332665,9502.368942779489,198192640.0,486932257.0,4162.0,0.0,28102.0,9582.602713945322,9502.368942779489,198192640.0,220794835.0,4162.0,0.0,28102.0,9582.576444464736,9502.368942779489,198192640.0,220794835.0,4162.0,0.0,28102.0,10385.941332316957,63.20328337699175,15.638591618277133,0.0,0.0,0.0,0.0,9912.718813611194,58.40622662939131,13.374955218285322,0.0,0.0029005855321884155,0.028657615184783936,8.543946551159024,9502.368942779489,63.20328337699175,15.638591618277133,0.0,0.005294840782880783,0.0,0.0,9502.368942779489,55.13786013610661,11.92885185405612,0.12311896958658827,0.005294840782880783,0.028657615184783936,13.083182137459517,9502.368942779489,55.13786013610661,11.92885185405612,0.0499245822429657,0.005294840782880783,0.028657615184783936,13.083182137459517,9502.368942779489,55.13786013610661,11.92885185405612,0.0,0.005294840782880783,0.05231271684169769,13.083182137459517,0.0,0.0,0.0,0.0,0.0,0.0,0.0,0.0,0.0,0.0,0.0,0.0,21.698313226923347,197334519.0,20.075095592066646,135621095.0,18.1010730471462,197334519.0,18.840349435648317,227403973.0,18.80800133664161,91782878.0,18.788682584650815,91782878.0,0.0,0.0,0.0,0.0,0.0,0.0,0.0,0.0,0.0,0.0,0.0,0.0,10443.084894085303,135316554.0,9973.00040461868,130516327.0,9563.115039568394,135316554.0,9563.835558897017,259528284.0,9563.79471260868,129011957.0,9563.787761880085,129011957.0,1330604.292,609478.624,0.380750102840364,0.5888517768111078,1064549.688,518801.78,0.3667853571344167,0.5825271014044059,1330604.292,609478.624,0.36213384246267377,0.5771109205348415,1927137.776,1326243.76,0.3624580541849251,0.5771297887505872,882954.708,518801.78,0.36245749062113464,0.5771145555270834,863553.52,863553.52,0.3624563091229647,0.5771109205348415,28102
stockmarket,query4,8,inf,10464.783207312226,10385.941332316957,303190722.0,332651073.0,0.0,0.0,28102.0,9993.075500210747,9912.718813611194,241098333.0,266137422.0,2280.0,0.0,28102.0,9579.545577486046,9500.69840128906,198130731.0,332651073.0,4167.0,0.0,28102.0,9580.991556985278,9500.69840128906,198130731.0,486876099.0,4167.0,0.0,28102.0,9580.918362597935,9500.69840128906,198130731.0,220738677.0,4167.0,0.0,28102.0,9580.892155962996,9500.69840128906,198130731.0,220738677.0,4167.0,0.0,28102.0,10385.941332316957,63.20328337699175,15.638591618277133,0.0,0.0,0.0,0.0,9912.718813611194,58.40622662939131,13.374955218285322,0.0,0.0029005855321884155,0.028657615184783936,8.543946551159024,9500.69840128906,63.20328337699175,15.638591618277133,0.0,0.005301201716065407,0.0,0.0,9500.69840128906,55.121576056815684,11.927106412127614,0.12311896958658827,0.005301201716065407,0.028657615184783936,13.087395440787077,9500.69840128906,55.121576056815684,11.927106412127614,0.0499245822429657,0.005301201716065407,0.028657615184783936,13.087395440787077,9500.69840128906,55.121576056815684,11.927106412127614,0.0,0.005301201716065407,0.052375562489032745,13.087395440787077,0.0,0.0,0.0,0.0,0.0,0.0,0.0,0.0,0.0,0.0,0.0,0.0,21.698313226923347,197334519.0,20.075095592066646,135621095.0,18.099236958660185,197334519.0,18.838874556897576,227347815.0,18.806526457890868,91726720.0,18.78722027502954,91726720.0,0.0,0.0,0.0,0.0,0.0,0.0,0.0,0.0,0.0,0.0,0.0,0.0,10443.084894085303,135316554.0,9973.00040461868,130516327.0,9561.446340527385,135316554.0,9562.152682428381,259528284.0,9562.111836140044,129011957.0,9562.104935687967,129011957.0,1330604.292,609478.624,0.380750102840364,0.5888517768111078,1064549.688,518801.78,0.3667853571344167,0.5825271014044059,1330604.292,609478.624,0.3621237105000764,0.5771109205348415,1947504.396,1346161.132,0.36244792222232775,0.5771297887505872,882954.708,518801.78,0.3624473586585373,0.5771145555270834,882954.708,882954.708,0.36244617716036737,0.5771109205348415,28102
stockmarket,query5,2,1/4,3354.4324831524864,3327.654183297418,51471389.0,58840149.0,0.0,0.0,8710.0,3232.9160596383736,3205.272752779536,45424111.0,52238656.0,507.0,0.0,8710.0,3199.2628558715805,3172.48364513088,42748558.0,58840149.0,716.0,0.0,8710.0,3200.2903732278874,3172.48364513088,42748558.0,101601709.0,716.0,0.0,8710.0,3200.286204365082,3172.48364513088,42748558.0,49363053.0,716.0,0.0,8710.0,3200.2688338281587,3172.48364513088,42748558.0,49363053.0,716.0,0.0,8710.0,3327.654183297418,23.006315419450402,3.7719844356179237,0.0,0.0,0.0,0.0,3205.272752779536,21.403161494992673,3.439505464397371,0.0,0.000644998624920845,0.0063725486397743225,2.793622352182865,3172.48364513088,23.006315419450402,3.7719844356179237,0.0,0.0009108856320381165,0.0,0.0,3172.48364513088,20.860047414898872,3.304362028837204,0.02416634778745338,0.0009108856320381165,0.0063725486397743225,3.6108688712120056,3172.48364513088,20.860047414898872,3.304362028837204,0.019997484982013702,0.0009108856320381165,0.0063725486397743225,3.6108688712120056,3172.48364513088,20.860047414898872,3.304362028837204,0.0,0.0009108856320381165,0.008999496698379517,3.6108688712120056,0.0,0.0,0.0,0.0,0.0,0.0,0.0,0.0,0.0,0.0,0.0,0.0,3.006109345704317,15562850.0,2.6619638055562973,11233070.0,2.407019568607211,15562850.0,2.4680742096817405,20219380.0,2.4697026684880257,8986310.0,2.4644739106297493,8986310.0,0.0,0.0,0.0,0.0,0.0,0.0,0.0,0.0,0.0,0.0,0.0,0.0,3351.426373806782,43277299.0,3230.2540958328173,41005586.0,3196.8558363029733,43277299.0,3197.8222990182057,81382329.0,3197.816501696594,40376743.0,3197.804359917529,40376743.0,235360.596,191991.736,0.30405566036701204,0.5679735712483525,208954.624,170156.096,0.30091698991321025,0.5514052764523772,235360.596,191991.736,0.29851163931749763,0.5512455625405533,406406.836,361158.88,0.2985174856591433,0.5513407219611859,197452.212,170156.096,0.2985182193145156,0.5513308383721857,197452.212,197452.212,0.29851361901313067,0.5513266226861624,8710
stockmarket,query5,2,inf,3354.4324831524864,3327.654183297418,51471389.0,58840149.0,0.0,0.0,8710.0,3232.9160596383736,3205.272752779536,45424111.0,52238656.0,507.0,0.0,8710.0,3199.2628558715805,3172.48364513088,42748558.0,58840149.0,716.0,0.0,8710.0,3200.2903732278874,3172.48364513088,42748558.0,101601709.0,716.0,0.0,8710.0,3200.286204365082,3172.48364513088,42748558.0,49363053.0,716.0,0.0,8710.0,3200.2688338281587,3172.48364513088,42748558.0,49363053.0,716.0,0.0,8710.0,3327.654183297418,23.006315419450402,3.7719844356179237,0.0,0.0,0.0,0.0,3205.272752779536,21.403161494992673,3.439505464397371,0.0,0.000644998624920845,0.0063725486397743225,2.793622352182865,3172.48364513088,23.006315419450402,3.7719844356179237,0.0,0.0009108856320381165,0.0,0.0,3172.48364513088,20.860047414898872,3.304362028837204,0.02416634778745338,0.0009108856320381165,0.0063725486397743225,3.6108688712120056,3172.48364513088,20.860047414898872,3.304362028837204,0.019997484982013702,0.0009108856320381165,0.0063725486397743225,3.6108688712120056,3172.48364513088,20.860047414898872,3.304362028837204,0.0,0.0009108856320381165,0.008999496698379517,3.6108688712120056,0.0,0.0,0.0,0.0,0.0,0.0,0.0,0.0,0.0,0.0,0.0,0.0,3.006109345704317,15562850.0,2.6619638055562973,11233070.0,2.407019568607211,15562850.0,2.4680742096817405,20219380.0,2.4697026684880257,8986310.0,2.4644739106297493,8986310.0,0.0,0.0,0.0,0.0,0.0,0.0,0.0,0.0,0.0,0.0,0.0,0.0,3351.426373806782,43277299.0,3230.2540958328173,41005586.0,3196.8558363029733,43277299.0,3197.8222990182057,81382329.0,3197.816501696594,40376743.0,3197.804359917529,40376743.0,235360.596,191991.736,0.30405566036701204,0.5679735712483525,208954.624,170156.096,0.30091698991321025,0.5514052764523772,235360.596,191991.736,0.29851163931749763,0.5512455625405533,406406.836,361158.88,0.2985174856591433,0.5513407219611859,197452.212,170156.096,0.2985182193145156,0.5513308383721857,197452.212,197452.212,0.29851361901313067,0.5513266226861624,8710
stockmarket,query5,4,1/4,6854.350063474849,6796.268053039908,106604197.0,121499292.0,0.0,0.0,17550.0,6577.5584826739505,6518.03776856605,95178493.0,109036876.0,1052.0,0.0,17550.0,6494.349403527565,6436.2651972984895,85962291.0,121499292.0,1726.0,0.0,17550.0,6496.111316308511,6436.2651972984895,85962291.0,208254914.0,1726.0,0.0,17550.0,6496.106751616113,6436.2651972984895,85962291.0,99218038.0,1726.0,0.0,17550.0,6496.069345886819,6436.2651972984895,85962291.0,99218038.0,1726.0,0.0,17550.0,6796.268053039908,50.251989148557186,7.830021286383271,0.0,0.0,0.0,0.0,6518.03776856605,47.241705304943025,7.201620913110673,0.0,0.0013383403420448303,0.013222724199295044,5.0628268253058195,6436.2651972984895,50.251989148557186,7.830021286383271,0.0,0.0021957941353321075,0.0,0.0,6436.2651972984895,45.96451533399522,6.781805865466595,0.050442014952938846,0.0021957941353321075,0.013222724199295044,7.033937277272344,6436.2651972984895,45.96451533399522,6.781805865466595,0.04587732255458832,0.0021957941353321075,0.013222724199295044,7.033937277272344,6436.2651972984895,45.96451533399522,6.781805865466595,0.0,0.0021957941353321075,0.02169431746006012,7.033937277272344,0.0,0.0,0.0,0.0,0.0,0.0,0.0,0.0,0.0,0.0,0.0,0.0,6.017489288002253,31084302.0,5.393193525262177,23082110.0,4.50990688148886,31084302.0,4.6654426176733015,37671410.0,4.668766514398158,14589300.0,4.660747409798205,14589300.0,0.0,0.0,0.0,0.0,0.0,0.0,0.0,0.0,0.0,0.0,0.0,0.0,6848.332574186847,90414990.0,6572.165289148688,85954766.0,6489.839496646076,90414990.0,6491.445873690838,170583504.0,6491.437985101715,84628738.0,6491.408598477021,84628738.0,485997.168,306940.344,0.34163081013597546,0.6597523680901152,436147.504,284133.728,0.33768752318806944,0.6492718877276402,485997.168,306940.344,0.33136727291345597,0.6491621833654116,827318.868,647081.812,0.3315126405156999,0.6491770985571039,396872.152,284133.728,0.3315132603328675,0.649166444300301,391351.452,391351.452,0.33150938904099164,0.6491621833654116,17550
stockmarket,query5,4,inf,6854.350063474849,6796.268053039908,106604197.0,121499292.0,0.0,0.0,17550.0,6577.5584826739505,6518.03776856605,95178493.0,109036876.0,1052.0,0.0,17550.0,6494.349403527565,6436.2651972984895,85962291.0,121499292.0,1726.0,0.0,17550.0,6496.111316308511,6436.2651972984895,85962291.0,208254914.0,1726.0,0.0,17550.0,6496.106751616113,6436.2651972984895,85962291.0,99218038.0,1726.0,0.0,17550.0,6496.069345886819,6436.2651972984895,85962291.0,99218038.0,1726.0,0.0,17550.0,6796.268053039908,50.251989148557186,7.830021286383271,0.0,0.0,0.0,0.0,6518.03776856605,47.241705304943025,7.201620913110673,0.0,0.0013383403420448303,0.013222724199295044,5.0628268253058195,6436.2651972984895,50.251989148557186,7.830021286383271,0.0,0.0021957941353321075,0.0,0.0,6436.2651972984895,45.96451533399522,6.781805865466595,0.050442014952938846,0.0021957941353321075,0.013222724199295044,7.033937277272344,6436.2651972984895,45.96451533399522,6.781805865466595,0.04587732255458832,0.0021957941353321075,0.013222724199295044,7.033937277272344,6436.2651972984895,45.96451533399522,6.781805865466595,0.0,0.0021957941353321075,0.02169431746006012,7.033937277272344,0.0,0.0,0.0,0.0,0.0,0.0,0.0,0.0,0.0,0.0,0.0,0.0,6.017489288002253,31084302.0,5.393193525262177,23082110.0,4.50990688148886,31084302.0,4.6654426176733015,37671410.0,4.668766514398158,14589300.0,4.660747409798205,14589300.0,0.0,0.0,0.0,0.0,0.0,0.0,0.0,0.0,0.0,0.0,0.0,0.0,6848.332574186847,90414990.0,6572.165289148688,85954766.0,6489.839496646076,90414990.0,6491.445873690838,170583504.0,6491.437985101715,84628738.0,6491.408598477021,84628738.0,485997.168,306940.344,0.34163081013597546,0.6597523680901152,436147.504,284133.728,0.33768752318806944,0.6492718877276402,485997.168,306940.344,0.33136727291345597,0.6491621833654116,833019.656,652782.6,0.3315126405156999,0.6491770985571039,396872.152,284133.728,0.3315132603328675,0.649166444300301,396872.152,396872.152,0.33150938904099164,0.6491621833654116,17550
stockmarket,query5,8,1/4,13940.111861363053,13835.355562732555,204257772.0,232157215.0,0.0,0.0,36105.0,13378.706240527332,13271.224149392918,178490342.0,204204429.0,2372.0,0.0,36105.0,13043.043060885742,12938.28112392407,152265999.0,232157215.0,4432.0,0.0,36105.0,13047.363889193313,12938.28112392407,152265999.0,380134271.0,4432.0,0.0,36105.0,13047.350517333485,12938.28112392407,152265999.0,175929842.0,4432.0,0.0,36105.0,13047.295313716866,12938.28112392407,152265999.0,175929842.0,4432.0,0.0,36105.0,13835.355562732555,90.2069175671786,14.549381063319743,0.0,0.0,0.0,0.0,13271.224149392918,84.38110603578389,13.217976562678814,0.0,0.003017626702785492,0.0298139750957489,9.850176934152842,12938.28112392407,90.2069175671786,14.549381063319743,0.0,0.005638331174850464,0.0,0.0,12938.28112392407,78.82067624013871,11.86516637634486,0.09446788315059887,0.005638331174850464,0.0298139750957489,18.26700246334076,12938.28112392407,78.82067624013871,11.86516637634486,0.08109602332115173,0.005638331174850464,0.0298139750957489,18.26700246334076,12938.28112392407,78.82067624013871,11.86516637634486,0.0,0.005638331174850464,0.05570638179779053,18.26700246334076,0.0,0.0,0.0,0.0,0.0,0.0,0.0,0.0,0.0,0.0,0.0,0.0,12.928444885648787,66687571.0,11.306997773237526,46621291.0,9.014344449155033,66687571.0,9.356205233589487,71945242.0,9.362855254672468,25323951.0,9.350449523888528,25323951.0,0.0,0.0,0.0,0.0,0.0,0.0,0.0,0.0,0.0,0.0,0.0,0.0,13927.183416477405,165469644.0,13367.399242754094,157583138.0,13034.028716436587,165469644.0,13038.007683959724,308189029.0,13037.987662078813,150605891.0,13037.944864192978,150605891.0,928628.86,474679.296,0.36095013030432166,0.5416852781942112,816817.716,446785.572,0.3540393893010914,0.5357326376650481,928628.86,474679.296,0.349105844521895,0.5339169684292747,1517139.316,1066520.736,0.34940666660142944,0.5339552751680451,703719.368,446785.572,0.349407113308087,0.5339440066991371,700373.672,700373.672,0.3494041721317917,0.5339400176329536,36105
stockmarket,query5,8,inf,13940.111861363053,13835.355562732555,204257772.0,232157215.0,0.0,0.0,36105.0,13378.706240527332,13271.224149392918,178490342.0,204204429.0,2372.0,0.0,36105.0,13043.043060885742,12938.28112392407,152265999.0,232157215.0,4432.0,0.0,36105.0,13047.363889193313,12938.28112392407,152265999.0,380134271.0,4432.0,0.0,36105.0,13047.350517333485,12938.28112392407,152265999.0,175929842.0,4432.0,0.0,36105.0,13047.295313716866,12938.28112392407,152265999.0,175929842.0,4432.0,0.0,36105.0,13835.355562732555,90.2069175671786,14.549381063319743,0.0,0.0,0.0,0.0,13271.224149392918,84.38110603578389,13.217976562678814,0.0,0.003017626702785492,0.0298139750957489,9.850176934152842,12938.28112392407,90.2069175671786,14.549381063319743,0.0,0.005638331174850464,0.0,0.0,12938.28112392407,78.82067624013871,11.86516637634486,0.09446788315059887,0.005638331174850464,0.0298139750957489,18.26700246334076,12938.28112392407,78.82067624013871,11.86516637634486,0.08109602332115173,0.005638331174850464,0.0298139750957489,18.26700246334076,12938.28112392407,78.82067624013871,11.86516637634486,0.0,0.005638331174850464,0.05570638179779053,18.26700246334076,0.0,0.0,0.0,0.0,0.0,0.0,0.0,0.0,0.0,0.0,0.0,0.0,12.928444885648787,66687571.0,11.306997773237526,46621291.0,9.014344449155033,66687571.0,9.356205233589487,71945242.0,9.362855254672468,25323951.0,9.350449523888528,25323951.0,0.0,0.0,0.0,0.0,0.0,0.0,0.0,0.0,0.0,0.0,0.0,0.0,13927.183416477405,165469644.0,13367.399242754094,157583138.0,13034.028716436587,165469644.0,13038.007683959724,308189029.0,13037.987662078813,150605891.0,13037.944864192978,150605891.0,928628.86,474679.296,0.36095013030432166,0.5416852781942112,816817.716,446785.572,0.3540393893010914,0.5357326376650481,928628.86,474679.296,0.349105844521895,0.5339169684292747,1520537.084,1069918.504,0.34940666660142944,0.5339552751680451,703719.368,446785.572,0.349407113308087,0.5339440066991371,703719.368,703719.368,0.3494041721317917,0.5339400176329536,36105
yelp,query1,2,1/4,6.7379179541021585,5.969495916739106,2652024.0,1107898.0,0.0,0.0,1688.0,6.573705496266484,5.837209238670766,2559050.0,1107898.0,94.0,0.0,1688.0,6.105240137316287,5.3365254970267415,2461954.0,1107898.0,230.0,0.0,1688.0,6.0285278822117085,5.3365254970267415,2461954.0,2215796.0,230.0,0.0,1688.0,6.0282918736338615,5.3365254970267415,2461954.0,1107898.0,230.0,0.0,1688.0,6.029724754393101,5.3365254970267415,2461954.0,1107898.0,230.0,0.0,1688.0,5.969495916739106,0.7048808382824063,0.06354119908064604,0.0,0.0,0.0,0.0,5.837209238670766,0.671653974801302,0.06354119908064604,0.0,0.0001195855438709259,0.0011814981698989868,0.0,5.3365254970267415,0.7048808382824063,0.06354119908064604,0.0,0.00029260292649269104,0.0,0.0,5.3365254970267415,0.6264745555818081,0.06354119908064604,0.0005125294261212238,0.00029260292649269104,0.0011814981698989868,0.0,5.3365254970267415,0.6264745555818081,0.06354119908064604,0.00027652084827423096,0.00029260292649269104,0.0011814981698989868,0.0,5.3365254970267415,0.6264745555818081,0.06354119908064604,0.0,0.00029260292649269104,0.0028908997774124146,0.0,1.492801334708929,345448.0,1.394998769275844,345448.0,1.3443929282948375,345448.0,1.2848665926557894,690896.0,1.2848827512934804,345448.0,1.2859134199097753,345448.0,0.0,0.0,0.0,0.0,0.0,0.0,0.0,0.0,0.0,0.0,0.0,0.0,0.0,0.0,0.0,0.0,0.0,0.0,0.0,0.0,0.0,0.0,0.0,0.0,5.2451166193932295,762450.0,5.17870672699064,762450.0,4.760847209021449,762450.0,4.743661289555919,1524900.0,4.743409122340381,762450.0,4.7438113344833255,762450.0,4431.592,4431.592,0.002347615670412779,0.010222212395071983,4431.592,4431.592,0.0023288088347762823,0.010222212395071983,4431.592,4431.592,0.002034414280205965,0.00990991301164031,8863.184,8863.184,0.0020274822900049464,0.009910989348878949,4431.592,4431.592,0.002027486031875014,0.009910232267528771,4431.592,4431.592,0.002027385478839278,0.00990991301164031,1688
yelp,query1,2,inf,6.7379179541021585,5.969495916739106,2652024.0,1107898.0,0.0,0.0,1688.0,6.573705496266484,5.837209238670766,2559050.0,1107898.0,94.0,0.0,1688.0,6.105240137316287,5.3365254970267415,2461954.0,1107898.0,230.0,0.0,1688.0,6.0285278822117085,5.3365254970267415,2461954.0,2215796.0,230.0,0.0,1688.0,6.0282918736338615,5.3365254970267415,2461954.0,1107898.0,230.0,0.0,1688.0,6.029724754393101,5.3365254970267415,2461954.0,1107898.0,230.0,0.0,1688.0,5.969495916739106,0.7048808382824063,0.06354119908064604,0.0,0.0,0.0,0.0,5.837209238670766,0.671653974801302,0.06354119908064604,0.0,0.0001195855438709259,0.0011814981698989868,0.0,5.3365254970267415,0.7048808382824063,0.06354119908064604,0.0,0.00029260292649269104,0.0,0.0,5.3365254970267415,0.6264745555818081,0.06354119908064604,0.0005125294261212238,0.00029260292649269104,0.0011814981698989868,0.0,5.3365254970267415,0.6264745555818081,0.06354119908064604,0.00027652084827423096,0.00029260292649269104,0.0011814981698989868,0.0,5.3365254970267415,0.6264745555818081,0.06354119908064604,0.0,0.00029260292649269104,0.0028908997774124146,0.0,1.492801334708929,345448.0,1.394998769275844,345448.0,1.3443929282948375,345448.0,1.2848665926557894,690896.0,1.2848827512934804,345448.0,1.2859134199097753,345448.0,0.0,0.0,0.0,0.0,0.0,0.0,0.0,0.0,0.0,0.0,0.0,0.0,0.0,0.0,0.0,0.0,0.0,0.0,0.0,0.0,0.0,0.0,0.0,0.0,5.2451166193932295,762450.0,5.17870672699064,762450.0,4.760847209021449,762450.0,4.743661289555919,1524900.0,4.743409122340381,762450.0,4.7438113344833255,762450.0,4431.592,4431.592,0.002347615670412779,0.010222212395071983,4431.592,4431.592,0.0023288088347762823,0.010222212395071983,4431.592,4431.592,0.002034414280205965,0.00990991301164031,8863.184,8863.184,0.0020274822900049464,0.009910989348878949,4431.592,4431.592,0.002027486031875014,0.009910232267528771,4431.592,4431.592,0.002027385478839278,0.00990991301164031,1688
yelp,query1,4,1/4,14.28179030213505,12.479300268925726,6286157.0,3243340.0,0.0,0.0,3560.0,13.934319828636944,12.207372922450304,6038809.0,3243340.0,209.0,0.0,3560.0,11.546116643585265,9.742498180828989,5473405.0,3243340.0,887.0,0.0,3560.0,11.230442845018045,9.742498180828989,5473405.0,6486680.0,887.0,0.0,3560.0,11.229495471343398,9.742498180828989,5473405.0,3243340.0,887.0,0.0,3560.0,11.237464299425483,9.742498180828989,5473405.0,3243340.0,887.0,0.0,3560.0,12.479300268925726,1.5859820246696472,0.21650800853967667,0.0,0.0,0.0,0.0,12.207372922450304,1.5075460625812411,0.21650800853967667,0.0,0.0002658870071172714,0.002626948058605194,0.0,9.742498180828989,1.5859820246696472,0.21650800853967667,0.0,0.0011284295469522476,0.0,0.0,9.742498180828989,1.266180862672627,0.21650800853967667,0.0015004153711948303,0.0011284295469522476,0.002626948058605194,0.0,9.742498180828989,1.266180862672627,0.21650800853967667,0.0005530416965484619,0.0011284295469522476,0.002626948058605194,0.0,9.742498180828989,1.266180862672627,0.21650800853967667,0.0,0.0011284295469522476,0.011148817837238312,0.0,3.127310655079782,533380.0,2.901351965032518,533380.0,2.568210704252124,533380.0,2.3377799484284574,1066760.0,2.3377971509471536,533380.0,2.3435915196314454,533380.0,0.0,0.0,0.0,0.0,0.0,0.0,0.0,0.0,0.0,0.0,0.0,0.0,0.0,0.0,0.0,0.0,0.0,0.0,0.0,0.0,0.0,0.0,0.0,0.0,11.154479647055268,2709960.0,11.032967863604426,2709960.0,8.97790593933314,2709960.0,8.892662896589586,5419920.0,8.891698320396245,2709960.0,8.893872779794037,2709960.0,12973.36,12684.788,0.0018741033952683211,0.010849859673157334,12973.36,12684.788,0.001859770329669118,0.010849859673157334,12973.36,12684.788,0.0013819456845521926,0.010609611681103704,25946.72,25658.148,0.001362221859395504,0.010611075688176598,12973.36,12684.788,0.001362221859395504,0.010609923395514488,12973.36,12973.36,0.0013625235185027122,0.010609611681103704,3560
yelp,query1,4,inf,14.28179030213505,12.479300268925726,6286157.0,3243340.0,0.0,0.0,3560.0,13.934319828636944,12.207372922450304,6038809.0,3243340.0,209.0,0.0,3560.0,11.546116643585265,9.742498180828989,5473405.0,3243340.0,887.0,0.0,3560.0,11.230442845018045,9.742498180828989,5473405.0,6486680.0,887.0,0.0,3560.0,11.229495471343398,9.742498180828989,5473405.0,3243340.0,887.0,0.0,3560.0,11.237464299425483,9.742498180828989,5473405.0,3243340.0,887.0,0.0,3560.0,12.479300268925726,1.5859820246696472,0.21650800853967667,0.0,0.0,0.0,0.0,12.207372922450304,1.5075460625812411,0.21650800853967667,0.0,0.0002658870071172714,0.002626948058605194,0.0,9.742498180828989,1.5859820246696472,0.21650800853967667,0.0,0.0011284295469522476,0.0,0.0,9.742498180828989,1.266180862672627,0.21650800853967667,0.0015004153711948303,0.0011284295469522476,0.002626948058605194,0.0,9.742498180828989,1.266180862672627,0.21650800853967667,0.0005530416965484619,0.0011284295469522476,0.002626948058605194,0.0,9.742498180828989,1.266180862672627,0.21650800853967667,0.0,0.0011284295469522476,0.011148817837238312,0.0,3.127310655079782,533380.0,2.901351965032518,533380.0,2.568210704252124,533380.0,2.3377799484284574,1066760.0,2.3377971509471536,533380.0,2.3435915196314454,533380.0,0.0,0.0,0.0,0.0,0.0,0.0,0.0,0.0,0.0,0.0,0.0,0.0,0.0,0.0,0.0,0.0,0.0,0.0,0.0,0.0,0.0,0.0,0.0,0.0,11.154479647055268,2709960.0,11.032967863604426,2709960.0,8.97790593933314,2709960.0,8.892662896589586,5419920.0,8.891698320396245,2709960.0,8.893872779794037,2709960.0,12973.36,12684.788,0.0018741033952683211,0.010849859673157334,12973.36,12684.788,0.001859770329669118,0.010849859673157334,12973.36,12684.788,0.0013819456845521926,0.010609611681103704,25946.72,25658.148,0.001362221859395504,0.010611075688176598,12973.36,12684.788,0.001362221859395504,0.010609923395514488,12973.36,12973.36,0.0013625235185027122,0.010609611681103704,3560
yelp,query1,8,1/4,27.170167293399572,23.880745308473706,11305412.0,5155397.0,0.0,0.0,6874.0,26.522908821702003,23.3631253214553,10908732.0,5155397.0,369.0,0.0,6874.0,18.764923120848835,15.47242244426161,9214580.0,5155397.0,2420.0,0.0,6874.0,17.90736779248767,15.47242244426161,9214580.0,10310794.0,2420.0,0.0,6874.0,17.90590037871152,15.47242244426161,9214580.0,5155397.0,2420.0,0.0,6874.0,17.93076211679727,15.47242244426161,9214580.0,5155397.0,2420.0,0.0,6874.0,23.880745308473706,2.9574636137112975,0.3319583712145686,0.0,0.0,0.0,0.0,23.3631253214553,2.822717683389783,0.3319583712145686,0.0,0.0004694368690252304,0.004638008773326874,0.0,15.47242244426161,2.9574636137112975,0.3319583712145686,0.0,0.0030786916613578796,0.0,0.0,15.47242244426161,2.092885316349566,0.3319583712145686,0.002384960227238499,0.0030786916613578796,0.004638008773326874,0.0,15.47242244426161,2.092885316349566,0.3319583712145686,0.0009175464510917664,0.0030786916613578796,0.004638008773326874,0.0,15.47242244426161,2.092885316349566,0.3319583712145686,0.0,0.0030786916613578796,0.030417293310165405,0.0,6.057361926883459,807257.0,5.664229578338563,807257.0,4.607705934904516,807257.0,4.030804002089918,1614514.0,4.03082019649446,807257.0,4.048178164288402,807257.0,0.0,0.0,0.0,0.0,0.0,0.0,0.0,0.0,0.0,0.0,0.0,0.0,0.0,0.0,0.0,0.0,0.0,0.0,0.0,0.0,0.0,0.0,0.0,0.0,21.112805366516113,4348140.0,20.85867924336344,4348140.0,14.157217185944319,4348140.0,13.87656379039775,8696280.0,13.875080182217062,4348140.0,13.882583952508867,4348140.0,20621.588,19349.332,0.0015531332325190307,0.011024672552011908,20621.588,19349.332,0.0015372458826750518,0.011024672552011908,20621.588,19349.332,0.0010372866708785295,0.010241742497496306,40639.016,39313.62,0.000980554699897766,0.010241822421328482,20621.588,19349.332,0.000980554699897766,0.010241787746362386,20319.508,20319.508,0.0009815099537372589,0.010241742497496306,6874
yelp,query1,8,inf,27.170167293399572,23.880745308473706,11305412.0,5155397.0,0.0,0.0,6874.0,26.522908821702003,23.3631253214553,10908732.0,5155397.0,369.0,0.0,6874.0,18.764923120848835,15.47242244426161,9214580.0,5155397.0,2420.0,0.0,6874.0,17.90736779248767,15.47242244426161,9214580.0,10310794.0,2420.0,0.0,6874.0,17.90590037871152,15.47242244426161,9214580.0,5155397.0,2420.0,0.0,6874.0,17.93076211679727,15.47242244426161,9214580.0,5155397.0,2420.0,0.0,6874.0,23.880745308473706,2.9574636137112975,0.3319583712145686,0.0,0.0,0.0,0.0,23.3631253214553,2.822717683389783,0.3319583712145686,0.0,0.0004694368690252304,0.004638008773326874,0.0,15.47242244426161,2.9574636137112975,0.3319583712145686,0.0,0.0030786916613578796,0.0,0.0,15.47242244426161,2.092885316349566,0.3319583712145686,0.002384960227238499,0.0030786916613578796,0.004638008773326874,0.0,15.47242244426161,2.092885316349566,0.3319583712145686,0.0009175464510917664,0.0030786916613578796,0.004638008773326874,0.0,15.47242244426161,2.092885316349566,0.3319583712145686,0.0,0.0030786916613578796,0.030417293310165405,0.0,6.057361926883459,807257.0,5.664229578338563,807257.0,4.607705934904516,807257.0,4.030804002089918,1614514.0,4.03082019649446,807257.0,4.048178164288402,807257.0,0.0,0.0,0.0,0.0,0.0,0.0,0.0,0.0,0.0,0.0,0.0,0.0,0.0,0.0,0.0,0.0,0.0,0.0,0.0,0.0,0.0,0.0,0.0,0.0,21.112805366516113,4348140.0,20.85867924336344,4348140.0,14.157217185944319,4348140.0,13.87656379039775,8696280.0,13.875080182217062,4348140.0,13.882583952508867,4348140.0,20621.588,19349.332,0.0015531332325190307,0.011024672552011908,20621.588,19349.332,0.0015372458826750518,0.011024672552011908,20621.588,19349.332,0.0010372866708785295,0.010241742497496306,41243.176,39313.62,0.000980554699897766,0.010241822421328482,20621.588,19349.332,0.000980554699897766,0.010241787746362386,20621.588,20621.588,0.0009815099537372589,0.010241742497496306,6874
yelp,query2,2,1/4,16.915511487051845,8.152347477152944,62974980.0,69467944.0,0.0,0.0,2435.0,16.032004318200052,7.504917439073324,60627411.0,67814497.0,579.0,0.0,2435.0,15.484853491187096,6.720699720084667,54065615.0,69467944.0,778.0,0.0,2435.0,15.307497764233114,6.720699720084667,54065615.0,127752770.0,778.0,0.0,2435.0,15.284861355088651,6.720699720084667,54065615.0,59938273.0,778.0,0.0,2435.0,15.278627066873014,6.720699720084667,54065615.0,59938273.0,778.0,0.0,2435.0,8.152347477152944,5.213941333815455,3.5492226760834455,0.0,0.0,0.0,0.0,7.504917439073324,4.811105199158192,3.4343932261690497,0.0,0.0007365960627794266,0.007277525961399078,0.27357433177530766,6.720699720084667,5.213941333815455,3.5492226760834455,0.0,0.0009897612035274506,0.0,0.0,6.720699720084667,4.047954467125237,2.857208603993058,0.03137195412403439,0.0009897612035274506,0.007277525961399078,1.64199573174119,6.720699720084667,4.047954467125237,2.857208603993058,0.008735544979572296,0.0009897612035274506,0.007277525961399078,1.64199573174119,6.720699720084667,4.047954467125237,2.857208603993058,0.0,0.0009897612035274506,0.009778782725334167,1.64199573174119,3.6442046659067273,15074274.0,2.9115506056696177,14849001.0,3.040307642892003,15074274.0,2.7233157697127828,29352150.0,2.7214740617200732,14503149.0,2.7181683806702495,14503149.0,0.0,0.0,0.0,0.0,0.0,0.0,0.0,0.0,0.0,0.0,0.0,0.0,0.0,0.0,0.0,0.0,0.0,0.0,0.0,0.0,0.0,0.0,0.0,0.0,13.271306821145117,54393670.0,13.120453712530434,52965496.0,12.444545848295093,54393670.0,12.58418199452033,98400620.0,12.563387293368578,45435124.0,12.560458686202765,45435124.0,277871.776,201713.476,0.004808958770707249,0.02325918178055435,271257.988,198714.184,0.004691912163048983,0.0231896870708093,277871.776,201713.476,0.003985354384407401,0.02257975659258663,504387.388,418040.032,0.0040852267576264555,0.02273694306710608,239753.092,198714.184,0.00408064547739923,0.022698388475179666,233129.4,233129.4,0.004075969761237502,0.02269054533839225,2435
yelp,query2,2,inf,16.915511487051845,8.152347477152944,62974980.0,69467944.0,0.0,0.0,2435.0,16.032004318200052,7.504917439073324,60627411.0,67814497.0,579.0,0.0,2435.0,15.484853491187096,6.720699720084667,54065615.0,69467944.0,778.0,0.0,2435.0,15.307497764233114,6.720699720084667,54065615.0,127752770.0,778.0,0.0,2435.0,15.284861355088651,6.720699720084667,54065615.0,59938273.0,778.0,0.0,2435.0,15.278627066873014,6.720699720084667,54065615.0,59938273.0,778.0,0.0,2435.0,8.152347477152944,5.213941333815455,3.5492226760834455,0.0,0.0,0.0,0.0,7.504917439073324,4.811105199158192,3.4343932261690497,0.0,0.0007365960627794266,0.007277525961399078,0.27357433177530766,6.720699720084667,5.213941333815455,3.5492226760834455,0.0,0.0009897612035274506,0.0,0.0,6.720699720084667,4.047954467125237,2.857208603993058,0.03137195412403439,0.0009897612035274506,0.007277525961399078,1.64199573174119,6.720699720084667,4.047954467125237,2.857208603993058,0.008735544979572296,0.0009897612035274506,0.007277525961399078,1.64199573174119,6.720699720084667,4.047954467125237,2.857208603993058,0.0,0.0009897612035274506,0.009778782725334167,1.64199573174119,3.6442046659067273,15074274.0,2.9115506056696177,14849001.0,3.040307642892003,15074274.0,2.7233157697127828,29352150.0,2.7214740617200732,14503149.0,2.7181683806702495,14503149.0,0.0,0.0,0.0,0.0,0.0,0.0,0.0,0.0,0.0,0.0,0.0,0.0,0.0,0.0,0.0,0.0,0.0,0.0,0.0,0.0,0.0,0.0,0.0,0.0,13.271306821145117,54393670.0,13.120453712530434,52965496.0,12.444545848295093,54393670.0,12.58418199452033,98400620.0,12.563387293368578,45435124.0,12.560458686202765,45435124.0,277871.776,201713.476,0.004808958770707249,0.02325918178055435,271257.988,198714.184,0.004691912163048983,0.0231896870708093,277871.776,201713.476,0.003985354384407401,0.02257975659258663,511011.08,424663.724,0.0040852267576264555,0.02273694306710608,239753.092,198714.184,0.00408064547739923,0.022698388475179666,239753.092,239753.092,0.004075969761237502,0.02269054533839225,2435
yelp,query2,4,1/4,34.60075814276934,16.589188393205404,130372486.0,143456108.0,0.0,0.0,4954.0,32.67060077097267,15.168516943231225,125481709.0,140060862.0,1237.0,0.0,4954.0,29.664961965754628,11.650737162679434,99376397.0,143456108.0,2087.0,0.0,4954.0,29.286193555879972,11.650737162679434,99376397.0,249031487.0,2087.0,0.0,4954.0,29.239297842606902,11.650737162679434,99376397.0,108970625.0,2087.0,0.0,4954.0,29.232083162292838,11.650737162679434,99376397.0,108970625.0,2087.0,0.0,4954.0,16.589188393205404,10.725113158114254,7.286456591449678,0.0,0.0,0.0,0.0,15.168516943231225,9.871197066269815,7.047431079670787,0.0,0.001573694869875908,0.015548013150691986,0.5663339737802744,11.650737162679434,10.725113158114254,7.286456591449678,0.0,0.00265505351126194,0.0,0.0,11.650737162679434,6.83793193846941,4.78786308132112,0.0647941536340926,0.00265505351126194,0.015548013150691986,5.926664153113961,11.650737162679434,6.83793193846941,4.78786308132112,0.01789844036102295,0.00265505351126194,0.015548013150691986,5.926664153113961,11.650737162679434,6.83793193846941,4.78786308132112,0.0,0.00265505351126194,0.02623177319765091,5.926664153113961,7.426904801279306,30715957.0,5.86723240558058,30306893.0,5.884665670804679,30715957.0,5.075791433625819,58797167.0,5.072140564210713,28490274.0,5.068973143585026,28490274.0,0.0,0.0,0.0,0.0,0.0,0.0,0.0,0.0,0.0,0.0,0.0,0.0,0.0,0.0,0.0,0.0,0.0,0.0,0.0,0.0,0.0,0.0,0.0,0.0,27.17385334149003,112740151.0,26.80336836539209,109753969.0,23.78029629494995,112740151.0,24.210402122254152,190234320.0,24.16715727839619,80480351.0,24.163110018707812,80480351.0,573824.432,306071.648,0.0036145116202533243,0.02523514058422297,560243.448,300921.236,0.003450192779302597,0.025056480663083486,573824.432,306071.648,0.003012249261140823,0.023012028829380863,981276.308,689490.724,0.003024026564461844,0.023427428619756337,435882.5,300921.236,0.0030212799422442913,0.02339351290110498,422635.116,422635.116,0.003016478534787893,0.023387047340907147,4954
yelp,query2,4,inf,34.60075814276934,16.589188393205404,130372486.0,143456108.0,0.0,0.0,4954.0,32.67060077097267,15.168516943231225,125481709.0,140060862.0,1237.0,0.0,4954.0,29.664961965754628,11.650737162679434,99376397.0,143456108.0,2087.0,0.0,4954.0,29.286193555879972,11.650737162679434,99376397.0,249031487.0,2087.0,0.0,4954.0,29.239297842606902,11.650737162679434,99376397.0,108970625.0,2087.0,0.0,4954.0,29.232083162292838,11.650737162679434,99376397.0,108970625.0,2087.0,0.0,4954.0,16.589188393205404,10.725113158114254,7.286456591449678,0.0,0.0,0.0,0.0,15.168516943231225,9.871197066269815,7.047431079670787,0.0,0.001573694869875908,0.015548013150691986,0.5663339737802744,11.650737162679434,10.725113158114254,7.286456591449678,0.0,0.00265505351126194,0.0,0.0,11.650737162679434,6.83793193846941,4.78786308132112,0.0647941536340926,0.00265505351126194,0.015548013150691986,5.926664153113961,11.650737162679434,6.83793193846941,4.78786308132112,0.01789844036102295,0.00265505351126194,0.015548013150691986,5.926664153113961,11.650737162679434,6.83793193846941,4.78786308132112,0.0,0.00265505351126194,0.02623177319765091,5.926664153113961,7.426904801279306,30715957.0,5.86723240558058,30306893.0,5.884665670804679,30715957.0,5.075791433625819,58797167.0,5.072140564210713,28490274.0,5.068973143585026,28490274.0,0.0,0.0,0.0,0.0,0.0,0.0,0.0,0.0,0.0,0.0,0.0,0.0,0.0,0.0,0.0,0.0,0.0,0.0,0.0,0.0,0.0,0.0,0.0,0.0,27.17385334149003,112740151.0,26.80336836539209,109753969.0,23.78029629494995,112740151.0,24.210402122254152,190234320.0,24.16715727839619,80480351.0,24.163110018707812,80480351.0,573824.432,306071.648,0.0036145116202533243,0.02523514058422297,560243.448,300921.236,0.003450192779302597,0.025056480663083486,573824.432,306071.648,0.003012249261140823,0.023012028829380863,996125.948,704340.364,0.003024026564461844,0.023427428619756337,435882.5,300921.236,0.0030212799422442913,0.02339351290110498,435882.5,435882.5,0.003016478534787893,0.023387047340907147,4954
yelp,query2,8,1/4,71.17485734261572,33.8250111117959,284615691.0,311861193.0,0.0,0.0,10158.0,67.04407883156091,30.772756768390536,271924545.0,302018910.0,2693.0,0.0,10158.0,57.76775958389044,20.41116949170828,194679292.0,311861193.0,5301.0,0.0,10158.0,56.9397709976964,20.41201632656157,194680734.0,513308739.0,5300.0,0.0,10158.0,56.83588732779026,20.41201632656157,194680734.0,211289829.0,5300.0,0.0,10158.0,56.83155586570501,20.41116949170828,194679292.0,211289829.0,5301.0,0.0,10158.0,33.8250111117959,22.251035505905747,15.098810724914074,0.0,0.0,0.0,0.0,30.772756768390536,20.207416645251215,14.420175053179264,0.0,0.0034259986132383347,0.03384866565465927,1.6064557004719973,20.41116949170828,22.251035505905747,15.098810724914074,0.0,0.006743861362338066,0.0,0.0,20.41201632656157,11.648091569542885,8.13179293461144,0.13971825801658413,0.006742589175701141,0.03384866565465927,16.56756065413356,20.41201632656157,11.648091569542885,8.13179293461144,0.03583458811044693,0.006742589175701141,0.03384866565465927,16.56756065413356,20.41116949170828,11.647659968584776,8.13179293461144,0.0,0.006743861362338066,0.06662895530462265,16.56756065413356,15.340077011846006,63287494.0,11.925259999930859,61624753.0,11.443871798925102,63287494.0,9.481052318849363,114830655.0,9.473257753998041,53205902.0,9.473991651088,53205902.0,0.0,0.0,0.0,0.0,0.0,0.0,0.0,0.0,0.0,0.0,0.0,0.0,0.0,0.0,0.0,0.0,0.0,0.0,0.0,0.0,0.0,0.0,0.0,0.0,55.83478033076972,248573699.0,55.11881883163005,240394157.0,46.323887784965336,248573699.0,47.458718678847035,398478084.0,47.36262957379222,158083927.0,47.357564214617014,158083927.0,1247444.772,461259.0,0.0025847526509314776,0.027087706128507846,1208075.64,457576.32,0.0024019078072160483,0.026949519658833736,1247444.772,461259.0,0.0022006782721728088,0.022142470995895558,1937350.644,1132022.812,0.0020957299284747035,0.023014190309908547,842944.332,457576.32,0.0020945563837885856,0.022978197601996354,741491.792,741491.792,0.002089826248586178,0.02297372550573199,10158
yelp,query2,8,inf,71.17485734261572,33.8250111117959,284615691.0,311861193.0,0.0,0.0,10158.0,67.04407883156091,30.772756768390536,271924545.0,302018910.0,2693.0,0.0,10158.0,57.59694410208613,20.240320933051407,194169179.0,311861193.0,5327.0,0.0,10158.0,56.76022455953884,20.240320933051407,194169179.0,512754993.0,5327.0,0.0,10158.0,56.6563408896327,20.240320933051407,194169179.0,210736083.0,5327.0,0.0,10158.0,56.65361338853836,20.240320933051407,194169179.0,210736083.0,5327.0,0.0,10158.0,33.8250111117959,22.251035505905747,15.098810724914074,0.0,0.0,0.0,0.0,30.772756768390536,20.207416645251215,14.420175053179264,0.0,0.0034259986132383347,0.03384866565465927,1.6064557004719973,20.240320933051407,22.251035505905747,15.098810724914074,0.0,0.0067769382148981094,0.0,0.0,20.240320933051407,11.590475636534393,8.097300497815013,0.13971825801658413,0.0067769382148981094,0.03384866565465927,16.651783630251884,20.240320933051407,11.590475636534393,8.097300497815013,0.03583458811044693,0.0067769382148981094,0.03384866565465927,16.651783630251884,20.240320933051407,11.590475636534393,8.097300497815013,0.0,0.0067769382148981094,0.06695575267076492,16.651783630251884,15.340077011846006,63287494.0,11.925259999930859,61624753.0,11.431204127147794,63287494.0,9.463494864553907,114699699.0,9.455700299702585,53074946.0,9.457874759100378,53074946.0,0.0,0.0,0.0,0.0,0.0,0.0,0.0,0.0,0.0,0.0,0.0,0.0,0.0,0.0,0.0,0.0,0.0,0.0,0.0,0.0,0.0,0.0,0.0,0.0,55.83478033076972,248573699.0,55.11881883163005,240394157.0,46.16573997493833,248573699.0,47.29672969498493,398055294.0,47.20064058993012,157661137.0,47.19573862943798,157661137.0,1247444.772,461259.0,0.0025847526509314776,0.027087706128507846,1208075.64,457576.32,0.0024019078072160483,0.026949519658833736,1247444.772,461259.0,0.0021989893689751626,0.022100947314687064,2051019.972,1228208.952,0.0020889897737762127,0.02297978822891072,842944.332,457576.32,0.0020878162290900947,0.022943795520998532,842944.332,842944.332,0.002083542725071311,0.022939373701252038,10158
yelp,query3,2,1/4,4.239031869918108,2.4287685584276915,12230866.0,11566989.0,0.0,0.0,1340.0,4.099662058055401,2.3312115045264363,11936691.0,11400145.0,118.0,0.0,1340.0,4.047868598252535,2.237355938181281,11549422.0,11566989.0,196.0,0.0,1340.0,3.9728930262386397,2.237355938181281,11549422.0,22536172.0,196.0,0.0,1340.0,3.9701706897467375,2.237355938181281,11549422.0,11136027.0,196.0,0.0,1340.0,3.968599548563361,2.237355938181281,11549422.0,11136027.0,196.0,0.0,1340.0,2.4287685584276915,1.2547016199678183,0.5555616915225983,0.0,0.0,0.0,0.0,2.3312115045264363,1.1943531334400177,0.5456653172150254,0.0,0.00015011802315711975,0.0014831572771072388,0.026798827573657036,2.237355938181281,1.2547016199678183,0.5555616915225983,0.0,0.00024934858083724976,0.0,0.0,2.237355938181281,1.1337501034140587,0.5315270591527224,0.0052738697737054665,0.00024934858083724976,0.0014831572771072388,0.06325354985892773,2.237355938181281,1.1337501034140587,0.5315270591527224,0.002551533281803131,0.00024934858083724976,0.0014831572771072388,0.06325354985892773,2.237355938181281,1.1337501034140587,0.5315270591527224,0.0,0.00024934858083724976,0.0024635493755340576,0.06325354985892773,2.4279086543247104,8604332.0,2.2956097070127726,8604332.0,2.277465995401144,8604332.0,2.194770001000825,17111390.0,2.19306452665478,8507058.0,2.191732198931277,8507058.0,0.0,0.0,0.0,0.0,0.0,0.0,0.0,0.0,0.0,0.0,0.0,0.0,0.0,0.0,0.0,0.0,0.0,0.0,0.0,0.0,0.0,0.0,0.0,0.0,1.8111232155933976,2962657.0,1.8040523510426283,2795813.0,1.7704026028513908,2962657.0,1.7781230252378148,5424782.0,1.7771061630919576,2628969.0,1.7768673496320844,2628969.0,46267.956,34502.56,0.001960780218937378,0.005679270396619913,45600.58,33835.184,0.0019338531306518716,0.005662902578266585,46267.956,34502.56,0.0019175162150520785,0.005637820308598188,90144.688,74310.932,0.001910385941551511,0.00565637049466789,44544.108,33835.184,0.001909805376927259,0.0056509575386143275,44544.108,44544.108,0.0019079988826111501,0.005646927560291249,1340
yelp,query3,2,inf,4.239031869918108,2.4287685584276915,12230866.0,11566989.0,0.0,0.0,1340.0,4.099662058055401,2.3312115045264363,11936691.0,11400145.0,118.0,0.0,1340.0,4.047868598252535,2.237355938181281,11549422.0,11566989.0,196.0,0.0,1340.0,3.9728930262386397,2.237355938181281,11549422.0,22536172.0,196.0,0.0,1340.0,3.9701706897467375,2.237355938181281,11549422.0,11136027.0,196.0,0.0,1340.0,3.968599548563361,2.237355938181281,11549422.0,11136027.0,196.0,0.0,1340.0,2.4287685584276915,1.2547016199678183,0.5555616915225983,0.0,0.0,0.0,0.0,2.3312115045264363,1.1943531334400177,0.5456653172150254,0.0,0.00015011802315711975,0.0014831572771072388,0.026798827573657036,2.237355938181281,1.2547016199678183,0.5555616915225983,0.0,0.00024934858083724976,0.0,0.0,2.237355938181281,1.1337501034140587,0.5315270591527224,0.0052738697737054665,0.00024934858083724976,0.0014831572771072388,0.06325354985892773,2.237355938181281,1.1337501034140587,0.5315270591527224,0.002551533281803131,0.00024934858083724976,0.0014831572771072388,0.06325354985892773,2.237355938181281,1.1337501034140587,0.5315270591527224,0.0,0.00024934858083724976,0.0024635493755340576,0.06325354985892773,2.4279086543247104,8604332.0,2.2956097070127726,8604332.0,2.277465995401144,8604332.0,2.194770001000825,17111390.0,2.19306452665478,8507058.0,2.191732198931277,8507058.0,0.0,0.0,0.0,0.0,0.0,0.0,0.0,0.0,0.0,0.0,0.0,0.0,0.0,0.0,0.0,0.0,0.0,0.0,0.0,0.0,0.0,0.0,0.0,0.0,1.8111232155933976,2962657.0,1.8040523510426283,2795813.0,1.7704026028513908,2962657.0,1.7781230252378148,5424782.0,1.7771061630919576,2628969.0,1.7768673496320844,2628969.0,46267.956,34502.56,0.001960780218937378,0.005679270396619913,45600.58,33835.184,0.0019338531306518716,0.005662902578266585,46267.956,34502.56,0.0019175162150520785,0.005637820308598188,90144.688,74310.932,0.001910385941551511,0.00565637049466789,44544.108,33835.184,0.001909805376927259,0.0056509575386143275,44544.108,44544.108,0.0019079988826111501,0.005646927560291249,1340
yelp,query3,4,1/4,8.740641045384109,4.9824844021350145,26498238.0,25042211.0,0.0,0.0,2722.0,8.550843487493694,4.8363083293661475,25725841.0,24374835.0,140.0,0.0,2722.0,8.188983049243689,4.43019921798259,22909173.0,25042211.0,493.0,0.0,2722.0,7.980375299368689,4.43019921798259,22909173.0,46399736.0,493.0,0.0,2722.0,7.974214788526297,4.43019921798259,22909173.0,22024901.0,493.0,0.0,2722.0,7.973536055535078,4.43019921798259,22909173.0,22024901.0,493.0,0.0,2722.0,4.9824844021350145,2.604088525287807,1.1540681179612875,0.0,0.0,0.0,0.0,4.8363083293661475,2.490919442847371,1.1144826207309961,0.0,0.0001781061291694641,0.0017596781253814697,0.10719531029462814,4.43019921798259,2.604088525287807,1.1540681179612875,0.0,0.0006271880120038986,0.0,0.0,4.43019921798259,2.180901352316141,1.0094719203189015,0.011276146535465829,0.0006271880120038986,0.0017596781253814697,0.3461397960782051,4.43019921798259,2.180901352316141,1.0094719203189015,0.005115635693073273,0.0006271880120038986,0.0017596781253814697,0.3461397960782051,4.43019921798259,2.180901352316141,1.0094719203189015,0.0,0.0006271880120038986,0.0061965808272361755,0.3461397960782051,5.05549755692482,18500185.0,4.893983457237482,18500185.0,4.642696508206427,18500185.0,4.425388629818493,34650436.0,4.421367635950446,16150251.0,4.421166529878974,16150251.0,0.0,0.0,0.0,0.0,0.0,0.0,0.0,0.0,0.0,0.0,0.0,0.0,0.0,0.0,0.0,0.0,0.0,0.0,0.0,0.0,0.0,0.0,0.0,0.0,3.685143488459289,6542026.0,3.6568600302562118,5874650.0,3.5462865410372615,6542026.0,3.5549866695501966,11749300.0,3.5528471525758505,5874650.0,3.552369525656104,5874650.0,100168.844,57922.828,0.0015580769013613463,0.006903473464027045,97499.34,55253.324,0.0015357352308928967,0.006812933993339537,100168.844,57922.828,0.0014945530164986848,0.006748185657337306,185598.944,133640.944,0.001489507169246112,0.006806994128974167,88099.604,55253.324,0.0014894376266747712,0.0068017979597672805,88099.604,88099.604,0.0014886080641299485,0.006796850750409065,2722
yelp,query3,4,inf,8.740641045384109,4.9824844021350145,26498238.0,25042211.0,0.0,0.0,2722.0,8.550843487493694,4.8363083293661475,25725841.0,24374835.0,140.0,0.0,2722.0,8.188983049243689,4.43019921798259,22909173.0,25042211.0,493.0,0.0,2722.0,7.980375299368689,4.43019921798259,22909173.0,46399736.0,493.0,0.0,2722.0,7.974214788526297,4.43019921798259,22909173.0,22024901.0,493.0,0.0,2722.0,7.973536055535078,4.43019921798259,22909173.0,22024901.0,493.0,0.0,2722.0,4.9824844021350145,2.604088525287807,1.1540681179612875,0.0,0.0,0.0,0.0,4.8363083293661475,2.490919442847371,1.1144826207309961,0.0,0.0001781061291694641,0.0017596781253814697,0.10719531029462814,4.43019921798259,2.604088525287807,1.1540681179612875,0.0,0.0006271880120038986,0.0,0.0,4.43019921798259,2.180901352316141,1.0094719203189015,0.011276146535465829,0.0006271880120038986,0.0017596781253814697,0.3461397960782051,4.43019921798259,2.180901352316141,1.0094719203189015,0.005115635693073273,0.0006271880120038986,0.0017596781253814697,0.3461397960782051,4.43019921798259,2.180901352316141,1.0094719203189015,0.0,0.0006271880120038986,0.0061965808272361755,0.3461397960782051,5.05549755692482,18500185.0,4.893983457237482,18500185.0,4.642696508206427,18500185.0,4.425388629818493,34650436.0,4.421367635950446,16150251.0,4.421166529878974,16150251.0,0.0,0.0,0.0,0.0,0.0,0.0,0.0,0.0,0.0,0.0,0.0,0.0,0.0,0.0,0.0,0.0,0.0,0.0,0.0,0.0,0.0,0.0,0.0,0.0,3.685143488459289,6542026.0,3.6568600302562118,5874650.0,3.5462865410372615,6542026.0,3.5549866695501966,11749300.0,3.5528471525758505,5874650.0,3.552369525656104,5874650.0,100168.844,57922.828,0.0015580769013613463,0.006903473464027045,97499.34,55253.324,0.0015357352308928967,0.006812933993339537,100168.844,57922.828,0.0014945530164986848,0.006748185657337306,185598.944,133640.944,0.001489507169246112,0.006806994128974167,88099.604,55253.324,0.0014894376266747712,0.0068017979597672805,88099.604,88099.604,0.0014886080641299485,0.006796850750409065,2722
yelp,query3,8,1/4,17.784891217015684,10.260756210424006,51121402.0,48543489.0,0.0,0.0,5441.0,17.340644990094006,9.900523697957397,48989318.0,46541361.0,321.0,0.0,5441.0,16.067488426342607,8.54168176651001,40534113.0,48543489.0,1314.0,0.0,5441.0,15.529999889191584,8.54168176651001,40534113.0,85682966.0,1314.0,0.0,5441.0,15.518474218435585,8.54168176651001,40534113.0,39141605.0,1314.0,0.0,5441.0,15.520950336940587,8.54168176651001,40534113.0,39141605.0,1314.0,0.0,5441.0,10.260756210424006,5.210563533008099,2.313571473583579,0.0,0.0,0.0,0.0,9.900523697957397,4.919277316890657,2.194814981892705,0.0,0.0004083719104528427,0.00403469055891037,0.32158593088388443,8.54168176651001,5.210563533008099,2.313571473583579,0.0,0.0016716532409191132,0.0,0.0,8.54168176651001,3.9881870932877064,1.8500917563214898,0.021530697811739625,0.0016716532409191132,0.00403469055891037,1.1228022314608097,8.54168176651001,3.9881870932877064,1.8500917563214898,0.010005027055740356,0.0016716532409191132,0.00403469055891037,1.1228022314608097,8.54168176651001,3.9881870932877064,1.8500917563214898,0.0,0.0016716532409191132,0.016515836119651794,1.1228022314608097,9.797120385803282,34849671.0,9.437724533490837,34849671.0,8.709383915178478,34849671.0,8.147959685456218,62966962.0,8.140686397440732,28117291.0,8.143790972419083,28117291.0,0.0,0.0,0.0,0.0,0.0,0.0,0.0,0.0,0.0,0.0,0.0,0.0,0.0,0.0,0.0,0.0,0.0,0.0,0.0,0.0,0.0,0.0,0.0,0.0,7.987770831212401,13693818.0,7.902920456603169,11691690.0,7.358104511164129,13693818.0,7.382040203735367,22716004.0,7.377787820994854,11024314.0,7.3771593645215034,11024314.0,194173.956,79839.596,0.0015022164173424243,0.007835647395998237,186165.444,71858.064,0.0014419117011129855,0.0076673602299764726,194173.956,79839.596,0.0013799699079245329,0.007447711510397492,342731.864,213126.056,0.0013536935042287297,0.0075506773683961135,156566.42,71858.064,0.001353620221838355,0.007545661466941235,156566.42,156566.42,0.0013531928714364766,0.007540454963222144,5441
yelp,query3,8,inf,17.784891217015684,10.260756210424006,51121402.0,48543489.0,0.0,0.0,5441.0,17.340644990094006,9.900523697957397,48989318.0,46541361.0,321.0,0.0,5441.0,16.067488426342607,8.54168176651001,40534113.0,48543489.0,1314.0,0.0,5441.0,15.529999889191584,8.54168176651001,40534113.0,85682966.0,1314.0,0.0,5441.0,15.518474218435585,8.54168176651001,40534113.0,39141605.0,1314.0,0.0,5441.0,15.520950336940587,8.54168176651001,40534113.0,39141605.0,1314.0,0.0,5441.0,10.260756210424006,5.210563533008099,2.313571473583579,0.0,0.0,0.0,0.0,9.900523697957397,4.919277316890657,2.194814981892705,0.0,0.0004083719104528427,0.00403469055891037,0.32158593088388443,8.54168176651001,5.210563533008099,2.313571473583579,0.0,0.0016716532409191132,0.0,0.0,8.54168176651001,3.9881870932877064,1.8500917563214898,0.021530697811739625,0.0016716532409191132,0.00403469055891037,1.1228022314608097,8.54168176651001,3.9881870932877064,1.8500917563214898,0.010005027055740356,0.0016716532409191132,0.00403469055891037,1.1228022314608097,8.54168176651001,3.9881870932877064,1.8500917563214898,0.0,0.0016716532409191132,0.016515836119651794,1.1228022314608097,9.797120385803282,34849671.0,9.437724533490837,34849671.0,8.709383915178478,34849671.0,8.147959685456218,62966962.0,8.140686397440732,28117291.0,8.143790972419083,28117291.0,0.0,0.0,0.0,0.0,0.0,0.0,0.0,0.0,0.0,0.0,0.0,0.0,0.0,0.0,0.0,0.0,0.0,0.0,0.0,0.0,0.0,0.0,0.0,0.0,7.987770831212401,13693818.0,7.902920456603169,11691690.0,7.358104511164129,13693818.0,7.382040203735367,22716004.0,7.377787820994854,11024314.0,7.3771593645215034,11024314.0,194173.956,79839.596,0.0015022164173424243,0.007835647395998237,186165.444,71858.064,0.0014419117011129855,0.0076673602299764726,194173.956,79839.596,0.0013799699079245329,0.007447711510397492,342731.864,213126.056,0.0013536935042287297,0.0075506773683961135,156566.42,71858.064,0.001353620221838355,0.007545661466941235,156566.42,156566.42,0.0013531928714364766,0.007540454963222144,5441
yelp,query4,2,1/4,15.98432806506753,6.954308643005788,99797607.0,104677027.0,0.0,0.0,2718.0,15.177505473606288,6.371481281705201,89816802.0,95518391.0,589.0,0.0,2718.0,14.724059864878654,5.693043048493564,82318799.0,104677027.0,784.0,0.0,2718.0,14.54811896773253,5.693043048493564,82318799.0,182595685.0,784.0,0.0,2718.0,14.51174879539758,5.693043048493564,82318799.0,87077294.0,784.0,0.0,2718.0,14.506381777115166,5.693043048493564,82318799.0,87077294.0,784.0,0.0,2718.0,6.954308643005788,5.506671261973679,3.5233481600880623,0.0,0.0,0.0,0.0,6.371481281705201,4.939411686733365,3.3150524720549583,0.0,0.000749317929148674,0.007403217256069183,0.5434074979275465,5.693043048493564,5.506671261973679,3.5233481600880623,0.0,0.000997394323348999,0.0,0.0,5.693043048493564,4.312124187126756,2.866718601435423,0.04418817086343027,0.000997394323348999,0.007403217256069183,1.6236443482339382,5.693043048493564,4.312124187126756,2.866718601435423,0.00781799852848053,0.000997394323348999,0.007403217256069183,1.6236443482339382,5.693043048493564,4.312124187126756,2.866718601435423,0.0,0.000997394323348999,0.00985419750213623,1.6236443482339382,4.950296292081475,21714284.0,4.193615790456533,21094931.0,4.353970699943602,21714284.0,4.003284972196447,42124137.0,3.9990817112848163,21029206.0,3.995348679833114,21029206.0,0.0,0.0,0.0,0.0,0.0,0.0,0.0,0.0,0.0,0.0,0.0,0.0,0.0,0.0,0.0,0.0,0.0,0.0,0.0,0.0,0.0,0.0,0.0,0.0,11.034031772986054,82962743.0,10.983889683149755,74423460.0,10.370089164935052,82962743.0,10.544833995536083,140471548.0,10.512667084112763,66048088.0,10.511033097282052,66048088.0,418708.108,327536.572,0.002983905892819166,0.018824455419927826,382073.564,291488.24,0.0028866542521864174,0.018695250588282936,418708.108,327536.572,0.002721040362492204,0.018068898289464407,730382.74,622712.928,0.0027171519750944307,0.018369364618810672,348309.176,291488.24,0.0027137869987636804,0.0183237287743017,348309.176,348309.176,0.002710896098986268,0.018316793128661805,2718
yelp,query4,2,inf,15.98432806506753,6.954308643005788,99797607.0,104677027.0,0.0,0.0,2718.0,15.177505473606288,6.371481281705201,89816802.0,95518391.0,589.0,0.0,2718.0,14.724059864878654,5.693043048493564,82318799.0,104677027.0,784.0,0.0,2718.0,14.54811896773253,5.693043048493564,82318799.0,182595685.0,784.0,0.0,2718.0,14.51174879539758,5.693043048493564,82318799.0,87077294.0,784.0,0.0,2718.0,14.506381777115166,5.693043048493564,82318799.0,87077294.0,784.0,0.0,2718.0,6.954308643005788,5.506671261973679,3.5233481600880623,0.0,0.0,0.0,0.0,6.371481281705201,4.939411686733365,3.3150524720549583,0.0,0.000749317929148674,0.007403217256069183,0.5434074979275465,5.693043048493564,5.506671261973679,3.5233481600880623,0.0,0.000997394323348999,0.0,0.0,5.693043048493564,4.312124187126756,2.866718601435423,0.04418817086343027,0.000997394323348999,0.007403217256069183,1.6236443482339382,5.693043048493564,4.312124187126756,2.866718601435423,0.00781799852848053,0.000997394323348999,0.007403217256069183,1.6236443482339382,5.693043048493564,4.312124187126756,2.866718601435423,0.0,0.000997394323348999,0.00985419750213623,1.6236443482339382,4.950296292081475,21714284.0,4.193615790456533,21094931.0,4.353970699943602,21714284.0,4.003284972196447,42124137.0,3.9990817112848163,21029206.0,3.995348679833114,21029206.0,0.0,0.0,0.0,0.0,0.0,0.0,0.0,0.0,0.0,0.0,0.0,0.0,0.0,0.0,0.0,0.0,0.0,0.0,0.0,0.0,0.0,0.0,0.0,0.0,11.034031772986054,82962743.0,10.983889683149755,74423460.0,10.370089164935052,82962743.0,10.544833995536083,140471548.0,10.512667084112763,66048088.0,10.511033097282052,66048088.0,418708.108,327536.572,0.002983905892819166,0.018824455419927826,382073.564,291488.24,0.0028866542521864174,0.018695250588282936,418708.108,327536.572,0.002721040362492204,0.018068898289464407,730382.74,622712.928,0.0027171519750944307,0.018369364618810672,348309.176,291488.24,0.0027137869987636804,0.0183237287743017,348309.176,348309.176,0.002710896098986268,0.018316793128661805,2718
yelp,query4,4,1/4,30.38852815143764,13.480444182641804,182291893.0,191853710.0,0.0,0.0,5144.0,29.147430763579905,12.54681580606848,163368278.0,173939594.0,911.0,0.0,5144.0,27.07492778636515,10.164738348685205,140547529.0,191853710.0,1655.0,0.0,5144.0,26.76150285860251,10.164738348685205,140547529.0,322774748.0,1655.0,0.0,5144.0,26.697363219223917,10.164738348685205,140547529.0,148835154.0,1655.0,0.0,5144.0,26.690387352369726,10.164738348685205,140547529.0,148835154.0,1655.0,0.0,5144.0,13.480444182641804,10.27945708297193,6.6286268858239055,0.0,0.0,0.0,0.0,12.54681580606848,9.318234770558774,6.233300221152604,0.0,0.0011589620262384415,0.011450476944446564,1.036470526829362,10.164738348685205,10.27945708297193,6.6286268858239055,0.0,0.0021054688841104507,0.0,0.0,10.164738348685205,7.383573004044592,4.926392116583884,0.08046693855623772,0.0021054688841104507,0.011450476944446564,4.192776504904032,10.164738348685205,7.383573004044592,4.926392116583884,0.016327299177646637,0.0021054688841104507,0.011450476944446564,4.192776504904032,10.164738348685205,7.383573004044592,4.926392116583884,0.0,0.0021054688841104507,0.020801909267902374,4.192776504904032,9.60891577694565,44674343.0,8.460096943192184,43708959.0,8.390258882194757,44674343.0,7.6866411301620845,86711451.0,7.6783237075433135,43002492.0,7.673660560511053,43002492.0,0.0,0.0,0.0,0.0,0.0,0.0,0.0,0.0,0.0,0.0,0.0,0.0,0.0,0.0,0.0,0.0,0.0,0.0,0.0,0.0,0.0,0.0,0.0,0.0,20.77961237449199,147179367.0,20.68733382038772,130230635.0,18.684668904170394,147179367.0,19.074861728440425,236063297.0,19.019039511680603,105832662.0,19.016726791858673,105832662.0,767414.84,445218.136,0.0024390865936875345,0.019223970047011964,695758.376,392427.656,0.002381190599873662,0.019155812344513825,767414.84,445218.136,0.002244053538888693,0.01748992924336343,1277213.352,932132.208,0.0022160025105184304,0.01797852206090472,595340.616,392427.656,0.00221432869322598,0.017942546941898754,581774.104,581774.104,0.0022114880699664356,0.017936367957852774,5144
yelp,query4,4,inf,30.38852815143764,13.480444182641804,182291893.0,191853710.0,0.0,0.0,5144.0,29.147430763579905,12.54681580606848,163368278.0,173939594.0,911.0,0.0,5144.0,27.07492778636515,10.164738348685205,140547529.0,191853710.0,1655.0,0.0,5144.0,26.76150285860251,10.164738348685205,140547529.0,322774748.0,1655.0,0.0,5144.0,26.697363219223917,10.164738348685205,140547529.0,148835154.0,1655.0,0.0,5144.0,26.690387352369726,10.164738348685205,140547529.0,148835154.0,1655.0,0.0,5144.0,13.480444182641804,10.27945708297193,6.6286268858239055,0.0,0.0,0.0,0.0,12.54681580606848,9.318234770558774,6.233300221152604,0.0,0.0011589620262384415,0.011450476944446564,1.036470526829362,10.164738348685205,10.27945708297193,6.6286268858239055,0.0,0.0021054688841104507,0.0,0.0,10.164738348685205,7.383573004044592,4.926392116583884,0.08046693855623772,0.0021054688841104507,0.011450476944446564,4.192776504904032,10.164738348685205,7.383573004044592,4.926392116583884,0.016327299177646637,0.0021054688841104507,0.011450476944446564,4.192776504904032,10.164738348685205,7.383573004044592,4.926392116583884,0.0,0.0021054688841104507,0.020801909267902374,4.192776504904032,9.60891577694565,44674343.0,8.460096943192184,43708959.0,8.390258882194757,44674343.0,7.6866411301620845,86711451.0,7.6783237075433135,43002492.0,7.673660560511053,43002492.0,0.0,0.0,0.0,0.0,0.0,0.0,0.0,0.0,0.0,0.0,0.0,0.0,0.0,0.0,0.0,0.0,0.0,0.0,0.0,0.0,0.0,0.0,0.0,0.0,20.77961237449199,147179367.0,20.68733382038772,130230635.0,18.684668904170394,147179367.0,19.074861728440425,236063297.0,19.019039511680603,105832662.0,19.016726791858673,105832662.0,767414.84,445218.136,0.0024390865936875345,0.019223970047011964,695758.376,392427.656,0.002381190599873662,0.019155812344513825,767414.84,445218.136,0.002244053538888693,0.01748992924336343,1291098.992,945379.592,0.0022160025105184304,0.01797852206090472,595340.616,392427.656,0.00221432869322598,0.017942546941898754,595340.616,595340.616,0.0022114880699664356,0.017936367957852774,5144
yelp,query4,8,1/4,61.160415454767644,27.524808845482767,352374583.0,370389039.0,0.0,0.0,10679.0,58.20655247755349,25.336697766557336,311724135.0,332431248.0,2201.0,0.0,10679.0,51.92084005847573,18.279644733294845,249435341.0,370389039.0,4393.0,0.0,10679.0,50.9633873886508,18.28038795851171,249436832.0,596920777.0,4392.0,0.0,10679.0,50.84221684001386,18.28038795851171,249436832.0,264489529.0,4392.0,0.0,10679.0,50.836018320173025,18.279644733294845,249435341.0,264489529.0,4393.0,0.0,10679.0,27.524808845482767,20.509211780503392,13.126394828781486,0.0,0.0,0.0,0.0,25.336697766557336,18.343586791306734,12.278970833867788,0.0,0.0028000827878713608,0.027664653956890106,2.216832349076867,18.279644733294845,20.509211780503392,13.126394828781486,0.0,0.005588715896010399,0.0,0.0,18.28038795851171,13.050502374768257,8.774739641696215,0.15378743960382835,0.005587443709373474,0.027664653956890106,10.670717876404524,18.28038795851171,13.050502374768257,8.774739641696215,0.03261689096689224,0.005587443709373474,0.027664653956890106,10.670717876404524,18.279644733294845,13.050111167132854,8.774739641696215,0.0,0.005588715896010399,0.05521618574857712,10.670717876404524,19.85641839634627,92221406.0,17.102790346369147,89946836.0,16.64993162918836,92221406.0,14.8227573327582,176098581.0,14.805027988739312,86151745.0,14.801343294791877,86151745.0,0.0,0.0,0.0,0.0,0.0,0.0,0.0,0.0,0.0,0.0,0.0,0.0,0.0,0.0,0.0,0.0,0.0,0.0,0.0,0.0,0.0,0.0,0.0,0.0,41.30399705842137,278167633.0,41.10376213118434,242484412.0,35.270908429287374,278167633.0,36.14063005589259,420822196.0,36.03718885127455,178337784.0,36.03467502538115,178337784.0,1481556.156,589708.152,0.00240658968500793,0.018311384544894088,1329724.992,462167.272,0.002323033107444644,0.01812696797270327,1481556.156,589708.152,0.0021377397645264864,0.01576257343925535,2304179.632,1360966.532,0.0020399481901952603,0.016351009544558804,1051334.424,462167.272,0.002038001887500286,0.016331746308132996,980359.172,980359.172,0.0020354876965284346,0.016327075619623054,10679
yelp,query4,8,inf,61.160415454767644,27.524808845482767,352374583.0,370389039.0,0.0,0.0,10679.0,58.20655247755349,25.336697766557336,311724135.0,332431248.0,2201.0,0.0,10679.0,51.889775642193854,18.248576500453055,247858631.0,370389039.0,4396.0,0.0,10679.0,50.94060491482588,18.248576500453055,247858631.0,595264854.0,4396.0,0.0,10679.0,50.81943436618894,18.248576500453055,247858631.0,262833606.0,4396.0,0.0,10679.0,50.81440671440214,18.248576500453055,247858631.0,262833606.0,4396.0,0.0,10679.0,27.524808845482767,20.509211780503392,13.126394828781486,0.0,0.0,0.0,0.0,25.336697766557336,18.343586791306734,12.278970833867788,0.0,0.0028000827878713608,0.027664653956890106,2.216832349076867,18.248576500453055,20.509211780503392,13.126394828781486,0.0,0.005592532455921173,0.0,0.0,18.248576500453055,13.004898668266833,8.742029967717826,0.15378743960382835,0.005592532455921173,0.027664653956890106,10.758055152371526,18.248576500453055,13.004898668266833,8.742029967717826,0.03261689096689224,0.005592532455921173,0.027664653956890106,10.758055152371526,18.248576500453055,13.004898668266833,8.742029967717826,0.0,0.005592532455921173,0.05525389313697815,10.758055152371526,19.85641839634627,92221406.0,17.102790346369147,89946836.0,16.64915634598583,92221406.0,14.820409673438562,176098581.0,14.802680329419672,86151745.0,14.800141365267336,86151745.0,0.0,0.0,0.0,0.0,0.0,0.0,0.0,0.0,0.0,0.0,0.0,0.0,0.0,0.0,0.0,0.0,0.0,0.0,0.0,0.0,0.0,0.0,0.0,0.0,41.30399705842137,278167633.0,41.10376213118434,242484412.0,35.240619296208024,278167633.0,36.120195241387314,419166273.0,36.01675403676927,176681861.0,36.0142653491348,176681861.0,1481556.156,589708.152,0.00240658968500793,0.018311384544894088,1329724.992,462167.272,0.002323033107444644,0.01812696797270327,1481556.156,589708.152,0.0021377299930900335,0.01576257343925535,2381059.416,1433668.676,0.0020393427485653737,0.016351009544558804,1051334.424,462167.272,0.0020373964458703995,0.016331746308132996,1051334.424,1051334.424,0.0020350083112716673,0.016327075619623054,10679
yelp,query5,2,1/4,9.914893197827041,5.239181263372302,39803935.0,40047732.0,0.0,0.0,2287.0,9.267801548354328,4.789619263261557,37972257.0,39091762.0,447.0,0.0,2287.0,9.224829377606511,4.548421557061374,36496865.0,40047732.0,547.0,0.0,2287.0,9.013004081468711,4.548421557061374,36496865.0,76625516.0,547.0,0.0,2287.0,9.002461152151227,4.548421557061374,36496865.0,37533754.0,547.0,0.0,2287.0,8.996176587417722,4.548421557061374,36496865.0,37533754.0,547.0,0.0,2287.0,5.239181263372302,2.977860397659242,1.697851536795497,0.0,0.0,0.0,0.0,4.789619263261557,2.6979878721758723,1.6440341118723154,0.0,0.0005686674267053604,0.005618400871753693,0.12997323274612427,4.548421557061374,2.977860397659242,1.697851536795497,0.0,0.0006958860903978348,0.0,0.0,4.548421557061374,2.5063954954966903,1.5269827228039503,0.01808440699769064,0.0006958860903978348,0.005618400871753693,0.4068056121468544,4.548421557061374,2.5063954954966903,1.5269827228039503,0.007541477680206299,0.0006958860903978348,0.005618400871753693,0.4068056121468544,4.548421557061374,2.5063954954966903,1.5269827228039503,0.0,0.0006958860903978348,0.006875313818454742,0.4068056121468544,4.406632513739169,21605929.0,3.848024250008166,21112529.0,3.9779428662732244,21605929.0,3.732419034896864,42225058.0,3.728810951113701,21112529.0,3.7237078845500946,21112529.0,0.0,0.0,0.0,0.0,0.0,0.0,0.0,0.0,0.0,0.0,0.0,0.0,0.0,0.0,0.0,0.0,0.0,0.0,0.0,0.0,0.0,0.0,0.0,0.0,5.5082606840878725,18441803.0,5.419777298346162,17979233.0,5.246886511333287,18441803.0,5.280585046571847,34400458.0,5.273650201037526,16421225.0,5.272468702867627,16421225.0,160190.928,121679.54,0.0030531770288944244,0.011592891214415429,156367.048,118074.864,0.002979020578786731,0.011504228240996596,160190.928,121679.54,0.002818528439849615,0.011374386203102764,306502.064,257663.084,0.0028351264848262316,0.011413038187005321,150135.016,118074.864,0.0028326538745313884,0.011401653875596818,150135.016,150135.016,0.0028278776053339244,0.011394564886577424,2287
yelp,query5,2,inf,9.914893197827041,5.239181263372302,39803935.0,40047732.0,0.0,0.0,2287.0,9.267801548354328,4.789619263261557,37972257.0,39091762.0,447.0,0.0,2287.0,9.224829377606511,4.548421557061374,36496865.0,40047732.0,547.0,0.0,2287.0,9.013004081468711,4.548421557061374,36496865.0,76625516.0,547.0,0.0,2287.0,9.002461152151227,4.548421557061374,36496865.0,37533754.0,547.0,0.0,2287.0,8.996176587417722,4.548421557061374,36496865.0,37533754.0,547.0,0.0,2287.0,5.239181263372302,2.977860397659242,1.697851536795497,0.0,0.0,0.0,0.0,4.789619263261557,2.6979878721758723,1.6440341118723154,0.0,0.0005686674267053604,0.005618400871753693,0.12997323274612427,4.548421557061374,2.977860397659242,1.697851536795497,0.0,0.0006958860903978348,0.0,0.0,4.548421557061374,2.5063954954966903,1.5269827228039503,0.01808440699769064,0.0006958860903978348,0.005618400871753693,0.4068056121468544,4.548421557061374,2.5063954954966903,1.5269827228039503,0.007541477680206299,0.0006958860903978348,0.005618400871753693,0.4068056121468544,4.548421557061374,2.5063954954966903,1.5269827228039503,0.0,0.0006958860903978348,0.006875313818454742,0.4068056121468544,4.406632513739169,21605929.0,3.848024250008166,21112529.0,3.9779428662732244,21605929.0,3.732419034896864,42225058.0,3.728810951113701,21112529.0,3.7237078845500946,21112529.0,0.0,0.0,0.0,0.0,0.0,0.0,0.0,0.0,0.0,0.0,0.0,0.0,0.0,0.0,0.0,0.0,0.0,0.0,0.0,0.0,0.0,0.0,0.0,0.0,5.5082606840878725,18441803.0,5.419777298346162,17979233.0,5.246886511333287,18441803.0,5.280585046571847,34400458.0,5.273650201037526,16421225.0,5.272468702867627,16421225.0,160190.928,121679.54,0.0030531770288944244,0.011592891214415429,156367.048,118074.864,0.002979020578786731,0.011504228240996596,160190.928,121679.54,0.002818528439849615,0.011374386203102764,306502.064,257663.084,0.0028351264848262316,0.011413038187005321,150135.016,118074.864,0.0028326538745313884,0.011401653875596818,150135.016,150135.016,0.0028278776053339244,0.011394564886577424,2287
yelp,query5,4,1/4,20.750385282561183,10.849608397111297,86056793.0,87384918.0,0.0,0.0,4621.0,19.266875695437193,9.813796759583056,82479417.0,85940661.0,1006.0,0.0,4621.0,18.482123309746385,8.579515747725964,73103577.0,87384918.0,1439.0,0.0,4621.0,17.994848111384908,8.579515747725964,73103577.0,161653920.0,1439.0,0.0,4621.0,17.970663886517286,8.579515747725964,73103577.0,75713259.0,1439.0,0.0,4621.0,17.960533168166876,8.579515747725964,73103577.0,75713259.0,1439.0,0.0,4621.0,10.849608397111297,6.257905141450465,3.6428717439994216,0.0,0.0,0.0,0.0,9.813796759583056,5.672251866199076,3.559459913522005,0.0,0.0012798197567462921,0.012644544243812561,0.20744279213249683,8.579515747725964,6.257905141450465,3.6428717439994216,0.0,0.0018306765705347061,0.0,0.0,8.579515747725964,4.70274711586535,2.919824855402112,0.03975737627724632,0.0018306765705347061,0.012644544243812561,1.7385277952998877,8.579515747725964,4.70274711586535,2.919824855402112,0.015573151409626007,0.0018306765705347061,0.012644544243812561,1.7385277952998877,8.579515747725964,4.70274711586535,2.919824855402112,0.0,0.0018306765705347061,0.018086977303028107,1.7385277952998877,8.67209380120039,41715747.0,7.417295837774873,40971531.0,7.570952329784632,41715747.0,6.947679218463335,80881723.0,6.941206349059939,39910192.0,6.933074122294784,39910192.0,0.0,0.0,0.0,0.0,0.0,0.0,0.0,0.0,0.0,0.0,0.0,0.0,0.0,0.0,0.0,0.0,0.0,0.0,0.0,0.0,0.0,0.0,0.0,0.0,12.078291481360793,45669171.0,11.84957985766232,44969130.0,10.911170979961753,45669171.0,11.04716889292157,80772197.0,11.029457537457347,35803067.0,11.027459045872092,35803067.0,349539.672,201131.632,0.0027847278099507092,0.013784908477962014,343762.644,196620.628,0.002681835914030671,0.013650390398316082,349539.672,201131.632,0.0025859395433217285,0.013008436193689698,646615.68,459291.104,0.002581072569146408,0.013142018533545657,302853.036,196620.628,0.0025787723306566475,0.013131101724132892,302853.036,302853.036,0.002574121752753854,0.013125410422310229,4621
yelp,query5,4,inf,20.750385282561183,10.849608397111297,86056793.0,87384918.0,0.0,0.0,4621.0,19.266875695437193,9.813796759583056,82479417.0,85940661.0,1006.0,0.0,4621.0,18.482123309746385,8.579515747725964,73103577.0,87384918.0,1439.0,0.0,4621.0,17.994848111384908,8.579515747725964,73103577.0,161653920.0,1439.0,0.0,4621.0,17.970663886517286,8.579515747725964,73103577.0,75713259.0,1439.0,0.0,4621.0,17.960533168166876,8.579515747725964,73103577.0,75713259.0,1439.0,0.0,4621.0,10.849608397111297,6.257905141450465,3.6428717439994216,0.0,0.0,0.0,0.0,9.813796759583056,5.672251866199076,3.559459913522005,0.0,0.0012798197567462921,0.012644544243812561,0.20744279213249683,8.579515747725964,6.257905141450465,3.6428717439994216,0.0,0.0018306765705347061,0.0,0.0,8.579515747725964,4.70274711586535,2.919824855402112,0.03975737627724632,0.0018306765705347061,0.012644544243812561,1.7385277952998877,8.579515747725964,4.70274711586535,2.919824855402112,0.015573151409626007,0.0018306765705347061,0.012644544243812561,1.7385277952998877,8.579515747725964,4.70274711586535,2.919824855402112,0.0,0.0018306765705347061,0.018086977303028107,1.7385277952998877,8.67209380120039,41715747.0,7.417295837774873,40971531.0,7.570952329784632,41715747.0,6.947679218463335,80881723.0,6.941206349059939,39910192.0,6.933074122294784,39910192.0,0.0,0.0,0.0,0.0,0.0,0.0,0.0,0.0,0.0,0.0,0.0,0.0,0.0,0.0,0.0,0.0,0.0,0.0,0.0,0.0,0.0,0.0,0.0,0.0,12.078291481360793,45669171.0,11.84957985766232,44969130.0,10.911170979961753,45669171.0,11.04716889292157,80772197.0,11.029457537457347,35803067.0,11.027459045872092,35803067.0,349539.672,201131.632,0.0027847278099507092,0.013784908477962014,343762.644,196620.628,0.002681835914030671,0.013650390398316082,349539.672,201131.632,0.0025859395433217285,0.013008436193689698,646615.68,459291.104,0.002581072569146408,0.013142018533545657,302853.036,196620.628,0.0025787723306566475,0.013131101724132892,302853.036,302853.036,0.002574121752753854,0.013125410422310229,4621
yelp,query5,8,1/4,40.997813063673675,21.73200013395399,165919422.0,167397437.0,0.0,0.0,9486.0,38.05731835216284,19.666985150426626,157412231.0,162744092.0,2098.0,0.0,9486.0,35.00264685694128,15.732429617084563,134471463.0,167397437.0,3462.0,0.0,9486.0,33.87409411165351,15.732429617084563,134471463.0,300836616.0,3462.0,0.0,9486.0,33.82883402239531,15.732429617084563,134471463.0,138092524.0,3462.0,0.0,9486.0,33.81595066469163,15.732429617084563,134471463.0,138092524.0,3462.0,0.0,9486.0,21.73200013395399,12.264819453470409,7.000993476249278,0.0,0.0,0.0,0.0,19.666985150426626,11.020180492661893,6.759645058773458,0.0,0.002669047564268112,0.026370033621788025,0.5814685691148043,15.732429617084563,12.264819453470409,7.000993476249278,0.0,0.0044043101370334625,0.0,0.0,15.732429617084563,8.410007882863283,5.11660054884851,0.0752877395548865,0.0044043101370334625,0.026370033621788025,4.5089939795434475,15.732429617084563,8.410007882863283,5.11660054884851,0.03002765029668808,0.0044043101370334625,0.026370033621788025,4.5089939795434475,15.732429617084563,8.410007882863283,5.11660054884851,0.0,0.0044043101370334625,0.043514326214790344,4.5089939795434475,17.471588463522494,82424369.0,14.925468668341637,79489505.0,14.865109225735068,82424369.0,13.458102210445674,155527603.0,13.445637927390635,76038098.0,13.435004443861544,76038098.0,0.0,0.0,0.0,0.0,0.0,0.0,0.0,0.0,0.0,0.0,0.0,0.0,0.0,0.0,0.0,0.0,0.0,0.0,0.0,0.0,0.0,0.0,0.0,0.0,23.52622460015118,84973068.0,23.1318496838212,83254587.0,20.137537631206214,84973068.0,20.41599190120784,145309013.0,20.383196095004678,62054426.0,20.380946220830083,62054426.0,669589.748,291025.364,0.0026259466372430323,0.014157691107876595,650976.368,275159.32,0.0024888953622430564,0.014063664449006317,669589.748,291025.364,0.0024079989120364188,0.012577730113640424,1190885.432,753586.524,0.002376895761298908,0.012840323877917403,552370.096,275159.32,0.002374220756813884,0.012829556495323774,544032.44,544032.44,0.0023699472527951002,0.012824599230661985,9486
yelp,query5,8,inf,40.997813063673675,21.73200013395399,165919422.0,167397437.0,0.0,0.0,9486.0,38.05731835216284,19.666985150426626,157412231.0,162744092.0,2098.0,0.0,9486.0,35.00264685694128,15.732429617084563,134471463.0,167397437.0,3462.0,0.0,9486.0,33.87409411165351,15.732429617084563,134471463.0,300836616.0,3462.0,0.0,9486.0,33.82883402239531,15.732429617084563,134471463.0,138092524.0,3462.0,0.0,9486.0,33.81595066469163,15.732429617084563,134471463.0,138092524.0,3462.0,0.0,9486.0,21.73200013395399,12.264819453470409,7.000993476249278,0.0,0.0,0.0,0.0,19.666985150426626,11.020180492661893,6.759645058773458,0.0,0.002669047564268112,0.026370033621788025,0.5814685691148043,15.732429617084563,12.264819453470409,7.000993476249278,0.0,0.0044043101370334625,0.0,0.0,15.732429617084563,8.410007882863283,5.11660054884851,0.0752877395548865,0.0044043101370334625,0.026370033621788025,4.5089939795434475,15.732429617084563,8.410007882863283,5.11660054884851,0.03002765029668808,0.0044043101370334625,0.026370033621788025,4.5089939795434475,15.732429617084563,8.410007882863283,5.11660054884851,0.0,0.0044043101370334625,0.043514326214790344,4.5089939795434475,17.471588463522494,82424369.0,14.925468668341637,79489505.0,14.865109225735068,82424369.0,13.458102210445674,155527603.0,13.445637927390635,76038098.0,13.435004443861544,76038098.0,0.0,0.0,0.0,0.0,0.0,0.0,0.0,0.0,0.0,0.0,0.0,0.0,0.0,0.0,0.0,0.0,0.0,0.0,0.0,0.0,0.0,0.0,0.0,0.0,23.52622460015118,84973068.0,23.1318496838212,83254587.0,20.137537631206214,84973068.0,20.41599190120784,145309013.0,20.383196095004678,62054426.0,20.380946220830083,62054426.0,669589.748,291025.364,0.0026259466372430323,0.014157691107876595,650976.368,275159.32,0.0024888953622430564,0.014063664449006317,669589.748,291025.364,0.0024079989120364188,0.012577730113640424,1203346.464,759809.024,0.002376895761298908,0.012840323877917403,552370.096,275159.32,0.002374220756813884,0.012829556495323774,552370.096,552370.096,0.0023699472527951002,0.012824599230661985,9486
yelp,query6,2,1/4,12.736255003139377,10.5820179162547,14023135.0,14222926.0,0.0,0.0,1605.0,11.381767914630473,9.294126477092505,13150858.0,13403550.0,137.0,3.0,1605.0,11.14253429044038,8.987974068149924,12991293.0,14222926.0,254.0,3.0,1605.0,11.018588064317425,8.987974068149924,12991293.0,21807166.0,254.0,3.0,1605.0,11.015829342417419,8.987974068149924,12991293.0,13371385.0,254.0,3.0,1605.0,11.016156139783561,8.987974068149924,12991293.0,13371385.0,254.0,3.0,1605.0,10.5820179162547,1.5407343422994018,0.6135027445852757,0.0,0.0,0.0,0.0,9.294126477092505,1.3952943114563823,0.5639642737805843,0.0,0.00017428956925868988,0.0017219707369804382,0.12648659199476242,8.987974068149924,1.5407343422994018,0.6135027445852757,0.0,0.0003231354057788849,0.0,0.0,8.987974068149924,1.3318507838994265,0.5631489334627986,0.003902512681505268,0.0003231354057788849,0.0017219707369804382,0.12966665998101234,8.987974068149924,1.3318507838994265,0.5631489334627986,0.0011437907814979553,0.0003231354057788849,0.0017219707369804382,0.12966665998101234,8.987974068149924,1.3318507838994265,0.5631489334627986,0.0,0.0003231354057788849,0.0031925588846206665,0.12966665998101234,1.0255491100251675,1226535.0,1.012111695483327,1226535.0,0.9286887031048536,1226535.0,0.8719142495050961,2453070.0,0.871698772534728,1226535.0,0.8725660424679518,1226535.0,0.0,0.0,0.0,0.0,0.0,0.0,0.0,0.0,0.0,0.0,0.0,0.0,0.0,0.0,0.0,0.0,0.0,0.0,0.0,0.0,0.0,0.0,0.0,0.0,11.71070589311421,12996391.0,10.369656219147146,12177015.0,10.213845587335527,12996391.0,10.14667381481233,19354096.0,10.144130569882691,12144850.0,10.14359009731561,12144850.0,56891.704,55085.772,0.006829247675836086,0.014893797248788174,53614.2,51808.268,0.006489956479519605,0.014760489075072108,56891.704,55085.772,0.006146763099357486,0.014667647084407506,87228.664,85294.072,0.0061456199912879326,0.014699639700052254,53485.54,51808.268,0.006145160371437669,0.014693831606768069,53485.54,53356.88,0.006144330808892846,0.01469240626748651,1605
yelp,query6,2,inf,12.736255003139377,10.5820179162547,14023135.0,14222926.0,0.0,0.0,1605.0,11.381767914630473,9.294126477092505,13150858.0,13403550.0,137.0,0.0,1605.0,11.14253429044038,8.987974068149924,12991293.0,14222926.0,254.0,0.0,1605.0,11.02088622515414,8.987974068149924,12991293.0,26774935.0,254.0,0.0,1605.0,11.01586704980582,8.987974068149924,12991293.0,13371385.0,254.0,0.0,1605.0,11.016156139783561,8.987974068149924,12991293.0,13371385.0,254.0,0.0,1605.0,10.5820179162547,1.5407343422994018,0.6135027445852757,0.0,0.0,0.0,0.0,9.294126477092505,1.3952943114563823,0.5639642737805843,0.0,0.00017428956925868988,0.0017219707369804382,0.12648659199476242,8.987974068149924,1.5407343422994018,0.6135027445852757,0.0,0.0003231354057788849,0.0,0.0,8.987974068149924,1.3318507838994265,0.5631489334627986,0.0062006735182184,0.0003231354057788849,0.0017219707369804382,0.12966665998101234,8.987974068149924,1.3318507838994265,0.5631489334627986,0.0011814981698989868,0.0003231354057788849,0.0017219707369804382,0.12966665998101234,8.987974068149924,1.3318507838994265,0.5631489334627986,0.0,0.0003231354057788849,0.0031925588846206665,0.12966665998101234,1.0255491100251675,1226535.0,1.012111695483327,1226535.0,0.9286887031048536,1226535.0,0.8719142495050961,2453070.0,0.871698772534728,1226535.0,0.8725660424679518,1226535.0,0.0,0.0,0.0,0.0,0.0,0.0,0.0,0.0,0.0,0.0,0.0,0.0,0.0,0.0,0.0,0.0,0.0,0.0,0.0,0.0,0.0,0.0,0.0,0.0,11.71070589311421,12996391.0,10.369656219147146,12177015.0,10.213845587335527,12996391.0,10.148971975649044,24321865.0,10.144168277271092,12144850.0,10.14359009731561,12144850.0,56891.704,55085.772,0.006829247675836086,0.014893797248788174,53614.2,51808.268,0.006489956479519605,0.014760489075072108,56891.704,55085.772,0.006146763099357486,0.014667647084407506,107099.74,105165.148,0.0061456199912879326,0.014704542443170576,53485.54,51808.268,0.006145160371437669,0.014693912049196659,53485.54,53485.54,0.006144330808892846,0.01469240626748651,1605
yelp,query6,4,1/4,21.81650143954903,18.417156317271292,21061311.0,20994956.0,0.0,0.0,2891.0,20.849344298243523,17.505698791705072,20732645.0,20796308.0,109.0,4.0,2891.0,19.477559155784547,16.07751051429659,19989856.0,20994956.0,553.0,4.0,2891.0,19.19526224614477,16.07751051429659,19989856.0,34707084.0,553.0,4.0,2891.0,19.190767128951848,16.07751051429659,19989856.0,20534468.0,553.0,4.0,2891.0,19.19428648520261,16.07751051429659,19989856.0,20534468.0,553.0,4.0,2891.0,18.417156317271292,2.499998881481588,0.8993462407961488,0.0,0.0,0.0,0.0,17.505698791705072,2.4167758468538523,0.8850155854597688,0.0,0.00013866834342479706,0.0013700351119041443,0.04034537076950073,16.07751051429659,2.499998881481588,0.8993462407961488,0.0,0.0007035192102193832,0.0,0.0,16.07751051429659,2.1591314394026995,0.8698933906853199,0.006556454425512524,0.0007035192102193832,0.0013700351119041443,0.08009689301252365,16.07751051429659,2.1591314394026995,0.8698933906853199,0.0020613372325897217,0.0007035192102193832,0.0013700351119041443,0.08009689301252365,16.07751051429659,2.1591314394026995,0.8698933906853199,0.0,0.0007035192102193832,0.006950728595256805,0.08009689301252365,1.936029864475131,2237362.0,1.911799542605877,2237362.0,1.6137149762362242,2237362.0,1.4216123390980546,4474724.0,1.4212057599797845,2237362.0,1.4248508075252175,2237362.0,0.0,0.0,0.0,0.0,0.0,0.0,0.0,0.0,0.0,0.0,0.0,0.0,0.0,0.0,0.0,0.0,0.0,0.0,0.0,0.0,0.0,0.0,0.0,0.0,19.880471575073898,18757594.0,18.937544755637646,18558946.0,17.863844179548323,18757594.0,17.773649907046714,30232360.0,17.769561368972063,18297106.0,17.769435677677393,18297106.0,83979.824,74669.0,0.007146534476429224,0.014999698333442208,83185.232,74268.708,0.006588460801169276,0.014999087981507179,83979.824,74669.0,0.005545109981670976,0.014916461296379562,138828.336,129008.024,0.005545218920563753,0.014936879121500867,82137.872,74268.708,0.005544332219287753,0.014930045059323306,82137.872,82038.548,0.005543200997635722,0.01492808930277824,2891
yelp,query6,4,inf,21.81650143954903,18.417156317271292,21061311.0,20994956.0,0.0,0.0,2891.0,20.849344298243523,17.505698791705072,20732645.0,20796308.0,109.0,0.0,2891.0,19.477559155784547,16.07751051429659,19989856.0,20994956.0,553.0,0.0,2891.0,19.19832646059372,16.07751051429659,19989856.0,41330776.0,553.0,0.0,2891.0,19.190817405469716,16.07751051429659,19989856.0,20534468.0,553.0,0.0,2891.0,19.19428648520261,16.07751051429659,19989856.0,20534468.0,553.0,0.0,2891.0,18.417156317271292,2.499998881481588,0.8993462407961488,0.0,0.0,0.0,0.0,17.505698791705072,2.4167758468538523,0.8850155854597688,0.0,0.00013866834342479706,0.0013700351119041443,0.04034537076950073,16.07751051429659,2.499998881481588,0.8993462407961488,0.0,0.0007035192102193832,0.0,0.0,16.07751051429659,2.1591314394026995,0.8698933906853199,0.009620668874463367,0.0007035192102193832,0.0013700351119041443,0.08009689301252365,16.07751051429659,2.1591314394026995,0.8698933906853199,0.0021116137504577637,0.0007035192102193832,0.0013700351119041443,0.08009689301252365,16.07751051429659,2.1591314394026995,0.8698933906853199,0.0,0.0007035192102193832,0.006950728595256805,0.08009689301252365,1.936029864475131,2237362.0,1.911799542605877,2237362.0,1.6137149762362242,2237362.0,1.4216123390980546,4474724.0,1.4212057599797845,2237362.0,1.4248508075252175,2237362.0,0.0,0.0,0.0,0.0,0.0,0.0,0.0,0.0,0.0,0.0,0.0,0.0,0.0,0.0,0.0,0.0,0.0,0.0,0.0,0.0,0.0,0.0,0.0,0.0,19.880471575073898,18757594.0,18.937544755637646,18558946.0,17.863844179548323,18757594.0,17.776714121495665,36856052.0,17.76961164548993,18297106.0,17.769435677677393,18297106.0,83979.824,74669.0,0.007146534476429224,0.014999698333442208,83185.232,74268.708,0.006588460801169276,0.014999087981507179,83979.824,74669.0,0.005545109981670976,0.014916461296379562,165323.104,155502.792,0.005545218920563753,0.014940249757394712,82137.872,74268.708,0.005544332219287753,0.014930100363492961,82137.872,82137.872,0.005543200997635722,0.01492808930277824,2891
yelp,query6,8,1/4,47.170332327485085,40.258050634525716,42818480.0,41834219.0,0.0,0.0,6170.0,42.274835967458785,35.616360309533775,40566894.0,40009211.0,496.0,9.0,6170.0,37.26681350544095,30.352110841311514,37871704.0,41834219.0,1903.0,9.0,6170.0,36.3326323654541,30.352110841311514,37871704.0,63665401.0,1903.0,9.0,6170.0,36.32478875480592,30.352110841311514,37871704.0,38559497.0,1903.0,9.0,6170.0,36.3387027811259,30.352110841311514,37871704.0,38559497.0,1903.0,9.0,6170.0,40.258050634525716,5.162752354517579,1.7495293384417892,0.0,0.0,0.0,0.0,35.616360309533775,4.707983701489866,1.6318481592461467,0.0,0.0006310045719146729,0.006234288215637207,0.3117785044014454,30.352110841311514,5.162752354517579,1.7495293384417892,0.0,0.002420971170067787,0.0,0.0,30.352110841311514,3.8792865378782153,1.5456740017980337,0.011614349488287313,0.002420971170067787,0.006234288215637207,0.535291375592351,30.352110841311514,3.8792865378782153,1.5456740017980337,0.0037707388401031494,0.002420971170067787,0.006234288215637207,0.535291375592351,30.352110841311514,3.8792865378782153,1.5456740017980337,0.0,0.002420971170067787,0.023919053375720978,0.535291375592351,4.024490872398019,4926772.0,3.976578419096768,4926772.0,3.1059542102739215,4926772.0,2.5684846593429196,9853544.0,2.5673995316028595,4926772.0,2.578799732029438,4926772.0,0.0,0.0,0.0,0.0,0.0,0.0,0.0,0.0,0.0,0.0,0.0,0.0,0.0,0.0,0.0,0.0,0.0,0.0,0.0,0.0,0.0,0.0,0.0,0.0,43.145841455087066,36907447.0,38.29825754836202,35082439.0,34.16085929516703,36907447.0,33.76414770611119,53811857.0,33.75738922320306,33632725.0,33.759903049096465,33632725.0,167336.876,135348.352,0.007595755958929658,0.014547505987621839,160036.844,131885.668,0.006690765118226409,0.014460363869369025,167336.876,135348.352,0.004084354599937797,0.014149060325324533,254661.604,219733.928,0.004065239241628986,0.014260285993127104,154237.988,131885.668,0.004064140619710088,0.01425616710055619,154237.988,151438.668,0.004063436748459935,0.014254764385707674,6170
yelp,query6,8,inf,47.170332327485085,40.258050634525716,42818480.0,41834219.0,0.0,0.0,6170.0,42.274835967458785,35.616360309533775,40566894.0,40009211.0,496.0,0.0,6170.0,37.26681350544095,30.352110841311514,37871704.0,41834219.0,1903.0,0.0,6170.0,36.339526847964244,30.352110841311514,37871704.0,78568708.0,1903.0,0.0,6170.0,36.324901876971126,30.352110841311514,37871704.0,38559497.0,1903.0,0.0,6170.0,36.3387027811259,30.352110841311514,37871704.0,38559497.0,1903.0,0.0,6170.0,40.258050634525716,5.162752354517579,1.7495293384417892,0.0,0.0,0.0,0.0,35.616360309533775,4.707983701489866,1.6318481592461467,0.0,0.0006310045719146729,0.006234288215637207,0.3117785044014454,30.352110841311514,5.162752354517579,1.7495293384417892,0.0,0.002420971170067787,0.0,0.0,30.352110841311514,3.8792865378782153,1.5456740017980337,0.01850883199842671,0.002420971170067787,0.006234288215637207,0.535291375592351,30.352110841311514,3.8792865378782153,1.5456740017980337,0.003883861005306244,0.002420971170067787,0.006234288215637207,0.535291375592351,30.352110841311514,3.8792865378782153,1.5456740017980337,0.0,0.002420971170067787,0.023919053375720978,0.535291375592351,4.024490872398019,4926772.0,3.976578419096768,4926772.0,3.1059542102739215,4926772.0,2.5684846593429196,9853544.0,2.5673995316028595,4926772.0,2.578799732029438,4926772.0,0.0,0.0,0.0,0.0,0.0,0.0,0.0,0.0,0.0,0.0,0.0,0.0,0.0,0.0,0.0,0.0,0.0,0.0,0.0,0.0,0.0,0.0,0.0,0.0,43.145841455087066,36907447.0,38.29825754836202,35082439.0,34.16085929516703,36907447.0,33.77104218862132,68715164.0,33.757502345368266,33632725.0,33.759903049096465,33632725.0,167336.876,135348.352,0.007595755958929658,0.014547505987621839,160036.844,131885.668,0.006690765118226409,0.014460363869369025,167336.876,135348.352,0.004084354599937797,0.014149060325324533,314274.832,279347.156,0.004065239241628986,0.014260285993127104,154237.988,131885.668,0.004064140619710088,0.01425616710055619,154237.988,154237.988,0.004063436748459935,0.014254764385707674,6170
yelp,query7,2,1/4,16.170557850971818,12.358340134844184,29547976.0,27330915.0,0.0,0.0,2541.0,14.454713969491422,10.85175163578242,28683456.0,27256308.0,321.0,0.0,2541.0,14.286206485703588,10.47339847497642,28168940.0,27330915.0,464.0,0.0,2541.0,14.00388807087149,10.47339847497642,28168940.0,54220794.0,464.0,0.0,2541.0,13.996407118625939,10.47339847497642,28168940.0,26964486.0,464.0,0.0,2541.0,13.993076299317181,10.47339847497642,28168940.0,26964486.0,464.0,0.0,2541.0,12.358340134844184,2.7652967059984803,1.0469210101291537,0.0,0.0,0.0,0.0,10.85175163578242,2.5397320222109556,1.0416252966970205,0.0,0.0004083719104528427,0.00403469055891037,0.017161952331662178,10.47339847497642,2.7652967059984803,1.0469210101291537,0.0,0.0005902945995330811,0.0,0.0,10.47339847497642,2.4382231179624796,1.0289109712466598,0.012609157068090493,0.0005902945995330811,0.00403469055891037,0.04612136445939541,10.47339847497642,2.4382231179624796,1.0289109712466598,0.005128204822540283,0.0005902945995330811,0.00403469055891037,0.04612136445939541,10.47339847497642,2.4382231179624796,1.0289109712466598,0.0,0.0005902945995330811,0.005832076072692871,0.04612136445939541,3.0871586985886097,12032702.0,2.82819642405957,12032702.0,2.825158034451306,12032702.0,2.66304600844936,23773582.0,2.6606720676645637,11740880.0,2.658937527798116,11740880.0,0.0,0.0,0.0,0.0,0.0,0.0,0.0,0.0,0.0,0.0,0.0,0.0,0.0,0.0,0.0,0.0,0.0,0.0,0.0,0.0,0.0,0.0,0.0,0.0,13.083399152383208,15298213.0,11.626517545431852,15223606.0,11.461048451252282,15298213.0,11.34084206242213,30447212.0,11.335735050961375,15223606.0,11.334138771519065,15223606.0,109323.66,90117.452,0.005276338489726186,0.011726614777557551,109025.232,89819.024,0.004816906059160828,0.011726601089723405,109323.66,90117.452,0.004328815281391144,0.011708466276898978,213104.656,188657.608,0.004312777969219085,0.01171985595285442,107857.944,89819.024,0.004311230106279254,0.011712268456816671,104079.424,104079.424,0.004308288929983974,0.011707504756748675,2541
yelp,query7,2,inf,16.170557850971818,12.358340134844184,29547976.0,27330915.0,0.0,0.0,2541.0,14.454713969491422,10.85175163578242,28683456.0,27256308.0,321.0,0.0,2541.0,14.286206485703588,10.47339847497642,28168940.0,27330915.0,464.0,0.0,2541.0,14.00388807087149,10.47339847497642,28168940.0,54220794.0,464.0,0.0,2541.0,13.996407118625939,10.47339847497642,28168940.0,26964486.0,464.0,0.0,2541.0,13.993076299317181,10.47339847497642,28168940.0,26964486.0,464.0,0.0,2541.0,12.358340134844184,2.7652967059984803,1.0469210101291537,0.0,0.0,0.0,0.0,10.85175163578242,2.5397320222109556,1.0416252966970205,0.0,0.0004083719104528427,0.00403469055891037,0.017161952331662178,10.47339847497642,2.7652967059984803,1.0469210101291537,0.0,0.0005902945995330811,0.0,0.0,10.47339847497642,2.4382231179624796,1.0289109712466598,0.012609157068090493,0.0005902945995330811,0.00403469055891037,0.04612136445939541,10.47339847497642,2.4382231179624796,1.0289109712466598,0.005128204822540283,0.0005902945995330811,0.00403469055891037,0.04612136445939541,10.47339847497642,2.4382231179624796,1.0289109712466598,0.0,0.0005902945995330811,0.005832076072692871,0.04612136445939541,3.0871586985886097,12032702.0,2.82819642405957,12032702.0,2.825158034451306,12032702.0,2.66304600844936,23773582.0,2.6606720676645637,11740880.0,2.658937527798116,11740880.0,0.0,0.0,0.0,0.0,0.0,0.0,0.0,0.0,0.0,0.0,0.0,0.0,0.0,0.0,0.0,0.0,0.0,0.0,0.0,0.0,0.0,0.0,0.0,0.0,13.083399152383208,15298213.0,11.626517545431852,15223606.0,11.461048451252282,15298213.0,11.34084206242213,30447212.0,11.335735050961375,15223606.0,11.334138771519065,15223606.0,109323.66,90117.452,0.005276338489726186,0.011726614777557551,109025.232,89819.024,0.004816906059160828,0.011726601089723405,109323.66,90117.452,0.004328815281391144,0.011708466276898978,216883.176,188657.608,0.004312777969219085,0.01171985595285442,107857.944,89819.024,0.004311230106279254,0.011712268456816671,107857.944,107857.944,0.004308288929983974,0.011707504756748675,2541
yelp,query7,4,1/4,35.819061199203134,26.627317970618606,78180676.0,74864817.0,0.0,0.0,5499.0,31.64368236158043,22.92657891009003,76233192.0,74654993.0,748.0,0.0,5499.0,30.302375159226358,21.108909389935434,73629935.0,74864817.0,1354.0,0.0,5499.0,29.492941801562598,21.108909389935434,73629935.0,147791734.0,1354.0,0.0,5499.0,29.469667276367545,21.108909389935434,73629935.0,73136741.0,1354.0,0.0,5499.0,29.466022228822112,21.108909389935434,73629935.0,73136741.0,1354.0,0.0,5499.0,26.627317970618606,6.500553102232516,2.691190126352012,0.0,0.0,0.0,0.0,22.92657891009003,5.98222916200757,2.6763372160494328,0.0,0.0009515956044197083,0.009401708841323853,0.04818376898765564,21.108909389935434,6.500553102232516,2.691190126352012,0.0,0.001722540706396103,0.0,0.0,21.108909389935434,5.516170239076018,2.606222136877477,0.034536465197494697,0.001722540706396103,0.009401708841323853,0.2159793209284544,21.108909389935434,5.516170239076018,2.606222136877477,0.011261940002441406,0.001722540706396103,0.009401708841323853,0.2159793209284544,21.108909389935434,5.516170239076018,2.606222136877477,0.0,0.001722540706396103,0.017018601298332214,0.2159793209284544,6.704628046602011,26054829.0,6.1420904798433185,26054829.0,5.936117943376303,26054829.0,5.459135751890276,50814934.0,5.453718916513026,24760105.0,5.452989907003939,24760105.0,0.0,0.0,0.0,0.0,0.0,0.0,0.0,0.0,0.0,0.0,0.0,0.0,0.0,0.0,0.0,0.0,0.0,0.0,0.0,0.0,0.0,0.0,0.0,0.0,29.114433152601123,48809988.0,25.501591881737113,48600164.0,24.366257215850055,48809988.0,24.03380604967232,96976800.0,24.01594835985452,48376636.0,24.013032321818173,48376636.0,299459.268,230796.272,0.005161934405565262,0.01373995882980525,298619.972,230609.82,0.004397548358887434,0.013739950302243228,299459.268,230796.272,0.0032635387312620876,0.013676266941241915,581993.028,498067.948,0.003240564863310373,0.013697943264263828,292157.868,230609.82,0.0032393429931253195,0.013688611038774246,286446.624,286446.624,0.0032366531994193794,0.013683191230148072,5499
yelp,query7,4,inf,35.819061199203134,26.627317970618606,78180676.0,74864817.0,0.0,0.0,5499.0,31.64368236158043,22.92657891009003,76233192.0,74654993.0,748.0,0.0,5499.0,30.285125062800944,21.091652932576835,73528460.0,74864817.0,1359.0,0.0,5499.0,29.47287100938677,21.091652932576835,73528460.0,147694460.0,1359.0,0.0,5499.0,29.449596484191716,21.091652932576835,73528460.0,73039467.0,1359.0,0.0,5499.0,29.446014282293618,21.091652932576835,73528460.0,73039467.0,1359.0,0.0,5499.0,26.627317970618606,6.500553102232516,2.691190126352012,0.0,0.0,0.0,0.0,22.92657891009003,5.98222916200757,2.6763372160494328,0.0,0.0009515956044197083,0.009401708841323853,0.04818376898765564,21.091652932576835,6.500553102232516,2.691190126352012,0.0,0.0017289016395807266,0.0,0.0,21.091652932576835,5.50793553236872,2.601980253122747,0.034536465197494697,0.0017289016395807266,0.009401708841323853,0.22563521564006805,21.091652932576835,5.50793553236872,2.601980253122747,0.011261940002441406,0.0017289016395807266,0.009401708841323853,0.22563521564006805,21.091652932576835,5.50793553236872,2.601980253122747,0.0,0.0017289016395807266,0.017081446945667267,0.22563521564006805,6.704628046602011,26054829.0,6.1420904798433185,26054829.0,5.931688289158046,26054829.0,5.452990047352646,50717660.0,5.447573211975396,24662831.0,5.446894478984177,24662831.0,0.0,0.0,0.0,0.0,0.0,0.0,0.0,0.0,0.0,0.0,0.0,0.0,0.0,0.0,0.0,0.0,0.0,0.0,0.0,0.0,0.0,0.0,0.0,0.0,29.114433152601123,48809988.0,25.501591881737113,48600164.0,24.353436773642898,48809988.0,24.019880962034122,96976800.0,24.00202327221632,48376636.0,23.99911980330944,48376636.0,299459.268,230796.272,0.005161934405565262,0.01373995882980525,298619.972,230609.82,0.004397548358887434,0.013739950302243228,299459.268,230796.272,0.003263383947312832,0.013676266941241915,590777.84,500948.748,0.003240460752622402,0.013697943264263828,292157.868,230609.82,0.0032392133474349978,0.013688611038774246,292157.868,292157.868,0.003236498415470123,0.013683191230148072,5499
yelp,query7,8,1/4,67.48242112901062,51.11725275684148,126679904.0,119007194.0,0.0,0.0,10483.0,60.25013098586351,44.71134224161506,123336824.0,118683083.0,1289.0,0.0,10483.0,53.873214580118656,37.504005743190646,113571043.0,119007194.0,3176.0,0.0,10483.0,52.00934868218915,37.504005743190646,113571043.0,230506595.0,3176.0,0.0,10483.0,51.976352186873555,37.504005743190646,113571043.0,111823512.0,3176.0,0.0,10483.0,51.978162141516805,37.504005743190646,113571043.0,111823512.0,3176.0,0.0,10483.0,51.11725275684148,11.745147308334708,4.620021063834429,0.0,0.0,0.0,0.0,44.71134224161506,10.849410130642354,4.596955608576536,0.0,0.0016398485749959946,0.016201607882976532,0.07458154857158661,37.504005743190646,11.745147308334708,4.620021063834429,0.0,0.004040464758872986,0.0,0.0,37.504005743190646,9.271618152968585,4.269017173908651,0.05490448797658952,0.004040464758872986,0.016201607882976532,0.8895610515028238,37.504005743190646,9.271618152968585,4.269017173908651,0.021907992660999298,0.004040464758872986,0.016201607882976532,0.8895610515028238,37.504005743190646,9.271618152968585,4.269017173908651,0.0,0.004040464758872986,0.03991955518722534,0.8895610515028238,12.770372339524329,49994067.0,11.809776590205729,49994067.0,10.999414714053273,49994067.0,9.929449919139318,94963274.0,9.919569812715054,44969207.0,9.92269952595234,44969207.0,0.0,0.0,0.0,0.0,0.0,0.0,0.0,0.0,0.0,0.0,0.0,0.0,0.0,0.0,0.0,0.0,0.0,0.0,0.0,0.0,0.0,0.0,0.0,0.0,54.71204878948629,69013127.0,48.44035439565778,68689016.0,42.87379986606538,69013127.0,42.07989876304983,135543321.0,42.0567823741585,66854305.0,42.055462615564466,66854305.0,476028.776,265632.868,0.005429279200732708,0.013828885759785768,474732.332,265563.224,0.004284925414249301,0.013828838858194645,476028.776,265632.868,0.002437805902212858,0.013670697344280775,899935.06,650392.516,0.0024154352794508597,0.01371285575119967,447061.424,265563.224,0.0024150194730609654,0.013706295887753362,431542.156,431542.156,0.002413100015372038,0.013701376705430444,10483
yelp,query7,8,inf,67.48242112901062,51.11725275684148,126679904.0,119007194.0,0.0,0.0,10483.0,60.25013098586351,44.71134224161506,123336824.0,118683083.0,1289.0,0.0,10483.0,53.803581554442644,37.43435745127499,113488637.0,119007194.0,3188.0,0.0,10483.0,51.93402680295126,37.43435745127499,113488637.0,230448439.0,3188.0,0.0,10483.0,51.901030307635665,37.43435745127499,113488637.0,111765356.0,3188.0,0.0,10483.0,51.90299109183252,37.43435745127499,113488637.0,111765356.0,3188.0,0.0,10483.0,51.11725275684148,11.745147308334708,4.620021063834429,0.0,0.0,0.0,0.0,44.71134224161506,10.849410130642354,4.596955608576536,0.0,0.0016398485749959946,0.016201607882976532,0.07458154857158661,37.43435745127499,11.745147308334708,4.620021063834429,0.0,0.004055730998516083,0.0,0.0,37.43435745127499,9.25973467901349,4.26603689417243,0.05490448797658952,0.004055730998516083,0.016201607882976532,0.8987359516322613,37.43435745127499,9.25973467901349,4.26603689417243,0.021907992660999298,0.004055730998516083,0.016201607882976532,0.8987359516322613,37.43435745127499,9.25973467901349,4.26603689417243,0.0,0.004055730998516083,0.04007038474082947,0.8987359516322613,12.770372339524329,49994067.0,11.809776590205729,49994067.0,10.993761621415615,49994067.0,9.920477545348279,94933112.0,9.910597438924015,44939045.0,9.913802566938102,44939045.0,0.0,0.0,0.0,0.0,0.0,0.0,0.0,0.0,0.0,0.0,0.0,0.0,0.0,0.0,0.0,0.0,0.0,0.0,0.0,0.0,0.0,0.0,0.0,0.0,54.71204878948629,69013127.0,48.44035439565778,68689016.0,42.80981993302703,69013127.0,42.01354925760298,135515327.0,41.99043286871165,66826311.0,41.989188524894416,66826311.0,476028.776,265632.868,0.005429279200732708,0.013828885759785768,474732.332,265563.224,0.004284925414249301,0.013828838858194645,476028.776,265632.868,0.0024314029198139906,0.013670697344280775,921793.756,658000.748,0.0024102278465472147,0.01371285575119967,447061.424,265563.224,0.002409802997484803,0.013706295887753362,447061.424,447061.424,0.0024079086780548096,0.013701376705430444,10483
