dataset,query,N,budget,S0_time,S0_exec,S0_payload,S0_written,S0_hits,S0_bypass,S0_calls,S1_time,S1_exec,S1_payload,S1_written,S1_hits,S1_bypass,S1_calls,SD_time,SD_exec,SD_payload,SD_written,SD_hits,SD_bypass,SD_calls,S2_time,S2_exec,S2_payload,S2_written,S2_hits,S2_bypass,S2_calls,S2c_time,S2c_exec,S2c_payload,S2c_written,S2c_hits,S2c_bypass,S2c_calls,S3_time,S3_exec,S3_payload,S3_written,S3_hits,S3_bypass,S3_calls,S0_t_exec,S0_t_ser,S0_t_spill,S0_t_copy,S0_t_lookup,S0_t_alias,S0_t_regen,S1_t_exec,S1_t_ser,S1_t_spill,S1_t_copy,S1_t_lookup,S1_t_alias,S1_t_regen,SD_t_exec,SD_t_ser,SD_t_spill,SD_t_copy,SD_t_lookup,SD_t_alias,SD_t_regen,S2_t_exec,S2_t_ser,S2_t_spill,S2_t_copy,S2_t_lookup,S2_t_alias,S2_t_regen,S2c_t_exec,S2c_t_ser,S2c_t_spill,S2c_t_copy,S2c_t_lookup,S2c_t_alias,S2c_t_regen,S3_t_exec,S3_t_ser,S3_t_spill,S3_t_copy,S3_t_lookup,S3_t_alias,S3_t_regen,S0_time_mongo,S0_written_mongo,S1_time_mongo,S1_written_mongo,SD_time_mongo,SD_written_mongo,S2_time_mongo,S2_written_mongo,S2c_time_mongo,S2c_written_mongo,S3_time_mongo,S3_written_mongo,S0_time_sqlite,S0_written_sqlite,S1_time_sqlite,S1_written_sqlite,SD_time_sqlite,SD_written_sqlite,S2_time_sqlite,S2_written_sqlite,S2c_time_sqlite,S2c_written_sqlite,S3_time_sqlite,S3_written_sqlite,S0_time_duckdb,S0_written_duckdb,S1_time_duckdb,S1_written_duckdb,SD_time_duckdb,SD_written_duckdb,S2_time_duckdb,S2_written_duckdb,S2c_time_duckdb,S2c_written_duckdb,S3_time_duckdb,S3_written_duckdb,S0_time_postgres,S0_written_postgres,S1_time_postgres,S1_written_postgres,SD_time_postgres,SD_written_postgres,S2_time_postgres,S2_written_postgres,S2c_time_postgres,S2c_written_postgres,S3_time_postgres,S3_written_postgres,S0_peak_foot,S0_peak_foot_seq,S0_p50,S0_p95,S1_peak_foot,S1_peak_foot_seq,S1_p50,S1_p95,SD_peak_foot,SD_peak_foot_seq,SD_p50,SD_p95,S2_peak_foot,S2_peak_foot_seq,S2_p50,S2_p95,S2c_peak_foot,S2c_peak_foot_seq,S2c_p50,S2c_p95,S3_peak_foot,S3_peak_foot_seq,S3_p50,S3_p95,admitted_calls
DEPS_DEV_V1,query1,2,1/4,13511.375386411091,2188.440218165284,89939723042.0,103521121207.0,0.0,0.0,3044.0,13144.366868804907,2031.3385500265285,79810158591.0,91881475268.0,149.0,0.0,3044.0,13298.696763482178,1975.7611156220082,74126022821.0,103521121207.0,377.0,0.0,3044.0,12995.751598200955,1975.7611156220082,74126022821.0,177119559827.0,377.0,0.0,3044.0,12953.71018520603,1975.7611156220082,74126022821.0,85238084559.0,377.0,0.0,3044.0,12953.248782220762,1975.7611156220082,74126022821.0,85238084559.0,377.0,0.0,3044.0,2188.440218165284,6652.782425437123,4670.152742808685,0.0,0.0,0.0,0.0,2031.3385500265285,5918.967388609424,4146.246617804514,0.0,0.0001895558089017868,0.0018728002905845642,1047.812250008341,1975.7611156220082,6652.782425437123,4670.152742808685,0.0,0.00047961436212062836,0.0,0.0,1975.7611156220082,5454.368377323961,3817.1914145187475,42.505681741712195,0.00047961436212062836,0.0018728002905845642,1705.9226565798745,1975.7611156220082,5454.368377323961,3817.1914145187475,0.46426874678581953,0.00047961436212062836,0.0018728002905845642,1705.9226565798745,1975.7611156220082,5454.368377323961,3817.1914145187475,0.0,0.00047961436212062836,0.004738561809062958,1705.9226565798745,0.0,0.0,0.0,0.0,0.0,0.0,0.0,0.0,0.0,0.0,0.0,0.0,7533.847030656179,63175124886.0,7202.111781256972,52877825835.0,7337.196988712065,63175124886.0,7134.512090142284,103008820746.0,7110.257632221095,50130994911.0,7110.050744569395,50130994911.0,5977.528355754912,40345996321.0,5942.255087547936,39003649433.0,5961.499774770113,40345996321.0,5861.239508058671,74110739081.0,5843.452552984934,35107089648.0,5843.1980376513675,35107089648.0,0.0,0.0,0.0,0.0,0.0,0.0,0.0,0.0,0.0,0.0,0.0,0.0,414084484.828,278189361.004,4.920240990041755,13.906316481114223,367525901.072,238566153.42,4.861789280009922,13.88565868758722,414084484.828,278189361.004,4.871686191501096,13.831025291897262,708478239.308,550891331.884,4.797091758346514,13.835856832641035,340952338.236,340952338.236,4.781362167091575,13.784456793986353,340952338.236,340952338.236,4.781153612985741,13.784173918561264,3044
DEPS_DEV_V1,query1,2,inf,13511.375386411091,2188.440218165284,89939723042.0,103521121207.0,0.0,0.0,3044.0,13144.366868804907,2031.3385500265285,79810158591.0,91881475268.0,149.0,0.0,3044.0,13298.696763482178,1975.7611156220082,74126022821.0,103521121207.0,377.0,0.0,3044.0,12995.751598200955,1975.7611156220082,74126022821.0,177119559827.0,377.0,0.0,3044.0,12953.71018520603,1975.7611156220082,74126022821.0,85238084559.0,377.0,0.0,3044.0,12953.248782220762,1975.7611156220082,74126022821.0,85238084559.0,377.0,0.0,3044.0,2188.440218165284,6652.782425437123,4670.152742808685,0.0,0.0,0.0,0.0,2031.3385500265285,5918.967388609424,4146.246617804514,0.0,0.0001895558089017868,0.0018728002905845642,1047.812250008341,1975.7611156220082,6652.782425437123,4670.152742808685,0.0,0.00047961436212062836,0.0,0.0,1975.7611156220082,5454.368377323961,3817.1914145187475,42.505681741712195,0.00047961436212062836,0.0018728002905845642,1705.9226565798745,1975.7611156220082,5454.368377323961,3817.1914145187475,0.46426874678581953,0.00047961436212062836,0.0018728002905845642,1705.9226565798745,1975.7611156220082,5454.368377323961,3817.1914145187475,0.0,0.00047961436212062836,0.004738561809062958,1705.9226565798745,0.0,0.0,0.0,0.0,0.0,0.0,0.0,0.0,0.0,0.0,0.0,0.0,7533.847030656179,63175124886.0,7202.111781256972,52877825835.0,7337.196988712065,63175124886.0,7134.512090142284,103008820746.0,7110.257632221095,50130994911.0,7110.050744569395,50130994911.0,5977.528355754912,40345996321.0,5942.255087547936,39003649433.0,5961.499774770113,40345996321.0,5861.239508058671,74110739081.0,5843.452552984934,35107089648.0,5843.1980376513675,35107089648.0,0.0,0.0,0.0,0.0,0.0,0.0,0.0,0.0,0.0,0.0,0.0,0.0,414084484.828,278189361.004,4.920240990041755,13.906316481114223,367525901.072,238566153.42,4.861789280009922,13.88565868758722,414084484.828,278189361.004,4.871686191501096,13.831025291897262,708478239.308,550891331.884,4.797091758346514,13.835856832641035,340952338.236,340952338.236,4.781362167091575,13.784456793986353,340952338.236,340952338.236,4.781153612985741,13.784173918561264,3044
DEPS_DEV_V1,query1,4,1/4,27197.898454779992,4844.223128250567,180000898235.0,206771967966.0,0.0,0.0,6114.0,26525.93808394973,4548.974328333046,161630535760.0,185646268376.0,274.0,0.0,6114.0,26624.430978140794,4270.753932887223,134047999544.0,206771967966.0,1351.0,0.0,6114.0,25686.372326086235,4270.753932887223,134047999544.0,339215829212.0,1351.0,0.0,6114.0,25601.423104364192,4270.753932887223,134047999544.0,153569560836.0,1351.0,0.0,6114.0,25600.50324984477,4270.753932887223,134047999544.0,153569560836.0,1351.0,0.0,6114.0,4844.223128250567,13140.619392386638,9213.055934142787,0.0,0.0,0.0,0.0,4548.974328333046,11805.726155210286,8254.878060399788,0.0,0.00034857913851737976,0.0034439414739608765,1916.355747485999,4270.753932887223,13140.619392386638,9213.055934142787,0.0,0.0017187241464853287,0.0,0.0,4270.753932887223,9614.051608134527,6710.432859080611,85.8826131939023,0.0017187241464853287,0.0034439414739608765,5005.246150124352,4270.753932887223,9614.051608134527,6710.432859080611,0.9333914718590677,0.0017187241464853287,0.0034439414739608765,5005.246150124352,4270.753932887223,9614.051608134527,6710.432859080611,0.0,0.0017187241464853287,0.016980893909931183,5005.246150124352,0.0,0.0,0.0,0.0,0.0,0.0,0.0,0.0,0.0,0.0,0.0,0.0,14826.520934210625,126547317578.0,14196.540529801045,107015728693.0,14311.274904651102,126547317578.0,13764.52103530763,199103270661.0,13715.434329357697,92087541968.0,13715.017601576401,92087541968.0,12371.377520569367,80224650388.0,12329.397554148687,78630539683.0,12313.156073489692,80224650388.0,11921.851290778604,140112558551.0,11885.988775006495,61482018868.0,11885.485648268368,61482018868.0,0.0,0.0,0.0,0.0,0.0,0.0,0.0,0.0,0.0,0.0,0.0,0.0,827087871.864,335984890.84,4.671807247714139,14.369694762264283,742585073.504,294679342.5,4.643119559885003,14.338507925324604,827087871.864,335984890.84,4.564718902489636,14.216791788413603,1356863316.848,839454404.148,4.279860950875168,14.108481538247224,614278243.344,614278243.344,4.264781959209126,14.050982663425659,614278243.344,614278243.344,4.264588585447986,14.05069978037695,6114
DEPS_DEV_V1,query1,4,inf,27197.898454779992,4844.223128250567,180000898235.0,206771967966.0,0.0,0.0,6114.0,26525.93808394973,4548.974328333046,161630535760.0,185646268376.0,274.0,0.0,6114.0,26624.430978140794,4270.753932887223,134047999544.0,206771967966.0,1351.0,0.0,6114.0,25686.372326086235,4270.753932887223,134047999544.0,339215829212.0,1351.0,0.0,6114.0,25601.423104364192,4270.753932887223,134047999544.0,153569560836.0,1351.0,0.0,6114.0,25600.50324984477,4270.753932887223,134047999544.0,153569560836.0,1351.0,0.0,6114.0,4844.223128250567,13140.619392386638,9213.055934142787,0.0,0.0,0.0,0.0,4548.974328333046,11805.726155210286,8254.878060399788,0.0,0.00034857913851737976,0.0034439414739608765,1916.355747485999,4270.753932887223,13140.619392386638,9213.055934142787,0.0,0.0017187241464853287,0.0,0.0,4270.753932887223,9614.051608134527,6710.432859080611,85.8826131939023,0.0017187241464853287,0.0034439414739608765,5005.246150124352,4270.753932887223,9614.051608134527,6710.432859080611,0.9333914718590677,0.0017187241464853287,0.0034439414739608765,5005.246150124352,4270.753932887223,9614.051608134527,6710.432859080611,0.0,0.0017187241464853287,0.016980893909931183,5005.246150124352,0.0,0.0,0.0,0.0,0.0,0.0,0.0,0.0,0.0,0.0,0.0,0.0,14826.520934210625,126547317578.0,14196.540529801045,107015728693.0,14311.274904651102,126547317578.0,13764.52103530763,199103270661.0,13715.434329357697,92087541968.0,13715.017601576401,92087541968.0,12371.377520569367,80224650388.0,12329.397554148687,78630539683.0,12313.156073489692,80224650388.0,11921.851290778604,140112558551.0,11885.988775006495,61482018868.0,11885.485648268368,61482018868.0,0.0,0.0,0.0,0.0,0.0,0.0,0.0,0.0,0.0,0.0,0.0,0.0,827087871.864,335984890.84,4.671807247714139,14.369694762264283,742585073.504,294679342.5,4.643119559885003,14.338507925324604,827087871.864,335984890.84,4.564718902489636,14.216791788413603,1356863316.848,839454404.148,4.279860950875168,14.108481538247224,614278243.344,614278243.344,4.264781959209126,14.050982663425659,614278243.344,614278243.344,4.264588585447986,14.05069978037695,6114
DEPS_DEV_V1,query1,8,1/4,53719.461086899275,8824.582875253633,358158638412.0,411966337150.0,0.0,0.0,12170.0,52328.31702025351,8218.119601495331,319025313645.0,367091833785.0,549.0,0.0,12170.0,52158.636892823735,7263.753656040877,226130564799.0,411966337150.0,3950.0,0.0,12170.0,49382.72874225318,7263.753656040877,226130564799.0,626251487195.0,3950.0,0.0,12170.0,49214.77303289552,7263.753656040877,226130564799.0,259159653410.0,3950.0,0.0,12170.0,49212.94956861739,7263.753656040877,226130564799.0,259159653410.0,3950.0,0.0,12170.0,8824.582875253633,26382.569469582755,18512.308742062887,0.0,0.0,0.0,0.0,8218.119601495331,23600.037892812397,16514.465557062533,0.0,0.0006984304636716843,0.006900452077388763,3995.686370000709,7263.753656040877,26382.569469582755,18512.308742062887,0.0,0.005025137215852737,0.0,0.0,7263.753656040877,16269.791746297386,11345.267991045257,169.82192124510897,0.005025137215852737,0.006900452077388763,14334.08150203526,7263.753656040877,16269.791746297386,11345.267991045257,1.866211887449026,0.005025137215852737,0.006900452077388763,14334.08150203526,7263.753656040877,16269.791746297386,11345.267991045257,0.0,0.005025137215852737,0.04964806139469147,14334.08150203526,0.0,0.0,0.0,0.0,0.0,0.0,0.0,0.0,0.0,0.0,0.0,0.0,29658.18347385968,249591451774.0,28355.085936076706,208074291139.0,28277.989091946976,249591451774.0,26748.418973805383,362725464465.0,26652.9937227692,154651173326.0,26652.172576767625,154651173326.0,24061.277613039594,162374885376.0,23973.231084176805,159017542646.0,23880.64780087676,162374885376.0,22634.309768447798,263526022730.0,22561.779310126323,104508480084.0,22560.776991849765,104508480084.0,0.0,0.0,0.0,0.0,0.0,0.0,0.0,0.0,0.0,0.0,0.0,0.0,1647865348.6,413812637.508,4.558236549388152,14.320517418262828,1468367335.14,344923722.92,4.50759208202688,14.2446612164936,1647865348.6,413812637.508,4.377125555957668,14.022215460907061,2505005948.78,1277184402.22,3.862089043153053,13.74997345817359,1036638613.64,1036638613.64,3.847502658048179,13.695310018102031,1036638613.64,1036638613.64,3.847305391842034,13.695026043511877,12170
DEPS_DEV_V1,query1,8,inf,53719.461086899275,8824.582875253633,358158638412.0,411966337150.0,0.0,0.0,12170.0,52328.31702025351,8218.119601495331,319025313645.0,367091833785.0,549.0,0.0,12170.0,52158.636892823735,7263.753656040877,226130564799.0,411966337150.0,3950.0,0.0,12170.0,49382.72874225318,7263.753656040877,226130564799.0,626251487195.0,3950.0,0.0,12170.0,49214.77303289552,7263.753656040877,226130564799.0,259159653410.0,3950.0,0.0,12170.0,49212.94956861739,7263.753656040877,226130564799.0,259159653410.0,3950.0,0.0,12170.0,8824.582875253633,26382.569469582755,18512.308742062887,0.0,0.0,0.0,0.0,8218.119601495331,23600.037892812397,16514.465557062533,0.0,0.0006984304636716843,0.006900452077388763,3995.686370000709,7263.753656040877,26382.569469582755,18512.308742062887,0.0,0.005025137215852737,0.0,0.0,7263.753656040877,16269.791746297386,11345.267991045257,169.82192124510897,0.005025137215852737,0.006900452077388763,14334.08150203526,7263.753656040877,16269.791746297386,11345.267991045257,1.866211887449026,0.005025137215852737,0.006900452077388763,14334.08150203526,7263.753656040877,16269.791746297386,11345.267991045257,0.0,0.005025137215852737,0.04964806139469147,14334.08150203526,0.0,0.0,0.0,0.0,0.0,0.0,0.0,0.0,0.0,0.0,0.0,0.0,29658.18347385968,249591451774.0,28355.085936076706,208074291139.0,28277.989091946976,249591451774.0,26748.418973805383,362725464465.0,26652.9937227692,154651173326.0,26652.172576767625,154651173326.0,24061.277613039594,162374885376.0,23973.231084176805,159017542646.0,23880.64780087676,162374885376.0,22634.309768447798,263526022730.0,22561.779310126323,104508480084.0,22560.776991849765,104508480084.0,0.0,0.0,0.0,0.0,0.0,0.0,0.0,0.0,0.0,0.0,0.0,0.0,1647865348.6,413812637.508,4.558236549388152,14.320517418262828,1468367335.14,344923722.92,4.50759208202688,14.2446612164936,1647865348.6,413812637.508,4.377125555957668,14.022215460907061,2505005948.78,1277184402.22,3.862089043153053,13.74997345817359,1036638613.64,1036638613.64,3.847502658048179,13.695310018102031,1036638613.64,1036638613.64,3.847305391842034,13.695026043511877,12170
DEPS_DEV_V1,query2,2,1/4,9863.317962518893,1374.20134344697,66898185671.0,77021904233.0,0.0,0.0,2903.0,9581.611569887493,1249.5349633300211,60669989540.0,69743776955.0,165.0,0.0,2903.0,9711.48144884361,1222.364361607004,56168283359.0,77021904233.0,368.0,0.0,2903.0,9463.15395338669,1222.364361607004,56168283359.0,134199231872.0,368.0,0.0,2903.0,9431.32805803651,1222.364361607004,56168283359.0,64455454917.0,368.0,0.0,2903.0,9430.892038355116,1222.364361607004,56168283359.0,64455454917.0,368.0,0.0,2903.0,1374.20134344697,5030.078781220131,3459.0378378517926,0.0,0.0,0.0,0.0,1249.5349633300211,4515.623756412882,3101.625109376153,0.0,0.0002099107950925827,0.002073906362056732,714.8254569512792,1222.364361607004,5030.078781220131,3459.0378378517926,0.0,0.00046816468238830566,0.0,0.0,1222.364361607004,4126.6692624858115,2836.222355045611,32.26446656485776,0.00046816468238830566,0.002073906362056732,1245.630965612363,1222.364361607004,4126.6692624858115,2836.222355045611,0.4385712146759033,0.00046816468238830566,0.002073906362056732,1245.630965612363,1222.364361607004,4126.6692624858115,2836.222355045611,0.0,0.00046816468238830566,0.004625439643859863,1245.630965612363,0.0,0.0,0.0,0.0,0.0,0.0,0.0,0.0,0.0,0.0,0.0,0.0,4371.962756585795,37509767840.0,4148.627885918133,32484521318.0,4240.1947838498745,37509767840.0,4133.342768326588,64137258016.0,4118.505126900971,31652736698.0,4118.315229115076,31652736698.0,5491.355205933098,39512136393.0,5432.98368396936,37259255637.0,5471.286664993735,39512136393.0,5329.8111850601035,70061973856.0,5312.822931135539,32802718219.0,5312.576809240039,32802718219.0,0.0,0.0,0.0,0.0,0.0,0.0,0.0,0.0,0.0,0.0,0.0,0.0,308087616.932,211547562.936,3.134834324237425,11.576009593809813,278975107.82,186236684.168,3.1024390671006405,11.561329028880547,308087616.932,211547562.936,3.1001728897276335,11.551045757410348,536796927.488,426350675.944,3.072072829101002,11.43039490615122,257821819.668,257821819.668,3.060608358094003,11.386359748262212,257821819.668,257821819.668,3.060403614863288,11.38607967595835,2903
DEPS_DEV_V1,query2,2,inf,9863.317962518893,1374.20134344697,66898185671.0,77021904233.0,0.0,0.0,2903.0,9581.611569887493,1249.5349633300211,60669989540.0,69743776955.0,165.0,0.0,2903.0,9711.48144884361,1222.364361607004,56168283359.0,77021904233.0,368.0,0.0,2903.0,9463.15395338669,1222.364361607004,56168283359.0,134199231872.0,368.0,0.0,2903.0,9431.32805803651,1222.364361607004,56168283359.0,64455454917.0,368.0,0.0,2903.0,9430.892038355116,1222.364361607004,56168283359.0,64455454917.0,368.0,0.0,2903.0,1374.20134344697,5030.078781220131,3459.0378378517926,0.0,0.0,0.0,0.0,1249.5349633300211,4515.623756412882,3101.625109376153,0.0,0.0002099107950925827,0.002073906362056732,714.8254569512792,1222.364361607004,5030.078781220131,3459.0378378517926,0.0,0.00046816468238830566,0.0,0.0,1222.364361607004,4126.6692624858115,2836.222355045611,32.26446656485776,0.00046816468238830566,0.002073906362056732,1245.630965612363,1222.364361607004,4126.6692624858115,2836.222355045611,0.4385712146759033,0.00046816468238830566,0.002073906362056732,1245.630965612363,1222.364361607004,4126.6692624858115,2836.222355045611,0.0,0.00046816468238830566,0.004625439643859863,1245.630965612363,0.0,0.0,0.0,0.0,0.0,0.0,0.0,0.0,0.0,0.0,0.0,0.0,4371.962756585795,37509767840.0,4148.627885918133,32484521318.0,4240.1947838498745,37509767840.0,4133.342768326588,64137258016.0,4118.505126900971,31652736698.0,4118.315229115076,31652736698.0,5491.355205933098,39512136393.0,5432.98368396936,37259255637.0,5471.286664993735,39512136393.0,5329.8111850601035,70061973856.0,5312.822931135539,32802718219.0,5312.576809240039,32802718219.0,0.0,0.0,0.0,0.0,0.0,0.0,0.0,0.0,0.0,0.0,0.0,0.0,308087616.932,211547562.936,3.134834324237425,11.576009593809813,278975107.82,186236684.168,3.1024390671006405,11.561329028880547,308087616.932,211547562.936,3.1001728897276335,11.551045757410348,536796927.488,426350675.944,3.072072829101002,11.43039490615122,257821819.668,257821819.668,3.060608358094003,11.386359748262212,257821819.668,257821819.668,3.060403614863288,11.38607967595835,2903
DEPS_DEV_V1,query2,4,1/4,19589.25212676404,2411.7269635288976,138654823886.0,159093744667.0,0.0,0.0,5491.0,19132.007484721486,2208.7287686157506,128374850207.0,147133333944.0,241.0,0.0,5491.0,19245.74451865186,2068.2179165736306,105928836634.0,159093744667.0,1131.0,0.0,5491.0,18450.147540786824,2068.2179165736306,105928836634.0,267934084148.0,1131.0,0.0,5491.0,18382.94728200091,2068.2179165736306,105928836634.0,120800750204.0,1131.0,0.0,5491.0,18382.092747222167,2068.2179165736306,105928836634.0,120800750204.0,1131.0,0.0,5491.0,2411.7269635288976,10184.639866189798,6992.8852970453445,0.0,0.0,0.0,0.0,2208.7287686157506,9357.804087114753,6420.299300856888,0.0,0.0003065969794988632,0.00302916020154953,1145.1719923769124,2068.2179165736306,10184.639866189798,6992.8852970453445,0.0,0.001438843086361885,0.0,0.0,2068.2179165736306,7435.272851638496,5107.184269609163,68.06598008988254,0.001438843086361885,0.00302916020154953,3771.402054872364,2068.2179165736306,7435.272851638496,5107.184269609163,0.8657213039696217,0.001438843086361885,0.00302916020154953,3771.402054872364,2068.2179165736306,7435.272851638496,5107.184269609163,0.0,0.001438843086361885,0.014215685427188873,3771.402054872364,0.0,0.0,0.0,0.0,0.0,0.0,0.0,0.0,0.0,0.0,0.0,0.0,8842.384912943002,79182767324.0,8459.386690841522,70094894085.0,8573.906406290596,79182767324.0,8340.189456018748,136167202672.0,8308.125178389484,66072308587.0,8307.763802002417,66072308587.0,10746.867213821039,79910977343.0,10672.620793879963,77038439859.0,10671.838112361263,79910977343.0,10109.958084768074,131766881476.0,10074.822103611426,54728441617.0,10074.32894521975,54728441617.0,0.0,0.0,0.0,0.0,0.0,0.0,0.0,0.0,0.0,0.0,0.0,0.0,636374978.668,274298369.976,2.7451939243255183,13.028429761384892,588533335.776,242589258.404,2.735975559132639,12.997608961491471,636374978.668,274298369.976,2.721976686181966,12.946403625847678,1071736336.592,673039215.372,2.687509619180741,12.614446640024921,483203000.816,483203000.816,2.6773711035312155,12.563649284920281,483203000.816,483203000.816,2.6771646033697762,12.5633684809288,5491
DEPS_DEV_V1,query2,4,inf,19589.25212676404,2411.7269635288976,138654823886.0,159093744667.0,0.0,0.0,5491.0,19132.007484721486,2208.7287686157506,128374850207.0,147133333944.0,241.0,0.0,5491.0,19245.74451865186,2068.2179165736306,105928836634.0,159093744667.0,1131.0,0.0,5491.0,18450.147540786824,2068.2179165736306,105928836634.0,267934084148.0,1131.0,0.0,5491.0,18382.94728200091,2068.2179165736306,105928836634.0,120800750204.0,1131.0,0.0,5491.0,18382.092747222167,2068.2179165736306,105928836634.0,120800750204.0,1131.0,0.0,5491.0,2411.7269635288976,10184.639866189798,6992.8852970453445,0.0,0.0,0.0,0.0,2208.7287686157506,9357.804087114753,6420.299300856888,0.0,0.0003065969794988632,0.00302916020154953,1145.1719923769124,2068.2179165736306,10184.639866189798,6992.8852970453445,0.0,0.001438843086361885,0.0,0.0,2068.2179165736306,7435.272851638496,5107.184269609163,68.06598008988254,0.001438843086361885,0.00302916020154953,3771.402054872364,2068.2179165736306,7435.272851638496,5107.184269609163,0.8657213039696217,0.001438843086361885,0.00302916020154953,3771.402054872364,2068.2179165736306,7435.272851638496,5107.184269609163,0.0,0.001438843086361885,0.014215685427188873,3771.402054872364,0.0,0.0,0.0,0.0,0.0,0.0,0.0,0.0,0.0,0.0,0.0,0.0,8842.384912943002,79182767324.0,8459.386690841522,70094894085.0,8573.906406290596,79182767324.0,8340.189456018748,136167202672.0,8308.125178389484,66072308587.0,8307.763802002417,66072308587.0,10746.867213821039,79910977343.0,10672.620793879963,77038439859.0,10671.838112361263,79910977343.0,10109.958084768074,131766881476.0,10074.822103611426,54728441617.0,10074.32894521975,54728441617.0,0.0,0.0,0.0,0.0,0.0,0.0,0.0,0.0,0.0,0.0,0.0,0.0,636374978.668,274298369.976,2.7451939243255183,13.028429761384892,588533335.776,242589258.404,2.735975559132639,12.997608961491471,636374978.668,274298369.976,2.721976686181966,12.946403625847678,1071736336.592,673039215.372,2.687509619180741,12.614446640024921,483203000.816,483203000.816,2.6773711035312155,12.563649284920281,483203000.816,483203000.816,2.6771646033697762,12.5633684809288,5491
DEPS_DEV_V1,query2,8,1/4,39503.60550508741,5785.35690407129,269443815286.0,309599060601.0,0.0,0.0,11038.0,38608.5435822194,5372.331539960578,250155519404.0,287110165418.0,519.0,0.0,11038.0,38588.040797887836,4869.788085164502,184529816646.0,309599060601.0,3232.0,0.0,11038.0,36492.34286576723,4869.788085164502,184529816646.0,497393527497.0,3232.0,0.0,11038.0,36361.2327758742,4869.788085164502,184529816646.0,210283362079.0,3232.0,0.0,11038.0,36359.55570581206,4869.788085164502,184529816646.0,210283362079.0,3232.0,0.0,11038.0,5785.35690407129,19985.25425243727,13732.994348578854,0.0,0.0,0.0,0.0,5372.331539960578,18413.80477367039,12643.588612212334,0.0,0.000660264864563942,0.0065233781933784485,2178.8114727330394,4869.788085164502,19985.25425243727,13732.994348578854,0.0,0.0041117072105407715,0.0,0.0,4869.788085164502,12875.22547061625,8851.491282260045,132.82126000340932,0.0041117072105407715,0.0065233781933784485,9763.006132637616,4869.788085164502,12875.22547061625,8851.491282260045,1.711170110385865,0.0041117072105407715,0.0065233781933784485,9763.006132637616,4869.788085164502,12875.22547061625,8851.491282260045,0.0,0.0041117072105407715,0.04062342643737793,9763.006132637616,0.0,0.0,0.0,0.0,0.0,0.0,0.0,0.0,0.0,0.0,0.0,0.0,17567.080490824068,154157533050.0,16812.63396539213,137104793665.0,16845.831795441685,154157533050.0,16199.643303811154,256265962538.0,16136.947621600702,119161168873.0,16136.22191090323,119161168873.0,21936.525014263345,155441527551.0,21795.909616827266,150005371753.0,21742.20900244615,155441527551.0,20292.699561956073,241127564959.0,20224.2851542735,91122193206.0,20223.33379490883,91122193206.0,0.0,0.0,0.0,0.0,0.0,0.0,0.0,0.0,0.0,0.0,0.0,0.0,1238396242.404,326943196.376,2.71118616161868,13.689985881839316,1148440661.672,283556597.724,2.6992728421762586,13.637780858573967,1238396242.404,326943196.376,2.66685648791166,13.472541370404137,1989574109.988,1032748239.424,2.5793129487605677,12.696109588673888,841133448.316,841133448.316,2.56991714708833,12.644922774584682,841133448.316,841133448.316,2.569707183574792,12.644645118362082,11038
DEPS_DEV_V1,query2,8,inf,39503.60550508741,5785.35690407129,269443815286.0,309599060601.0,0.0,0.0,11038.0,38608.5435822194,5372.331539960578,250155519404.0,287110165418.0,519.0,0.0,11038.0,38588.040797887836,4869.788085164502,184529816646.0,309599060601.0,3232.0,0.0,11038.0,36492.34286576723,4869.788085164502,184529816646.0,497393527497.0,3232.0,0.0,11038.0,36361.2327758742,4869.788085164502,184529816646.0,210283362079.0,3232.0,0.0,11038.0,36359.55570581206,4869.788085164502,184529816646.0,210283362079.0,3232.0,0.0,11038.0,5785.35690407129,19985.25425243727,13732.994348578854,0.0,0.0,0.0,0.0,5372.331539960578,18413.80477367039,12643.588612212334,0.0,0.000660264864563942,0.0065233781933784485,2178.8114727330394,4869.788085164502,19985.25425243727,13732.994348578854,0.0,0.0041117072105407715,0.0,0.0,4869.788085164502,12875.22547061625,8851.491282260045,132.82126000340932,0.0041117072105407715,0.0065233781933784485,9763.006132637616,4869.788085164502,12875.22547061625,8851.491282260045,1.711170110385865,0.0041117072105407715,0.0065233781933784485,9763.006132637616,4869.788085164502,12875.22547061625,8851.491282260045,0.0,0.0041117072105407715,0.04062342643737793,9763.006132637616,0.0,0.0,0.0,0.0,0.0,0.0,0.0,0.0,0.0,0.0,0.0,0.0,17567.080490824068,154157533050.0,16812.63396539213,137104793665.0,16845.831795441685,154157533050.0,16199.643303811154,256265962538.0,16136.947621600702,119161168873.0,16136.22191090323,119161168873.0,21936.525014263345,155441527551.0,21795.909616827266,150005371753.0,21742.20900244615,155441527551.0,20292.699561956073,241127564959.0,20224.2851542735,91122193206.0,20223.33379490883,91122193206.0,0.0,0.0,0.0,0.0,0.0,0.0,0.0,0.0,0.0,0.0,0.0,0.0,1238396242.404,326943196.376,2.71118616161868,13.689985881839316,1148440661.672,283556597.724,2.6992728421762586,13.637780858573967,1238396242.404,326943196.376,2.66685648791166,13.472541370404137,1989574109.988,1032748239.424,2.5793129487605677,12.696109588673888,841133448.316,841133448.316,2.56991714708833,12.644922774584682,841133448.316,841133448.316,2.569707183574792,12.644645118362082,11038
GITHUB_REPOS,query1,2,1/4,23002.125569314696,4081.972040278837,182787354889.0,205394293889.0,0.0,0.0,2404.0,21939.003383346833,3547.313742896542,140769136133.0,158591922253.0,163.0,0.0,2404.0,22154.034241350368,3233.8803344750777,117681991963.0,205394293889.0,297.0,0.0,2404.0,21403.975721853276,3233.8803344750777,117681991963.0,291437149018.0,297.0,0.0,2404.0,21330.998295656405,3233.8803344750777,117681991963.0,132845226765.0,297.0,0.0,2404.0,21330.61051954422,3233.8803344750777,117681991963.0,132845226765.0,297.0,0.0,2404.0,4081.972040278837,10688.165758529678,8231.98777050618,0.0,0.0,0.0,0.0,3547.313742896542,8411.899579694495,6484.18773639109,0.0,0.00020736642181873322,0.002048768103122711,3495.600068230182,3233.8803344750777,10688.165758529678,8231.98777050618,0.0,0.00037783943116664886,0.0,0.0,3233.8803344750777,7145.960752171464,5513.210218985565,73.36688657240272,0.00037783943116664886,0.002048768103122711,5437.555103041232,3233.8803344750777,7145.960752171464,5513.210218985565,0.3894603755325079,0.00037783943116664886,0.002048768103122711,5437.555103041232,3233.8803344750777,7145.960752171464,5513.210218985565,0.0,0.00037783943116664886,0.003733031451702118,5437.555103041232,0.0,0.0,0.0,0.0,0.0,0.0,0.0,0.0,0.0,0.0,0.0,0.0,22780.746226157993,205068393077.0,21720.336496496573,158272656900.0,21940.69089752622,205068393077.0,21190.56197769295,290809448306.0,21117.543799635954,132536791406.0,21117.344057311304,132536791406.0,221.37934315670282,325900812.0,218.6668868502602,319265353.0,213.34334382414818,325900812.0,213.41374416032542,627700712.0,213.4544960204512,308435359.0,213.26646223291755,308435359.0,0.0,0.0,0.0,0.0,0.0,0.0,0.0,0.0,0.0,0.0,0.0,0.0,821577175.556,572609059.416,10.9443935506586,31.890842235575054,634367689.012,423588401.34,10.584193804010749,31.70120621126983,821577175.556,572609059.416,10.391296608731151,31.425684078989548,1165748596.072,927462933.976,10.105179222623974,31.117460228330707,531380907.06,531380907.06,10.078631494014523,30.992835874765547,531380907.06,531380907.06,10.078413583740591,30.992558983869102,2404
GITHUB_REPOS,query1,2,inf,23002.125569314696,4081.972040278837,182787354889.0,205394293889.0,0.0,0.0,2404.0,21939.003383346833,3547.313742896542,140769136133.0,158591922253.0,163.0,0.0,2404.0,22154.034241350368,3233.8803344750777,117681991963.0,205394293889.0,297.0,0.0,2404.0,21403.975721853276,3233.8803344750777,117681991963.0,291437149018.0,297.0,0.0,2404.0,21330.998295656405,3233.8803344750777,117681991963.0,132845226765.0,297.0,0.0,2404.0,21330.61051954422,3233.8803344750777,117681991963.0,132845226765.0,297.0,0.0,2404.0,4081.972040278837,10688.165758529678,8231.98777050618,0.0,0.0,0.0,0.0,3547.313742896542,8411.899579694495,6484.18773639109,0.0,0.00020736642181873322,0.002048768103122711,3495.600068230182,3233.8803344750777,10688.165758529678,8231.98777050618,0.0,0.00037783943116664886,0.0,0.0,3233.8803344750777,7145.960752171464,5513.210218985565,73.36688657240272,0.00037783943116664886,0.002048768103122711,5437.555103041232,3233.8803344750777,7145.960752171464,5513.210218985565,0.3894603755325079,0.00037783943116664886,0.002048768103122711,5437.555103041232,3233.8803344750777,7145.960752171464,5513.210218985565,0.0,0.00037783943116664886,0.003733031451702118,5437.555103041232,0.0,0.0,0.0,0.0,0.0,0.0,0.0,0.0,0.0,0.0,0.0,0.0,22780.746226157993,205068393077.0,21720.336496496573,158272656900.0,21940.69089752622,205068393077.0,21190.56197769295,290809448306.0,21117.543799635954,132536791406.0,21117.344057311304,132536791406.0,221.37934315670282,325900812.0,218.6668868502602,319265353.0,213.34334382414818,325900812.0,213.41374416032542,627700712.0,213.4544960204512,308435359.0,213.26646223291755,308435359.0,0.0,0.0,0.0,0.0,0.0,0.0,0.0,0.0,0.0,0.0,0.0,0.0,821577175.556,572609059.416,10.9443935506586,31.890842235575054,634367689.012,423588401.34,10.584193804010749,31.70120621126983,821577175.556,572609059.416,10.391296608731151,31.425684078989548,1165748596.072,927462933.976,10.105179222623974,31.117460228330707,531380907.06,531380907.06,10.078631494014523,30.992835874765547,531380907.06,531380907.06,10.078413583740591,30.992558983869102,2404
GITHUB_REPOS,query1,4,1/4,46139.92440271843,8691.092472706921,349710298312.0,394597304959.0,0.0,0.0,5136.0,43847.43295222521,7479.874776080251,268501332431.0,303270186160.0,405.0,0.0,5136.0,43523.01470200997,6074.1815214389935,190623331087.0,394597304959.0,983.0,0.0,5136.0,41505.32751446605,6074.1815214389935,190623331087.0,518630503192.0,983.0,0.0,5136.0,41365.82388092624,6074.1815214389935,190623331087.0,215360317032.0,983.0,0.0,5136.0,41365.037663197145,6074.1815214389935,190623331087.0,215360317032.0,983.0,0.0,5136.0,8691.092472706921,21133.171210729517,16315.660719281994,0.0,0.0,0.0,0.0,7479.874776080251,16375.131519355811,12638.900387507863,0.0,0.0005152355879545212,0.005090497434139252,7353.520663548261,6074.1815214389935,21133.171210729517,16315.660719281994,0.0,0.001250559464097023,0.0,0.0,6074.1815214389935,11656.870727337897,8997.349630157463,140.29711622573694,0.001250559464097023,0.005090497434139252,14636.622178249061,6074.1815214389935,11656.870727337897,8997.349630157463,0.7934826859273016,0.001250559464097023,0.005090497434139252,14636.622178249061,6074.1815214389935,11656.870727337897,8997.349630157463,0.0,0.001250559464097023,0.01235545426607132,14636.622178249061,0.0,0.0,0.0,0.0,0.0,0.0,0.0,0.0,0.0,0.0,0.0,0.0,45656.81973644998,393952852385.0,43373.2405996453,302647541149.0,43067.93363292329,393952852385.0,41050.242739393885,517421685692.0,40910.64882554393,214774144543.0,40910.23928603716,214774144543.0,483.104666268453,644452574.0,474.1923525799066,622645011.0,455.0810690866783,644452574.0,455.0847750721643,1208817500.0,455.1750553823076,586172489.0,454.7983771599829,586172489.0,0.0,0.0,0.0,0.0,0.0,0.0,0.0,0.0,0.0,0.0,0.0,0.0,1578389219.836,758078937.408,8.987717149974777,33.63938191261179,1213080744.64,512069316.44,8.877539108850062,33.383356341119665,1578389219.836,758078937.408,8.213657585633918,32.69349225662089,2074522012.768,1298599824.912,7.651779644013198,32.15151317491999,861441268.128,861441268.128,7.63053932329081,32.02418524315776,861441268.128,861441268.128,7.6303273210655895,32.02390662539322,5136
GITHUB_REPOS,query1,4,inf,46139.92440271843,8691.092472706921,349710298312.0,394597304959.0,0.0,0.0,5136.0,43847.43295222521,7479.874776080251,268501332431.0,303270186160.0,405.0,0.0,5136.0,43523.01470200997,6074.1815214389935,190623331087.0,394597304959.0,983.0,0.0,5136.0,41505.32751446605,6074.1815214389935,190623331087.0,518630503192.0,983.0,0.0,5136.0,41365.82388092624,6074.1815214389935,190623331087.0,215360317032.0,983.0,0.0,5136.0,41365.037663197145,6074.1815214389935,190623331087.0,215360317032.0,983.0,0.0,5136.0,8691.092472706921,21133.171210729517,16315.660719281994,0.0,0.0,0.0,0.0,7479.874776080251,16375.131519355811,12638.900387507863,0.0,0.0005152355879545212,0.005090497434139252,7353.520663548261,6074.1815214389935,21133.171210729517,16315.660719281994,0.0,0.001250559464097023,0.0,0.0,6074.1815214389935,11656.870727337897,8997.349630157463,140.29711622573694,0.001250559464097023,0.005090497434139252,14636.622178249061,6074.1815214389935,11656.870727337897,8997.349630157463,0.7934826859273016,0.001250559464097023,0.005090497434139252,14636.622178249061,6074.1815214389935,11656.870727337897,8997.349630157463,0.0,0.001250559464097023,0.01235545426607132,14636.622178249061,0.0,0.0,0.0,0.0,0.0,0.0,0.0,0.0,0.0,0.0,0.0,0.0,45656.81973644998,393952852385.0,43373.2405996453,302647541149.0,43067.93363292329,393952852385.0,41050.242739393885,517421685692.0,40910.64882554393,214774144543.0,40910.23928603716,214774144543.0,483.104666268453,644452574.0,474.1923525799066,622645011.0,455.0810690866783,644452574.0,455.0847750721643,1208817500.0,455.1750553823076,586172489.0,454.7983771599829,586172489.0,0.0,0.0,0.0,0.0,0.0,0.0,0.0,0.0,0.0,0.0,0.0,0.0,1578389219.836,758078937.408,8.987717149974777,33.63938191261179,1213080744.64,512069316.44,8.877539108850062,33.383356341119665,1578389219.836,758078937.408,8.213657585633918,32.69349225662089,2074522012.768,1298599824.912,7.651779644013198,32.15151317491999,861441268.128,861441268.128,7.63053932329081,32.02418524315776,861441268.128,861441268.128,7.6303273210655895,32.02390662539322,5136
GITHUB_REPOS,query1,8,1/4,90113.7651770832,16879.237502902746,708360619185.0,795808542423.0,0.0,0.0,9670.0,86283.49225158338,14900.98684570659,557919787753.0,628800317059.0,618.0,0.0,9670.0,83347.64683680702,10113.115832041949,300269108915.0,795808542423.0,2618.0,0.0,9670.0,78276.67070678495,10113.115832041949,300269108915.0,967515917939.0,2618.0,0.0,9670.0,77987.34911095537,10113.115832041949,300269108915.0,338715600880.0,2618.0,0.0,9670.0,77985.80384447426,10113.115832041949,300269108915.0,338715600880.0,2618.0,0.0,9670.0,16879.237502902746,41374.409725974314,31860.11794820614,0.0,0.0,0.0,0.0,14900.98684570659,33456.33835200034,25794.07739646919,0.0,0.0007862113416194916,0.007767722010612488,12132.081103473902,10113.115832041949,41374.409725974314,31860.11794820614,0.0,0.003330584615468979,0.0,0.0,10113.115832041949,18152.168442831375,13999.752563376911,290.89200056963085,0.003330584615468979,0.007767722010612488,35720.73076965846,10113.115832041949,18152.168442831375,13999.752563376911,1.570404740050435,0.003330584615468979,0.007767722010612488,35720.73076965846,10113.115832041949,18152.168442831375,13999.752563376911,0.0,0.003330584615468979,0.032905980944633484,35720.73076965846,0.0,0.0,0.0,0.0,0.0,0.0,0.0,0.0,0.0,0.0,0.0,0.0,89171.84400406294,794514102033.0,85353.57780265063,627535354694.0,82515.11899842229,794514102033.0,77444.6258275407,965164931470.0,77155.1222072565,337629576776.0,77154.33629916701,337629576776.0,941.921173020266,1294440390.0,929.9144489327446,1264962365.0,832.5278383847326,1294440390.0,832.0448792442324,2350986469.0,832.2269036988728,1086024104.0,831.4675453072414,1086024104.0,0.0,0.0,0.0,0.0,0.0,0.0,0.0,0.0,0.0,0.0,0.0,0.0,3183234169.692,918579757.296,8.869759966446086,36.37943025286495,2515201268.236,643047647.22,8.760834272598848,36.25891552062425,3183234169.692,918579757.296,7.954855819262564,34.51626288908123,3839079333.716,1877365241.912,7.166485802568289,33.78980746757302,1354862403.52,1325832656.476,7.1458797345869245,33.65913807545331,1325832656.476,1325832656.476,7.145678025621921,33.65885744277872,9670
GITHUB_REPOS,query1,8,inf,90113.7651770832,16879.237502902746,708360619185.0,795808542423.0,0.0,0.0,9670.0,86283.49225158338,14900.98684570659,557919787753.0,628800317059.0,618.0,0.0,9670.0,83347.33796535246,10112.806958043016,300269108156.0,795808542423.0,2620.0,0.0,9670.0,78276.36124242157,10112.806958043016,300269108156.0,967515917939.0,2620.0,0.0,9670.0,77987.03964659199,10112.806958043016,300269108156.0,338715600880.0,2620.0,0.0,9670.0,77985.49440524913,10112.806958043016,300269108156.0,338715600880.0,2620.0,0.0,9670.0,16879.237502902746,41374.409725974314,31860.11794820614,0.0,0.0,0.0,0.0,14900.98684570659,33456.33835200034,25794.07739646919,0.0,0.0007862113416194916,0.007767722010612488,12132.081103473902,10112.806958043016,41374.409725974314,31860.11794820614,0.0,0.0033331289887428284,0.0,0.0,10112.806958043016,18152.167849922553,13999.752563376911,290.89200056963085,0.0033331289887428284,0.007767722010612488,35720.73076965846,10112.806958043016,18152.167849922553,13999.752563376911,1.570404740050435,0.0033331289887428284,0.007767722010612488,35720.73076965846,10112.806958043016,18152.167849922553,13999.752563376911,0.0,0.0033331289887428284,0.032931119203567505,35720.73076965846,0.0,0.0,0.0,0.0,0.0,0.0,0.0,0.0,0.0,0.0,0.0,0.0,89171.84400406294,794514102033.0,85353.57780265063,627535354694.0,82514.81012696773,794514102033.0,77444.31636317732,965164931470.0,77154.81274289312,337629576776.0,77154.02685994189,337629576776.0,941.921173020266,1294440390.0,929.9144489327446,1264962365.0,832.5278383847326,1294440390.0,832.0448792442324,2350986469.0,832.2269036988728,1086024104.0,831.4675453072414,1086024104.0,0.0,0.0,0.0,0.0,0.0,0.0,0.0,0.0,0.0,0.0,0.0,0.0,3183234169.692,918579757.296,8.869759966446086,36.37943025286495,2515201268.236,643047647.22,8.760834272598848,36.25891552062425,3183234169.692,918579757.296,7.9548101366348565,34.51626288908123,3870063671.756,1899606533.488,7.166440765689039,33.78980746757302,1354862403.52,1354862403.52,7.145834051959216,33.65913807545331,1354862403.52,1354862403.52,7.1456323429942135,33.65885744277872,9670
GITHUB_REPOS,query2,2,1/4,2150.3960311738774,773.9528123792261,17836654008.0,19423706211.0,0.0,0.0,3367.0,2117.5962521396577,742.6999692237005,17748225244.0,19319836547.0,41.0,31.0,3367.0,2052.0447138389573,675.6012673228979,17645651212.0,19423706211.0,179.0,31.0,3367.0,2048.817357404573,675.6012673228979,17645651212.0,20389192777.0,179.0,31.0,3367.0,2048.4879013737664,675.6012673228979,17645651212.0,19195610975.0,179.0,31.0,3367.0,2048.26692396868,675.6012673228979,17645651212.0,19195610975.0,179.0,31.0,3367.0,773.9528123792261,785.0707895141095,591.3724292805418,0.0,0.0,0.0,0.0,742.6999692237005,777.892640274018,585.7417834131047,0.0,5.215965211391449e-05,0.0005153343081474304,11.261291734874249,675.6012673228979,785.0707895141095,591.3724292805418,0.0,0.00022772140800952911,0.0,0.0,675.6012673228979,767.8040966894478,577.8857762003317,0.5521679757593174,0.00022772140800952911,0.0005153343081474304,26.97330616042018,675.6012673228979,767.8040966894478,577.8857762003317,0.22271194495260715,0.00022772140800952911,0.0005153343081474304,26.97330616042018,675.6012673228979,767.8040966894478,577.8857762003317,0.0,0.00022772140800952911,0.002249874174594879,26.97330616042018,0.0,0.0,0.0,0.0,0.0,0.0,0.0,0.0,0.0,0.0,0.0,0.0,2058.78747860156,19317536467.0,2026.2619862807915,19224929419.0,1961.6262237010524,19317536467.0,1958.512837434085,20199867957.0,1958.079954277724,19101193283.0,1958.0058191940188,19101193283.0,91.60855257231742,106169744.0,91.33426585886627,94907128.0,90.41849013790488,106169744.0,90.30451997048816,189324820.0,90.40794709604234,94417692.0,90.26110477466136,94417692.0,0.0,0.0,0.0,0.0,0.0,0.0,0.0,0.0,0.0,0.0,0.0,0.0,77694824.844,73795438.312,0.2245311813149601,3.142775388839094,77279346.188,73509909.38,0.2127191668190062,3.138449620512871,77694824.844,73795438.312,0.13667584132030605,3.101242606012521,81556771.108,77456633.244,0.13273236252589432,3.1013555095452454,76782443.9,74272833.456,0.1326966895116493,3.1005674002543073,76782443.9,74272833.456,0.13257069288566709,3.1004301287181657,3367
GITHUB_REPOS,query2,2,inf,2150.3960311738774,773.9528123792261,17836654008.0,19423706211.0,0.0,0.0,3367.0,2117.5962521396577,742.6999692237005,17748225244.0,19319836547.0,41.0,0.0,3367.0,2048.3788904268295,671.9354426385835,17107492195.0,19423706211.0,180.0,0.0,3367.0,2047.8079501081768,671.9354426385835,17107492195.0,37930729627.0,180.0,0.0,3367.0,2039.1018813163973,671.9354426385835,17107492195.0,18610893080.0,180.0,0.0,3367.0,2038.8720651082695,671.9354426385835,17107492195.0,18610893080.0,180.0,0.0,3367.0,773.9528123792261,785.0707895141095,591.3724292805418,0.0,0.0,0.0,0.0,742.6999692237005,777.892640274018,585.7417834131047,0.0,5.215965211391449e-05,0.0005153343081474304,11.261291734874249,671.9354426385835,785.0707895141095,591.3724292805418,0.0,0.00022899359464645386,0.0,0.0,671.9354426385835,744.765046780929,560.5757743092254,8.937632108903307,0.00022899359464645386,0.0005153343081474304,61.593309942632914,671.9354426385835,744.765046780929,560.5757743092254,0.23156331712380052,0.00022899359464645386,0.0005153343081474304,61.593309942632914,671.9354426385835,744.765046780929,560.5757743092254,0.0,0.00022899359464645386,0.0022624433040618896,61.593309942632914,0.0,0.0,0.0,0.0,0.0,0.0,0.0,0.0,0.0,0.0,0.0,0.0,2058.78747860156,19317536467.0,2026.2619862807915,19224929419.0,1957.9604002889246,19317536467.0,1957.5034301376886,37741404807.0,1948.693934220355,18516475388.0,1948.610960333608,18516475388.0,91.60855257231742,106169744.0,91.33426585886627,94907128.0,90.41849013790488,106169744.0,90.30451997048816,189324820.0,90.40794709604234,94417692.0,90.26110477466136,94417692.0,0.0,0.0,0.0,0.0,0.0,0.0,0.0,0.0,0.0,0.0,0.0,0.0,77694824.844,73795438.312,0.2245311813149601,3.142775388839094,77279346.188,73509909.38,0.2127191668190062,3.138449620512871,77694824.844,73795438.312,0.13667584132030605,3.093910959188266,151722918.508,147622780.644,0.13273236252589432,3.0960366090677964,74443572.32,74443572.32,0.1326966895116493,3.0817918766963275,74443572.32,74443572.32,0.13257069288566709,3.0816404109973443,3367
GITHUB_REPOS,query2,4,1/4,4517.901626300998,1595.4426098605618,37911106024.0,41280403183.0,0.0,0.0,6914.0,4443.333426198922,1524.349531522952,37738392424.0,41073220181.0,103.0,66.0,6914.0,4184.995254973881,1262.5352754881606,37297945587.0,41280403183.0,757.0,66.0,6914.0,4174.432060105489,1262.5352754881606,37297945587.0,43035679884.0,757.0,66.0,6914.0,4173.735060365871,1262.5352754881606,37297945587.0,40553840773.0,757.0,66.0,6914.0,4173.292146123946,1262.5352754881606,37297945587.0,40553840773.0,757.0,66.0,6914.0,1595.4426098605618,1666.8328563282266,1255.6261601122096,0.0,0.0,0.0,0.0,1524.349531522952,1650.8782066097483,1243.1480578137562,0.0,0.0001310352236032486,0.0012946203351020813,24.9562045969069,1262.5352754881606,1666.8328563282266,1255.6261601122096,0.0,0.0009630452841520309,0.0,0.0,1262.5352754881606,1613.737159596756,1214.2430870616809,1.1481341922144803,0.0009630452841520309,0.0012946203351020813,82.76614610105753,1262.5352754881606,1613.737159596756,1214.2430870616809,0.4511344525963068,0.0009630452841520309,0.0012946203351020813,82.76614610105753,1262.5352754881606,1613.737159596756,1214.2430870616809,0.0,0.0009630452841520309,0.009514831006526947,82.76614610105753,0.0,0.0,0.0,0.0,0.0,0.0,0.0,0.0,0.0,0.0,0.0,0.0,4329.448787725531,41084746591.0,4255.677621399984,40905655005.0,4004.922759295441,41084746591.0,3994.799947167869,42702058394.0,3993.8840872664005,40387784459.0,3993.7343209618703,40387784459.0,188.45283857546747,195656592.0,187.65580479893833,167565176.0,180.07249567843974,195656592.0,179.63211293761964,333621490.0,179.85097309947014,166056314.0,179.55782516207546,166056314.0,0.0,0.0,0.0,0.0,0.0,0.0,0.0,0.0,0.0,0.0,0.0,0.0,165121612.732,142781068.96,0.1821373274512589,2.8456851549208118,164292880.724,142295889.828,0.16246958834677935,2.8456851549208118,165121612.732,142781068.96,0.06956530617363751,2.761323734620395,172142719.536,149189901.032,0.06438278923321061,2.7600816855814623,162215363.092,145236680.444,0.0643841357389465,2.75914709100639,162215363.092,145236680.444,0.0642628227788955,2.7590072277639015,6914
GITHUB_REPOS,query2,4,inf,4517.901626300998,1595.4426098605618,37911106024.0,41280403183.0,0.0,0.0,6914.0,4443.333426198922,1524.349531522952,37738392424.0,41073220181.0,103.0,0.0,6914.0,4170.33196132537,1247.8719767509028,35145309519.0,41280403183.0,761.0,0.0,6914.0,4154.705498025634,1247.8719767509028,35145309519.0,79288189374.0,761.0,0.0,6914.0,4136.17441950459,1247.8719767509028,35145309519.0,38214969193.0,761.0,0.0,6914.0,4135.712710682303,1247.8719767509028,35145309519.0,38214969193.0,761.0,0.0,6914.0,1595.4426098605618,1666.8328563282266,1255.6261601122096,0.0,0.0,0.0,0.0,1524.349531522952,1650.8782066097483,1243.1480578137562,0.0,0.0001310352236032486,0.0012946203351020813,24.9562045969069,1247.8719767509028,1666.8328563282266,1255.6261601122096,0.0,0.0009681340306997299,0.0,0.0,1247.8719767509028,1521.580959962681,1145.0030794972554,19.00105783052104,0.0009681340306997299,0.0012946203351020813,221.24616122990847,1247.8719767509028,1521.580959962681,1145.0030794972554,0.469979309476912,0.0009681340306997299,0.0012946203351020813,221.24616122990847,1247.8719767509028,1521.580959962681,1145.0030794972554,0.0,0.0009681340306997299,0.009565107524394989,221.24616122990847,0.0,0.0,0.0,0.0,0.0,0.0,0.0,0.0,0.0,0.0,0.0,0.0,4329.448787725531,41084746591.0,4255.677621399984,40905655005.0,3990.25946564693,41084746591.0,3975.073385088015,78954567884.0,3956.32344640512,38048912879.0,3956.1548855202273,38048912879.0,188.45283857546747,195656592.0,187.65580479893833,167565176.0,180.07249567843974,195656592.0,179.63211293761964,333621490.0,179.85097309947014,166056314.0,179.55782516207546,166056314.0,0.0,0.0,0.0,0.0,0.0,0.0,0.0,0.0,0.0,0.0,0.0,0.0,165121612.732,142781068.96,0.1821373274512589,2.8456851549208118,164292880.724,142295889.828,0.16246958834677935,2.8456851549208118,165121612.732,142781068.96,0.06956530617363751,2.7122017008978827,317152757.496,294199938.992,0.06438278923321061,2.6453349607574146,152859876.772,152859876.772,0.0643841357389465,2.6332675776096943,152859876.772,152859876.772,0.0642628227788955,2.6331161190343972,6914
GITHUB_REPOS,query2,8,1/4,9264.791905807331,3274.7462331401184,77647859856.0,84555604763.0,0.0,0.0,13871.0,9101.556108475663,3119.2923380555585,77253093632.0,84084972859.0,228.0,135.0,13871.0,8290.297159768641,2300.2483498891816,75883149559.0,84555604763.0,2466.0,135.0,13871.0,8261.721902719504,2300.2483498891816,75883149559.0,87642965089.0,2466.0,135.0,13871.0,8260.25060175825,2300.2483498891816,75883149559.0,82494908055.0,2466.0,135.0,13871.0,8259.368467777036,2300.2483498891816,75883149559.0,82494908055.0,2466.0,135.0,13871.0,3274.7462331401184,3416.632610070519,2573.4130625966936,0.0,0.0,0.0,0.0,3119.2923380555585,3381.32852802705,2545.894038620405,0.0,0.00029005855321884155,0.0028657615184783936,55.03804795257747,2300.2483498891816,3416.632610070519,2573.4130625966936,0.0,0.003137212246656418,0.0,0.0,2300.2483498891816,3277.070013234392,2464.810153225437,2.3815646542148734,0.003137212246656418,0.0028657615184783936,217.20581874251366,2300.2483498891816,3277.070013234392,2464.810153225437,0.9102636929601431,0.003137212246656418,0.0028657615184783936,217.20581874251366,2300.2483498891816,3277.070013234392,2464.810153225437,0.0,0.003137212246656418,0.030995473265647888,217.20581874251366,0.0,0.0,0.0,0.0,0.0,0.0,0.0,0.0,0.0,0.0,0.0,0.0,8898.460329949856,84037100965.0,8737.006358515471,83628380887.0,7950.895274866372,84037100965.0,7923.702338117697,86753205469.0,7921.852933049202,82061740407.0,7921.548628384247,82061740407.0,366.3315758574754,518503798.0,364.54974996019155,456591972.0,339.40188490226865,518503798.0,338.01956460180736,889759620.0,338.39766870904714,433167648.0,337.8198393927887,433167648.0,0.0,0.0,0.0,0.0,0.0,0.0,0.0,0.0,0.0,0.0,0.0,0.0,338222419.052,214204621.064,0.18144529624283315,3.0437740562977247,336339891.436,213253211.6,0.1306351688336581,3.043356496847419,338222419.052,214204621.064,0.06703523032180965,2.875775353204829,350571860.356,224411386.08,0.061487699366364924,2.8748536214216234,329979632.22,219994064.14,0.06150510769896209,2.873778173370657,329979632.22,219994064.14,0.06139065122418105,2.8736338149556864,13871
GITHUB_REPOS,query2,8,inf,9264.791905807331,3274.7462331401184,77647859856.0,84555604763.0,0.0,0.0,13871.0,9101.556108475663,3119.2923380555585,77253093632.0,84084972859.0,228.0,0.0,13871.0,8165.666279723868,2175.6174265900627,57585742981.0,84555604763.0,2500.0,0.0,13871.0,7978.862311037517,2175.6174265900627,57585742981.0,146699472484.0,2500.0,0.0,13871.0,7940.912212568801,2175.6174265900627,57585742981.0,62614499625.0,2500.0,0.0,13871.0,7939.991959639825,2175.6174265900627,57585742981.0,62614499625.0,2500.0,0.0,13871.0,3274.7462331401184,3416.632610070519,2573.4130625966936,0.0,0.0,0.0,0.0,3119.2923380555585,3381.32852802705,2545.894038620405,0.0,0.00029005855321884155,0.0028657615184783936,55.03804795257747,2175.6174265900627,3416.632610070519,2573.4130625966936,0.0,0.003180466592311859,0.0,0.0,2175.6174265900627,2493.707244899124,1876.1934403330088,38.89890845984193,0.003180466592311859,0.0028657615184783936,1394.4392445273697,2175.6174265900627,2493.707244899124,1876.1934403330088,0.9488099911250174,0.003180466592311859,0.0028657615184783936,1394.4392445273697,2175.6174265900627,2493.707244899124,1876.1934403330088,0.0,0.003180466592311859,0.031422823667526245,1394.4392445273697,0.0,0.0,0.0,0.0,0.0,0.0,0.0,0.0,0.0,0.0,0.0,0.0,8898.460329949856,84037100965.0,8737.006358515471,83628380887.0,7826.264394821599,84037100965.0,7640.842746435711,145809712864.0,7602.514543859754,62181331977.0,7602.172120247036,62181331977.0,366.3315758574754,518503798.0,364.54974996019155,456591972.0,339.40188490226865,518503798.0,338.01956460180736,889759620.0,338.39766870904714,433167648.0,337.8198393927887,433167648.0,0.0,0.0,0.0,0.0,0.0,0.0,0.0,0.0,0.0,0.0,0.0,0.0,338222419.052,214204621.064,0.18144529624283315,3.0437740562977247,336339891.436,213253211.6,0.1306351688336581,3.043356496847419,338222419.052,214204621.064,0.06703523032180965,2.716023656464366,586797889.936,460602325.7,0.061487699366364924,2.477138284681409,250457998.5,250457998.5,0.06150510769896209,2.464281536102107,250457998.5,250457998.5,0.06139065122418105,2.4641252766745145,13871
GITHUB_REPOS,query3,2,1/4,9149.735325477086,7305.743612363003,16258034175.0,18468632127.0,0.0,0.0,2401.0,8727.044892376289,6908.277538678609,14339622605.0,16305761522.0,75.0,0.0,2401.0,8400.321522401646,6556.329512868077,13531010381.0,18468632127.0,233.0,0.0,2401.0,8364.602743782845,6556.329512868077,13531010381.0,31610870257.0,233.0,0.0,2401.0,8357.29988048505,6556.329512868077,13531010381.0,15305108735.0,233.0,0.0,2401.0,8357.061451718211,6556.329512868077,13531010381.0,15305108735.0,233.0,0.0,2401.0,7305.743612363003,1039.515964820981,804.4757482931018,0.0,0.0,0.0,0.0,6908.277538678609,925.2957354038954,715.4809163911268,0.0,9.541399776935577e-05,0.0009426847100257874,177.98966380394995,6556.329512868077,1039.515964820981,804.4757482931018,0.0,0.00029641948640346527,0.0,0.0,6556.329512868077,838.9628306468949,647.185613409616,7.543277987089238,0.00029641948640346527,0.0009426847100257874,314.58026976697147,6556.329512868077,838.9628306468949,647.185613409616,0.24041468929499388,0.00029641948640346527,0.0009426847100257874,314.58026976697147,6556.329512868077,838.9628306468949,647.185613409616,0.0,0.00029641948640346527,0.002928607165813446,314.58026976697147,0.0,0.0,0.0,0.0,0.0,0.0,0.0,0.0,0.0,0.0,0.0,0.0,9071.070127569139,17789440488.0,8648.646792751737,15626569883.0,8322.525863686576,17789440488.0,8286.587129760772,30268935816.0,8279.559067325667,14642365933.0,8279.359802627936,14642365933.0,78.665197907947,679191639.0,78.39809962455183,679191639.0,77.7956587150693,679191639.0,78.01561402207253,1341934441.0,77.74081315938383,662742802.0,77.70164909027517,662742802.0,0.0,0.0,0.0,0.0,0.0,0.0,0.0,0.0,0.0,0.0,0.0,0.0,73874528.508,60685188.612,3.0877581187132748,10.692038393974675,65223046.088,53040061.66,3.0134080558270218,10.676609521586446,73874528.508,60685188.612,2.5994433766044676,10.4879894743612,126443481.028,111504416.28,2.581665925978856,10.480771062354291,61220434.94,61220434.94,2.578955283026211,10.472544024169256,61220434.94,61220434.94,2.5788106692079453,10.472285801826228,2401
GITHUB_REPOS,query3,2,inf,9149.735325477086,7305.743612363003,16258034175.0,18468632127.0,0.0,0.0,2401.0,8727.044892376289,6908.277538678609,14339622605.0,16305761522.0,75.0,0.0,2401.0,8400.321522401646,6556.329512868077,13531010381.0,18468632127.0,233.0,0.0,2401.0,8364.602743782845,6556.329512868077,13531010381.0,31610870257.0,233.0,0.0,2401.0,8357.29988048505,6556.329512868077,13531010381.0,15305108735.0,233.0,0.0,2401.0,8357.061451718211,6556.329512868077,13531010381.0,15305108735.0,233.0,0.0,2401.0,7305.743612363003,1039.515964820981,804.4757482931018,0.0,0.0,0.0,0.0,6908.277538678609,925.2957354038954,715.4809163911268,0.0,9.541399776935577e-05,0.0009426847100257874,177.98966380394995,6556.329512868077,1039.515964820981,804.4757482931018,0.0,0.00029641948640346527,0.0,0.0,6556.329512868077,838.9628306468949,647.185613409616,7.543277987089238,0.00029641948640346527,0.0009426847100257874,314.58026976697147,6556.329512868077,838.9628306468949,647.185613409616,0.24041468929499388,0.00029641948640346527,0.0009426847100257874,314.58026976697147,6556.329512868077,838.9628306468949,647.185613409616,0.0,0.00029641948640346527,0.002928607165813446,314.58026976697147,0.0,0.0,0.0,0.0,0.0,0.0,0.0,0.0,0.0,0.0,0.0,0.0,9071.070127569139,17789440488.0,8648.646792751737,15626569883.0,8322.525863686576,17789440488.0,8286.587129760772,30268935816.0,8279.559067325667,14642365933.0,8279.359802627936,14642365933.0,78.665197907947,679191639.0,78.39809962455183,679191639.0,77.7956587150693,679191639.0,78.01561402207253,1341934441.0,77.74081315938383,662742802.0,77.70164909027517,662742802.0,0.0,0.0,0.0,0.0,0.0,0.0,0.0,0.0,0.0,0.0,0.0,0.0,73874528.508,60685188.612,3.0877581187132748,10.692038393974675,65223046.088,53040061.66,3.0134080558270218,10.676609521586446,73874528.508,60685188.612,2.5994433766044676,10.4879894743612,126443481.028,111504416.28,2.581665925978856,10.480771062354291,61220434.94,61220434.94,2.578955283026211,10.472544024169256,61220434.94,61220434.94,2.5788106692079453,10.472285801826228,2401
GITHUB_REPOS,query3,4,1/4,17737.889780911617,13987.484057937749,31783145954.0,36297548115.0,0.0,0.0,4775.0,16660.870126513764,12963.583095870912,27937685210.0,31928544825.0,177.0,0.0,4775.0,15473.739848671481,11723.333189368248,24073906206.0,36297548115.0,736.0,0.0,4775.0,15357.083561820571,11723.333189368248,24073906206.0,59171741105.0,736.0,0.0,4775.0,15342.802356540225,11723.333189368248,24073906206.0,27243196280.0,736.0,0.0,4775.0,15342.31998746097,11723.333189368248,24073906206.0,27243196280.0,736.0,0.0,4775.0,13987.484057937749,2109.911652791314,1640.4940701825544,0.0,0.0,0.0,0.0,12963.583095870912,1866.6349026598036,1450.3384622950107,0.0,0.00022517703473567963,0.002224735915660858,380.3112157750875,11723.333189368248,2109.911652791314,1640.4940701825544,0.0,0.0009363293647766113,0.0,0.0,11723.333189368248,1495.2314112735912,1157.2429407546297,14.770600502973215,0.0009363293647766113,0.002224735915660858,966.5022588558495,11723.333189368248,1495.2314112735912,1157.2429407546297,0.4893952226266265,0.0009363293647766113,0.002224735915660858,966.5022588558495,11723.333189368248,1495.2314112735912,1157.2429407546297,0.0,0.0009363293647766113,0.009250879287719727,966.5022588558495,0.0,0.0,0.0,0.0,0.0,0.0,0.0,0.0,0.0,0.0,0.0,0.0,17587.682774925604,34912039438.0,16511.419783903286,30543036148.0,15327.381256485358,34912039438.0,15210.610509613018,56517481656.0,15196.888884901535,25974445508.0,15196.487112054601,25974445508.0,150.20700598601252,1385508677.0,149.4503426104784,1385508677.0,146.35859218612313,1385508677.0,146.4730522075535,2654259449.0,145.91347163869068,1268750772.0,145.83287540636957,1268750772.0,0.0,0.0,0.0,0.0,0.0,0.0,0.0,0.0,0.0,0.0,0.0,0.0,145190192.46,92237961.12,3.0973810741882772,10.465428504071568,127714179.3,78058210.728,3.0515844966359436,10.420923912778681,145190192.46,92237961.12,2.1136985862217843,10.351479276332443,236686964.42,176500736.392,2.0599901683602106,10.339992956666775,108972785.12,108972785.12,2.0568620013641192,10.333181322405672,108972785.12,108972785.12,2.0567134254630655,10.332921785585208,4775
GITHUB_REPOS,query3,4,inf,17737.889780911617,13987.484057937749,31783145954.0,36297548115.0,0.0,0.0,4775.0,16660.870126513764,12963.583095870912,27937685210.0,31928544825.0,177.0,0.0,4775.0,15473.739848671481,11723.333189368248,24073906206.0,36297548115.0,736.0,0.0,4775.0,15357.083561820571,11723.333189368248,24073906206.0,59171741105.0,736.0,0.0,4775.0,15342.802356540225,11723.333189368248,24073906206.0,27243196280.0,736.0,0.0,4775.0,15342.31998746097,11723.333189368248,24073906206.0,27243196280.0,736.0,0.0,4775.0,13987.484057937749,2109.911652791314,1640.4940701825544,0.0,0.0,0.0,0.0,12963.583095870912,1866.6349026598036,1450.3384622950107,0.0,0.00022517703473567963,0.002224735915660858,380.3112157750875,11723.333189368248,2109.911652791314,1640.4940701825544,0.0,0.0009363293647766113,0.0,0.0,11723.333189368248,1495.2314112735912,1157.2429407546297,14.770600502973215,0.0009363293647766113,0.002224735915660858,966.5022588558495,11723.333189368248,1495.2314112735912,1157.2429407546297,0.4893952226266265,0.0009363293647766113,0.002224735915660858,966.5022588558495,11723.333189368248,1495.2314112735912,1157.2429407546297,0.0,0.0009363293647766113,0.009250879287719727,966.5022588558495,0.0,0.0,0.0,0.0,0.0,0.0,0.0,0.0,0.0,0.0,0.0,0.0,17587.682774925604,34912039438.0,16511.419783903286,30543036148.0,15327.381256485358,34912039438.0,15210.610509613018,56517481656.0,15196.888884901535,25974445508.0,15196.487112054601,25974445508.0,150.20700598601252,1385508677.0,149.4503426104784,1385508677.0,146.35859218612313,1385508677.0,146.4730522075535,2654259449.0,145.91347163869068,1268750772.0,145.83287540636957,1268750772.0,0.0,0.0,0.0,0.0,0.0,0.0,0.0,0.0,0.0,0.0,0.0,0.0,145190192.46,92237961.12,3.0973810741882772,10.465428504071568,127714179.3,78058210.728,3.0515844966359436,10.420923912778681,145190192.46,92237961.12,2.1136985862217843,10.351479276332443,236686964.42,176500736.392,2.0599901683602106,10.339992956666775,108972785.12,108972785.12,2.0568620013641192,10.333181322405672,108972785.12,108972785.12,2.0567134254630655,10.332921785585208,4775
GITHUB_REPOS,query3,8,1/4,37324.75955296587,29394.651805777103,70734352407.0,80234540567.0,0.0,0.0,9949.0,35430.688256617635,27646.84765589796,59188894829.0,67305763079.0,356.0,0.0,9949.0,31261.135003421456,23331.02462916728,49691447106.0,80234540567.0,2065.0,0.0,9949.0,30956.674750195914,23331.02462916728,49691447106.0,123109946369.0,2065.0,0.0,9949.0,30926.540347396396,23331.02462916728,49691447106.0,55804183290.0,2065.0,0.0,9949.0,30925.55962428637,23331.02462916728,49691447106.0,55804183290.0,2065.0,0.0,9949.0,29394.651805777103,4466.8990392535925,3463.208707935177,0.0,0.0,0.0,0.0,27646.84765589796,3814.7945205559954,2957.3762632152066,0.0,0.00045289844274520874,0.004474610090255737,1011.6648894399405,23331.02462916728,4466.8990392535925,3463.208707935177,0.0,0.0026270654052495956,0.0,0.0,23331.02462916728,2909.3048521419987,2241.2158552110195,31.136606551804334,0.0026270654052495956,0.004474610090255737,2443.9857054483145,23331.02462916728,2909.3048521419987,2241.2158552110195,1.0022037522867322,0.0026270654052495956,0.004474610090255737,2443.9857054483145,23331.02462916728,2909.3048521419987,2241.2158552110195,0.0,0.0026270654052495956,0.02595525234937668,2443.9857054483145,0.0,0.0,0.0,0.0,0.0,0.0,0.0,0.0,0.0,0.0,0.0,0.0,37009.8584042266,77521701560.0,35117.955798393115,64592924072.0,30959.85427212529,77521701560.0,30655.69511476965,118018300751.0,30626.651816861704,53425376679.0,30625.831555528566,53425376679.0,314.90114873927087,2712839007.0,312.7324582245201,2712839007.0,301.2807312961668,2712839007.0,300.97963542626746,5091645618.0,299.8885305346921,2378806611.0,299.72806875780225,2378806611.0,0.0,0.0,0.0,0.0,0.0,0.0,0.0,0.0,0.0,0.0,0.0,0.0,320938162.268,156572706.864,2.8767409888822586,10.330150717000288,269223052.316,122787021.664,2.814252775358036,10.327416448775304,320938162.268,156572706.864,1.337380127152428,10.139188498628137,481664668.08,313694746.768,1.2596253988653614,10.14435225038264,223216733.16,214311135.656,1.256629026179202,10.137159056381972,214311135.656,214311135.656,1.2564858272895216,10.136896884448824,9949
GITHUB_REPOS,query3,8,inf,37324.75955296587,29394.651805777103,70734352407.0,80234540567.0,0.0,0.0,9949.0,35430.688256617635,27646.84765589796,59188894829.0,67305763079.0,356.0,0.0,9949.0,31260.597043037415,23330.48666496668,49670418688.0,80234540567.0,2068.0,0.0,9949.0,30955.61949948138,23330.48666496668,49670418688.0,123083968071.0,2068.0,0.0,9949.0,30925.485096681863,23330.48666496668,49670418688.0,55778204992.0,2068.0,0.0,9949.0,30924.504411279224,23330.48666496668,49670418688.0,55778204992.0,2068.0,0.0,9949.0,29394.651805777103,4466.8990392535925,3463.208707935177,0.0,0.0,0.0,0.0,27646.84765589796,3814.7945205559954,2957.3762632152066,0.0,0.00045289844274520874,0.004474610090255737,1011.6648894399405,23330.48666496668,4466.8990392535925,3463.208707935177,0.0,0.00263088196516037,0.0,0.0,23330.48666496668,2907.026691987179,2239.454985386692,31.136606551804334,0.00263088196516037,0.004474610090255737,2447.5074450969696,23330.48666496668,2907.026691987179,2239.454985386692,1.0022037522867322,0.00263088196516037,0.004474610090255737,2447.5074450969696,23330.48666496668,2907.026691987179,2239.454985386692,0.0,0.00263088196516037,0.02599295973777771,2447.5074450969696,0.0,0.0,0.0,0.0,0.0,0.0,0.0,0.0,0.0,0.0,0.0,0.0,37009.8584042266,77521701560.0,35117.955798393115,64592924072.0,30959.316311741248,77521701560.0,30654.639864055116,117992322453.0,30625.59656614717,53399398381.0,30624.77634252142,53399398381.0,314.90114873927087,2712839007.0,312.7324582245201,2712839007.0,301.2807312961668,2712839007.0,300.97963542626746,5091645618.0,299.8885305346921,2378806611.0,299.72806875780225,2378806611.0,0.0,0.0,0.0,0.0,0.0,0.0,0.0,0.0,0.0,0.0,0.0,0.0,320938162.268,156572706.864,2.8767409888822586,10.330150717000288,269223052.316,122787021.664,2.814252775358036,10.327416448775304,320938162.268,156572706.864,1.337380127152428,10.139188498628137,492335872.284,319426265.104,1.2596253988653614,10.14435225038264,223112819.968,223112819.968,1.256629026179202,10.137159056381972,223112819.968,223112819.968,1.2564858272895216,10.136896884448824,9949
GITHUB_REPOS,query4,2,1/4,22630.02999247797,2330.1312276329845,257109210415.0,280664144219.0,0.0,0.0,2209.0,21551.29907862004,1898.5642892578617,198390912411.0,216529978932.0,163.0,0.0,2209.0,21841.942538865842,1542.0432587852702,154944424387.0,280664144219.0,405.0,0.0,2209.0,20822.815724006716,1542.0432587852702,154944424387.0,385713352374.0,405.0,0.0,2209.0,20722.80005074665,1542.0432587852702,154944424387.0,169183373442.0,405.0,0.0,2209.0,20722.64890728332,1542.0432587852702,154944424387.0,169183373442.0,405.0,0.0,2209.0,2330.1312276329845,11561.84675452672,8738.052010318264,0.0,0.0,0.0,0.0,1898.5642892578617,8909.640018539503,6733.01150594838,0.0,0.00020736642181873322,0.002048768103122711,4010.0810087397695,1542.0432587852702,11561.84675452672,8738.052010318264,0.0,0.0005152355879545212,0.0,0.0,1542.0432587852702,6991.263253270648,5286.767231142148,100.16985845272637,0.0005152355879545212,0.002048768103122711,6902.569558352232,1542.0432587852702,6991.263253270648,5286.767231142148,0.15418519265949726,0.0005152355879545212,0.002048768103122711,6902.569558352232,1542.0432587852702,6991.263253270648,5286.767231142148,0.0,0.0005152355879545212,0.005090497434139252,6902.569558352232,0.0,0.0,0.0,0.0,0.0,0.0,0.0,0.0,0.0,0.0,0.0,0.0,22616.38520978205,280655661911.0,21538.11554676015,216521496624.0,21829.30900884047,280655661911.0,20810.218467813444,385696418296.0,20710.193013239652,169174921672.0,20710.055072361603,169174921672.0,13.644782695919275,8482308.0,13.183531859889627,8482308.0,12.633530025370419,8482308.0,12.597256193274678,16934078.0,12.607037506997585,8451770.0,12.593834921717644,8451770.0,0.0,0.0,0.0,0.0,0.0,0.0,0.0,0.0,0.0,0.0,0.0,0.0,1122656576.876,799398919.392,13.143768382864073,33.10706229162402,866119915.728,553961998.364,12.898290355578064,32.86528040515184,1122656576.876,799398919.392,12.56170008309558,32.741232420422875,1533497923.176,1209766227.728,11.81380087148195,32.380495540808575,676733493.768,667378007.448,11.7500846280884,32.19102897036466,667378007.448,667378007.448,11.749973867423833,32.19080934849381,2209
GITHUB_REPOS,query4,2,inf,22630.02999247797,2330.1312276329845,257109210415.0,280664144219.0,0.0,0.0,2209.0,21551.29907862004,1898.5642892578617,198390912411.0,216529978932.0,163.0,0.0,2209.0,21841.942538865842,1542.0432587852702,154944424387.0,280664144219.0,405.0,0.0,2209.0,20822.815724006716,1542.0432587852702,154944424387.0,385713352374.0,405.0,0.0,2209.0,20722.80005074665,1542.0432587852702,154944424387.0,169183373442.0,405.0,0.0,2209.0,20722.64890728332,1542.0432587852702,154944424387.0,169183373442.0,405.0,0.0,2209.0,2330.1312276329845,11561.84675452672,8738.052010318264,0.0,0.0,0.0,0.0,1898.5642892578617,8909.640018539503,6733.01150594838,0.0,0.00020736642181873322,0.002048768103122711,4010.0810087397695,1542.0432587852702,11561.84675452672,8738.052010318264,0.0,0.0005152355879545212,0.0,0.0,1542.0432587852702,6991.263253270648,5286.767231142148,100.16985845272637,0.0005152355879545212,0.002048768103122711,6902.569558352232,1542.0432587852702,6991.263253270648,5286.767231142148,0.15418519265949726,0.0005152355879545212,0.002048768103122711,6902.569558352232,1542.0432587852702,6991.263253270648,5286.767231142148,0.0,0.0005152355879545212,0.005090497434139252,6902.569558352232,0.0,0.0,0.0,0.0,0.0,0.0,0.0,0.0,0.0,0.0,0.0,0.0,22616.38520978205,280655661911.0,21538.11554676015,216521496624.0,21829.30900884047,280655661911.0,20810.218467813444,385696418296.0,20710.193013239652,169174921672.0,20710.055072361603,169174921672.0,13.644782695919275,8482308.0,13.183531859889627,8482308.0,12.633530025370419,8482308.0,12.597256193274678,16934078.0,12.607037506997585,8451770.0,12.593834921717644,8451770.0,0.0,0.0,0.0,0.0,0.0,0.0,0.0,0.0,0.0,0.0,0.0,0.0,1122656576.876,799398919.392,13.143768382864073,33.10706229162402,866119915.728,553961998.364,12.898290355578064,32.86528040515184,1122656576.876,799398919.392,12.56170008309558,32.741232420422875,1542853409.496,1214443970.888,11.81380087148195,32.380495540808575,676733493.768,676733493.768,11.7500846280884,32.19102897036466,676733493.768,676733493.768,11.749973867423833,32.19080934849381,2209
GITHUB_REPOS,query4,4,1/4,40369.9768929258,4186.466366508976,460450342254.0,502399406235.0,0.0,0.0,4232.0,39026.74355719704,3648.080812321976,387274293754.0,422485989086.0,247.0,0.0,4232.0,38364.916730442084,2181.4045845316723,207240829424.0,502399406235.0,1273.0,0.0,4232.0,35804.81626328519,2181.4045845316723,207240829424.0,648829293184.0,1273.0,0.0,4232.0,35609.6723027057,2181.4045845316723,207240829424.0,226343304098.0,1273.0,0.0,4232.0,35609.381111169234,2181.4045845316723,207240829424.0,226343304098.0,1273.0,0.0,4232.0,4186.466366508976,20609.15684452653,15574.353681890294,0.0,0.0,0.0,0.0,3648.080812321976,17308.606586481445,13078.654624192044,0.0,0.0003142300993204117,0.003104574978351593,4991.3981153965,2181.4045845316723,20609.15684452653,15574.353681890294,0.0,0.0016194935888051987,0.0,0.0,2181.4045845316723,9376.082677409984,7096.831134548411,195.44804804278482,0.0016194935888051987,0.003104574978351593,16955.045094683766,2181.4045845316723,9376.082677409984,7096.831134548411,0.30408746330067515,0.0016194935888051987,0.003104574978351593,16955.045094683766,2181.4045845316723,9376.082677409984,7096.831134548411,0.0,0.0016194935888051987,0.016000501811504364,16955.045094683766,0.0,0.0,0.0,0.0,0.0,0.0,0.0,0.0,0.0,0.0,0.0,0.0,40342.903978641145,502378608518.0,39000.7309918236,422465191369.0,38341.645577515475,502378608518.0,35781.67861212908,648787832596.0,35586.51172266295,226322641227.0,35586.25058007706,226322641227.0,27.07291428465396,20797717.0,26.012565373443067,20797717.0,23.27115292660892,20797717.0,23.137651156108387,41460588.0,23.160580042749643,20662871.0,23.13053109217435,20662871.0,0.0,0.0,0.0,0.0,0.0,0.0,0.0,0.0,0.0,0.0,0.0,0.0,2009597624.94,905878564.616,12.713976941259578,36.835502685488,1689943956.344,656283170.824,12.628408415256068,36.67731190525758,2009597624.94,905878564.616,11.849294736132025,35.85797807757071,2572143808.524,1518979242.072,10.686903752904783,34.614704585787536,905373216.392,884334481.188,10.6236896762643,34.39651847567595,884334481.188,884334481.188,10.623582503916696,34.39628285468127,4232
GITHUB_REPOS,query4,4,inf,40369.9768929258,4186.466366508976,460450342254.0,502399406235.0,0.0,0.0,4232.0,39026.74355719704,3648.080812321976,387274293754.0,422485989086.0,247.0,0.0,4232.0,38360.564524770714,2177.0523750437424,206702668892.0,502399406235.0,1276.0,0.0,4232.0,35794.95863238881,2177.0523750437424,206702668892.0,648244575289.0,1276.0,0.0,4232.0,35599.81467180932,2177.0523750437424,206702668892.0,225758586203.0,1276.0,0.0,4232.0,35599.52351798024,2177.0523750437424,206702668892.0,225758586203.0,1276.0,0.0,4232.0,4186.466366508976,20609.15684452653,15574.353681890294,0.0,0.0,0.0,0.0,3648.080812321976,17308.606586481445,13078.654624192044,0.0,0.0003142300993204117,0.003104574978351593,4991.3981153965,2177.0523750437424,20609.15684452653,15574.353681890294,0.0,0.001623310148715973,0.0,0.0,2177.0523750437424,9352.962178638205,7079.2160610016435,195.44804804278482,0.001623310148715973,0.003104574978351593,16990.2752417773,2177.0523750437424,9352.962178638205,7079.2160610016435,0.30408746330067515,0.001623310148715973,0.003104574978351593,16990.2752417773,2177.0523750437424,9352.962178638205,7079.2160610016435,0.0,0.001623310148715973,0.016038209199905396,16990.2752417773,0.0,0.0,0.0,0.0,0.0,0.0,0.0,0.0,0.0,0.0,0.0,0.0,40342.903978641145,502378608518.0,39000.7309918236,422465191369.0,38337.293371844105,502378608518.0,35771.8209812327,648203114701.0,35576.65409176657,225737923332.0,35576.392986888066,225737923332.0,27.07291428465396,20797717.0,26.012565373443067,20797717.0,23.27115292660892,20797717.0,23.137651156108387,41460588.0,23.160580042749643,20662871.0,23.13053109217435,20662871.0,0.0,0.0,0.0,0.0,0.0,0.0,0.0,0.0,0.0,0.0,0.0,0.0,2009597624.94,905878564.616,12.713976941259578,36.835502685488,1689943956.344,656283170.824,12.628408415256068,36.67731190525758,2009597624.94,905878564.616,11.849293473647908,35.85677405676319,2592978301.156,1534641952.8,10.686902490420666,34.613500564980015,903034344.812,903034344.812,10.623688413780183,34.395314454868426,903034344.812,903034344.812,10.623581241432577,34.39507883387375,4232
GITHUB_REPOS,query4,8,1/4,77872.82652622554,8130.139372752979,883101651974.0,964017634015.0,0.0,0.0,8445.0,75398.70811942965,7136.423657699488,749316186769.0,817791589253.0,434.0,0.0,8445.0,72715.1252431022,2972.433423249051,257332505350.0,964017634015.0,3668.0,0.0,8445.0,66262.6869166432,2976.1097273444757,257870664712.0,1099727683473.0,3666.0,0.0,8445.0,65884.96132464847,2976.1097273444757,257870664712.0,281936094220.0,3666.0,0.0,8445.0,65874.9997427715,2972.433423249051,257332505350.0,281351376325.0,3668.0,0.0,8445.0,8130.139372752979,39716.409468557686,30026.27768491488,0.0,0.0,0.0,0.0,7136.423657699488,33631.623815189116,25421.900730419904,0.0,0.0005521290004253387,0.005455002188682556,9208.753908989951,2972.433423249051,39716.409468557686,30026.27768491488,0.0,0.00466638058423996,0.0,0.0,2976.1097273444757,11794.211161651649,8938.521521288902,378.3220602678258,0.00466383621096611,0.005455002188682556,42175.512327251956,2976.1097273444757,11794.211161651649,8938.521521288902,0.5964682730846107,0.00466383621096611,0.005455002188682556,42175.512327251956,2972.433423249051,11771.171699143015,8921.211519397795,0.0,0.00466638058423996,0.04610356688499451,42210.13233103417,0.0,0.0,0.0,0.0,0.0,0.0,0.0,0.0,0.0,0.0,0.0,0.0,77818.49299013242,963975110930.0,75346.08521587215,817749066168.0,72672.52455768362,963975110930.0,66220.49975220211,1099643028141.0,65842.72816052241,281893961973.0,65832.83396539092,281309244078.0,54.33353609312326,42523085.0,52.62290355749428,42523085.0,42.60068541858345,42523085.0,42.187164441093365,84655332.0,42.23316412605345,42132247.0,42.16577738057822,42132247.0,0.0,0.0,0.0,0.0,0.0,0.0,0.0,0.0,0.0,0.0,0.0,0.0,3856070536.06,1125640242.96,13.430120715605096,37.785086590421756,3271166357.012,689557439.22,12.985537196518854,37.77773835380133,3856070536.06,1125640242.96,12.38403728534095,35.97407927997317,4297811380.396,1704411225.632,11.02902924581859,33.553952852179926,1127744376.88,1040379489.04,10.970089043678716,33.328845656193415,1042243243.18,1042243243.18,10.96999306546338,33.30576510082948,8445
GITHUB_REPOS,query4,8,inf,77872.82652622554,8130.139372752979,883101651974.0,964017634015.0,0.0,0.0,8445.0,75398.70811942965,7136.423657699488,749316186769.0,817791589253.0,434.0,0.0,8445.0,72666.02727131639,2923.3353954870254,250874572079.0,964017634015.0,3712.0,0.0,8445.0,66136.50874028393,2923.3353954870254,250874572079.0,1092126350838.0,3712.0,0.0,8445.0,65758.78314828919,2923.3353954870254,250874572079.0,274334761585.0,3712.0,0.0,8445.0,65758.2278816225,2923.3353954870254,250874572079.0,274334761585.0,3712.0,0.0,8445.0,8130.139372752979,39716.409468557686,30026.27768491488,0.0,0.0,0.0,0.0,7136.423657699488,33631.623815189116,25421.900730419904,0.0,0.0005521290004253387,0.005455002188682556,9208.753908989951,2923.3353954870254,39716.409468557686,30026.27768491488,0.0,0.0047223567962646484,0.0,0.0,2923.3353954870254,11494.288260148838,8712.0025228085,378.3220602678258,0.0047223567962646484,0.005455002188682556,42628.55032421276,2923.3353954870254,11494.288260148838,8712.0025228085,0.5964682730846107,0.0047223567962646484,0.005455002188682556,42628.55032421276,2923.3353954870254,11494.288260148838,8712.0025228085,0.0,0.0047223567962646484,0.04665660858154297,42628.55032421276,0.0,0.0,0.0,0.0,0.0,0.0,0.0,0.0,0.0,0.0,0.0,0.0,77818.49299013242,963975110930.0,75346.08521587215,817749066168.0,72623.62747005466,963975110930.0,66094.54134897054,1092041695506.0,65716.76975729084,274292629338.0,65716.27076038625,274292629338.0,54.33353609312326,42523085.0,52.62290355749428,42523085.0,42.39980126172304,42523085.0,41.96739131339596,84655332.0,42.013390998356044,42132247.0,41.957121236249804,42132247.0,0.0,0.0,0.0,0.0,0.0,0.0,0.0,0.0,0.0,0.0,0.0,0.0,3856070536.06,1125640242.96,13.430120715605096,37.785086590421756,3271166357.012,689557439.22,12.985537196518854,37.77773835380133,3856070536.06,1125640242.96,12.384026188518853,35.92749357566888,4368505403.352,1754713708.28,11.029018148996492,33.41119915972601,1097339046.34,1097339046.34,10.970077946856618,33.18612273546224,1097339046.34,1097339046.34,10.969981968641282,33.185882693709985,8445
PANCANCER_ATLAS,query1,2,1/4,300.59649404883385,259.23537753243,661190168.0,700034485.0,0.0,0.0,3500.0,289.7156347744167,250.69109587091953,285366311.0,302844920.0,325.0,0.0,3500.0,267.8653377285227,226.50357239693403,273604645.0,700034485.0,510.0,0.0,3500.0,265.24973609926644,226.50357239693403,273604645.0,593378532.0,510.0,0.0,3500.0,265.50138031784445,226.50357239693403,273604645.0,290533612.0,510.0,0.0,3500.0,265.1119610061869,226.50357239693403,273604645.0,290533612.0,510.0,0.0,3500.0,259.23537753243,24.326353172771633,17.03476334363222,0.0,0.0,0.0,0.0,250.69109587091953,13.236116246320307,8.28560245782137,0.0,0.0004134606570005417,0.004084967076778412,17.498321771621704,226.50357239693403,24.326353172771633,17.03476334363222,0.0,0.0006488151848316193,0.0,0.0,226.50357239693403,12.439980410039425,7.908177559264004,0.14010038203095226,0.0006488151848316193,0.004084967076778412,18.253171568736434,226.50357239693403,12.439980410039425,7.908177559264004,0.3917446006089449,0.0006488151848316193,0.004084967076778412,18.253171568736434,226.50357239693403,12.439980410039425,7.908177559264004,0.0,0.0006488151848316193,0.006410256028175354,18.253171568736434,0.0,0.0,0.0,0.0,0.0,0.0,0.0,0.0,0.0,0.0,0.0,0.0,0.0,0.0,0.0,0.0,0.0,0.0,0.0,0.0,0.0,0.0,0.0,0.0,244.39183220919222,22300165.0,239.21077607013285,21794990.0,215.5834415908903,22300165.0,215.4922365501049,41362178.0,215.60064805252478,19567188.0,215.4828451788053,19567188.0,56.20466183964163,677734320.0,50.50485870428383,281049930.0,52.28189613763243,677734320.0,49.75749954916154,552016354.0,49.900732265319675,270966424.0,49.62911582738161,270966424.0,2800137.94,2248181.8,0.017452675349875747,0.4287837745969643,1211379.68,871436.248,0.015713813819410092,0.4261124039083779,2800137.94,2248181.8,0.015469687983363747,0.3763311728350742,2373514.128,1977980.388,0.014867097668441449,0.37619731709828796,1162134.448,1162134.448,0.014962385323489586,0.3763107872168798,1162134.448,1162134.448,0.01484572324512833,0.3760580503507086,3500
PANCANCER_ATLAS,query1,2,inf,300.59649404883385,259.23537753243,661190168.0,700034485.0,0.0,0.0,3500.0,289.7156347744167,250.69109587091953,285366311.0,302844920.0,325.0,0.0,3500.0,267.8653377285227,226.50357239693403,273604645.0,700034485.0,510.0,0.0,3500.0,265.24973609926644,226.50357239693403,273604645.0,593378532.0,510.0,0.0,3500.0,265.50138031784445,226.50357239693403,273604645.0,290533612.0,510.0,0.0,3500.0,265.1119610061869,226.50357239693403,273604645.0,290533612.0,510.0,0.0,3500.0,259.23537753243,24.326353172771633,17.03476334363222,0.0,0.0,0.0,0.0,250.69109587091953,13.236116246320307,8.28560245782137,0.0,0.0004134606570005417,0.004084967076778412,17.498321771621704,226.50357239693403,24.326353172771633,17.03476334363222,0.0,0.0006488151848316193,0.0,0.0,226.50357239693403,12.439980410039425,7.908177559264004,0.14010038203095226,0.0006488151848316193,0.004084967076778412,18.253171568736434,226.50357239693403,12.439980410039425,7.908177559264004,0.3917446006089449,0.0006488151848316193,0.004084967076778412,18.253171568736434,226.50357239693403,12.439980410039425,7.908177559264004,0.0,0.0006488151848316193,0.006410256028175354,18.253171568736434,0.0,0.0,0.0,0.0,0.0,0.0,0.0,0.0,0.0,0.0,0.0,0.0,0.0,0.0,0.0,0.0,0.0,0.0,0.0,0.0,0.0,0.0,0.0,0.0,244.39183220919222,22300165.0,239.21077607013285,21794990.0,215.5834415908903,22300165.0,215.4922365501049,41362178.0,215.60064805252478,19567188.0,215.4828451788053,19567188.0,56.20466183964163,677734320.0,50.50485870428383,281049930.0,52.28189613763243,677734320.0,49.75749954916154,552016354.0,49.900732265319675,270966424.0,49.62911582738161,270966424.0,2800137.94,2248181.8,0.017452675349875747,0.4287837745969643,1211379.68,871436.248,0.015713813819410092,0.4261124039083779,2800137.94,2248181.8,0.015469687983363747,0.3763311728350742,2373514.128,1977980.388,0.014867097668441449,0.37619731709828796,1162134.448,1162134.448,0.014962385323489586,0.3763107872168798,1162134.448,1162134.448,0.01484572324512833,0.3760580503507086,3500
PANCANCER_ATLAS,query1,4,1/4,607.236185990274,522.0872815344483,1382010768.0,1462707659.0,0.0,0.0,6987.0,589.7201715083793,509.41949682869017,590019895.0,626122838.0,638.0,0.0,6987.0,501.8222712473944,416.671627712436,550206937.0,1462707659.0,1367.0,0.0,6987.0,495.5629938409475,416.671627712436,550206937.0,1210770097.0,1367.0,0.0,6987.0,496.0642534131184,416.671627712436,550206937.0,584647259.0,1367.0,0.0,6987.0,495.28250337578356,416.671627712436,550206937.0,584647259.0,1367.0,0.0,6987.0,522.0872815344483,49.90876321494579,35.24014124087989,0.0,0.0,0.0,0.0,509.41949682869017,26.81362950336188,17.00206806510687,0.0,0.0008116550743579865,0.008019104599952698,36.47614635154605,416.671627712436,49.90876321494579,35.24014124087989,0.0,0.0017390791326761246,0.0,0.0,416.671627712436,23.789979681372643,15.678307578898966,0.289653360545404,0.0017390791326761246,0.008019104599952698,39.123667323961854,416.671627712436,23.789979681372643,15.678307578898966,0.79091293271631,0.0017390791326761246,0.008019104599952698,39.123667323961854,416.671627712436,23.789979681372643,15.678307578898966,0.0,0.0017390791326761246,0.01718199998140335,39.123667323961854,0.0,0.0,0.0,0.0,0.0,0.0,0.0,0.0,0.0,0.0,0.0,0.0,0.0,0.0,0.0,0.0,0.0,0.0,0.0,0.0,0.0,0.0,0.0,0.0,492.74732835404575,45828300.0,487.10785591136664,45291088.0,396.5265133343637,45828300.0,396.2035555837387,81973978.0,396.4267298351042,36682890.0,396.1852302281186,36682890.0,114.4888576362282,1416879359.0,102.61231559701264,580831750.0,105.29575791303068,1416879359.0,99.35943825720881,1128796119.0,99.63752357801422,547964369.0,99.09727314766496,547964369.0,5850830.636,4153357.032,0.014259815495461226,0.4449325992278755,2504491.352,1252610.656,0.01316807371377945,0.44301580930911,5850830.636,4153357.032,0.01238421669974923,0.3994746026121079,4843080.388,3401050.92,0.011887103630288652,0.399395731160925,2338589.036,2338589.036,0.011982257445342839,0.39948664441965515,2338589.036,2338589.036,0.011872096115723253,0.3992259215898811,6987
PANCANCER_ATLAS,query1,4,inf,607.236185990274,522.0872815344483,1382010768.0,1462707659.0,0.0,0.0,6987.0,589.7201715083793,509.41949682869017,590019895.0,626122838.0,638.0,0.0,6987.0,501.8222712473944,416.671627712436,550206937.0,1462707659.0,1367.0,0.0,6987.0,495.5629938409475,416.671627712436,550206937.0,1210770097.0,1367.0,0.0,6987.0,496.0642534131184,416.671627712436,550206937.0,584647259.0,1367.0,0.0,6987.0,495.28250337578356,416.671627712436,550206937.0,584647259.0,1367.0,0.0,6987.0,522.0872815344483,49.90876321494579,35.24014124087989,0.0,0.0,0.0,0.0,509.41949682869017,26.81362950336188,17.00206806510687,0.0,0.0008116550743579865,0.008019104599952698,36.47614635154605,416.671627712436,49.90876321494579,35.24014124087989,0.0,0.0017390791326761246,0.0,0.0,416.671627712436,23.789979681372643,15.678307578898966,0.289653360545404,0.0017390791326761246,0.008019104599952698,39.123667323961854,416.671627712436,23.789979681372643,15.678307578898966,0.79091293271631,0.0017390791326761246,0.008019104599952698,39.123667323961854,416.671627712436,23.789979681372643,15.678307578898966,0.0,0.0017390791326761246,0.01718199998140335,39.123667323961854,0.0,0.0,0.0,0.0,0.0,0.0,0.0,0.0,0.0,0.0,0.0,0.0,0.0,0.0,0.0,0.0,0.0,0.0,0.0,0.0,0.0,0.0,0.0,0.0,492.74732835404575,45828300.0,487.10785591136664,45291088.0,396.5265133343637,45828300.0,396.2035555837387,81973978.0,396.4267298351042,36682890.0,396.1852302281186,36682890.0,114.4888576362282,1416879359.0,102.61231559701264,580831750.0,105.29575791303068,1416879359.0,99.35943825720881,1128796119.0,99.63752357801422,547964369.0,99.09727314766496,547964369.0,5850830.636,4153357.032,0.014259815495461226,0.4449325992278755,2504491.352,1252610.656,0.01316807371377945,0.44301580930911,5850830.636,4153357.032,0.01238421669974923,0.3994746026121079,4843080.388,3401050.92,0.011887103630288652,0.399395731160925,2338589.036,2338589.036,0.011982257445342839,0.39948664441965515,2338589.036,2338589.036,0.011872096115723253,0.3992259215898811,6987
PANCANCER_ATLAS,query1,8,1/4,1201.3263020180166,1034.447126573883,2656407269.0,2814136186.0,0.0,0.0,14041.0,1157.3577290531248,999.6952018281445,1128125719.0,1199507424.0,1333.0,0.0,14041.0,880.2510568499565,713.3672061199322,985068300.0,2814136186.0,3675.0,0.0,14041.0,866.519212519321,713.3672061199322,985068300.0,2249366458.0,3675.0,0.0,14041.0,867.5552660319954,713.3672061199322,985068300.0,1049859034.0,3675.0,0.0,14041.0,865.9937401674688,713.3672061199322,985068300.0,1049859034.0,3675.0,0.0,14041.0,1034.447126573883,98.04361143708229,68.83556400705129,0.0,0.0,0.0,0.0,999.6952018281445,53.34914047643542,33.37619173992425,0.0,0.0016958247870206833,0.016754649579524994,70.91874453425407,713.3672061199322,98.04361143708229,68.83556400705129,0.0,0.004675285890698433,0.0,0.0,713.3672061199322,43.6886438857764,28.78410468902439,0.5549092530637907,0.004675285890698433,0.016754649579524994,80.1029186360538,713.3672061199322,43.6886438857764,28.78410468902439,1.590962765738368,0.004675285890698433,0.016754649579524994,80.1029186360538,713.3672061199322,43.6886438857764,28.78410468902439,0.0,0.004675285890698433,0.04619155079126358,80.1029186360538,0.0,0.0,0.0,0.0,0.0,0.0,0.0,0.0,0.0,0.0,0.0,0.0,0.0,0.0,0.0,0.0,0.0,0.0,0.0,0.0,0.0,0.0,0.0,0.0,975.5801441641524,90068076.0,954.7518691504374,87960080.0,675.4381070556119,90068076.0,674.3886728726992,149494169.0,674.8310948880389,61534089.0,674.3564277393743,61534089.0,225.74615785386413,2724068110.0,202.60585990268737,1111547344.0,204.8129497943446,2724068110.0,192.13053964662163,2099872289.0,192.72417114395648,988324945.0,191.63731242809445,988324945.0,11256544.744,6561678.476,0.011670174287632108,0.44579487635493276,4798029.696,1540662.02,0.011145246300846338,0.4427113612297922,11256544.744,6561678.476,0.009566246969625354,0.3880920385774223,8997465.832,5345114.884,0.009309933145611168,0.3880083684438729,4199436.136,4199436.136,0.009410454820841551,0.3880716906612737,4199436.136,4199436.136,0.00929534414038062,0.387824207786843,14041
PANCANCER_ATLAS,query1,8,inf,1201.3263020180166,1034.447126573883,2656407269.0,2814136186.0,0.0,0.0,14041.0,1157.3577290531248,999.6952018281445,1128125719.0,1199507424.0,1333.0,0.0,14041.0,880.2510568499565,713.3672061199322,985068300.0,2814136186.0,3675.0,0.0,14041.0,866.519212519321,713.3672061199322,985068300.0,2249366458.0,3675.0,0.0,14041.0,867.5552660319954,713.3672061199322,985068300.0,1049859034.0,3675.0,0.0,14041.0,865.9937401674688,713.3672061199322,985068300.0,1049859034.0,3675.0,0.0,14041.0,1034.447126573883,98.04361143708229,68.83556400705129,0.0,0.0,0.0,0.0,999.6952018281445,53.34914047643542,33.37619173992425,0.0,0.0016958247870206833,0.016754649579524994,70.91874453425407,713.3672061199322,98.04361143708229,68.83556400705129,0.0,0.004675285890698433,0.0,0.0,713.3672061199322,43.6886438857764,28.78410468902439,0.5549092530637907,0.004675285890698433,0.016754649579524994,80.1029186360538,713.3672061199322,43.6886438857764,28.78410468902439,1.590962765738368,0.004675285890698433,0.016754649579524994,80.1029186360538,713.3672061199322,43.6886438857764,28.78410468902439,0.0,0.004675285890698433,0.04619155079126358,80.1029186360538,0.0,0.0,0.0,0.0,0.0,0.0,0.0,0.0,0.0,0.0,0.0,0.0,0.0,0.0,0.0,0.0,0.0,0.0,0.0,0.0,0.0,0.0,0.0,0.0,975.5801441641524,90068076.0,954.7518691504374,87960080.0,675.4381070556119,90068076.0,674.3886728726992,149494169.0,674.8310948880389,61534089.0,674.3564277393743,61534089.0,225.74615785386413,2724068110.0,202.60585990268737,1111547344.0,204.8129497943446,2724068110.0,192.13053964662163,2099872289.0,192.72417114395648,988324945.0,191.63731242809445,988324945.0,11256544.744,6561678.476,0.011670174287632108,0.44579487635493276,4798029.696,1540662.02,0.011145246300846338,0.4427113612297922,11256544.744,6561678.476,0.009566246969625354,0.3880920385774223,8997465.832,5345114.884,0.009309933145611168,0.3880083684438729,4199436.136,4199436.136,0.009410454820841551,0.3880716906612737,4199436.136,4199436.136,0.00929534414038062,0.387824207786843,14041
PANCANCER_ATLAS,query2,2,1/4,89.50898301415145,47.34149699378759,592968698.0,632752780.0,0.0,0.0,3679.0,86.7290734583512,45.11490394640714,518442157.0,554061736.0,257.0,2.0,3679.0,84.31169533263892,42.143662272021174,505247242.0,632752780.0,430.0,2.0,3679.0,83.47802267960803,42.143662272021174,505247242.0,1001435399.0,430.0,2.0,3679.0,83.66449243016541,42.143662272021174,505247242.0,540425761.0,430.0,2.0,3679.0,83.26692750118673,42.143662272021174,505247242.0,540425761.0,430.0,2.0,3679.0,47.34149699378759,25.45957554038614,16.707910479977727,0.0,0.0,0.0,0.0,45.11490394640714,23.16817229334265,14.97338095959276,0.0,0.0003269519656896591,0.003230266273021698,3.4690590407699347,42.143662272021174,25.45957554038614,16.707910479977727,0.0,0.0005470402538776398,0.0,0.0,42.143662272021174,22.323740336112678,14.62224783282727,0.21326963781908906,0.0005470402538776398,0.003230266273021698,4.171325294300914,42.143662272021174,22.323740336112678,14.62224783282727,0.3997393883764744,0.0005470402538776398,0.003230266273021698,4.171325294300914,42.143662272021174,22.323740336112678,14.62224783282727,0.0,0.0005470402538776398,0.005404725670814514,4.171325294300914,0.0,0.0,0.0,0.0,0.0,0.0,0.0,0.0,0.0,0.0,0.0,0.0,0.0,0.0,0.0,0.0,0.0,0.0,0.0,0.0,0.0,0.0,0.0,0.0,29.99529903475195,8169814.0,29.41167140752077,8064546.0,27.10141879413277,8169814.0,27.061397053447994,15527102.0,27.14389577601105,7462556.0,27.058068491518497,7462556.0,59.5136839793995,624582966.0,57.317402050830424,545997190.0,57.21027653850615,624582966.0,56.416625626160034,985908297.0,56.52059665415436,532963205.0,56.20885900966823,532963205.0,2531011.12,2060606.8,0.01169155053794384,0.0815245748041197,2216246.944,1754637.056,0.011136736096814275,0.08100367831923061,2531011.12,2060606.8,0.010389112617820502,0.0782700189173221,4005741.596,3459378.336,0.010212886038123778,0.07815233732568007,2161703.044,2160624.496,0.010296548140235244,0.07814809358287597,2161703.044,2160624.496,0.01020012511871755,0.07790653694868083,3679
PANCANCER_ATLAS,query2,2,inf,89.50898301415145,47.34149699378759,592968698.0,632752780.0,0.0,0.0,3679.0,86.7290734583512,45.11490394640714,518442157.0,554061736.0,257.0,0.0,3679.0,84.31169533263892,42.143662272021174,505247242.0,632752780.0,430.0,0.0,3679.0,83.52106990813205,42.143662272021174,505247242.0,1094487497.0,430.0,0.0,3679.0,83.66506348643452,42.143662272021174,505247242.0,540425761.0,430.0,0.0,3679.0,83.26692750118673,42.143662272021174,505247242.0,540425761.0,430.0,0.0,3679.0,47.34149699378759,25.45957554038614,16.707910479977727,0.0,0.0,0.0,0.0,45.11490394640714,23.16817229334265,14.97338095959276,0.0,0.0003269519656896591,0.003230266273021698,3.4690590407699347,42.143662272021174,25.45957554038614,16.707910479977727,0.0,0.0005470402538776398,0.0,0.0,42.143662272021174,22.323740336112678,14.62224783282727,0.2563168663431191,0.0005470402538776398,0.003230266273021698,4.171325294300914,42.143662272021174,22.323740336112678,14.62224783282727,0.40031044464558363,0.0005470402538776398,0.003230266273021698,4.171325294300914,42.143662272021174,22.323740336112678,14.62224783282727,0.0,0.0005470402538776398,0.005404725670814514,4.171325294300914,0.0,0.0,0.0,0.0,0.0,0.0,0.0,0.0,0.0,0.0,0.0,0.0,0.0,0.0,0.0,0.0,0.0,0.0,0.0,0.0,0.0,0.0,0.0,0.0,29.99529903475195,8169814.0,29.41167140752077,8064546.0,27.10141879413277,8169814.0,27.061397053447994,15527102.0,27.14389577601105,7462556.0,27.058068491518497,7462556.0,59.5136839793995,624582966.0,57.317402050830424,545997190.0,57.21027653850615,624582966.0,56.45967285468406,1078960395.0,56.52116771042347,532963205.0,56.20885900966823,532963205.0,2531011.12,2060606.8,0.01169155053794384,0.0815245748041197,2216246.944,1754637.056,0.011136736096814275,0.08100367831923061,2531011.12,2060606.8,0.010389112617820502,0.0782700189173221,4377949.988,3831586.728,0.010212886038123778,0.07816094677138487,2161703.044,2161703.044,0.010296548140235244,0.07814820779412979,2161703.044,2161703.044,0.01020012511871755,0.07790653694868083,3679
PANCANCER_ATLAS,query2,4,1/4,190.65182682313025,93.10788529086858,1355919863.0,1450029778.0,0.0,0.0,7658.0,183.96628427878022,87.8496353207156,1161051956.0,1244177170.0,766.0,7.0,7658.0,174.45723843760788,76.91146495658904,1070402300.0,1450029778.0,1440.0,7.0,7658.0,171.48077990608348,76.91146495658904,1070402300.0,2068089345.0,1440.0,7.0,7658.0,171.85991831775755,76.91146495658904,1070402300.0,1149594518.0,1440.0,7.0,7658.0,171.0643426841125,76.91146495658904,1070402300.0,1149594518.0,1440.0,7.0,7658.0,93.10788529086858,58.76083496119827,38.7831065710634,0.0,0.0,0.0,0.0,87.8496353207156,52.7980386139825,34.258205246180296,0.0,0.0009744949638843536,0.009627953171730042,9.049802649766207,76.91146495658904,58.76083496119827,38.7831065710634,0.0,0.0018319487571716309,0.0,0.0,76.91146495658904,48.59310918767005,32.02637609746307,0.42490881523174767,0.0018319487571716309,0.009627953171730042,13.513460947200656,76.91146495658904,48.59310918767005,32.02637609746307,0.8040472269058228,0.0018319487571716309,0.009627953171730042,13.513460947200656,76.91146495658904,48.59310918767005,32.02637609746307,0.0,0.0018319487571716309,0.018099546432495117,13.513460947200656,0.0,0.0,0.0,0.0,0.0,0.0,0.0,0.0,0.0,0.0,0.0,0.0,0.0,0.0,0.0,0.0,0.0,0.0,0.0,0.0,0.0,0.0,0.0,0.0,55.93847458437085,16873666.0,55.352909514680505,16759812.0,47.167892639525235,16873666.0,47.0268491336918,31419092.0,47.17927708895877,14659280.0,47.020666946657,14659280.0,134.7133522387594,1433156112.0,128.61337476409972,1227417358.0,127.28934579808265,1433156112.0,124.45393077239167,2036670253.0,124.68064122879878,1134935238.0,124.04367573745549,1134935238.0,5800119.112,3958402.028,0.009975859390571714,0.08660761663373556,4976708.68,3228553.532,0.009582210104912519,0.085907557144016,5800119.112,3958402.028,0.00847564290650189,0.08002038745116438,8272357.38,6123362.36,0.008371814118931408,0.0795411459585546,4598378.072,4463936.82,0.00845541151612997,0.07955351113034408,4598378.072,4463936.82,0.008360309334471822,0.07930739789195354,7658
PANCANCER_ATLAS,query2,4,inf,190.65182682313025,93.10788529086858,1355919863.0,1450029778.0,0.0,0.0,7658.0,183.96628427878022,87.8496353207156,1161051956.0,1244177170.0,766.0,0.0,7658.0,174.45723843760788,76.91146495658904,1070402300.0,1450029778.0,1440.0,0.0,7658.0,171.63144520591757,76.91146495658904,1070402300.0,2393771688.0,1440.0,0.0,7658.0,171.86191701469943,76.91146495658904,1070402300.0,1149594518.0,1440.0,0.0,7658.0,171.0643426841125,76.91146495658904,1070402300.0,1149594518.0,1440.0,0.0,7658.0,93.10788529086858,58.76083496119827,38.7831065710634,0.0,0.0,0.0,0.0,87.8496353207156,52.7980386139825,34.258205246180296,0.0,0.0009744949638843536,0.009627953171730042,9.049802649766207,76.91146495658904,58.76083496119827,38.7831065710634,0.0,0.0018319487571716309,0.0,0.0,76.91146495658904,48.59310918767005,32.02637609746307,0.575574115065853,0.0018319487571716309,0.009627953171730042,13.513460947200656,76.91146495658904,48.59310918767005,32.02637609746307,0.8060459238477051,0.0018319487571716309,0.009627953171730042,13.513460947200656,76.91146495658904,48.59310918767005,32.02637609746307,0.0,0.0018319487571716309,0.018099546432495117,13.513460947200656,0.0,0.0,0.0,0.0,0.0,0.0,0.0,0.0,0.0,0.0,0.0,0.0,0.0,0.0,0.0,0.0,0.0,0.0,0.0,0.0,0.0,0.0,0.0,0.0,55.93847458437085,16873666.0,55.352909514680505,16759812.0,47.167892639525235,16873666.0,47.0268491336918,31419092.0,47.17927708895877,14659280.0,47.020666946657,14659280.0,134.7133522387594,1433156112.0,128.61337476409972,1227417358.0,127.28934579808265,1433156112.0,124.60459607222577,2362352596.0,124.68263992574066,1134935238.0,124.04367573745549,1134935238.0,5800119.112,3958402.028,0.009975859390571714,0.08660761663373556,4976708.68,3228553.532,0.009582210104912519,0.085907557144016,5800119.112,3958402.028,0.00847564290650189,0.08002038745116438,9575086.752,7426091.732,0.008371814118931408,0.0795411459585546,4598378.072,4598378.072,0.00845541151612997,0.07955351113034408,4598378.072,4598378.072,0.008360309334471822,0.07930739789195354,7658
PANCANCER_ATLAS,query2,8,1/4,358.3415322685614,184.15661300066859,2398724087.0,2564030504.0,0.0,0.0,14716.0,346.41256782319397,174.46567765437067,2091200384.0,2239234422.0,1137.0,9.0,14716.0,311.6303661717102,137.4412970310077,1822712986.0,2564030504.0,3262.0,9.0,14716.0,304.35243666684454,137.4412970310077,1822712986.0,3778755868.0,3262.0,9.0,14716.0,305.0989259351045,137.4412970310077,1822712986.0,1958255887.0,3262.0,9.0,14716.0,303.53695679455996,137.4412970310077,1822712986.0,1958255887.0,3262.0,9.0,14716.0,184.15661300066859,105.43038419354707,68.75453507434577,0.0,0.0,0.0,0.0,174.46567765437067,96.0435110302642,61.621428586542606,0.0,0.0014464762061834335,0.014291100203990936,14.266212975606322,137.4412970310077,105.43038419354707,68.75453507434577,0.0,0.004149872809648514,0.0,0.0,137.4412970310077,83.31689955107868,54.775460309349,0.842189272401998,0.004149872809648514,0.014291100203990936,27.958149529993534,137.4412970310077,83.31689955107868,54.775460309349,1.588678540661931,0.004149872809648514,0.014291100203990936,27.958149529993534,137.4412970310077,83.31689955107868,54.775460309349,0.0,0.004149872809648514,0.041000500321388245,27.958149529993534,0.0,0.0,0.0,0.0,0.0,0.0,0.0,0.0,0.0,0.0,0.0,0.0,0.0,0.0,0.0,0.0,0.0,0.0,0.0,0.0,0.0,0.0,0.0,0.0,115.03457309585065,32126838.0,112.67825485859066,31560108.0,83.92403081152588,32126838.0,83.41380605151036,55581914.0,83.72841983428225,24021806.0,83.40471117384732,24021806.0,243.30695917271078,2531903666.0,233.7343129646033,2207674314.0,227.7063353601843,2531903666.0,220.9386306153342,3723173954.0,221.37050610082224,1934234081.0,220.13224562071264,1934234081.0,10256122.016,5164677.096,0.009197413235902787,0.09084570987429469,8956937.688,4221588.344,0.008831435523927211,0.09030792884677646,10256122.016,5164677.096,0.00708950174972415,0.08175393951106813,15115023.472,9637276.732,0.006842917524915298,0.08039552568403328,7833023.548,7648374.568,0.006923891492187977,0.08037883813083169,7833023.548,7648374.568,0.006833495954051614,0.08012199235744771,14716
PANCANCER_ATLAS,query2,8,inf,358.3415322685614,184.15661300066859,2398724087.0,2564030504.0,0.0,0.0,14716.0,346.41256782319397,174.46567765437067,2091200384.0,2239234422.0,1137.0,0.0,14716.0,311.6303661717102,137.4412970310077,1822712986.0,2564030504.0,3262.0,0.0,14716.0,304.5461491952027,137.4412970310077,1822712986.0,4197490309.0,3262.0,0.0,14716.0,305.1014956883155,137.4412970310077,1822712986.0,1958255887.0,3262.0,0.0,14716.0,303.53695679455996,137.4412970310077,1822712986.0,1958255887.0,3262.0,0.0,14716.0,184.15661300066859,105.43038419354707,68.75453507434577,0.0,0.0,0.0,0.0,174.46567765437067,96.0435110302642,61.621428586542606,0.0,0.0014464762061834335,0.014291100203990936,14.266212975606322,137.4412970310077,105.43038419354707,68.75453507434577,0.0,0.004149872809648514,0.0,0.0,137.4412970310077,83.31689955107868,54.775460309349,1.0359018007601335,0.004149872809648514,0.014291100203990936,27.958149529993534,137.4412970310077,83.31689955107868,54.775460309349,1.5912482938729227,0.004149872809648514,0.014291100203990936,27.958149529993534,137.4412970310077,83.31689955107868,54.775460309349,0.0,0.004149872809648514,0.041000500321388245,27.958149529993534,0.0,0.0,0.0,0.0,0.0,0.0,0.0,0.0,0.0,0.0,0.0,0.0,0.0,0.0,0.0,0.0,0.0,0.0,0.0,0.0,0.0,0.0,0.0,0.0,115.03457309585065,32126838.0,112.67825485859066,31560108.0,83.92403081152588,32126838.0,83.41380605151036,55581914.0,83.72841983428225,24021806.0,83.40471117384732,24021806.0,243.30695917271078,2531903666.0,233.7343129646033,2207674314.0,227.7063353601843,2531903666.0,221.13234314369234,4141908395.0,221.37307585403323,1934234081.0,220.13224562071264,1934234081.0,10256122.016,5164677.096,0.009197413235902787,0.09084570987429469,8956937.688,4221588.344,0.008831435523927211,0.09030792884677646,10256122.016,5164677.096,0.00708950174972415,0.08175393951106813,16789961.236,11312214.496,0.006842917524915298,0.08039552568403328,7833023.548,7833023.548,0.006923891492187977,0.08037883813083169,7833023.548,7833023.548,0.006833495954051614,0.08012199235744771,14716
PANCANCER_ATLAS,query3,2,1/4,93.73055133782327,49.22048640996218,651193289.0,693834291.0,0.0,0.0,3267.0,91.7192799532786,47.61426944099367,582157948.0,620844088.0,189.0,0.0,3267.0,89.24598924070597,44.73546123690903,560724026.0,693834291.0,364.0,0.0,3267.0,88.60001609400868,44.73546123690903,560724026.0,1219433548.0,364.0,0.0,3267.0,88.68342027720064,44.73546123690903,560724026.0,598589460.0,364.0,0.0,3267.0,88.31500435620546,44.73546123690903,560724026.0,598589460.0,364.0,0.0,3267.0,49.22048640996218,26.521505443379283,17.98855948448181,0.0,0.0,0.0,0.0,47.61426944099367,24.457117271609604,16.331841737031937,0.0,0.00024044327437877655,0.002375565469264984,3.3134354948997498,44.73546123690903,26.521505443379283,17.98855948448181,0.0,0.0004630759358406067,0.0,0.0,44.73546123690903,23.406653540208936,15.80926762893796,0.28721133545993816,0.0004630759358406067,0.002375565469264984,4.358583711087704,44.73546123690903,23.406653540208936,15.80926762893796,0.3706155186519027,0.0004630759358406067,0.002375565469264984,4.358583711087704,44.73546123690903,23.406653540208936,15.80926762893796,0.0,0.0004630759358406067,0.004575163125991821,4.358583711087704,0.0,0.0,0.0,0.0,0.0,0.0,0.0,0.0,0.0,0.0,0.0,0.0,0.0,0.0,0.0,0.0,0.0,0.0,0.0,0.0,0.0,0.0,0.0,0.0,33.1439265711233,8415940.0,33.1439265711233,8415940.0,30.94491067621857,8415940.0,30.913180529604467,16368689.0,30.996944332960993,7952749.0,30.9096768386662,7952749.0,60.58662476669997,685418351.0,58.5753533821553,612428148.0,58.3010785644874,685418351.0,57.686835564404205,1203064859.0,57.686475944239646,590636711.0,57.40532751753926,590636711.0,2775337.164,2214949.18,0.014123533412918868,0.0963967197148286,2483376.352,1960193.964,0.013658823684815422,0.09597844420483401,2775337.164,2214949.18,0.012729073930756155,0.09461680527432373,4877734.192,4257556.152,0.012573466926484545,0.09463201530887111,2394357.84,2394357.84,0.01263628005663524,0.0945638496612,2394357.84,2394357.84,0.012550839458603457,0.09429815328384496,3267
PANCANCER_ATLAS,query3,2,inf,93.73055133782327,49.22048640996218,651193289.0,693834291.0,0.0,0.0,3267.0,91.7192799532786,47.61426944099367,582157948.0,620844088.0,189.0,0.0,3267.0,89.24598924070597,44.73546123690903,560724026.0,693834291.0,364.0,0.0,3267.0,88.60001609400868,44.73546123690903,560724026.0,1219433548.0,364.0,0.0,3267.0,88.68342027720064,44.73546123690903,560724026.0,598589460.0,364.0,0.0,3267.0,88.31500435620546,44.73546123690903,560724026.0,598589460.0,364.0,0.0,3267.0,49.22048640996218,26.521505443379283,17.98855948448181,0.0,0.0,0.0,0.0,47.61426944099367,24.457117271609604,16.331841737031937,0.0,0.00024044327437877655,0.002375565469264984,3.3134354948997498,44.73546123690903,26.521505443379283,17.98855948448181,0.0,0.0004630759358406067,0.0,0.0,44.73546123690903,23.406653540208936,15.80926762893796,0.28721133545993816,0.0004630759358406067,0.002375565469264984,4.358583711087704,44.73546123690903,23.406653540208936,15.80926762893796,0.3706155186519027,0.0004630759358406067,0.002375565469264984,4.358583711087704,44.73546123690903,23.406653540208936,15.80926762893796,0.0,0.0004630759358406067,0.004575163125991821,4.358583711087704,0.0,0.0,0.0,0.0,0.0,0.0,0.0,0.0,0.0,0.0,0.0,0.0,0.0,0.0,0.0,0.0,0.0,0.0,0.0,0.0,0.0,0.0,0.0,0.0,33.1439265711233,8415940.0,33.1439265711233,8415940.0,30.94491067621857,8415940.0,30.913180529604467,16368689.0,30.996944332960993,7952749.0,30.9096768386662,7952749.0,60.58662476669997,685418351.0,58.5753533821553,612428148.0,58.3010785644874,685418351.0,57.686835564404205,1203064859.0,57.686475944239646,590636711.0,57.40532751753926,590636711.0,2775337.164,2214949.18,0.014123533412918868,0.0963967197148286,2483376.352,1960193.964,0.013658823684815422,0.09597844420483401,2775337.164,2214949.18,0.012729073930756155,0.09461680527432373,4877734.192,4257556.152,0.012573466926484545,0.09463201530887111,2394357.84,2394357.84,0.01263628005663524,0.0945638496612,2394357.84,2394357.84,0.012550839458603457,0.09429815328384496,3267
PANCANCER_ATLAS,query3,4,1/4,232.47637612745166,104.51944801025093,1761435941.0,1889815298.0,0.0,0.0,6559.0,228.5483537595719,101.53842525742948,1597061396.0,1716142479.0,379.0,0.0,6559.0,217.74408317357302,89.7857810948044,1509122994.0,1889815298.0,1080.0,0.0,6559.0,215.56701086816688,89.7857810948044,1509122994.0,3341023023.0,1080.0,0.0,6559.0,215.56601049518213,89.7857810948044,1509122994.0,1624880544.0,1080.0,0.0,6559.0,214.7819098252803,89.7857810948044,1509122994.0,1624880544.0,1080.0,0.0,6559.0,104.51944801025093,76.59345656260848,51.36347155459225,0.0,0.0,0.0,0.0,101.53842525742948,71.74522821139544,47.46748867724091,0.0,0.00048215873539447784,0.004763700067996979,7.791965754702687,89.7857810948044,76.59345656260848,51.36347155459225,0.0,0.0013739615678787231,0.0,0.0,89.7857810948044,67.58343206811696,45.329195068217814,0.7939120026429548,0.0013739615678787231,0.004763700067996979,12.068552972748876,89.7857810948044,67.58343206811696,45.329195068217814,0.7929116296581924,0.0013739615678787231,0.004763700067996979,12.068552972748876,89.7857810948044,67.58343206811696,45.329195068217814,0.0,0.0013739615678787231,0.013574659824371338,12.068552972748876,0.0,0.0,0.0,0.0,0.0,0.0,0.0,0.0,0.0,0.0,0.0,0.0,0.0,0.0,0.0,0.0,0.0,0.0,0.0,0.0,0.0,0.0,0.0,0.0,71.82047187257558,20072415.0,71.82047187257558,20072415.0,62.666446718387306,20072415.0,62.5227831568682,38244686.0,62.70936967153102,18172271.0,62.51514392718673,18172271.0,160.65590425487608,1869742883.0,156.72788188699633,1696070064.0,155.0776364551857,1869742883.0,153.04422771129867,3302778337.0,152.8566408236511,1606708273.0,152.26676589809358,1606708273.0,7559261.192,5054731.044,0.012221516376361251,0.10642939974386242,6864569.916,4569730.672,0.011751594668254256,0.10569488181956109,7559261.192,5054731.044,0.010426203258335591,0.10361969648841766,13177640.072,10416344.708,0.01017444576768759,0.10308837855991798,6499522.176,6313070.156,0.010243103709071874,0.10303533611167219,6313070.156,6313070.156,0.010161177344620229,0.1027671285377815,6559
PANCANCER_ATLAS,query3,4,inf,232.47637612745166,104.51944801025093,1761435941.0,1889815298.0,0.0,0.0,6559.0,228.5483537595719,101.53842525742948,1597061396.0,1716142479.0,379.0,0.0,6559.0,217.74408317357302,89.7857810948044,1509122994.0,1889815298.0,1080.0,0.0,6559.0,215.56701086816688,89.7857810948044,1509122994.0,3341023023.0,1080.0,0.0,6559.0,215.56601049518213,89.7857810948044,1509122994.0,1624880544.0,1080.0,0.0,6559.0,214.7819098252803,89.7857810948044,1509122994.0,1624880544.0,1080.0,0.0,6559.0,104.51944801025093,76.59345656260848,51.36347155459225,0.0,0.0,0.0,0.0,101.53842525742948,71.74522821139544,47.46748867724091,0.0,0.00048215873539447784,0.004763700067996979,7.791965754702687,89.7857810948044,76.59345656260848,51.36347155459225,0.0,0.0013739615678787231,0.0,0.0,89.7857810948044,67.58343206811696,45.329195068217814,0.7939120026429548,0.0013739615678787231,0.004763700067996979,12.068552972748876,89.7857810948044,67.58343206811696,45.329195068217814,0.7929116296581924,0.0013739615678787231,0.004763700067996979,12.068552972748876,89.7857810948044,67.58343206811696,45.329195068217814,0.0,0.0013739615678787231,0.013574659824371338,12.068552972748876,0.0,0.0,0.0,0.0,0.0,0.0,0.0,0.0,0.0,0.0,0.0,0.0,0.0,0.0,0.0,0.0,0.0,0.0,0.0,0.0,0.0,0.0,0.0,0.0,71.82047187257558,20072415.0,71.82047187257558,20072415.0,62.666446718387306,20072415.0,62.5227831568682,38244686.0,62.70936967153102,18172271.0,62.51514392718673,18172271.0,160.65590425487608,1869742883.0,156.72788188699633,1696070064.0,155.0776364551857,1869742883.0,153.04422771129867,3302778337.0,152.8566408236511,1606708273.0,152.26676589809358,1606708273.0,7559261.192,5054731.044,0.012221516376361251,0.10642939974386242,6864569.916,4569730.672,0.011751594668254256,0.10569488181956109,7559261.192,5054731.044,0.010426203258335591,0.10361969648841766,13364092.092,10602796.728,0.01017444576768759,0.10308837855991798,6499522.176,6499522.176,0.010243103709071874,0.10303533611167219,6499522.176,6499522.176,0.010161177344620229,0.1027671285377815,6559
PANCANCER_ATLAS,query3,8,1/4,449.09186727926135,208.9226274676621,3362747339.0,3601716144.0,0.0,0.0,13086.0,439.2483093533665,201.58672747202218,2919374536.0,3133163127.0,832.0,0.0,13086.0,404.37122086808085,164.19835532456636,2615301101.0,3601716144.0,2850.0,0.0,13086.0,397.5237260139736,164.19835532456636,2615301101.0,5949117186.0,2850.0,0.0,13086.0,397.619558300823,164.19835532456636,2615301101.0,2815954059.0,2850.0,0.0,13086.0,396.0996445398778,164.19835532456636,2615301101.0,2815954059.0,2850.0,0.0,13086.0,208.9226274676621,143.36154738254845,96.8076924290508,0.0,0.0,0.0,0.0,201.58672747202218,130.2776192771271,86.24293822888285,0.0,0.0010584592819213867,0.010457515716552734,21.129508400335908,164.19835532456636,143.36154738254845,96.8076924290508,0.0,0.0036257319152355194,0.0,0.0,164.19835532456636,117.05582318082452,78.80936657451093,1.4494459773602706,0.0036257319152355194,0.010457515716552734,35.99665170907974,164.19835532456636,117.05582318082452,78.80936657451093,1.545278264209628,0.0036257319152355194,0.010457515716552734,35.99665170907974,164.19835532456636,117.05582318082452,78.80936657451093,0.0,0.0036257319152355194,0.03582201898097992,35.99665170907974,0.0,0.0,0.0,0.0,0.0,0.0,0.0,0.0,0.0,0.0,0.0,0.0,0.0,0.0,0.0,0.0,0.0,0.0,0.0,0.0,0.0,0.0,0.0,0.0,142.62179426196963,36756033.0,142.62179426196963,36756033.0,112.80540844704956,36756033.0,112.32312834307527,66612157.0,112.68530584033579,29856124.0,112.31135323550552,29856124.0,306.4700730172917,3564960111.0,296.62651509139687,3096407094.0,291.5658124210313,3564960111.0,285.20059767089833,5882505029.0,284.9342524604872,2786097935.0,283.78829130437225,2786097935.0,14406864.576,7572499.468,0.010962123535573482,0.10939983532559124,12532652.508,6324196.852,0.010693011129274965,0.10869333682525902,14406864.576,7572499.468,0.008831347724422813,0.10614232664629814,22986066.876,15830722.172,0.008566085485957458,0.10509459376687932,11263816.236,10517146.04,0.008657624731771648,0.10503284181151536,10517146.04,10517146.04,0.008551760766655207,0.10477372630666937,13086
PANCANCER_ATLAS,query3,8,inf,449.09186727926135,208.9226274676621,3362747339.0,3601716144.0,0.0,0.0,13086.0,439.2483093533665,201.58672747202218,2919374536.0,3133163127.0,832.0,0.0,13086.0,404.1481264261529,163.97525197733194,2615232132.0,3601716144.0,2857.0,0.0,13086.0,397.2858143695819,163.97525197733194,2615232132.0,5949052478.0,2857.0,0.0,13086.0,397.38164665643126,163.97525197733194,2615232132.0,2815889351.0,2857.0,0.0,13086.0,395.8618208793923,163.97525197733194,2615232132.0,2815889351.0,2857.0,0.0,13086.0,208.9226274676621,143.36154738254845,96.8076924290508,0.0,0.0,0.0,0.0,201.58672747202218,130.2776192771271,86.24293822888285,0.0,0.0010584592819213867,0.010457515716552734,21.129508400335908,163.97525197733194,143.36154738254845,96.8076924290508,0.0,0.0036346372216939926,0.0,0.0,163.97525197733194,117.03675253223628,78.80511312838644,1.4494459773602706,0.0036346372216939926,0.010457515716552734,36.00515860132873,163.97525197733194,117.03675253223628,78.80511312838644,1.545278264209628,0.0036346372216939926,0.010457515716552734,36.00515860132873,163.97525197733194,117.03675253223628,78.80511312838644,0.0,0.0036346372216939926,0.03591000288724899,36.00515860132873,0.0,0.0,0.0,0.0,0.0,0.0,0.0,0.0,0.0,0.0,0.0,0.0,0.0,0.0,0.0,0.0,0.0,0.0,0.0,0.0,0.0,0.0,0.0,0.0,142.62179426196963,36756033.0,142.62179426196963,36756033.0,112.59213684126735,36756033.0,112.10287253137653,66547449.0,112.46505002863705,29791416.0,112.09116026945412,29791416.0,306.4700730172917,3564960111.0,296.62651509139687,3096407094.0,291.55598958488554,3564960111.0,285.18294183820535,5882505029.0,284.9165966277942,2786097935.0,283.7706606099382,2786097935.0,14406864.576,7572499.468,0.010962123535573482,0.10939983532559124,12532652.508,6324196.852,0.010693011129274965,0.10869333682525902,14406864.576,7572499.468,0.008823393594473601,0.10614192335233089,23796209.912,16535636.964,0.008558625523565153,0.10509419047291209,11263557.404,11263557.404,0.008650523137301207,0.10503243851754812,11263557.404,11263557.404,0.00854430340230465,0.10477332301270213,13086
PATENTS,query1,2,1/4,11670.512404622044,8561.999973011669,170704983670.0,172916099831.0,0.0,0.0,1355.0,11081.532920357073,7997.072197934147,156177061221.0,158205318878.0,60.0,0.0,1355.0,9522.361237595323,6413.848543914501,121988976404.0,172916099831.0,206.0,0.0,1355.0,9516.978155373312,6413.848543914501,121988976404.0,281790813930.0,206.0,0.0,1355.0,9444.046521304408,6413.848543914501,121988976404.0,123585495052.0,206.0,0.0,1355.0,9443.79195213248,6413.848543914501,121988976404.0,123585495052.0,206.0,0.0,1355.0,8561.999973011669,1693.8841218429152,1414.6283097674605,0.0,0.0,0.0,0.0,7997.072197934147,1551.1958097426686,1295.99253733363,0.0,7.633119821548462e-05,0.0007541477680206299,237.27154486766085,6413.848543914501,1693.8841218429152,1414.6283097674605,0.0,0.0002620704472064972,0.0,0.0,6413.848543914501,1216.6137612855528,1015.9298239136115,73.18803833373339,0.0002620704472064972,0.0007541477680206299,797.396971707698,6413.848543914501,1216.6137612855528,1015.9298239136115,0.25640426483005285,0.0002620704472064972,0.0007541477680206299,797.396971707698,6413.848543914501,1216.6137612855528,1015.9298239136115,0.0,0.0002620704472064972,0.0025892406702041626,797.396971707698,0.0,0.0,0.0,0.0,0.0,0.0,0.0,0.0,0.0,0.0,0.0,0.0,11606.233659372665,172575763028.0,11017.340678373119,157865022699.0,9458.28828174062,172575763028.0,9452.750183654527,281110275736.0,9379.944281831617,123245253037.0,9379.721368575236,123245253037.0,0.0,0.0,0.0,0.0,0.0,0.0,0.0,0.0,0.0,0.0,0.0,0.0,64.27874524937943,340336803.0,64.19224198395386,340296179.0,64.07295585470274,340336803.0,64.22797171878446,680538194.0,64.10223947279155,340242015.0,64.07058355724439,340242015.0,691664399.324,384869062.672,11.696539421049412,19.10877029164005,632821275.512,333547345.82,11.183503888851497,19.04333391072736,691664399.324,384869062.672,8.220934593098239,18.405696356190507,1127163255.72,821997777.948,8.173533380190396,18.52774460317736,494341980.208,494341980.208,8.093572795979213,18.38958097281945,494341980.208,494341980.208,8.093373902909923,18.38930483510489,1355
PATENTS,query1,2,inf,11670.512404622044,8561.999973011669,170704983670.0,172916099831.0,0.0,0.0,1355.0,11081.532920357073,7997.072197934147,156177061221.0,158205318878.0,60.0,0.0,1355.0,9522.361237595323,6413.848543914501,121988976404.0,172916099831.0,206.0,0.0,1355.0,9516.978155373312,6413.848543914501,121988976404.0,281790813930.0,206.0,0.0,1355.0,9444.046521304408,6413.848543914501,121988976404.0,123585495052.0,206.0,0.0,1355.0,9443.79195213248,6413.848543914501,121988976404.0,123585495052.0,206.0,0.0,1355.0,8561.999973011669,1693.8841218429152,1414.6283097674605,0.0,0.0,0.0,0.0,7997.072197934147,1551.1958097426686,1295.99253733363,0.0,7.633119821548462e-05,0.0007541477680206299,237.27154486766085,6413.848543914501,1693.8841218429152,1414.6283097674605,0.0,0.0002620704472064972,0.0,0.0,6413.848543914501,1216.6137612855528,1015.9298239136115,73.18803833373339,0.0002620704472064972,0.0007541477680206299,797.396971707698,6413.848543914501,1216.6137612855528,1015.9298239136115,0.25640426483005285,0.0002620704472064972,0.0007541477680206299,797.396971707698,6413.848543914501,1216.6137612855528,1015.9298239136115,0.0,0.0002620704472064972,0.0025892406702041626,797.396971707698,0.0,0.0,0.0,0.0,0.0,0.0,0.0,0.0,0.0,0.0,0.0,0.0,11606.233659372665,172575763028.0,11017.340678373119,157865022699.0,9458.28828174062,172575763028.0,9452.750183654527,281110275736.0,9379.944281831617,123245253037.0,9379.721368575236,123245253037.0,0.0,0.0,0.0,0.0,0.0,0.0,0.0,0.0,0.0,0.0,0.0,0.0,64.27874524937943,340336803.0,64.19224198395386,340296179.0,64.07295585470274,340336803.0,64.22797171878446,680538194.0,64.10223947279155,340242015.0,64.07058355724439,340242015.0,691664399.324,384869062.672,11.696539421049412,19.10877029164005,632821275.512,333547345.82,11.183503888851497,19.04333391072736,691664399.324,384869062.672,8.220934593098239,18.405696356190507,1127163255.72,821997777.948,8.173533380190396,18.52774460317736,494341980.208,494341980.208,8.093572795979213,18.38958097281945,494341980.208,494341980.208,8.093373902909923,18.38930483510489,1355
PATENTS,query1,4,1/4,24828.966290462762,18293.326358931605,360560322365.0,365198779070.0,0.0,0.0,2800.0,23411.004343192093,16928.63148205867,327191618644.0,331409902901.0,146.0,0.0,2800.0,17317.507628525607,10781.866751759779,197504818958.0,365198779070.0,743.0,0.0,2800.0,17210.801478213674,10781.866751759779,197504818958.0,531491878850.0,743.0,0.0,2800.0,17058.011613668175,10781.866751759779,197504818958.0,200081975949.0,743.0,0.0,2800.0,17057.49403119902,10781.866751759779,197504818958.0,200081975949.0,743.0,0.0,2800.0,18293.326358931605,3558.98934877594,2976.6505827552173,0.0,0.0,0.0,0.0,16928.63148205867,3233.4869340055156,2704.417259214679,0.0,0.00018573924899101257,0.0018350929021835327,544.4666470810771,10781.866751759779,3558.98934877594,2976.6505827552173,0.0,0.0009452346712350845,0.0,0.0,10781.866751759779,1963.9492571253795,1641.6334272944368,153.31495078494595,0.0009452346712350845,0.0018350929021835327,2670.034310921561,10781.866751759779,1963.9492571253795,1641.6334272944368,0.5250862394459546,0.0009452346712350845,0.0018350929021835327,2670.034310921561,10781.866751759779,1963.9492571253795,1641.6334272944368,0.0,0.0009452346712350845,0.0093388631939888,2670.034310921561,0.0,0.0,0.0,0.0,0.0,0.0,0.0,0.0,0.0,0.0,0.0,0.0,24725.347770211985,364676037561.0,23307.90484253387,330887405136.0,17215.68357516243,364676037561.0,17109.01183335539,530461920421.0,16956.413430781104,199574515285.0,16955.945761897136,199574515285.0,0.0,0.0,0.0,0.0,0.0,0.0,0.0,0.0,0.0,0.0,0.0,0.0,103.61852025077678,522741509.0,103.0995006582234,522497765.0,101.82405336317606,522741509.0,101.78964485828472,1029958429.0,101.59818288707174,507460664.0,101.54826930188574,507460664.0,1460795116.28,485036393.748,11.474236300213262,19.83857766680624,1325639611.604,386749531.228,11.173885487609542,19.8053528106431,1460795116.28,485036393.748,5.979626540199853,18.775707068912215,2125967515.4,1148091554.14,5.862173298132645,18.89051422435804,800327903.796,800327903.796,5.779851624063216,18.749440617837102,800327903.796,800327903.796,5.779652012464591,18.749161374842277,2800
PATENTS,query1,4,inf,24828.966290462762,18293.326358931605,360560322365.0,365198779070.0,0.0,0.0,2800.0,23411.004343192093,16928.63148205867,327191618644.0,331409902901.0,146.0,0.0,2800.0,17317.507628525607,10781.866751759779,197504818958.0,365198779070.0,743.0,0.0,2800.0,17210.801478213674,10781.866751759779,197504818958.0,531491878850.0,743.0,0.0,2800.0,17058.011613668175,10781.866751759779,197504818958.0,200081975949.0,743.0,0.0,2800.0,17057.49403119902,10781.866751759779,197504818958.0,200081975949.0,743.0,0.0,2800.0,18293.326358931605,3558.98934877594,2976.6505827552173,0.0,0.0,0.0,0.0,16928.63148205867,3233.4869340055156,2704.417259214679,0.0,0.00018573924899101257,0.0018350929021835327,544.4666470810771,10781.866751759779,3558.98934877594,2976.6505827552173,0.0,0.0009452346712350845,0.0,0.0,10781.866751759779,1963.9492571253795,1641.6334272944368,153.31495078494595,0.0009452346712350845,0.0018350929021835327,2670.034310921561,10781.866751759779,1963.9492571253795,1641.6334272944368,0.5250862394459546,0.0009452346712350845,0.0018350929021835327,2670.034310921561,10781.866751759779,1963.9492571253795,1641.6334272944368,0.0,0.0009452346712350845,0.0093388631939888,2670.034310921561,0.0,0.0,0.0,0.0,0.0,0.0,0.0,0.0,0.0,0.0,0.0,0.0,24725.347770211985,364676037561.0,23307.90484253387,330887405136.0,17215.68357516243,364676037561.0,17109.01183335539,530461920421.0,16956.413430781104,199574515285.0,16955.945761897136,199574515285.0,0.0,0.0,0.0,0.0,0.0,0.0,0.0,0.0,0.0,0.0,0.0,0.0,103.61852025077678,522741509.0,103.0995006582234,522497765.0,101.82405336317606,522741509.0,101.78964485828472,1029958429.0,101.59818288707174,507460664.0,101.54826930188574,507460664.0,1460795116.28,485036393.748,11.474236300213262,19.83857766680624,1325639611.604,386749531.228,11.173885487609542,19.8053528106431,1460795116.28,485036393.748,5.979626540199853,18.775707068912215,2125967515.4,1148091554.14,5.862173298132645,18.89051422435804,800327903.796,800327903.796,5.779851624063216,18.749440617837102,800327903.796,800327903.796,5.779652012464591,18.749161374842277,2800
PATENTS,query1,8,1/4,47984.979032771895,35330.90164720244,695005417334.0,704012431501.0,0.0,0.0,5490.0,45489.091001211666,32935.06629820145,633825621107.0,642062305602.0,253.0,0.0,5490.0,28800.990953653352,16146.91094483505,283820196638.0,704012431501.0,2062.0,0.0,5490.0,28435.06153282377,16146.91094483505,283820196638.0,929685857273.0,2062.0,0.0,5490.0,28139.074526080396,16146.91094483505,283820196638.0,287623551671.0,2062.0,0.0,5490.0,28138.05708464142,16146.91094483505,283820196638.0,287623551671.0,2062.0,0.0,5490.0,35330.90164720244,6894.1843322175555,5759.8930533519015,0.0,0.0,0.0,0.0,32935.06629820145,6294.599345367402,5260.364250913961,0.0,0.00032186321914196014,0.003179989755153656,999.0576048758812,16146.91094483505,6894.1843322175555,5759.8930533519015,0.0,0.0026232488453388214,0.0,0.0,16146.91094483505,2862.0194328676444,2390.6879405588843,297.02718573755243,0.0026232488453388214,0.003179989755153656,6738.410225586034,16146.91094483505,2862.0194328676444,2390.6879405588843,1.0401789941824973,0.0026232488453388214,0.003179989755153656,6738.410225586034,16146.91094483505,2862.0194328676444,2390.6879405588843,0.0,0.0026232488453388214,0.025917544960975647,6738.410225586034,0.0,0.0,0.0,0.0,0.0,0.0,0.0,0.0,0.0,0.0,0.0,0.0,47733.01862919284,702802845074.0,45237.649617225165,640852962919.0,28556.515462945215,702802845074.0,28191.140853886714,927327902587.0,27895.596239792416,286474939668.0,27894.693816120503,286474939668.0,0.0,0.0,0.0,0.0,0.0,0.0,0.0,0.0,0.0,0.0,0.0,0.0,251.9604035790544,1209586427.0,251.44138398650102,1209342683.0,244.47549070813693,1209586427.0,243.92067893705345,2357954686.0,243.47828628798015,1148612003.0,243.36326852091588,1148612003.0,2816049726.004,539600052.652,10.938349454371725,20.10800506668831,2568249222.408,409868353.696,10.711702134134713,20.06472150680623,2816049726.004,539600052.652,5.170833237946964,17.92275249439953,3718743429.092,1510152195.932,5.046311525797944,18.012869920093866,1150494206.684,1150494206.684,4.968993175699375,17.87206142061697,1150494206.684,1150494206.684,4.968792623094283,17.871783029473477,5490
PATENTS,query1,8,inf,47984.979032771895,35330.90164720244,695005417334.0,704012431501.0,0.0,0.0,5490.0,45489.091001211666,32935.06629820145,633825621107.0,642062305602.0,253.0,0.0,5490.0,28800.990953653352,16146.91094483505,283820196638.0,704012431501.0,2062.0,0.0,5490.0,28435.06153282377,16146.91094483505,283820196638.0,929685857273.0,2062.0,0.0,5490.0,28139.074526080396,16146.91094483505,283820196638.0,287623551671.0,2062.0,0.0,5490.0,28138.05708464142,16146.91094483505,283820196638.0,287623551671.0,2062.0,0.0,5490.0,35330.90164720244,6894.1843322175555,5759.8930533519015,0.0,0.0,0.0,0.0,32935.06629820145,6294.599345367402,5260.364250913961,0.0,0.00032186321914196014,0.003179989755153656,999.0576048758812,16146.91094483505,6894.1843322175555,5759.8930533519015,0.0,0.0026232488453388214,0.0,0.0,16146.91094483505,2862.0194328676444,2390.6879405588843,297.02718573755243,0.0026232488453388214,0.003179989755153656,6738.410225586034,16146.91094483505,2862.0194328676444,2390.6879405588843,1.0401789941824973,0.0026232488453388214,0.003179989755153656,6738.410225586034,16146.91094483505,2862.0194328676444,2390.6879405588843,0.0,0.0026232488453388214,0.025917544960975647,6738.410225586034,0.0,0.0,0.0,0.0,0.0,0.0,0.0,0.0,0.0,0.0,0.0,0.0,47733.01862919284,702802845074.0,45237.649617225165,640852962919.0,28556.515462945215,702802845074.0,28191.140853886714,927327902587.0,27895.596239792416,286474939668.0,27894.693816120503,286474939668.0,0.0,0.0,0.0,0.0,0.0,0.0,0.0,0.0,0.0,0.0,0.0,0.0,251.9604035790544,1209586427.0,251.44138398650102,1209342683.0,244.47549070813693,1209586427.0,243.92067893705345,2357954686.0,243.47828628798015,1148612003.0,243.36326852091588,1148612003.0,2816049726.004,539600052.652,10.938349454371725,20.10800506668831,2568249222.408,409868353.696,10.711702134134713,20.06472150680623,2816049726.004,539600052.652,5.170833237946964,17.92275249439953,3718743429.092,1510152195.932,5.046311525797944,18.012869920093866,1150494206.684,1150494206.684,4.968993175699375,17.87206142061697,1150494206.684,1150494206.684,4.968792623094283,17.871783029473477,5490
PATENTS,query2,2,1/4,15269.305629612878,13996.086455177516,54855033829.0,55896063188.0,0.0,0.0,2455.0,12971.750175597845,11735.318233191734,41852550049.0,42659533726.0,220.0,0.0,2455.0,12972.985739581985,11699.766245827777,41492934253.0,55896063188.0,251.0,0.0,2455.0,12954.875607224036,11699.766245827777,41492934253.0,84953280268.0,251.0,0.0,2455.0,12935.489613489015,11699.766245827777,41492934253.0,42293746542.0,251.0,0.0,2455.0,12935.141087751603,11699.766245827777,41492934253.0,42293746542.0,251.0,0.0,2455.0,13996.086455177516,716.5243029175326,556.6948715178296,0.0,0.0,0.0,0.0,11735.318233191734,551.235301574925,428.19614729401655,0.0,0.0002798810601234436,0.0027652084827423096,256.9974484476261,11699.766245827777,716.5243029175326,556.6948715178296,0.0,0.00031931884586811066,0.0,0.0,11699.766245827777,546.6617380317766,424.68011331395246,19.734909115447245,0.00031931884586811066,0.0027652084827423096,264.0295164077543,11699.766245827777,546.6617380317766,424.68011331395246,0.3489153804257512,0.00031931884586811066,0.0027652084827423096,264.0295164077543,11699.766245827777,546.6617380317766,424.68011331395246,0.0,0.00031931884586811066,0.003154851496219635,264.0295164077543,0.0,0.0,0.0,0.0,0.0,0.0,0.0,0.0,0.0,0.0,0.0,0.0,15122.91847553663,54761034327.0,12828.576332248515,41658229634.0,12829.02591239172,54761034327.0,12811.947630023406,82950672084.0,12793.005723466398,41292442450.0,12792.676026454894,41292442450.0,0.0,0.0,0.0,0.0,0.0,0.0,0.0,0.0,0.0,0.0,0.0,0.0,146.3871540762484,1135028861.0,143.17384334933013,1001304092.0,143.95982719026506,1135028861.0,142.9279772006315,2002608184.0,142.48389002261683,1001304092.0,142.46506129670888,1001304092.0,223584252.752,178315188.556,7.232424712262117,14.521753148349699,170638134.904,135673121.892,5.992789361972362,14.330105140649852,223584252.752,178315188.556,6.044687060603872,14.317128633298303,339813121.072,302066823.548,6.002054469165975,14.358604328084644,169174986.168,169174986.168,5.992804858417251,14.316545534096145,169174986.168,169174986.168,5.992662665406242,14.316301074962643,2455
PATENTS,query2,2,inf,15269.305629612878,13996.086455177516,54855033829.0,55896063188.0,0.0,0.0,2455.0,12971.750175597845,11735.318233191734,41852550049.0,42659533726.0,220.0,0.0,2455.0,12972.985739581985,11699.766245827777,41492934253.0,55896063188.0,251.0,0.0,2455.0,12954.875607224036,11699.766245827777,41492934253.0,84953280268.0,251.0,0.0,2455.0,12935.489613489015,11699.766245827777,41492934253.0,42293746542.0,251.0,0.0,2455.0,12935.141087751603,11699.766245827777,41492934253.0,42293746542.0,251.0,0.0,2455.0,13996.086455177516,716.5243029175326,556.6948715178296,0.0,0.0,0.0,0.0,11735.318233191734,551.235301574925,428.19614729401655,0.0,0.0002798810601234436,0.0027652084827423096,256.9974484476261,11699.766245827777,716.5243029175326,556.6948715178296,0.0,0.00031931884586811066,0.0,0.0,11699.766245827777,546.6617380317766,424.68011331395246,19.734909115447245,0.00031931884586811066,0.0027652084827423096,264.0295164077543,11699.766245827777,546.6617380317766,424.68011331395246,0.3489153804257512,0.00031931884586811066,0.0027652084827423096,264.0295164077543,11699.766245827777,546.6617380317766,424.68011331395246,0.0,0.00031931884586811066,0.003154851496219635,264.0295164077543,0.0,0.0,0.0,0.0,0.0,0.0,0.0,0.0,0.0,0.0,0.0,0.0,15122.91847553663,54761034327.0,12828.576332248515,41658229634.0,12829.02591239172,54761034327.0,12811.947630023406,82950672084.0,12793.005723466398,41292442450.0,12792.676026454894,41292442450.0,0.0,0.0,0.0,0.0,0.0,0.0,0.0,0.0,0.0,0.0,0.0,0.0,146.3871540762484,1135028861.0,143.17384334933013,1001304092.0,143.95982719026506,1135028861.0,142.9279772006315,2002608184.0,142.48389002261683,1001304092.0,142.46506129670888,1001304092.0,223584252.752,178315188.556,7.232424712262117,14.521753148349699,170638134.904,135673121.892,5.992789361972362,14.330105140649852,223584252.752,178315188.556,6.044687060603872,14.317128633298303,339813121.072,302066823.548,6.002054469165975,14.358604328084644,169174986.168,169174986.168,5.992804858417251,14.316545534096145,169174986.168,169174986.168,5.992662665406242,14.316301074962643,2455
PATENTS,query2,4,1/4,32505.39564470132,30174.823930490995,103387751678.0,105253820784.0,0.0,0.0,5291.0,27224.52969661588,24958.57526485948,79654704378.0,81110678120.0,509.0,0.0,5291.0,26864.199746641796,24533.627187699545,72413726901.0,105253820784.0,664.0,0.0,5291.0,26816.896423991515,24533.627187699545,72413726901.0,154856626586.0,664.0,0.0,5291.0,26780.103847693652,24533.627187699545,72413726901.0,73745948466.0,664.0,0.0,5291.0,26779.37541494053,24533.627187699545,72413726901.0,73745948466.0,664.0,0.0,5291.0,30174.823930490995,1310.3101688872557,1020.2615453230683,0.0,0.0,0.0,0.0,24958.57526485948,1017.8217660472728,792.3974701669067,0.0,0.0006475429981946945,0.0063976868987083435,455.7281503123231,24533.627187699545,1310.3101688872557,1020.2615453230683,0.0,0.0008447319269180298,0.0,0.0,24533.627187699545,928.7454083575867,723.5294623966329,37.52295726605419,0.0008447319269180298,0.0063976868987083435,593.4641658528708,24533.627187699545,928.7454083575867,723.5294623966329,0.7303809681907296,0.0008447319269180298,0.0063976868987083435,593.4641658528708,24533.627187699545,928.7454083575867,723.5294623966329,0.0,0.0008447319269180298,0.00834590196609497,593.4641658528708,0.0,0.0,0.0,0.0,0.0,0.0,0.0,0.0,0.0,0.0,0.0,0.0,32295.458969159517,103857121332.0,27015.785525138257,79758553591.0,26657.50874133571,103857121332.0,26610.11103731263,152152377528.0,26573.9037136517,72393823937.0,26573.214459420415,72393823937.0,0.0,0.0,0.0,0.0,0.0,0.0,0.0,0.0,0.0,0.0,0.0,0.0,209.93667554180138,1396699452.0,208.74417147762142,1352124529.0,206.69100530608557,1396699452.0,206.78538667888535,2704249058.0,206.20013404195197,1352124529.0,206.16095552011393,1352124529.0,421015283.136,269735810.736,6.904252723244484,15.288294790341798,324442712.48,191399690.396,5.541263319213875,15.098327682673697,421015283.136,269735810.736,5.4928616084754465,14.935229521146926,619426506.344,473514158.668,5.432926630352199,14.980131840336522,294983793.864,294983793.864,5.424396398696117,14.935473933230105,294983793.864,294983793.864,5.424259646850638,14.935229521146926,5291
PATENTS,query2,4,inf,32505.39564470132,30174.823930490995,103387751678.0,105253820784.0,0.0,0.0,5291.0,27224.52969661588,24958.57526485948,79654704378.0,81110678120.0,509.0,0.0,5291.0,26864.199746641796,24533.627187699545,72413726901.0,105253820784.0,664.0,0.0,5291.0,26816.896423991515,24533.627187699545,72413726901.0,154856626586.0,664.0,0.0,5291.0,26780.103847693652,24533.627187699545,72413726901.0,73745948466.0,664.0,0.0,5291.0,26779.37541494053,24533.627187699545,72413726901.0,73745948466.0,664.0,0.0,5291.0,30174.823930490995,1310.3101688872557,1020.2615453230683,0.0,0.0,0.0,0.0,24958.57526485948,1017.8217660472728,792.3974701669067,0.0,0.0006475429981946945,0.0063976868987083435,455.7281503123231,24533.627187699545,1310.3101688872557,1020.2615453230683,0.0,0.0008447319269180298,0.0,0.0,24533.627187699545,928.7454083575867,723.5294623966329,37.52295726605419,0.0008447319269180298,0.0063976868987083435,593.4641658528708,24533.627187699545,928.7454083575867,723.5294623966329,0.7303809681907296,0.0008447319269180298,0.0063976868987083435,593.4641658528708,24533.627187699545,928.7454083575867,723.5294623966329,0.0,0.0008447319269180298,0.00834590196609497,593.4641658528708,0.0,0.0,0.0,0.0,0.0,0.0,0.0,0.0,0.0,0.0,0.0,0.0,32295.458969159517,103857121332.0,27015.785525138257,79758553591.0,26657.50874133571,103857121332.0,26610.11103731263,152152377528.0,26573.9037136517,72393823937.0,26573.214459420415,72393823937.0,0.0,0.0,0.0,0.0,0.0,0.0,0.0,0.0,0.0,0.0,0.0,0.0,209.93667554180138,1396699452.0,208.74417147762142,1352124529.0,206.69100530608557,1396699452.0,206.78538667888535,2704249058.0,206.20013404195197,1352124529.0,206.16095552011393,1352124529.0,421015283.136,269735810.736,6.904252723244484,15.288294790341798,324442712.48,191399690.396,5.541263319213875,15.098327682673697,421015283.136,269735810.736,5.4928616084754465,14.935229521146926,619426506.344,473514158.668,5.432926630352199,14.980131840336522,294983793.864,294983793.864,5.424396398696117,14.935473933230105,294983793.864,294983793.864,5.424259646850638,14.935229521146926,5291
PATENTS,query2,8,1/4,62875.20244820742,57823.60870245937,220290616380.0,224390697639.0,0.0,0.0,10117.0,52177.95963534759,47293.01260156231,161079565258.0,164109579259.0,1011.0,0.0,10117.0,50709.68487248896,45658.08908742573,138360510261.0,224390697639.0,1603.0,0.0,10117.0,50552.22960938949,45658.08908742573,138360510261.0,305078315471.0,1603.0,0.0,10117.0,50477.72496784781,45658.08908742573,138360510261.0,140968736212.0,1603.0,0.0,10117.0,50476.31761686574,45658.08908742573,138360510261.0,140968736212.0,1603.0,0.0,10117.0,57823.60870245937,2840.06392941135,2211.529816336697,0.0,0.0,0.0,0.0,47293.01260156231,2089.188598366687,1627.3151908253785,0.0,0.0012861806899309158,0.012707389891147614,1168.429251022637,45658.08908742573,2840.06392941135,2211.529816336697,0.0,0.002039315178990364,0.0,0.0,45658.08908742573,1795.5275250356644,1400.3808158987667,75.91943344839576,0.002039315178990364,0.012707389891147614,1622.2980008758605,45658.08908742573,1795.5275250356644,1400.3808158987667,1.4147919067181647,0.002039315178990364,0.012707389891147614,1622.2980008758605,45658.08908742573,1795.5275250356644,1400.3808158987667,0.0,0.002039315178990364,0.02014831453561783,1622.2980008758605,0.0,0.0,0.0,0.0,0.0,0.0,0.0,0.0,0.0,0.0,0.0,0.0,62322.13216341147,220154111290.0,51640.4918030533,160497041832.0,50178.248779405374,220154111290.0,50030.65230377373,298243760919.0,49957.73949678056,137746719087.0,49956.408141524065,137746719087.0,0.0,0.0,0.0,0.0,0.0,0.0,0.0,0.0,0.0,0.0,0.0,0.0,553.0702847959474,4236586349.0,537.4678322942927,3612537427.0,531.4360930835828,4236586349.0,521.5773056157566,6834554552.0,519.9854710672516,3222017125.0,519.9094753416721,3222017125.0,897562790.556,400532987.272,7.24684349572286,16.03125090626096,656438317.036,263297982.856,5.398008755697403,15.658892851078042,897562790.556,400532987.272,5.249506028475706,15.089155577579882,1217431986.676,789672090.652,5.125723077553831,15.132925381729265,563874944.848,560993669.64,5.118643510758877,15.089389767755845,560993669.64,560993669.64,5.118514434027485,15.089155577579882,10117
PATENTS,query2,8,inf,62875.20244820742,57823.60870245937,220290616380.0,224390697639.0,0.0,0.0,10117.0,52177.95963534759,47293.01260156231,161079565258.0,164109579259.0,1011.0,0.0,10117.0,50709.68487248896,45658.08908742573,138360510261.0,224390697639.0,1603.0,0.0,10117.0,50552.22960938949,45658.08908742573,138360510261.0,305078315471.0,1603.0,0.0,10117.0,50477.72496784781,45658.08908742573,138360510261.0,140968736212.0,1603.0,0.0,10117.0,50476.31761686574,45658.08908742573,138360510261.0,140968736212.0,1603.0,0.0,10117.0,57823.60870245937,2840.06392941135,2211.529816336697,0.0,0.0,0.0,0.0,47293.01260156231,2089.188598366687,1627.3151908253785,0.0,0.0012861806899309158,0.012707389891147614,1168.429251022637,45658.08908742573,2840.06392941135,2211.529816336697,0.0,0.002039315178990364,0.0,0.0,45658.08908742573,1795.5275250356644,1400.3808158987667,75.91943344839576,0.002039315178990364,0.012707389891147614,1622.2980008758605,45658.08908742573,1795.5275250356644,1400.3808158987667,1.4147919067181647,0.002039315178990364,0.012707389891147614,1622.2980008758605,45658.08908742573,1795.5275250356644,1400.3808158987667,0.0,0.002039315178990364,0.02014831453561783,1622.2980008758605,0.0,0.0,0.0,0.0,0.0,0.0,0.0,0.0,0.0,0.0,0.0,0.0,62322.13216341147,220154111290.0,51640.4918030533,160497041832.0,50178.248779405374,220154111290.0,50030.65230377373,298243760919.0,49957.73949678056,137746719087.0,49956.408141524065,137746719087.0,0.0,0.0,0.0,0.0,0.0,0.0,0.0,0.0,0.0,0.0,0.0,0.0,553.0702847959474,4236586349.0,537.4678322942927,3612537427.0,531.4360930835828,4236586349.0,521.5773056157566,6834554552.0,519.9854710672516,3222017125.0,519.9094753416721,3222017125.0,897562790.556,400532987.272,7.24684349572286,16.03125090626096,656438317.036,263297982.856,5.398008755697403,15.658892851078042,897562790.556,400532987.272,5.249506028475706,15.089155577579882,1220313261.884,791230982.704,5.125723077553831,15.132925381729265,563874944.848,563874944.848,5.118643510758877,15.089389767755845,563874944.848,563874944.848,5.118514434027485,15.089155577579882,10117
PATENTS,query3,2,1/4,26562.969404760282,23492.027020074893,211683985059.0,213428283642.0,0.0,0.0,3008.0,25105.980436709244,22055.204024944454,191468574976.0,193047763877.0,159.0,0.0,3008.0,24002.122114387807,20931.179341685493,181482458370.0,213428283642.0,305.0,0.0,3008.0,24060.627799089103,20931.179341685493,181482458370.0,376021721929.0,305.0,0.0,3008.0,23971.83053063834,20931.179341685493,181482458370.0,182973958052.0,305.0,0.0,3008.0,23971.322983539198,20931.179341685493,181482458370.0,182973958052.0,305.0,0.0,3008.0,23492.027020074893,1642.5456540652085,1428.3967306201812,0.0,0.0,0.0,0.0,22055.204024944454,1486.6046027902048,1292.6238530350383,0.0,0.00020227767527103424,0.001998491585254669,271.5457551702857,20931.179341685493,1642.5456540652085,1428.3967306201812,0.0,0.0003880169242620468,0.0,0.0,20931.179341685493,1406.8479643689934,1223.5020053570624,89.30665064280676,0.0003880169242620468,0.001998491585254669,409.7894505262375,20931.179341685493,1406.8479643689934,1223.5020053570624,0.5093821920454502,0.0003880169242620468,0.001998491585254669,409.7894505262375,20931.179341685493,1406.8479643689934,1223.5020053570624,0.0,0.0003880169242620468,0.003833584487438202,409.7894505262375,0.0,0.0,0.0,0.0,0.0,0.0,0.0,0.0,0.0,0.0,0.0,0.0,26406.67337773717,211888955917.0,24949.68440968613,191508436152.0,23846.41047362401,211888955917.0,23904.685389033675,372982293707.0,23816.58567362209,181473857555.0,23816.09266331955,181473857555.0,0.0,0.0,0.0,0.0,0.0,0.0,0.0,0.0,0.0,0.0,0.0,0.0,156.2960270231124,1539327725.0,156.2960270231124,1539327725.0,155.711640763795,1539327725.0,155.94241005542804,3039428222.0,155.24485701625235,1500100497.0,155.230320219649,1500100497.0,853713134.568,626909725.448,10.215459114500321,21.914374989663294,772191055.508,549153400.516,9.585071015221532,21.727396969106742,853713134.568,626909725.448,8.371711349716875,21.541117030237842,1504086887.716,1252169554.64,8.375293219438046,21.690902271178977,731895832.208,731895832.208,8.334626596582122,21.540722408087312,731895832.208,731895832.208,8.334440859588794,21.540482063072773,3008
PATENTS,query3,2,inf,26562.969404760282,23492.027020074893,211683985059.0,213428283642.0,0.0,0.0,3008.0,25105.980436709244,22055.204024944454,191468574976.0,193047763877.0,159.0,0.0,3008.0,24002.122114387807,20931.179341685493,181482458370.0,213428283642.0,305.0,0.0,3008.0,24060.627799089103,20931.179341685493,181482458370.0,376021721929.0,305.0,0.0,3008.0,23971.83053063834,20931.179341685493,181482458370.0,182973958052.0,305.0,0.0,3008.0,23971.322983539198,20931.179341685493,181482458370.0,182973958052.0,305.0,0.0,3008.0,23492.027020074893,1642.5456540652085,1428.3967306201812,0.0,0.0,0.0,0.0,22055.204024944454,1486.6046027902048,1292.6238530350383,0.0,0.00020227767527103424,0.001998491585254669,271.5457551702857,20931.179341685493,1642.5456540652085,1428.3967306201812,0.0,0.0003880169242620468,0.0,0.0,20931.179341685493,1406.8479643689934,1223.5020053570624,89.30665064280676,0.0003880169242620468,0.001998491585254669,409.7894505262375,20931.179341685493,1406.8479643689934,1223.5020053570624,0.5093821920454502,0.0003880169242620468,0.001998491585254669,409.7894505262375,20931.179341685493,1406.8479643689934,1223.5020053570624,0.0,0.0003880169242620468,0.003833584487438202,409.7894505262375,0.0,0.0,0.0,0.0,0.0,0.0,0.0,0.0,0.0,0.0,0.0,0.0,26406.67337773717,211888955917.0,24949.68440968613,191508436152.0,23846.41047362401,211888955917.0,23904.685389033675,372982293707.0,23816.58567362209,181473857555.0,23816.09266331955,181473857555.0,0.0,0.0,0.0,0.0,0.0,0.0,0.0,0.0,0.0,0.0,0.0,0.0,156.2960270231124,1539327725.0,156.2960270231124,1539327725.0,155.711640763795,1539327725.0,155.94241005542804,3039428222.0,155.24485701625235,1500100497.0,155.230320219649,1500100497.0,853713134.568,626909725.448,10.215459114500321,21.914374989663294,772191055.508,549153400.516,9.585071015221532,21.727396969106742,853713134.568,626909725.448,8.371711349716875,21.541117030237842,1504086887.716,1252169554.64,8.375293219438046,21.690902271178977,731895832.208,731895832.208,8.334626596582122,21.540722408087312,731895832.208,731895832.208,8.334440859588794,21.540482063072773,3008
PATENTS,query3,4,1/4,53556.04394299025,47070.1875808849,450064673239.0,453723771748.0,0.0,0.0,5958.0,49867.579273903044,43436.95528793777,392513056945.0,395706368329.0,373.0,0.0,5958.0,45072.5012148181,38586.643561443314,337920327748.0,453723771748.0,1015.0,0.0,5958.0,45141.41424906968,38586.643561443314,337920327748.0,736337410492.0,1015.0,0.0,5958.0,44959.35190001922,38586.643561443314,337920327748.0,340631042163.0,1015.0,0.0,5958.0,44958.36290515447,38586.643561443314,337920327748.0,340631042163.0,1015.0,0.0,5958.0,47070.1875808849,3465.874809466768,3019.981552638579,0.0,0.0,0.0,0.0,43436.95528793777,3024.1628721198067,2633.5071542426012,0.0,0.0004745256155729294,0.004688285291194916,772.9487967919558,38586.643561443314,3465.874809466768,3019.981552638579,0.0,0.0012912694364786148,0.0,0.0,38586.643561443314,2585.5144686968997,2253.772279198747,183.0594132963287,0.0012912694364786148,0.004688285291194916,1532.418546879664,38586.643561443314,2585.5144686968997,2253.772279198747,0.997064245864749,0.0012912694364786148,0.004688285291194916,1532.418546879664,38586.643561443314,2585.5144686968997,2253.772279198747,0.0,0.0012912694364786148,0.012757666409015656,1532.418546879664,0.0,0.0,0.0,0.0,0.0,0.0,0.0,0.0,0.0,0.0,0.0,0.0,53221.94840850192,450412175872.0,49533.48373941472,392394772453.0,44746.55597543833,450412175872.0,44821.069288644765,730302627160.0,44640.50895065372,337907854707.0,44639.54963458399,337907854707.0,0.0,0.0,0.0,0.0,0.0,0.0,0.0,0.0,0.0,0.0,0.0,0.0,334.09553448832594,3311595876.0,334.09553448832594,3311595876.0,325.9452393797692,3311595876.0,320.34496042491367,6034783332.0,318.8429493654985,2723187456.0,318.81327057047747,2723187456.0,1814895086.992,869148706.636,10.396643732765689,22.998668844592288,1582825473.316,660132672.364,9.343356725082733,22.692555985110715,1814895086.992,869148706.636,6.776704580466263,22.438090565560383,2945349641.968,1957602648.316,6.745099977775099,22.608652814696182,1362524168.652,1362524168.652,6.717895295668859,22.438335948439217,1362524168.652,1362524168.652,6.71772374165291,22.438090565560383,5958
PATENTS,query3,4,inf,53556.04394299025,47070.1875808849,450064673239.0,453723771748.0,0.0,0.0,5958.0,49867.579273903044,43436.95528793777,392513056945.0,395706368329.0,373.0,0.0,5958.0,45072.5012148181,38586.643561443314,337920327748.0,453723771748.0,1015.0,0.0,5958.0,45141.41424906968,38586.643561443314,337920327748.0,736337410492.0,1015.0,0.0,5958.0,44959.35190001922,38586.643561443314,337920327748.0,340631042163.0,1015.0,0.0,5958.0,44958.36290515447,38586.643561443314,337920327748.0,340631042163.0,1015.0,0.0,5958.0,47070.1875808849,3465.874809466768,3019.981552638579,0.0,0.0,0.0,0.0,43436.95528793777,3024.1628721198067,2633.5071542426012,0.0,0.0004745256155729294,0.004688285291194916,772.9487967919558,38586.643561443314,3465.874809466768,3019.981552638579,0.0,0.0012912694364786148,0.0,0.0,38586.643561443314,2585.5144686968997,2253.772279198747,183.0594132963287,0.0012912694364786148,0.004688285291194916,1532.418546879664,38586.643561443314,2585.5144686968997,2253.772279198747,0.997064245864749,0.0012912694364786148,0.004688285291194916,1532.418546879664,38586.643561443314,2585.5144686968997,2253.772279198747,0.0,0.0012912694364786148,0.012757666409015656,1532.418546879664,0.0,0.0,0.0,0.0,0.0,0.0,0.0,0.0,0.0,0.0,0.0,0.0,53221.94840850192,450412175872.0,49533.48373941472,392394772453.0,44746.55597543833,450412175872.0,44821.069288644765,730302627160.0,44640.50895065372,337907854707.0,44639.54963458399,337907854707.0,0.0,0.0,0.0,0.0,0.0,0.0,0.0,0.0,0.0,0.0,0.0,0.0,334.09553448832594,3311595876.0,334.09553448832594,3311595876.0,325.9452393797692,3311595876.0,320.34496042491367,6034783332.0,318.8429493654985,2723187456.0,318.81327057047747,2723187456.0,1814895086.992,869148706.636,10.396643732765689,22.998668844592288,1582825473.316,660132672.364,9.343356725082733,22.692555985110715,1814895086.992,869148706.636,6.776704580466263,22.438090565560383,2945349641.968,1957602648.316,6.745099977775099,22.608652814696182,1362524168.652,1362524168.652,6.717895295668859,22.438335948439217,1362524168.652,1362524168.652,6.71772374165291,22.438090565560383,5958
PATENTS,query3,8,1/4,106080.4501510358,93314.04156260844,876015508443.0,883312086987.0,0.0,0.0,11909.0,99351.87526777526,86675.55770385661,781592156244.0,788142653288.0,685.0,0.0,11909.0,82865.08311359957,70098.67092488403,583885306912.0,883312086987.0,2830.0,0.0,11909.0,82919.99925901082,70098.67092488403,583885306912.0,1376777960675.0,2830.0,0.0,11909.0,82557.42418127507,70098.67092488403,583885306912.0,588635307387.0,2830.0,0.0,11909.0,82555.42018043669,70098.67092488403,583885306912.0,588635307387.0,2830.0,0.0,11909.0,93314.04156260844,6830.33457971015,5936.074008717202,0.0,0.0,0.0,0.0,86675.55770385661,6114.235286287265,5310.075221104547,0.0,0.0008714478462934494,0.008609853684902191,1251.9975752253085,70098.67092488403,6830.33457971015,5936.074008717202,0.0,0.0036002881824970245,0.0,0.0,70098.67092488403,4503.10734791914,3918.5452807254624,364.6060393568336,0.0036002881824970245,0.008609853684902191,4035.0574559834786,70098.67092488403,4503.10734791914,3918.5452807254624,2.0309616210870445,0.0036002881824970245,0.008609853684902191,4035.0574559834786,70098.67092488403,4503.10734791914,3918.5452807254624,0.0,0.0036002881824970245,0.03557063639163971,4035.0574559834786,0.0,0.0,0.0,0.0,0.0,0.0,0.0,0.0,0.0,0.0,0.0,0.0,105258.76551429927,875020710671.0,98530.19063103874,779851276972.0,82078.390911103,875020710671.0,82160.18452250103,1362744977863.0,81801.37605597056,582893700891.0,81799.43987088953,582893700891.0,0.0,0.0,0.0,0.0,0.0,0.0,0.0,0.0,0.0,0.0,0.0,0.0,821.6846367365215,8291376316.0,821.6846367365215,8291376316.0,786.6922024965752,8291376316.0,759.8147365097736,14032982812.0,756.0481253045145,5741606496.0,755.980309547158,5741606496.0,3533248347.948,1024577420.568,10.182957528613509,23.983202035490883,3152570613.152,745733022.928,9.12956235938007,23.786343578977036,3533248347.948,1024577420.568,5.841421258690302,22.9400609537729,5507111842.7,2984431304.432,5.783769888540753,23.10154240736973,2354541229.548,2354541229.548,5.743737968821079,22.94030005503278,2354541229.548,2354541229.548,5.743552967960946,22.9400609537729,11909
PATENTS,query3,8,inf,106080.4501510358,93314.04156260844,876015508443.0,883312086987.0,0.0,0.0,11909.0,99351.87526777526,86675.55770385661,781592156244.0,788142653288.0,685.0,0.0,11909.0,82865.08311359957,70098.67092488403,583885306912.0,883312086987.0,2830.0,0.0,11909.0,82919.99925901082,70098.67092488403,583885306912.0,1376777960675.0,2830.0,0.0,11909.0,82557.42418127507,70098.67092488403,583885306912.0,588635307387.0,2830.0,0.0,11909.0,82555.42018043669,70098.67092488403,583885306912.0,588635307387.0,2830.0,0.0,11909.0,93314.04156260844,6830.33457971015,5936.074008717202,0.0,0.0,0.0,0.0,86675.55770385661,6114.235286287265,5310.075221104547,0.0,0.0008714478462934494,0.008609853684902191,1251.9975752253085,70098.67092488403,6830.33457971015,5936.074008717202,0.0,0.0036002881824970245,0.0,0.0,70098.67092488403,4503.10734791914,3918.5452807254624,364.6060393568336,0.0036002881824970245,0.008609853684902191,4035.0574559834786,70098.67092488403,4503.10734791914,3918.5452807254624,2.0309616210870445,0.0036002881824970245,0.008609853684902191,4035.0574559834786,70098.67092488403,4503.10734791914,3918.5452807254624,0.0,0.0036002881824970245,0.03557063639163971,4035.0574559834786,0.0,0.0,0.0,0.0,0.0,0.0,0.0,0.0,0.0,0.0,0.0,0.0,105258.76551429927,875020710671.0,98530.19063103874,779851276972.0,82078.390911103,875020710671.0,82160.18452250103,1362744977863.0,81801.37605597056,582893700891.0,81799.43987088953,582893700891.0,0.0,0.0,0.0,0.0,0.0,0.0,0.0,0.0,0.0,0.0,0.0,0.0,821.6846367365215,8291376316.0,821.6846367365215,8291376316.0,786.6922024965752,8291376316.0,759.8147365097736,14032982812.0,756.0481253045145,5741606496.0,755.980309547158,5741606496.0,3533248347.948,1024577420.568,10.182957528613509,23.983202035490883,3152570613.152,745733022.928,9.12956235938007,23.786343578977036,3533248347.948,1024577420.568,5.841421258690302,22.9400609537729,5507111842.7,2984431304.432,5.783769888540753,23.10154240736973,2354541229.548,2354541229.548,5.743737968821079,22.94030005503278,2354541229.548,2354541229.548,5.743552967960946,22.9400609537729,11909
agnews,query1,2,1/4,297.178399335593,41.28317794017494,4217683778.0,4514144202.0,0.0,0.0,502.0,296.7424751687795,41.07078668195754,4204717245.0,4498397010.0,20.0,0.0,502.0,285.9051720816642,30.00985781662166,2971192420.0,4514144202.0,73.0,0.0,502.0,281.4302098731687,30.00985781662166,2971192420.0,7687463207.0,73.0,0.0,502.0,279.4031520350836,30.00985781662166,2971192420.0,3189066197.0,73.0,0.0,502.0,279.34985338151455,30.00985781662166,2971192420.0,3189066197.0,73.0,0.0,502.0,41.28317794017494,140.17250712495297,115.72271427046508,0.0,0.0,0.0,0.0,41.07078668195754,138.97845815401524,114.75247503444552,0.0,2.5443732738494873e-05,0.00025138258934020996,1.9404784720391035,30.00985781662166,140.17250712495297,115.72271427046508,0.0,9.286962449550629e-05,0.0,0.0,30.00985781662166,102.45013719238341,84.55658058449626,2.081022655515877,9.286962449550629e-05,0.00025138258934020996,62.33226737193763,30.00985781662166,102.45013719238341,84.55658058449626,0.05396481743082404,9.286962449550629e-05,0.00025138258934020996,62.33226737193763,30.00985781662166,102.45013719238341,84.55658058449626,0.0,9.286962449550629e-05,0.0009175464510917664,62.33226737193763,251.28964138776064,4217247270.0,251.26829455140978,4217247270.0,240.22657025512308,4217247270.0,235.84419304399964,7125163727.0,233.94148852536455,2907916457.0,233.8936993284151,2907916457.0,45.888757947832346,296896932.0,45.47418061736971,281149740.0,45.678601826541126,296896932.0,45.58601682916906,562299480.0,45.461663509719074,281149740.0,45.45615405309945,281149740.0,0.0,0.0,0.0,0.0,0.0,0.0,0.0,0.0,0.0,0.0,0.0,0.0,0.0,0.0,0.0,0.0,0.0,0.0,0.0,0.0,0.0,0.0,0.0,0.0,18056576.808,10555993.168,0.7069285292412468,0.9095657185362501,17993588.04,10493004.4,0.7069248577808951,0.908789464097749,18056576.808,10555993.168,0.6782832232423446,0.9059731714952897,28528506.204,21001212.72,0.6670656122705075,0.9098754405439495,12756264.788,10534918.164,0.6619955344563898,0.9038807041381539,10534918.164,10534918.164,0.6618821940803153,0.9037228785995594,502
agnews,query1,2,inf,297.178399335593,41.28317794017494,4217683778.0,4514144202.0,0.0,0.0,502.0,296.7424751687795,41.07078668195754,4204717245.0,4498397010.0,20.0,0.0,502.0,285.9051720816642,30.00985781662166,2971192420.0,4514144202.0,73.0,0.0,502.0,281.4302098731687,30.00985781662166,2971192420.0,7687463207.0,73.0,0.0,502.0,279.4031520350836,30.00985781662166,2971192420.0,3189066197.0,73.0,0.0,502.0,279.34985338151455,30.00985781662166,2971192420.0,3189066197.0,73.0,0.0,502.0,41.28317794017494,140.17250712495297,115.72271427046508,0.0,0.0,0.0,0.0,41.07078668195754,138.97845815401524,114.75247503444552,0.0,2.5443732738494873e-05,0.00025138258934020996,1.9404784720391035,30.00985781662166,140.17250712495297,115.72271427046508,0.0,9.286962449550629e-05,0.0,0.0,30.00985781662166,102.45013719238341,84.55658058449626,2.081022655515877,9.286962449550629e-05,0.00025138258934020996,62.33226737193763,30.00985781662166,102.45013719238341,84.55658058449626,0.05396481743082404,9.286962449550629e-05,0.00025138258934020996,62.33226737193763,30.00985781662166,102.45013719238341,84.55658058449626,0.0,9.286962449550629e-05,0.0009175464510917664,62.33226737193763,251.28964138776064,4217247270.0,251.26829455140978,4217247270.0,240.22657025512308,4217247270.0,235.84419304399964,7125163727.0,233.94148852536455,2907916457.0,233.8936993284151,2907916457.0,45.888757947832346,296896932.0,45.47418061736971,281149740.0,45.678601826541126,296896932.0,45.58601682916906,562299480.0,45.461663509719074,281149740.0,45.45615405309945,281149740.0,0.0,0.0,0.0,0.0,0.0,0.0,0.0,0.0,0.0,0.0,0.0,0.0,0.0,0.0,0.0,0.0,0.0,0.0,0.0,0.0,0.0,0.0,0.0,0.0,18056576.808,10555993.168,0.7069285292412468,0.9095657185362501,17993588.04,10493004.4,0.7069248577808951,0.908789464097749,18056576.808,10555993.168,0.6782832232423446,0.9059731714952897,30749852.828,23222424.368,0.6670656122705075,0.9098754405439495,12756264.788,12756264.788,0.6619955344563898,0.9038807041381539,12756264.788,12756264.788,0.6618821940803153,0.9037228785995594,502
agnews,query1,4,1/4,639.4256504615769,91.43931644875556,8822291222.0,9460497487.0,0.0,0.0,1069.0,637.2864652629942,90.40525372885168,8757505940.0,9381761527.0,66.0,0.0,1069.0,603.1006091684103,55.11397619172931,4885339318.0,9460497487.0,235.0,0.0,1069.0,585.3924885298395,55.11397619172931,4885339318.0,14639333446.0,235.0,0.0,1069.0,581.1697038193233,55.11397619172931,4885339318.0,5257571919.0,235.0,0.0,1069.0,581.0544759389013,55.11397619172931,4885339318.0,5257571919.0,235.0,0.0,1069.0,91.43931644875556,299.99790730699897,247.98842670582235,0.0,0.0,0.0,0.0,90.40525372885168,294.0406751213595,243.1372305257246,0.0,8.396431803703308e-05,0.0008295625448226929,9.702392360195518,55.11397619172931,299.99790730699897,247.98842670582235,0.0,0.00029896385967731476,0.0,0.0,55.11397619172931,173.72778473235667,143.7673911061138,4.340136773818065,0.00029896385967731476,0.0008295625448226929,208.44207119941711,55.11397619172931,173.72778473235667,143.7673911061138,0.1173520633019507,0.00029896385967731476,0.0008295625448226929,208.44207119941711,55.11397619172931,173.72778473235667,143.7673911061138,0.0,0.00029896385967731476,0.002953745424747467,208.44207119941711,523.8558983299881,8711531419.0,523.7895997837186,8711531419.0,489.9334757067263,8711531419.0,474.5306366499261,13409103574.0,470.6039190739393,4697572155.0,470.5021290304139,4697572155.0,115.56975213158876,748966068.0,113.49686547927558,670230108.0,113.16713346168399,748966068.0,110.86185187991336,1230229872.0,110.56578474538401,559999764.0,110.55234690848738,559999764.0,0.0,0.0,0.0,0.0,0.0,0.0,0.0,0.0,0.0,0.0,0.0,0.0,0.0,0.0,0.0,0.0,0.0,0.0,0.0,0.0,0.0,0.0,0.0,0.0,37841989.948,13689141.108,0.633233063806517,1.0779426126442369,37527046.108,13376571.232,0.6311006858324011,1.0779420227535927,37841989.948,13689141.108,0.5830199466564525,1.0696969036934656,51575891.192,27247274.656,0.558605958208727,1.070655168969656,21030287.676,14048912.572,0.553917088236612,1.0638717620367277,14048912.572,14048912.572,0.5538042074857423,1.0636748382941077,1069
agnews,query1,4,inf,639.4256504615769,91.43931644875556,8822291222.0,9460497487.0,0.0,0.0,1069.0,637.2864652629942,90.40525372885168,8757505940.0,9381761527.0,66.0,0.0,1069.0,598.4156487900764,50.428998002782464,4362157890.0,9460497487.0,249.0,0.0,1069.0,578.029902614587,50.428998002782464,4362157890.0,14083996790.0,249.0,0.0,1069.0,573.8071179040708,50.428998002782464,4362157890.0,4702235263.0,249.0,0.0,1069.0,573.6920659914613,50.428998002782464,4362157890.0,4702235263.0,249.0,0.0,1069.0,91.43931644875556,299.99790730699897,247.98842670582235,0.0,0.0,0.0,0.0,90.40525372885168,294.0406751213595,243.1372305257246,0.0,8.396431803703308e-05,0.0008295625448226929,9.702392360195518,50.428998002782464,299.99790730699897,247.98842670582235,0.0,0.00031677447259426117,0.0,0.0,50.428998002782464,158.2443759292364,130.96160783991218,4.340136773818065,0.00031677447259426117,0.0008295625448226929,234.05363773182034,50.428998002782464,158.2443759292364,130.96160783991218,0.1173520633019507,0.00031677447259426117,0.0008295625448226929,234.05363773182034,50.428998002782464,158.2443759292364,130.96160783991218,0.0,0.00031677447259426117,0.003129713237285614,234.05363773182034,523.8558983299881,8711531419.0,523.7895997837186,8711531419.0,485.2485153283924,8711531419.0,467.16805073467356,12853766918.0,463.24133315868676,4142235499.0,463.1397190829739,4142235499.0,115.56975213158876,748966068.0,113.49686547927558,670230108.0,113.16713346168399,748966068.0,110.86185187991336,1230229872.0,110.56578474538401,559999764.0,110.55234690848738,559999764.0,0.0,0.0,0.0,0.0,0.0,0.0,0.0,0.0,0.0,0.0,0.0,0.0,0.0,0.0,0.0,0.0,0.0,0.0,0.0,0.0,0.0,0.0,0.0,0.0,37841989.948,13689141.108,0.633233063806517,1.0779426126442369,37527046.108,13376571.232,0.6311006858324011,1.0779420227535927,37841989.948,13689141.108,0.5685828468881738,1.0696969036934656,56335987.16,32007168.16,0.5357340938628471,1.070655168969656,18808941.052,18808941.052,0.5310452238907322,1.0638717620367277,18808941.052,18808941.052,0.530932891024993,1.0636748382941077,1069
agnews,query1,8,1/4,1241.1120485533029,176.5700105233118,16954789812.0,18198030404.0,0.0,0.0,2070.0,1236.0287827039137,174.12225379887968,16799373201.0,18009064100.0,110.0,0.0,2070.0,1154.6745628891513,90.13176154717803,7557612700.0,18198030404.0,600.0,0.0,2070.0,1111.1066932683075,90.13176154717803,7557612700.0,26184365358.0,600.0,0.0,2070.0,1102.9944432792254,90.13176154717803,7557612700.0,8175301258.0,600.0,0.0,2070.0,1102.7816020734608,90.13176154717803,7557612700.0,8175301258.0,600.0,0.0,2070.0,176.5700105233118,582.6107579339296,481.9312800960615,0.0,0.0,0.0,0.0,174.12225379887968,568.3308554319665,470.2884092638269,0.0,0.0001399405300617218,0.0013826042413711548,23.285741664469242,90.13176154717803,582.6107579339296,481.9312800960615,0.0,0.0007633119821548462,0.0,0.0,90.13176154717803,284.9816084234044,236.20263287890702,8.33125006828547,0.0007633119821548462,0.0013826042413711548,491.457294434309,90.13176154717803,284.9816084234044,236.20263287890702,0.21900007920339704,0.0007633119821548462,0.0013826042413711548,491.457294434309,90.13176154717803,284.9816084234044,236.20263287890702,0.0,0.0007633119821548462,0.007541477680206299,491.457294434309,1003.1772244554013,16659638900.0,1003.0688865715638,16659638900.0,921.6861285381019,16659638900.0,882.7502136791331,23674481262.0,875.2336742323823,7014842362.0,875.0472490880638,7014842362.0,237.93482409790158,1538391504.0,232.95989613234997,1349425200.0,232.98843435104936,1538391504.0,228.35647958917443,2509884096.0,227.76076904684305,1160458896.0,227.73435298539698,1160458896.0,0.0,0.0,0.0,0.0,0.0,0.0,0.0,0.0,0.0,0.0,0.0,0.0,0.0,0.0,0.0,0.0,0.0,0.0,0.0,0.0,0.0,0.0,0.0,0.0,72792121.616,16731663.992,0.5670217654931456,1.1417433491863358,72036256.4,15980546.704,0.5660565635083099,1.1383340259205939,72792121.616,16731663.992,0.5054607910091338,1.128935432007332,89981035.704,33484761.72,0.4741891422359714,1.1251041264106294,32701205.032,17945116.744,0.4700088568082819,1.118651172645883,17945116.744,17945116.744,0.46990577581649023,1.1184526189781094,2070
agnews,query1,8,inf,1241.1120485533029,176.5700105233118,16954789812.0,18198030404.0,0.0,0.0,2070.0,1236.0287827039137,174.12225379887968,16799373201.0,18009064100.0,110.0,0.0,2070.0,1136.604332995601,72.06146295554936,5539627192.0,18198030404.0,654.0,0.0,2070.0,1082.5049818405146,72.06146295554936,5539627192.0,24042352542.0,654.0,0.0,2070.0,1074.3927318514325,72.06146295554936,5539627192.0,6033288442.0,654.0,0.0,2070.0,1074.1805693786591,72.06146295554936,5539627192.0,6033288442.0,654.0,0.0,2070.0,176.5700105233118,582.6107579339296,481.9312800960615,0.0,0.0,0.0,0.0,174.12225379887968,568.3308554319665,470.2884092638269,0.0,0.0001399405300617218,0.0013826042413711548,23.285741664469242,72.06146295554936,582.6107579339296,481.9312800960615,0.0,0.0008320100605487823,0.0,0.0,72.06146295554936,225.00237596128136,186.75488195102662,8.33125006828547,0.0008320100605487823,0.0013826042413711548,590.3527962900698,72.06146295554936,225.00237596128136,186.75488195102662,0.21900007920339704,0.0008320100605487823,0.0013826042413711548,590.3527962900698,72.06146295554936,225.00237596128136,186.75488195102662,0.0,0.0008320100605487823,0.008220210671424866,590.3527962900698,1003.1772244554013,16659638900.0,1003.0688865715638,16659638900.0,903.6158986445516,16659638900.0,854.1485022513402,21532468446.0,846.6319628045894,4872829546.0,846.4462163932621,4872829546.0,237.93482409790158,1538391504.0,232.95989613234997,1349425200.0,232.98843435104936,1538391504.0,228.35647958917443,2509884096.0,227.76076904684305,1160458896.0,227.73435298539698,1160458896.0,0.0,0.0,0.0,0.0,0.0,0.0,0.0,0.0,0.0,0.0,0.0,0.0,0.0,0.0,0.0,0.0,0.0,0.0,0.0,0.0,0.0,0.0,0.0,0.0,72792121.616,16731663.992,0.5670217654931456,1.1417433491863358,72036256.4,15980546.704,0.5660565635083099,1.1383340259205939,72792121.616,16731663.992,0.4901804244783643,1.1284380856835488,96169410.168,39672731.256,0.45017548954434533,1.1246067800868464,24133153.768,24133153.768,0.44599520411665583,1.1181538263221,24133153.768,24133153.768,0.4458926970577165,1.1179552726543263,2070
agnews,query2,2,1/4,46.66819566767663,28.27532582450658,238033804.0,257442996.0,0.0,0.0,1785.0,45.48810843471438,27.118014633655548,236515790.0,255376320.0,149.0,8.0,1785.0,43.83357721846551,25.440166695974767,236106307.0,257442996.0,425.0,8.0,1785.0,43.706638648981254,25.440166695974767,236106307.0,260391914.0,425.0,8.0,1785.0,43.729984565638006,25.440166695974767,236106307.0,255308596.0,425.0,8.0,1785.0,43.707756113260984,25.440166695974767,236106307.0,255308596.0,425.0,8.0,1785.0,28.27532582450658,10.353089306503534,8.039780536666512,0.0,0.0,0.0,0.0,27.118014633655548,10.11438837274909,7.825918001122773,0.0,0.0001895558089017868,0.0018728002905845642,0.4277250710874796,25.440166695974767,10.353089306503534,8.039780536666512,0.0,0.000540679320693016,0.0,0.0,25.440166695974767,10.006080394610763,7.823934610001743,0.002351615453165984,0.000540679320693016,0.0018728002905845642,0.4316918533295393,25.440166695974767,10.006080394610763,7.823934610001743,0.02569753210991621,0.000540679320693016,0.0018728002905845642,0.4316918533295393,25.440166695974767,10.006080394610763,7.823934610001743,0.0,0.000540679320693016,0.005341880023479462,0.4316918533295393,30.75468837376684,205165955.0,29.737121225334704,203099279.0,29.216343387030065,205165955.0,29.211519862150933,207796314.0,29.231301282998174,203031555.0,29.209705259650946,203031555.0,15.913507293909788,52277041.0,15.750987209379673,52277041.0,14.617233831435442,52277041.0,14.495118786830323,52595600.0,14.498683282639831,52277041.0,14.498050853610039,52277041.0,0.0,0.0,0.0,0.0,0.0,0.0,0.0,0.0,0.0,0.0,0.0,0.0,0.0,0.0,0.0,0.0,0.0,0.0,0.0,0.0,0.0,0.0,0.0,0.0,1029771.984,1028581.58,0.008894736427813769,0.08833266985546795,1021505.28,1020314.876,0.0085692321639508,0.0882212412342429,1029771.984,1028581.58,0.006571591019630432,0.08765810109060256,1041567.656,1039906.572,0.006509222236837606,0.08766804246308499,1021234.384,1021234.384,0.006511429315432906,0.08771167511511592,1021234.384,1021234.384,0.006510175758972764,0.08766576219107954,1785
agnews,query2,2,inf,46.66819566767663,28.27532582450658,238033804.0,257442996.0,0.0,0.0,1785.0,45.48810843471438,27.118014633655548,236515790.0,255376320.0,149.0,0.0,1785.0,43.83357721846551,25.440166695974767,236106307.0,257442996.0,425.0,0.0,1785.0,43.82242776375285,25.440166695974767,236106307.0,510684916.0,425.0,0.0,1785.0,43.73226879071444,25.440166695974767,236106307.0,255308596.0,425.0,0.0,1785.0,43.707756113260984,25.440166695974767,236106307.0,255308596.0,425.0,0.0,1785.0,28.27532582450658,10.353089306503534,8.039780536666512,0.0,0.0,0.0,0.0,27.118014633655548,10.11438837274909,7.825918001122773,0.0,0.0001895558089017868,0.0018728002905845642,0.4277250710874796,25.440166695974767,10.353089306503534,8.039780536666512,0.0,0.000540679320693016,0.0,0.0,25.440166695974767,10.006080394610763,7.823934610001743,0.11814073022475897,0.000540679320693016,0.0018728002905845642,0.4316918533295393,25.440166695974767,10.006080394610763,7.823934610001743,0.027981757186353207,0.000540679320693016,0.0018728002905845642,0.4316918533295393,25.440166695974767,10.006080394610763,7.823934610001743,0.0,0.000540679320693016,0.005341880023479462,0.4316918533295393,30.75468837376684,205165955.0,29.737121225334704,203099279.0,29.216343387030065,205165955.0,29.303272241625965,406130834.0,29.232728923670948,203031555.0,29.209705259650946,203031555.0,15.913507293909788,52277041.0,15.750987209379673,52277041.0,14.617233831435442,52277041.0,14.519155522126885,104554082.0,14.499539867043495,52277041.0,14.498050853610039,52277041.0,0.0,0.0,0.0,0.0,0.0,0.0,0.0,0.0,0.0,0.0,0.0,0.0,0.0,0.0,0.0,0.0,0.0,0.0,0.0,0.0,0.0,0.0,0.0,0.0,1029771.984,1028581.58,0.008894736427813769,0.08833266985546795,1021505.28,1020314.876,0.0085692321639508,0.0882212412342429,1029771.984,1028581.58,0.006571591019630432,0.08765810109060256,2042739.664,2041078.58,0.006509222236837606,0.08801173971222076,1021234.384,1021234.384,0.006511429315432906,0.08771847068471833,1021234.384,1021234.384,0.006510175758972764,0.08766576219107954,1785
agnews,query2,4,1/4,59.87169473711401,50.82647216133773,125619408.0,131208542.0,0.0,0.0,3345.0,58.02373982500285,49.01203163713217,123094920.0,127764082.0,230.0,3.0,3345.0,51.26218078378588,42.21526238322258,121413823.0,131208542.0,1333.0,3.0,3345.0,50.81100812815982,42.21526238322258,121413823.0,136175199.0,1333.0,3.0,3345.0,50.85663596354425,42.21526238322258,121413823.0,127411829.0,1333.0,3.0,3345.0,50.82081781793386,42.21526238322258,121413823.0,127411829.0,1333.0,3.0,3345.0,50.82647216133773,5.391462065279484,3.653760510496795,0.0,0.0,0.0,0.0,49.01203163713217,4.998326615430415,3.297322951257229,0.0,0.00029260292649269104,0.0028908997774124146,0.7128751184791327,42.21526238322258,5.391462065279484,3.653760510496795,0.0,0.0016958247870206833,0.0,0.0,42.21526238322258,4.565869408659637,3.2862854693084955,0.004054060028078351,0.0016958247870206833,0.0028908997774124146,0.7349500823765993,42.21526238322258,4.565869408659637,3.2862854693084955,0.04968189541250467,0.0016958247870206833,0.0028908997774124146,0.7349500823765993,42.21526238322258,4.565869408659637,3.2862854693084955,0.0,0.0016958247870206833,0.016754649579524994,0.7349500823765993,43.21865935437381,130686699.0,41.60191633552313,127242239.0,39.50611640885472,130686699.0,39.47392807679927,135145146.0,39.51380123337731,126903619.0,39.47171170823276,126903619.0,16.6530353827402,521843.0,16.42182348947972,521843.0,11.756064374931157,521843.0,11.337080051360555,1030053.0,11.342834730166942,508210.0,11.349106109701097,508210.0,0.0,0.0,0.0,0.0,0.0,0.0,0.0,0.0,0.0,0.0,0.0,0.0,0.0,0.0,0.0,0.0,0.0,0.0,0.0,0.0,0.0,0.0,0.0,0.0,524834.168,519286.796,0.007261949170380831,0.0541551500342786,511056.328,505508.956,0.007002604365348816,0.053935549334809145,524834.168,519286.796,0.0024902466386556624,0.0532255433246493,544700.796,538550.076,0.0023116581326498853,0.05323904892330183,509647.316,509647.316,0.0023175768973305822,0.05330442924695086,509647.316,509647.316,0.002314512975513935,0.05323550275526937,3345
agnews,query2,4,inf,59.87169473711401,50.82647216133773,125619408.0,131208542.0,0.0,0.0,3345.0,58.02373982500285,49.01203163713217,123094920.0,127764082.0,230.0,0.0,3345.0,51.26218078378588,42.21526238322258,121413823.0,131208542.0,1333.0,0.0,3345.0,50.86605955584484,42.21526238322258,121413823.0,255175911.0,1333.0,0.0,3345.0,50.85749254794791,42.21526238322258,121413823.0,127411829.0,1333.0,0.0,3345.0,50.82081781793386,42.21526238322258,121413823.0,127411829.0,1333.0,0.0,3345.0,50.82647216133773,5.391462065279484,3.653760510496795,0.0,0.0,0.0,0.0,49.01203163713217,4.998326615430415,3.297322951257229,0.0,0.00029260292649269104,0.0028908997774124146,0.7128751184791327,42.21526238322258,5.391462065279484,3.653760510496795,0.0,0.0016958247870206833,0.0,0.0,42.21526238322258,4.565869408659637,3.2862854693084955,0.05910548771309722,0.0016958247870206833,0.0028908997774124146,0.7349500823765993,42.21526238322258,4.565869408659637,3.2862854693084955,0.05053847981616855,0.0016958247870206833,0.0028908997774124146,0.7349500823765993,42.21526238322258,4.565869408659637,3.2862854693084955,0.0,0.0016958247870206833,0.016754649579524994,0.7349500823765993,43.21865935437381,130686699.0,41.60191633552313,127242239.0,39.50611640885472,130686699.0,39.52897950448428,254145858.0,39.51465781778097,126903619.0,39.47171170823276,126903619.0,16.6530353827402,521843.0,16.42182348947972,521843.0,11.756064374931157,521843.0,11.337080051360555,1030053.0,11.342834730166942,508210.0,11.349106109701097,508210.0,0.0,0.0,0.0,0.0,0.0,0.0,0.0,0.0,0.0,0.0,0.0,0.0,0.0,0.0,0.0,0.0,0.0,0.0,0.0,0.0,0.0,0.0,0.0,0.0,524834.168,519286.796,0.007261949170380831,0.0541551500342786,511056.328,505508.956,0.007002604365348816,0.053935549334809145,524834.168,519286.796,0.0024902466386556624,0.0532255433246493,1020703.644,1014552.924,0.0023116581326498853,0.053334471397955864,509647.316,509647.316,0.0023175768973305822,0.05330591399325054,509647.316,509647.316,0.002314512975513935,0.05323550275526937,3345
agnews,query2,8,1/4,143.84588046278805,103.49728831090033,427664964.0,466904088.0,0.0,0.0,6508.0,141.27304326649755,100.99650345556438,425568142.0,464148520.0,365.0,17.0,6508.0,119.1793102780357,78.82646393403411,420701085.0,466904088.0,3344.0,17.0,6508.0,117.9643147648592,78.82646393403411,420701085.0,476194070.0,3344.0,17.0,6508.0,118.05182204581797,78.82646393403411,420701085.0,462908818.0,3344.0,17.0,6508.0,117.99561225436628,78.82646393403411,420701085.0,462908818.0,3344.0,17.0,6508.0,103.49728831090033,23.251041296869516,17.0975508550182,0.0,0.0,0.0,0.0,100.99650345556438,22.888786828145385,16.812400807626545,0.0,0.00046434812247753143,0.004587732255458832,0.5703000947833061,78.82646393403411,23.251041296869516,17.0975508550182,0.0,0.004254192113876343,0.0,0.0,78.82646393403411,21.70100453682244,16.773243287578225,0.006145947175133308,0.004254192113876343,0.004587732255458832,0.6486151348799467,78.82646393403411,21.70100453682244,16.773243287578225,0.09365322813391685,0.004254192113876343,0.004587732255458832,0.6486151348799467,78.82646393403411,21.70100453682244,16.773243287578225,0.0,0.004254192113876343,0.042031168937683105,0.6486151348799467,85.63202724885195,292866324.0,83.51206482108682,290110756.0,75.92229005880654,292866324.0,75.8114021318074,301368014.0,75.88559396471828,288925586.0,75.81030923407525,288925586.0,58.21385321393609,174037764.0,57.76097844541073,174037764.0,43.25702021922916,174037764.0,42.1529126330518,174826056.0,42.16622808109969,173983232.0,42.18530302029103,173983232.0,0.0,0.0,0.0,0.0,0.0,0.0,0.0,0.0,0.0,0.0,0.0,0.0,0.0,0.0,0.0,0.0,0.0,0.0,0.0,0.0,0.0,0.0,0.0,0.0,1867616.352,1848725.036,0.007633829139173031,0.07084554800279433,1856594.08,1837702.764,0.007246942393481732,0.07081731545291835,1867616.352,1848725.036,0.0009292621146887541,0.06950622526407235,1904776.28,1884047.312,0.0005345522376217384,0.06950984112559247,1851635.272,1850551.688,0.0005361800603568554,0.06957617965703825,1851635.272,1850551.688,0.0005416665058583021,0.06950622526407235,6508
agnews,query2,8,inf,143.84588046278805,103.49728831090033,427664964.0,466904088.0,0.0,0.0,6508.0,141.27304326649755,100.99650345556438,425568142.0,464148520.0,365.0,0.0,6508.0,119.1793102780357,78.82646393403411,420701085.0,466904088.0,3344.0,0.0,6508.0,118.17289054711277,78.82646393403411,420701085.0,927057338.0,3344.0,0.0,6508.0,118.0566760241054,78.82646393403411,420701085.0,462908818.0,3344.0,0.0,6508.0,117.99561225436628,78.82646393403411,420701085.0,462908818.0,3344.0,0.0,6508.0,103.49728831090033,23.251041296869516,17.0975508550182,0.0,0.0,0.0,0.0,100.99650345556438,22.888786828145385,16.812400807626545,0.0,0.00046434812247753143,0.004587732255458832,0.5703000947833061,78.82646393403411,23.251041296869516,17.0975508550182,0.0,0.004254192113876343,0.0,0.0,78.82646393403411,21.70100453682244,16.773243287578225,0.2147217294287158,0.004254192113876343,0.004587732255458832,0.6486151348799467,78.82646393403411,21.70100453682244,16.773243287578225,0.09850720642134547,0.004254192113876343,0.004587732255458832,0.6486151348799467,78.82646393403411,21.70100453682244,16.773243287578225,0.0,0.004254192113876343,0.042031168937683105,0.6486151348799467,85.63202724885195,292866324.0,83.51206482108682,290110756.0,75.92229005880654,292866324.0,75.93985546307243,579036342.0,75.88759266166016,288925586.0,75.81030923407525,288925586.0,58.21385321393609,174037764.0,57.76097844541073,174037764.0,43.25702021922916,174037764.0,42.23303508404034,348020996.0,42.169083362445235,173983232.0,42.18530302029103,173983232.0,0.0,0.0,0.0,0.0,0.0,0.0,0.0,0.0,0.0,0.0,0.0,0.0,0.0,0.0,0.0,0.0,0.0,0.0,0.0,0.0,0.0,0.0,0.0,0.0,1867616.352,1848725.036,0.007633829139173031,0.07084554800279433,1856594.08,1837702.764,0.007246942393481732,0.07081731545291835,1867616.352,1848725.036,0.0009292621146887541,0.06950622526407235,3708229.352,3687500.384,0.0005345522376217384,0.06959156602560078,1851635.272,1851635.272,0.0005361800603568554,0.0695790920440107,1851635.272,1851635.272,0.0005416665058583021,0.06950622526407235,6508
agnews,query3,2,1/4,348.85208544600755,59.209090610966086,3020554446.0,3379203981.0,0.0,0.0,1149.0,347.2411923324689,57.97828778345138,2989398943.0,3340876822.0,54.0,0.0,1149.0,345.70874708518386,56.06554361153394,2918950477.0,3379203981.0,164.0,0.0,1149.0,345.9715547872604,56.06554361153394,2918950477.0,6595103984.0,164.0,0.0,1149.0,344.6178923966363,56.06554361153394,2918950477.0,3254227162.0,164.0,0.0,1149.0,344.42740009445697,56.06554361153394,2918950477.0,3254227162.0,164.0,0.0,1149.0,59.209090610966086,157.3650606153533,132.27793421968818,0.0,0.0,0.0,0.0,57.97828778345138,154.43200475350022,129.72571607492864,0.0,6.869807839393616e-05,0.0006787329912185669,5.104436289519072,56.06554361153394,157.3650606153533,132.27793421968818,0.0,0.00020863860845565796,0.0,0.0,56.06554361153394,147.76405562646687,123.96033755876124,1.5455372970448165,0.00020863860845565796,0.0006787329912185669,16.635193321853876,56.06554361153394,147.76405562646687,123.96033755876124,0.1918749064207077,0.00020863860845565796,0.0006787329912185669,16.635193321853876,56.06554361153394,147.76405562646687,123.96033755876124,0.0,0.00020863860845565796,0.0020613372325897217,16.635193321853876,142.99169280845672,2093565984.0,142.59245749097317,2093535585.0,142.40169970225543,2093565984.0,143.34540190793143,4187071170.0,142.41145137278363,2093535585.0,142.37758120149374,2093535585.0,205.86039263755083,1285637997.0,204.64873484149575,1247341237.0,203.30704738292843,1285637997.0,202.62615287932897,2408032814.0,202.20644102385268,1160691577.0,202.04981889296323,1160691577.0,0.0,0.0,0.0,0.0,0.0,0.0,0.0,0.0,0.0,0.0,0.0,0.0,0.0,0.0,0.0,0.0,0.0,0.0,0.0,0.0,0.0,0.0,0.0,0.0,13516815.924,11056938.256,0.19028283845074476,0.7505630387520417,13363507.288,10983069.76,0.19016535440087318,0.7504598025498911,13516815.924,11056938.256,0.18644871843978764,0.7501060067040843,26380415.936,23641895.296,0.18492168657822589,0.7535931403406051,13016908.648,13016908.648,0.18454495471995325,0.7501265164607203,13016908.648,13016908.648,0.1843390941750258,0.7498438180925323,1149
agnews,query3,2,inf,348.85208544600755,59.209090610966086,3020554446.0,3379203981.0,0.0,0.0,1149.0,347.2411923324689,57.97828778345138,2989398943.0,3340876822.0,54.0,0.0,1149.0,345.70874708518386,56.06554361153394,2918950477.0,3379203981.0,164.0,0.0,1149.0,345.9715547872604,56.06554361153394,2918950477.0,6595103984.0,164.0,0.0,1149.0,344.6178923966363,56.06554361153394,2918950477.0,3254227162.0,164.0,0.0,1149.0,344.42740009445697,56.06554361153394,2918950477.0,3254227162.0,164.0,0.0,1149.0,59.209090610966086,157.3650606153533,132.27793421968818,0.0,0.0,0.0,0.0,57.97828778345138,154.43200475350022,129.72571607492864,0.0,6.869807839393616e-05,0.0006787329912185669,5.104436289519072,56.06554361153394,157.3650606153533,132.27793421968818,0.0,0.00020863860845565796,0.0,0.0,56.06554361153394,147.76405562646687,123.96033755876124,1.5455372970448165,0.00020863860845565796,0.0006787329912185669,16.635193321853876,56.06554361153394,147.76405562646687,123.96033755876124,0.1918749064207077,0.00020863860845565796,0.0006787329912185669,16.635193321853876,56.06554361153394,147.76405562646687,123.96033755876124,0.0,0.00020863860845565796,0.0020613372325897217,16.635193321853876,142.99169280845672,2093565984.0,142.59245749097317,2093535585.0,142.40169970225543,2093565984.0,143.34540190793143,4187071170.0,142.41145137278363,2093535585.0,142.37758120149374,2093535585.0,205.86039263755083,1285637997.0,204.64873484149575,1247341237.0,203.30704738292843,1285637997.0,202.62615287932897,2408032814.0,202.20644102385268,1160691577.0,202.04981889296323,1160691577.0,0.0,0.0,0.0,0.0,0.0,0.0,0.0,0.0,0.0,0.0,0.0,0.0,0.0,0.0,0.0,0.0,0.0,0.0,0.0,0.0,0.0,0.0,0.0,0.0,13516815.924,11056938.256,0.19028283845074476,0.7505630387520417,13363507.288,10983069.76,0.19016535440087318,0.7504598025498911,13516815.924,11056938.256,0.18644871843978764,0.7501060067040843,26380415.936,23641895.296,0.18492168657822589,0.7535931403406051,13016908.648,13016908.648,0.18454495471995325,0.7501265164607203,13016908.648,13016908.648,0.1843390941750258,0.7498438180925323,1149
agnews,query3,4,1/4,762.668174142018,130.62539541721344,6790787095.0,7570404804.0,0.0,0.0,2310.0,759.4741721767932,128.32829456962645,6724573758.0,7489167511.0,112.0,0.0,2310.0,749.2314356993884,117.18792673945427,6139770280.0,7570404804.0,574.0,0.0,2310.0,745.1048504520053,117.18792673945427,6139770280.0,14288458433.0,574.0,0.0,2310.0,742.0260031898506,117.18792673945427,6139770280.0,6799290922.0,574.0,0.0,2310.0,741.6460616178811,117.18792673945427,6139770280.0,6799290922.0,574.0,0.0,2310.0,130.62539541721344,343.95995933841914,288.0828193863854,0.0,0.0,0.0,0.0,128.32829456962645,337.7295868983492,282.75089829135686,0.0,0.0001424849033355713,0.0014077425003051758,10.66384219005704,117.18792673945427,343.95995933841914,288.0828193863854,0.0,0.0007302351295948029,0.0,0.0,117.18792673945427,293.4483811529353,245.16382996272296,3.46459577193798,0.0007302351295948029,0.0014077425003051758,85.83797884732485,117.18792673945427,293.4483811529353,245.16382996272296,0.3857485097832978,0.0007302351295948029,0.0014077425003051758,85.83797884732485,117.18792673945427,293.4483811529353,245.16382996272296,0.0,0.0007302351295948029,0.007214680314064026,85.83797884732485,331.8593097347766,4874633913.0,331.1528628086671,4874542716.0,329.37097572442144,4874633913.0,330.65347988146357,9573196327.0,328.47011441597715,4698653611.0,328.40088526532054,4698653611.0,430.80886440724134,2695770891.0,428.3213093681261,2614624795.0,419.86045997496694,2695770891.0,414.4513705705417,4715262106.0,413.55588877387345,2100637311.0,413.2451763525605,2100637311.0,0.0,0.0,0.0,0.0,0.0,0.0,0.0,0.0,0.0,0.0,0.0,0.0,0.0,0.0,0.0,0.0,0.0,0.0,0.0,0.0,0.0,0.0,0.0,0.0,30281619.216,17115134.436,0.14969224882125853,1.0695836208118124,29956670.044,16931925.816,0.14908487991243602,1.068267285983078,30281619.216,17115134.436,0.14396996855922042,1.062466833561286,57153833.732,42818148.088,0.1421527756131647,1.0618515189574982,27197163.688,27197163.688,0.14194430011697112,1.0563928408719596,27197163.688,27197163.688,0.14174356818757952,1.056108647661097,2310
agnews,query3,4,inf,762.668174142018,130.62539541721344,6790787095.0,7570404804.0,0.0,0.0,2310.0,759.4741721767932,128.32829456962645,6724573758.0,7489167511.0,112.0,0.0,2310.0,749.2314356993884,117.18792673945427,6139770280.0,7570404804.0,574.0,0.0,2310.0,745.1048504520053,117.18792673945427,6139770280.0,14288458433.0,574.0,0.0,2310.0,742.0260031898506,117.18792673945427,6139770280.0,6799290922.0,574.0,0.0,2310.0,741.6460616178811,117.18792673945427,6139770280.0,6799290922.0,574.0,0.0,2310.0,130.62539541721344,343.95995933841914,288.0828193863854,0.0,0.0,0.0,0.0,128.32829456962645,337.7295868983492,282.75089829135686,0.0,0.0001424849033355713,0.0014077425003051758,10.66384219005704,117.18792673945427,343.95995933841914,288.0828193863854,0.0,0.0007302351295948029,0.0,0.0,117.18792673945427,293.4483811529353,245.16382996272296,3.46459577193798,0.0007302351295948029,0.0014077425003051758,85.83797884732485,117.18792673945427,293.4483811529353,245.16382996272296,0.3857485097832978,0.0007302351295948029,0.0014077425003051758,85.83797884732485,117.18792673945427,293.4483811529353,245.16382996272296,0.0,0.0007302351295948029,0.007214680314064026,85.83797884732485,331.8593097347766,4874633913.0,331.1528628086671,4874542716.0,329.37097572442144,4874633913.0,330.65347988146357,9573196327.0,328.47011441597715,4698653611.0,328.40088526532054,4698653611.0,430.80886440724134,2695770891.0,428.3213093681261,2614624795.0,419.86045997496694,2695770891.0,414.4513705705417,4715262106.0,413.55588877387345,2100637311.0,413.2451763525605,2100637311.0,0.0,0.0,0.0,0.0,0.0,0.0,0.0,0.0,0.0,0.0,0.0,0.0,0.0,0.0,0.0,0.0,0.0,0.0,0.0,0.0,0.0,0.0,0.0,0.0,30281619.216,17115134.436,0.14969224882125853,1.0695836208118124,29956670.044,16931925.816,0.14908487991243602,1.068267285983078,30281619.216,17115134.436,0.14396996855922042,1.062466833561286,57153833.732,42818148.088,0.1421527756131647,1.0618515189574982,27197163.688,27197163.688,0.14194430011697112,1.0563928408719596,27197163.688,27197163.688,0.14174356818757952,1.056108647661097,2310
agnews,query3,8,1/4,1513.2317563416436,234.9808631595224,13502864046.0,15082791680.0,0.0,0.0,4565.0,1504.345970498398,229.53430232591927,13275951032.0,14805630462.0,198.0,0.0,4565.0,1462.265342433937,184.01232978887856,10573432655.0,15082791680.0,1666.0,0.0,4565.0,1437.348600850551,184.01232978887856,10573432655.0,26486720204.0,1666.0,0.0,4565.0,1431.2682321672328,184.01232978887856,10573432655.0,11681089742.0,1666.0,0.0,4565.0,1430.5177563829347,184.01232978887856,10573432655.0,11681089742.0,1666.0,0.0,4565.0,234.9808631595224,695.5103176599368,582.7405755221844,0.0,0.0,0.0,0.0,229.53430232591927,674.4086352977902,565.0808587502688,0.0,0.00025189295411109924,0.0024886876344680786,35.31943354383111,184.01232978887856,695.5103176599368,582.7405755221844,0.0,0.002119462937116623,0.0,0.0,184.01232978887856,493.97910137847066,412.97788546141237,6.84929594967386,0.002119462937116623,0.0024886876344680786,339.525380121544,184.01232978887856,493.97910137847066,412.97788546141237,0.7689272663556039,0.002119462937116623,0.0024886876344680786,339.525380121544,184.01232978887856,493.97910137847066,412.97788546141237,0.0,0.002119462937116623,0.02094016969203949,339.525380121544,622.3600363424048,9484775049.0,621.2830837881193,9484531857.0,609.3781174384058,9484775049.0,607.4915767706759,17754079048.0,603.2395228394307,8269547191.0,603.1107597202063,8269547191.0,890.8717199992388,5598016631.0,883.0628867102787,5321098605.0,852.8872249955311,5598016631.0,829.8570240798751,8732641156.0,828.0287093278021,3411542551.0,827.4069966627285,3411542551.0,0.0,0.0,0.0,0.0,0.0,0.0,0.0,0.0,0.0,0.0,0.0,0.0,0.0,0.0,0.0,0.0,0.0,0.0,0.0,0.0,0.0,0.0,0.0,0.0,60331166.72,25314213.152,0.14919286131486298,1.3685268529387185,59222521.848,24527717.244,0.1485786496978253,1.363465293503552,60331166.72,25314213.152,0.13972698620334267,1.3375523158837104,105783889.484,68924536.628,0.13677839239525338,1.3172086569736416,46724358.968,46565691.352,0.13661038840096443,1.3103097047647454,46565691.352,46565691.352,0.1364027323704213,1.3100294858233996,4565
agnews,query3,8,inf,1513.2317563416436,234.9808631595224,13502864046.0,15082791680.0,0.0,0.0,4565.0,1504.345970498398,229.53430232591927,13275951032.0,14805630462.0,198.0,0.0,4565.0,1462.265342433937,184.01232978887856,10573432655.0,15082791680.0,1666.0,0.0,4565.0,1437.348600850551,184.01232978887856,10573432655.0,26486720204.0,1666.0,0.0,4565.0,1431.2682321672328,184.01232978887856,10573432655.0,11681089742.0,1666.0,0.0,4565.0,1430.5177563829347,184.01232978887856,10573432655.0,11681089742.0,1666.0,0.0,4565.0,234.9808631595224,695.5103176599368,582.7405755221844,0.0,0.0,0.0,0.0,229.53430232591927,674.4086352977902,565.0808587502688,0.0,0.00025189295411109924,0.0024886876344680786,35.31943354383111,184.01232978887856,695.5103176599368,582.7405755221844,0.0,0.002119462937116623,0.0,0.0,184.01232978887856,493.97910137847066,412.97788546141237,6.84929594967386,0.002119462937116623,0.0024886876344680786,339.525380121544,184.01232978887856,493.97910137847066,412.97788546141237,0.7689272663556039,0.002119462937116623,0.0024886876344680786,339.525380121544,184.01232978887856,493.97910137847066,412.97788546141237,0.0,0.002119462937116623,0.02094016969203949,339.525380121544,622.3600363424048,9484775049.0,621.2830837881193,9484531857.0,609.3781174384058,9484775049.0,607.4915767706759,17754079048.0,603.2395228394307,8269547191.0,603.1107597202063,8269547191.0,890.8717199992388,5598016631.0,883.0628867102787,5321098605.0,852.8872249955311,5598016631.0,829.8570240798751,8732641156.0,828.0287093278021,3411542551.0,827.4069966627285,3411542551.0,0.0,0.0,0.0,0.0,0.0,0.0,0.0,0.0,0.0,0.0,0.0,0.0,0.0,0.0,0.0,0.0,0.0,0.0,0.0,0.0,0.0,0.0,0.0,0.0,60331166.72,25314213.152,0.14919286131486298,1.3685268529387185,59222521.848,24527717.244,0.1485786496978253,1.363465293503552,60331166.72,25314213.152,0.13972698620334267,1.3375523158837104,105946880.816,69087527.96,0.13677839239525338,1.3172086569736416,46724358.968,46724358.968,0.13661038840096443,1.3103097047647454,46724358.968,46724358.968,0.1364027323704213,1.3100294858233996,4565
agnews,query4,2,1/4,333.1311272867024,54.892551391385496,3551072396.0,3886320552.0,0.0,0.0,1192.0,332.31358009856194,54.20929501391947,3541785893.0,3874676875.0,45.0,0.0,1192.0,329.75821933243424,51.519462786614895,3383373633.0,3886320552.0,142.0,0.0,1192.0,330.1138906672557,51.519462786614895,3383373633.0,7572988104.0,142.0,0.0,1192.0,328.52327823871747,51.519462786614895,3383373633.0,3698311229.0,142.0,0.0,1192.0,328.32262905314565,51.519462786614895,3383373633.0,3698311229.0,142.0,0.0,1192.0,54.892551391385496,151.91285103280097,126.32572486251593,0.0,0.0,0.0,0.0,54.20929501391947,150.9368840465322,125.48467154614627,0.0,5.7248398661613464e-05,0.0005656108260154724,1.6821066327393055,51.519462786614895,151.91285103280097,126.32572486251593,0.0,0.0001806505024433136,0.0,0.0,51.519462786614895,142.98256206233054,118.8328109877184,1.7924808196683513,0.0001806505024433136,0.0005656108260154724,14.985827749595046,51.519462786614895,142.98256206233054,118.8328109877184,0.20186839113011956,0.0001806505024433136,0.0005656108260154724,14.985827749595046,51.519462786614895,142.98256206233054,118.8328109877184,0.0,0.0001806505024433136,0.0017848163843154907,14.985827749595046,190.50440041162074,3027248648.0,190.26100453734398,3027248648.0,189.14590118452907,3027248648.0,189.93418906191934,5935496584.0,188.57542774174362,2908247936.0,188.53415541537106,2908247936.0,142.62672687508166,859071904.0,142.05257556121796,847428227.0,140.61231814790517,859071904.0,140.17970160533636,1637491520.0,139.94785049697384,790063293.0,139.7884736377746,790063293.0,0.0,0.0,0.0,0.0,0.0,0.0,0.0,0.0,0.0,0.0,0.0,0.0,0.0,0.0,0.0,0.0,0.0,0.0,0.0,0.0,0.0,0.0,0.0,0.0,15545282.208,13037364.38,0.1841810472495854,0.8039825399639082,15498707.5,13007847.732,0.18376340866833926,0.8039536313058807,15545282.208,13037364.38,0.17997425399906933,0.8024723721606655,30291952.416,27427423.664,0.17861178773791322,0.806156347972501,14793244.916,14793244.916,0.17825487880967558,0.8017023649486712,14793244.916,14793244.916,0.17803362488374114,0.8014173661833627,1192
agnews,query4,2,inf,333.1311272867024,54.892551391385496,3551072396.0,3886320552.0,0.0,0.0,1192.0,332.31358009856194,54.20929501391947,3541785893.0,3874676875.0,45.0,0.0,1192.0,329.75821933243424,51.519462786614895,3383373633.0,3886320552.0,142.0,0.0,1192.0,330.1138906672557,51.519462786614895,3383373633.0,7572988104.0,142.0,0.0,1192.0,328.52327823871747,51.519462786614895,3383373633.0,3698311229.0,142.0,0.0,1192.0,328.32262905314565,51.519462786614895,3383373633.0,3698311229.0,142.0,0.0,1192.0,54.892551391385496,151.91285103280097,126.32572486251593,0.0,0.0,0.0,0.0,54.20929501391947,150.9368840465322,125.48467154614627,0.0,5.7248398661613464e-05,0.0005656108260154724,1.6821066327393055,51.519462786614895,151.91285103280097,126.32572486251593,0.0,0.0001806505024433136,0.0,0.0,51.519462786614895,142.98256206233054,118.8328109877184,1.7924808196683513,0.0001806505024433136,0.0005656108260154724,14.985827749595046,51.519462786614895,142.98256206233054,118.8328109877184,0.20186839113011956,0.0001806505024433136,0.0005656108260154724,14.985827749595046,51.519462786614895,142.98256206233054,118.8328109877184,0.0,0.0001806505024433136,0.0017848163843154907,14.985827749595046,190.50440041162074,3027248648.0,190.26100453734398,3027248648.0,189.14590118452907,3027248648.0,189.93418906191934,5935496584.0,188.57542774174362,2908247936.0,188.53415541537106,2908247936.0,142.62672687508166,859071904.0,142.05257556121796,847428227.0,140.61231814790517,859071904.0,140.17970160533636,1637491520.0,139.94785049697384,790063293.0,139.7884736377746,790063293.0,0.0,0.0,0.0,0.0,0.0,0.0,0.0,0.0,0.0,0.0,0.0,0.0,0.0,0.0,0.0,0.0,0.0,0.0,0.0,0.0,0.0,0.0,0.0,0.0,15545282.208,13037364.38,0.1841810472495854,0.8039825399639082,15498707.5,13007847.732,0.18376340866833926,0.8039536313058807,15545282.208,13037364.38,0.17997425399906933,0.8024723721606655,30291952.416,27427423.664,0.17861178773791322,0.806156347972501,14793244.916,14793244.916,0.17825487880967558,0.8017023649486712,14793244.916,14793244.916,0.17803362488374114,0.8014173661833627,1192
agnews,query4,4,1/4,715.4095203205943,122.24634370673448,7752115236.0,8464499384.0,0.0,0.0,2514.0,712.6508780363947,119.85803020466119,7725476181.0,8430906063.0,111.0,0.0,2514.0,700.949574730359,107.78572894632816,7067306987.0,8464499384.0,526.0,0.0,2514.0,698.963180013648,107.78572894632816,7067306987.0,16125922350.0,526.0,0.0,2514.0,695.4726554206572,107.78572894632816,7067306987.0,7695016287.0,526.0,0.0,2514.0,695.0681387363002,107.78572894632816,7067306987.0,7695016287.0,526.0,0.0,2514.0,122.24634370673448,323.8018496921286,269.36132692173123,0.0,0.0,0.0,0.0,119.85803020466119,320.9616159470752,266.89295834489167,0.0,0.00014121271669864655,0.0013951733708381653,4.9367371536791325,107.78572894632816,323.8018496921286,269.36132692173123,0.0,0.0006691701710224152,0.0,0.0,107.78572894632816,286.77376163192093,238.22128621768206,3.9002574660766034,0.0006691701710224152,0.0013951733708381653,62.28008140809834,107.78572894632816,286.77376163192093,238.22128621768206,0.40973287308588624,0.0006691701710224152,0.0013951733708381653,62.28008140809834,107.78572894632816,286.77376163192093,238.22128621768206,0.0,0.0006691701710224152,0.006611362099647522,62.28008140809834,428.2314630905166,6739923661.0,427.1522375335917,6739923661.0,422.2867046203464,6739923661.0,423.03515270906246,13003844474.0,420.00796578172594,6263920813.0,419.9187264069915,6263920813.0,287.1780572300777,1724575723.0,285.498640502803,1690982402.0,278.6628701100126,1724575723.0,275.9280273045855,3122077876.0,275.4646896389313,1431095474.0,275.1494123293087,1431095474.0,0.0,0.0,0.0,0.0,0.0,0.0,0.0,0.0,0.0,0.0,0.0,0.0,0.0,0.0,0.0,0.0,0.0,0.0,0.0,0.0,0.0,0.0,0.0,0.0,33857997.536,20761357.432,0.11945567473955453,1.132683179993368,33723624.252,20705521.016,0.11844672706909477,1.132641154254041,33857997.536,20761357.432,0.11061816068738699,1.1277591528726736,64503689.4,50309729.004,0.10718423508722555,1.131645190911444,30780065.148,30780065.148,0.10710613014549017,1.125048231866024,30780065.148,30780065.148,0.10689123913086951,1.1247629098651926,2514
agnews,query4,4,inf,715.4095203205943,122.24634370673448,7752115236.0,8464499384.0,0.0,0.0,2514.0,712.6508780363947,119.85803020466119,7725476181.0,8430906063.0,111.0,0.0,2514.0,700.949574730359,107.78572894632816,7067306987.0,8464499384.0,526.0,0.0,2514.0,698.963180013648,107.78572894632816,7067306987.0,16125922350.0,526.0,0.0,2514.0,695.4726554206572,107.78572894632816,7067306987.0,7695016287.0,526.0,0.0,2514.0,695.0681387363002,107.78572894632816,7067306987.0,7695016287.0,526.0,0.0,2514.0,122.24634370673448,323.8018496921286,269.36132692173123,0.0,0.0,0.0,0.0,119.85803020466119,320.9616159470752,266.89295834489167,0.0,0.00014121271669864655,0.0013951733708381653,4.9367371536791325,107.78572894632816,323.8018496921286,269.36132692173123,0.0,0.0006691701710224152,0.0,0.0,107.78572894632816,286.77376163192093,238.22128621768206,3.9002574660766034,0.0006691701710224152,0.0013951733708381653,62.28008140809834,107.78572894632816,286.77376163192093,238.22128621768206,0.40973287308588624,0.0006691701710224152,0.0013951733708381653,62.28008140809834,107.78572894632816,286.77376163192093,238.22128621768206,0.0,0.0006691701710224152,0.006611362099647522,62.28008140809834,428.2314630905166,6739923661.0,427.1522375335917,6739923661.0,422.2867046203464,6739923661.0,423.03515270906246,13003844474.0,420.00796578172594,6263920813.0,419.9187264069915,6263920813.0,287.1780572300777,1724575723.0,285.498640502803,1690982402.0,278.6628701100126,1724575723.0,275.9280273045855,3122077876.0,275.4646896389313,1431095474.0,275.1494123293087,1431095474.0,0.0,0.0,0.0,0.0,0.0,0.0,0.0,0.0,0.0,0.0,0.0,0.0,0.0,0.0,0.0,0.0,0.0,0.0,0.0,0.0,0.0,0.0,0.0,0.0,33857997.536,20761357.432,0.11945567473955453,1.132683179993368,33723624.252,20705521.016,0.11844672706909477,1.132641154254041,33857997.536,20761357.432,0.11061816068738699,1.1277591528726736,64503689.4,50309729.004,0.10718423508722555,1.131645190911444,30780065.148,30780065.148,0.10710613014549017,1.125048231866024,30780065.148,30780065.148,0.10689123913086951,1.1247629098651926,2514
agnews,query4,8,1/4,1449.8841907130554,247.71647541876882,15584396377.0,17030702705.0,0.0,0.0,5251.0,1443.852744509466,242.48200845252723,15524637622.0,16954826934.0,270.0,0.0,5251.0,1403.7584521109238,201.58870259020478,13141718184.0,17030702705.0,1599.0,0.0,5251.0,1390.8883459605881,201.58870259020478,13141718184.0,31249591784.0,1599.0,0.0,5251.0,1383.8971025324427,201.58870259020478,13141718184.0,14294764850.0,1599.0,0.0,5251.0,1383.0615054238588,201.58870259020478,13141718184.0,14294764850.0,1599.0,0.0,5251.0,247.71647541876882,655.8772570444271,546.2904582498595,0.0,0.0,0.0,0.0,242.48200845252723,649.3356368215755,540.5495544197038,0.0,0.0003434903919696808,0.0033936649560928345,11.48180766031146,201.58870259020478,655.8772570444271,546.2904582498595,0.0,0.002034226432442665,0.0,0.0,201.58870259020478,527.1726283086464,438.3028742391616,7.843544909791054,0.002034226432442665,0.0033936649560928345,215.9751680213958,201.58870259020478,527.1726283086464,438.3028742391616,0.8523014816455543,0.002034226432442665,0.0033936649560928345,215.9751680213958,201.58870259020478,527.1726283086464,438.3028742391616,0.0,0.002034226432442665,0.020098038017749786,215.9751680213958,855.6245108107105,13450466812.0,853.4996453812346,13450466812.0,836.0548647027463,13450466812.0,833.7545208040201,25165169007.0,827.7414350216277,11714702195.0,827.5375979011878,11714702195.0,594.2596799023449,3580235893.0,590.3530991282314,3504360122.0,567.7035874081776,3580235893.0,557.133825156568,6084422777.0,556.155667510815,2580062655.0,555.5239075226709,2580062655.0,0.0,0.0,0.0,0.0,0.0,0.0,0.0,0.0,0.0,0.0,0.0,0.0,0.0,0.0,0.0,0.0,0.0,0.0,0.0,0.0,0.0,0.0,0.0,0.0,68122810.82,27770777.58,0.09212773186713458,1.3970561999099325,67819307.736,27756313.204,0.0913480048161,1.39705505293142,68122810.82,27770777.58,0.0828067594897002,1.3757009089870373,124973232.932,82048263.952,0.08034997714887157,1.3695749345354424,57179059.4,57153925.196,0.08038356134481728,1.3611611399054522,57153925.196,57153925.196,0.08017213713750243,1.360876642439514,5251
agnews,query4,8,inf,1449.8841907130554,247.71647541876882,15584396377.0,17030702705.0,0.0,0.0,5251.0,1443.852744509466,242.48200845252723,15524637622.0,16954826934.0,270.0,0.0,5251.0,1403.7584521109238,201.58870259020478,13141718184.0,17030702705.0,1599.0,0.0,5251.0,1390.8883459605881,201.58870259020478,13141718184.0,31249591784.0,1599.0,0.0,5251.0,1383.8971025324427,201.58870259020478,13141718184.0,14294764850.0,1599.0,0.0,5251.0,1383.0615054238588,201.58870259020478,13141718184.0,14294764850.0,1599.0,0.0,5251.0,247.71647541876882,655.8772570444271,546.2904582498595,0.0,0.0,0.0,0.0,242.48200845252723,649.3356368215755,540.5495544197038,0.0,0.0003434903919696808,0.0033936649560928345,11.48180766031146,201.58870259020478,655.8772570444271,546.2904582498595,0.0,0.002034226432442665,0.0,0.0,201.58870259020478,527.1726283086464,438.3028742391616,7.843544909791054,0.002034226432442665,0.0033936649560928345,215.9751680213958,201.58870259020478,527.1726283086464,438.3028742391616,0.8523014816455543,0.002034226432442665,0.0033936649560928345,215.9751680213958,201.58870259020478,527.1726283086464,438.3028742391616,0.0,0.002034226432442665,0.020098038017749786,215.9751680213958,855.6245108107105,13450466812.0,853.4996453812346,13450466812.0,836.0548647027463,13450466812.0,833.7545208040201,25165169007.0,827.7414350216277,11714702195.0,827.5375979011878,11714702195.0,594.2596799023449,3580235893.0,590.3530991282314,3504360122.0,567.7035874081776,3580235893.0,557.133825156568,6084422777.0,556.155667510815,2580062655.0,555.5239075226709,2580062655.0,0.0,0.0,0.0,0.0,0.0,0.0,0.0,0.0,0.0,0.0,0.0,0.0,0.0,0.0,0.0,0.0,0.0,0.0,0.0,0.0,0.0,0.0,0.0,0.0,68122810.82,27770777.58,0.09212773186713458,1.3970561999099325,67819307.736,27756313.204,0.0913480048161,1.39705505293142,68122810.82,27770777.58,0.0828067594897002,1.3757009089870373,124998367.136,82073398.156,0.08034997714887157,1.3695749345354424,57179059.4,57179059.4,0.08038356134481728,1.3611611399054522,57179059.4,57179059.4,0.08017213713750243,1.360876642439514,5251
bookreview,query1,2,1/4,16.783670481294394,3.575111267156899,119668385.0,133062129.0,0.0,0.0,2170.0,16.602137003093958,3.4426399981603026,111675575.0,124613238.0,120.0,0.0,2170.0,15.99699336476624,2.787852761335671,93931264.0,133062129.0,457.0,0.0,2170.0,15.729923716586185,2.787852761335671,93931264.0,228305103.0,457.0,0.0,2170.0,16.031755775678903,2.787852761335671,93931264.0,103691865.0,457.0,0.0,2170.0,15.676511650905013,2.787852761335671,93931264.0,103691865.0,457.0,0.0,2170.0,3.575111267156899,7.395407500676811,5.813151713460684,0.0,0.0,0.0,0.0,3.4426399981603026,7.133478373289108,5.601945753209293,0.0,0.00015266239643096924,0.0015082955360412598,0.42241192050278187,2.787852761335671,7.395407500676811,5.813151713460684,0.0,0.0005813892930746078,0.0,0.0,2.787852761335671,5.628125581890345,4.3720956007018685,0.05764786231155529,0.0005813892930746078,0.0015082955360412598,2.8821122255176306,2.787852761335671,5.628125581890345,4.3720956007018685,0.3594799214042723,0.0005813892930746078,0.0015082955360412598,2.8821122255176306,2.787852761335671,5.628125581890345,4.3720956007018685,0.0,0.0005813892930746078,0.005744092166423798,2.8821122255176306,0.0,0.0,0.0,0.0,0.0,0.0,0.0,0.0,0.0,0.0,0.0,0.0,12.592578599229455,74645843.0,12.560379918664694,73934993.0,12.058506907895207,74645843.0,11.863230217961302,134028289.0,11.974360655527562,60093296.0,11.831188725307584,60093296.0,0.0,0.0,0.0,0.0,0.0,0.0,0.0,0.0,0.0,0.0,0.0,0.0,4.1910918820649385,58416286.0,4.041757084429264,50678245.0,3.9384864568710327,58416286.0,3.8666934986248838,94276814.0,4.057395120151341,43598569.0,3.8453229255974293,43598569.0,532248.516,344505.272,0.006114832881838083,0.02400611640810966,498452.952,316150.736,0.0060145534630864856,0.023996372652240094,532248.516,344505.272,0.005752912929281592,0.02330145577806979,913220.412,704284.08,0.005644818860597095,0.023054963499281038,414767.46,414767.46,0.005805461123585701,0.023274053071252996,414767.46,414767.46,0.005619885360822081,0.022991104875504965,2170
bookreview,query1,2,inf,16.783670481294394,3.575111267156899,119668385.0,133062129.0,0.0,0.0,2170.0,16.602137003093958,3.4426399981603026,111675575.0,124613238.0,120.0,0.0,2170.0,15.99699336476624,2.787852761335671,93931264.0,133062129.0,457.0,0.0,2170.0,15.729923716586185,2.787852761335671,93931264.0,228305103.0,457.0,0.0,2170.0,16.031755775678903,2.787852761335671,93931264.0,103691865.0,457.0,0.0,2170.0,15.676511650905013,2.787852761335671,93931264.0,103691865.0,457.0,0.0,2170.0,3.575111267156899,7.395407500676811,5.813151713460684,0.0,0.0,0.0,0.0,3.4426399981603026,7.133478373289108,5.601945753209293,0.0,0.00015266239643096924,0.0015082955360412598,0.42241192050278187,2.787852761335671,7.395407500676811,5.813151713460684,0.0,0.0005813892930746078,0.0,0.0,2.787852761335671,5.628125581890345,4.3720956007018685,0.05764786231155529,0.0005813892930746078,0.0015082955360412598,2.8821122255176306,2.787852761335671,5.628125581890345,4.3720956007018685,0.3594799214042723,0.0005813892930746078,0.0015082955360412598,2.8821122255176306,2.787852761335671,5.628125581890345,4.3720956007018685,0.0,0.0005813892930746078,0.005744092166423798,2.8821122255176306,0.0,0.0,0.0,0.0,0.0,0.0,0.0,0.0,0.0,0.0,0.0,0.0,12.592578599229455,74645843.0,12.560379918664694,73934993.0,12.058506907895207,74645843.0,11.863230217961302,134028289.0,11.974360655527562,60093296.0,11.831188725307584,60093296.0,0.0,0.0,0.0,0.0,0.0,0.0,0.0,0.0,0.0,0.0,0.0,0.0,4.1910918820649385,58416286.0,4.041757084429264,50678245.0,3.9384864568710327,58416286.0,3.8666934986248838,94276814.0,4.057395120151341,43598569.0,3.8453229255974293,43598569.0,532248.516,344505.272,0.006114832881838083,0.02400611640810966,498452.952,316150.736,0.0060145534630864856,0.023996372652240094,532248.516,344505.272,0.005752912929281592,0.02330145577806979,913220.412,704284.08,0.005644818860597095,0.023054963499281038,414767.46,414767.46,0.005805461123585701,0.023274053071252996,414767.46,414767.46,0.005619885360822081,0.022991104875504965,2170
bookreview,query1,4,1/4,34.98065125010908,7.30361573304981,254962224.0,283139414.0,0.0,0.0,4402.0,34.520787213929,6.96626060269773,234952782.0,261936984.0,298.0,0.0,4402.0,32.28085464425385,4.601877770386636,166295301.0,283139414.0,1526.0,0.0,4402.0,31.27016338573862,4.601877770386636,166295301.0,443621650.0,1526.0,0.0,4402.0,31.887648882810026,4.601877770386636,166295301.0,181684666.0,1526.0,0.0,4402.0,31.1644224897027,4.601877770386636,166295301.0,181684666.0,1526.0,0.0,4402.0,7.30361573304981,15.476348656229675,12.200686860829592,0.0,0.0,0.0,0.0,6.96626060269773,14.804520764388144,11.655492587015033,0.0,0.0003791116178035736,0.0037456005811691284,1.090388547629118,4.601877770386636,15.476348656229675,12.200686860829592,0.0,0.0019413568079471588,0.0,0.0,4.601877770386636,9.312712790444493,7.172663641162217,0.12117578702140827,0.0019413568079471588,0.0037456005811691284,10.05604643933475,4.601877770386636,9.312712790444493,7.172663641162217,0.7386612840928137,0.0019413568079471588,0.0037456005811691284,10.05604643933475,4.601877770386636,9.312712790444493,7.172663641162217,0.0,0.0019413568079471588,0.01918049156665802,10.05604643933475,0.0,0.0,0.0,0.0,0.0,0.0,0.0,0.0,0.0,0.0,0.0,0.0,26.07623514160514,153932111.0,25.985700372606516,151926590.0,24.196694412268698,153932111.0,23.443666771525677,251544236.0,23.671189207118005,99617646.0,23.38100025523454,99617646.0,0.0,0.0,0.0,0.0,0.0,0.0,0.0,0.0,0.0,0.0,0.0,0.0,8.904416108503938,129207303.0,8.535086841322482,110010394.0,8.084160231985152,129207303.0,7.826496614212942,192077414.0,8.216459675692022,82067020.0,7.783422234468162,82067020.0,1132557.656,465045.04,0.005443697188049555,0.025068422181904314,1047747.936,417199.656,0.005311045657843351,0.025062013576552272,1132557.656,465045.04,0.004938603918999434,0.023922743723727758,1774486.6,1072749.704,0.004783194908464267,0.023491042067999922,726738.664,726738.664,0.004940701040439308,0.02371270248368382,726738.664,726738.664,0.004759443894028664,0.023430600693821906,4402
bookreview,query1,4,inf,34.98065125010908,7.30361573304981,254962224.0,283139414.0,0.0,0.0,4402.0,34.520787213929,6.96626060269773,234952782.0,261936984.0,298.0,0.0,4402.0,32.28085464425385,4.601877770386636,166295301.0,283139414.0,1526.0,0.0,4402.0,31.27016338573862,4.601877770386636,166295301.0,443621650.0,1526.0,0.0,4402.0,31.887648882810026,4.601877770386636,166295301.0,181684666.0,1526.0,0.0,4402.0,31.1644224897027,4.601877770386636,166295301.0,181684666.0,1526.0,0.0,4402.0,7.30361573304981,15.476348656229675,12.200686860829592,0.0,0.0,0.0,0.0,6.96626060269773,14.804520764388144,11.655492587015033,0.0,0.0003791116178035736,0.0037456005811691284,1.090388547629118,4.601877770386636,15.476348656229675,12.200686860829592,0.0,0.0019413568079471588,0.0,0.0,4.601877770386636,9.312712790444493,7.172663641162217,0.12117578702140827,0.0019413568079471588,0.0037456005811691284,10.05604643933475,4.601877770386636,9.312712790444493,7.172663641162217,0.7386612840928137,0.0019413568079471588,0.0037456005811691284,10.05604643933475,4.601877770386636,9.312712790444493,7.172663641162217,0.0,0.0019413568079471588,0.01918049156665802,10.05604643933475,0.0,0.0,0.0,0.0,0.0,0.0,0.0,0.0,0.0,0.0,0.0,0.0,26.07623514160514,153932111.0,25.985700372606516,151926590.0,24.196694412268698,153932111.0,23.443666771525677,251544236.0,23.671189207118005,99617646.0,23.38100025523454,99617646.0,0.0,0.0,0.0,0.0,0.0,0.0,0.0,0.0,0.0,0.0,0.0,0.0,8.904416108503938,129207303.0,8.535086841322482,110010394.0,8.084160231985152,129207303.0,7.826496614212942,192077414.0,8.216459675692022,82067020.0,7.783422234468162,82067020.0,1132557.656,465045.04,0.005443697188049555,0.025068422181904314,1047747.936,417199.656,0.005311045657843351,0.025062013576552272,1132557.656,465045.04,0.004938603918999434,0.023922743723727758,1774486.6,1072749.704,0.004783194908464267,0.023491042067999922,726738.664,726738.664,0.004940701040439308,0.02371270248368382,726738.664,726738.664,0.004759443894028664,0.023430600693821906,4402
bookreview,query1,8,1/4,69.43776735663414,14.656540569849312,501306623.0,556774514.0,0.0,0.0,8781.0,68.6257416093722,14.064683120697737,467774102.0,521124977.0,504.0,0.0,8781.0,62.37256341986358,7.586326762102544,272814349.0,556774514.0,3938.0,0.0,8781.0,59.58863473642507,7.586326762102544,272814349.0,816490009.0,3938.0,0.0,8781.0,60.81402738392353,7.586326762102544,272814349.0,295365032.0,3938.0,0.0,8781.0,59.39071727544069,7.586326762102544,272814349.0,295365032.0,3938.0,0.0,8781.0,14.656540569849312,30.639432194642723,24.141794592142105,0.0,0.0,0.0,0.0,14.064683120697737,29.445444316603243,23.174951035529375,0.0,0.0006411820650100708,0.006334841251373291,1.93368711322546,7.586326762102544,30.639432194642723,24.141794592142105,0.0,0.0050098709762096405,0.0,0.0,7.586326762102544,14.499473864212632,11.03317963797599,0.2410798515741034,0.0050098709762096405,0.006334841251373291,26.21722990833223,7.586326762102544,14.499473864212632,11.03317963797599,1.4664724990725517,0.0050098709762096405,0.006334841251373291,26.21722990833223,7.586326762102544,14.499473864212632,11.03317963797599,0.0,0.0050098709762096405,0.04949723184108734,26.21722990833223,0.0,0.0,0.0,0.0,0.0,0.0,0.0,0.0,0.0,0.0,0.0,0.0,52.08540091384202,313805523.0,51.88567494601011,309544089.0,47.01518659852445,313805523.0,44.90802258860116,468586191.0,45.352154448162764,159042102.0,44.785876367241144,159042102.0,0.0,0.0,0.0,0.0,0.0,0.0,0.0,0.0,0.0,0.0,0.0,0.0,17.352366442792118,242968991.0,16.740066663362086,211580888.0,15.35737682133913,242968991.0,14.68061214782391,347903818.0,15.461872935760766,136322930.0,14.604840908199549,136322930.0,2227098.056,561930.34,0.004537502694875002,0.025132567272894084,2084499.908,506640.236,0.004395650336518884,0.02513077039774507,2227098.056,561930.34,0.004080582836642861,0.023599887672998008,3250957.244,1560407.184,0.003965691213751437,0.023022302403749886,1181460.128,1172273.64,0.004125466908328235,0.023246263700164853,1172292.516,1172292.516,0.003944731753319502,0.0229648984612897,8781
bookreview,query1,8,inf,69.43776735663414,14.656540569849312,501306623.0,556774514.0,0.0,0.0,8781.0,68.6257416093722,14.064683120697737,467774102.0,521124977.0,504.0,0.0,8781.0,62.370703467167914,7.584464265033603,272742106.0,556774514.0,3940.0,0.0,8781.0,59.585825445650904,7.584464265033603,272742106.0,816420619.0,3940.0,0.0,8781.0,60.811218093149364,7.584464265033603,272742106.0,295295642.0,3940.0,0.0,8781.0,59.38793312292546,7.584464265033603,272742106.0,295295642.0,3940.0,0.0,8781.0,14.656540569849312,30.639432194642723,24.141794592142105,0.0,0.0,0.0,0.0,14.064683120697737,29.445444316603243,23.174951035529375,0.0,0.0006411820650100708,0.006334841251373291,1.93368711322546,7.584464265033603,30.639432194642723,24.141794592142105,0.0,0.00501241534948349,0.0,0.0,7.584464265033603,14.497161510400474,11.031816622242332,0.2410798515741034,0.00501241534948349,0.006334841251373291,26.219955939799547,7.584464265033603,14.497161510400474,11.031816622242332,1.4664724990725517,0.00501241534948349,0.006334841251373291,26.219955939799547,7.584464265033603,14.497161510400474,11.031816622242332,0.0,0.00501241534948349,0.04952237010002136,26.219955939799547,0.0,0.0,0.0,0.0,0.0,0.0,0.0,0.0,0.0,0.0,0.0,0.0,52.08540091384202,313805523.0,51.88567494601011,309544089.0,47.01419608108699,313805523.0,44.90644977476244,468586191.0,45.350581634324044,159042102.0,44.78431612253189,159042102.0,0.0,0.0,0.0,0.0,0.0,0.0,0.0,0.0,0.0,0.0,0.0,0.0,17.352366442792118,242968991.0,16.740066663362086,211580888.0,15.35650738608092,242968991.0,14.679375670888463,347834428.0,15.46063645882532,136253540.0,14.60361700039357,136253540.0,2227098.056,561930.34,0.004537502694875002,0.025132567272894084,2084499.908,506640.236,0.004395650336518884,0.02513077039774507,2227098.056,561930.34,0.004080582836642861,0.023599887672998008,3265682.476,1566859.968,0.003965691213751437,0.023022302403749886,1181182.568,1181182.568,0.004125466908328235,0.023246263700164853,1181182.568,1181182.568,0.003944731753319502,0.0229648984612897,8781
bookreview,query2,2,1/4,8.413849542848766,3.0433781556785107,59153134.0,60334301.0,0.0,0.0,2003.0,8.18763210810721,2.8823669077828526,54934842.0,55516742.0,105.0,0.0,2003.0,8.062272364273667,2.691517279483378,51671220.0,60334301.0,223.0,0.0,2003.0,7.944903116125022,2.691517279483378,51671220.0,107456853.0,223.0,0.0,2003.0,8.153067821171135,2.691517279483378,51671220.0,51940111.0,223.0,0.0,2003.0,7.920703436248004,2.691517279483378,51671220.0,51940111.0,223.0,0.0,2003.0,3.0433781556785107,3.281395542435348,2.089075844734907,0.0,0.0,0.0,0.0,2.8823669077828526,2.95964617934078,1.8339860066771507,0.0,0.00013357959687709808,0.0013197585940361023,0.5101796761155128,2.691517279483378,3.281395542435348,2.089075844734907,0.0,0.00028369762003421783,0.0,0.0,2.691517279483378,2.68120423797518,1.6332563841715455,0.025682837154124335,0.00028369762003421783,0.0013197585940361023,0.9116389211267233,2.691517279483378,2.68120423797518,1.6332563841715455,0.2338475422002375,0.00028369762003421783,0.0013197585940361023,0.9116389211267233,2.691517279483378,2.68120423797518,1.6332563841715455,0.0,0.00028369762003421783,0.002802915871143341,0.9116389211267233,0.0,0.0,0.0,0.0,0.0,0.0,0.0,0.0,0.0,0.0,0.0,0.0,5.125001518055797,16905796.0,5.005228849127889,14442708.0,4.914505434222519,16905796.0,4.8388326742421555,26769980.0,4.876693660393357,12327272.0,4.832779727876186,12327272.0,0.0,0.0,0.0,0.0,0.0,0.0,0.0,0.0,0.0,0.0,0.0,0.0,3.2888480247929692,43428505.0,3.1824032589793205,41074034.0,3.147766930051148,43428505.0,3.106070441882866,80686873.0,3.2763741607777774,39612839.0,3.087923708371818,39612839.0,241337.204,173762.248,0.0028664835356175897,0.010253228756971655,222066.968,157445.612,0.0028188915736973284,0.01013240898121148,241337.204,173762.248,0.0027752282712608578,0.009945712666772303,429827.412,348791.916,0.0027652251971891813,0.00986388176936901,207760.444,207760.444,0.0028772484557703136,0.010022730782441792,207760.444,207760.444,0.002757150065153837,0.00982646090146154,2003
bookreview,query2,2,inf,8.413849542848766,3.0433781556785107,59153134.0,60334301.0,0.0,0.0,2003.0,8.18763210810721,2.8823669077828526,54934842.0,55516742.0,105.0,0.0,2003.0,8.062272364273667,2.691517279483378,51671220.0,60334301.0,223.0,0.0,2003.0,7.944903116125022,2.691517279483378,51671220.0,107456853.0,223.0,0.0,2003.0,8.153067821171135,2.691517279483378,51671220.0,51940111.0,223.0,0.0,2003.0,7.920703436248004,2.691517279483378,51671220.0,51940111.0,223.0,0.0,2003.0,3.0433781556785107,3.281395542435348,2.089075844734907,0.0,0.0,0.0,0.0,2.8823669077828526,2.95964617934078,1.8339860066771507,0.0,0.00013357959687709808,0.0013197585940361023,0.5101796761155128,2.691517279483378,3.281395542435348,2.089075844734907,0.0,0.00028369762003421783,0.0,0.0,2.691517279483378,2.68120423797518,1.6332563841715455,0.025682837154124335,0.00028369762003421783,0.0013197585940361023,0.9116389211267233,2.691517279483378,2.68120423797518,1.6332563841715455,0.2338475422002375,0.00028369762003421783,0.0013197585940361023,0.9116389211267233,2.691517279483378,2.68120423797518,1.6332563841715455,0.0,0.00028369762003421783,0.002802915871143341,0.9116389211267233,0.0,0.0,0.0,0.0,0.0,0.0,0.0,0.0,0.0,0.0,0.0,0.0,5.125001518055797,16905796.0,5.005228849127889,14442708.0,4.914505434222519,16905796.0,4.8388326742421555,26769980.0,4.876693660393357,12327272.0,4.832779727876186,12327272.0,0.0,0.0,0.0,0.0,0.0,0.0,0.0,0.0,0.0,0.0,0.0,0.0,3.2888480247929692,43428505.0,3.1824032589793205,41074034.0,3.147766930051148,43428505.0,3.106070441882866,80686873.0,3.2763741607777774,39612839.0,3.087923708371818,39612839.0,241337.204,173762.248,0.0028664835356175897,0.010253228756971655,222066.968,157445.612,0.0028188915736973284,0.01013240898121148,241337.204,173762.248,0.0027752282712608578,0.009945712666772303,429827.412,348791.916,0.0027652251971891813,0.00986388176936901,207760.444,207760.444,0.0028772484557703136,0.010022730782441792,207760.444,207760.444,0.002757150065153837,0.00982646090146154,2003
bookreview,query2,4,1/4,16.53709706477821,6.140050469897687,119570755.0,121362704.0,0.0,0.0,4044.0,16.187314353883266,5.884534451179206,113925063.0,115046639.0,181.0,0.0,4044.0,15.431817512959242,5.033854943700135,101373856.0,121362704.0,720.0,0.0,4044.0,15.031883481377722,5.033854943700135,101373856.0,216783042.0,720.0,0.0,4044.0,15.45863405847922,5.033854943700135,101373856.0,101736403.0,720.0,0.0,4044.0,14.985436025075614,5.033854943700135,101373856.0,101736403.0,720.0,0.0,4044.0,6.140050469897687,6.3844892689958215,4.0125573258847,0.0,0.0,0.0,0.0,5.884534451179206,5.965702853165567,3.6905428804457188,0.0,0.0002302657812833786,0.0022750124335289,0.6440288908779621,5.033854943700135,6.3844892689958215,4.0125573258847,0.0,0.0009159743785858154,0.0,0.0,5.033854943700135,4.865558140911162,2.949057458899915,0.053222217084826946,0.0009159743785858154,0.0022750124335289,2.126999733969569,5.033854943700135,4.865558140911162,2.949057458899915,0.4799727941863239,0.0009159743785858154,0.0022750124335289,2.126999733969569,5.033854943700135,4.865558140911162,2.949057458899915,0.0,0.0009159743785858154,0.009049773216247559,2.126999733969569,0.0,0.0,0.0,0.0,0.0,0.0,0.0,0.0,0.0,0.0,0.0,0.0,9.926336790435016,31958650.0,9.753546634688973,29042162.0,9.233074286021292,31958650.0,8.977211082834696,50313588.0,9.054573711007833,21271426.0,8.966804924421012,21271426.0,0.0,0.0,0.0,0.0,0.0,0.0,0.0,0.0,0.0,0.0,0.0,0.0,6.610760274343193,89404054.0,6.433767719194293,86004477.0,6.19874322693795,89404054.0,6.054672398543027,166469454.0,6.404060347471386,80464977.0,6.018631100654602,80464977.0,485450.816,245164.656,0.0027442803625017404,0.012482387677580113,460186.556,230035.772,0.0027119941134005785,0.012369730936735863,485450.816,245164.656,0.0025611232370138168,0.011913898289389902,867132.168,584176.36,0.002554817117688801,0.011732434252068265,406945.612,406945.612,0.002654286250472069,0.011909329003468149,406945.612,406945.612,0.002548474844545126,0.011682779141701752,4044
bookreview,query2,4,inf,16.53709706477821,6.140050469897687,119570755.0,121362704.0,0.0,0.0,4044.0,16.187314353883266,5.884534451179206,113925063.0,115046639.0,181.0,0.0,4044.0,15.431817512959242,5.033854943700135,101373856.0,121362704.0,720.0,0.0,4044.0,15.031883481377722,5.033854943700135,101373856.0,216783042.0,720.0,0.0,4044.0,15.45863405847922,5.033854943700135,101373856.0,101736403.0,720.0,0.0,4044.0,14.985436025075614,5.033854943700135,101373856.0,101736403.0,720.0,0.0,4044.0,6.140050469897687,6.3844892689958215,4.0125573258847,0.0,0.0,0.0,0.0,5.884534451179206,5.965702853165567,3.6905428804457188,0.0,0.0002302657812833786,0.0022750124335289,0.6440288908779621,5.033854943700135,6.3844892689958215,4.0125573258847,0.0,0.0009159743785858154,0.0,0.0,5.033854943700135,4.865558140911162,2.949057458899915,0.053222217084826946,0.0009159743785858154,0.0022750124335289,2.126999733969569,5.033854943700135,4.865558140911162,2.949057458899915,0.4799727941863239,0.0009159743785858154,0.0022750124335289,2.126999733969569,5.033854943700135,4.865558140911162,2.949057458899915,0.0,0.0009159743785858154,0.009049773216247559,2.126999733969569,0.0,0.0,0.0,0.0,0.0,0.0,0.0,0.0,0.0,0.0,0.0,0.0,9.926336790435016,31958650.0,9.753546634688973,29042162.0,9.233074286021292,31958650.0,8.977211082834696,50313588.0,9.054573711007833,21271426.0,8.966804924421012,21271426.0,0.0,0.0,0.0,0.0,0.0,0.0,0.0,0.0,0.0,0.0,0.0,0.0,6.610760274343193,89404054.0,6.433767719194293,86004477.0,6.19874322693795,89404054.0,6.054672398543027,166469454.0,6.404060347471386,80464977.0,6.018631100654602,80464977.0,485450.816,245164.656,0.0027442803625017404,0.012482387677580113,460186.556,230035.772,0.0027119941134005785,0.012369730936735863,485450.816,245164.656,0.0025611232370138168,0.011913898289389902,867132.168,584176.36,0.002554817117688801,0.011732434252068265,406945.612,406945.612,0.002654286250472069,0.011909329003468149,406945.612,406945.612,0.002548474844545126,0.011682779141701752,4044
bookreview,query2,8,1/4,34.50613748282194,12.4385737311095,247363093.0,252966079.0,0.0,0.0,8198.0,33.73988289292902,11.882166032679379,234742419.0,238980132.0,408.0,0.0,8198.0,30.97629505675286,8.905842169187963,186744178.0,252966079.0,2271.0,0.0,8198.0,29.627760629826682,8.905842169187963,186744178.0,426798689.0,2271.0,0.0,8198.0,30.492283589672297,8.905842169187963,186744178.0,187818557.0,2271.0,0.0,8198.0,29.540621298365295,8.905842169187963,186744178.0,187818557.0,2271.0,0.0,8198.0,12.4385737311095,13.454076034016907,8.613487717695534,0.0,0.0,0.0,0.0,11.882166032679379,12.55644059740007,7.931346429511905,0.0,0.0005190521478652954,0.005128204822540283,1.364282576367259,8.905842169187963,13.454076034016907,8.613487717695534,0.0,0.002889135852456093,0.0,0.0,8.905842169187963,8.582328089512885,5.205958024598658,0.11055561965842912,0.002889135852456093,0.005128204822540283,6.815059386193752,8.905842169187963,8.582328089512885,5.205958024598658,0.9750785795040429,0.002889135852456093,0.005128204822540283,6.815059386193752,8.905842169187963,8.582328089512885,5.205958024598658,0.0,0.002889135852456093,0.02854449301958084,6.815059386193752,0.0,0.0,0.0,0.0,0.0,0.0,0.0,0.0,0.0,0.0,0.0,0.0,21.213358744978905,76238131.0,20.866070365533233,70327677.0,18.956483798101544,76238131.0,18.10060119708216,112071036.0,18.26251126965508,41743359.0,18.078976614400744,41743359.0,0.0,0.0,0.0,0.0,0.0,0.0,0.0,0.0,0.0,0.0,0.0,0.0,13.292778737843037,176727948.0,12.873812527395785,168652455.0,12.019811258651316,176727948.0,11.527159432744524,314727653.0,12.229772320017219,146075198.0,11.46164468396455,146075198.0,1011864.316,335039.752,0.0027008015885949133,0.014894622303731736,955920.528,320699.94,0.002670011794194579,0.014844366570934648,1011864.316,335039.752,0.002454864289611578,0.013552242421731349,1707194.756,965379.244,0.002434423214668618,0.01307169453262655,751274.228,751274.228,0.0025303838439285757,0.013257682749535883,751274.228,751274.228,0.002428507708013058,0.013014704773761328,8198
bookreview,query2,8,inf,34.50613748282194,12.4385737311095,247363093.0,252966079.0,0.0,0.0,8198.0,33.73988289292902,11.882166032679379,234742419.0,238980132.0,408.0,0.0,8198.0,30.97629505675286,8.905842169187963,186744178.0,252966079.0,2271.0,0.0,8198.0,29.627760629826682,8.905842169187963,186744178.0,426798689.0,2271.0,0.0,8198.0,30.492283589672297,8.905842169187963,186744178.0,187818557.0,2271.0,0.0,8198.0,29.540621298365295,8.905842169187963,186744178.0,187818557.0,2271.0,0.0,8198.0,12.4385737311095,13.454076034016907,8.613487717695534,0.0,0.0,0.0,0.0,11.882166032679379,12.55644059740007,7.931346429511905,0.0,0.0005190521478652954,0.005128204822540283,1.364282576367259,8.905842169187963,13.454076034016907,8.613487717695534,0.0,0.002889135852456093,0.0,0.0,8.905842169187963,8.582328089512885,5.205958024598658,0.11055561965842912,0.002889135852456093,0.005128204822540283,6.815059386193752,8.905842169187963,8.582328089512885,5.205958024598658,0.9750785795040429,0.002889135852456093,0.005128204822540283,6.815059386193752,8.905842169187963,8.582328089512885,5.205958024598658,0.0,0.002889135852456093,0.02854449301958084,6.815059386193752,0.0,0.0,0.0,0.0,0.0,0.0,0.0,0.0,0.0,0.0,0.0,0.0,21.213358744978905,76238131.0,20.866070365533233,70327677.0,18.956483798101544,76238131.0,18.10060119708216,112071036.0,18.26251126965508,41743359.0,18.078976614400744,41743359.0,0.0,0.0,0.0,0.0,0.0,0.0,0.0,0.0,0.0,0.0,0.0,0.0,13.292778737843037,176727948.0,12.873812527395785,168652455.0,12.019811258651316,176727948.0,11.527159432744524,314727653.0,12.229772320017219,146075198.0,11.46164468396455,146075198.0,1011864.316,335039.752,0.0027008015885949133,0.014894622303731736,955920.528,320699.94,0.002670011794194579,0.014844366570934648,1011864.316,335039.752,0.002454864289611578,0.013552242421731349,1707194.756,965379.244,0.002434423214668618,0.01307169453262655,751274.228,751274.228,0.0025303838439285757,0.013257682749535883,751274.228,751274.228,0.002428507708013058,0.013014704773761328,8198
bookreview,query3,2,1/4,7.063800451345742,2.517356939613819,43401767.0,44702523.0,0.0,0.0,1732.0,6.85431213863194,2.369746637530625,42059864.0,43555725.0,132.0,0.0,1732.0,6.698422314599156,2.1516085965558887,40450118.0,44702523.0,291.0,0.0,1732.0,6.581162270969354,2.1516085965558887,40450118.0,85431255.0,291.0,0.0,1732.0,6.737754686269909,2.1516085965558887,40450118.0,41875530.0,291.0,0.0,1732.0,6.555515829473734,2.1468186918646097,39742925.0,41158083.0,293.0,5.0,1732.0,2.517356939613819,2.8019358683377504,1.7445076433941722,0.0,0.0,0.0,0.0,2.369746637530625,2.681685684248805,1.6879625236615539,0.0,0.00016792863607406616,0.0016591250896453857,0.11309023946523666,2.1516085965558887,2.8019358683377504,1.7445076433941722,0.0,0.0003702063113451004,0.0,0.0,2.1516085965558887,2.4799609445035458,1.5616013882681727,0.020149499988756942,0.0003702063113451004,0.0016591250896453857,0.3658125102519989,2.1516085965558887,2.4799609445035458,1.5616013882681727,0.1767419152893126,0.0003702063113451004,0.0016591250896453857,0.3658125102519989,2.1468186918646097,2.4704605396836996,1.5548341944813728,0.0,0.0003727506846189499,0.003682754933834076,0.3793468978255987,0.0,0.0,0.0,0.0,0.0,0.0,0.0,0.0,0.0,0.0,0.0,0.0,5.160544450394809,26630579.0,5.0895252246409655,26068409.0,4.949777700006962,26630579.0,4.909681720909176,50590321.0,5.008692547213286,24521912.0,4.898627633228898,24521912.0,0.0,0.0,0.0,0.0,0.0,0.0,0.0,0.0,0.0,0.0,0.0,0.0,1.9032560009509325,18071944.0,1.7647869139909744,17487316.0,1.7486446145921946,18071944.0,1.671480550060178,34840934.0,1.729062139056623,17353618.0,1.6568881962448359,16636171.0,178810.092,144834.784,0.0028972439914941787,0.010228812586888668,174222.9,141905.972,0.0028814669419080017,0.010216682632453738,178810.092,144834.784,0.0027569453045725822,0.010082271015830336,322692.52,286037.292,0.0027267936908498577,0.01008699192495843,167502.12,162060.304,0.0028147923396900296,0.01029317087754607,162256.988,162060.304,0.002721226604655385,0.010055576486140486,1732
bookreview,query3,2,inf,7.063800451345742,2.517356939613819,43401767.0,44702523.0,0.0,0.0,1732.0,6.85431213863194,2.369746637530625,42059864.0,43555725.0,132.0,0.0,1732.0,6.685930001549423,2.1391086503863335,39545806.0,44702523.0,297.0,0.0,1732.0,6.561020804448627,2.1391086503863335,39545806.0,84486125.0,297.0,0.0,1732.0,6.7176132197491825,2.1391086503863335,39545806.0,40930400.0,297.0,0.0,1732.0,6.542945210821927,2.1391086503863335,39545806.0,40930400.0,297.0,0.0,1732.0,2.517356939613819,2.8019358683377504,1.7445076433941722,0.0,0.0,0.0,0.0,2.369746637530625,2.681685684248805,1.6879625236615539,0.0,0.00016792863607406616,0.0016591250896453857,0.11309023946523666,2.1391086503863335,2.8019358683377504,1.7445076433941722,0.0,0.00037783943116664886,0.0,0.0,2.1391086503863335,2.4517860896885395,1.5410756869241595,0.020149499988756942,0.00037783943116664886,0.0016591250896453857,0.40686391294002533,2.1391086503863335,2.4517860896885395,1.5410756869241595,0.1767419152893126,0.00037783943116664886,0.0016591250896453857,0.40686391294002533,2.1391086503863335,2.4517860896885395,1.5410756869241595,0.0,0.00037783943116664886,0.003733031451702118,0.40686391294002533,0.0,0.0,0.0,0.0,0.0,0.0,0.0,0.0,0.0,0.0,0.0,0.0,5.160544450394809,26630579.0,5.0895252246409655,26068409.0,4.94371841289103,26630579.0,4.899822197173235,50362638.0,4.998833023477346,24294229.0,4.888793247751892,24294229.0,0.0,0.0,0.0,0.0,0.0,0.0,0.0,0.0,0.0,0.0,0.0,0.0,1.9032560009509325,18071944.0,1.7647869139909744,17487316.0,1.7422115886583924,18071944.0,1.6611986072753917,34123487.0,1.7187801962718368,16636171.0,1.654151963070035,16636171.0,178810.092,144834.784,0.0028972439914941787,0.010228812586888668,174222.9,141905.972,0.0028814669419080017,0.010216682632453738,178810.092,144834.784,0.0027562279794365167,0.010082271015830336,337944.5,298250.504,0.0027259900562110815,0.01008699192495843,163721.6,163721.6,0.002813989677466452,0.01029317087754607,163721.6,163721.6,0.002721166405826807,0.010055576486140486,1732
bookreview,query3,4,1/4,13.107383457943797,4.947675049304962,68117387.0,69612959.0,0.0,0.0,3460.0,12.728017195127904,4.689230339601636,65762069.0,67690192.0,244.0,0.0,3460.0,12.029409429058433,3.8686056677252054,58169304.0,69612959.0,861.0,0.0,3460.0,11.625888426260364,3.8686056677252054,58169304.0,127436186.0,861.0,0.0,3460.0,11.937778795138001,3.8686056677252054,58169304.0,59745994.0,861.0,0.0,3460.0,11.599157696589828,3.8664614288136363,58153271.0,59735364.0,863.0,6.0,3460.0,4.947675049304962,5.085741683840752,3.0739667247980833,0.0,0.0,0.0,0.0,4.689230339601636,4.866239886730909,2.9787637619301677,0.0,0.00031041353940963745,0.0030668675899505615,0.19040592573583126,3.8686056677252054,5.085741683840752,3.0739667247980833,0.0,0.0010953526943922043,0.0,0.0,3.8686056677252054,4.039252444170415,2.4653798043727875,0.03131444885702064,0.0010953526943922043,0.0030668675899505615,1.2171738408505917,3.8686056677252054,4.039252444170415,2.4653798043727875,0.3432048177346587,0.0010953526943922043,0.0030668675899505615,1.2171738408505917,3.8664614288136363,4.037896888330579,2.4650791259482503,0.0,0.0010978970676660538,0.01084715873003006,1.217775197699666,0.0,0.0,0.0,0.0,0.0,0.0,0.0,0.0,0.0,0.0,0.0,0.0,9.583076974377036,45581558.0,9.477745512500405,44818180.0,8.96354314405471,45581558.0,8.806164356866892,83109437.0,9.005001962650567,38291257.0,8.787327093072236,38291257.0,0.0,0.0,0.0,0.0,0.0,0.0,0.0,0.0,0.0,0.0,0.0,0.0,3.524306483566761,24031401.0,3.250271682627499,22872012.0,3.0658662850037217,24031401.0,2.8197240693934704,44326749.0,2.932776832487434,21454737.0,2.811830603517592,21444107.0,278451.836,171162.016,0.002435469750314951,0.01046120594665408,270760.768,168026.976,0.002419454710558057,0.010458986817859112,278451.836,171162.016,0.0022662383783608677,0.010238598591834304,483735.796,367168.896,0.0022340021420444098,0.010212027130681412,238983.976,228833.608,0.0023026033444330097,0.010450657500978556,234516.972,228833.608,0.0022311461307108404,0.010183270774036643,3460
bookreview,query3,4,inf,13.107383457943797,4.947675049304962,68117387.0,69612959.0,0.0,0.0,3460.0,12.728017195127904,4.689230339601636,65762069.0,67690192.0,244.0,0.0,3460.0,12.016426490619779,3.855612551793456,57923232.0,69612959.0,869.0,0.0,3460.0,11.605737620436859,3.855612551793456,57923232.0,127163207.0,869.0,0.0,3460.0,11.917627989314497,3.855612551793456,57923232.0,59473015.0,869.0,0.0,3460.0,11.58227887749672,3.855612551793456,57923232.0,59473015.0,869.0,0.0,3460.0,4.947675049304962,5.085741683840752,3.0739667247980833,0.0,0.0,0.0,0.0,4.689230339601636,4.866239886730909,2.9787637619301677,0.0,0.00031041353940963745,0.0030668675899505615,0.19040592573583126,3.855612551793456,5.085741683840752,3.0739667247980833,0.0,0.0011055301874876022,0.0,0.0,3.855612551793456,4.015567029826343,2.448862257413566,0.03131444885702064,0.0011055301874876022,0.0030668675899505615,1.2502089347690344,3.855612551793456,4.015567029826343,2.448862257413566,0.3432048177346587,0.0011055301874876022,0.0030668675899505615,1.2502089347690344,3.855612551793456,4.015567029826343,2.448862257413566,0.0,0.0011055301874876022,0.010922573506832123,1.2502089347690344,0.0,0.0,0.0,0.0,0.0,0.0,0.0,0.0,0.0,0.0,0.0,0.0,9.583076974377036,45581558.0,9.477745512500405,44818180.0,8.95417988114059,45581558.0,8.791779366308864,82847088.0,8.990616972092539,38028908.0,8.774552623741329,38028908.0,0.0,0.0,0.0,0.0,0.0,0.0,0.0,0.0,0.0,0.0,0.0,0.0,3.524306483566761,24031401.0,3.250271682627499,22872012.0,3.062246609479189,24031401.0,2.8139582541279937,44316119.0,2.9270110172219574,21444107.0,2.8077262537553906,21444107.0,278451.836,171162.016,0.002435469750314951,0.01046120594665408,270760.768,168026.976,0.002419454710558057,0.010458986817859112,278451.836,171162.016,0.002266094360500574,0.010231106934323903,508652.828,382931.088,0.0022338581241841166,0.010198213389176265,237892.06,237892.06,0.002302459326572716,0.01043684375947341,237892.06,237892.06,0.002231077564880252,0.010169482170790431,3460
bookreview,query3,8,1/4,25.368102541193366,9.707435496151447,133843218.0,136085610.0,0.0,0.0,6816.0,24.644073955714703,9.219984462484717,130008614.0,133227553.0,466.0,0.0,6816.0,22.430467429570854,6.766879444010556,106264375.0,136085610.0,2296.0,0.0,6816.0,21.31717443633988,6.766879444010556,106264375.0,241813512.0,2296.0,0.0,6816.0,21.920250966213644,6.766879444010556,106264375.0,108585959.0,2296.0,0.0,6816.0,21.256291995756328,6.751709111966193,106147421.0,108500919.0,2310.0,9.0,6816.0,9.707435496151447,9.806121729314327,5.8545453157275915,0.0,0.0,0.0,0.0,9.219984462484717,9.412381337955594,5.703832529485226,0.0,0.0005928389728069305,0.005857214331626892,0.3014255724847317,6.766879444010556,9.806121729314327,5.8545453157275915,0.0,0.0029209405183792114,0.0,0.0,6.766879444010556,6.9663813058286905,4.195588067173958,0.06163296736940127,0.0029209405183792114,0.005857214331626892,3.3179144971072674,6.766879444010556,6.9663813058286905,4.195588067173958,0.664709497243166,0.0029209405183792114,0.005857214331626892,3.3179144971072674,6.751709111966193,6.956701451912522,4.19318263977766,0.0,0.002938751131296158,0.02903468906879425,3.3227253518998623,0.0,0.0,0.0,0.0,0.0,0.0,0.0,0.0,0.0,0.0,0.0,0.0,18.40221579745412,84046373.0,18.196038020774722,82568585.0,16.631566538475454,84046373.0,16.15763486099486,145683491.0,16.542019094340503,63114906.0,16.120483226142824,63114906.0,0.0,0.0,0.0,0.0,0.0,0.0,0.0,0.0,0.0,0.0,0.0,0.0,6.965886743739247,52039237.0,6.4480359349399805,50658968.0,5.7989008910954,52039237.0,5.159539575345019,96130021.0,5.37823187187314,45471053.0,5.135808769613504,45386013.0,544342.44,247110.076,0.0020804176703095438,0.011309656268171963,532910.212,244821.284,0.0020668888110667465,0.011309119569882748,544342.44,247110.076,0.0019437407553195953,0.010864890147186813,908603.216,582823.472,0.001931902341825944,0.01073187417810646,434343.836,401245.352,0.0019874557210132478,0.010979100968223061,411141.248,401245.352,0.0019271097481250762,0.010697507002018389,6816
bookreview,query3,8,inf,25.368102541193366,9.707435496151447,133843218.0,136085610.0,0.0,0.0,6816.0,24.644073955714703,9.219984462484717,130008614.0,133227553.0,466.0,0.0,6816.0,22.361170832067728,6.6975243259221315,105053731.0,136085610.0,2342.0,0.0,6816.0,21.212341064402604,6.6975243259221315,105053731.0,240483882.0,2342.0,0.0,6816.0,21.81541759427637,6.6975243259221315,105053731.0,107256329.0,2342.0,0.0,6816.0,21.174287783913314,6.6975243259221315,105053731.0,107256329.0,2342.0,0.0,6816.0,9.707435496151447,9.806121729314327,5.8545453157275915,0.0,0.0,0.0,0.0,9.219984462484717,9.412381337955594,5.703832529485226,0.0,0.0005928389728069305,0.005857214331626892,0.3014255724847317,6.6975243259221315,9.806121729314327,5.8545453157275915,0.0,0.0029794611036777496,0.0,0.0,6.6975243259221315,6.852493195794523,4.117236731573939,0.06163296736940127,0.0029794611036777496,0.005857214331626892,3.4746171683073044,6.6975243259221315,6.852493195794523,4.117236731573939,0.664709497243166,0.0029794611036777496,0.005857214331626892,3.4746171683073044,6.6975243259221315,6.852493195794523,4.117236731573939,0.0,0.0029794611036777496,0.029436901211738586,3.4746171683073044,0.0,0.0,0.0,0.0,0.0,0.0,0.0,0.0,0.0,0.0,0.0,0.0,18.40221579745412,84046373.0,18.196038020774722,82568585.0,16.584694124758244,84046373.0,16.08708041549717,144592399.0,16.47146464884281,62023814.0,16.059579338878393,62023814.0,0.0,0.0,0.0,0.0,0.0,0.0,0.0,0.0,0.0,0.0,0.0,0.0,6.965886743739247,52039237.0,6.4480359349399805,50658968.0,5.7764767073094845,52039237.0,5.125260648905436,95891483.0,5.343952945433557,45232515.0,5.114708445034921,45232515.0,544342.44,247110.076,0.0020804176703095438,0.011309656268171963,532910.212,244821.284,0.0020668888110667465,0.011309119569882748,544342.44,247110.076,0.001940581277012825,0.010840916843153532,961935.528,611782.52,0.0019287428635191737,0.010687670205289993,429025.316,429025.316,0.0019842962427064777,0.010934896995406595,429025.316,429025.316,0.0019264871422201395,0.010653383471630511,6816
crmarenapro,query1,2,1/4,18.905982029624283,17.68421347811818,16597010.0,14385941.0,0.0,0.0,1554.0,18.81200109887868,17.594320511445403,16585570.0,14385941.0,4.0,0.0,1554.0,17.689338149502873,16.46748690586537,16464898.0,14385941.0,65.0,0.0,1554.0,17.638816885553894,16.46748690586537,16464898.0,28771882.0,65.0,0.0,1554.0,17.671279098372906,16.46748690586537,16464898.0,14385941.0,65.0,0.0,1554.0,17.63292846083641,16.46748690586537,16464898.0,14385941.0,65.0,0.0,1554.0,17.68421347811818,1.089092766866088,0.13267578464001417,0.0,0.0,0.0,0.0,17.594320511445403,1.0849494375288486,0.13267578464001417,0.0,5.088746547698975e-06,5.027651786804199e-05,0.0,16.46748690586537,1.089092766866088,0.13267578464001417,0.0,8.269213140010834e-05,0.0,0.0,16.46748690586537,1.0318660847842693,0.13267578464001417,0.0066551416149715804,8.269213140010834e-05,5.027651786804199e-05,0.0,16.46748690586537,1.0318660847842693,0.13267578464001417,0.039117354433983564,8.269213140010834e-05,5.027651786804199e-05,0.0,16.46748690586537,1.0318660847842693,0.13267578464001417,0.0,8.269213140010834e-05,0.0008169934153556824,0.0,0.0,0.0,0.0,0.0,0.0,0.0,0.0,0.0,0.0,0.0,0.0,0.0,0.20569645520299673,0.0,0.20569645520299673,0.0,0.20295043755322695,0.0,0.2018491132184863,0.0,0.2018491132184863,0.0,0.20189938973635435,0.0,16.607881602831185,0.0,16.513900672085583,0.0,15.395618690177798,0.0,15.340282856486738,0.0,15.340282856486738,0.0,15.340974158607423,0.0,2.0924039715901017,14385941.0,2.0924039715901017,14385941.0,2.090769021771848,14385941.0,2.0966849158486704,28771882.0,2.1291471286676824,14385941.0,2.090054912492633,14385941.0,57543.764,54235.032,0.014862432001158596,0.024601639813371,57543.764,54235.032,0.014826691754162312,0.024596992888115347,57543.764,54235.032,0.013909902160987258,0.023902493690885603,115087.528,110543.628,0.0138897220049265,0.0239003497045372,57543.764,57543.764,0.013920835245400668,0.023901039159484206,57543.764,57543.764,0.01388553948700428,0.023900272360444067,1554
crmarenapro,query1,2,inf,18.905982029624283,17.68421347811818,16597010.0,14385941.0,0.0,0.0,1554.0,18.81200109887868,17.594320511445403,16585570.0,14385941.0,4.0,0.0,1554.0,17.689338149502873,16.46748690586537,16464898.0,14385941.0,65.0,0.0,1554.0,17.638816885553894,16.46748690586537,16464898.0,28771882.0,65.0,0.0,1554.0,17.671279098372906,16.46748690586537,16464898.0,14385941.0,65.0,0.0,1554.0,17.63292846083641,16.46748690586537,16464898.0,14385941.0,65.0,0.0,1554.0,17.68421347811818,1.089092766866088,0.13267578464001417,0.0,0.0,0.0,0.0,17.594320511445403,1.0849494375288486,0.13267578464001417,0.0,5.088746547698975e-06,5.027651786804199e-05,0.0,16.46748690586537,1.089092766866088,0.13267578464001417,0.0,8.269213140010834e-05,0.0,0.0,16.46748690586537,1.0318660847842693,0.13267578464001417,0.0066551416149715804,8.269213140010834e-05,5.027651786804199e-05,0.0,16.46748690586537,1.0318660847842693,0.13267578464001417,0.039117354433983564,8.269213140010834e-05,5.027651786804199e-05,0.0,16.46748690586537,1.0318660847842693,0.13267578464001417,0.0,8.269213140010834e-05,0.0008169934153556824,0.0,0.0,0.0,0.0,0.0,0.0,0.0,0.0,0.0,0.0,0.0,0.0,0.0,0.20569645520299673,0.0,0.20569645520299673,0.0,0.20295043755322695,0.0,0.2018491132184863,0.0,0.2018491132184863,0.0,0.20189938973635435,0.0,16.607881602831185,0.0,16.513900672085583,0.0,15.395618690177798,0.0,15.340282856486738,0.0,15.340282856486738,0.0,15.340974158607423,0.0,2.0924039715901017,14385941.0,2.0924039715901017,14385941.0,2.090769021771848,14385941.0,2.0966849158486704,28771882.0,2.1291471286676824,14385941.0,2.090054912492633,14385941.0,57543.764,54235.032,0.014862432001158596,0.024601639813371,57543.764,54235.032,0.014826691754162312,0.024596992888115347,57543.764,54235.032,0.013909902160987258,0.023902493690885603,115087.528,110543.628,0.0138897220049265,0.0239003497045372,57543.764,57543.764,0.013920835245400668,0.023901039159484206,57543.764,57543.764,0.01388553948700428,0.023900272360444067,1554
crmarenapro,query1,4,1/4,39.10495606996119,36.707025380805135,29112971.0,24696517.0,0.0,0.0,3090.0,38.77513187751174,36.38977705407888,29078651.0,24696517.0,12.0,0.0,3090.0,33.523181257769465,31.124876545742154,28350268.0,24696517.0,294.0,0.0,3090.0,33.27406813641917,31.124876545742154,28350268.0,49225234.0,294.0,0.0,3090.0,33.33887918712571,31.124876545742154,28350268.0,24528717.0,294.0,0.0,3090.0,33.266187669709325,31.124876545742154,28350268.0,24528717.0,294.0,0.0,3090.0,36.707025380805135,2.157646437175572,0.24028425198048353,0.0,0.0,0.0,0.0,36.38977705407888,2.144904475659132,0.24028425198048353,0.0,1.5266239643096924e-05,0.00015082955360412598,0.0,31.124876545742154,2.157646437175572,0.24028425198048353,0.0,0.00037402287125587463,0.0,0.0,31.124876545742154,1.8941407352685928,0.23746746219694614,0.011424961219537401,0.00037402287125587463,0.00015082955360412598,0.005633579567074776,31.124876545742154,1.8941407352685928,0.23746746219694614,0.07623601192608476,0.00037402287125587463,0.00015082955360412598,0.005633579567074776,31.124876545742154,1.8941407352685928,0.23746746219694614,0.0,0.00037402287125587463,0.0036953240633010864,0.005633579567074776,0.0,0.0,0.0,0.0,0.0,0.0,0.0,0.0,0.0,0.0,0.0,0.0,0.38210470136255026,0.0,0.38210470136255026,0.0,0.3690763907507062,0.0,0.3635425176471472,0.0,0.3635425176471472,0.0,0.36376876197755337,0.0,34.6172331655398,62511.0,34.28740897309035,62511.0,29.065806086175144,62511.0,28.81480342427477,125022.0,28.815631090197712,62511.0,28.817941926419735,62511.0,4.105618203058839,24634006.0,4.105618203058839,24634006.0,4.0882987808436155,24634006.0,4.095722194497246,49100212.0,4.159705579280853,24466206.0,4.0844769813120365,24466206.0,98786.068,81711.82,0.014391805509105324,0.025746028301306068,98786.068,81711.82,0.014174868898466229,0.025661856479384,98786.068,81711.82,0.012397202583029867,0.02464887450560927,191787.032,170365.284,0.012386110919928832,0.02464887450560927,98114.868,93063.268,0.012418164033442735,0.02464887450560927,93063.268,93063.268,0.012382702419534326,0.02464887450560927,3090
crmarenapro,query1,4,inf,39.10495606996119,36.707025380805135,29112971.0,24696517.0,0.0,0.0,3090.0,38.77513187751174,36.38977705407888,29078651.0,24696517.0,12.0,0.0,3090.0,33.523181257769465,31.124876545742154,28350268.0,24696517.0,294.0,0.0,3090.0,33.27406813641917,31.124876545742154,28350268.0,49225234.0,294.0,0.0,3090.0,33.33887918712571,31.124876545742154,28350268.0,24528717.0,294.0,0.0,3090.0,33.266187669709325,31.124876545742154,28350268.0,24528717.0,294.0,0.0,3090.0,36.707025380805135,2.157646437175572,0.24028425198048353,0.0,0.0,0.0,0.0,36.38977705407888,2.144904475659132,0.24028425198048353,0.0,1.5266239643096924e-05,0.00015082955360412598,0.0,31.124876545742154,2.157646437175572,0.24028425198048353,0.0,0.00037402287125587463,0.0,0.0,31.124876545742154,1.8941407352685928,0.23746746219694614,0.011424961219537401,0.00037402287125587463,0.00015082955360412598,0.005633579567074776,31.124876545742154,1.8941407352685928,0.23746746219694614,0.07623601192608476,0.00037402287125587463,0.00015082955360412598,0.005633579567074776,31.124876545742154,1.8941407352685928,0.23746746219694614,0.0,0.00037402287125587463,0.0036953240633010864,0.005633579567074776,0.0,0.0,0.0,0.0,0.0,0.0,0.0,0.0,0.0,0.0,0.0,0.0,0.38210470136255026,0.0,0.38210470136255026,0.0,0.3690763907507062,0.0,0.3635425176471472,0.0,0.3635425176471472,0.0,0.36376876197755337,0.0,34.6172331655398,62511.0,34.28740897309035,62511.0,29.065806086175144,62511.0,28.81480342427477,125022.0,28.815631090197712,62511.0,28.817941926419735,62511.0,4.105618203058839,24634006.0,4.105618203058839,24634006.0,4.0882987808436155,24634006.0,4.095722194497246,49100212.0,4.159705579280853,24466206.0,4.0844769813120365,24466206.0,98786.068,81711.82,0.014391805509105324,0.025746028301306068,98786.068,81711.82,0.014174868898466229,0.025661856479384,98786.068,81711.82,0.012397202583029867,0.02464887450560927,196900.936,175479.188,0.012386110919928832,0.02464887450560927,98114.868,98114.868,0.012418164033442735,0.02464887450560927,98114.868,98114.868,0.012382702419534326,0.02464887450560927,3090
crmarenapro,query1,8,1/4,78.5106872683391,73.4659532289952,72192136.0,63602737.0,0.0,0.0,6305.0,77.77545620966703,72.76082076877356,72109196.0,63602737.0,29.0,0.0,6305.0,59.34987517911941,54.303800255060196,67102244.0,63602737.0,1054.0,0.0,6305.0,58.47574556702186,54.303800255060196,67102244.0,124182561.0,1054.0,0.0,6305.0,58.60450461972505,54.303800255060196,67102244.0,60579824.0,1054.0,0.0,6305.0,58.45920539088547,54.303800255060196,67102244.0,60579824.0,1054.0,0.0,6305.0,73.4659532289952,4.45767083670944,0.5870632026344538,0.0,0.0,0.0,0.0,72.76082076877356,4.427170840092003,0.5870632026344538,0.0,3.6893412470817566e-05,0.00036450475454330444,0.0,54.303800255060196,4.45767083670944,0.5870632026344538,0.0,0.0013408847153186798,0.0,0.0,54.303800255060196,3.518375995568931,0.55168601218611,0.02942353384007294,0.0013408847153186798,0.00036450475454330444,0.07075438089668751,54.303800255060196,3.518375995568931,0.55168601218611,0.158182586543262,0.0013408847153186798,0.00036450475454330444,0.07075438089668751,54.303800255060196,3.518375995568931,0.55168601218611,0.0,0.0013408847153186798,0.013247862458229065,0.07075438089668751,0.0,0.0,0.0,0.0,0.0,0.0,0.0,0.0,0.0,0.0,0.0,0.0,0.878583007492125,0.0,0.878583007492125,0.0,0.8249295521527529,0.0,0.8022922454401851,0.0,0.8022922454401851,0.0,0.8032223610207438,0.0,69.31897911988199,125022.0,68.58374806120992,125022.0,50.37534990068525,125022.0,49.51739976179272,250044.0,49.5190550936386,125022.0,49.52835248224437,125022.0,8.313125140964985,63477715.0,8.313125140964985,63477715.0,8.149595726281404,63477715.0,8.156053559788957,123932517.0,8.283157280646265,60454802.0,8.127630547620356,60454802.0,254410.948,154057.592,0.013933473784476519,0.02612064546775073,254410.948,154057.592,0.013674034977331757,0.025961900519952178,254410.948,154057.592,0.010045741910114885,0.023949265013635156,455622.484,346766.88,0.010000548693959815,0.023949324065421676,242319.296,204914.832,0.010030790628865362,0.023949322119262064,204914.832,204914.832,0.009996271295472979,0.023949265013635156,6305
crmarenapro,query1,8,inf,78.5106872683391,73.4659532289952,72192136.0,63602737.0,0.0,0.0,6305.0,77.77545620966703,72.76082076877356,72109196.0,63602737.0,29.0,0.0,6305.0,59.223660924471915,54.17756310105324,67021766.0,63602737.0,1072.0,0.0,6305.0,58.34009205819477,54.17756310105324,67021766.0,124111487.0,1072.0,0.0,6305.0,58.46885111089796,54.17756310105324,67021766.0,60508750.0,1072.0,0.0,6305.0,58.32377812638879,54.17756310105324,67021766.0,60508750.0,1072.0,0.0,6305.0,73.4659532289952,4.45767083670944,0.5870632026344538,0.0,0.0,0.0,0.0,72.76082076877356,4.427170840092003,0.5870632026344538,0.0,3.6893412470817566e-05,0.00036450475454330444,0.0,54.17756310105324,4.45767083670944,0.5870632026344538,0.0,0.0013637840747833252,0.0,0.0,54.17756310105324,3.5065214103087783,0.5492706811055541,0.02942353384007294,0.0013637840747833252,0.00036450475454330444,0.07558504305779934,54.17756310105324,3.5065214103087783,0.5492706811055541,0.158182586543262,0.0013637840747833252,0.00036450475454330444,0.07558504305779934,54.17756310105324,3.5065214103087783,0.5492706811055541,0.0,0.0013637840747833252,0.013474106788635254,0.07558504305779934,0.0,0.0,0.0,0.0,0.0,0.0,0.0,0.0,0.0,0.0,0.0,0.0,0.878583007492125,0.0,0.878583007492125,0.0,0.8194698225706816,0.0,0.794561667367816,0.0,0.794561667367816,0.0,0.7955797668546438,0.0,69.31897911988199,125022.0,68.58374806120992,125022.0,50.2613905435428,125022.0,49.39736074205905,250044.0,49.39901607390493,125022.0,49.408401446416974,125022.0,8.313125140964985,63477715.0,8.313125140964985,63477715.0,8.14280055835843,63477715.0,8.148169648767903,123861443.0,8.27527336962521,60383728.0,8.11979691311717,60383728.0,254410.948,154057.592,0.013933473784476519,0.02612064546775073,254410.948,154057.592,0.013674034977331757,0.025961900519952178,254410.948,154057.592,0.01004464204236865,0.023931487727165218,496445.948,384107.12,0.00999907075767706,0.02393154677895174,242035.0,242035.0,0.010029312692582608,0.023931544832792126,242035.0,242035.0,0.009994793359190226,0.023931487727165218,6305
crmarenapro,query10,2,1/4,5.0919899474829435,2.8587141428142786,10653680.0,8780400.0,0.0,0.0,2709.0,5.009041124023497,2.8070371709764004,10527435.0,8780400.0,64.0,0.0,2709.0,5.012260583229363,2.7788626486435533,10336761.0,8780400.0,96.0,0.0,2709.0,4.96626131710779,2.7788626486435533,10336761.0,17392639.0,96.0,0.0,2709.0,5.03757880628109,2.7788626486435533,10336761.0,8612239.0,96.0,0.0,2709.0,4.962601590901613,2.7788626486435533,10336761.0,8612239.0,96.0,0.0,2709.0,2.8587141428142786,1.7577641438692808,0.4755116607993841,0.0,0.0,0.0,0.0,2.8070371709764004,1.7256064480170608,0.4755116607993841,0.0,8.14199447631836e-05,0.0008044242858886719,0.0,2.7788626486435533,1.7577641438692808,0.4755116607993841,0.0,0.0001221299171447754,0.0,0.0,2.7788626486435533,1.6974340034648776,0.46604714915156364,0.004061938349121303,0.0001221299171447754,0.0008044242858886719,0.018929023295640945,2.7788626486435533,1.6974340034648776,0.46604714915156364,0.07537942752242088,0.0001221299171447754,0.0008044242858886719,0.018929023295640945,2.7788626486435533,1.6974340034648776,0.46604714915156364,0.0,0.0001221299171447754,0.0012066364288330078,0.018929023295640945,0.0,0.0,0.0,0.0,0.0,0.0,0.0,0.0,0.0,0.0,0.0,0.0,0.017105063423514366,29417.0,0.017105063423514366,29417.0,0.017105063423514366,29417.0,0.017118672147537886,58834.0,0.01739059155806899,29417.0,0.017105063423514366,29417.0,0.011140650138258934,0.0,0.011140650138258934,0.0,0.011140650138258934,0.0,0.011140650138258934,0.0,0.011140650138258934,0.0,0.011140650138258934,0.0,5.06374423392117,8750983.0,4.980795410461724,8750983.0,4.98401486966759,8750983.0,4.9380019948219935,17333805.0,5.009047564584762,8582822.0,4.93435587733984,8582822.0,35121.6,25631.996,0.0015211065001785756,0.0038231562593951814,35121.6,25631.996,0.0015161722153425217,0.0038211155762895937,35121.6,25631.996,0.0015128574464470148,0.003818751891329884,69570.556,57775.752,0.0015121376866346916,0.0038238655916809686,34448.956,34448.956,0.0015175173468887806,0.003925987380743026,34448.956,34448.956,0.0015118067841976882,0.003817161652632057,2709
crmarenapro,query10,2,inf,5.0919899474829435,2.8587141428142786,10653680.0,8780400.0,0.0,0.0,2709.0,5.009041124023497,2.8070371709764004,10527435.0,8780400.0,64.0,0.0,2709.0,5.012260583229363,2.7788626486435533,10336761.0,8780400.0,96.0,0.0,2709.0,4.96626131710779,2.7788626486435533,10336761.0,17392639.0,96.0,0.0,2709.0,5.03757880628109,2.7788626486435533,10336761.0,8612239.0,96.0,0.0,2709.0,4.962601590901613,2.7788626486435533,10336761.0,8612239.0,96.0,0.0,2709.0,2.8587141428142786,1.7577641438692808,0.4755116607993841,0.0,0.0,0.0,0.0,2.8070371709764004,1.7256064480170608,0.4755116607993841,0.0,8.14199447631836e-05,0.0008044242858886719,0.0,2.7788626486435533,1.7577641438692808,0.4755116607993841,0.0,0.0001221299171447754,0.0,0.0,2.7788626486435533,1.6974340034648776,0.46604714915156364,0.004061938349121303,0.0001221299171447754,0.0008044242858886719,0.018929023295640945,2.7788626486435533,1.6974340034648776,0.46604714915156364,0.07537942752242088,0.0001221299171447754,0.0008044242858886719,0.018929023295640945,2.7788626486435533,1.6974340034648776,0.46604714915156364,0.0,0.0001221299171447754,0.0012066364288330078,0.018929023295640945,0.0,0.0,0.0,0.0,0.0,0.0,0.0,0.0,0.0,0.0,0.0,0.0,0.017105063423514366,29417.0,0.017105063423514366,29417.0,0.017105063423514366,29417.0,0.017118672147537886,58834.0,0.01739059155806899,29417.0,0.017105063423514366,29417.0,0.011140650138258934,0.0,0.011140650138258934,0.0,0.011140650138258934,0.0,0.011140650138258934,0.0,0.011140650138258934,0.0,0.011140650138258934,0.0,5.06374423392117,8750983.0,4.980795410461724,8750983.0,4.98401486966759,8750983.0,4.9380019948219935,17333805.0,5.009047564584762,8582822.0,4.93435587733984,8582822.0,35121.6,25631.996,0.0015211065001785756,0.0038231562593951814,35121.6,25631.996,0.0015161722153425217,0.0038211155762895937,35121.6,25631.996,0.0015128574464470148,0.003818751891329884,69570.556,57775.752,0.0015121376866346916,0.0038238655916809686,34448.956,34448.956,0.0015175173468887806,0.003925987380743026,34448.956,34448.956,0.0015118067841976882,0.003817161652632057,2709
crmarenapro,query10,4,1/4,9.944610602222383,5.614563602022827,20210127.0,16477906.0,0.0,0.0,5357.0,9.724115057848394,5.466165195219219,19967369.0,16477906.0,170.0,0.0,5357.0,9.635386037640274,5.30489122774452,18649200.0,16477906.0,352.0,0.0,5357.0,9.45735270445912,5.30489122774452,18649200.0,31730250.0,352.0,0.0,5357.0,9.602772870101035,5.30489122774452,18649200.0,15252344.0,352.0,0.0,5357.0,9.452017371542752,5.30489122774452,18649200.0,15252344.0,352.0,0.0,5357.0,5.614563602022827,3.419504299759865,0.9105427004396915,0.0,0.0,0.0,0.0,5.466165195219219,3.3450541384518147,0.9105427004396915,0.0,0.00021627172827720642,0.0021367520093917847,0.0,5.30489122774452,3.419504299759865,0.9105427004396915,0.0,0.00044780969619750977,0.0,0.0,5.30489122774452,3.1630627643316984,0.8418941646814346,0.007622914479364951,0.00044780969619750977,0.0021367520093917847,0.13729707151651382,5.30489122774452,3.1630627643316984,0.8418941646814346,0.15304308012127876,0.00044780969619750977,0.0021367520093917847,0.13729707151651382,5.30489122774452,3.1630627643316984,0.8418941646814346,0.0,0.00044780969619750977,0.004424333572387695,0.13729707151651382,0.0,0.0,0.0,0.0,0.0,0.0,0.0,0.0,0.0,0.0,0.0,0.0,0.05593142565339804,147085.0,0.05593142565339804,147085.0,0.05593142565339804,147085.0,0.05599946927351563,294170.0,0.05735906632617116,147085.0,0.05593142565339804,147085.0,0.044562600553035736,0.0,0.044562600553035736,0.0,0.044562600553035736,0.0,0.044562600553035736,0.0,0.044562600553035736,0.0,0.044562600553035736,0.0,9.84411657601595,16330821.0,9.62362103164196,16330821.0,9.53489201143384,16330821.0,9.356790634632569,31436080.0,9.500851203221828,15105259.0,9.351523345336318,15105259.0,65911.624,35615.8,0.0014432666078209877,0.003989768404327332,65911.624,35615.8,0.0014409703835844994,0.003983473544754087,65911.624,35615.8,0.0014324861001223325,0.003959672105498611,126921.0,89900.688,0.001432219443698401,0.003951917817626794,61009.376,61009.376,0.0014355035126209258,0.004069867272116243,61009.376,61009.376,0.0014320771750062705,0.003944831209629773,5357
crmarenapro,query10,4,inf,9.944610602222383,5.614563602022827,20210127.0,16477906.0,0.0,0.0,5357.0,9.724115057848394,5.466165195219219,19967369.0,16477906.0,170.0,0.0,5357.0,9.635386037640274,5.30489122774452,18649200.0,16477906.0,352.0,0.0,5357.0,9.45735270445912,5.30489122774452,18649200.0,31730250.0,352.0,0.0,5357.0,9.602772870101035,5.30489122774452,18649200.0,15252344.0,352.0,0.0,5357.0,9.452017371542752,5.30489122774452,18649200.0,15252344.0,352.0,0.0,5357.0,5.614563602022827,3.419504299759865,0.9105427004396915,0.0,0.0,0.0,0.0,5.466165195219219,3.3450541384518147,0.9105427004396915,0.0,0.00021627172827720642,0.0021367520093917847,0.0,5.30489122774452,3.419504299759865,0.9105427004396915,0.0,0.00044780969619750977,0.0,0.0,5.30489122774452,3.1630627643316984,0.8418941646814346,0.007622914479364951,0.00044780969619750977,0.0021367520093917847,0.13729707151651382,5.30489122774452,3.1630627643316984,0.8418941646814346,0.15304308012127876,0.00044780969619750977,0.0021367520093917847,0.13729707151651382,5.30489122774452,3.1630627643316984,0.8418941646814346,0.0,0.00044780969619750977,0.004424333572387695,0.13729707151651382,0.0,0.0,0.0,0.0,0.0,0.0,0.0,0.0,0.0,0.0,0.0,0.0,0.05593142565339804,147085.0,0.05593142565339804,147085.0,0.05593142565339804,147085.0,0.05599946927351563,294170.0,0.05735906632617116,147085.0,0.05593142565339804,147085.0,0.044562600553035736,0.0,0.044562600553035736,0.0,0.044562600553035736,0.0,0.044562600553035736,0.0,0.044562600553035736,0.0,0.044562600553035736,0.0,9.84411657601595,16330821.0,9.62362103164196,16330821.0,9.53489201143384,16330821.0,9.356790634632569,31436080.0,9.500851203221828,15105259.0,9.351523345336318,15105259.0,65911.624,35615.8,0.0014432666078209877,0.003989768404327332,65911.624,35615.8,0.0014409703835844994,0.003983473544754087,65911.624,35615.8,0.0014324861001223325,0.003959672105498611,126921.0,89900.688,0.001432219443698401,0.003951917817626794,61009.376,61009.376,0.0014355035126209258,0.004069867272116243,61009.376,61009.376,0.0014320771750062705,0.003944831209629773,5357
crmarenapro,query10,8,1/4,20.50954789854586,11.673398707993329,41738402.0,34072187.0,0.0,0.0,10773.0,20.046501704491675,11.365588241256773,41199326.0,34072187.0,360.0,0.0,10773.0,19.543526941910386,10.70594781357795,36569623.0,34072187.0,1124.0,0.0,10773.0,18.96321770664409,10.70594781357795,36569623.0,63976375.0,1124.0,0.0,10773.0,19.252113946247846,10.70594781357795,36569623.0,29904188.0,1124.0,0.0,10773.0,18.957058241590858,10.70594781357795,36569623.0,29904188.0,1124.0,0.0,10773.0,11.673398707993329,6.967623482458293,1.8685257080942392,0.0,0.0,0.0,0.0,11.365588241256773,6.8074048813432455,1.8685257080942392,0.0,0.0004579871892929077,0.004524886608123779,0.0,10.70594781357795,6.967623482458293,1.8685257080942392,0.0,0.0014299377799034119,0.0,0.0,10.70594781357795,6.124313600361347,1.6258122278377414,0.015762279966030288,0.0014299377799034119,0.004524886608123779,0.4854269605129957,10.70594781357795,6.124313600361347,1.6258122278377414,0.3046585195697844,0.0014299377799034119,0.004524886608123779,0.4854269605129957,10.70594781357795,6.124313600361347,1.6258122278377414,0.0,0.0014299377799034119,0.0141277015209198,0.4854269605129957,0.0,0.0,0.0,0.0,0.0,0.0,0.0,0.0,0.0,0.0,0.0,0.0,0.09546889178454876,176502.0,0.09546889178454876,176502.0,0.09546889178454876,176502.0,0.09555054412868987,353004.0,0.0971820605918765,176502.0,0.09546889178454876,176502.0,0.15596910193562508,0.0,0.15596910193562508,0.0,0.15596910193562508,0.0,0.15596910193562508,0.0,0.15596910193562508,0.0,0.15596910193562508,0.0,20.258109904825687,33895685.0,19.7950637107715,33895685.0,19.292088948190212,33895685.0,18.711698060579778,63623371.0,18.998962783720344,29727686.0,18.705620247870684,29727686.0,136288.748,51961.332,0.0013956992849707603,0.004685380655527114,136288.748,51961.332,0.0013893787059932948,0.004676357044465838,136288.748,51961.332,0.0013698256760835649,0.004652383898384868,255905.5,155478.692,0.0013695265065573165,0.004645745904331447,119616.752,119616.752,0.0013695615418255328,0.004765285580046474,119616.752,119616.752,0.0013695407807826996,0.004638810540176927,10773
crmarenapro,query10,8,inf,20.50954789854586,11.673398707993329,41738402.0,34072187.0,0.0,0.0,10773.0,20.046501704491675,11.365588241256773,41199326.0,34072187.0,360.0,0.0,10773.0,19.543526941910386,10.70594781357795,36569623.0,34072187.0,1124.0,0.0,10773.0,18.96321770664409,10.70594781357795,36569623.0,63976375.0,1124.0,0.0,10773.0,19.252113946247846,10.70594781357795,36569623.0,29904188.0,1124.0,0.0,10773.0,18.957058241590858,10.70594781357795,36569623.0,29904188.0,1124.0,0.0,10773.0,11.673398707993329,6.967623482458293,1.8685257080942392,0.0,0.0,0.0,0.0,11.365588241256773,6.8074048813432455,1.8685257080942392,0.0,0.0004579871892929077,0.004524886608123779,0.0,10.70594781357795,6.967623482458293,1.8685257080942392,0.0,0.0014299377799034119,0.0,0.0,10.70594781357795,6.124313600361347,1.6258122278377414,0.015762279966030288,0.0014299377799034119,0.004524886608123779,0.4854269605129957,10.70594781357795,6.124313600361347,1.6258122278377414,0.3046585195697844,0.0014299377799034119,0.004524886608123779,0.4854269605129957,10.70594781357795,6.124313600361347,1.6258122278377414,0.0,0.0014299377799034119,0.0141277015209198,0.4854269605129957,0.0,0.0,0.0,0.0,0.0,0.0,0.0,0.0,0.0,0.0,0.0,0.0,0.09546889178454876,176502.0,0.09546889178454876,176502.0,0.09546889178454876,176502.0,0.09555054412868987,353004.0,0.0971820605918765,176502.0,0.09546889178454876,176502.0,0.15596910193562508,0.0,0.15596910193562508,0.0,0.15596910193562508,0.0,0.15596910193562508,0.0,0.15596910193562508,0.0,0.15596910193562508,0.0,20.258109904825687,33895685.0,19.7950637107715,33895685.0,19.292088948190212,33895685.0,18.711698060579778,63623371.0,18.998962783720344,29727686.0,18.705620247870684,29727686.0,136288.748,51961.332,0.0013956992849707603,0.004685380655527114,136288.748,51961.332,0.0013893787059932948,0.004676357044465838,136288.748,51961.332,0.0013698256760835649,0.004652383898384868,255905.5,155478.692,0.0013695265065573165,0.004645745904331447,119616.752,119616.752,0.0013695615418255328,0.004765285580046474,119616.752,119616.752,0.0013695407807826996,0.004638810540176927,10773
crmarenapro,query11,2,1/4,9.55711788032204,8.47614877577871,1511097.0,467376.0,0.0,0.0,3018.0,9.440737840719521,8.381732670590281,1488428.0,467376.0,84.0,1.0,3018.0,9.293587622232735,8.212394612841308,1458462.0,467376.0,176.0,1.0,3018.0,9.243289237000768,8.212394612841308,1458462.0,500968.0,176.0,1.0,3018.0,9.24384475313127,8.212394612841308,1458462.0,467376.0,176.0,1.0,3018.0,9.244430056773126,8.212394612841308,1458462.0,467376.0,176.0,1.0,3018.0,8.47614877577871,1.0765854846686125,0.004383619874715805,0.0,0.0,0.0,0.0,8.381732670590281,1.0534588797017932,0.004383619874715805,0.0,0.00010686367750167847,0.0010558068752288818,0.0,8.212394612841308,1.0765854846686125,0.004383619874715805,0.0,0.00022390484809875488,0.0,0.0,8.212394612841308,1.0252157524228096,0.004383619874715805,1.5540138606861056e-05,0.00022390484809875488,0.0010558068752288818,0.0,8.212394612841308,1.0252157524228096,0.004383619874715805,0.0005710562691092491,0.00022390484809875488,0.0010558068752288818,0.0,8.212394612841308,1.0252157524228096,0.004383619874715805,0.0,0.00022390484809875488,0.0022121667861938477,0.0,0.0,0.0,0.0,0.0,0.0,0.0,0.0,0.0,0.0,0.0,0.0,0.0,2.8610942624509335,14274.0,2.777955892495811,14274.0,2.7335039786994457,14274.0,2.6875902901400206,28548.0,2.6878692149184644,14274.0,2.6886143554002047,14274.0,6.673385437577963,433784.0,6.640143767930567,433784.0,6.537445463240147,433784.0,6.533051829785109,433784.0,6.533051829785109,433784.0,6.533177521079779,433784.0,0.022638180293142796,19318.0,0.022638180293142796,19318.0,0.022638180293142796,19318.0,0.022647117075638847,38636.0,0.02292370842769742,19318.0,0.022638180293142796,19318.0,1869.504,1869.504,0.0015443214364349843,0.007770197241567074,1869.504,1869.504,0.0015357096325606108,0.007752025030180811,1869.504,1869.504,0.0014969886653125287,0.007751321186125278,2003.872,2003.872,0.0014951570816338063,0.007751321186125278,1869.504,1869.504,0.0014951570816338063,0.007751321186125278,1869.504,1869.504,0.0014951570816338063,0.007751321186125278,3018
crmarenapro,query11,2,inf,9.55711788032204,8.47614877577871,1511097.0,467376.0,0.0,0.0,3018.0,9.440737840719521,8.381732670590281,1488428.0,467376.0,84.0,0.0,3018.0,9.293587622232735,8.212394612841308,1458462.0,467376.0,176.0,0.0,3018.0,9.243489911669899,8.212394612841308,1458462.0,934752.0,176.0,0.0,3018.0,9.244130281265825,8.212394612841308,1458462.0,467376.0,176.0,0.0,3018.0,9.244430056773126,8.212394612841308,1458462.0,467376.0,176.0,0.0,3018.0,8.47614877577871,1.0765854846686125,0.004383619874715805,0.0,0.0,0.0,0.0,8.381732670590281,1.0534588797017932,0.004383619874715805,0.0,0.00010686367750167847,0.0010558068752288818,0.0,8.212394612841308,1.0765854846686125,0.004383619874715805,0.0,0.00022390484809875488,0.0,0.0,8.212394612841308,1.0252157524228096,0.004383619874715805,0.00021621480773756526,0.00022390484809875488,0.0010558068752288818,0.0,8.212394612841308,1.0252157524228096,0.004383619874715805,0.0008565844036638737,0.00022390484809875488,0.0010558068752288818,0.0,8.212394612841308,1.0252157524228096,0.004383619874715805,0.0,0.00022390484809875488,0.0022121667861938477,0.0,0.0,0.0,0.0,0.0,0.0,0.0,0.0,0.0,0.0,0.0,0.0,0.0,2.8610942624509335,14274.0,2.777955892495811,14274.0,2.7335039786994457,14274.0,2.6875902901400206,28548.0,2.6878692149184644,14274.0,2.6886143554002047,14274.0,6.673385437577963,433784.0,6.640143767930567,433784.0,6.537445463240147,433784.0,6.533252504454239,867568.0,6.533337357919663,433784.0,6.533177521079779,433784.0,0.022638180293142796,19318.0,0.022638180293142796,19318.0,0.022638180293142796,19318.0,0.022647117075638847,38636.0,0.02292370842769742,19318.0,0.022638180293142796,19318.0,1869.504,1869.504,0.0015443214364349843,0.007770197241567074,1869.504,1869.504,0.0015357096325606108,0.007752025030180811,1869.504,1869.504,0.0014969886653125287,0.007751321186125278,3739.008,3739.008,0.0014951570816338063,0.007751321186125278,1869.504,1869.504,0.0014951570816338063,0.007751321186125278,1869.504,1869.504,0.0014951570816338063,0.007751321186125278,3018
crmarenapro,query11,4,1/4,18.677315913140774,16.53019008319825,4410525.0,2279784.0,0.0,0.0,5977.0,18.478326564654708,16.377818745560944,4351039.0,2279784.0,173.0,5.0,5977.0,17.642263870686293,15.494320024736226,4140363.0,2279784.0,643.0,5.0,5977.0,17.44572154831637,15.494320024736226,4140363.0,2390648.0,643.0,5.0,5977.0,17.44738342985511,15.494320024736226,4140363.0,2279784.0,643.0,5.0,5977.0,17.451577751897275,15.494320024736226,4140363.0,2279784.0,643.0,5.0,5977.0,16.53019008319825,2.1281062150374055,0.019019614905118942,0.0,0.0,0.0,0.0,16.377818745560944,2.079093656502664,0.019019614905118942,0.0,0.00022008828818798065,0.002174459397792816,0.0,15.494320024736226,2.1281062150374055,0.019019614905118942,0.0,0.0008180160075426102,0.0,0.0,15.494320024736226,1.9293381460011005,0.019019614905118942,5.128726859106466e-05,0.0008180160075426102,0.002174459397792816,0.0,15.494320024736226,1.9293381460011005,0.019019614905118942,0.0017131688073277473,0.0008180160075426102,0.002174459397792816,0.0,15.494320024736226,1.9293381460011005,0.019019614905118942,0.0,0.0008180160075426102,0.00808195024728775,0.0,0.0,0.0,0.0,0.0,0.0,0.0,0.0,0.0,0.0,0.0,0.0,0.0,5.6762614799663424,14274.0,5.49943324457854,14274.0,5.212375521659851,14274.0,5.036167255881834,28548.0,5.036446180660278,14274.0,5.041401979513466,14274.0,12.930895710363984,2168920.0,12.90873459726572,2168920.0,12.359729626215994,2168920.0,12.33935088571161,2168920.0,12.33935088571161,2168920.0,12.340017049573362,2168920.0,0.07015872281044722,96590.0,0.07015872281044722,96590.0,0.07015872281044722,96590.0,0.07020340672292748,193180.0,0.07158636348322034,96590.0,0.07015872281044722,96590.0,9119.136,9119.136,0.0012912266943603753,0.008403839011117815,9119.136,9119.136,0.001270571943372488,0.00836595895923674,9119.136,9119.136,0.0012621459122747183,0.00836442046202719,9562.592,9562.592,0.0012538449205458165,0.00836442046202719,9119.136,9119.136,0.0012538449205458165,0.00836442046202719,9119.136,9119.136,0.0012538700588047504,0.00836442046202719,5977
crmarenapro,query11,4,inf,18.677315913140774,16.53019008319825,4410525.0,2279784.0,0.0,0.0,5977.0,18.478326564654708,16.377818745560944,4351039.0,2279784.0,173.0,0.0,5977.0,17.642263870686293,15.494320024736226,4140363.0,2279784.0,643.0,0.0,5977.0,17.446724921662025,15.494320024736226,4140363.0,4559568.0,643.0,0.0,5977.0,17.44881107052788,15.494320024736226,4140363.0,2279784.0,643.0,0.0,5977.0,17.451577751897275,15.494320024736226,4140363.0,2279784.0,643.0,0.0,5977.0,16.53019008319825,2.1281062150374055,0.019019614905118942,0.0,0.0,0.0,0.0,16.377818745560944,2.079093656502664,0.019019614905118942,0.0,0.00022008828818798065,0.002174459397792816,0.0,15.494320024736226,2.1281062150374055,0.019019614905118942,0.0,0.0008180160075426102,0.0,0.0,15.494320024736226,1.9293381460011005,0.019019614905118942,0.0010546606142445855,0.0008180160075426102,0.002174459397792816,0.0,15.494320024736226,1.9293381460011005,0.019019614905118942,0.00314080948010087,0.0008180160075426102,0.002174459397792816,0.0,15.494320024736226,1.9293381460011005,0.019019614905118942,0.0,0.0008180160075426102,0.00808195024728775,0.0,0.0,0.0,0.0,0.0,0.0,0.0,0.0,0.0,0.0,0.0,0.0,0.0,5.6762614799663424,14274.0,5.49943324457854,14274.0,5.212375521659851,14274.0,5.036167255881834,28548.0,5.036446180660278,14274.0,5.041401979513466,14274.0,12.930895710363984,2168920.0,12.90873459726572,2168920.0,12.359729626215994,2168920.0,12.340354259057264,4337840.0,12.340778526384383,2168920.0,12.340017049573362,2168920.0,0.07015872281044722,96590.0,0.07015872281044722,96590.0,0.07015872281044722,96590.0,0.07020340672292748,193180.0,0.07158636348322034,96590.0,0.07015872281044722,96590.0,9119.136,9119.136,0.0012912266943603753,0.008403839011117815,9119.136,9119.136,0.001270571943372488,0.00836595895923674,9119.136,9119.136,0.0012621459122747183,0.00836442046202719,18238.272,18238.272,0.0012538449205458165,0.00836442046202719,9119.136,9119.136,0.0012538449205458165,0.00836442046202719,9119.136,9119.136,0.0012538700588047504,0.00836442046202719,5977
crmarenapro,query11,8,1/4,36.87973351124674,32.641597425565124,7468807.0,3314454.0,0.0,0.0,11763.0,36.508363734930754,32.35452352557331,7359289.0,3314454.0,309.0,7.0,11763.0,33.42633938603103,29.18576070200652,6756974.0,3314454.0,1920.0,7.0,11763.0,32.827950282559094,29.18576070200652,6756974.0,3592420.0,1920.0,7.0,11763.0,32.83267566980794,29.18576070200652,6756974.0,3314454.0,1920.0,7.0,11763.0,32.848070559091866,29.18576070200652,6756974.0,3314454.0,1920.0,7.0,11763.0,32.641597425565124,4.205276883207262,0.0328592024743557,0.0,0.0,0.0,0.0,32.35452352557331,4.116704040206969,0.0328592024743557,0.0,0.0003931056708097458,0.003883861005306244,0.0,29.18576070200652,4.205276883207262,0.0328592024743557,0.0,0.002442598342895508,0.0,0.0,29.18576070200652,3.602875327691436,0.0328592024743557,0.00012859103858045784,0.002442598342895508,0.003883861005306244,0.0,29.18576070200652,3.602875327691436,0.0328592024743557,0.0048539782874286175,0.002442598342895508,0.003883861005306244,0.0,29.18576070200652,3.602875327691436,0.0328592024743557,0.0,0.002442598342895508,0.024132728576660156,0.0,0.0,0.0,0.0,0.0,0.0,0.0,0.0,0.0,0.0,0.0,0.0,0.0,11.241313393227756,142740.0,10.925346399657428,142740.0,9.868952018208802,142740.0,9.343103899617073,285480.0,9.345893147401512,142740.0,9.360835753381252,142740.0,25.529277427121997,3036488.0,25.473874644376338,3036488.0,23.448244676925242,3036488.0,23.37564113456756,3036488.0,23.37564113456756,3036488.0,23.378092114813626,3036488.0,0.10914269089698792,135226.0,0.10914269089698792,135226.0,0.10914269089698792,135226.0,0.10920524837446027,270452.0,0.11114138783887029,135226.0,0.10914269089698792,135226.0,13257.816,13086.528,0.0012237699814140798,0.008435073078796266,13257.816,13086.528,0.001222121100872755,0.008433319497853515,13257.816,13086.528,0.0011781331431120635,0.008430403457209466,14369.68,14084.2,0.0011721477191895247,0.008430403457209466,13257.816,13143.624,0.0011721477191895247,0.008430403457209466,13257.816,13143.624,0.0011721477191895247,0.008430403457209466,11763
crmarenapro,query11,8,inf,36.87973351124674,32.641597425565124,7468807.0,3314454.0,0.0,0.0,11763.0,36.508363734930754,32.35452352557331,7359289.0,3314454.0,309.0,0.0,11763.0,33.42633938603103,29.18576070200652,6756974.0,3314454.0,1920.0,0.0,11763.0,32.82935500524301,29.18576070200652,6756974.0,6628908.0,1920.0,0.0,11763.0,32.83467436674982,29.18576070200652,6756974.0,3314454.0,1920.0,0.0,11763.0,32.848070559091866,29.18576070200652,6756974.0,3314454.0,1920.0,0.0,11763.0,32.641597425565124,4.205276883207262,0.0328592024743557,0.0,0.0,0.0,0.0,32.35452352557331,4.116704040206969,0.0328592024743557,0.0,0.0003931056708097458,0.003883861005306244,0.0,29.18576070200652,4.205276883207262,0.0328592024743557,0.0,0.002442598342895508,0.0,0.0,29.18576070200652,3.602875327691436,0.0328592024743557,0.0015333137224953872,0.002442598342895508,0.003883861005306244,0.0,29.18576070200652,3.602875327691436,0.0328592024743557,0.006852675229310989,0.002442598342895508,0.003883861005306244,0.0,29.18576070200652,3.602875327691436,0.0328592024743557,0.0,0.002442598342895508,0.024132728576660156,0.0,0.0,0.0,0.0,0.0,0.0,0.0,0.0,0.0,0.0,0.0,0.0,0.0,11.241313393227756,142740.0,10.925346399657428,142740.0,9.868952018208802,142740.0,9.343103899617073,285480.0,9.345893147401512,142740.0,9.360835753381252,142740.0,25.529277427121997,3036488.0,25.473874644376338,3036488.0,23.448244676925242,3036488.0,23.377045857251474,6072976.0,23.37763983150944,3036488.0,23.378092114813626,3036488.0,0.10914269089698792,135226.0,0.10914269089698792,135226.0,0.10914269089698792,135226.0,0.10920524837446027,270452.0,0.11114138783887029,135226.0,0.10914269089698792,135226.0,13257.816,13086.528,0.0012237699814140798,0.008435073078796266,13257.816,13086.528,0.001222121100872755,0.008433319497853515,13257.816,13086.528,0.0011781331431120635,0.008430403457209466,26515.632,26230.152,0.0011721477191895247,0.008430403457209466,13257.816,13257.816,0.0011721477191895247,0.008430403457209466,13257.816,13257.816,0.0011721477191895247,0.008430403457209466,11763
crmarenapro,query12,2,1/4,20.971312140114605,18.476816940121353,12418895.0,12921439.0,0.0,0.0,1708.0,20.62666152510792,18.147166670300066,12383307.0,12908519.0,30.0,0.0,1708.0,20.328275770880282,17.833704239688814,11586210.0,12921439.0,60.0,0.0,1708.0,20.285415114453563,17.833704239688814,11586210.0,24915890.0,60.0,0.0,1708.0,20.338262245059013,17.833704239688814,11586210.0,12007371.0,60.0,0.0,1708.0,20.27982052322477,17.833704239688814,11586210.0,12007371.0,60.0,0.0,1708.0,18.476816940121353,1.8188325380906463,0.6756626619026065,0.0,0.0,0.0,0.0,18.147166670300066,1.8023493494838476,0.674595057964325,0.0,3.816559910774231e-05,0.00037707388401031494,0.002135207876563072,17.833704239688814,1.8188325380906463,0.6756626619026065,0.0,7.633119821548462e-05,0.0,0.0,17.833704239688814,1.7203765027225018,0.6264160219579935,0.0059716651128036286,7.633119821548462e-05,0.00037707388401031494,0.09849327988922596,17.833704239688814,1.7203765027225018,0.6264160219579935,0.05881879571825266,7.633119821548462e-05,0.00037707388401031494,0.09849327988922596,17.833704239688814,1.7203765027225018,0.6264160219579935,0.0,7.633119821548462e-05,0.0007541477680206299,0.09849327988922596,0.0,0.0,0.0,0.0,0.0,0.0,0.0,0.0,0.0,0.0,0.0,0.0,0.04392495937645435,0.0,0.04392495937645435,0.0,0.04392495937645435,0.0,0.04392495937645435,0.0,0.04392495937645435,0.0,0.04392495937645435,0.0,20.92738718073815,12921439.0,20.582736565731466,12908519.0,20.284350811503828,12921439.0,20.24149015507711,24915890.0,20.29433728568256,12007371.0,20.235895563848317,12007371.0,0.0,0.0,0.0,0.0,0.0,0.0,0.0,0.0,0.0,0.0,0.0,0.0,51685.756,40848.452,0.012115150758996605,0.014781830846332012,51634.076,40813.704,0.012110530011355878,0.014781830846332012,51685.756,40848.452,0.01202889116294682,0.01475208470188081,99663.56,87155.284,0.012004305977493556,0.014750867750221991,48029.484,48029.484,0.01201700619328767,0.014814943512994795,48029.484,48029.484,0.012003386814147234,0.01474103281740099,1708
crmarenapro,query12,2,inf,20.971312140114605,18.476816940121353,12418895.0,12921439.0,0.0,0.0,1708.0,20.62666152510792,18.147166670300066,12383307.0,12908519.0,30.0,0.0,1708.0,20.328275770880282,17.833704239688814,11586210.0,12921439.0,60.0,0.0,1708.0,20.285415114453563,17.833704239688814,11586210.0,24915890.0,60.0,0.0,1708.0,20.338262245059013,17.833704239688814,11586210.0,12007371.0,60.0,0.0,1708.0,20.27982052322477,17.833704239688814,11586210.0,12007371.0,60.0,0.0,1708.0,18.476816940121353,1.8188325380906463,0.6756626619026065,0.0,0.0,0.0,0.0,18.147166670300066,1.8023493494838476,0.674595057964325,0.0,3.816559910774231e-05,0.00037707388401031494,0.002135207876563072,17.833704239688814,1.8188325380906463,0.6756626619026065,0.0,7.633119821548462e-05,0.0,0.0,17.833704239688814,1.7203765027225018,0.6264160219579935,0.0059716651128036286,7.633119821548462e-05,0.00037707388401031494,0.09849327988922596,17.833704239688814,1.7203765027225018,0.6264160219579935,0.05881879571825266,7.633119821548462e-05,0.00037707388401031494,0.09849327988922596,17.833704239688814,1.7203765027225018,0.6264160219579935,0.0,7.633119821548462e-05,0.0007541477680206299,0.09849327988922596,0.0,0.0,0.0,0.0,0.0,0.0,0.0,0.0,0.0,0.0,0.0,0.0,0.04392495937645435,0.0,0.04392495937645435,0.0,0.04392495937645435,0.0,0.04392495937645435,0.0,0.04392495937645435,0.0,0.04392495937645435,0.0,20.92738718073815,12921439.0,20.582736565731466,12908519.0,20.284350811503828,12921439.0,20.24149015507711,24915890.0,20.29433728568256,12007371.0,20.235895563848317,12007371.0,0.0,0.0,0.0,0.0,0.0,0.0,0.0,0.0,0.0,0.0,0.0,0.0,51685.756,40848.452,0.012115150758996605,0.014781830846332012,51634.076,40813.704,0.012110530011355878,0.014781830846332012,51685.756,40848.452,0.01202889116294682,0.01475208470188081,99663.56,87155.284,0.012004305977493556,0.014750867750221991,48029.484,48029.484,0.01201700619328767,0.014814943512994795,48029.484,48029.484,0.012003386814147234,0.01474103281740099,1708
crmarenapro,query12,4,1/4,40.95718458388001,36.39375732373446,22350065.0,22854973.0,0.0,0.0,3362.0,40.31510463915765,35.78204500582069,22191396.0,22740081.0,56.0,0.0,3362.0,38.61554766073823,34.051835430786014,18650760.0,22854973.0,224.0,0.0,3362.0,38.43017076848727,34.051835430786014,18650760.0,41495900.0,224.0,0.0,3362.0,38.52758051734418,34.051835430786014,18650760.0,18755819.0,224.0,0.0,3362.0,38.42176249623299,34.051835430786014,18650760.0,18755819.0,224.0,0.0,3362.0,36.39375732373446,3.3850333765149117,1.1783938836306334,0.0,0.0,0.0,0.0,35.78204500582069,3.3493641521781683,1.173867399804294,0.0,7.124245166778564e-05,0.0007038712501525879,0.00905296765267849,34.051835430786014,3.3850333765149117,1.1783938836306334,0.0,0.0002849698066711426,0.0,0.0,34.051835430786014,2.9738765517249703,0.9638377083465457,0.01051988600474064,0.0002849698066711426,0.0007038712501525879,0.4291123505681753,34.051835430786014,2.9738765517249703,0.9638377083465457,0.10792963486164808,0.0002849698066711426,0.0007038712501525879,0.4291123505681753,34.051835430786014,2.9738765517249703,0.9638377083465457,0.0,0.0002849698066711426,0.0028154850006103516,0.4291123505681753,0.0,0.0,0.0,0.0,0.0,0.0,0.0,0.0,0.0,0.0,0.0,0.0,0.09245602879673243,0.0,0.09245602879673243,0.0,0.09033347014337778,0.0,0.08910894114524126,0.0,0.08910894114524126,0.0,0.08913407940417528,0.0,40.864728555083275,22854973.0,40.22264861036092,22740081.0,38.52521419059485,22854973.0,38.34106182734203,41495900.0,38.438471576198936,18755819.0,38.33262841682881,18755819.0,0.0,0.0,0.0,0.0,0.0,0.0,0.0,0.0,0.0,0.0,0.0,0.0,91419.892,55606.608,0.011890602989122272,0.015056925332732497,90960.324,55147.04,0.011883502816781402,0.015051650667935608,91419.892,55606.608,0.011818924168124795,0.014785864188335834,165983.6,125721.892,0.011819044612526055,0.014691117273851905,75023.276,75023.276,0.011823813448660075,0.014761253116279838,75023.276,75023.276,0.011818924168124795,0.01468129635825753,3362
crmarenapro,query12,4,inf,40.95718458388001,36.39375732373446,22350065.0,22854973.0,0.0,0.0,3362.0,40.31510463915765,35.78204500582069,22191396.0,22740081.0,56.0,0.0,3362.0,38.61554766073823,34.051835430786014,18650760.0,22854973.0,224.0,0.0,3362.0,38.43017076848727,34.051835430786014,18650760.0,41495900.0,224.0,0.0,3362.0,38.52758051734418,34.051835430786014,18650760.0,18755819.0,224.0,0.0,3362.0,38.42176249623299,34.051835430786014,18650760.0,18755819.0,224.0,0.0,3362.0,36.39375732373446,3.3850333765149117,1.1783938836306334,0.0,0.0,0.0,0.0,35.78204500582069,3.3493641521781683,1.173867399804294,0.0,7.124245166778564e-05,0.0007038712501525879,0.00905296765267849,34.051835430786014,3.3850333765149117,1.1783938836306334,0.0,0.0002849698066711426,0.0,0.0,34.051835430786014,2.9738765517249703,0.9638377083465457,0.01051988600474064,0.0002849698066711426,0.0007038712501525879,0.4291123505681753,34.051835430786014,2.9738765517249703,0.9638377083465457,0.10792963486164808,0.0002849698066711426,0.0007038712501525879,0.4291123505681753,34.051835430786014,2.9738765517249703,0.9638377083465457,0.0,0.0002849698066711426,0.0028154850006103516,0.4291123505681753,0.0,0.0,0.0,0.0,0.0,0.0,0.0,0.0,0.0,0.0,0.0,0.0,0.09245602879673243,0.0,0.09245602879673243,0.0,0.09033347014337778,0.0,0.08910894114524126,0.0,0.08910894114524126,0.0,0.08913407940417528,0.0,40.864728555083275,22854973.0,40.22264861036092,22740081.0,38.52521419059485,22854973.0,38.34106182734203,41495900.0,38.438471576198936,18755819.0,38.33262841682881,18755819.0,0.0,0.0,0.0,0.0,0.0,0.0,0.0,0.0,0.0,0.0,0.0,0.0,91419.892,55606.608,0.011890602989122272,0.015056925332732497,90960.324,55147.04,0.011883502816781402,0.015051650667935608,91419.892,55606.608,0.011818924168124795,0.014785864188335834,165983.6,125721.892,0.011819044612526055,0.014691117273851905,75023.276,75023.276,0.011823813448660075,0.014761253116279838,75023.276,75023.276,0.011818924168124795,0.01468129635825753,3362
crmarenapro,query12,8,1/4,84.63867006916553,74.87719316221774,48764116.0,50438971.0,0.0,0.0,6910.0,82.58066954091191,72.91747569479048,48302244.0,50106521.0,182.0,0.0,6910.0,75.84572508558631,66.08316173125058,35524083.0,50438971.0,854.0,0.0,6910.0,75.14347251465229,66.08316173125058,35524083.0,85927482.0,854.0,0.0,6910.0,75.34957161499187,66.08316173125058,35524083.0,35820961.0,854.0,0.0,6910.0,75.12873897794634,66.08316173125058,35524083.0,35820961.0,854.0,0.0,6910.0,74.87719316221774,7.173372760415077,2.5881041465327144,0.0,0.0,0.0,0.0,72.91747569479048,7.057517756707966,2.573051323182881,0.0,0.00023153796792030334,0.0022875815629959106,0.030105646699666977,66.08316173125058,7.173372760415077,2.5881041465327144,0.0,0.001086447387933731,0.0,0.0,66.08316173125058,5.671443345025182,1.8138948753476143,0.023179991707775488,0.001086447387933731,0.0022875815629959106,1.5484185423702002,66.08316173125058,5.671443345025182,1.8138948753476143,0.22927909204736352,0.001086447387933731,0.0022875815629959106,1.5484185423702002,66.08316173125058,5.671443345025182,1.8138948753476143,0.0,0.001086447387933731,0.010734036564826965,1.5484185423702002,0.0,0.0,0.0,0.0,0.0,0.0,0.0,0.0,0.0,0.0,0.0,0.0,0.17932288255542517,0.0,0.17932288255542517,0.0,0.16016007866710424,0.0,0.14915201347321272,0.0,0.14915201347321272,0.0,0.1493782578036189,0.0,84.4593471866101,50438971.0,82.40134665835649,50106521.0,75.6855650069192,50438971.0,74.99432050117908,85927482.0,75.20041960151866,35820961.0,74.97936072014272,35820961.0,0.0,0.0,0.0,0.0,0.0,0.0,0.0,0.0,0.0,0.0,0.0,0.0,201755.884,73854.588,0.011868026627227664,0.01590256346054375,200426.084,73001.844,0.011860064493492245,0.015888715440221128,201755.884,73854.588,0.011714319340884686,0.01530707166716456,333597.464,193532.088,0.011714343852039243,0.015139044680256586,143283.844,134999.484,0.01171470770612359,0.015210505280643698,134999.484,134999.484,0.011714319340884686,0.015127160993404682,6910
crmarenapro,query12,8,inf,84.63867006916553,74.87719316221774,48764116.0,50438971.0,0.0,0.0,6910.0,82.58066954091191,72.91747569479048,48302244.0,50106521.0,182.0,0.0,6910.0,75.80178993474692,66.03922149166465,35513692.0,50438971.0,858.0,0.0,6910.0,75.09627406725345,66.03922149166465,35513692.0,85927482.0,858.0,0.0,6910.0,75.30237316759303,66.03922149166465,35513692.0,35820961.0,858.0,0.0,6910.0,75.08159080706537,66.03922149166465,35513692.0,35820961.0,858.0,0.0,6910.0,74.87719316221774,7.173372760415077,2.5881041465327144,0.0,0.0,0.0,0.0,72.91747569479048,7.057517756707966,2.573051323182881,0.0,0.00023153796792030334,0.0022875815629959106,0.030105646699666977,66.03922149166465,7.173372760415077,2.5881041465327144,0.0,0.00109153613448143,0.0,0.0,66.03922149166465,5.668180048465729,1.8138948753476143,0.023179991707775488,0.00109153613448143,0.0022875815629959106,1.5484185423702002,66.03922149166465,5.668180048465729,1.8138948753476143,0.22927909204736352,0.00109153613448143,0.0022875815629959106,1.5484185423702002,66.03922149166465,5.668180048465729,1.8138948753476143,0.0,0.00109153613448143,0.010784313082695007,1.5484185423702002,0.0,0.0,0.0,0.0,0.0,0.0,0.0,0.0,0.0,0.0,0.0,0.0,0.17932288255542517,0.0,0.17932288255542517,0.0,0.16016007866710424,0.0,0.14915201347321272,0.0,0.14915201347321272,0.0,0.1493782578036189,0.0,84.4593471866101,50438971.0,82.40134665835649,50106521.0,75.64162985607982,50438971.0,74.94712205378023,85927482.0,75.15322115411982,35820961.0,74.93221254926175,35820961.0,0.0,0.0,0.0,0.0,0.0,0.0,0.0,0.0,0.0,0.0,0.0,0.0,201755.884,73854.588,0.011868026627227664,0.01590256346054375,200426.084,73001.844,0.011860064493492245,0.015888715440221128,201755.884,73854.588,0.011712555604055524,0.01530707166716456,343709.928,200617.456,0.011712580115210083,0.015139044680256586,143283.844,143283.844,0.01171294396929443,0.015210505280643698,143283.844,143283.844,0.011712555604055524,0.015127160993404682,6910
crmarenapro,query13,2,1/4,16.94356174301356,10.09937678091228,42065503.0,47263910.0,0.0,0.0,1799.0,16.825653017498553,9.989994214847684,42050882.0,47263910.0,15.0,0.0,1799.0,16.517972145229578,9.673701946623623,40522883.0,47263910.0,67.0,0.0,1799.0,16.467927122740793,9.673701946623623,40522883.0,92753817.0,67.0,0.0,1799.0,16.573407711461186,9.673701946623623,40522883.0,45489907.0,67.0,0.0,1799.0,16.44671575818211,9.673701946623623,40522883.0,45489907.0,67.0,0.0,1799.0,10.09937678091228,4.33052056375891,2.513664398342371,0.0,0.0,0.0,0.0,9.989994214847684,4.321786784566939,2.513664398342371,0.0,1.9082799553871155e-05,0.00018853694200515747,0.0,9.673701946623623,4.33052056375891,2.513664398342371,0.0,8.523650467395782e-05,0.0,0.0,9.673701946623623,4.162313577719033,2.4175559310242534,0.021864959290968277,8.523650467395782e-05,0.00018853694200515747,0.19221693463623524,9.673701946623623,4.162313577719033,2.4175559310242534,0.12734554801136255,8.523650467395782e-05,0.00018853694200515747,0.19221693463623524,9.673701946623623,4.162313577719033,2.4175559310242534,0.0,8.523650467395782e-05,0.0008421316742897034,0.19221693463623524,0.0,0.0,0.0,0.0,0.0,0.0,0.0,0.0,0.0,0.0,0.0,0.0,4.025901432149112,11872561.0,4.016432520933449,11872561.0,3.9976073810830712,11872561.0,3.9863770687421622,23611526.0,4.045699539128691,11738965.0,3.9812114499509335,11738965.0,12.917660310864449,35391349.0,12.809220496565104,35391349.0,12.520364764146507,35391349.0,12.48155005399863,69142291.0,12.527708172332495,33750942.0,12.465504308231175,33750942.0,0.0,0.0,0.0,0.0,0.0,0.0,0.0,0.0,0.0,0.0,0.0,0.0,189055.64,162817.652,0.0071165105421096084,0.018645226089097553,189055.64,162817.652,0.007034344661980867,0.018645226089097553,189055.64,162817.652,0.006868797279894352,0.018527573873288922,371015.268,338431.26,0.006869652150570866,0.018472539707467865,181959.628,181959.628,0.0069337623808532955,0.01857136320760473,181959.628,181959.628,0.006865260766819119,0.01843891883771866,1799
crmarenapro,query13,2,inf,16.94356174301356,10.09937678091228,42065503.0,47263910.0,0.0,0.0,1799.0,16.825653017498553,9.989994214847684,42050882.0,47263910.0,15.0,0.0,1799.0,16.517972145229578,9.673701946623623,40522883.0,47263910.0,67.0,0.0,1799.0,16.467927122740793,9.673701946623623,40522883.0,92753817.0,67.0,0.0,1799.0,16.573407711461186,9.673701946623623,40522883.0,45489907.0,67.0,0.0,1799.0,16.44671575818211,9.673701946623623,40522883.0,45489907.0,67.0,0.0,1799.0,10.09937678091228,4.33052056375891,2.513664398342371,0.0,0.0,0.0,0.0,9.989994214847684,4.321786784566939,2.513664398342371,0.0,1.9082799553871155e-05,0.00018853694200515747,0.0,9.673701946623623,4.33052056375891,2.513664398342371,0.0,8.523650467395782e-05,0.0,0.0,9.673701946623623,4.162313577719033,2.4175559310242534,0.021864959290968277,8.523650467395782e-05,0.00018853694200515747,0.19221693463623524,9.673701946623623,4.162313577719033,2.4175559310242534,0.12734554801136255,8.523650467395782e-05,0.00018853694200515747,0.19221693463623524,9.673701946623623,4.162313577719033,2.4175559310242534,0.0,8.523650467395782e-05,0.0008421316742897034,0.19221693463623524,0.0,0.0,0.0,0.0,0.0,0.0,0.0,0.0,0.0,0.0,0.0,0.0,4.025901432149112,11872561.0,4.016432520933449,11872561.0,3.9976073810830712,11872561.0,3.9863770687421622,23611526.0,4.045699539128691,11738965.0,3.9812114499509335,11738965.0,12.917660310864449,35391349.0,12.809220496565104,35391349.0,12.520364764146507,35391349.0,12.48155005399863,69142291.0,12.527708172332495,33750942.0,12.465504308231175,33750942.0,0.0,0.0,0.0,0.0,0.0,0.0,0.0,0.0,0.0,0.0,0.0,0.0,189055.64,162817.652,0.0071165105421096084,0.018645226089097553,189055.64,162817.652,0.007034344661980867,0.018645226089097553,189055.64,162817.652,0.006868797279894352,0.018527573873288922,371015.268,338431.26,0.006869652150570866,0.018472539707467865,181959.628,181959.628,0.0069337623808532955,0.01857136320760473,181959.628,181959.628,0.006865260766819119,0.01843891883771866,1799
crmarenapro,query13,4,1/4,32.625829216092825,20.384346462786198,74444367.0,83447213.0,0.0,0.0,3547.0,32.41712355334312,20.19374905154109,74400112.0,83447213.0,32.0,0.0,3547.0,30.620465060696006,18.37853958643973,70342615.0,83447213.0,348.0,0.0,3547.0,30.381411843519693,18.37853958643973,70342615.0,162264525.0,348.0,0.0,3547.0,30.56209357921034,18.37853958643973,70342615.0,78817312.0,348.0,0.0,3547.0,30.346779816783965,18.37853958643973,70342615.0,78817312.0,348.0,0.0,3547.0,20.384346462786198,7.801774800755084,4.439707952551544,0.0,0.0,0.0,0.0,20.19374905154109,7.783223627135158,4.439707952551544,0.0,4.07099723815918e-05,0.00040221214294433594,0.0,18.37853958643973,7.801774800755084,4.439707952551544,0.0,0.0004427209496498108,0.0,0.0,18.37853958643973,7.259679187089205,4.175671639852226,0.03860387164730465,0.0004427209496498108,0.00040221214294433594,0.5280726253986359,18.37853958643973,7.259679187089205,4.175671639852226,0.21928560733795166,0.0004427209496498108,0.00040221214294433594,0.5280726253986359,18.37853958643973,7.259679187089205,4.175671639852226,0.0,0.0004427209496498108,0.004374057054519653,0.5280726253986359,0.0,0.0,0.0,0.0,0.0,0.0,0.0,0.0,0.0,0.0,0.0,0.0,7.631272330880165,21585366.0,7.603298235684633,21585366.0,7.472308561205864,21585366.0,7.38089356010567,42218228.0,7.4831204186193645,20632862.0,7.373006906360388,20632862.0,24.99455688521266,61861847.0,24.813825317658484,61861847.0,23.148156499490142,61861847.0,23.000518283414024,120046297.0,23.078973160590976,58184450.0,22.973772910423577,58184450.0,0.0,0.0,0.0,0.0,0.0,0.0,0.0,0.0,0.0,0.0,0.0,0.0,333788.852,216189.976,0.006646971074864268,0.022281308695487667,333788.852,216189.976,0.006582692757248878,0.022281308695487667,333788.852,216189.976,0.0059605296514928345,0.022138053570874026,649058.1,502352.6,0.005942823340049707,0.022055713986806384,315269.248,315269.248,0.006001131121069193,0.02215023030191659,315269.248,315269.248,0.0059390410855412485,0.022015812869369975,3547
crmarenapro,query13,4,inf,32.625829216092825,20.384346462786198,74444367.0,83447213.0,0.0,0.0,3547.0,32.41712355334312,20.19374905154109,74400112.0,83447213.0,32.0,0.0,3547.0,30.620465060696006,18.37853958643973,70342615.0,83447213.0,348.0,0.0,3547.0,30.381411843519693,18.37853958643973,70342615.0,162264525.0,348.0,0.0,3547.0,30.56209357921034,18.37853958643973,70342615.0,78817312.0,348.0,0.0,3547.0,30.346779816783965,18.37853958643973,70342615.0,78817312.0,348.0,0.0,3547.0,20.384346462786198,7.801774800755084,4.439707952551544,0.0,0.0,0.0,0.0,20.19374905154109,7.783223627135158,4.439707952551544,0.0,4.07099723815918e-05,0.00040221214294433594,0.0,18.37853958643973,7.801774800755084,4.439707952551544,0.0,0.0004427209496498108,0.0,0.0,18.37853958643973,7.259679187089205,4.175671639852226,0.03860387164730465,0.0004427209496498108,0.00040221214294433594,0.5280726253986359,18.37853958643973,7.259679187089205,4.175671639852226,0.21928560733795166,0.0004427209496498108,0.00040221214294433594,0.5280726253986359,18.37853958643973,7.259679187089205,4.175671639852226,0.0,0.0004427209496498108,0.004374057054519653,0.5280726253986359,0.0,0.0,0.0,0.0,0.0,0.0,0.0,0.0,0.0,0.0,0.0,0.0,7.631272330880165,21585366.0,7.603298235684633,21585366.0,7.472308561205864,21585366.0,7.38089356010567,42218228.0,7.4831204186193645,20632862.0,7.373006906360388,20632862.0,24.99455688521266,61861847.0,24.813825317658484,61861847.0,23.148156499490142,61861847.0,23.000518283414024,120046297.0,23.078973160590976,58184450.0,22.973772910423577,58184450.0,0.0,0.0,0.0,0.0,0.0,0.0,0.0,0.0,0.0,0.0,0.0,0.0,333788.852,216189.976,0.006646971074864268,0.022281308695487667,333788.852,216189.976,0.006582692757248878,0.022281308695487667,333788.852,216189.976,0.0059605296514928345,0.022138053570874026,649058.1,502352.6,0.005942823340049707,0.022055713986806384,315269.248,315269.248,0.006001131121069193,0.02215023030191659,315269.248,315269.248,0.0059390410855412485,0.022015812869369975,3547
crmarenapro,query13,8,1/4,62.1660636421293,38.90246514696628,137864938.0,154715438.0,0.0,0.0,6841.0,61.92063556332141,38.67768556624651,137824381.0,154715438.0,39.0,0.0,6841.0,56.040535614825785,32.77558224089444,112244840.0,154715438.0,1065.0,0.0,6841.0,54.95399638005427,32.77558224089444,112244840.0,279828648.0,1065.0,0.0,6841.0,55.30957289971411,32.77558224089444,112244840.0,125113210.0,1065.0,0.0,6841.0,54.89531873725355,32.77558224089444,112244840.0,125113210.0,1065.0,0.0,6841.0,38.90246514696628,14.845312156714499,8.418286338448524,0.0,0.0,0.0,0.0,38.67768556624651,14.824123847298324,8.418286338448524,0.0,4.9615278840065e-05,0.0004901960492134094,0.0,32.77558224089444,14.845312156714499,8.418286338448524,0.0,0.001354878768324852,0.0,0.0,32.77558224089444,12.062669325619936,6.794246507808566,0.07157356963387765,0.001354878768324852,0.0004901960492134094,3.2480796612799168,32.77558224089444,12.062669325619936,6.794246507808566,0.42715008929371834,0.001354878768324852,0.0004901960492134094,3.2480796612799168,32.77558224089444,12.062669325619936,6.794246507808566,0.0,0.001354878768324852,0.01338612288236618,3.2480796612799168,0.0,0.0,0.0,0.0,0.0,0.0,0.0,0.0,0.0,0.0,0.0,0.0,15.648203470744193,44137784.0,15.61503071617335,44137784.0,15.16057275235653,44137784.0,14.83285595853191,83534772.0,15.042858394328505,39396988.0,14.819274796172976,39396988.0,46.51786017138511,110577654.0,46.30560484714806,110577654.0,40.879962862469256,110577654.0,40.12114042152236,196293876.0,40.26671450538561,85716222.0,40.07604394108057,85716222.0,0.0,0.0,0.0,0.0,0.0,0.0,0.0,0.0,0.0,0.0,0.0,0.0,618861.752,271887.132,0.0064288596399128435,0.023002704230137155,618861.752,271887.132,0.006390230568125844,0.023002704230137155,618861.752,271887.132,0.0050885964445769784,0.02246218157522379,1119314.592,733036.968,0.00504250558367502,0.02204025357598294,500452.84,500452.84,0.005096557387150824,0.02215260728765278,500452.84,500452.84,0.005039465000852943,0.02200113996807485,6841
crmarenapro,query13,8,inf,62.1660636421293,38.90246514696628,137864938.0,154715438.0,0.0,0.0,6841.0,61.92063556332141,38.67768556624651,137824381.0,154715438.0,39.0,0.0,6841.0,56.040535614825785,32.77558224089444,112244840.0,154715438.0,1065.0,0.0,6841.0,54.95399638005427,32.77558224089444,112244840.0,279828648.0,1065.0,0.0,6841.0,55.30957289971411,32.77558224089444,112244840.0,125113210.0,1065.0,0.0,6841.0,54.89531873725355,32.77558224089444,112244840.0,125113210.0,1065.0,0.0,6841.0,38.90246514696628,14.845312156714499,8.418286338448524,0.0,0.0,0.0,0.0,38.67768556624651,14.824123847298324,8.418286338448524,0.0,4.9615278840065e-05,0.0004901960492134094,0.0,32.77558224089444,14.845312156714499,8.418286338448524,0.0,0.001354878768324852,0.0,0.0,32.77558224089444,12.062669325619936,6.794246507808566,0.07157356963387765,0.001354878768324852,0.0004901960492134094,3.2480796612799168,32.77558224089444,12.062669325619936,6.794246507808566,0.42715008929371834,0.001354878768324852,0.0004901960492134094,3.2480796612799168,32.77558224089444,12.062669325619936,6.794246507808566,0.0,0.001354878768324852,0.01338612288236618,3.2480796612799168,0.0,0.0,0.0,0.0,0.0,0.0,0.0,0.0,0.0,0.0,0.0,0.0,15.648203470744193,44137784.0,15.61503071617335,44137784.0,15.16057275235653,44137784.0,14.83285595853191,83534772.0,15.042858394328505,39396988.0,14.819274796172976,39396988.0,46.51786017138511,110577654.0,46.30560484714806,110577654.0,40.879962862469256,110577654.0,40.12114042152236,196293876.0,40.26671450538561,85716222.0,40.07604394108057,85716222.0,0.0,0.0,0.0,0.0,0.0,0.0,0.0,0.0,0.0,0.0,0.0,0.0,618861.752,271887.132,0.0064288596399128435,0.023002704230137155,618861.752,271887.132,0.006390230568125844,0.023002704230137155,618861.752,271887.132,0.0050885964445769784,0.02246218157522379,1119314.592,733036.968,0.00504250558367502,0.02204025357598294,500452.84,500452.84,0.005096557387150824,0.02215260728765278,500452.84,500452.84,0.005039465000852943,0.02200113996807485,6841
crmarenapro,query2,2,1/4,25.47451444156468,17.661323692649603,269900436.0,272710239.0,0.0,0.0,2801.0,25.471564187668264,17.659176972694695,269900274.0,272710239.0,3.0,2.0,2801.0,23.079224329441786,15.265688817948103,245050836.0,272710239.0,271.0,2.0,2801.0,23.012957082971518,15.265688817948103,245050836.0,491569486.0,271.0,2.0,2801.0,23.09263167064637,15.265688817948103,245050836.0,247799715.0,271.0,2.0,2801.0,22.90355423465371,15.265688817948103,245050836.0,247799715.0,271.0,2.0,2801.0,17.661323692649603,4.913302203640342,2.8998885452747345,0.0,0.0,0.0,0.0,17.659176972694695,4.912457145750523,2.8998885452747345,0.0,3.816559910774231e-06,3.7707388401031494e-05,0.0,15.265688817948103,4.913302203640342,2.8998885452747345,0.0,0.00034476257860660553,0.0,0.0,15.265688817948103,4.560537804849446,2.726200475357473,0.11277137501496722,0.00034476257860660553,3.7707388401031494e-05,0.3473761398345232,15.265688817948103,4.560537804849446,2.726200475357473,0.19244596268981695,0.00034476257860660553,3.7707388401031494e-05,0.3473761398345232,15.265688817948103,4.560537804849446,2.726200475357473,0.0,0.00034476257860660553,0.003406234085559845,0.3473761398345232,0.0,0.0,0.0,0.0,0.0,0.0,0.0,0.0,0.0,0.0,0.0,0.0,1.1030844589695334,1620958.0,1.1001342050731182,1620958.0,1.0880566108971834,1620958.0,1.081645587178104,3227642.0,1.0971708125434816,1606684.0,1.0810968149453402,1606684.0,16.619619604200125,59306700.0,16.619619604200125,59306700.0,14.361286577768624,59306700.0,14.222787042656039,89672932.0,14.217876090668142,59306700.0,14.211391276679933,59306700.0,7.751810378395021,211782581.0,7.751810378395021,211782581.0,7.629881140775979,211782581.0,7.708524453137378,398668912.0,7.777584767434746,186886331.0,7.611066143028438,186886331.0,1090840.956,779712.452,0.009141817880794406,0.01918236765246838,1090840.956,779712.452,0.009141817880794406,0.01918236765246838,1090840.956,779712.452,0.007366879791021347,0.019145209629461167,1966277.944,1634389.42,0.007385271298449286,0.01926475587162832,991198.86,991198.86,0.007423441851511598,0.019282637912873178,991198.86,991198.86,0.007359396636486054,0.019145209629461167,2801
crmarenapro,query2,2,inf,25.47451444156468,17.661323692649603,269900436.0,272710239.0,0.0,0.0,2801.0,25.471564187668264,17.659176972694695,269900274.0,272710239.0,3.0,0.0,2801.0,23.079224329441786,15.265688817948103,245050836.0,272710239.0,271.0,0.0,2801.0,23.02634535649103,15.265688817948103,245050836.0,520509954.0,271.0,0.0,2801.0,23.09320272691548,15.265688817948103,245050836.0,247799715.0,271.0,0.0,2801.0,22.90355423465371,15.265688817948103,245050836.0,247799715.0,271.0,0.0,2801.0,17.661323692649603,4.913302203640342,2.8998885452747345,0.0,0.0,0.0,0.0,17.659176972694695,4.912457145750523,2.8998885452747345,0.0,3.816559910774231e-06,3.7707388401031494e-05,0.0,15.265688817948103,4.913302203640342,2.8998885452747345,0.0,0.00034476257860660553,0.0,0.0,15.265688817948103,4.560537804849446,2.726200475357473,0.1261596485344786,0.00034476257860660553,3.7707388401031494e-05,0.3473761398345232,15.265688817948103,4.560537804849446,2.726200475357473,0.1930170189589262,0.00034476257860660553,3.7707388401031494e-05,0.3473761398345232,15.265688817948103,4.560537804849446,2.726200475357473,0.0,0.00034476257860660553,0.003406234085559845,0.3473761398345232,0.0,0.0,0.0,0.0,0.0,0.0,0.0,0.0,0.0,0.0,0.0,0.0,1.1030844589695334,1620958.0,1.1001342050731182,1620958.0,1.0880566108971834,1620958.0,1.081645587178104,3227642.0,1.0971708125434816,1606684.0,1.0810968149453402,1606684.0,16.619619604200125,59306700.0,16.619619604200125,59306700.0,14.361286577768624,59306700.0,14.236175316175549,118613400.0,14.218447146937251,59306700.0,14.211391276679933,59306700.0,7.751810378395021,211782581.0,7.751810378395021,211782581.0,7.629881140775979,211782581.0,7.708524453137378,398668912.0,7.777584767434746,186886331.0,7.611066143028438,186886331.0,1090840.956,779712.452,0.009141817880794406,0.01918236765246838,1090840.956,779712.452,0.009141817880794406,0.01918236765246838,1090840.956,779712.452,0.007366879791021347,0.019145209629461167,2082039.816,1750151.292,0.007385271298449286,0.019271450008388077,991198.86,991198.86,0.007423441851511598,0.01928292344100773,991198.86,991198.86,0.007359396636486054,0.019145209629461167,2801
crmarenapro,query2,4,1/4,49.50369853153825,35.03720127977431,548694829.0,552821410.0,0.0,0.0,5611.0,49.496814605779946,35.03219226654619,548694451.0,552821410.0,7.0,4.0,5611.0,40.77531499136239,26.30747431050986,421153860.0,552821410.0,1056.0,4.0,5611.0,40.25165624182304,26.30747431050986,421153860.0,919396344.0,1056.0,4.0,5611.0,40.409580337349325,26.30747431050986,421153860.0,424455870.0,1056.0,4.0,5611.0,40.0358747318387,26.30747431050986,421153860.0,424455870.0,1056.0,4.0,5611.0,35.03720127977431,9.106365732848644,5.360131518915296,0.0,0.0,0.0,0.0,35.03219226654619,9.104393931105733,5.360131518915296,0.0,8.905306458473206e-06,8.798390626907349e-05,0.0,26.30747431050986,9.106365732848644,5.360131518915296,0.0,0.0013434290885925293,0.0,0.0,26.30747431050986,7.343070943839848,4.349549990147352,0.2289665267952343,0.0013434290885925293,8.798390626907349e-05,2.0211630575358868,26.30747431050986,7.343070943839848,4.349549990147352,0.3868906223215163,0.0013434290885925293,8.798390626907349e-05,2.0211630575358868,26.30747431050986,7.343070943839848,4.349549990147352,0.0,0.0013434290885925293,0.013273000717163086,2.0211630575358868,0.0,0.0,0.0,0.0,0.0,0.0,0.0,0.0,0.0,0.0,0.0,0.0,2.1693747583776712,2756152.0,2.162490832619369,2756152.0,2.077879440970719,2756152.0,2.031438128719548,5226824.0,2.0618567164056003,2470672.0,2.031445144675672,2470672.0,31.572120202705264,102632283.0,31.572120202705264,102632283.0,23.54382444359362,102632283.0,22.949147783354046,143203120.0,22.94157946575433,98451773.0,22.93785944953561,98451773.0,15.762203570455313,447432975.0,15.762203570455313,447432975.0,15.153611106798053,447432975.0,15.27107032974945,770966400.0,15.406144155189395,323533425.0,15.066570137627423,323533425.0,2211285.64,1046930.396,0.009125246126204729,0.018298831863328806,2211285.64,1046930.396,0.009125246126204729,0.018298831863328806,2211285.64,1046930.396,0.006145433994010091,0.018160900693014254,3677585.376,2441896.608,0.006147701333326383,0.01812493273801799,1697823.48,1689999.248,0.006176735181361437,0.01814645461160689,1697823.48,1689999.248,0.00613086649775505,0.01799801944382488,5611
crmarenapro,query2,4,inf,49.50369853153825,35.03720127977431,548694829.0,552821410.0,0.0,0.0,5611.0,49.496814605779946,35.03219226654619,548694451.0,552821410.0,7.0,0.0,5611.0,40.77531499136239,26.30747431050986,421153860.0,552821410.0,1056.0,0.0,5611.0,40.27843278886206,26.30747431050986,421153860.0,977277280.0,1056.0,0.0,5611.0,40.410722449887544,26.30747431050986,421153860.0,424455870.0,1056.0,0.0,5611.0,40.0358747318387,26.30747431050986,421153860.0,424455870.0,1056.0,0.0,5611.0,35.03720127977431,9.106365732848644,5.360131518915296,0.0,0.0,0.0,0.0,35.03219226654619,9.104393931105733,5.360131518915296,0.0,8.905306458473206e-06,8.798390626907349e-05,0.0,26.30747431050986,9.106365732848644,5.360131518915296,0.0,0.0013434290885925293,0.0,0.0,26.30747431050986,7.343070943839848,4.349549990147352,0.2557430738342571,0.0013434290885925293,8.798390626907349e-05,2.0211630575358868,26.30747431050986,7.343070943839848,4.349549990147352,0.3880327348597348,0.0013434290885925293,8.798390626907349e-05,2.0211630575358868,26.30747431050986,7.343070943839848,4.349549990147352,0.0,0.0013434290885925293,0.013273000717163086,2.0211630575358868,0.0,0.0,0.0,0.0,0.0,0.0,0.0,0.0,0.0,0.0,0.0,0.0,2.1693747583776712,2756152.0,2.162490832619369,2756152.0,2.077879440970719,2756152.0,2.031438128719548,5226824.0,2.0618567164056003,2470672.0,2.031445144675672,2470672.0,31.572120202705264,102632283.0,31.572120202705264,102632283.0,23.54382444359362,102632283.0,22.975924330393067,201084056.0,22.94272157829255,98451773.0,22.93785944953561,98451773.0,15.762203570455313,447432975.0,15.762203570455313,447432975.0,15.153611106798053,447432975.0,15.27107032974945,770966400.0,15.406144155189395,323533425.0,15.066570137627423,323533425.0,2211285.64,1046930.396,0.009125246126204729,0.018298831863328806,2211285.64,1046930.396,0.009125246126204729,0.018298831863328806,2211285.64,1046930.396,0.006145433994010091,0.018160900693014254,3909109.12,2673420.352,0.006147701333326383,0.01812493273801799,1697823.48,1697823.48,0.006176735181361437,0.01814645461160689,1697823.48,1697823.48,0.00613086649775505,0.01799801944382488,5611
crmarenapro,query2,8,1/4,98.551788312383,70.63859186973423,1036205509.0,1043552063.0,0.0,0.0,11419.0,98.52818628121167,70.62141811009496,1036204213.0,1043552063.0,24.0,6.0,11419.0,74.08179740421474,46.16451851464808,636640505.0,1043552063.0,3209.0,6.0,11419.0,72.38290525861979,46.16451851464808,636640505.0,1598428983.0,3209.0,6.0,11419.0,72.71523135900497,46.16451851464808,636640505.0,641698324.0,3209.0,6.0,11419.0,71.98034067917615,46.16451851464808,636640505.0,641698324.0,3209.0,6.0,11419.0,70.63859186973423,17.677457571029663,10.235738871619105,0.0,0.0,0.0,0.0,70.62141811009496,17.67069710791111,10.235738871619105,0.0,3.053247928619385e-05,0.00030165910720825195,0.0,46.16451851464808,17.677457571029663,10.235738871619105,0.0,0.004082446917891502,0.0,0.0,46.16451851464808,12.477551881223917,7.177624243311584,0.4425972567960681,0.004082446917891502,0.00030165910720825195,6.116229256615043,46.16451851464808,12.477551881223917,7.177624243311584,0.774923357181251,0.004082446917891502,0.00030165910720825195,6.116229256615043,46.16451851464808,12.477551881223917,7.177624243311584,0.0,0.004082446917891502,0.04033433645963669,6.116229256615043,0.0,0.0,0.0,0.0,0.0,0.0,0.0,0.0,0.0,0.0,0.0,0.0,4.568181904964149,6811135.0,4.544579873792827,6811135.0,4.1578325582668185,6811135.0,3.9587258067472972,12651638.0,4.026385855861008,5840503.0,3.961318970657885,5840503.0,62.06963044218719,172139373.0,62.06963044218719,172139373.0,39.98729923926294,172139373.0,38.3840997880213,249982703.0,38.37004248192534,164664734.0,38.37048517726362,164664734.0,31.913975965231657,864601555.0,31.913975965231657,864601555.0,29.936665606684983,864601555.0,30.040079663851195,1335794642.0,30.318803021218628,471193087.0,29.64853653125465,471193087.0,4174208.252,1332911.924,0.00904017448425293,0.01686788501907139,4174208.252,1332911.924,0.00904017448425293,0.01686788501907139,4174208.252,1332911.924,0.005296943712979555,0.016740269509702914,6393715.932,3433194.092,0.005293108139144851,0.016721803788090274,2566793.296,2553744.272,0.005308680789545178,0.01676006085854023,2566793.296,2553744.272,0.005270684588700533,0.016616460870951408,11419
crmarenapro,query2,8,inf,98.551788312383,70.63859186973423,1036205509.0,1043552063.0,0.0,0.0,11419.0,98.52818628121167,70.62141811009496,1036204213.0,1043552063.0,24.0,0.0,11419.0,74.08179740421474,46.16451851464808,636640505.0,1043552063.0,3209.0,0.0,11419.0,72.42307007917833,46.16451851464808,636640505.0,1685250387.0,3209.0,0.0,11419.0,72.7169445278123,46.16451851464808,636640505.0,641698324.0,3209.0,0.0,11419.0,71.98034067917615,46.16451851464808,636640505.0,641698324.0,3209.0,0.0,11419.0,70.63859186973423,17.677457571029663,10.235738871619105,0.0,0.0,0.0,0.0,70.62141811009496,17.67069710791111,10.235738871619105,0.0,3.053247928619385e-05,0.00030165910720825195,0.0,46.16451851464808,17.677457571029663,10.235738871619105,0.0,0.004082446917891502,0.0,0.0,46.16451851464808,12.477551881223917,7.177624243311584,0.4827620773546023,0.004082446917891502,0.00030165910720825195,6.116229256615043,46.16451851464808,12.477551881223917,7.177624243311584,0.7766365259885788,0.004082446917891502,0.00030165910720825195,6.116229256615043,46.16451851464808,12.477551881223917,7.177624243311584,0.0,0.004082446917891502,0.04033433645963669,6.116229256615043,0.0,0.0,0.0,0.0,0.0,0.0,0.0,0.0,0.0,0.0,0.0,0.0,4.568181904964149,6811135.0,4.544579873792827,6811135.0,4.1578325582668185,6811135.0,3.9587258067472972,12651638.0,4.026385855861008,5840503.0,3.961318970657885,5840503.0,62.06963044218719,172139373.0,62.06963044218719,172139373.0,39.98729923926294,172139373.0,38.42426460857983,336804107.0,38.371755650732666,164664734.0,38.37048517726362,164664734.0,31.913975965231657,864601555.0,31.913975965231657,864601555.0,29.936665606684983,864601555.0,30.040079663851195,1335794642.0,30.318803021218628,471193087.0,29.64853653125465,471193087.0,4174208.252,1332911.924,0.00904017448425293,0.01686788501907139,4174208.252,1332911.924,0.00904017448425293,0.01686788501907139,4174208.252,1332911.924,0.005296943712979555,0.016740269509702914,6741001.548,3780479.708,0.005293108139144851,0.016721803788090274,2566793.296,2566793.296,0.005308680789545178,0.01676006085854023,2566793.296,2566793.296,0.005270684588700533,0.016616460870951408,11419
crmarenapro,query3,2,1/4,26.448753687553108,25.179458507336676,2332059.0,0.0,0.0,0.0,2004.0,26.42663219384849,25.158539969474077,2331191.0,0.0,2.0,0.0,2004.0,25.249422173015773,23.97999977413565,2241044.0,0.0,100.0,0.0,2004.0,25.190446670167148,23.97999977413565,2241044.0,0.0,100.0,0.0,2004.0,25.190446670167148,23.97999977413565,2241044.0,0.0,100.0,0.0,2004.0,25.191678444854915,23.97999977413565,2241044.0,0.0,100.0,0.0,2004.0,25.179458507336676,1.2692951802164316,0.0,0.0,0.0,0.0,0.0,25.158539969474077,1.2680645417422056,0.0,0.0,2.5443732738494873e-06,2.5138258934020996e-05,0.0,23.97999977413565,1.2692951802164316,0.0,0.0,0.00012721866369247437,0.0,0.0,23.97999977413565,1.2102945391088724,0.0,0.0,0.00012721866369247437,2.5138258934020996e-05,0.0,23.97999977413565,1.2102945391088724,0.0,0.0,0.00012721866369247437,2.5138258934020996e-05,0.0,23.97999977413565,1.2102945391088724,0.0,0.0,0.00012721866369247437,0.0012569129467010498,0.0,0.0,0.0,0.0,0.0,0.0,0.0,0.0,0.0,0.0,0.0,0.0,0.0,0.01160826813429594,0.0,0.01160826813429594,0.0,0.01160826813429594,0.0,0.01160826813429594,0.0,0.01160826813429594,0.0,0.01160826813429594,0.0,26.417635300196707,0.0,26.39551380649209,0.0,25.218303785659373,0.0,25.159328282810748,0.0,25.159328282810748,0.0,25.160560057498515,0.0,0.01951011922210455,0.0,0.01951011922210455,0.0,0.01951011922210455,0.0,0.01951011922210455,0.0,0.01951011922210455,0.0,0.01951011922210455,0.0,0.0,0.0,0.01143931775353849,0.01923528730925172,0.0,0.0,0.011438564283773303,0.01923528730925172,0.0,0.0,0.01079145234078169,0.018921385225094848,0.0,0.0,0.010770263746380807,0.01891926636565476,0.0,0.0,0.010770263746380807,0.01891926636565476,0.0,0.0,0.010770967617630958,0.018919336752779778,2004
crmarenapro,query3,2,inf,26.448753687553108,25.179458507336676,2332059.0,0.0,0.0,0.0,2004.0,26.42663219384849,25.158539969474077,2331191.0,0.0,2.0,0.0,2004.0,25.249422173015773,23.97999977413565,2241044.0,0.0,100.0,0.0,2004.0,25.190446670167148,23.97999977413565,2241044.0,0.0,100.0,0.0,2004.0,25.190446670167148,23.97999977413565,2241044.0,0.0,100.0,0.0,2004.0,25.191678444854915,23.97999977413565,2241044.0,0.0,100.0,0.0,2004.0,25.179458507336676,1.2692951802164316,0.0,0.0,0.0,0.0,0.0,25.158539969474077,1.2680645417422056,0.0,0.0,2.5443732738494873e-06,2.5138258934020996e-05,0.0,23.97999977413565,1.2692951802164316,0.0,0.0,0.00012721866369247437,0.0,0.0,23.97999977413565,1.2102945391088724,0.0,0.0,0.00012721866369247437,2.5138258934020996e-05,0.0,23.97999977413565,1.2102945391088724,0.0,0.0,0.00012721866369247437,2.5138258934020996e-05,0.0,23.97999977413565,1.2102945391088724,0.0,0.0,0.00012721866369247437,0.0012569129467010498,0.0,0.0,0.0,0.0,0.0,0.0,0.0,0.0,0.0,0.0,0.0,0.0,0.0,0.01160826813429594,0.0,0.01160826813429594,0.0,0.01160826813429594,0.0,0.01160826813429594,0.0,0.01160826813429594,0.0,0.01160826813429594,0.0,26.417635300196707,0.0,26.39551380649209,0.0,25.218303785659373,0.0,25.159328282810748,0.0,25.159328282810748,0.0,25.160560057498515,0.0,0.01951011922210455,0.0,0.01951011922210455,0.0,0.01951011922210455,0.0,0.01951011922210455,0.0,0.01951011922210455,0.0,0.01951011922210455,0.0,0.0,0.0,0.01143931775353849,0.01923528730925172,0.0,0.0,0.011438564283773303,0.01923528730925172,0.0,0.0,0.01079145234078169,0.018921385225094848,0.0,0.0,0.010770263746380807,0.01891926636565476,0.0,0.0,0.010770263746380807,0.01891926636565476,0.0,0.0,0.010770967617630958,0.018919336752779778,2004
crmarenapro,query3,4,1/4,52.02711024414748,49.53285046946257,4615972.0,0.0,0.0,0.0,3953.0,51.982867256738245,49.491013393737376,4614236.0,0.0,4.0,0.0,3953.0,46.668409675359726,44.17359649948776,4154221.0,0.0,435.0,0.0,3953.0,46.401385048404336,44.17359649948776,4154221.0,0.0,435.0,0.0,3953.0,46.401385048404336,44.17359649948776,4154221.0,0.0,435.0,0.0,3953.0,46.40680234320462,44.17359649948776,4154221.0,0.0,435.0,0.0,3953.0,49.53285046946257,2.494259774684906,0.0,0.0,0.0,0.0,0.0,49.491013393737376,2.491798497736454,0.0,0.0,5.088746547698975e-06,5.027651786804199e-05,0.0,44.17359649948776,2.494259774684906,0.0,0.0,0.0005534011870622635,0.0,0.0,44.17359649948776,2.227184871211648,0.0,0.0,0.0005534011870622635,5.027651786804199e-05,0.0,44.17359649948776,2.227184871211648,0.0,0.0,0.0005534011870622635,5.027651786804199e-05,0.0,44.17359649948776,2.227184871211648,0.0,0.0,0.0005534011870622635,0.005467571318149567,0.0,0.0,0.0,0.0,0.0,0.0,0.0,0.0,0.0,0.0,0.0,0.0,0.0,0.048943789675831795,0.0,0.048943789675831795,0.0,0.048943789675831795,0.0,0.048943789675831795,0.0,0.048943789675831795,0.0,0.048943789675831795,0.0,51.946398843079805,0.0,51.90215585567057,0.0,46.58769827429205,0.0,46.32067364733666,0.0,46.32067364733666,0.0,46.32609094213694,0.0,0.031767611391842365,0.0,0.031767611391842365,0.0,0.031767611391842365,0.0,0.031767611391842365,0.0,0.031767611391842365,0.0,0.031767611391842365,0.0,0.0,0.0,0.011426467223092913,0.021139051217213267,0.0,0.0,0.011425910223275423,0.021139051217213267,0.0,0.0,0.009849251328036188,0.020197414490580552,0.0,0.0,0.009793176053091884,0.020192871711403125,0.0,0.0,0.009793176053091884,0.020192871711403125,0.0,0.0,0.009794885454699398,0.02019302254095673,3953
crmarenapro,query3,4,inf,52.02711024414748,49.53285046946257,4615972.0,0.0,0.0,0.0,3953.0,51.982867256738245,49.491013393737376,4614236.0,0.0,4.0,0.0,3953.0,46.668409675359726,44.17359649948776,4154221.0,0.0,435.0,0.0,3953.0,46.401385048404336,44.17359649948776,4154221.0,0.0,435.0,0.0,3953.0,46.401385048404336,44.17359649948776,4154221.0,0.0,435.0,0.0,3953.0,46.40680234320462,44.17359649948776,4154221.0,0.0,435.0,0.0,3953.0,49.53285046946257,2.494259774684906,0.0,0.0,0.0,0.0,0.0,49.491013393737376,2.491798497736454,0.0,0.0,5.088746547698975e-06,5.027651786804199e-05,0.0,44.17359649948776,2.494259774684906,0.0,0.0,0.0005534011870622635,0.0,0.0,44.17359649948776,2.227184871211648,0.0,0.0,0.0005534011870622635,5.027651786804199e-05,0.0,44.17359649948776,2.227184871211648,0.0,0.0,0.0005534011870622635,5.027651786804199e-05,0.0,44.17359649948776,2.227184871211648,0.0,0.0,0.0005534011870622635,0.005467571318149567,0.0,0.0,0.0,0.0,0.0,0.0,0.0,0.0,0.0,0.0,0.0,0.0,0.0,0.048943789675831795,0.0,0.048943789675831795,0.0,0.048943789675831795,0.0,0.048943789675831795,0.0,0.048943789675831795,0.0,0.048943789675831795,0.0,51.946398843079805,0.0,51.90215585567057,0.0,46.58769827429205,0.0,46.32067364733666,0.0,46.32067364733666,0.0,46.32609094213694,0.0,0.031767611391842365,0.0,0.031767611391842365,0.0,0.031767611391842365,0.0,0.031767611391842365,0.0,0.031767611391842365,0.0,0.031767611391842365,0.0,0.0,0.0,0.011426467223092913,0.021139051217213267,0.0,0.0,0.011425910223275423,0.021139051217213267,0.0,0.0,0.009849251328036188,0.020197414490580552,0.0,0.0,0.009793176053091884,0.020192871711403125,0.0,0.0,0.009793176053091884,0.020192871711403125,0.0,0.0,0.009794885454699398,0.02019302254095673,3953
crmarenapro,query3,8,1/4,105.95407378021628,100.89955773763359,9450658.0,0.0,0.0,0.0,8007.0,105.82134481798857,100.77404651045799,9445450.0,0.0,12.0,0.0,8007.0,86.79931748658419,81.74283591564745,7766484.0,0.0,1545.0,0.0,8007.0,85.81793473660946,81.74283591564745,7766484.0,0.0,1545.0,0.0,8007.0,85.81793473660946,81.74283591564745,7766484.0,0.0,1545.0,0.0,8007.0,85.83720321208239,81.74283591564745,7766484.0,0.0,1545.0,0.0,8007.0,100.89955773763359,5.054516042582691,0.0,0.0,0.0,0.0,0.0,100.77404651045799,5.047132211737335,0.0,0.0,1.5266239643096924e-05,0.00015082955360412598,0.0,81.74283591564745,5.054516042582691,0.0,0.0,0.001965528354048729,0.0,0.0,81.74283591564745,4.072982463054359,0.0,0.0,0.001965528354048729,0.00015082955360412598,0.0,81.74283591564745,4.072982463054359,0.0,0.0,0.001965528354048729,0.00015082955360412598,0.0,81.74283591564745,4.072982463054359,0.0,0.0,0.001965528354048729,0.01941930502653122,0.0,0.0,0.0,0.0,0.0,0.0,0.0,0.0,0.0,0.0,0.0,0.0,0.0,0.09079228527843952,0.0,0.09079228527843952,0.0,0.08975549414753914,0.0,0.08934793062508106,0.0,0.08934793062508106,0.0,0.08936049975454807,0.0,105.80393873620778,0.0,105.67120977398008,0.0,86.6502192337066,0.0,85.66924404725432,0.0,85.66924404725432,0.0,85.68849995359778,0.0,0.0593427587300539,0.0,0.0593427587300539,0.0,0.0593427587300539,0.0,0.0593427587300539,0.0,0.0593427587300539,0.0,0.0593427587300539,0.0,0.0,0.0,0.01143058805540204,0.02335912114176899,0.0,0.0,0.011429947804659606,0.02335912114176899,0.0,0.0,0.009001664597541094,0.02181063596755265,0.0,0.0,0.008907277129590512,0.021807986013032486,0.0,0.0,0.008907277129590512,0.021807986013032486,0.0,0.0,0.00890989150851965,0.021808073996938755,8007
crmarenapro,query3,8,inf,105.95407378021628,100.89955773763359,9450658.0,0.0,0.0,0.0,8007.0,105.82134481798857,100.77404651045799,9445450.0,0.0,12.0,0.0,8007.0,86.79931748658419,81.74283591564745,7766484.0,0.0,1545.0,0.0,8007.0,85.81793473660946,81.74283591564745,7766484.0,0.0,1545.0,0.0,8007.0,85.81793473660946,81.74283591564745,7766484.0,0.0,1545.0,0.0,8007.0,85.83720321208239,81.74283591564745,7766484.0,0.0,1545.0,0.0,8007.0,100.89955773763359,5.054516042582691,0.0,0.0,0.0,0.0,0.0,100.77404651045799,5.047132211737335,0.0,0.0,1.5266239643096924e-05,0.00015082955360412598,0.0,81.74283591564745,5.054516042582691,0.0,0.0,0.001965528354048729,0.0,0.0,81.74283591564745,4.072982463054359,0.0,0.0,0.001965528354048729,0.00015082955360412598,0.0,81.74283591564745,4.072982463054359,0.0,0.0,0.001965528354048729,0.00015082955360412598,0.0,81.74283591564745,4.072982463054359,0.0,0.0,0.001965528354048729,0.01941930502653122,0.0,0.0,0.0,0.0,0.0,0.0,0.0,0.0,0.0,0.0,0.0,0.0,0.0,0.09079228527843952,0.0,0.09079228527843952,0.0,0.08975549414753914,0.0,0.08934793062508106,0.0,0.08934793062508106,0.0,0.08936049975454807,0.0,105.80393873620778,0.0,105.67120977398008,0.0,86.6502192337066,0.0,85.66924404725432,0.0,85.66924404725432,0.0,85.68849995359778,0.0,0.0593427587300539,0.0,0.0593427587300539,0.0,0.0593427587300539,0.0,0.0593427587300539,0.0,0.0593427587300539,0.0,0.0593427587300539,0.0,0.0,0.0,0.01143058805540204,0.02335912114176899,0.0,0.0,0.011429947804659606,0.02335912114176899,0.0,0.0,0.009001664597541094,0.02181063596755265,0.0,0.0,0.008907277129590512,0.021807986013032486,0.0,0.0,0.008907277129590512,0.021807986013032486,0.0,0.0,0.00890989150851965,0.021808073996938755,8007
crmarenapro,query4,2,1/4,4.151669685728848,2.386288231238723,7552367.0,7058749.0,0.0,0.0,2339.0,4.094980604946613,2.3435456780716777,7541647.0,7058749.0,51.0,0.0,2339.0,4.0502019906416535,2.2846666015684605,6810806.0,7058749.0,121.0,0.0,2339.0,4.006031814340429,2.2846666015684605,6810806.0,13279236.0,121.0,0.0,2339.0,4.062156188301742,2.2846666015684605,6810806.0,6220487.0,121.0,0.0,2339.0,4.003646175377071,2.2846666015684605,6810806.0,6220487.0,121.0,0.0,2339.0,2.386288231238723,1.3348868656903505,0.43049458879977465,0.0,0.0,0.0,0.0,2.3435456780716777,1.3202344309538603,0.43049458879977465,0.0,6.488151848316193e-05,0.0006410256028175354,0.0,2.2846666015684605,1.3348868656903505,0.43049458879977465,0.0,0.00015393458306789398,0.0,0.0,2.2846666015684605,1.2342121368274093,0.3778965398669243,0.003265478026049115,0.00015393458306789398,0.0006410256028175354,0.10519609786570072,2.2846666015684605,1.2342121368274093,0.3778965398669243,0.05938985198736191,0.00015393458306789398,0.0006410256028175354,0.10519609786570072,2.2846666015684605,1.2342121368274093,0.3778965398669243,0.0,0.00015393458306789398,0.0015208646655082703,0.10519609786570072,0.0,0.0,0.0,0.0,0.0,0.0,0.0,0.0,0.0,0.0,0.0,0.0,1.8373138755559921,4710076.0,1.8026349004358053,4710076.0,1.769563895650208,4710076.0,1.7371675921650593,8754320.0,1.7581164226867259,4044244.0,1.7356045311316848,4044244.0,0.4408102408051491,65885.0,0.4408102408051491,65885.0,0.4408102408051491,65885.0,0.44084072014642417,131770.0,0.4419523533433676,65885.0,0.4408102408051491,65885.0,1.8735455693677068,2282788.0,1.851535463705659,2282788.0,1.8398278541862965,2282788.0,1.828023502028946,4393146.0,1.8620874122716486,2110358.0,1.827231403440237,2110358.0,28234.996,21725.852,0.001164675423875451,0.00365480545144528,28234.996,21725.852,0.0011620283275842666,0.0036544379100203503,28234.996,21725.852,0.0011534853894263506,0.0036222849279642097,53116.944,45633.912,0.001152900770184779,0.0035990224031043736,24881.948,24881.948,0.001153457243926823,0.003672266152501105,24881.948,24881.948,0.001152911325916648,0.0035942417027428736,2339
crmarenapro,query4,2,inf,4.151669685728848,2.386288231238723,7552367.0,7058749.0,0.0,0.0,2339.0,4.094980604946613,2.3435456780716777,7541647.0,7058749.0,51.0,0.0,2339.0,4.0502019906416535,2.2846666015684605,6810806.0,7058749.0,121.0,0.0,2339.0,4.006031814340429,2.2846666015684605,6810806.0,13279236.0,121.0,0.0,2339.0,4.062156188301742,2.2846666015684605,6810806.0,6220487.0,121.0,0.0,2339.0,4.003646175377071,2.2846666015684605,6810806.0,6220487.0,121.0,0.0,2339.0,2.386288231238723,1.3348868656903505,0.43049458879977465,0.0,0.0,0.0,0.0,2.3435456780716777,1.3202344309538603,0.43049458879977465,0.0,6.488151848316193e-05,0.0006410256028175354,0.0,2.2846666015684605,1.3348868656903505,0.43049458879977465,0.0,0.00015393458306789398,0.0,0.0,2.2846666015684605,1.2342121368274093,0.3778965398669243,0.003265478026049115,0.00015393458306789398,0.0006410256028175354,0.10519609786570072,2.2846666015684605,1.2342121368274093,0.3778965398669243,0.05938985198736191,0.00015393458306789398,0.0006410256028175354,0.10519609786570072,2.2846666015684605,1.2342121368274093,0.3778965398669243,0.0,0.00015393458306789398,0.0015208646655082703,0.10519609786570072,0.0,0.0,0.0,0.0,0.0,0.0,0.0,0.0,0.0,0.0,0.0,0.0,1.8373138755559921,4710076.0,1.8026349004358053,4710076.0,1.769563895650208,4710076.0,1.7371675921650593,8754320.0,1.7581164226867259,4044244.0,1.7356045311316848,4044244.0,0.4408102408051491,65885.0,0.4408102408051491,65885.0,0.4408102408051491,65885.0,0.44084072014642417,131770.0,0.4419523533433676,65885.0,0.4408102408051491,65885.0,1.8735455693677068,2282788.0,1.851535463705659,2282788.0,1.8398278541862965,2282788.0,1.828023502028946,4393146.0,1.8620874122716486,2110358.0,1.827231403440237,2110358.0,28234.996,21725.852,0.001164675423875451,0.00365480545144528,28234.996,21725.852,0.0011620283275842666,0.0036544379100203503,28234.996,21725.852,0.0011534853894263506,0.0036222849279642097,53116.944,45633.912,0.001152900770184779,0.0035990224031043736,24881.948,24881.948,0.001153457243926823,0.003672266152501105,24881.948,24881.948,0.001152911325916648,0.0035942417027428736,2339
crmarenapro,query4,4,1/4,7.880928981117904,4.6259868470951915,13357045.0,12043145.0,0.0,0.0,4694.0,7.741350500844419,4.522696950472891,13307689.0,12043145.0,124.0,0.0,4694.0,7.472324864007533,4.216760630719364,10103394.0,12043145.0,489.0,0.0,4694.0,7.272959619613257,4.216760630719364,10103394.0,20483449.0,489.0,0.0,4694.0,7.373033698648214,4.216760630719364,10103394.0,8440304.0,489.0,0.0,4694.0,7.271976021118462,4.216760630719364,10103394.0,8440304.0,489.0,0.0,4694.0,4.6259868470951915,2.517221400514245,0.7377207335084677,0.0,0.0,0.0,0.0,4.522696950472891,2.479216493666172,0.7377207335084677,0.0,0.0001577511429786682,0.0015585720539093018,0.0,4.216760630719364,2.517221400514245,0.7377207335084677,0.0,0.0006220992654561996,0.0,0.0,4.216760630719364,2.084571484476328,0.5115659646689892,0.005571330750253801,0.0006220992654561996,0.0015585720539093018,0.452309537678957,4.216760630719364,2.084571484476328,0.5115659646689892,0.10564540978521109,0.0006220992654561996,0.0015585720539093018,0.452309537678957,4.216760630719364,2.084571484476328,0.5115659646689892,0.0,0.0006220992654561996,0.0061463043093681335,0.452309537678957,0.0,0.0,0.0,0.0,0.0,0.0,0.0,0.0,0.0,0.0,0.0,0.0,3.447772507555783,7686170.0,3.3631908604875207,7686170.0,3.165393916890025,7686170.0,3.0236829333877138,12653526.0,3.0581024433486164,4967356.0,3.023470589891076,4967356.0,0.7636748431250453,126768.0,0.7636748431250453,126768.0,0.7636748431250453,126768.0,0.7637334878110097,253536.0,0.7656735400669277,126768.0,0.7636748431250453,126768.0,3.669481630437076,4230207.0,3.614484797231853,4230207.0,3.543256103992462,4230207.0,3.4855431984145335,7576387.0,3.5492577152326703,3346180.0,3.4848305881023407,3346180.0,48172.58,25747.68,0.0011541530676186084,0.0037842239264398794,48172.58,25747.68,0.0011436401903629303,0.0037827248845249393,48172.58,25747.68,0.0011271179653704166,0.0036696054428815824,81933.796,57619.744,0.0011248217113316058,0.0035769488535843347,33761.216,33761.216,0.0011248217113316058,0.003652444100845603,33761.216,33761.216,0.0011248217113316058,0.003572372922487555,4694
crmarenapro,query4,4,inf,7.880928981117904,4.6259868470951915,13357045.0,12043145.0,0.0,0.0,4694.0,7.741350500844419,4.522696950472891,13307689.0,12043145.0,124.0,0.0,4694.0,7.472324864007533,4.216760630719364,10103394.0,12043145.0,489.0,0.0,4694.0,7.272959619613257,4.216760630719364,10103394.0,20483449.0,489.0,0.0,4694.0,7.373033698648214,4.216760630719364,10103394.0,8440304.0,489.0,0.0,4694.0,7.271976021118462,4.216760630719364,10103394.0,8440304.0,489.0,0.0,4694.0,4.6259868470951915,2.517221400514245,0.7377207335084677,0.0,0.0,0.0,0.0,4.522696950472891,2.479216493666172,0.7377207335084677,0.0,0.0001577511429786682,0.0015585720539093018,0.0,4.216760630719364,2.517221400514245,0.7377207335084677,0.0,0.0006220992654561996,0.0,0.0,4.216760630719364,2.084571484476328,0.5115659646689892,0.005571330750253801,0.0006220992654561996,0.0015585720539093018,0.452309537678957,4.216760630719364,2.084571484476328,0.5115659646689892,0.10564540978521109,0.0006220992654561996,0.0015585720539093018,0.452309537678957,4.216760630719364,2.084571484476328,0.5115659646689892,0.0,0.0006220992654561996,0.0061463043093681335,0.452309537678957,0.0,0.0,0.0,0.0,0.0,0.0,0.0,0.0,0.0,0.0,0.0,0.0,3.447772507555783,7686170.0,3.3631908604875207,7686170.0,3.165393916890025,7686170.0,3.0236829333877138,12653526.0,3.0581024433486164,4967356.0,3.023470589891076,4967356.0,0.7636748431250453,126768.0,0.7636748431250453,126768.0,0.7636748431250453,126768.0,0.7637334878110097,253536.0,0.7656735400669277,126768.0,0.7636748431250453,126768.0,3.669481630437076,4230207.0,3.614484797231853,4230207.0,3.543256103992462,4230207.0,3.4855431984145335,7576387.0,3.5492577152326703,3346180.0,3.4848305881023407,3346180.0,48172.58,25747.68,0.0011541530676186084,0.0037842239264398794,48172.58,25747.68,0.0011436401903629303,0.0037827248845249393,48172.58,25747.68,0.0011271179653704166,0.0036696054428815824,81933.796,57619.744,0.0011248217113316058,0.0035769488535843347,33761.216,33761.216,0.0011248217113316058,0.003652444100845603,33761.216,33761.216,0.0011248217113316058,0.003572372922487555,4694
crmarenapro,query4,8,1/4,16.101440949365497,9.338896608911455,28419503.0,25986365.0,0.0,0.0,9412.0,15.84422907140106,9.150721602141857,28321997.0,25986365.0,234.0,0.0,9412.0,14.94475657120347,8.180429897271097,18884779.0,25986365.0,1401.0,0.0,9412.0,14.368997969378267,8.180429897271097,18884779.0,41390385.0,1401.0,0.0,9412.0,14.579688251018524,8.180429897271097,18884779.0,15404020.0,1401.0,0.0,9412.0,14.371644480153918,8.180429897271097,18884779.0,15404020.0,1401.0,0.0,9412.0,9.338896608911455,5.18142858799547,1.5811157524585724,0.0,0.0,0.0,0.0,9.150721602141857,5.109152848832309,1.5811157524585724,0.0,0.00029769167304039,0.0029411762952804565,0.0,8.180429897271097,5.18142858799547,1.5811157524585724,0.0,0.0017823334783315659,0.0,0.0,8.180429897271097,3.9278195463120937,0.9182281522080302,0.012021663312350645,0.0017823334783315659,0.0029411762952804565,1.3257752005010843,8.180429897271097,3.9278195463120937,0.9182281522080302,0.22271194495260715,0.0017823334783315659,0.0029411762952804565,1.3257752005010843,8.180429897271097,3.9278195463120937,0.9182281522080302,0.0,0.0017823334783315659,0.017609350383281708,1.3257752005010843,0.0,0.0,0.0,0.0,0.0,0.0,0.0,0.0,0.0,0.0,0.0,0.0,7.158027623780072,16747538.0,6.966344377025962,16747538.0,6.323391054756939,16747538.0,5.903357192818078,25560578.0,5.977556117344648,8813040.0,5.906092196702957,8813040.0,1.4402907155454159,355601.0,1.4402907155454159,355601.0,1.4402907155454159,355601.0,1.4404552216429611,711202.0,1.446286806371063,355601.0,1.4402907155454159,355601.0,7.503122610040009,8883226.0,7.437593978829682,8883226.0,7.181074800901115,8883226.0,7.025185554917229,15118605.0,7.1558453273028135,6235379.0,7.025261567905545,6235379.0,103945.46,41124.788,0.0011568281184881925,0.003826815960183737,103945.46,41124.788,0.0011526403408497572,0.003826268045231697,103945.46,41124.788,0.0011196335442364216,0.0036275552101433252,164130.288,97162.056,0.0011184689737856388,0.0034512353933126624,61616.08,60558.132,0.0011184689737856388,0.003535529080778358,60558.132,60558.132,0.0011184689737856388,0.003446734653227029,9412
crmarenapro,query4,8,inf,16.101440949365497,9.338896608911455,28419503.0,25986365.0,0.0,0.0,9412.0,15.84422907140106,9.150721602141857,28321997.0,25986365.0,234.0,0.0,9412.0,14.942815641872585,8.1784851513803,18881757.0,25986365.0,1404.0,0.0,9412.0,14.365980770152543,8.1784851513803,18881757.0,41390385.0,1404.0,0.0,9412.0,14.5766710517928,8.1784851513803,18881757.0,15404020.0,1404.0,0.0,9412.0,14.368664988316596,8.1784851513803,18881757.0,15404020.0,1404.0,0.0,9412.0,9.338896608911455,5.18142858799547,1.5811157524585724,0.0,0.0,0.0,0.0,9.150721602141857,5.109152848832309,1.5811157524585724,0.0,0.00029769167304039,0.0029411762952804565,0.0,8.1784851513803,5.18142858799547,1.5811157524585724,0.0,0.00178615003824234,0.0,0.0,8.1784851513803,3.9267432764172554,0.9182281522080302,0.012021663312350645,0.00178615003824234,0.0029411762952804565,1.3257752005010843,8.1784851513803,3.9267432764172554,0.9182281522080302,0.22271194495260715,0.00178615003824234,0.0029411762952804565,1.3257752005010843,8.1784851513803,3.9267432764172554,0.9182281522080302,0.0,0.00178615003824234,0.01764705777168274,1.3257752005010843,0.0,0.0,0.0,0.0,0.0,0.0,0.0,0.0,0.0,0.0,0.0,0.0,7.158027623780072,16747538.0,6.966344377025962,16747538.0,6.321450125426054,16747538.0,5.900339993592354,25560578.0,5.974538918118924,8813040.0,5.903112704865634,8813040.0,1.4402907155454159,355601.0,1.4402907155454159,355601.0,1.4402907155454159,355601.0,1.4404552216429611,711202.0,1.446286806371063,355601.0,1.4402907155454159,355601.0,7.503122610040009,8883226.0,7.437593978829682,8883226.0,7.181074800901115,8883226.0,7.025185554917229,15118605.0,7.1558453273028135,6235379.0,7.025261567905545,6235379.0,103945.46,41124.788,0.0011568281184881925,0.003826815960183737,103945.46,41124.788,0.0011526403408497572,0.003826268045231697,103945.46,41124.788,0.0011195637807250023,0.0036275552101433252,165561.54,97937.86,0.0011183992102742194,0.0034512353933126624,61616.08,61616.08,0.0011183992102742194,0.003535529080778358,61616.08,61616.08,0.0011183992102742194,0.003446734653227029,9412
crmarenapro,query5,2,1/4,4.111234717071056,2.5997866885736585,6138631.0,2272053.0,0.0,0.0,2662.0,3.9037839183583856,2.4803329026326537,5787918.0,2272053.0,152.0,0.0,2662.0,3.8547421004623175,2.342898421920836,5568822.0,2272053.0,311.0,0.0,2662.0,3.701545658526213,2.342898421920836,5568822.0,4518516.0,311.0,0.0,2662.0,3.7353290067985654,2.342898421920836,5568822.0,2246463.0,311.0,0.0,2662.0,3.702493065968156,2.342898421920836,5568822.0,2246463.0,311.0,0.0,2662.0,2.5997866885736585,1.3718562480062246,0.13959178049117327,0.0,0.0,0.0,0.0,2.4803329026326537,1.2817553551867604,0.13959178049117327,0.0,0.00019337236881256104,0.0019105076789855957,0.0,2.342898421920836,1.3718562480062246,0.13959178049117327,0.0,0.0003956500440835953,0.0,0.0,2.342898421920836,1.2138452576473355,0.13773882389068604,0.0010510841433119338,0.0003956500440835953,0.0019105076789855957,0.0037059132009744644,2.342898421920836,1.2138452576473355,0.13773882389068604,0.034834432415664196,0.0003956500440835953,0.0019105076789855957,0.0037059132009744644,2.342898421920836,1.2138452576473355,0.13773882389068604,0.0,0.0003956500440835953,0.003908999264240265,0.0037059132009744644,0.0,0.0,0.0,0.0,0.0,0.0,0.0,0.0,0.0,0.0,0.0,0.0,2.3640187522396445,965928.0,2.163909955881536,965928.0,2.1283774338662624,965928.0,1.980340696652692,1918892.0,1.9916004980914295,952964.0,1.9817917831242085,952964.0,0.3603688469156623,0.0,0.3603688469156623,0.0,0.3503464665263891,0.0,0.3500177236273885,0.0,0.3500177236273885,0.0,0.3500302927568555,0.0,1.3868471179157495,1306125.0,1.3795051155611873,1306125.0,1.376018200069666,1306125.0,1.3711872382461325,2599624.0,1.3937107850797474,1293499.0,1.370670990087092,1293499.0,9088.212,7809.896,0.0012956573758274316,0.0023676466189324844,9088.212,7809.896,0.0012450755275785924,0.0023676155423745502,9088.212,7809.896,0.0012469550371170045,0.002333093659207224,18074.064,16730.352,0.001227394627545459,0.002334724883646812,8985.852,8985.852,0.0012290727505460382,0.00239141716454178,8985.852,8985.852,0.0012273847199976444,0.002332944862544536,2662
crmarenapro,query5,2,inf,4.111234717071056,2.5997866885736585,6138631.0,2272053.0,0.0,0.0,2662.0,3.9037839183583856,2.4803329026326537,5787918.0,2272053.0,152.0,0.0,2662.0,3.8547421004623175,2.342898421920836,5568822.0,2272053.0,311.0,0.0,2662.0,3.701545658526213,2.342898421920836,5568822.0,4518516.0,311.0,0.0,2662.0,3.7353290067985654,2.342898421920836,5568822.0,2246463.0,311.0,0.0,2662.0,3.702493065968156,2.342898421920836,5568822.0,2246463.0,311.0,0.0,2662.0,2.5997866885736585,1.3718562480062246,0.13959178049117327,0.0,0.0,0.0,0.0,2.4803329026326537,1.2817553551867604,0.13959178049117327,0.0,0.00019337236881256104,0.0019105076789855957,0.0,2.342898421920836,1.3718562480062246,0.13959178049117327,0.0,0.0003956500440835953,0.0,0.0,2.342898421920836,1.2138452576473355,0.13773882389068604,0.0010510841433119338,0.0003956500440835953,0.0019105076789855957,0.0037059132009744644,2.342898421920836,1.2138452576473355,0.13773882389068604,0.034834432415664196,0.0003956500440835953,0.0019105076789855957,0.0037059132009744644,2.342898421920836,1.2138452576473355,0.13773882389068604,0.0,0.0003956500440835953,0.003908999264240265,0.0037059132009744644,0.0,0.0,0.0,0.0,0.0,0.0,0.0,0.0,0.0,0.0,0.0,0.0,2.3640187522396445,965928.0,2.163909955881536,965928.0,2.1283774338662624,965928.0,1.980340696652692,1918892.0,1.9916004980914295,952964.0,1.9817917831242085,952964.0,0.3603688469156623,0.0,0.3603688469156623,0.0,0.3503464665263891,0.0,0.3500177236273885,0.0,0.3500177236273885,0.0,0.3500302927568555,0.0,1.3868471179157495,1306125.0,1.3795051155611873,1306125.0,1.376018200069666,1306125.0,1.3711872382461325,2599624.0,1.3937107850797474,1293499.0,1.370670990087092,1293499.0,9088.212,7809.896,0.0012956573758274316,0.0023676466189324844,9088.212,7809.896,0.0012450755275785924,0.0023676155423745502,9088.212,7809.896,0.0012469550371170045,0.002333093659207224,18074.064,16730.352,0.001227394627545459,0.002334724883646812,8985.852,8985.852,0.0012290727505460382,0.00239141716454178,8985.852,8985.852,0.0012273847199976444,0.002332944862544536,2662
crmarenapro,query5,4,1/4,8.202693338505924,5.099834302440286,12858758.0,5086849.0,0.0,0.0,5324.0,7.875229012221098,4.909913558512926,12298755.0,5086849.0,241.0,0.0,5324.0,7.483774404972792,4.379822560586035,11265799.0,5086849.0,859.0,0.0,5324.0,7.06924089306372,4.379822560586035,11265799.0,10095756.0,859.0,0.0,5324.0,7.141696015372872,4.379822560586035,11265799.0,5008907.0,859.0,0.0,5324.0,7.074655366130173,4.379822560586035,11265799.0,5008907.0,859.0,0.0,5324.0,5.099834302440286,2.791758772917092,0.3111002631485462,0.0,0.0,0.0,0.0,4.909913558512926,2.6508794333785772,0.3111002631485462,0.0,0.0003065969794988632,0.00302916020154953,0.0,4.379822560586035,2.791758772917092,0.3111002631485462,0.0,0.0010928083211183548,0.0,0.0,4.379822560586035,2.3656924897804856,0.3049499010667205,0.0023532489441585066,0.0010928083211183548,0.00302916020154953,0.012300724163651466,4.379822560586035,2.3656924897804856,0.3049499010667205,0.07480837125331163,0.0010928083211183548,0.00302916020154953,0.012300724163651466,4.379822560586035,2.3656924897804856,0.3049499010667205,0.0,0.0010928083211183548,0.010796882212162018,0.012300724163651466,0.0,0.0,0.0,0.0,0.0,0.0,0.0,0.0,0.0,0.0,0.0,0.0,4.692270124331117,2135822.0,4.3851977083832026,2135822.0,4.03933607134968,2135822.0,3.6417516695459544,4206824.0,3.6658900836482644,2071002.0,3.6481919633224607,2071002.0,0.6186905018985271,0.0,0.6186905018985271,0.0,0.586517265997827,0.0,0.5853870492428541,0.0,0.5853870492428541,0.0,0.5854247566312551,0.0,2.89173271227628,2951027.0,2.8713408019393682,2951027.0,2.857921067625284,2951027.0,2.842102174274911,5888932.0,2.890418882481754,2937905.0,2.8410386461764574,2937905.0,20347.396,14377.032,0.0012737904861569406,0.0024629494981840243,20347.396,14377.032,0.0012302269209176302,0.0024629461424425236,20347.396,14377.032,0.0012100372537970543,0.0024416156347841014,40383.024,32577.396,0.0011947831567376852,0.0024441795140415583,20035.628,20035.628,0.0011947831567376852,0.0025229701923206436,20035.628,20035.628,0.0011947831567376852,0.0024416156347841014,5324
crmarenapro,query5,4,inf,8.202693338505924,5.099834302440286,12858758.0,5086849.0,0.0,0.0,5324.0,7.875229012221098,4.909913558512926,12298755.0,5086849.0,241.0,0.0,5324.0,7.483774404972792,4.379822560586035,11265799.0,5086849.0,859.0,0.0,5324.0,7.06924089306372,4.379822560586035,11265799.0,10095756.0,859.0,0.0,5324.0,7.141696015372872,4.379822560586035,11265799.0,5008907.0,859.0,0.0,5324.0,7.074655366130173,4.379822560586035,11265799.0,5008907.0,859.0,0.0,5324.0,5.099834302440286,2.791758772917092,0.3111002631485462,0.0,0.0,0.0,0.0,4.909913558512926,2.6508794333785772,0.3111002631485462,0.0,0.0003065969794988632,0.00302916020154953,0.0,4.379822560586035,2.791758772917092,0.3111002631485462,0.0,0.0010928083211183548,0.0,0.0,4.379822560586035,2.3656924897804856,0.3049499010667205,0.0023532489441585066,0.0010928083211183548,0.00302916020154953,0.012300724163651466,4.379822560586035,2.3656924897804856,0.3049499010667205,0.07480837125331163,0.0010928083211183548,0.00302916020154953,0.012300724163651466,4.379822560586035,2.3656924897804856,0.3049499010667205,0.0,0.0010928083211183548,0.010796882212162018,0.012300724163651466,0.0,0.0,0.0,0.0,0.0,0.0,0.0,0.0,0.0,0.0,0.0,0.0,4.692270124331117,2135822.0,4.3851977083832026,2135822.0,4.03933607134968,2135822.0,3.6417516695459544,4206824.0,3.6658900836482644,2071002.0,3.6481919633224607,2071002.0,0.6186905018985271,0.0,0.6186905018985271,0.0,0.586517265997827,0.0,0.5853870492428541,0.0,0.5853870492428541,0.0,0.5854247566312551,0.0,2.89173271227628,2951027.0,2.8713408019393682,2951027.0,2.857921067625284,2951027.0,2.842102174274911,5888932.0,2.890418882481754,2937905.0,2.8410386461764574,2937905.0,20347.396,14377.032,0.0012737904861569406,0.0024629494981840243,20347.396,14377.032,0.0012302269209176302,0.0024629461424425236,20347.396,14377.032,0.0012100372537970543,0.0024416156347841014,40383.024,32577.396,0.0011947831567376852,0.0024441795140415583,20035.628,20035.628,0.0011947831567376852,0.0025229701923206436,20035.628,20035.628,0.0011947831567376852,0.0024416156347841014,5324
crmarenapro,query5,8,1/4,16.38016797415912,10.252419009804726,25262084.0,9518764.0,0.0,0.0,10675.0,15.422054624184966,9.70154198538512,23635296.0,9518764.0,701.0,0.0,10675.0,14.14358945004642,8.012587504461408,20393688.0,9518764.0,2557.0,0.0,10675.0,12.892979651112382,8.012587504461408,20393688.0,18636086.0,2557.0,0.0,10675.0,13.035908652469516,8.012587504461408,20393688.0,9117322.0,2557.0,0.0,10675.0,12.911904439330101,8.012587504461408,20393688.0,9117322.0,2557.0,0.0,10675.0,10.252419009804726,5.5515563655644655,0.5761925987899303,0.0,0.0,0.0,0.0,9.70154198538512,5.134617277421057,0.5761925987899303,0.0,0.0008918028324842453,0.008810959756374359,0.0,8.012587504461408,5.5515563655644655,0.5761925987899303,0.0,0.0032529812306165695,0.0,0.0,8.012587504461408,4.259737519547343,0.548198027536273,0.004403516073053083,0.0032529812306165695,0.008810959756374359,0.05598914250731468,8.012587504461408,4.259737519547343,0.548198027536273,0.14733251743018627,0.0032529812306165695,0.008810959756374359,0.05598914250731468,8.012587504461408,4.259737519547343,0.548198027536273,0.0,0.0032529812306165695,0.032139264047145844,0.05598914250731468,0.0,0.0,0.0,0.0,0.0,0.0,0.0,0.0,0.0,0.0,0.0,0.0,9.455318415537477,3622599.0,8.523823145776987,3622599.0,7.537933507934213,3622599.0,6.350827371154526,7050738.0,6.395407062955201,3428139.0,6.370795546099544,3428139.0,1.316258448176086,0.0,1.316258448176086,0.0,1.1084395088255405,0.0,1.1013606926426291,0.0,1.1013606926426291,0.0,1.1016120752319694,0.0,5.608591110445559,5896165.0,5.581973030231893,5896165.0,5.497216433286667,5896165.0,5.4407915873152275,11585348.0,5.539140896871686,5689183.0,5.439496817998588,5689183.0,38075.056,21521.192,0.00126431355625391,0.0024949651438742866,38075.056,21521.192,0.001184670327231288,0.002494964095205068,38075.056,21521.192,0.0011359291076660156,0.0024359178170561785,74544.344,54149.548,0.0010863937623798847,0.0024383487227885876,36469.288,36469.288,0.0010863937623798847,0.0025295061741955572,36469.288,36469.288,0.0010863937623798847,0.002435747919417917,10675
crmarenapro,query5,8,inf,16.38016797415912,10.252419009804726,25262084.0,9518764.0,0.0,0.0,10675.0,15.422054624184966,9.70154198538512,23635296.0,9518764.0,701.0,0.0,10675.0,14.14358945004642,8.012587504461408,20393688.0,9518764.0,2557.0,0.0,10675.0,12.892979651112382,8.012587504461408,20393688.0,18636086.0,2557.0,0.0,10675.0,13.035908652469516,8.012587504461408,20393688.0,9117322.0,2557.0,0.0,10675.0,12.911904439330101,8.012587504461408,20393688.0,9117322.0,2557.0,0.0,10675.0,10.252419009804726,5.5515563655644655,0.5761925987899303,0.0,0.0,0.0,0.0,9.70154198538512,5.134617277421057,0.5761925987899303,0.0,0.0008918028324842453,0.008810959756374359,0.0,8.012587504461408,5.5515563655644655,0.5761925987899303,0.0,0.0032529812306165695,0.0,0.0,8.012587504461408,4.259737519547343,0.548198027536273,0.004403516073053083,0.0032529812306165695,0.008810959756374359,0.05598914250731468,8.012587504461408,4.259737519547343,0.548198027536273,0.14733251743018627,0.0032529812306165695,0.008810959756374359,0.05598914250731468,8.012587504461408,4.259737519547343,0.548198027536273,0.0,0.0032529812306165695,0.032139264047145844,0.05598914250731468,0.0,0.0,0.0,0.0,0.0,0.0,0.0,0.0,0.0,0.0,0.0,0.0,9.455318415537477,3622599.0,8.523823145776987,3622599.0,7.537933507934213,3622599.0,6.350827371154526,7050738.0,6.395407062955201,3428139.0,6.370795546099544,3428139.0,1.316258448176086,0.0,1.316258448176086,0.0,1.1084395088255405,0.0,1.1013606926426291,0.0,1.1013606926426291,0.0,1.1016120752319694,0.0,5.608591110445559,5896165.0,5.581973030231893,5896165.0,5.497216433286667,5896165.0,5.4407915873152275,11585348.0,5.539140896871686,5689183.0,5.439496817998588,5689183.0,38075.056,21521.192,0.00126431355625391,0.0024949651438742866,38075.056,21521.192,0.001184670327231288,0.002494964095205068,38075.056,21521.192,0.0011359291076660156,0.0024359178170561785,74544.344,54149.548,0.0010863937623798847,0.0024383487227885876,36469.288,36469.288,0.0010863937623798847,0.0025295061741955572,36469.288,36469.288,0.0010863937623798847,0.002435747919417917,10675
crmarenapro,query6,2,1/4,22.89763484802097,18.05550691485405,188417901.0,187905500.0,0.0,0.0,2812.0,22.59860140644014,17.772470927797258,188417847.0,187905500.0,27.0,0.0,2812.0,20.92513447254896,16.08271775301546,169375756.0,187905500.0,227.0,0.0,2812.0,20.870491932151584,16.08271775301546,169375756.0,356692670.0,227.0,0.0,2812.0,20.939748055767268,16.08271775301546,169375756.0,168787170.0,227.0,0.0,2812.0,20.78607799205929,16.08271775301546,169375756.0,168787170.0,227.0,0.0,2812.0,18.05550691485405,3.20819120015949,1.633936733007431,0.0,0.0,0.0,0.0,17.772470927797258,3.1918200301006436,1.633936733007431,0.0,3.434903919696808e-05,0.00033936649560928345,0.0,16.08271775301546,3.20819120015949,1.633936733007431,0.0,0.0002887863665819168,0.0,0.0,16.08271775301546,2.935267636552453,1.5029228422790766,0.0869277659856969,0.0002887863665819168,0.00033936649560928345,0.2620277814567089,16.08271775301546,2.935267636552453,1.5029228422790766,0.15618388960137963,0.0002887863665819168,0.00033936649560928345,0.2620277814567089,16.08271775301546,2.935267636552453,1.5029228422790766,0.0,0.0002887863665819168,0.002853192389011383,0.2620277814567089,0.0,0.0,0.0,0.0,0.0,0.0,0.0,0.0,0.0,0.0,0.0,0.0,0.8100821124389768,265601.0,0.8100821124389768,265601.0,0.7951142434030771,265601.0,0.7883368502659623,516928.0,0.7927824296057224,251327.0,0.7884527929127216,251327.0,14.311654969118536,7142290.0,14.012621527537704,7142290.0,12.446037210524082,7142290.0,12.328500780752053,14284580.0,12.330050633754581,7142290.0,12.327082024887204,7142290.0,7.7758977664634585,180497609.0,7.7758977664634585,180497609.0,7.683983018621802,180497609.0,7.75365430113357,341891162.0,7.816914992406964,161393553.0,7.670543174259365,161393553.0,751622.0,497366.576,0.009410055344924331,0.013795272537507114,751622.0,497366.576,0.009365734908729792,0.013795272537507114,751622.0,497366.576,0.007694410301744938,0.013783331624418494,1426770.68,1151625.792,0.007700240577725211,0.013888216814483094,675148.68,675148.68,0.00772800968401134,0.013925414869189261,675148.68,675148.68,0.007677594304084778,0.013783331624418494,2812
crmarenapro,query6,2,inf,22.89763484802097,18.05550691485405,188417901.0,187905500.0,0.0,0.0,2812.0,22.59860140644014,17.772470927797258,188417847.0,187905500.0,27.0,0.0,2812.0,20.92513447254896,16.08271775301546,169375756.0,187905500.0,227.0,0.0,2812.0,20.870491932151584,16.08271775301546,169375756.0,356692670.0,227.0,0.0,2812.0,20.939748055767268,16.08271775301546,169375756.0,168787170.0,227.0,0.0,2812.0,20.78607799205929,16.08271775301546,169375756.0,168787170.0,227.0,0.0,2812.0,18.05550691485405,3.20819120015949,1.633936733007431,0.0,0.0,0.0,0.0,17.772470927797258,3.1918200301006436,1.633936733007431,0.0,3.434903919696808e-05,0.00033936649560928345,0.0,16.08271775301546,3.20819120015949,1.633936733007431,0.0,0.0002887863665819168,0.0,0.0,16.08271775301546,2.935267636552453,1.5029228422790766,0.0869277659856969,0.0002887863665819168,0.00033936649560928345,0.2620277814567089,16.08271775301546,2.935267636552453,1.5029228422790766,0.15618388960137963,0.0002887863665819168,0.00033936649560928345,0.2620277814567089,16.08271775301546,2.935267636552453,1.5029228422790766,0.0,0.0002887863665819168,0.002853192389011383,0.2620277814567089,0.0,0.0,0.0,0.0,0.0,0.0,0.0,0.0,0.0,0.0,0.0,0.0,0.8100821124389768,265601.0,0.8100821124389768,265601.0,0.7951142434030771,265601.0,0.7883368502659623,516928.0,0.7927824296057224,251327.0,0.7884527929127216,251327.0,14.311654969118536,7142290.0,14.012621527537704,7142290.0,12.446037210524082,7142290.0,12.328500780752053,14284580.0,12.330050633754581,7142290.0,12.327082024887204,7142290.0,7.7758977664634585,180497609.0,7.7758977664634585,180497609.0,7.683983018621802,180497609.0,7.75365430113357,341891162.0,7.816914992406964,161393553.0,7.670543174259365,161393553.0,751622.0,497366.576,0.009410055344924331,0.013795272537507114,751622.0,497366.576,0.009365734908729792,0.013795272537507114,751622.0,497366.576,0.007694410301744938,0.013783331624418494,1426770.68,1151625.792,0.007700240577725211,0.013888216814483094,675148.68,675148.68,0.00772800968401134,0.013925414869189261,675148.68,675148.68,0.007677594304084778,0.013783331624418494,2812
crmarenapro,query6,4,1/4,46.878225618973374,36.87289716955274,407259642.0,406217768.0,0.0,0.0,5741.0,46.28262481838465,36.3104349700734,407256222.0,406217768.0,57.0,0.0,5741.0,40.33627343829721,30.329917062073946,309108121.0,406217768.0,808.0,0.0,5741.0,40.02736682438715,30.329917062073946,309108121.0,713841468.0,808.0,0.0,5741.0,40.17122837994248,30.329917062073946,309108121.0,307623700.0,808.0,0.0,5741.0,39.84888410381973,30.329917062073946,309108121.0,307623700.0,808.0,0.0,5741.0,36.87289716955274,6.59537767060101,3.4099507788196206,0.0,0.0,0.0,0.0,36.3104349700734,6.5614501144737005,3.4099507788196206,0.0,7.251463830471039e-05,0.0007164403796195984,0.0,30.329917062073946,6.59537767060101,3.4099507788196206,0.0,0.0010279268026351929,0.0,0.0,30.329917062073946,5.42564928624779,2.737767585553229,0.18792213679714598,0.0010279268026351929,0.0007164403796195984,1.3443663865327835,30.329917062073946,5.42564928624779,2.737767585553229,0.33178369235247374,0.0010279268026351929,0.0007164403796195984,1.3443663865327835,30.329917062073946,5.42564928624779,2.737767585553229,0.0,0.0010279268026351929,0.010155856609344482,1.3443663865327835,0.0,0.0,0.0,0.0,0.0,0.0,0.0,0.0,0.0,0.0,0.0,0.0,1.6551280077546835,517689.0,1.6551280077546835,517689.0,1.5953315664082766,517689.0,1.5670572805894292,1035378.0,1.5759546905755997,517689.0,1.5677856132388115,517689.0,28.90832133591175,12662324.0,28.31769131310284,12662324.0,22.907608941197395,12662324.0,22.51749272511227,25324648.0,22.521913966163993,12662324.0,22.518082916736603,12662324.0,16.31477627530694,393037755.0,16.309805497527122,393037755.0,15.83333293069154,393037755.0,15.942816818685452,687481442.0,16.073359723202884,294443687.0,15.763015573844314,294443687.0,1624871.072,647787.748,0.009790890540927648,0.01383045819122344,1624871.072,647787.748,0.009695309814065694,0.013830300898291169,1624871.072,647787.748,0.00690639815106988,0.013811144436523317,2855365.872,1829484.772,0.006893826102154015,0.013900815259023275,1230494.8,1230494.8,0.0069266549739986655,0.013953399778064339,1230494.8,1230494.8,0.006868524219840765,0.013811144436523317,5741
crmarenapro,query6,4,inf,46.878225618973374,36.87289716955274,407259642.0,406217768.0,0.0,0.0,5741.0,46.28262481838465,36.3104349700734,407256222.0,406217768.0,57.0,0.0,5741.0,40.33627343829721,30.329917062073946,309108121.0,406217768.0,808.0,0.0,5741.0,40.02736682438715,30.329917062073946,309108121.0,713841468.0,808.0,0.0,5741.0,40.17122837994248,30.329917062073946,309108121.0,307623700.0,808.0,0.0,5741.0,39.84888410381973,30.329917062073946,309108121.0,307623700.0,808.0,0.0,5741.0,36.87289716955274,6.59537767060101,3.4099507788196206,0.0,0.0,0.0,0.0,36.3104349700734,6.5614501144737005,3.4099507788196206,0.0,7.251463830471039e-05,0.0007164403796195984,0.0,30.329917062073946,6.59537767060101,3.4099507788196206,0.0,0.0010279268026351929,0.0,0.0,30.329917062073946,5.42564928624779,2.737767585553229,0.18792213679714598,0.0010279268026351929,0.0007164403796195984,1.3443663865327835,30.329917062073946,5.42564928624779,2.737767585553229,0.33178369235247374,0.0010279268026351929,0.0007164403796195984,1.3443663865327835,30.329917062073946,5.42564928624779,2.737767585553229,0.0,0.0010279268026351929,0.010155856609344482,1.3443663865327835,0.0,0.0,0.0,0.0,0.0,0.0,0.0,0.0,0.0,0.0,0.0,0.0,1.6551280077546835,517689.0,1.6551280077546835,517689.0,1.5953315664082766,517689.0,1.5670572805894292,1035378.0,1.5759546905755997,517689.0,1.5677856132388115,517689.0,28.90832133591175,12662324.0,28.31769131310284,12662324.0,22.907608941197395,12662324.0,22.51749272511227,25324648.0,22.521913966163993,12662324.0,22.518082916736603,12662324.0,16.31477627530694,393037755.0,16.309805497527122,393037755.0,15.83333293069154,393037755.0,15.942816818685452,687481442.0,16.073359723202884,294443687.0,15.763015573844314,294443687.0,1624871.072,647787.748,0.009790890540927648,0.01383045819122344,1624871.072,647787.748,0.009695309814065694,0.013830300898291169,1624871.072,647787.748,0.00690639815106988,0.013811144436523317,2855365.872,1829484.772,0.006893826102154015,0.013900815259023275,1230494.8,1230494.8,0.0069266549739986655,0.013953399778064339,1230494.8,1230494.8,0.006868524219840765,0.013811144436523317,5741
crmarenapro,query6,8,1/4,91.0915106004104,71.5126110194251,776620801.0,774521158.0,0.0,0.0,11269.0,89.9416117053479,70.42835130635649,776611759.0,774521158.0,113.0,0.0,11269.0,71.69738801475614,52.115328322164714,476009859.0,774521158.0,2484.0,0.0,11269.0,70.53792759650979,52.115328322164714,476009859.0,1247110840.0,2484.0,0.0,11269.0,70.82520216749981,52.115328322164714,476009859.0,472589682.0,2484.0,0.0,11269.0,70.20942446123809,52.115328322164714,476009859.0,472589682.0,2484.0,0.0,11269.0,71.5126110194251,12.929329420439899,6.649570160545409,0.0,0.0,0.0,0.0,70.42835130635649,12.862126169726253,6.649570160545409,0.0,0.00014375708997249603,0.0014203116297721863,0.0,52.115328322164714,12.929329420439899,6.649570160545409,0.0,0.0031601116061210632,0.0,0.0,52.115328322164714,9.324347041547298,4.563773052766919,0.35830454123798916,0.0031601116061210632,0.0014203116297721863,4.171594215556979,52.115328322164714,9.324347041547298,4.563773052766919,0.6455791122280061,0.0031601116061210632,0.0014203116297721863,4.171594215556979,52.115328322164714,9.324347041547298,4.563773052766919,0.0,0.0031601116061210632,0.031221717596054077,4.171594215556979,0.0,0.0,0.0,0.0,0.0,0.0,0.0,0.0,0.0,0.0,0.0,0.0,3.268520511686802,1072474.0,3.268520511686802,1072474.0,3.0359278535470366,1072474.0,2.9297205649110056,2130674.0,2.9477837518788874,1058200.0,2.932970023714006,1058200.0,56.09386567119509,27165410.0,54.95763641502708,27165410.0,38.4520260496065,27165410.0,37.284948513564785,54330820.0,37.291797320358455,27165410.0,37.29196411091834,27165410.0,31.72912441752851,746283274.0,31.71545477863401,746283274.0,30.209434111602604,746283274.0,30.323258518034002,1190649346.0,30.585621095262468,444366072.0,29.984490326605737,444366072.0,3098084.632,744928.896,0.010089291194453835,0.01381321778167039,3098084.632,744928.896,0.010016207886859774,0.01381315072979778,3098084.632,744928.896,0.005105303483083844,0.013790301799029112,4988443.36,2505478.948,0.005077190684351119,0.013874511594647275,1890358.728,1890358.728,0.00512425997108221,0.013925852613709867,1890358.728,1890358.728,0.0050362892691046,0.013790301799029112,11269
crmarenapro,query6,8,inf,91.0915106004104,71.5126110194251,776620801.0,774521158.0,0.0,0.0,11269.0,89.9416117053479,70.42835130635649,776611759.0,774521158.0,113.0,0.0,11269.0,71.69738801475614,52.115328322164714,476009859.0,774521158.0,2484.0,0.0,11269.0,70.53792759650979,52.115328322164714,476009859.0,1247110840.0,2484.0,0.0,11269.0,70.82520216749981,52.115328322164714,476009859.0,472589682.0,2484.0,0.0,11269.0,70.20942446123809,52.115328322164714,476009859.0,472589682.0,2484.0,0.0,11269.0,71.5126110194251,12.929329420439899,6.649570160545409,0.0,0.0,0.0,0.0,70.42835130635649,12.862126169726253,6.649570160545409,0.0,0.00014375708997249603,0.0014203116297721863,0.0,52.115328322164714,12.929329420439899,6.649570160545409,0.0,0.0031601116061210632,0.0,0.0,52.115328322164714,9.324347041547298,4.563773052766919,0.35830454123798916,0.0031601116061210632,0.0014203116297721863,4.171594215556979,52.115328322164714,9.324347041547298,4.563773052766919,0.6455791122280061,0.0031601116061210632,0.0014203116297721863,4.171594215556979,52.115328322164714,9.324347041547298,4.563773052766919,0.0,0.0031601116061210632,0.031221717596054077,4.171594215556979,0.0,0.0,0.0,0.0,0.0,0.0,0.0,0.0,0.0,0.0,0.0,0.0,3.268520511686802,1072474.0,3.268520511686802,1072474.0,3.0359278535470366,1072474.0,2.9297205649110056,2130674.0,2.9477837518788874,1058200.0,2.932970023714006,1058200.0,56.09386567119509,27165410.0,54.95763641502708,27165410.0,38.4520260496065,27165410.0,37.284948513564785,54330820.0,37.291797320358455,27165410.0,37.29196411091834,27165410.0,31.72912441752851,746283274.0,31.71545477863401,746283274.0,30.209434111602604,746283274.0,30.323258518034002,1190649346.0,30.585621095262468,444366072.0,29.984490326605737,444366072.0,3098084.632,744928.896,0.010089291194453835,0.01381321778167039,3098084.632,744928.896,0.010016207886859774,0.01381315072979778,3098084.632,744928.896,0.005105303483083844,0.013790301799029112,4988443.36,2505478.948,0.005077190684351119,0.013874511594647275,1890358.728,1890358.728,0.00512425997108221,0.013925852613709867,1890358.728,1890358.728,0.0050362892691046,0.013790301799029112,11269
crmarenapro,query7,2,1/4,14.289741607382894,9.55357570014894,213407566.0,211420960.0,0.0,0.0,3579.0,14.233509412035346,9.508237679488957,212671613.0,210682096.0,29.0,0.0,3579.0,13.912540837191045,9.17612303700298,201238785.0,211420960.0,198.0,0.0,3579.0,13.908418266685958,9.17612303700298,201238785.0,409936982.0,198.0,0.0,3579.0,14.002257572486997,9.17612303700298,201238785.0,199254886.0,198.0,0.0,3579.0,13.813077905215323,9.17612303700298,201238785.0,199254886.0,198.0,0.0,3579.0,9.55357570014894,3.1817102916538715,1.554455615580082,0.0,0.0,0.0,0.0,9.508237679488957,3.1640696516260505,1.5481105484068394,0.0,3.6893412470817566e-05,0.00036450475454330444,0.012690134346485138,9.17612303700298,3.1817102916538715,1.554455615580082,0.0,0.00025189295411109924,0.0,0.0,9.17612303700298,2.9959159549325705,1.4706128984689713,0.09746454435055987,0.00025189295411109924,0.00036450475454330444,0.16768543422222137,9.17612303700298,2.9959159549325705,1.4706128984689713,0.19130385015159845,0.00025189295411109924,0.00036450475454330444,0.16768543422222137,9.17612303700298,2.9959159549325705,1.4706128984689713,0.0,0.00025189295411109924,0.0024886876344680786,0.16768543422222137,0.0,0.0,0.0,0.0,0.0,0.0,0.0,0.0,0.0,0.0,0.0,0.0,0.6660113530233502,57096.0,0.6548779429867864,57096.0,0.6364144999533892,57096.0,0.6239600257934441,114192.0,0.6250757249072194,57096.0,0.6242101332172751,57096.0,2.174316769465804,0.0,2.174316769465804,0.0,2.0521145164966583,0.0,2.0427791457623243,0.0,2.0427791457623243,0.0,2.0429174061864614,0.0,11.44941348489374,211363864.0,11.404314699582756,210625000.0,11.224011820740998,211363864.0,11.24167909513019,409822790.0,11.334402701817453,199197790.0,11.145950365811586,199197790.0,845683.84,541523.808,0.0017471220511943101,0.010576508899033067,842728.384,538665.316,0.0017366222199052571,0.010576508899033067,845683.84,541523.808,0.001709328891709447,0.010541037223674355,1639747.928,1301706.556,0.00170809223958995,0.010680038163856336,797019.544,797019.544,0.0017141010910272597,0.010759426644537594,797019.544,797019.544,0.001707728972658515,0.010537903327308593,3579
crmarenapro,query7,2,inf,14.289741607382894,9.55357570014894,213407566.0,211420960.0,0.0,0.0,3579.0,14.233509412035346,9.508237679488957,212671613.0,210682096.0,29.0,0.0,3579.0,13.912540837191045,9.17612303700298,201238785.0,211420960.0,198.0,0.0,3579.0,13.908418266685958,9.17612303700298,201238785.0,409936982.0,198.0,0.0,3579.0,14.002257572486997,9.17612303700298,201238785.0,199254886.0,198.0,0.0,3579.0,13.813077905215323,9.17612303700298,201238785.0,199254886.0,198.0,0.0,3579.0,9.55357570014894,3.1817102916538715,1.554455615580082,0.0,0.0,0.0,0.0,9.508237679488957,3.1640696516260505,1.5481105484068394,0.0,3.6893412470817566e-05,0.00036450475454330444,0.012690134346485138,9.17612303700298,3.1817102916538715,1.554455615580082,0.0,0.00025189295411109924,0.0,0.0,9.17612303700298,2.9959159549325705,1.4706128984689713,0.09746454435055987,0.00025189295411109924,0.00036450475454330444,0.16768543422222137,9.17612303700298,2.9959159549325705,1.4706128984689713,0.19130385015159845,0.00025189295411109924,0.00036450475454330444,0.16768543422222137,9.17612303700298,2.9959159549325705,1.4706128984689713,0.0,0.00025189295411109924,0.0024886876344680786,0.16768543422222137,0.0,0.0,0.0,0.0,0.0,0.0,0.0,0.0,0.0,0.0,0.0,0.0,0.6660113530233502,57096.0,0.6548779429867864,57096.0,0.6364144999533892,57096.0,0.6239600257934441,114192.0,0.6250757249072194,57096.0,0.6242101332172751,57096.0,2.174316769465804,0.0,2.174316769465804,0.0,2.0521145164966583,0.0,2.0427791457623243,0.0,2.0427791457623243,0.0,2.0429174061864614,0.0,11.44941348489374,211363864.0,11.404314699582756,210625000.0,11.224011820740998,211363864.0,11.24167909513019,409822790.0,11.334402701817453,199197790.0,11.145950365811586,199197790.0,845683.84,541523.808,0.0017471220511943101,0.010576508899033067,842728.384,538665.316,0.0017366222199052571,0.010576508899033067,845683.84,541523.808,0.001709328891709447,0.010541037223674355,1639747.928,1301706.556,0.00170809223958995,0.010680038163856336,797019.544,797019.544,0.0017141010910272597,0.010759426644537594,797019.544,797019.544,0.001707728972658515,0.010537903327308593,3579
crmarenapro,query7,4,1/4,28.738434842787683,19.38680631481111,423575947.0,419311369.0,0.0,0.0,7190.0,28.677659102715552,19.338728901930153,422951322.0,418684498.0,36.0,0.0,7190.0,27.063958226703107,17.711341209709644,360256494.0,419311369.0,777.0,0.0,7190.0,26.84876719715991,17.711341209709644,360256494.0,774741358.0,777.0,0.0,7190.0,27.034259135834873,17.711341209709644,360256494.0,356056860.0,777.0,0.0,7190.0,26.664391498081386,17.711341209709644,360256494.0,356056860.0,777.0,0.0,7190.0,19.38680631481111,6.301611892879009,3.0500166350975633,0.0,0.0,0.0,0.0,19.338728901930153,6.282578755170107,3.0441801119595766,0.0,4.579871892929077e-05,0.00045248866081237793,0.01167304627597332,17.711341209709644,6.301611892879009,3.0500166350975633,0.0,0.0009884890168905258,0.0,0.0,17.711341209709644,5.458428308367729,2.6161659928038716,0.19368942401357586,0.0009884890168905258,0.00045248866081237793,0.8677012845873833,17.711341209709644,5.458428308367729,2.6161659928038716,0.3791813626885414,0.0009884890168905258,0.00045248866081237793,0.8677012845873833,17.711341209709644,5.458428308367729,2.6161659928038716,0.0,0.0009884890168905258,0.009766213595867157,0.8677012845873833,0.0,0.0,0.0,0.0,0.0,0.0,0.0,0.0,0.0,0.0,0.0,0.0,1.4108547642827034,85644.0,1.3997213542461395,85644.0,1.2781465398147702,85644.0,1.220960914900349,171288.0,1.222634463571012,85644.0,1.2224924359470606,85644.0,4.708450301550329,0.0,4.708450301550329,0.0,4.0455534886568785,0.0,3.9954551542177796,0.0,3.9954551542177796,0.0,3.9962218711152673,0.0,22.61912977695465,419225725.0,22.569487446919084,418598854.0,21.74025819823146,419225725.0,21.63235112804178,774570070.0,21.81616951804608,355971216.0,21.44567719101906,355971216.0,1677245.476,666855.236,0.00163542490452528,0.011509046093188225,1674737.992,664929.536,0.0016281577162444592,0.011509046093188225,1677245.476,666855.236,0.0015676341019570828,0.011390682227350771,3098965.432,2003288.268,0.001567191921179872,0.011546598479343534,1424227.44,1424227.44,0.00157238157838583,0.01162089644288644,1424227.44,1424227.44,0.0015670922361314297,0.011383405172638595,7190
crmarenapro,query7,4,inf,28.738434842787683,19.38680631481111,423575947.0,419311369.0,0.0,0.0,7190.0,28.677659102715552,19.338728901930153,422951322.0,418684498.0,36.0,0.0,7190.0,27.063958226703107,17.711341209709644,360256494.0,419311369.0,777.0,0.0,7190.0,26.84876719715991,17.711341209709644,360256494.0,774741358.0,777.0,0.0,7190.0,27.034259135834873,17.711341209709644,360256494.0,356056860.0,777.0,0.0,7190.0,26.664391498081386,17.711341209709644,360256494.0,356056860.0,777.0,0.0,7190.0,19.38680631481111,6.301611892879009,3.0500166350975633,0.0,0.0,0.0,0.0,19.338728901930153,6.282578755170107,3.0441801119595766,0.0,4.579871892929077e-05,0.00045248866081237793,0.01167304627597332,17.711341209709644,6.301611892879009,3.0500166350975633,0.0,0.0009884890168905258,0.0,0.0,17.711341209709644,5.458428308367729,2.6161659928038716,0.19368942401357586,0.0009884890168905258,0.00045248866081237793,0.8677012845873833,17.711341209709644,5.458428308367729,2.6161659928038716,0.3791813626885414,0.0009884890168905258,0.00045248866081237793,0.8677012845873833,17.711341209709644,5.458428308367729,2.6161659928038716,0.0,0.0009884890168905258,0.009766213595867157,0.8677012845873833,0.0,0.0,0.0,0.0,0.0,0.0,0.0,0.0,0.0,0.0,0.0,0.0,1.4108547642827034,85644.0,1.3997213542461395,85644.0,1.2781465398147702,85644.0,1.220960914900349,171288.0,1.222634463571012,85644.0,1.2224924359470606,85644.0,4.708450301550329,0.0,4.708450301550329,0.0,4.0455534886568785,0.0,3.9954551542177796,0.0,3.9954551542177796,0.0,3.9962218711152673,0.0,22.61912977695465,419225725.0,22.569487446919084,418598854.0,21.74025819823146,419225725.0,21.63235112804178,774570070.0,21.81616951804608,355971216.0,21.44567719101906,355971216.0,1677245.476,666855.236,0.00163542490452528,0.011509046093188225,1674737.992,664929.536,0.0016281577162444592,0.011509046093188225,1677245.476,666855.236,0.0015676341019570828,0.011390682227350771,3098965.432,2003288.268,0.001567191921179872,0.011546598479343534,1424227.44,1424227.44,0.00157238157838583,0.01162089644288644,1424227.44,1424227.44,0.0015670922361314297,0.011383405172638595,7190
crmarenapro,query7,8,1/4,58.09429676644504,39.2662860956043,849718416.0,841671553.0,0.0,0.0,14241.0,57.95170511305332,39.15891556721181,848795218.0,840747973.0,88.0,0.0,14241.0,52.287393814884126,33.456136523745954,653560405.0,841671553.0,2552.0,0.0,14241.0,51.336393794354436,33.456136523745954,653560405.0,1486677688.0,2552.0,0.0,14241.0,51.71123954327777,33.456136523745954,653560405.0,645929715.0,2552.0,0.0,14241.0,50.97842211835086,33.456136523745954,653560405.0,645929715.0,2552.0,0.0,14241.0,39.2662860956043,12.660366659983993,6.167644010856748,0.0,0.0,0.0,0.0,39.15891556721181,12.615996165201068,6.159712676890194,0.0,0.00011195242404937744,0.0011060833930969238,0.015862667933106422,33.456136523745954,12.660366659983993,6.167644010856748,0.0,0.003246620297431946,0.0,0.0,33.456136523745954,9.972520778886974,4.820846244692802,0.38894201101028447,0.003246620297431946,0.0011060833930969238,2.6935955323278904,33.456136523745954,9.972520778886974,4.820846244692802,0.7637877599336207,0.003246620297431946,0.0011060833930969238,2.6935955323278904,33.456136523745954,9.972520778886974,4.820846244692802,0.0,0.003246620297431946,0.03207641839981079,2.6935955323278904,0.0,0.0,0.0,0.0,0.0,0.0,0.0,0.0,0.0,0.0,0.0,0.0,2.543795187957585,42822.0,2.5118875708431005,42822.0,2.170430318452418,42822.0,2.0110780493346088,85644.0,2.0119148236699402,42822.0,2.015520280227065,42822.0,9.986041207797825,0.0,9.986041207797825,0.0,7.3646793477237225,0.0,7.164135936647654,0.0,7.164135936647654,0.0,7.167165096849203,0.0,45.56446037068963,841628731.0,45.453776334412396,840705151.0,42.752284148707986,841628731.0,42.161179808372175,1486592044.0,42.53518878296018,645886893.0,41.795736741274595,645886893.0,3366686.212,769951.912,0.001641737896949053,0.011985496865212915,3362991.892,766742.412,0.0016355312578380109,0.011985496865212915,3366686.212,769951.912,0.0015352796223014593,0.011804768972843886,5946710.752,3199455.452,0.0015349482452932342,0.011973695597807968,2583718.86,2583718.86,0.0015390829388052226,0.012053905340749769,2583718.86,2583718.86,0.0015347741339355708,0.01180003981553018,14241
crmarenapro,query7,8,inf,58.09429676644504,39.2662860956043,849718416.0,841671553.0,0.0,0.0,14241.0,57.95170511305332,39.15891556721181,848795218.0,840747973.0,88.0,0.0,14241.0,52.287393814884126,33.456136523745954,653560405.0,841671553.0,2552.0,0.0,14241.0,51.336393794354436,33.456136523745954,653560405.0,1486677688.0,2552.0,0.0,14241.0,51.71123954327777,33.456136523745954,653560405.0,645929715.0,2552.0,0.0,14241.0,50.97842211835086,33.456136523745954,653560405.0,645929715.0,2552.0,0.0,14241.0,39.2662860956043,12.660366659983993,6.167644010856748,0.0,0.0,0.0,0.0,39.15891556721181,12.615996165201068,6.159712676890194,0.0,0.00011195242404937744,0.0011060833930969238,0.015862667933106422,33.456136523745954,12.660366659983993,6.167644010856748,0.0,0.003246620297431946,0.0,0.0,33.456136523745954,9.972520778886974,4.820846244692802,0.38894201101028447,0.003246620297431946,0.0011060833930969238,2.6935955323278904,33.456136523745954,9.972520778886974,4.820846244692802,0.7637877599336207,0.003246620297431946,0.0011060833930969238,2.6935955323278904,33.456136523745954,9.972520778886974,4.820846244692802,0.0,0.003246620297431946,0.03207641839981079,2.6935955323278904,0.0,0.0,0.0,0.0,0.0,0.0,0.0,0.0,0.0,0.0,0.0,0.0,2.543795187957585,42822.0,2.5118875708431005,42822.0,2.170430318452418,42822.0,2.0110780493346088,85644.0,2.0119148236699402,42822.0,2.015520280227065,42822.0,9.986041207797825,0.0,9.986041207797825,0.0,7.3646793477237225,0.0,7.164135936647654,0.0,7.164135936647654,0.0,7.167165096849203,0.0,45.56446037068963,841628731.0,45.453776334412396,840705151.0,42.752284148707986,841628731.0,42.161179808372175,1486592044.0,42.53518878296018,645886893.0,41.795736741274595,645886893.0,3366686.212,769951.912,0.001641737896949053,0.011985496865212915,3362991.892,766742.412,0.0016355312578380109,0.011985496865212915,3366686.212,769951.912,0.0015352796223014593,0.011804768972843886,5946710.752,3199455.452,0.0015349482452932342,0.011973695597807968,2583718.86,2583718.86,0.0015390829388052226,0.012053905340749769,2583718.86,2583718.86,0.0015347741339355708,0.01180003981553018,14241
crmarenapro,query8,2,1/4,3.3183164093643427,1.6561754615977407,8452434.0,5936954.0,0.0,0.0,1833.0,3.2577908653765917,1.6179146775975823,8348927.0,5936954.0,43.0,0.0,1833.0,3.255927854217589,1.5936953090131283,8266885.0,5936954.0,72.0,0.0,1833.0,3.218786614963781,1.5936953090131283,8266885.0,11852783.0,72.0,0.0,1833.0,3.277428644243628,1.5936953090131283,8266885.0,5915829.0,72.0,0.0,1833.0,3.216404600068927,1.5936953090131283,8266885.0,5915829.0,72.0,0.0,1833.0,1.6561754615977407,1.3214941639453173,0.34064678382128477,0.0,0.0,0.0,0.0,1.6179146775975823,1.2986342273652554,0.34064678382128477,0.0,5.470402538776398e-05,0.0005404725670814514,0.0,1.5936953090131283,1.3214941639453173,0.34064678382128477,0.0,9.159743785858154e-05,0.0,0.0,1.5936953090131283,1.2797260051593184,0.3393068565055728,0.002746519649397421,9.159743785858154e-05,0.0005404725670814514,0.00267985463142395,1.5936953090131283,1.2797260051593184,0.3393068565055728,0.06138854892924428,9.159743785858154e-05,0.0005404725670814514,0.00267985463142395,1.5936953090131283,1.2797260051593184,0.3393068565055728,0.0,9.159743785858154e-05,0.0009049773216247559,0.00267985463142395,0.0,0.0,0.0,0.0,0.0,0.0,0.0,0.0,0.0,0.0,0.0,0.0,0.12922830041497946,252765.0,0.12922830041497946,252765.0,0.12683341559022665,252765.0,0.12495203737787687,505530.0,0.1276903860270977,252765.0,0.12487281206995249,252765.0,0.0,0.0,0.0,0.0,0.0,0.0,0.0,0.0,0.0,0.0,0.0,0.0,3.1890881089493632,5684189.0,3.1285625649616122,5684189.0,3.1290944386273623,5684189.0,3.093834577585904,11347253.0,3.14973825821653,5663064.0,3.0915317879989743,5663064.0,23747.816,20506.116,0.0015502667818218469,0.003055511353909969,23747.816,20506.116,0.0015444958750158548,0.003055175027251243,23747.816,20506.116,0.0015377748478204011,0.003054837927408516,47411.132,42675.544,0.0015348478304043633,0.0030596570981002665,23663.316,23663.316,0.0015396635318174958,0.0031582737692631775,23663.316,23663.316,0.0015345743019133807,0.0030545178728178138,1833
crmarenapro,query8,2,inf,3.3183164093643427,1.6561754615977407,8452434.0,5936954.0,0.0,0.0,1833.0,3.2577908653765917,1.6179146775975823,8348927.0,5936954.0,43.0,0.0,1833.0,3.255927854217589,1.5936953090131283,8266885.0,5936954.0,72.0,0.0,1833.0,3.218786614963781,1.5936953090131283,8266885.0,11852783.0,72.0,0.0,1833.0,3.277428644243628,1.5936953090131283,8266885.0,5915829.0,72.0,0.0,1833.0,3.216404600068927,1.5936953090131283,8266885.0,5915829.0,72.0,0.0,1833.0,1.6561754615977407,1.3214941639453173,0.34064678382128477,0.0,0.0,0.0,0.0,1.6179146775975823,1.2986342273652554,0.34064678382128477,0.0,5.470402538776398e-05,0.0005404725670814514,0.0,1.5936953090131283,1.3214941639453173,0.34064678382128477,0.0,9.159743785858154e-05,0.0,0.0,1.5936953090131283,1.2797260051593184,0.3393068565055728,0.002746519649397421,9.159743785858154e-05,0.0005404725670814514,0.00267985463142395,1.5936953090131283,1.2797260051593184,0.3393068565055728,0.06138854892924428,9.159743785858154e-05,0.0005404725670814514,0.00267985463142395,1.5936953090131283,1.2797260051593184,0.3393068565055728,0.0,9.159743785858154e-05,0.0009049773216247559,0.00267985463142395,0.0,0.0,0.0,0.0,0.0,0.0,0.0,0.0,0.0,0.0,0.0,0.0,0.12922830041497946,252765.0,0.12922830041497946,252765.0,0.12683341559022665,252765.0,0.12495203737787687,505530.0,0.1276903860270977,252765.0,0.12487281206995249,252765.0,0.0,0.0,0.0,0.0,0.0,0.0,0.0,0.0,0.0,0.0,0.0,0.0,3.1890881089493632,5684189.0,3.1285625649616122,5684189.0,3.1290944386273623,5684189.0,3.093834577585904,11347253.0,3.14973825821653,5663064.0,3.0915317879989743,5663064.0,23747.816,20506.116,0.0015502667818218469,0.003055511353909969,23747.816,20506.116,0.0015444958750158548,0.003055175027251243,23747.816,20506.116,0.0015377748478204011,0.003054837927408516,47411.132,42675.544,0.0015348478304043633,0.0030596570981002665,23663.316,23663.316,0.0015396635318174958,0.0031582737692631775,23663.316,23663.316,0.0015345743019133807,0.0030545178728178138,1833
crmarenapro,query8,4,1/4,7.009851167909801,3.3397271372377872,19102148.0,14710785.0,0.0,0.0,3674.0,6.906880470924079,3.276838891208172,18897337.0,14710785.0,72.0,0.0,3674.0,6.784810543060303,3.1143531994894147,17673319.0,14710785.0,262.0,0.0,3674.0,6.626524216590271,3.1143531994894147,17673319.0,28453281.0,262.0,0.0,3674.0,6.765052617993206,3.1143531994894147,17673319.0,13742496.0,262.0,0.0,3674.0,6.622106932103634,3.1143531994894147,17673319.0,13742496.0,262.0,0.0,3674.0,3.3397271372377872,2.8380708573386073,0.8320531733334064,0.0,0.0,0.0,0.0,3.276838891208172,2.796991831623018,0.8320531733334064,0.0,9.159743785858154e-05,0.0009049773216247559,0.0,3.1143531994894147,2.8380708573386073,0.8320531733334064,0.0,0.00033331289887428284,0.0,0.0,3.1143531994894147,2.6136902011930943,0.773669240064919,0.006805419085369508,0.00033331289887428284,0.0009049773216247559,0.1167678665369749,3.1143531994894147,2.6136902011930943,0.773669240064919,0.1453338204883039,0.00033331289887428284,0.0009049773216247559,0.1167678665369749,3.1143531994894147,2.6136902011930943,0.773669240064919,0.0,0.00033331289887428284,0.0032931119203567505,0.1167678665369749,0.0,0.0,0.0,0.0,0.0,0.0,0.0,0.0,0.0,0.0,0.0,0.0,0.3860300797969103,769080.0,0.3860300797969103,769080.0,0.3732535494491458,769080.0,0.3547029344314136,1512960.0,0.36319851921871305,743880.0,0.35454825311899185,743880.0,0.0,0.0,0.0,0.0,0.0,0.0,0.0,0.0,0.0,0.0,0.0,0.0,6.623821088112891,13941705.0,6.520850391127169,13941705.0,6.411556993611157,13941705.0,6.271821282158858,26940321.0,6.401854098774493,12998616.0,6.267558678984642,12998616.0,58843.14,35608.708,0.0014847119860351085,0.0035317605055868615,58843.14,35608.708,0.0014772060085088015,0.0035317605055868615,58843.14,35608.708,0.0014542957469820977,0.003529018246755003,113813.124,84177.18,0.0014490269742287536,0.003533098389111158,54969.984,54969.984,0.0014517519334331156,0.003666010137181728,54969.984,54969.984,0.0014489972051233053,0.003526196164265274,3674
crmarenapro,query8,4,inf,7.009851167909801,3.3397271372377872,19102148.0,14710785.0,0.0,0.0,3674.0,6.906880470924079,3.276838891208172,18897337.0,14710785.0,72.0,0.0,3674.0,6.784810543060303,3.1143531994894147,17673319.0,14710785.0,262.0,0.0,3674.0,6.626524216590271,3.1143531994894147,17673319.0,28453281.0,262.0,0.0,3674.0,6.765052617993206,3.1143531994894147,17673319.0,13742496.0,262.0,0.0,3674.0,6.622106932103634,3.1143531994894147,17673319.0,13742496.0,262.0,0.0,3674.0,3.3397271372377872,2.8380708573386073,0.8320531733334064,0.0,0.0,0.0,0.0,3.276838891208172,2.796991831623018,0.8320531733334064,0.0,9.159743785858154e-05,0.0009049773216247559,0.0,3.1143531994894147,2.8380708573386073,0.8320531733334064,0.0,0.00033331289887428284,0.0,0.0,3.1143531994894147,2.6136902011930943,0.773669240064919,0.006805419085369508,0.00033331289887428284,0.0009049773216247559,0.1167678665369749,3.1143531994894147,2.6136902011930943,0.773669240064919,0.1453338204883039,0.00033331289887428284,0.0009049773216247559,0.1167678665369749,3.1143531994894147,2.6136902011930943,0.773669240064919,0.0,0.00033331289887428284,0.0032931119203567505,0.1167678665369749,0.0,0.0,0.0,0.0,0.0,0.0,0.0,0.0,0.0,0.0,0.0,0.0,0.3860300797969103,769080.0,0.3860300797969103,769080.0,0.3732535494491458,769080.0,0.3547029344314136,1512960.0,0.36319851921871305,743880.0,0.35454825311899185,743880.0,0.0,0.0,0.0,0.0,0.0,0.0,0.0,0.0,0.0,0.0,0.0,0.0,6.623821088112891,13941705.0,6.520850391127169,13941705.0,6.411556993611157,13941705.0,6.271821282158858,26940321.0,6.401854098774493,12998616.0,6.267558678984642,12998616.0,58843.14,35608.708,0.0014847119860351085,0.0035317605055868615,58843.14,35608.708,0.0014772060085088015,0.0035317605055868615,58843.14,35608.708,0.0014542957469820977,0.003529018246755003,113813.124,84177.18,0.0014490269742287536,0.003533098389111158,54969.984,54969.984,0.0014517519334331156,0.003666010137181728,54969.984,54969.984,0.0014489972051233053,0.003526196164265274,3674
crmarenapro,query8,8,1/4,13.325424506329,6.450781773775816,35338062.0,26650932.0,0.0,0.0,7095.0,13.14249927084893,6.3376118978485465,34994949.0,26650932.0,128.0,0.0,7095.0,12.648313567973673,5.772668352350593,30633093.0,26650932.0,788.0,0.0,7095.0,12.179351386542535,5.772668352350593,30633093.0,49605866.0,788.0,0.0,7095.0,12.434562147129327,5.772668352350593,30633093.0,22954934.0,788.0,0.0,7095.0,12.17531791049987,5.772668352350593,30633093.0,22954934.0,788.0,0.0,7095.0,6.450781773775816,5.35010742675513,1.5245353057980537,0.0,0.0,0.0,0.0,6.3376118978485465,5.278580378741026,1.5245353057980537,0.0,0.0001628398895263672,0.0016088485717773438,0.0,5.772668352350593,5.35010742675513,1.5245353057980537,0.0,0.001002483069896698,0.0,0.0,5.772668352350593,4.638119439594448,1.295447450131178,0.012329101490891543,0.001002483069896698,0.0016088485717773438,0.4581757113337517,5.772668352350593,4.638119439594448,1.295447450131178,0.2675398620776832,0.001002483069896698,0.0016088485717773438,0.4581757113337517,5.772668352350593,4.638119439594448,1.295447450131178,0.0,0.001002483069896698,0.009904474020004272,0.4581757113337517,0.0,0.0,0.0,0.0,0.0,0.0,0.0,0.0,0.0,0.0,0.0,0.0,0.7336936630308628,1668726.0,0.7336936630308628,1668726.0,0.6952791064977646,1668726.0,0.6501328483365512,3137187.0,0.6684912568889558,1468461.0,0.6499390518292785,1468461.0,0.0,0.0,0.0,0.0,0.0,0.0,0.0,0.0,0.0,0.0,0.0,0.0,12.591730843298137,24982206.0,12.408805607818067,24982206.0,11.953034461475909,24982206.0,11.529218538205985,46468679.0,11.766070890240371,21486473.0,11.525378858670592,21486473.0,106603.728,45551.468,0.0014422430917620658,0.0036859295085072503,106603.728,45551.468,0.0014364691115915775,0.0036859295085072503,106603.728,45551.468,0.0014089861754328012,0.003680018792301415,198423.464,127402.2,0.001408564005047083,0.003685138600207231,91819.736,91819.736,0.001408564005047083,0.0038301769259385748,91819.736,91819.736,0.001408564005047083,0.003677941334247588,7095
crmarenapro,query8,8,inf,13.325424506329,6.450781773775816,35338062.0,26650932.0,0.0,0.0,7095.0,13.14249927084893,6.3376118978485465,34994949.0,26650932.0,128.0,0.0,7095.0,12.648313567973673,5.772668352350593,30633093.0,26650932.0,788.0,0.0,7095.0,12.179351386542535,5.772668352350593,30633093.0,49605866.0,788.0,0.0,7095.0,12.434562147129327,5.772668352350593,30633093.0,22954934.0,788.0,0.0,7095.0,12.17531791049987,5.772668352350593,30633093.0,22954934.0,788.0,0.0,7095.0,6.450781773775816,5.35010742675513,1.5245353057980537,0.0,0.0,0.0,0.0,6.3376118978485465,5.278580378741026,1.5245353057980537,0.0,0.0001628398895263672,0.0016088485717773438,0.0,5.772668352350593,5.35010742675513,1.5245353057980537,0.0,0.001002483069896698,0.0,0.0,5.772668352350593,4.638119439594448,1.295447450131178,0.012329101490891543,0.001002483069896698,0.0016088485717773438,0.4581757113337517,5.772668352350593,4.638119439594448,1.295447450131178,0.2675398620776832,0.001002483069896698,0.0016088485717773438,0.4581757113337517,5.772668352350593,4.638119439594448,1.295447450131178,0.0,0.001002483069896698,0.009904474020004272,0.4581757113337517,0.0,0.0,0.0,0.0,0.0,0.0,0.0,0.0,0.0,0.0,0.0,0.0,0.7336936630308628,1668726.0,0.7336936630308628,1668726.0,0.6952791064977646,1668726.0,0.6501328483365512,3137187.0,0.6684912568889558,1468461.0,0.6499390518292785,1468461.0,0.0,0.0,0.0,0.0,0.0,0.0,0.0,0.0,0.0,0.0,0.0,0.0,12.591730843298137,24982206.0,12.408805607818067,24982206.0,11.953034461475909,24982206.0,11.529218538205985,46468679.0,11.766070890240371,21486473.0,11.525378858670592,21486473.0,106603.728,45551.468,0.0014422430917620658,0.0036859295085072503,106603.728,45551.468,0.0014364691115915775,0.0036859295085072503,106603.728,45551.468,0.0014089861754328012,0.003680018792301415,198423.464,127402.2,0.001408564005047083,0.003685138600207231,91819.736,91819.736,0.001408564005047083,0.0038301769259385748,91819.736,91819.736,0.001408564005047083,0.003677941334247588,7095
crmarenapro,query9,2,1/4,2.307824242860079,1.0576704079285264,8020790.0,2198700.0,0.0,0.0,1306.0,2.222427098080516,1.0130067728459835,7650675.0,2066445.0,57.0,0.0,1306.0,2.1578755285590887,0.9074787059798837,6918753.0,2198700.0,191.0,0.0,1306.0,1.987209249934767,0.9074787059798837,6918753.0,4132890.0,191.0,0.0,1306.0,2.0193745465949178,0.9074787059798837,6918753.0,2066445.0,191.0,0.0,1306.0,1.9879375463351607,0.9074787059798837,6918753.0,2066445.0,191.0,0.0,1306.0,1.0576704079285264,1.133934449404478,0.11621938552707434,0.0,0.0,0.0,0.0,1.0130067728459835,1.085192508995533,0.10899990983307362,0.0,7.251463830471039e-05,0.0007164403796195984,0.014438951388001442,0.9074787059798837,1.133934449404478,0.11621938552707434,0.0,0.00024298764765262604,0.0,0.0,0.9074787059798837,0.9543762877583504,0.10899990983307362,0.0009559669481857285,0.00024298764765262604,0.0007164403796195984,0.014438951388001442,0.9074787059798837,0.9543762877583504,0.10899990983307362,0.03312126360833645,0.00024298764765262604,0.0007164403796195984,0.014438951388001442,0.9074787059798837,0.9543762877583504,0.10899990983307362,0.0,0.00024298764765262604,0.002400703728199005,0.014438951388001442,0.0,0.0,0.0,0.0,0.0,0.0,0.0,0.0,0.0,0.0,0.0,0.0,0.921316803433001,0.0,0.8929342404007912,0.0,0.812072591856122,0.0,0.674326216802001,0.0,0.674326216802001,0.0,0.6758722197264433,0.0,0.0,0.0,0.0,0.0,0.0,0.0,0.0,0.0,0.0,0.0,0.0,0.0,1.3865074394270778,2198700.0,1.3294928576797247,2066445.0,1.3458029367029667,2198700.0,1.312883033132766,4132890.0,1.3450483297929168,2066445.0,1.3120653266087174,2066445.0,8794.8,7240.836,0.0017452551666647196,0.002250116465613246,8265.78,6865.924,0.0017342646494507789,0.0022476456869393586,8794.8,7240.836,0.001663429396227002,0.002236558626964688,16531.56,14744.624,0.0016488416333240688,0.002238732178350104,8265.78,8265.78,0.0016576971299946308,0.0023119476811960336,8265.78,8265.78,0.001648711059242487,0.002236454042419791,1306
crmarenapro,query9,2,inf,2.307824242860079,1.0576704079285264,8020790.0,2198700.0,0.0,0.0,1306.0,2.222427098080516,1.0130067728459835,7650675.0,2066445.0,57.0,0.0,1306.0,2.1578755285590887,0.9074787059798837,6918753.0,2198700.0,191.0,0.0,1306.0,1.987209249934767,0.9074787059798837,6918753.0,4132890.0,191.0,0.0,1306.0,2.0193745465949178,0.9074787059798837,6918753.0,2066445.0,191.0,0.0,1306.0,1.9879375463351607,0.9074787059798837,6918753.0,2066445.0,191.0,0.0,1306.0,1.0576704079285264,1.133934449404478,0.11621938552707434,0.0,0.0,0.0,0.0,1.0130067728459835,1.085192508995533,0.10899990983307362,0.0,7.251463830471039e-05,0.0007164403796195984,0.014438951388001442,0.9074787059798837,1.133934449404478,0.11621938552707434,0.0,0.00024298764765262604,0.0,0.0,0.9074787059798837,0.9543762877583504,0.10899990983307362,0.0009559669481857285,0.00024298764765262604,0.0007164403796195984,0.014438951388001442,0.9074787059798837,0.9543762877583504,0.10899990983307362,0.03312126360833645,0.00024298764765262604,0.0007164403796195984,0.014438951388001442,0.9074787059798837,0.9543762877583504,0.10899990983307362,0.0,0.00024298764765262604,0.002400703728199005,0.014438951388001442,0.0,0.0,0.0,0.0,0.0,0.0,0.0,0.0,0.0,0.0,0.0,0.0,0.921316803433001,0.0,0.8929342404007912,0.0,0.812072591856122,0.0,0.674326216802001,0.0,0.674326216802001,0.0,0.6758722197264433,0.0,0.0,0.0,0.0,0.0,0.0,0.0,0.0,0.0,0.0,0.0,0.0,0.0,1.3865074394270778,2198700.0,1.3294928576797247,2066445.0,1.3458029367029667,2198700.0,1.312883033132766,4132890.0,1.3450483297929168,2066445.0,1.3120653266087174,2066445.0,8794.8,7240.836,0.0017452551666647196,0.002250116465613246,8265.78,6865.924,0.0017342646494507789,0.0022476456869393586,8794.8,7240.836,0.001663429396227002,0.002236558626964688,16531.56,14744.624,0.0016488416333240688,0.002238732178350104,8265.78,8265.78,0.0016576971299946308,0.0023119476811960336,8265.78,8265.78,0.001648711059242487,0.002236454042419791,1306
crmarenapro,query9,4,1/4,4.6794585306197405,2.123750244267285,16482551.0,4786924.0,0.0,0.0,2615.0,4.514138738624752,2.0385815175250173,15795570.0,4584784.0,109.0,0.0,2615.0,4.191326349042356,1.634831851348281,12909565.0,4786924.0,618.0,0.0,2615.0,3.6227312497085724,1.634831851348281,12909565.0,9060468.0,618.0,0.0,2615.0,3.6908501842990518,1.634831851348281,12909565.0,4475684.0,618.0,0.0,2615.0,3.6270079500973225,1.634831851348281,12909565.0,4475684.0,618.0,0.0,2615.0,2.123750244267285,2.30651643499732,0.24919185135513544,0.0,0.0,0.0,0.0,2.0385815175250173,2.213622860610485,0.2379580456763506,0.0,0.00013866834342479706,0.0013700351119041443,0.022467611357569695,1.634831851348281,2.30651643499732,0.24919185135513544,0.0,0.0007862113416194916,0.0,0.0,1.634831851348281,1.7169593712314963,0.23172090854495764,0.002120986509958289,0.0007862113416194916,0.0013700351119041443,0.034941885620355606,1.634831851348281,1.7169593712314963,0.23172090854495764,0.07023992110043764,0.0007862113416194916,0.0013700351119041443,0.034941885620355606,1.634831851348281,1.7169593712314963,0.23172090854495764,0.0,0.0007862113416194916,0.007767722010612488,0.034941885620355606,0.0,0.0,0.0,0.0,0.0,0.0,0.0,0.0,0.0,0.0,0.0,0.0,1.904768186621368,49412.0,1.8463144525885582,49412.0,1.541418625973165,49412.0,1.0817893662847082,98824.0,1.0829086201265454,49412.0,1.0871586641296744,49412.0,0.0,0.0,0.0,0.0,0.0,0.0,0.0,0.0,0.0,0.0,0.0,0.0,2.7746903439983726,4737512.0,2.6678242860361934,4535372.0,2.649907723069191,4737512.0,2.540941883423864,8961644.0,2.6079415641725063,4426272.0,2.539849285967648,4426272.0,19147.696,12454.584,0.001715974248945713,0.002462416219897568,18339.136,11919.892,0.0017029914110898972,0.0024602605229243632,19147.696,12454.584,0.0015343609731644392,0.0024374728737398977,36241.872,28744.04,0.001489864555775494,0.0024384885938921173,17902.736,17902.736,0.0014909739531576633,0.0025384248951449986,17902.736,17902.736,0.0014903597440570594,0.002435225684382021,2615
crmarenapro,query9,4,inf,4.6794585306197405,2.123750244267285,16482551.0,4786924.0,0.0,0.0,2615.0,4.514138738624752,2.0385815175250173,15795570.0,4584784.0,109.0,0.0,2615.0,4.191326349042356,1.634831851348281,12909565.0,4786924.0,618.0,0.0,2615.0,3.6227312497085724,1.634831851348281,12909565.0,9060468.0,618.0,0.0,2615.0,3.6908501842990518,1.634831851348281,12909565.0,4475684.0,618.0,0.0,2615.0,3.6270079500973225,1.634831851348281,12909565.0,4475684.0,618.0,0.0,2615.0,2.123750244267285,2.30651643499732,0.24919185135513544,0.0,0.0,0.0,0.0,2.0385815175250173,2.213622860610485,0.2379580456763506,0.0,0.00013866834342479706,0.0013700351119041443,0.022467611357569695,1.634831851348281,2.30651643499732,0.24919185135513544,0.0,0.0007862113416194916,0.0,0.0,1.634831851348281,1.7169593712314963,0.23172090854495764,0.002120986509958289,0.0007862113416194916,0.0013700351119041443,0.034941885620355606,1.634831851348281,1.7169593712314963,0.23172090854495764,0.07023992110043764,0.0007862113416194916,0.0013700351119041443,0.034941885620355606,1.634831851348281,1.7169593712314963,0.23172090854495764,0.0,0.0007862113416194916,0.007767722010612488,0.034941885620355606,0.0,0.0,0.0,0.0,0.0,0.0,0.0,0.0,0.0,0.0,0.0,0.0,1.904768186621368,49412.0,1.8463144525885582,49412.0,1.541418625973165,49412.0,1.0817893662847082,98824.0,1.0829086201265454,49412.0,1.0871586641296744,49412.0,0.0,0.0,0.0,0.0,0.0,0.0,0.0,0.0,0.0,0.0,0.0,0.0,2.7746903439983726,4737512.0,2.6678242860361934,4535372.0,2.649907723069191,4737512.0,2.540941883423864,8961644.0,2.6079415641725063,4426272.0,2.539849285967648,4426272.0,19147.696,12454.584,0.001715974248945713,0.002462416219897568,18339.136,11919.892,0.0017029914110898972,0.0024602605229243632,19147.696,12454.584,0.0015343609731644392,0.0024374728737398977,36241.872,28744.04,0.001489864555775494,0.0024384885938921173,17902.736,17902.736,0.0014909739531576633,0.0025384248951449986,17902.736,17902.736,0.0014903597440570594,0.002435225684382021,2615
crmarenapro,query9,8,1/4,9.417471186257899,4.310456687584519,32283762.0,8996354.0,0.0,0.0,5307.0,9.013716260902584,4.099225073121488,30551446.0,8359920.0,269.0,0.0,5307.0,8.088130314834416,2.978977270424366,22435763.0,8996354.0,1681.0,0.0,5307.0,6.553246998023139,2.978977270424366,22435763.0,16104856.0,1681.0,0.0,5307.0,6.688717309385538,2.978977270424366,22435763.0,7744936.0,1681.0,0.0,5307.0,6.5671271905303,2.978977270424366,22435763.0,7744936.0,1681.0,0.0,5307.0,4.310456687584519,4.613048378378153,0.4939661202952266,0.0,0.0,0.0,0.0,4.099225073121488,4.3809182569384575,0.4580826237797737,0.0,0.00034221820533275604,0.003381095826625824,0.07176699303090572,2.978977270424366,4.613048378378153,0.4939661202952266,0.0,0.002138545736670494,0.0,0.0,2.978977270424366,3.0001729195937514,0.4232224924489856,0.003867418300258093,0.002138545736670494,0.003381095826625824,0.141487255692482,2.978977270424366,3.0001729195937514,0.4232224924489856,0.13933772966265678,0.002138545736670494,0.003381095826625824,0.141487255692482,2.978977270424366,3.0001729195937514,0.4232224924489856,0.0,0.002138545736670494,0.021128706634044647,0.141487255692482,0.0,0.0,0.0,0.0,0.0,0.0,0.0,0.0,0.0,0.0,0.0,0.0,3.84814765304327,148236.0,3.7117940289899707,148236.0,2.8622917914763093,148236.0,1.6176017057290677,296472.0,1.620959467254579,148236.0,1.632326995022595,148236.0,0.0,0.0,0.0,0.0,0.0,0.0,0.0,0.0,0.0,0.0,0.0,0.0,5.569323533214629,8848118.0,5.301922231912613,8211684.0,5.225838523358107,8848118.0,4.935645292294072,15808384.0,5.067757842130959,7596700.0,4.934800195507705,7596700.0,35985.416,17060.812,0.0017172560524195432,0.0025530564920976753,33439.68,16032.272,0.001696064405143261,0.002536839913576841,35985.416,17060.812,0.0014257643576711416,0.0025058649912476534,64419.424,44957.212,0.0013162989125400225,0.0025027700638168234,30979.744,30979.744,0.0013179369531571864,0.0026334473068825894,30979.744,30979.744,0.0013176644165068866,0.002499150667712092,5307
crmarenapro,query9,8,inf,9.417471186257899,4.310456687584519,32283762.0,8996354.0,0.0,0.0,5307.0,9.013716260902584,4.099225073121488,30551446.0,8359920.0,269.0,0.0,5307.0,8.088130314834416,2.978977270424366,22435763.0,8996354.0,1681.0,0.0,5307.0,6.553246998023139,2.978977270424366,22435763.0,16104856.0,1681.0,0.0,5307.0,6.688717309385538,2.978977270424366,22435763.0,7744936.0,1681.0,0.0,5307.0,6.5671271905303,2.978977270424366,22435763.0,7744936.0,1681.0,0.0,5307.0,4.310456687584519,4.613048378378153,0.4939661202952266,0.0,0.0,0.0,0.0,4.099225073121488,4.3809182569384575,0.4580826237797737,0.0,0.00034221820533275604,0.003381095826625824,0.07176699303090572,2.978977270424366,4.613048378378153,0.4939661202952266,0.0,0.002138545736670494,0.0,0.0,2.978977270424366,3.0001729195937514,0.4232224924489856,0.003867418300258093,0.002138545736670494,0.003381095826625824,0.141487255692482,2.978977270424366,3.0001729195937514,0.4232224924489856,0.13933772966265678,0.002138545736670494,0.003381095826625824,0.141487255692482,2.978977270424366,3.0001729195937514,0.4232224924489856,0.0,0.002138545736670494,0.021128706634044647,0.141487255692482,0.0,0.0,0.0,0.0,0.0,0.0,0.0,0.0,0.0,0.0,0.0,0.0,3.84814765304327,148236.0,3.7117940289899707,148236.0,2.8622917914763093,148236.0,1.6176017057290677,296472.0,1.620959467254579,148236.0,1.632326995022595,148236.0,0.0,0.0,0.0,0.0,0.0,0.0,0.0,0.0,0.0,0.0,0.0,0.0,5.569323533214629,8848118.0,5.301922231912613,8211684.0,5.225838523358107,8848118.0,4.935645292294072,15808384.0,5.067757842130959,7596700.0,4.934800195507705,7596700.0,35985.416,17060.812,0.0017172560524195432,0.0025530564920976753,33439.68,16032.272,0.001696064405143261,0.002536839913576841,35985.416,17060.812,0.0014257643576711416,0.0025058649912476534,64419.424,44957.212,0.0013162989125400225,0.0025027700638168234,30979.744,30979.744,0.0013179369531571864,0.0026334473068825894,30979.744,30979.744,0.0013176644165068866,0.002499150667712092,5307
googlelocal,query1,2,1/4,4.606985944323242,2.360449681058526,15461505.0,14259157.0,0.0,0.0,1855.0,4.404936409555376,2.2177186589688063,14620901.0,13306219.0,125.0,0.0,1855.0,4.3128921538591385,2.0660556545481086,14326827.0,14259157.0,236.0,0.0,1855.0,4.187077970646439,2.0644617779180408,14323044.0,26612438.0,237.0,0.0,1855.0,4.206048799678683,2.0644617779180408,14323044.0,13306219.0,237.0,0.0,1855.0,4.175548134371638,2.0599329816177487,14242361.0,13200337.0,239.0,10.0,1855.0,2.360449681058526,1.623775800690055,0.6227604625746608,0.0,0.0,0.0,0.0,2.2177186589688063,1.4784804470837116,0.5385137861594558,0.0,0.00015902332961559296,0.0015711411833763123,0.16849335283041,2.0660556545481086,1.623775800690055,0.6227604625746608,0.0,0.0003002360463142395,0.0,0.0,2.0644617779180408,1.4075807575136423,0.5385137861594558,0.006155646808562994,0.00030150823295116425,0.0015711411833763123,0.16849335283041,2.0644617779180408,1.4075807575136423,0.5385137861594558,0.02512647584080696,0.00030150823295116425,0.0015711411833763123,0.16849335283041,2.0599329816177487,1.3959391973912716,0.5291530443355441,0.0,0.00030405260622501373,0.003004021942615509,0.18721483647823334,0.0,0.0,0.0,0.0,0.0,0.0,0.0,0.0,0.0,0.0,0.0,0.0,2.713735330849886,13201258.0,2.6520547457039356,12248320.0,2.5760416705161333,13201258.0,2.512542262737754,24496640.0,2.519439253024757,12248320.0,2.5026296051219106,12142438.0,0.0,0.0,0.0,0.0,0.0,0.0,0.0,0.0,0.0,0.0,0.0,0.0,1.8932506134733558,1057899.0,1.75288166385144,1057899.0,1.7368504833430052,1057899.0,1.6745357079086853,2115798.0,1.6866095466539264,1057899.0,1.6729185292497277,1057899.0,57036.628,55254.976,0.0016530858837068081,0.004796241336874662,53224.876,51443.224,0.0016369923390448092,0.004758041750080881,57036.628,55254.976,0.0015674660094082355,0.004729034411534666,99497.496,97679.244,0.0015506253860925778,0.004726139912894509,53224.876,52713.444,0.001551726832985878,0.004763477761391549,52801.348,52713.444,0.0015505274850875139,0.004716251407936214,1855
googlelocal,query1,2,inf,4.606985944323242,2.360449681058526,15461505.0,14259157.0,0.0,0.0,1855.0,4.404936409555376,2.2177186589688063,14620901.0,13306219.0,125.0,0.0,1855.0,4.306773297488689,2.0599329816177487,14242361.0,14259157.0,239.0,0.0,1855.0,4.180270900420962,2.0599329816177487,14242361.0,26506556.0,239.0,0.0,1855.0,4.199241729453206,2.0599329816177487,14242361.0,13200337.0,239.0,0.0,1855.0,4.175548134371638,2.0599329816177487,14242361.0,13200337.0,239.0,0.0,1855.0,2.360449681058526,1.623775800690055,0.6227604625746608,0.0,0.0,0.0,0.0,2.2177186589688063,1.4784804470837116,0.5385137861594558,0.0,0.00015902332961559296,0.0015711411833763123,0.16849335283041,2.0599329816177487,1.623775800690055,0.6227604625746608,0.0,0.00030405260622501373,0.0,0.0,2.0599329816177487,1.3959391973912716,0.5291530443355441,0.006155646808562994,0.00030405260622501373,0.0015711411833763123,0.18721483647823334,2.0599329816177487,1.3959391973912716,0.5291530443355441,0.02512647584080696,0.00030405260622501373,0.0015711411833763123,0.18721483647823334,2.0599329816177487,1.3959391973912716,0.5291530443355441,0.0,0.00030405260622501373,0.003004021942615509,0.18721483647823334,0.0,0.0,0.0,0.0,0.0,0.0,0.0,0.0,0.0,0.0,0.0,0.0,2.713735330849886,13201258.0,2.6520547457039356,12248320.0,2.57113048247993,13201258.0,2.5075291358578236,24390758.0,2.5144261261448264,12142438.0,2.5026296051219106,12142438.0,0.0,0.0,0.0,0.0,0.0,0.0,0.0,0.0,0.0,0.0,0.0,0.0,1.8932506134733558,1057899.0,1.75288166385144,1057899.0,1.7356428150087595,1057899.0,1.6727417645631386,2115798.0,1.6848156033083797,1057899.0,1.6729185292497277,1057899.0,57036.628,55254.976,0.0016530858837068081,0.004796241336874662,53224.876,51443.224,0.0016369923390448092,0.004758041750080881,57036.628,55254.976,0.0015666301790624856,0.004729034411534666,106026.224,103608.636,0.0015505178742145642,0.004726139912894509,52801.348,52801.348,0.0015516193211078644,0.004763477761391549,52801.348,52801.348,0.0015505274850875139,0.004716251407936214,1855
googlelocal,query1,4,1/4,8.516697308979928,4.6636242447420955,23649963.0,20603792.0,0.0,0.0,3736.0,8.10672124940902,4.36743347812444,22773321.0,19783402.0,294.0,0.0,3736.0,7.523838396184146,3.6697284998372197,21224435.0,20603792.0,815.0,0.0,3736.0,7.1100890091419116,3.6697284998372197,21224435.0,39037394.0,815.0,0.0,3736.0,7.152046461123973,3.6697284998372197,21224435.0,19253992.0,815.0,0.0,3736.0,7.107485441491008,3.6697284998372197,21224435.0,19253992.0,815.0,9.0,3736.0,4.6636242447420955,2.8843624563887715,0.9687106078490615,0.0,0.0,0.0,0.0,4.36743347812444,2.6977021852508187,0.8999049765989184,0.0,0.00037402287125587463,0.0036953240633010864,0.1376112625002861,3.6697284998372197,2.8843624563887715,0.9687106078490615,0.0,0.001036832109093666,0.0,0.0,3.6697284998372197,2.342156320810318,0.8531012674793601,0.009152084103216607,0.001036832109093666,0.0036953240633010864,0.23121868073940277,3.6697284998372197,2.342156320810318,0.8531012674793601,0.051109536085277796,0.001036832109093666,0.0036953240633010864,0.23121868073940277,3.6697284998372197,2.342156320810318,0.8531012674793601,0.0,0.001036832109093666,0.010243840515613556,0.23121868073940277,0.0,0.0,0.0,0.0,0.0,0.0,0.0,0.0,0.0,0.0,0.0,0.0,4.598701889626682,18228954.0,4.5316822761669755,17487780.0,4.137096416205168,18228954.0,3.9345327178799234,34446150.0,3.9501414564438164,16958370.0,3.929572334513068,16958370.0,0.0,0.0,0.0,0.0,0.0,0.0,0.0,0.0,0.0,0.0,0.0,0.0,3.9179954193532467,2374838.0,3.5750389732420444,2295622.0,3.3867419799789786,2374838.0,3.1755562912619886,4591244.0,3.2019050046801567,2295622.0,3.1779131069779396,2295622.0,82415.168,69064.956,0.0016152584627270698,0.004760703551769255,79133.608,66365.356,0.0016041685380041599,0.00469048175625503,82415.168,69064.956,0.0014186045620590449,0.004630603520199655,140223.468,128264.488,0.0013965217899531126,0.004591297334560315,77015.968,69781.844,0.0013965217899531126,0.004645571170374749,69781.844,69781.844,0.0013965469282120465,0.004583844638615844,3736
googlelocal,query1,4,inf,8.516697308979928,4.6636242447420955,23649963.0,20603792.0,0.0,0.0,3736.0,8.10672124940902,4.36743347812444,22773321.0,19783402.0,294.0,0.0,3736.0,7.512611475773156,3.6584964906796813,20987992.0,20603792.0,819.0,0.0,3736.0,7.0926055372491374,3.6584964906796813,20987992.0,38719748.0,819.0,0.0,3736.0,7.134562989231199,3.6584964906796813,20987992.0,18936346.0,819.0,0.0,3736.0,7.090052246116102,3.6584964906796813,20987992.0,18936346.0,819.0,0.0,3736.0,4.6636242447420955,2.8843624563887715,0.9687106078490615,0.0,0.0,0.0,0.0,4.36743347812444,2.6977021852508187,0.8999049765989184,0.0,0.00037402287125587463,0.0036953240633010864,0.1376112625002861,3.6584964906796813,2.8843624563887715,0.9687106078490615,0.0,0.001041920855641365,0.0,0.0,3.6584964906796813,2.307712742127478,0.8249142402783036,0.009152084103216607,0.001041920855641365,0.0036953240633010864,0.28759273514151573,3.6584964906796813,2.307712742127478,0.8249142402783036,0.051109536085277796,0.001041920855641365,0.0036953240633010864,0.28759273514151573,3.6584964906796813,2.307712742127478,0.8249142402783036,0.0,0.001041920855641365,0.010294117033481598,0.28759273514151573,0.0,0.0,0.0,0.0,0.0,0.0,0.0,0.0,0.0,0.0,0.0,0.0,4.598701889626682,18228954.0,4.5316822761669755,17487780.0,4.127077164128423,18228954.0,3.918843189332696,34128504.0,3.934451927896589,16640724.0,3.913920513354242,16640724.0,0.0,0.0,0.0,0.0,0.0,0.0,0.0,0.0,0.0,0.0,0.0,0.0,3.9179954193532467,2374838.0,3.5750389732420444,2295622.0,3.385534311644733,2374838.0,3.173762347916442,4591244.0,3.20011106133461,2295622.0,3.17613173276186,2295622.0,82415.168,69064.956,0.0016152584627270698,0.004760703551769255,79133.608,66365.356,0.0016041685380041599,0.00469048175625503,82415.168,69064.956,0.0014180317353457213,0.004615908617153762,154878.992,138251.644,0.001395948963239789,0.004568286026024381,75745.384,75745.384,0.001395948963239789,0.0046225598618388165,75745.384,75745.384,0.001395974101498723,0.004560888634249566,3736
googlelocal,query1,8,1/4,17.042816180735826,9.2816492151469,49239299.0,43229025.0,0.0,0.0,7434.0,16.231632308103144,8.703013464808464,46819838.0,40694719.0,557.0,0.0,7434.0,14.165126783773303,6.401068137958646,41748426.0,43229025.0,2273.0,0.0,7434.0,12.935886807970562,6.3906820164993405,41725375.0,79655380.0,2280.0,0.0,7434.0,13.012141718994826,6.3906820164993405,41725375.0,38960661.0,2280.0,0.0,7434.0,12.907515202648938,6.369823323562741,41612608.0,38854779.0,2297.0,25.0,7434.0,9.2816492151469,5.8012756537646055,1.9598913118243217,0.0,0.0,0.0,0.0,8.703013464808464,5.341620308347046,1.7404937017709017,0.0,0.0007086079567670822,0.007001005113124847,0.43879522010684013,6.401068137958646,5.8012756537646055,1.9598913118243217,0.0,0.0028916802257299423,0.0,0.0,6.3906820164993405,4.200963451527059,1.6042688321322203,0.018825957782426236,0.0029005855321884155,0.007001005113124847,0.711244959384203,6.3906820164993405,4.200963451527059,1.6042688321322203,0.09508086880668998,0.0029005855321884155,0.007001005113124847,0.711244959384203,6.369823323562741,4.181023842655122,1.5949080903083086,0.0,0.002922212705016136,0.028871290385723114,0.7299664430320263,0.0,0.0,0.0,0.0,0.0,0.0,0.0,0.0,0.0,0.0,0.0,0.0,9.371855793520808,39004824.0,9.19858854264021,36569538.0,7.874136322177947,39004824.0,7.19772436575684,71662470.0,7.226491277106106,35092932.0,7.17613210901618,34987050.0,0.0,0.0,0.0,0.0,0.0,0.0,0.0,0.0,0.0,0.0,0.0,0.0,7.670960387215018,4224201.0,7.033043765462935,4125181.0,6.2909904615953565,4224201.0,5.7381624422137225,7992910.0,5.78565044188872,3867729.0,5.731383093632758,3867729.0,172916.1,123597.268,0.0016096114926040172,0.0048673561671748735,162778.876,115273.544,0.001603776663541794,0.004753424724563955,172916.1,123597.268,0.001316604644060135,0.004636203855834899,270374.052,223904.64,0.0012805741596966982,0.004567586007368618,155842.644,123106.216,0.0012805741596966982,0.0046262348993681346,132182.624,122972.696,0.001279441561549902,0.004561834059469401,7434
googlelocal,query1,8,inf,17.042816180735826,9.2816492151469,49239299.0,43229025.0,0.0,0.0,7434.0,16.231632308103144,8.703013464808464,46819838.0,40694719.0,557.0,0.0,7434.0,14.062684189528227,6.298537762835622,40945850.0,43229025.0,2342.0,0.0,7434.0,12.797805560052254,6.298537762835622,40945850.0,78774944.0,2342.0,0.0,7434.0,12.874060471076518,6.298537762835622,40945850.0,38080225.0,2342.0,0.0,7434.0,12.801415498368442,6.298537762835622,40945850.0,38080225.0,2342.0,0.0,7434.0,9.2816492151469,5.8012756537646055,1.9598913118243217,0.0,0.0,0.0,0.0,8.703013464808464,5.341620308347046,1.7404937017709017,0.0,0.0007086079567670822,0.007001005113124847,0.43879522010684013,6.298537762835622,5.8012756537646055,1.9598913118243217,0.0,0.0029794611036777496,0.0,0.0,6.298537762835622,4.078677223064005,1.527998473495245,0.018825957782426236,0.0029794611036777496,0.007001005113124847,0.8637856766581535,6.298537762835622,4.078677223064005,1.527998473495245,0.09508086880668998,0.0029794611036777496,0.007001005113124847,0.8637856766581535,6.298537762835622,4.078677223064005,1.527998473495245,0.0,0.0029794611036777496,0.029436901211738586,0.8637856766581535,0.0,0.0,0.0,0.0,0.0,0.0,0.0,0.0,0.0,0.0,0.0,0.0,9.371855793520808,39004824.0,9.19858854264021,36569538.0,7.80138767324388,39004824.0,7.101762577087611,70782034.0,7.130529488436878,34212496.0,7.095792698673904,34212496.0,0.0,0.0,0.0,0.0,0.0,0.0,0.0,0.0,0.0,0.0,0.0,0.0,7.670960387215018,4224201.0,7.033043765462935,4125181.0,6.261296516284347,4224201.0,5.696042982964643,7992910.0,5.743530982639641,3867729.0,5.705622799694538,3867729.0,172916.1,123597.268,0.0016096114926040172,0.0048673561671748735,162778.876,115273.544,0.001603776663541794,0.004753424724563955,172916.1,123597.268,0.0013128281626850367,0.004621644468419252,315099.776,260841.356,0.0012770883031189442,0.00454658735546177,152320.9,152320.9,0.0012770883031189442,0.004605236247461287,152320.9,152320.9,0.0012771888561546802,0.004540883170254526,7434
googlelocal,query2,2,1/4,5.648060951381922,2.85907185357064,10961653.0,11404743.0,0.0,0.0,2297.0,5.5751100666821,2.8047877717763186,10739452.0,11226507.0,48.0,0.0,2297.0,5.368857780471444,2.579635872505605,8245762.0,11404743.0,183.0,0.0,2297.0,5.260502056817759,2.579635872505605,8245762.0,19217142.0,183.0,0.0,2297.0,5.304419353604317,2.579635872505605,8245762.0,7990635.0,183.0,0.0,2297.0,5.257005346938968,2.579635872505605,8245762.0,7990635.0,183.0,0.0,2297.0,2.85907185357064,1.8975064922124147,0.8914826055988669,0.0,0.0,0.0,0.0,2.8047877717763186,1.8708190890029073,0.8841263884678483,0.0,6.10649585723877e-05,0.0006033182144165039,0.014712434262037277,2.579635872505605,1.8975064922124147,0.8914826055988669,0.0,0.0002328101545572281,0.0,0.0,2.579635872505605,1.4927151072770357,0.6008438048884273,0.005193542356837815,0.0002328101545572281,0.0006033182144165039,0.5812776014208794,2.579635872505605,1.4927151072770357,0.6008438048884273,0.049110839143395424,0.0002328101545572281,0.0006033182144165039,0.5812776014208794,2.579635872505605,1.4927151072770357,0.6008438048884273,0.0,0.0002328101545572281,0.002300150692462921,0.5812776014208794,0.0,0.0,0.0,0.0,0.0,0.0,0.0,0.0,0.0,0.0,0.0,0.0,2.9845296163111925,9371951.0,2.969979129731655,9371951.0,2.842311702668667,9371951.0,2.775455869929504,15567442.0,2.797959916293621,6195491.0,2.771761297248304,6195491.0,0.0,0.0,0.0,0.0,0.0,0.0,0.0,0.0,0.0,0.0,0.0,0.0,2.6635313350707293,2032792.0,2.605130936950445,1854556.0,2.5265460778027773,2032792.0,2.485046186888255,3649700.0,2.5064594373106956,1795144.0,2.485244049690664,1795144.0,45618.972,31970.716,0.0015175501219928265,0.006509859135001897,44906.028,31416.204,0.0015129444282501936,0.006505453509278595,45618.972,31970.716,0.0014954854398965835,0.006366093489155172,76868.568,63291.352,0.0014937883783131837,0.006315371532379929,31962.54,31962.54,0.0014937883783131837,0.006400749306101351,31962.54,31962.54,0.0014938135165721178,0.006304869629815219,2297
googlelocal,query2,2,inf,5.648060951381922,2.85907185357064,10961653.0,11404743.0,0.0,0.0,2297.0,5.5751100666821,2.8047877717763186,10739452.0,11226507.0,48.0,0.0,2297.0,5.368857780471444,2.579635872505605,8245762.0,11404743.0,183.0,0.0,2297.0,5.260502056817759,2.579635872505605,8245762.0,19217142.0,183.0,0.0,2297.0,5.304419353604317,2.579635872505605,8245762.0,7990635.0,183.0,0.0,2297.0,5.257005346938968,2.579635872505605,8245762.0,7990635.0,183.0,0.0,2297.0,2.85907185357064,1.8975064922124147,0.8914826055988669,0.0,0.0,0.0,0.0,2.8047877717763186,1.8708190890029073,0.8841263884678483,0.0,6.10649585723877e-05,0.0006033182144165039,0.014712434262037277,2.579635872505605,1.8975064922124147,0.8914826055988669,0.0,0.0002328101545572281,0.0,0.0,2.579635872505605,1.4927151072770357,0.6008438048884273,0.005193542356837815,0.0002328101545572281,0.0006033182144165039,0.5812776014208794,2.579635872505605,1.4927151072770357,0.6008438048884273,0.049110839143395424,0.0002328101545572281,0.0006033182144165039,0.5812776014208794,2.579635872505605,1.4927151072770357,0.6008438048884273,0.0,0.0002328101545572281,0.002300150692462921,0.5812776014208794,0.0,0.0,0.0,0.0,0.0,0.0,0.0,0.0,0.0,0.0,0.0,0.0,2.9845296163111925,9371951.0,2.969979129731655,9371951.0,2.842311702668667,9371951.0,2.775455869929504,15567442.0,2.797959916293621,6195491.0,2.771761297248304,6195491.0,0.0,0.0,0.0,0.0,0.0,0.0,0.0,0.0,0.0,0.0,0.0,0.0,2.6635313350707293,2032792.0,2.605130936950445,1854556.0,2.5265460778027773,2032792.0,2.485046186888255,3649700.0,2.5064594373106956,1795144.0,2.485244049690664,1795144.0,45618.972,31970.716,0.0015175501219928265,0.006509859135001897,44906.028,31416.204,0.0015129444282501936,0.006505453509278595,45618.972,31970.716,0.0014954854398965835,0.006366093489155172,76868.568,63291.352,0.0014937883783131837,0.006315371532379929,31962.54,31962.54,0.0014937883783131837,0.006400749306101351,31962.54,31962.54,0.0014938135165721178,0.006304869629815219,2297
googlelocal,query2,4,1/4,11.251527534797788,5.740318234078586,21720598.0,22725596.0,0.0,0.0,4644.0,11.05096178688109,5.591717025265098,21268257.0,22408732.0,131.0,0.0,4644.0,10.108414063230157,4.596206096000969,12728552.0,22725596.0,785.0,0.0,4644.0,9.672122961063211,4.596206096000969,12728552.0,33905538.0,785.0,0.0,4644.0,9.762262265197933,4.596206096000969,12728552.0,11496806.0,785.0,0.0,4644.0,9.66997657250613,4.596206096000969,12728552.0,11496806.0,785.0,0.0,4644.0,5.740318234078586,3.7565145883709192,1.7546947123482823,0.0,0.0,0.0,0.0,5.591717025265098,3.6896770065650344,1.741634882055223,0.0,0.00016665644943714142,0.0016465559601783752,0.026119660586118698,4.596206096000969,3.7565145883709192,1.7546947123482823,0.0,0.0009986665099859238,0.0,0.0,4.596206096000969,2.340719140134752,0.7872035214677453,0.010366599228506869,0.0009986665099859238,0.0016465559601783752,1.934982381761074,4.596206096000969,2.340719140134752,0.7872035214677453,0.10050590336322784,0.0009986665099859238,0.0016465559601783752,1.934982381761074,4.596206096000969,2.340719140134752,0.7872035214677453,0.0,0.0009986665099859238,0.009866766631603241,1.934982381761074,0.0,0.0,0.0,0.0,0.0,0.0,0.0,0.0,0.0,0.0,0.0,0.0,5.8488768599927425,18524975.0,5.80765048135072,18524975.0,5.308718943968415,18524975.0,5.061161657967157,26355868.0,5.107127613853663,7830893.0,5.05528153385967,7830893.0,0.0,0.0,0.0,0.0,0.0,0.0,0.0,0.0,0.0,0.0,0.0,0.0,5.402650674805045,4200621.0,5.243311305530369,3883757.0,4.799695119261742,4200621.0,4.610961303096055,7549670.0,4.6551346513442695,3665913.0,4.61469503864646,3665913.0,90902.384,40514.648,0.0015005376618355513,0.00689651191420853,89634.928,39744.528,0.0014971718825399875,0.00689074630215764,90902.384,40514.648,0.0014544028900563717,0.00649643465541303,135622.152,84898.14,0.0014544028900563717,0.0063189039746484165,45987.224,45987.224,0.0014544028900563717,0.00641628980822861,45987.224,45987.224,0.0014544028900563717,0.006308389944583176,4644
googlelocal,query2,4,inf,11.251527534797788,5.740318234078586,21720598.0,22725596.0,0.0,0.0,4644.0,11.05096178688109,5.591717025265098,21268257.0,22408732.0,131.0,0.0,4644.0,10.108414063230157,4.596206096000969,12728552.0,22725596.0,785.0,0.0,4644.0,9.672122961063211,4.596206096000969,12728552.0,33905538.0,785.0,0.0,4644.0,9.762262265197933,4.596206096000969,12728552.0,11496806.0,785.0,0.0,4644.0,9.66997657250613,4.596206096000969,12728552.0,11496806.0,785.0,0.0,4644.0,5.740318234078586,3.7565145883709192,1.7546947123482823,0.0,0.0,0.0,0.0,5.591717025265098,3.6896770065650344,1.741634882055223,0.0,0.00016665644943714142,0.0016465559601783752,0.026119660586118698,4.596206096000969,3.7565145883709192,1.7546947123482823,0.0,0.0009986665099859238,0.0,0.0,4.596206096000969,2.340719140134752,0.7872035214677453,0.010366599228506869,0.0009986665099859238,0.0016465559601783752,1.934982381761074,4.596206096000969,2.340719140134752,0.7872035214677453,0.10050590336322784,0.0009986665099859238,0.0016465559601783752,1.934982381761074,4.596206096000969,2.340719140134752,0.7872035214677453,0.0,0.0009986665099859238,0.009866766631603241,1.934982381761074,0.0,0.0,0.0,0.0,0.0,0.0,0.0,0.0,0.0,0.0,0.0,0.0,5.8488768599927425,18524975.0,5.80765048135072,18524975.0,5.308718943968415,18524975.0,5.061161657967157,26355868.0,5.107127613853663,7830893.0,5.05528153385967,7830893.0,0.0,0.0,0.0,0.0,0.0,0.0,0.0,0.0,0.0,0.0,0.0,0.0,5.402650674805045,4200621.0,5.243311305530369,3883757.0,4.799695119261742,4200621.0,4.610961303096055,7549670.0,4.6551346513442695,3665913.0,4.61469503864646,3665913.0,90902.384,40514.648,0.0015005376618355513,0.00689651191420853,89634.928,39744.528,0.0014971718825399875,0.00689074630215764,90902.384,40514.648,0.0014544028900563717,0.00649643465541303,135622.152,84898.14,0.0014544028900563717,0.0063189039746484165,45987.224,45987.224,0.0014544028900563717,0.00641628980822861,45987.224,45987.224,0.0014544028900563717,0.006308389944583176,4644
googlelocal,query2,8,1/4,21.67283052764833,11.220708806999028,40897095.0,42261045.0,0.0,0.0,9049.0,21.388411953113973,11.006293914280832,40028828.0,41528297.0,193.0,0.0,9049.0,18.299622409045696,7.84444107953459,17925919.0,42261045.0,2405.0,0.0,9049.0,17.032310474686085,7.84444107953459,17925919.0,55867177.0,2405.0,0.0,9049.0,17.19812112301588,7.84444107953459,17925919.0,14338880.0,2405.0,0.0,9049.0,17.04090180620551,7.84444107953459,17925919.0,14338880.0,2405.0,0.0,9049.0,11.220708806999028,7.17562541179359,3.2764963088557124,0.0,0.0,0.0,0.0,11.006293914280832,7.072767301462591,3.2463132543489337,0.0,0.0002455320209264755,0.002425841987133026,0.060366109013557434,7.84444107953459,7.17562541179359,3.2764963088557124,0.0,0.0030596088618040085,0.0,0.0,7.84444107953459,3.527119324542582,0.9169395808130503,0.019211582861600743,0.0030596088618040085,0.002425841987133026,4.719113456085324,7.84444107953459,3.527119324542582,0.9169395808130503,0.1850222311913967,0.0030596088618040085,0.002425841987133026,4.719113456085324,7.84444107953459,3.527119324542582,0.9169395808130503,0.0,0.0030596088618040085,0.030228756368160248,4.719113456085324,0.0,0.0,0.0,0.0,0.0,0.0,0.0,0.0,0.0,0.0,0.0,0.0,11.291079135611653,34400008.0,11.247427675873041,34400008.0,9.752296461723745,34400008.0,9.068021763308366,43002454.0,9.151757147628814,8602446.0,9.06085594277829,8602446.0,0.0,0.0,0.0,0.0,0.0,0.0,0.0,0.0,0.0,0.0,0.0,0.0,10.381751392036676,7861037.0,10.140984277240932,7128289.0,8.547325947321951,7861037.0,7.96428871137772,12864723.0,8.046363975387067,5736434.0,7.980045863427222,5736434.0,169044.18,46845.484,0.0015067202672362327,0.006818633477203548,166113.188,45074.144,0.0015043160151690246,0.006806635374017059,169044.18,46845.484,0.0014010597243905069,0.0061147861469537015,222856.872,100353.872,0.0013919239211827516,0.00581122811261176,57355.52,56822.9,0.0013919239211827516,0.00589845559252426,56822.9,56822.9,0.001392175303772092,0.005802498598583041,9049
googlelocal,query2,8,inf,21.67283052764833,11.220708806999028,40897095.0,42261045.0,0.0,0.0,9049.0,21.388411953113973,11.006293914280832,40028828.0,41528297.0,193.0,0.0,9049.0,18.294160393066704,7.8389752469956875,17846522.0,42261045.0,2408.0,0.0,9049.0,17.02444133257842,7.8389752469956875,17846522.0,55761295.0,2408.0,0.0,9049.0,17.190251980908215,7.8389752469956875,17846522.0,14232998.0,2408.0,0.0,9049.0,17.033070371486247,7.8389752469956875,17846522.0,14232998.0,2408.0,0.0,9049.0,11.220708806999028,7.17562541179359,3.2764963088557124,0.0,0.0,0.0,0.0,11.006293914280832,7.072767301462591,3.2463132543489337,0.0,0.0002455320209264755,0.002425841987133026,0.060366109013557434,7.8389752469956875,7.17562541179359,3.2764963088557124,0.0,0.0030634254217147827,0.0,0.0,7.8389752469956875,3.515351456589997,0.9075788389891386,0.019211582861600743,0.0030634254217147827,0.002425841987133026,4.737834939733148,7.8389752469956875,3.515351456589997,0.9075788389891386,0.1850222311913967,0.0030634254217147827,0.002425841987133026,4.737834939733148,7.8389752469956875,3.515351456589997,0.9075788389891386,0.0,0.0030634254217147827,0.03026646375656128,4.737834939733148,0.0,0.0,0.0,0.0,0.0,0.0,0.0,0.0,0.0,0.0,0.0,0.0,11.291079135611653,34400008.0,11.247427675873041,34400008.0,9.748977878130972,34400008.0,9.063008636428435,42896572.0,9.146744020748883,8496564.0,9.055855385027826,8496564.0,0.0,0.0,0.0,0.0,0.0,0.0,0.0,0.0,0.0,0.0,0.0,0.0,10.381751392036676,7861037.0,10.140984277240932,7128289.0,8.545182514935732,7861037.0,7.961432696149985,12864723.0,8.043507960159332,5736434.0,7.977214986458421,5736434.0,169044.18,46845.484,0.0015067202672362327,0.006818633477203548,166113.188,45074.144,0.0015043160151690246,0.006806635374017059,169044.18,46845.484,0.0014010173268616199,0.00610946852080524,223045.18,100353.872,0.0013918815236538648,0.0058031992172038445,56931.992,56931.992,0.0013918815236538648,0.0058904266971163445,56931.992,56931.992,0.001392132906243205,0.005794489813782274,9049
googlelocal,query3,2,1/4,7.758239857852459,2.477715542539954,32336952.0,36303294.0,0.0,0.0,1662.0,7.641855346038938,2.388415885157883,30650263.0,34291535.0,54.0,0.0,1662.0,7.454061919823289,2.1732818949967623,28238529.0,36303294.0,201.0,0.0,1662.0,7.365160394085981,2.1732818949967623,28238529.0,65834230.0,201.0,0.0,1662.0,7.56572696659714,2.1732818949967623,28238529.0,31542695.0,201.0,0.0,1662.0,7.351144302636385,2.1732818949967623,28238529.0,31542695.0,201.0,0.0,1662.0,2.477715542539954,3.095961682498455,2.1845626328140497,0.0,0.0,0.0,0.0,2.388415885157883,2.9411114351823926,2.05754467099905,0.0,6.869807839393616e-05,0.0006787329912185669,0.25403592362999916,2.1732818949967623,3.095961682498455,2.1845626328140497,0.0,0.0002557095140218735,0.0,0.0,2.1732818949967623,2.6792535725980997,1.8732985351234674,0.015863753481246343,0.0002557095140218735,0.0006787329912185669,0.6225281953811646,2.1732818949967623,2.6792535725980997,1.8732985351234674,0.21643032599240541,0.0002557095140218735,0.0006787329912185669,0.6225281953811646,2.1732818949967623,2.6792535725980997,1.8732985351234674,0.0,0.0002557095140218735,0.00252639502286911,0.6225281953811646,0.0,0.0,0.0,0.0,0.0,0.0,0.0,0.0,0.0,0.0,0.0,0.0,5.112664968706667,21112902.0,5.057255820371211,20054082.0,4.968884068541229,21112902.0,4.908463889632721,38519934.0,4.949439536780119,18465852.0,4.8997899033129215,18465852.0,0.0,0.0,0.0,0.0,0.0,0.0,0.0,0.0,0.0,0.0,0.0,0.0,2.6455748891457915,15190392.0,2.584599525667727,14237453.0,2.48517785128206,15190392.0,2.4566965044532605,27314296.0,2.616287429817021,13076843.0,2.4513543993234634,13076843.0,145213.176,108042.7,0.0030270012468099593,0.012356236305087802,137166.14,100994.832,0.002972063556313515,0.012279227715730662,145213.176,108042.7,0.0028431429769843817,0.012229342377744612,263336.92,219458.04,0.0028148667426087337,0.012201944339630054,126170.78,126170.78,0.0029567967783659696,0.012440156813617792,126170.78,126170.78,0.002809290939942002,0.012171948469057675,1662
googlelocal,query3,2,inf,7.758239857852459,2.477715542539954,32336952.0,36303294.0,0.0,0.0,1662.0,7.641855346038938,2.388415885157883,30650263.0,34291535.0,54.0,0.0,1662.0,7.454061919823289,2.1732818949967623,28238529.0,36303294.0,201.0,0.0,1662.0,7.365160394085981,2.1732818949967623,28238529.0,65834230.0,201.0,0.0,1662.0,7.56572696659714,2.1732818949967623,28238529.0,31542695.0,201.0,0.0,1662.0,7.351144302636385,2.1732818949967623,28238529.0,31542695.0,201.0,0.0,1662.0,2.477715542539954,3.095961682498455,2.1845626328140497,0.0,0.0,0.0,0.0,2.388415885157883,2.9411114351823926,2.05754467099905,0.0,6.869807839393616e-05,0.0006787329912185669,0.25403592362999916,2.1732818949967623,3.095961682498455,2.1845626328140497,0.0,0.0002557095140218735,0.0,0.0,2.1732818949967623,2.6792535725980997,1.8732985351234674,0.015863753481246343,0.0002557095140218735,0.0006787329912185669,0.6225281953811646,2.1732818949967623,2.6792535725980997,1.8732985351234674,0.21643032599240541,0.0002557095140218735,0.0006787329912185669,0.6225281953811646,2.1732818949967623,2.6792535725980997,1.8732985351234674,0.0,0.0002557095140218735,0.00252639502286911,0.6225281953811646,0.0,0.0,0.0,0.0,0.0,0.0,0.0,0.0,0.0,0.0,0.0,0.0,5.112664968706667,21112902.0,5.057255820371211,20054082.0,4.968884068541229,21112902.0,4.908463889632721,38519934.0,4.949439536780119,18465852.0,4.8997899033129215,18465852.0,0.0,0.0,0.0,0.0,0.0,0.0,0.0,0.0,0.0,0.0,0.0,0.0,2.6455748891457915,15190392.0,2.584599525667727,14237453.0,2.48517785128206,15190392.0,2.4566965044532605,27314296.0,2.616287429817021,13076843.0,2.4513543993234634,13076843.0,145213.176,108042.7,0.0030270012468099593,0.012356236305087802,137166.14,100994.832,0.002972063556313515,0.012279227715730662,145213.176,108042.7,0.0028431429769843817,0.012229342377744612,263336.92,219458.04,0.0028148667426087337,0.012201944339630054,126170.78,126170.78,0.0029567967783659696,0.012440156813617792,126170.78,126170.78,0.002809290939942002,0.012171948469057675,1662
googlelocal,query3,4,1/4,16.0010078959167,5.2014468759298325,66063418.0,73981232.0,0.0,0.0,3492.0,15.683770167641342,4.95369325298816,61918211.0,69157835.0,154.0,0.0,3492.0,14.744679243303835,3.944080119021237,50350726.0,73981232.0,816.0,0.0,3492.0,14.32448886822297,3.944080119021237,50350726.0,124858938.0,816.0,0.0,3492.0,14.736491716001183,3.944080119021237,50350726.0,55701103.0,816.0,0.0,3492.0,14.300816230475903,3.944080119021237,50350726.0,55701103.0,816.0,0.0,3492.0,5.2014468759298325,6.345141272991896,4.454419746994972,0.0,0.0,0.0,0.0,4.95369325298816,5.982464496977627,4.163358638994396,0.0,0.00019591674208641052,0.0019356459379196167,0.582122216001153,3.944080119021237,6.345141272991896,4.454419746994972,0.0,0.0010381042957305908,0.0,0.0,3.944080119021237,4.6419543819502,3.2053522784262896,0.03199340145422799,0.0010381042957305908,0.0019356459379196167,2.4981349371373653,3.944080119021237,4.6419543819502,3.2053522784262896,0.4439962492324412,0.0010381042957305908,0.0019356459379196167,2.4981349371373653,3.944080119021237,4.6419543819502,3.2053522784262896,0.0,0.0010381042957305908,0.010256409645080566,2.4981349371373653,0.0,0.0,0.0,0.0,0.0,0.0,0.0,0.0,0.0,0.0,0.0,0.0,10.400445336475968,41976979.0,10.257608627900481,39753457.0,9.735245968215168,41976979.0,9.433900836652702,70612826.0,9.515159639064223,30859369.0,9.418753155507147,30859369.0,0.0,0.0,0.0,0.0,0.0,0.0,0.0,0.0,0.0,0.0,0.0,0.0,5.600562559440732,32004253.0,5.4261615397408605,29404378.0,5.009433275088668,32004253.0,4.890588031570267,54246112.0,5.22133207693696,24841734.0,4.882063074968755,24841734.0,295924.928,142584.084,0.002800768131390214,0.014575112025253469,276631.34,131397.776,0.0027344090305268763,0.014501103770546609,295924.928,142584.084,0.002477791454643011,0.01395682579632848,496480.68,329722.64,0.0024567251427788117,0.01366546549148191,222804.412,219849.34,0.00259359301161021,0.013911552397813642,219849.34,219849.34,0.0024520865269005297,0.013634851427376263,3492
googlelocal,query3,4,inf,16.0010078959167,5.2014468759298325,66063418.0,73981232.0,0.0,0.0,3492.0,15.683770167641342,4.95369325298816,61918211.0,69157835.0,154.0,0.0,3492.0,14.744679243303835,3.944080119021237,50350726.0,73981232.0,816.0,0.0,3492.0,14.32448886822297,3.944080119021237,50350726.0,124858938.0,816.0,0.0,3492.0,14.736491716001183,3.944080119021237,50350726.0,55701103.0,816.0,0.0,3492.0,14.300816230475903,3.944080119021237,50350726.0,55701103.0,816.0,0.0,3492.0,5.2014468759298325,6.345141272991896,4.454419746994972,0.0,0.0,0.0,0.0,4.95369325298816,5.982464496977627,4.163358638994396,0.0,0.00019591674208641052,0.0019356459379196167,0.582122216001153,3.944080119021237,6.345141272991896,4.454419746994972,0.0,0.0010381042957305908,0.0,0.0,3.944080119021237,4.6419543819502,3.2053522784262896,0.03199340145422799,0.0010381042957305908,0.0019356459379196167,2.4981349371373653,3.944080119021237,4.6419543819502,3.2053522784262896,0.4439962492324412,0.0010381042957305908,0.0019356459379196167,2.4981349371373653,3.944080119021237,4.6419543819502,3.2053522784262896,0.0,0.0010381042957305908,0.010256409645080566,2.4981349371373653,0.0,0.0,0.0,0.0,0.0,0.0,0.0,0.0,0.0,0.0,0.0,0.0,10.400445336475968,41976979.0,10.257608627900481,39753457.0,9.735245968215168,41976979.0,9.433900836652702,70612826.0,9.515159639064223,30859369.0,9.418753155507147,30859369.0,0.0,0.0,0.0,0.0,0.0,0.0,0.0,0.0,0.0,0.0,0.0,0.0,5.600562559440732,32004253.0,5.4261615397408605,29404378.0,5.009433275088668,32004253.0,4.890588031570267,54246112.0,5.22133207693696,24841734.0,4.882063074968755,24841734.0,295924.928,142584.084,0.002800768131390214,0.014575112025253469,276631.34,131397.776,0.0027344090305268763,0.014501103770546609,295924.928,142584.084,0.002477791454643011,0.01395682579632848,499435.752,332677.712,0.0024567251427788117,0.01366546549148191,222804.412,222804.412,0.00259359301161021,0.013911552397813642,222804.412,222804.412,0.0024520865269005297,0.013634851427376263,3492
googlelocal,query3,8,1/4,31.926902517676353,10.144882386550307,137138772.0,153706285.0,0.0,0.0,6766.0,31.396168613806367,9.73207619227469,130018343.0,145331120.0,252.0,0.0,6766.0,28.171912223100662,6.3868413884192705,90925904.0,153706285.0,2398.0,0.0,6766.0,26.838070303164866,6.3868413884192705,90925904.0,244969927.0,2398.0,0.0,6766.0,27.648266010452062,6.3868413884192705,90925904.0,99638807.0,2398.0,0.0,6766.0,26.797811404801905,6.3868413884192705,90925904.0,99638807.0,2398.0,0.0,6766.0,10.144882386550307,12.772006606683135,9.010013524442911,0.0,0.0,0.0,0.0,9.73207619227469,12.134058778174222,8.493481417186558,0.0,0.0003205910325050354,0.0031674206256866455,1.0330642145127058,6.3868413884192705,12.772006606683135,9.010013524442911,0.0,0.0030507035553455353,0.0,0.0,6.3868413884192705,7.566795656457543,5.209044164977968,0.06723225019916519,0.0030507035553455353,0.0031674206256866455,7.601938718929887,6.3868413884192705,7.566795656457543,5.209044164977968,0.8774279574863613,0.0030507035553455353,0.0031674206256866455,7.601938718929887,6.3868413884192705,7.566795656457543,5.209044164977968,0.0,0.0030507035553455353,0.030140772461891174,7.601938718929887,0.0,0.0,0.0,0.0,0.0,0.0,0.0,0.0,0.0,0.0,0.0,0.0,21.032313492149115,91212059.0,20.79754671920091,87188543.0,18.934894795529544,91212059.0,17.968374712407048,143523435.0,18.12905185483396,56334892.0,17.93907574377954,56334892.0,0.0,0.0,0.0,0.0,0.0,0.0,0.0,0.0,0.0,0.0,0.0,0.0,10.894589025527239,62494226.0,10.598621894605458,58142577.0,9.237017427571118,62494226.0,8.869695590757818,101446492.0,9.519214155618101,43303915.0,8.858735661022365,43303915.0,614825.14,210017.936,0.0028149844817817213,0.017545795427449044,581324.48,199193.256,0.0027661454621702433,0.017486905899643895,614825.14,210017.936,0.0022662661615759135,0.016276304274424905,975897.368,551001.384,0.0022230939474957388,0.01564249696333684,398555.228,394697.848,0.002361107944510877,0.015884347530547526,394697.848,394697.848,0.0022200854644179343,0.015608131787925954,6766
googlelocal,query3,8,inf,31.926902517676353,10.144882386550307,137138772.0,153706285.0,0.0,0.0,6766.0,31.396168613806367,9.73207619227469,130018343.0,145331120.0,252.0,0.0,6766.0,28.171912223100662,6.3868413884192705,90925904.0,153706285.0,2398.0,0.0,6766.0,26.838070303164866,6.3868413884192705,90925904.0,244969927.0,2398.0,0.0,6766.0,27.648266010452062,6.3868413884192705,90925904.0,99638807.0,2398.0,0.0,6766.0,26.797811404801905,6.3868413884192705,90925904.0,99638807.0,2398.0,0.0,6766.0,10.144882386550307,12.772006606683135,9.010013524442911,0.0,0.0,0.0,0.0,9.73207619227469,12.134058778174222,8.493481417186558,0.0,0.0003205910325050354,0.0031674206256866455,1.0330642145127058,6.3868413884192705,12.772006606683135,9.010013524442911,0.0,0.0030507035553455353,0.0,0.0,6.3868413884192705,7.566795656457543,5.209044164977968,0.06723225019916519,0.0030507035553455353,0.0031674206256866455,7.601938718929887,6.3868413884192705,7.566795656457543,5.209044164977968,0.8774279574863613,0.0030507035553455353,0.0031674206256866455,7.601938718929887,6.3868413884192705,7.566795656457543,5.209044164977968,0.0,0.0030507035553455353,0.030140772461891174,7.601938718929887,0.0,0.0,0.0,0.0,0.0,0.0,0.0,0.0,0.0,0.0,0.0,0.0,21.032313492149115,91212059.0,20.79754671920091,87188543.0,18.934894795529544,91212059.0,17.968374712407048,143523435.0,18.12905185483396,56334892.0,17.93907574377954,56334892.0,0.0,0.0,0.0,0.0,0.0,0.0,0.0,0.0,0.0,0.0,0.0,0.0,10.894589025527239,62494226.0,10.598621894605458,58142577.0,9.237017427571118,62494226.0,8.869695590757818,101446492.0,9.519214155618101,43303915.0,8.858735661022365,43303915.0,614825.14,210017.936,0.0028149844817817213,0.017545795427449044,581324.48,199193.256,0.0027661454621702433,0.017486905899643895,614825.14,210017.936,0.0022662661615759135,0.016276304274424905,979879.708,554227.04,0.0022230939474957388,0.01564249696333684,398555.228,398555.228,0.002361107944510877,0.015884347530547526,398555.228,398555.228,0.0022200854644179343,0.015608131787925954,6766
googlelocal,query4,2,1/4,4.308573165908456,2.0148708736523986,13673555.0,14491305.0,0.0,0.0,1538.0,4.182764308527112,1.9366258196532726,10927966.0,11356317.0,38.0,0.0,1538.0,4.07495357748121,1.7810184750705957,10381845.0,14491305.0,183.0,0.0,1538.0,3.962438258289165,1.7810184750705957,10381845.0,22261173.0,183.0,0.0,1538.0,3.9785992740653455,1.7810184750705957,10381845.0,10904856.0,183.0,0.0,1538.0,3.959007187746465,1.7810184750705957,10381845.0,10904856.0,183.0,0.0,1538.0,2.0148708736523986,1.546342703513801,0.7473595887422562,0.0,0.0,0.0,0.0,1.9366258196532726,1.3588701337575912,0.6079767923802137,0.0,4.834309220314026e-05,0.0004776269197463989,0.27876559272408485,1.7810184750705957,1.546342703513801,0.7473595887422562,0.0,0.0002328101545572281,0.0,0.0,1.7810184750705957,1.2581769423559308,0.5774403680115938,0.005253594315415948,0.0002328101545572281,0.0004776269197463989,0.3398384414613247,1.7810184750705957,1.2581769423559308,0.5774403680115938,0.021414610091596842,0.0002328101545572281,0.0004776269197463989,0.3398384414613247,1.7810184750705957,1.2581769423559308,0.5774403680115938,0.0,0.0002328101545572281,0.002300150692462921,0.3398384414613247,0.0,0.0,0.0,0.0,0.0,0.0,0.0,0.0,0.0,0.0,0.0,0.0,3.599072032608092,14491305.0,3.4822363313287497,11356317.0,3.4567290572449565,14491305.0,3.3915534372839993,22261173.0,3.40771445306018,10904856.0,3.3869282994419336,10904856.0,0.0,0.0,0.0,0.0,0.0,0.0,0.0,0.0,0.0,0.0,0.0,0.0,0.709501133300364,0.0,0.7005279771983624,0.0,0.6182245202362537,0.0,0.5708848210051656,0.0,0.5708848210051656,0.0,0.5720788883045316,0.0,57965.22,51714.172,0.0016301315631717444,0.005534832395985721,45425.268,40378.116,0.0016208866834640503,0.0054667489629238826,57965.22,51714.172,0.0015682960990816355,0.005487499232776461,86636.9,81942.52,0.0015504288785159587,0.005459259536511026,43619.424,41813.58,0.0015504288785159587,0.00549370144503191,41813.58,41813.58,0.001550705399364233,0.005447309763915835,1538
googlelocal,query4,2,inf,4.308573165908456,2.0148708736523986,13673555.0,14491305.0,0.0,0.0,1538.0,4.182764308527112,1.9366258196532726,10927966.0,11356317.0,38.0,0.0,1538.0,4.07495357748121,1.7810184750705957,10381845.0,14491305.0,183.0,0.0,1538.0,3.962438258289165,1.7810184750705957,10381845.0,22261173.0,183.0,0.0,1538.0,3.9785992740653455,1.7810184750705957,10381845.0,10904856.0,183.0,0.0,1538.0,3.959007187746465,1.7810184750705957,10381845.0,10904856.0,183.0,0.0,1538.0,2.0148708736523986,1.546342703513801,0.7473595887422562,0.0,0.0,0.0,0.0,1.9366258196532726,1.3588701337575912,0.6079767923802137,0.0,4.834309220314026e-05,0.0004776269197463989,0.27876559272408485,1.7810184750705957,1.546342703513801,0.7473595887422562,0.0,0.0002328101545572281,0.0,0.0,1.7810184750705957,1.2581769423559308,0.5774403680115938,0.005253594315415948,0.0002328101545572281,0.0004776269197463989,0.3398384414613247,1.7810184750705957,1.2581769423559308,0.5774403680115938,0.021414610091596842,0.0002328101545572281,0.0004776269197463989,0.3398384414613247,1.7810184750705957,1.2581769423559308,0.5774403680115938,0.0,0.0002328101545572281,0.002300150692462921,0.3398384414613247,0.0,0.0,0.0,0.0,0.0,0.0,0.0,0.0,0.0,0.0,0.0,0.0,3.599072032608092,14491305.0,3.4822363313287497,11356317.0,3.4567290572449565,14491305.0,3.3915534372839993,22261173.0,3.40771445306018,10904856.0,3.3869282994419336,10904856.0,0.0,0.0,0.0,0.0,0.0,0.0,0.0,0.0,0.0,0.0,0.0,0.0,0.709501133300364,0.0,0.7005279771983624,0.0,0.6182245202362537,0.0,0.5708848210051656,0.0,0.5708848210051656,0.0,0.5720788883045316,0.0,57965.22,51714.172,0.0016301315631717444,0.005534832395985721,45425.268,40378.116,0.0016208866834640503,0.0054667489629238826,57965.22,51714.172,0.0015682960990816355,0.005487499232776461,89044.692,83146.416,0.0015504288785159587,0.005459259536511026,43619.424,43619.424,0.0015504288785159587,0.00549370144503191,43619.424,43619.424,0.001550705399364233,0.005447309763915835,1538
googlelocal,query4,4,1/4,8.277103868313134,4.142729975283146,21530780.0,22528165.0,0.0,0.0,3161.0,7.910203876905143,3.865770190022886,18548664.0,19251103.0,170.0,0.0,3161.0,7.427432891912758,3.292118852958083,17396870.0,22528165.0,739.0,0.0,3161.0,7.092702991799894,3.292118852958083,17396870.0,37900258.0,739.0,0.0,3161.0,7.130623770877719,3.292118852958083,17396870.0,18649155.0,739.0,0.0,3161.0,7.0909489914774895,3.292118852958083,17396870.0,18649155.0,739.0,0.0,3161.0,4.142729975283146,2.8500713547691703,1.2843025382608175,0.0,0.0,0.0,0.0,3.865770190022886,2.6327271088957787,1.1592515222728252,0.0,0.00021627172827720642,0.0021367520093917847,0.2501020319759846,3.292118852958083,2.8500713547691703,1.2843025382608175,0.0,0.0009401459246873856,0.0,0.0,3.292118852958083,2.338690362870693,1.11869403347373,0.008905834989133088,0.0009401459246873856,0.0021367520093917847,0.3312170095741749,3.292118852958083,2.338690362870693,1.11869403347373,0.04682661406695843,0.0009401459246873856,0.0021367520093917847,0.3312170095741749,3.292118852958083,2.338690362870693,1.11869403347373,0.0,0.0009401459246873856,0.009288586676120758,0.3312170095741749,0.0,0.0,0.0,0.0,0.0,0.0,0.0,0.0,0.0,0.0,0.0,0.0,6.855428507551551,22528165.0,6.5178849902004,19251103.0,6.3617336908355355,22528165.0,6.20313850371677,37900258.0,6.241059282794595,18649155.0,6.196595665067434,18649155.0,0.0,0.0,0.0,0.0,0.0,0.0,0.0,0.0,0.0,0.0,0.0,0.0,1.4216753607615829,0.0,1.392318886704743,0.0,1.0656992010772228,0.0,0.8895644880831242,0.0,0.8895644880831242,0.0,0.8943533264100552,0.0,90112.66,73671.82,0.001638189721852541,0.006526787479594346,77004.412,60649.704,0.0015790675859898328,0.006344883819855747,90112.66,73671.82,0.0014383702799677849,0.006399579109624025,147392.212,130628.528,0.0013689901605248452,0.006295555012480593,74596.62,71309.668,0.0013689901605248452,0.006344434212241318,71309.668,71309.668,0.00137002082914114,0.006284539375826712,3161
googlelocal,query4,4,inf,8.277103868313134,4.142729975283146,21530780.0,22528165.0,0.0,0.0,3161.0,7.910203876905143,3.865770190022886,18548664.0,19251103.0,170.0,0.0,3161.0,7.427432891912758,3.292118852958083,17396870.0,22528165.0,739.0,0.0,3161.0,7.092702991799894,3.292118852958083,17396870.0,37900258.0,739.0,0.0,3161.0,7.130623770877719,3.292118852958083,17396870.0,18649155.0,739.0,0.0,3161.0,7.0909489914774895,3.292118852958083,17396870.0,18649155.0,739.0,0.0,3161.0,4.142729975283146,2.8500713547691703,1.2843025382608175,0.0,0.0,0.0,0.0,3.865770190022886,2.6327271088957787,1.1592515222728252,0.0,0.00021627172827720642,0.0021367520093917847,0.2501020319759846,3.292118852958083,2.8500713547691703,1.2843025382608175,0.0,0.0009401459246873856,0.0,0.0,3.292118852958083,2.338690362870693,1.11869403347373,0.008905834989133088,0.0009401459246873856,0.0021367520093917847,0.3312170095741749,3.292118852958083,2.338690362870693,1.11869403347373,0.04682661406695843,0.0009401459246873856,0.0021367520093917847,0.3312170095741749,3.292118852958083,2.338690362870693,1.11869403347373,0.0,0.0009401459246873856,0.009288586676120758,0.3312170095741749,0.0,0.0,0.0,0.0,0.0,0.0,0.0,0.0,0.0,0.0,0.0,0.0,6.855428507551551,22528165.0,6.5178849902004,19251103.0,6.3617336908355355,22528165.0,6.20313850371677,37900258.0,6.241059282794595,18649155.0,6.196595665067434,18649155.0,0.0,0.0,0.0,0.0,0.0,0.0,0.0,0.0,0.0,0.0,0.0,0.0,1.4216753607615829,0.0,1.392318886704743,0.0,1.0656992010772228,0.0,0.8895644880831242,0.0,0.8895644880831242,0.0,0.8943533264100552,0.0,90112.66,73671.82,0.001638189721852541,0.006526787479594346,77004.412,60649.704,0.0015790675859898328,0.006344883819855747,90112.66,73671.82,0.0014383702799677849,0.006399579109624025,151601.032,132993.612,0.0013689901605248452,0.006295555012480593,74596.62,74596.62,0.0013689901605248452,0.006344434212241318,74596.62,74596.62,0.00137002082914114,0.006284539375826712,3161
googlelocal,query4,8,1/4,15.689179817214608,8.151886138133705,40998754.0,42253617.0,0.0,0.0,6281.0,15.0095120575279,7.6376678720116615,36010393.0,36736076.0,315.0,0.0,6281.0,13.418517222627997,5.878648637793958,31676906.0,42253617.0,2024.0,0.0,6281.0,12.528162365102421,5.878648637793958,31676906.0,70410275.0,2024.0,0.0,6281.0,12.599395925644785,5.878648637793958,31676906.0,33674199.0,2024.0,0.0,6281.0,12.532648374326527,5.878648637793958,31676906.0,33674199.0,2024.0,0.0,6281.0,8.151886138133705,5.281929112970829,2.2553645661100745,0.0,0.0,0.0,0.0,7.6376678720116615,4.884063929319382,2.027308890596032,0.0,0.00040073879063129425,0.003959275782108307,0.45611135102808475,5.878648637793958,5.281929112970829,2.2553645661100745,0.0,0.002574905753135681,0.0,0.0,5.878648637793958,3.9827327858656645,1.8674770053476095,0.016994633035013747,0.002574905753135681,0.003959275782108307,0.77577512152493,5.878648637793958,3.9827327858656645,1.8674770053476095,0.08822819357737899,0.002574905753135681,0.003959275782108307,0.77577512152493,5.878648637793958,3.9827327858656645,1.8674770053476095,0.0,0.002574905753135681,0.025439918041229248,0.77577512152493,0.0,0.0,0.0,0.0,0.0,0.0,0.0,0.0,0.0,0.0,0.0,0.0,12.883750724606216,42253617.0,12.261795146390796,36736076.0,11.609066529199481,42253617.0,11.198997610503087,70410275.0,11.270231171045452,33674199.0,11.189770699478686,33674199.0,0.0,0.0,0.0,0.0,0.0,0.0,0.0,0.0,0.0,0.0,0.0,0.0,2.8054290926083922,0.0,2.747716911137104,0.0,1.8094506934285164,0.0,1.3291647545993328,0.0,1.3291647545993328,0.0,1.3428776748478413,0.0,169014.468,115226.54,0.0016370540726929903,0.005762403506599363,146944.304,96372.584,0.0015370191782712937,0.005573627414926883,169014.468,115226.54,0.0012807220797985792,0.005579339756816622,257034.572,210494.268,0.001124242413789034,0.0054237862374784795,134696.796,118775.984,0.001124242413789034,0.005478139358665791,118775.984,118775.984,0.0011266556866466998,0.0054153317879885405,6281
googlelocal,query4,8,inf,15.689179817214608,8.151886138133705,40998754.0,42253617.0,0.0,0.0,6281.0,15.0095120575279,7.6376678720116615,36010393.0,36736076.0,315.0,0.0,6281.0,13.40177473332733,5.861892154440284,31427098.0,42253617.0,2035.0,0.0,6281.0,12.502430756830822,5.861892154440284,31427098.0,70109301.0,2035.0,0.0,6281.0,12.573664317373186,5.861892154440284,31427098.0,33373225.0,2035.0,0.0,6281.0,12.507055026479065,5.861892154440284,31427098.0,33373225.0,2035.0,0.0,6281.0,8.151886138133705,5.281929112970829,2.2553645661100745,0.0,0.0,0.0,0.0,7.6376678720116615,4.884063929319382,2.027308890596032,0.0,0.00040073879063129425,0.003959275782108307,0.45611135102808475,5.861892154440284,5.281929112970829,2.2553645661100745,0.0,0.0025888998061418533,0.0,0.0,5.861892154440284,3.9533466147258878,1.8470799531787634,0.016994633035013747,0.0025888998061418533,0.003959275782108307,0.8165692258626223,5.861892154440284,3.9533466147258878,1.8470799531787634,0.08822819357737899,0.0025888998061418533,0.003959275782108307,0.8165692258626223,5.861892154440284,3.9533466147258878,1.8470799531787634,0.0,0.0025888998061418533,0.025578178465366364,0.8165692258626223,0.0,0.0,0.0,0.0,0.0,0.0,0.0,0.0,0.0,0.0,0.0,0.0,12.883750724606216,42253617.0,12.261795146390796,36736076.0,11.595638575032353,42253617.0,11.177773012102792,70109301.0,11.249006572645158,33373225.0,11.16863408498466,33373225.0,0.0,0.0,0.0,0.0,0.0,0.0,0.0,0.0,0.0,0.0,0.0,0.0,2.8054290926083922,0.0,2.747716911137104,0.0,1.8061361582949758,0.0,1.3246577447280288,0.0,1.3246577447280288,0.0,1.3384209414944053,0.0,169014.468,115226.54,0.0016370540726929903,0.005762403506599363,146944.304,96372.584,0.0015370191782712937,0.005573627414926883,169014.468,115226.54,0.00128037959523499,0.005579339756816622,280437.204,218649.828,0.0011238999292254449,0.0054237862374784795,133492.9,133492.9,0.0011238999292254449,0.005478139358665791,133492.9,133492.9,0.0011263132020831108,0.0054153317879885405,6281
music_brainz_20k,query1,2,1/4,18.718194764107466,13.61499794293195,25502878.0,30815852.0,0.0,0.0,1454.0,18.57317407708615,13.477233654819429,25499175.0,30815852.0,14.0,0.0,1454.0,17.985117529518902,12.881799850612879,25471329.0,30815852.0,95.0,0.0,1454.0,17.951102240494965,12.881799850612879,25471329.0,61631704.0,95.0,0.0,1454.0,17.96425708848983,12.881799850612879,25471329.0,30815852.0,95.0,0.0,1454.0,17.937864487059414,12.881799850612879,25471329.0,30815852.0,95.0,0.0,1454.0,13.61499794293195,3.256585198454559,1.8466116227209568,0.0,0.0,0.0,0.0,13.477233654819429,3.24913502112031,1.8466116227209568,0.0,1.781061291694641e-05,0.00017596781253814697,0.0,12.881799850612879,3.256585198454559,1.8466116227209568,0.0,0.00012085773050785065,0.0,0.0,12.881799850612879,3.208138088695705,1.8466116227209568,0.014255852922377844,0.00012085773050785065,0.00017596781253814697,0.0,12.881799850612879,3.208138088695705,1.8466116227209568,0.027410700917243958,0.00012085773050785065,0.00017596781253814697,0.0,12.881799850612879,3.208138088695705,1.8466116227209568,0.0,0.00012085773050785065,0.0011940672993659973,0.0,0.0,0.0,0.0,0.0,0.0,0.0,0.0,0.0,0.0,0.0,0.0,0.0,5.0687448075041175,0.0,5.017381279729307,0.0,4.692680724896491,0.0,4.6583985378965735,0.0,4.6583985378965735,0.0,4.659152685664594,0.0,13.649449956603348,30815852.0,13.555792797356844,30815852.0,13.292436804622412,30815852.0,13.292703702598391,61631704.0,13.305858550593257,30815852.0,13.27871180139482,30815852.0,0.0,0.0,0.0,0.0,0.0,0.0,0.0,0.0,0.0,0.0,0.0,0.0,123263.408,72589.656,0.010020697535946966,0.02318846816755831,123263.408,72589.656,0.009995946872979403,0.02318846816755831,123263.408,72589.656,0.009670964682474732,0.02311424572523683,246526.816,194422.028,0.00966479901018888,0.02314496311190209,123263.408,123263.408,0.009665070838294923,0.023171865302789956,123263.408,123263.408,0.009664675749838352,0.02311424572523683,1454
music_brainz_20k,query1,2,inf,18.718194764107466,13.61499794293195,25502878.0,30815852.0,0.0,0.0,1454.0,18.57317407708615,13.477233654819429,25499175.0,30815852.0,14.0,0.0,1454.0,17.985117529518902,12.881799850612879,25471329.0,30815852.0,95.0,0.0,1454.0,17.951102240494965,12.881799850612879,25471329.0,61631704.0,95.0,0.0,1454.0,17.96425708848983,12.881799850612879,25471329.0,30815852.0,95.0,0.0,1454.0,17.937864487059414,12.881799850612879,25471329.0,30815852.0,95.0,0.0,1454.0,13.61499794293195,3.256585198454559,1.8466116227209568,0.0,0.0,0.0,0.0,13.477233654819429,3.24913502112031,1.8466116227209568,0.0,1.781061291694641e-05,0.00017596781253814697,0.0,12.881799850612879,3.256585198454559,1.8466116227209568,0.0,0.00012085773050785065,0.0,0.0,12.881799850612879,3.208138088695705,1.8466116227209568,0.014255852922377844,0.00012085773050785065,0.00017596781253814697,0.0,12.881799850612879,3.208138088695705,1.8466116227209568,0.027410700917243958,0.00012085773050785065,0.00017596781253814697,0.0,12.881799850612879,3.208138088695705,1.8466116227209568,0.0,0.00012085773050785065,0.0011940672993659973,0.0,0.0,0.0,0.0,0.0,0.0,0.0,0.0,0.0,0.0,0.0,0.0,0.0,5.0687448075041175,0.0,5.017381279729307,0.0,4.692680724896491,0.0,4.6583985378965735,0.0,4.6583985378965735,0.0,4.659152685664594,0.0,13.649449956603348,30815852.0,13.555792797356844,30815852.0,13.292436804622412,30815852.0,13.292703702598391,61631704.0,13.305858550593257,30815852.0,13.27871180139482,30815852.0,0.0,0.0,0.0,0.0,0.0,0.0,0.0,0.0,0.0,0.0,0.0,0.0,123263.408,72589.656,0.010020697535946966,0.02318846816755831,123263.408,72589.656,0.009995946872979403,0.02318846816755831,123263.408,72589.656,0.009670964682474732,0.02311424572523683,246526.816,194422.028,0.00966479901018888,0.02314496311190209,123263.408,123263.408,0.009665070838294923,0.023171865302789956,123263.408,123263.408,0.009664675749838352,0.02311424572523683,1454
music_brainz_20k,query1,4,1/4,37.70745551493019,27.333711126819253,52038312.0,62831966.0,0.0,0.0,2936.0,37.48069578688592,27.118790158070624,52031296.0,62831966.0,22.0,0.0,2936.0,34.17622918263078,23.801954292692244,45814392.0,62831966.0,417.0,0.0,2936.0,33.83352311433469,23.801954292692244,45814392.0,118170054.0,417.0,0.0,2936.0,33.85927755199373,23.801954292692244,45814392.0,55338088.0,417.0,0.0,2936.0,33.80942095629871,23.801954292692244,45814392.0,55338088.0,417.0,0.0,2936.0,27.333711126819253,6.623015481978655,3.750728906132281,0.0,0.0,0.0,0.0,27.118790158070624,6.610872213728726,3.750728906132281,0.0,2.798810601234436e-05,0.00027652084827423096,0.0,23.801954292692244,6.623015481978655,3.750728906132281,0.0,0.0005305018275976181,0.0,0.0,23.801954292692244,5.803434449248016,3.3031974267214537,0.029066964175445978,0.0005305018275976181,0.00027652084827423096,0.8950629588216543,23.801954292692244,5.803434449248016,3.3031974267214537,0.054821401834487915,0.0005305018275976181,0.00027652084827423096,0.8950629588216543,23.801954292692244,5.803434449248016,3.3031974267214537,0.0,0.0005305018275976181,0.005241326987743378,0.8950629588216543,0.0,0.0,0.0,0.0,0.0,0.0,0.0,0.0,0.0,0.0,0.0,0.0,10.036572406999767,0.0,9.956279843114316,0.0,8.628668622113764,0.0,8.494660531170666,0.0,8.494660531170666,0.0,8.497689691372216,0.0,27.670883107930422,62831966.0,27.5244159437716,62831966.0,25.547560560517013,62831966.0,25.33886258316402,118170054.0,25.36461702082306,55338088.0,25.311731264926493,55338088.0,0.0,0.0,0.0,0.0,0.0,0.0,0.0,0.0,0.0,0.0,0.0,0.0,251327.864,74283.864,0.009822836086153985,0.02377400246243924,251327.864,74283.864,0.009773514810949563,0.02377400246243924,251327.864,74283.864,0.008687262007966637,0.023736091446317734,471386.576,290593.336,0.008663171820342541,0.02376817913031842,221352.352,220058.712,0.008663171820342541,0.023794967347662895,220058.712,220058.712,0.008663825415074825,0.023736091446317734,2936
music_brainz_20k,query1,4,inf,37.70745551493019,27.333711126819253,52038312.0,62831966.0,0.0,0.0,2936.0,37.48069578688592,27.118790158070624,52031296.0,62831966.0,22.0,0.0,2936.0,34.17622918263078,23.801954292692244,45814392.0,62831966.0,417.0,0.0,2936.0,33.83352311433469,23.801954292692244,45814392.0,118170054.0,417.0,0.0,2936.0,33.85927755199373,23.801954292692244,45814392.0,55338088.0,417.0,0.0,2936.0,33.80942095629871,23.801954292692244,45814392.0,55338088.0,417.0,0.0,2936.0,27.333711126819253,6.623015481978655,3.750728906132281,0.0,0.0,0.0,0.0,27.118790158070624,6.610872213728726,3.750728906132281,0.0,2.798810601234436e-05,0.00027652084827423096,0.0,23.801954292692244,6.623015481978655,3.750728906132281,0.0,0.0005305018275976181,0.0,0.0,23.801954292692244,5.803434449248016,3.3031974267214537,0.029066964175445978,0.0005305018275976181,0.00027652084827423096,0.8950629588216543,23.801954292692244,5.803434449248016,3.3031974267214537,0.054821401834487915,0.0005305018275976181,0.00027652084827423096,0.8950629588216543,23.801954292692244,5.803434449248016,3.3031974267214537,0.0,0.0005305018275976181,0.005241326987743378,0.8950629588216543,0.0,0.0,0.0,0.0,0.0,0.0,0.0,0.0,0.0,0.0,0.0,0.0,10.036572406999767,0.0,9.956279843114316,0.0,8.628668622113764,0.0,8.494660531170666,0.0,8.494660531170666,0.0,8.497689691372216,0.0,27.670883107930422,62831966.0,27.5244159437716,62831966.0,25.547560560517013,62831966.0,25.33886258316402,118170054.0,25.36461702082306,55338088.0,25.311731264926493,55338088.0,0.0,0.0,0.0,0.0,0.0,0.0,0.0,0.0,0.0,0.0,0.0,0.0,251327.864,74283.864,0.009822836086153985,0.02377400246243924,251327.864,74283.864,0.009773514810949563,0.02377400246243924,251327.864,74283.864,0.008687262007966637,0.023736091446317734,472680.216,291886.976,0.008663171820342541,0.02376817913031842,221352.352,221352.352,0.008663171820342541,0.023794967347662895,221352.352,221352.352,0.008663825415074825,0.023736091446317734,2936
music_brainz_20k,query1,8,1/4,75.38809220958501,54.532871251925826,104570830.0,126384507.0,0.0,0.0,5855.0,74.82474358938634,53.99881579820067,104555129.0,126384507.0,55.0,0.0,5855.0,63.79851849284023,42.941618248820305,82566857.0,126384507.0,1320.0,0.0,5855.0,62.62300227140312,42.941618248820305,82566857.0,226193946.0,1320.0,0.0,5855.0,62.676747551653534,42.941618248820305,82566857.0,99809439.0,1320.0,0.0,5855.0,62.580434943549335,42.941618248820305,82566857.0,99809439.0,1320.0,0.0,5855.0,54.532871251925826,13.288720744661987,7.566500212997198,0.0,0.0,0.0,0.0,53.99881579820067,13.258666305802763,7.566500212997198,0.0,6.99702650308609e-05,0.0006913021206855774,0.0,42.941618248820305,13.288720744661987,7.566500212997198,0.0,0.0016792863607406616,0.0,0.0,42.941618248820305,10.466466248035431,5.9789205165579915,0.058467276629548745,0.0016792863607406616,0.0006913021206855774,3.175159392878413,42.941618248820305,10.466466248035431,5.9789205165579915,0.11221255687996745,0.0016792863607406616,0.0006913021206855774,3.175159392878413,42.941618248820305,10.466466248035431,5.9789205165579915,0.0,0.0016792863607406616,0.016591250896453857,3.175159392878413,0.0,0.0,0.0,0.0,0.0,0.0,0.0,0.0,0.0,0.0,0.0,0.0,20.016359771601856,0.0,19.812721204943955,0.0,15.859811305068433,0.0,15.462501958943903,0.0,15.462501958943903,0.0,15.471488886512816,0.0,55.371732437983155,126384507.0,55.01202238444239,126384507.0,47.9387071877718,126384507.0,47.16050031245921,226193946.0,47.21424559270963,99809439.0,47.10894605703652,99809439.0,0.0,0.0,0.0,0.0,0.0,0.0,0.0,0.0,0.0,0.0,0.0,0.0,505538.028,90833.628,0.009460102273151279,0.023975873824954034,505538.028,90833.628,0.009442253278568387,0.023975873824954034,505538.028,90833.628,0.007892301497980952,0.02392838844191283,786927.32,373110.088,0.00783492106013,0.02396085226480948,399237.756,286025.7,0.00783492106013,0.023988120927661654,286025.7,286025.7,0.00783647963218391,0.02392838844191283,5855
music_brainz_20k,query1,8,inf,75.38809220958501,54.532871251925826,104570830.0,126384507.0,0.0,0.0,5855.0,74.82474358938634,53.99881579820067,104555129.0,126384507.0,55.0,0.0,5855.0,63.67305937688798,42.81614641100168,81514495.0,126384507.0,1330.0,0.0,5855.0,62.46574696083788,42.81614641100168,81514495.0,224900306.0,1330.0,0.0,5855.0,62.5194922410883,42.81614641100168,81514495.0,98515799.0,1330.0,0.0,5855.0,62.42330532427877,42.81614641100168,81514495.0,98515799.0,1330.0,0.0,5855.0,54.532871251925826,13.288720744661987,7.566500212997198,0.0,0.0,0.0,0.0,53.99881579820067,13.258666305802763,7.566500212997198,0.0,6.99702650308609e-05,0.0006913021206855774,0.0,42.81614641100168,13.288720744661987,7.566500212997198,0.0,0.001692008227109909,0.0,0.0,42.81614641100168,10.35728775896132,5.90153822209686,0.058467276629548745,0.001692008227109909,0.0006913021206855774,3.3299239818006754,42.81614641100168,10.35728775896132,5.90153822209686,0.11221255687996745,0.001692008227109909,0.0006913021206855774,3.3299239818006754,42.81614641100168,10.35728775896132,5.90153822209686,0.0,0.001692008227109909,0.016716942191123962,3.3299239818006754,0.0,0.0,0.0,0.0,0.0,0.0,0.0,0.0,0.0,0.0,0.0,0.0,20.016359771601856,0.0,19.812721204943955,0.0,15.85256614536047,0.0,15.454628023318946,0.0,15.454628023318946,0.0,15.463627520017326,0.0,55.371732437983155,126384507.0,55.01202238444239,126384507.0,47.82049323152751,126384507.0,47.01111893751894,224900306.0,47.064864217769355,98515799.0,46.959677804261446,98515799.0,0.0,0.0,0.0,0.0,0.0,0.0,0.0,0.0,0.0,0.0,0.0,0.0,505538.028,90833.628,0.009460102273151279,0.023975873824954034,505538.028,90833.628,0.009442253278568387,0.023975873824954034,505538.028,90833.628,0.007890318851917983,0.023927030416764316,899601.224,478185.228,0.00783293841406703,0.023959494239660973,394063.196,394063.196,0.00783293841406703,0.023986762902513146,394063.196,394063.196,0.00783449698612094,0.023927030416764316,5855
music_brainz_20k,query2,2,1/4,17.143849095329642,16.087147383019328,1130789.0,403890.0,0.0,0.0,1862.0,17.105356642976403,16.052322136238217,1128369.0,403890.0,8.0,0.0,1862.0,15.97094967123121,14.91408893559128,1109658.0,403890.0,125.0,0.0,1862.0,15.909794253846362,14.91408893559128,1109658.0,807780.0,125.0,0.0,1862.0,15.91617455566302,14.91408893559128,1109658.0,403890.0,125.0,0.0,1862.0,15.911077996715903,14.91408893559128,1109658.0,403890.0,125.0,0.0,1862.0,16.087147383019328,1.0303645245730877,0.026337187737226486,0.0,0.0,0.0,0.0,16.052322136238217,1.026586588472128,0.026337187737226486,0.0,1.017749309539795e-05,0.00010055303573608398,0.0,14.91408893559128,1.0303645245730877,0.026337187737226486,0.0,0.00015902332961559296,0.0,0.0,14.91408893559128,0.9689217088744044,0.026337187737226486,0.0001868452780996997,0.00015902332961559296,0.00010055303573608398,0.0,14.91408893559128,0.9689217088744044,0.026337187737226486,0.006567147094756365,0.00015902332961559296,0.00010055303573608398,0.0,14.91408893559128,0.9689217088744044,0.026337187737226486,0.0,0.00015902332961559296,0.0015711411833763123,0.0,0.0,0.0,0.0,0.0,0.0,0.0,0.0,0.0,0.0,0.0,0.0,0.0,7.813557926565409,330250.0,7.77506547421217,330250.0,7.550247881561518,330250.0,7.525344138516408,660500.0,7.530616394709796,330250.0,7.525744401849806,330250.0,9.330291168764234,73640.0,9.330291168764234,73640.0,8.420701789669693,73640.0,8.384450115329955,147280.0,8.385558160953224,73640.0,8.385333594866097,73640.0,0.0,0.0,0.0,0.0,0.0,0.0,0.0,0.0,0.0,0.0,0.0,0.0,1615.56,1615.56,0.009168988155201077,0.013913684270530939,1615.56,1615.56,0.009168988155201077,0.013913684270530939,1615.56,1615.56,0.008388967564329506,0.013704987757652998,3231.12,3231.12,0.00837659196550016,0.013705401765783137,1615.56,1615.56,0.008378260443918407,0.013719778115022925,1615.56,1615.56,0.008376874072477222,0.013704987757652998,1862
music_brainz_20k,query2,2,inf,17.143849095329642,16.087147383019328,1130789.0,403890.0,0.0,0.0,1862.0,17.105356642976403,16.052322136238217,1128369.0,403890.0,8.0,0.0,1862.0,15.97094967123121,14.91408893559128,1109658.0,403890.0,125.0,0.0,1862.0,15.909794253846362,14.91408893559128,1109658.0,807780.0,125.0,0.0,1862.0,15.91617455566302,14.91408893559128,1109658.0,403890.0,125.0,0.0,1862.0,15.911077996715903,14.91408893559128,1109658.0,403890.0,125.0,0.0,1862.0,16.087147383019328,1.0303645245730877,0.026337187737226486,0.0,0.0,0.0,0.0,16.052322136238217,1.026586588472128,0.026337187737226486,0.0,1.017749309539795e-05,0.00010055303573608398,0.0,14.91408893559128,1.0303645245730877,0.026337187737226486,0.0,0.00015902332961559296,0.0,0.0,14.91408893559128,0.9689217088744044,0.026337187737226486,0.0001868452780996997,0.00015902332961559296,0.00010055303573608398,0.0,14.91408893559128,0.9689217088744044,0.026337187737226486,0.006567147094756365,0.00015902332961559296,0.00010055303573608398,0.0,14.91408893559128,0.9689217088744044,0.026337187737226486,0.0,0.00015902332961559296,0.0015711411833763123,0.0,0.0,0.0,0.0,0.0,0.0,0.0,0.0,0.0,0.0,0.0,0.0,0.0,7.813557926565409,330250.0,7.77506547421217,330250.0,7.550247881561518,330250.0,7.525344138516408,660500.0,7.530616394709796,330250.0,7.525744401849806,330250.0,9.330291168764234,73640.0,9.330291168764234,73640.0,8.420701789669693,73640.0,8.384450115329955,147280.0,8.385558160953224,73640.0,8.385333594866097,73640.0,0.0,0.0,0.0,0.0,0.0,0.0,0.0,0.0,0.0,0.0,0.0,0.0,1615.56,1615.56,0.009168988155201077,0.013913684270530939,1615.56,1615.56,0.009168988155201077,0.013913684270530939,1615.56,1615.56,0.008388967564329506,0.013704987757652998,3231.12,3231.12,0.00837659196550016,0.013705401765783137,1615.56,1615.56,0.008378260443918407,0.013719778115022925,1615.56,1615.56,0.008376874072477222,0.013704987757652998,1862
music_brainz_20k,query2,4,1/4,32.35312859900296,30.400179211050272,1794146.0,562979.0,0.0,0.0,3530.0,32.30978652462363,30.360981170088053,1791236.0,562979.0,9.0,0.0,3530.0,27.66210792399943,25.708533892408013,1714597.0,562979.0,491.0,0.0,3530.0,27.42059106714735,25.708533892408013,1714597.0,1125958.0,491.0,0.0,3530.0,27.42918199719861,25.708533892408013,1714597.0,562979.0,491.0,0.0,3530.0,27.426388945430517,25.708533892408013,1714597.0,562979.0,491.0,0.0,3530.0,30.400179211050272,1.9166626427322626,0.036286745220422745,0.0,0.0,0.0,0.0,30.360981170088053,1.9123940374702215,0.036286745220422745,0.0,1.1449679732322693e-05,0.00011312216520309448,0.0,25.708533892408013,1.9166626427322626,0.036286745220422745,0.0,0.0006246436387300491,0.0,0.0,25.708533892408013,1.674772221595049,0.036286745220422745,0.00026044211993188945,0.0006246436387300491,0.00011312216520309448,0.0,25.708533892408013,1.674772221595049,0.036286745220422745,0.008851372171193361,0.0006246436387300491,0.00011312216520309448,0.0,25.708533892408013,1.674772221595049,0.036286745220422745,0.0,0.0006246436387300491,0.0061714425683021545,0.0,0.0,0.0,0.0,0.0,0.0,0.0,0.0,0.0,0.0,0.0,0.0,0.0,15.1590207060799,470929.0,15.115678631700575,470929.0,14.157547620125115,470929.0,14.062515034114622,941858.0,14.069720907136798,470929.0,14.064635033719242,470929.0,17.194107892923057,92050.0,17.194107892923057,92050.0,13.504560303874314,92050.0,13.358076033032729,184100.0,13.359461090061814,92050.0,13.361753911711276,92050.0,0.0,0.0,0.0,0.0,0.0,0.0,0.0,0.0,0.0,0.0,0.0,0.0,2251.916,2073.256,0.009053755532950163,0.01411445699762553,2251.916,2073.256,0.009053755532950163,0.01411445699762553,2251.916,2073.256,0.007419030278921128,0.013844781692698597,4503.832,4292.124,0.007377980668517318,0.01384522922102614,2251.916,2251.916,0.007378531427122652,0.013860086000710726,2251.916,2251.916,0.007379041315987706,0.013844781692698597,3530
music_brainz_20k,query2,4,inf,32.35312859900296,30.400179211050272,1794146.0,562979.0,0.0,0.0,3530.0,32.30978652462363,30.360981170088053,1791236.0,562979.0,9.0,0.0,3530.0,27.66210792399943,25.708533892408013,1714597.0,562979.0,491.0,0.0,3530.0,27.42059106714735,25.708533892408013,1714597.0,1125958.0,491.0,0.0,3530.0,27.42918199719861,25.708533892408013,1714597.0,562979.0,491.0,0.0,3530.0,27.426388945430517,25.708533892408013,1714597.0,562979.0,491.0,0.0,3530.0,30.400179211050272,1.9166626427322626,0.036286745220422745,0.0,0.0,0.0,0.0,30.360981170088053,1.9123940374702215,0.036286745220422745,0.0,1.1449679732322693e-05,0.00011312216520309448,0.0,25.708533892408013,1.9166626427322626,0.036286745220422745,0.0,0.0006246436387300491,0.0,0.0,25.708533892408013,1.674772221595049,0.036286745220422745,0.00026044211993188945,0.0006246436387300491,0.00011312216520309448,0.0,25.708533892408013,1.674772221595049,0.036286745220422745,0.008851372171193361,0.0006246436387300491,0.00011312216520309448,0.0,25.708533892408013,1.674772221595049,0.036286745220422745,0.0,0.0006246436387300491,0.0061714425683021545,0.0,0.0,0.0,0.0,0.0,0.0,0.0,0.0,0.0,0.0,0.0,0.0,0.0,15.1590207060799,470929.0,15.115678631700575,470929.0,14.157547620125115,470929.0,14.062515034114622,941858.0,14.069720907136798,470929.0,14.064635033719242,470929.0,17.194107892923057,92050.0,17.194107892923057,92050.0,13.504560303874314,92050.0,13.358076033032729,184100.0,13.359461090061814,92050.0,13.361753911711276,92050.0,0.0,0.0,0.0,0.0,0.0,0.0,0.0,0.0,0.0,0.0,0.0,0.0,2251.916,2073.256,0.009053755532950163,0.01411445699762553,2251.916,2073.256,0.009053755532950163,0.01411445699762553,2251.916,2073.256,0.007419030278921128,0.013844781692698597,4503.832,4292.124,0.007377980668517318,0.01384522922102614,2251.916,2251.916,0.007378531427122652,0.013860086000710726,2251.916,2251.916,0.007379041315987706,0.013844781692698597,3530
music_brainz_20k,query2,8,1/4,66.95802506990731,62.940547693520784,3878324.0,1179520.0,0.0,0.0,7266.0,66.85224695689976,62.84481754153967,3872044.0,1179520.0,22.0,0.0,7266.0,51.57270418293774,47.5531175211072,3557603.0,1179520.0,1658.0,0.0,7266.0,50.745318714486956,47.5531175211072,3557603.0,2359040.0,1658.0,0.0,7266.0,50.76276132417843,47.5531175211072,3557603.0,1179520.0,1658.0,0.0,7266.0,50.765336147509515,47.5531175211072,3557603.0,1179520.0,1658.0,0.0,7266.0,62.940547693520784,3.943257532082498,0.07421984430402517,0.0,0.0,0.0,0.0,62.84481754153967,3.9329050621017814,0.07421984430402517,0.0,2.798810601234436e-05,0.00027652084827423096,0.0,47.5531175211072,3.943257532082498,0.07421984430402517,0.0,0.002109285444021225,0.0,0.0,47.5531175211072,3.1150498799979687,0.07421984430402517,0.0005456627854716823,0.002109285444021225,0.00027652084827423096,0.0,47.5531175211072,3.1150498799979687,0.07421984430402517,0.017988272476941347,0.002109285444021225,0.00027652084827423096,0.0,47.5531175211072,3.1150498799979687,0.07421984430402517,0.0,0.002109285444021225,0.020839616656303406,0.0,0.0,0.0,0.0,0.0,0.0,0.0,0.0,0.0,0.0,0.0,0.0,0.0,31.024551208131015,1069060.0,30.91877309512347,1069060.0,27.181042559444904,1069060.0,26.818026653814563,2138120.0,26.83380719507113,1069060.0,26.82648131158203,1069060.0,35.93347386177629,110460.0,35.93347386177629,110460.0,24.391661623492837,110460.0,23.927292060672393,220920.0,23.928954129107296,110460.0,23.938854835927486,110460.0,0.0,0.0,0.0,0.0,0.0,0.0,0.0,0.0,0.0,0.0,0.0,0.0,4718.08,3637.884,0.008964164674282075,0.014404396559111774,4718.08,3637.884,0.008964164674282075,0.014404396559111774,4718.08,3637.884,0.006678787048906088,0.01423414163533598,9348.408,8183.616,0.0065879693664610385,0.014234659085867676,4718.08,4663.376,0.0065879693664610385,0.01425088384654373,4663.376,4663.376,0.006590357501059771,0.01423414163533598,7266
music_brainz_20k,query2,8,inf,66.95802506990731,62.940547693520784,3878324.0,1179520.0,0.0,0.0,7266.0,66.85224695689976,62.84481754153967,3872044.0,1179520.0,22.0,0.0,7266.0,51.57270418293774,47.5531175211072,3557603.0,1179520.0,1658.0,0.0,7266.0,50.745318714486956,47.5531175211072,3557603.0,2359040.0,1658.0,0.0,7266.0,50.76276132417843,47.5531175211072,3557603.0,1179520.0,1658.0,0.0,7266.0,50.765336147509515,47.5531175211072,3557603.0,1179520.0,1658.0,0.0,7266.0,62.940547693520784,3.943257532082498,0.07421984430402517,0.0,0.0,0.0,0.0,62.84481754153967,3.9329050621017814,0.07421984430402517,0.0,2.798810601234436e-05,0.00027652084827423096,0.0,47.5531175211072,3.943257532082498,0.07421984430402517,0.0,0.002109285444021225,0.0,0.0,47.5531175211072,3.1150498799979687,0.07421984430402517,0.0005456627854716823,0.002109285444021225,0.00027652084827423096,0.0,47.5531175211072,3.1150498799979687,0.07421984430402517,0.017988272476941347,0.002109285444021225,0.00027652084827423096,0.0,47.5531175211072,3.1150498799979687,0.07421984430402517,0.0,0.002109285444021225,0.020839616656303406,0.0,0.0,0.0,0.0,0.0,0.0,0.0,0.0,0.0,0.0,0.0,0.0,0.0,31.024551208131015,1069060.0,30.91877309512347,1069060.0,27.181042559444904,1069060.0,26.818026653814563,2138120.0,26.83380719507113,1069060.0,26.82648131158203,1069060.0,35.93347386177629,110460.0,35.93347386177629,110460.0,24.391661623492837,110460.0,23.927292060672393,220920.0,23.928954129107296,110460.0,23.938854835927486,110460.0,0.0,0.0,0.0,0.0,0.0,0.0,0.0,0.0,0.0,0.0,0.0,0.0,4718.08,3637.884,0.008964164674282075,0.014404396559111774,4718.08,3637.884,0.008964164674282075,0.014404396559111774,4718.08,3637.884,0.006678787048906088,0.01423414163533598,9436.16,8205.272,0.0065879693664610385,0.014234659085867676,4718.08,4718.08,0.0065879693664610385,0.01425088384654373,4718.08,4718.08,0.006590357501059771,0.01423414163533598,7266
music_brainz_20k,query3,2,1/4,540.3304083077237,32.71000594459474,3269504092.0,3945253507.0,0.0,0.0,1340.0,537.0848277006298,31.53025414980948,3174942662.0,3833065602.0,34.0,0.0,1340.0,534.4615025036037,26.840878779999912,2578994766.0,3945253507.0,174.0,0.0,1340.0,519.3987613993187,26.840878779999912,2578994766.0,6944707300.0,174.0,0.0,1340.0,517.8605202031322,26.840878779999912,2578994766.0,3111641698.0,174.0,0.0,1340.0,516.4075675737113,26.603997462429106,2542411461.0,3067392721.0,180.0,6.0,1340.0,32.71000594459474,293.3392122704536,214.2811900926754,0.0,0.0,0.0,0.0,31.53025414980948,285.6332036340609,208.64148087333888,0.0,4.3254345655441284e-05,0.00042735040187835693,11.27941843867302,26.840878779999912,293.3392122704536,214.2811900926754,0.0,0.0002213604748249054,0.0,0.0,26.840878779999912,231.22769782692194,169.0060749547556,1.7732308509249617,0.0002213604748249054,0.00042735040187835693,90.55023027583957,26.840878779999912,231.22769782692194,169.0060749547556,0.234989654738456,0.0002213604748249054,0.00042735040187835693,90.55023027583957,26.603997462429106,227.84500866010785,166.60631017107517,0.0,0.00022899359464645386,0.0022624433040618896,95.34975984320045,0.0,0.0,0.0,0.0,0.0,0.0,0.0,0.0,0.0,0.0,0.0,0.0,260.66501494683325,2066252373.0,257.63364885374904,1964710379.0,256.0753209358081,2066252373.0,248.7198341406306,3599367028.0,247.9522675066255,1634656649.0,247.319174522534,1618258826.0,279.66539336089045,1879001134.0,279.4511788468808,1868355223.0,278.3861815677956,1879001134.0,270.6789272586881,3345340272.0,269.9082526965067,1476985049.0,269.08839305117726,1449133895.0,0.0,0.0,0.0,0.0,0.0,0.0,0.0,0.0,0.0,0.0,0.0,0.0,15781014.028,9745722.128,0.43527907848730685,0.7944527590170501,15332262.408,9296970.508,0.43376851779036224,0.7944285031661391,15781014.028,9745722.128,0.42989571928977965,0.7927831817304715,27164625.336,20565632.704,0.4136791180299758,0.7862654899477601,12446566.792,11963545.512,0.4124292318644002,0.7839074499506502,11948274.404,11948274.404,0.41187851085886357,0.7836124848635866,1340
music_brainz_20k,query3,2,inf,540.3304083077237,32.71000594459474,3269504092.0,3945253507.0,0.0,0.0,1340.0,537.0848277006298,31.53025414980948,3174942662.0,3833065602.0,34.0,0.0,1340.0,534.2246288191527,26.603997462429106,2542411461.0,3945253507.0,180.0,0.0,1340.0,518.178963331734,26.603997462429106,2542411461.0,6900458323.0,180.0,0.0,1340.0,516.6407221355475,26.603997462429106,2542411461.0,3067392721.0,180.0,0.0,1340.0,516.4075675737113,26.603997462429106,2542411461.0,3067392721.0,180.0,0.0,1340.0,32.71000594459474,293.3392122704536,214.2811900926754,0.0,0.0,0.0,0.0,31.53025414980948,285.6332036340609,208.64148087333888,0.0,4.3254345655441284e-05,0.00042735040187835693,11.27941843867302,26.603997462429106,293.3392122704536,214.2811900926754,0.0,0.00022899359464645386,0.0,0.0,26.603997462429106,227.84500866010785,166.60631017107517,1.7732308509249617,0.00022899359464645386,0.00042735040187835693,95.34975984320045,26.603997462429106,227.84500866010785,166.60631017107517,0.234989654738456,0.00022899359464645386,0.00042735040187835693,95.34975984320045,26.603997462429106,227.84500866010785,166.60631017107517,0.0,0.00022899359464645386,0.0022624433040618896,95.34975984320045,0.0,0.0,0.0,0.0,0.0,0.0,0.0,0.0,0.0,0.0,0.0,0.0,260.66501494683325,2066252373.0,257.63364885374904,1964710379.0,255.9104536306113,2066252373.0,248.2270343453979,3582969205.0,247.4594677113928,1618258826.0,247.319174522534,1618258826.0,279.66539336089045,1879001134.0,279.4511788468808,1868355223.0,278.3141751885414,1879001134.0,269.95192898633616,3317489118.0,269.18125442415476,1449133895.0,269.08839305117726,1449133895.0,0.0,0.0,0.0,0.0,0.0,0.0,0.0,0.0,0.0,0.0,0.0,0.0,15781014.028,9745722.128,0.43527907848730685,0.7944527590170501,15332262.408,9296970.508,0.43376851779036224,0.7944285031661391,15781014.028,9745722.128,0.4297858077529818,0.7927711381118744,27601833.292,21002840.66,0.413350584833154,0.786253446329163,12269570.884,12269570.884,0.4121006986675784,0.7838954063320531,12269570.884,12269570.884,0.41187851085886357,0.7836124848635866,1340
music_brainz_20k,query3,4,1/4,1048.3992674117908,61.80642973072827,6327401384.0,7641968803.0,0.0,0.0,2548.0,1044.2164099579677,60.25772436428815,6203123973.0,7493176748.0,55.0,0.0,2548.0,1026.4122143294662,39.81851283367723,3676479650.0,7641968803.0,679.0,0.0,2548.0,965.3218509815905,39.86185957957059,3681130595.0,11933874352.0,679.0,0.0,2548.0,962.3168139448389,39.86185957957059,3681130595.0,4440697604.0,679.0,0.0,2548.0,961.3738084388897,39.711051773279905,3667165396.0,4424299781.0,683.0,5.0,2548.0,61.80642973072827,569.7694680485874,416.8233696324751,0.0,0.0,0.0,0.0,60.25772436428815,559.2711158944294,408.9599308380857,0.0,6.99702650308609e-05,0.0006913021206855774,15.726877588778734,39.81851283367723,569.7694680485874,416.8233696324751,0.0,0.0008638147264719009,0.0,0.0,39.86185957957059,329.54855205118656,241.2033055331558,3.4664505021918424,0.0008638147264719009,0.0006913021206855774,351.24012819863856,39.86185957957059,329.54855205118656,241.2033055331558,0.4614134654402733,0.0008638147264719009,0.0006913021206855774,351.24012819863856,39.711051773279905,328.43897056300193,240.4324067812413,0.0,0.0008689034730195999,0.00858471542596817,352.78192570246756,0.0,0.0,0.0,0.0,0.0,0.0,0.0,0.0,0.0,0.0,0.0,0.0,493.49240832123905,3915318066.0,489.86658852826804,3794915107.0,476.884856169112,3915318066.0,449.37903804149335,6167144635.0,447.8987052757293,2372229528.0,447.13122498150915,2355831705.0,554.9068590905517,3726650737.0,554.3498214296997,3698261641.0,549.5273581603542,3726650737.0,515.9428129400972,5766729717.0,514.4181086691096,2068468076.0,514.2425834573805,2068468076.0,0.0,0.0,0.0,0.0,0.0,0.0,0.0,0.0,0.0,0.0,0.0,0.0,30567875.212,10223372.644,0.4267870268821716,0.8501110801989211,29972706.992,9711606.884,0.4257369538396597,0.8501110801989211,30567875.212,10223372.644,0.4131665131356567,0.8462296370949596,44788086.676,23924439.388,0.38530741947708363,0.8237946934280383,17762790.416,15247163.704,0.3840898590339348,0.8212608905050903,15272877.192,15244211.06,0.3835301301758736,0.820970461888425,2548
music_brainz_20k,query3,4,inf,1048.3992674117908,61.80642973072827,6327401384.0,7641968803.0,0.0,0.0,2548.0,1044.2164099579677,60.25772436428815,6203123973.0,7493176748.0,55.0,0.0,2548.0,1025.1516911257058,38.557936198078096,3487801756.0,7641968803.0,721.0,0.0,2548.0,958.824442275827,38.557936198078096,3487801756.0,11699996993.0,721.0,0.0,2548.0,955.8194052390754,38.557936198078096,3487801756.0,4206820245.0,721.0,0.0,2548.0,955.3663628138602,38.557936198078096,3487801756.0,4206820245.0,721.0,0.0,2548.0,61.80642973072827,569.7694680485874,416.8233696324751,0.0,0.0,0.0,0.0,60.25772436428815,559.2711158944294,408.9599308380857,0.0,6.99702650308609e-05,0.0006913021206855774,15.726877588778734,38.557936198078096,569.7694680485874,416.8233696324751,0.0,0.0009172465652227402,0.0,0.0,38.557936198078096,311.6497217975557,228.4980140356347,3.4664505021918424,0.0009172465652227402,0.0006913021206855774,376.65071119368076,38.557936198078096,311.6497217975557,228.4980140356347,0.4614134654402733,0.0009172465652227402,0.0006913021206855774,376.65071119368076,38.557936198078096,311.6497217975557,228.4980140356347,0.0,0.0009172465652227402,0.009062342345714569,376.65071119368076,0.0,0.0,0.0,0.0,0.0,0.0,0.0,0.0,0.0,0.0,0.0,0.0,493.49240832123905,3915318066.0,489.86658852826804,3794915107.0,476.0709269391373,3915318066.0,446.8049450107277,6081806764.0,445.32461224496365,2286891657.0,445.0541519615799,2286891657.0,554.9068590905517,3726650737.0,554.3498214296997,3698261641.0,549.0807641865686,3726650737.0,512.0194972650993,5618190229.0,510.4947929941118,1919928588.0,510.31221085228026,1919928588.0,0.0,0.0,0.0,0.0,0.0,0.0,0.0,0.0,0.0,0.0,0.0,0.0,30567875.212,10223372.644,0.4267870268821716,0.8501110801989211,29972706.992,9711606.884,0.4257369538396597,0.8501110801989211,30567875.212,10223372.644,0.41304325037822126,0.845970917936042,46799987.972,25686723.444,0.3849655350596242,0.8219235589565176,16827280.98,16827280.98,0.3837479746164754,0.8193897560335694,16827280.98,16827280.98,0.38351677895523606,0.8191060956716536,2548
music_brainz_20k,query3,8,1/4,2003.695174147375,122.30067883990705,12097449749.0,14604368295.0,0.0,0.0,5192.0,1998.426803354174,120.36812867224216,11936176693.0,14409757631.0,73.0,0.0,5192.0,1946.2002417892218,64.8034590901807,5519767305.0,14604368295.0,1798.0,0.0,5192.0,1794.561403662029,64.75623510219157,5512222571.0,21057456683.0,1801.0,0.0,5192.0,1788.8023670171387,64.75623510219157,5512222571.0,6647699052.0,1801.0,0.0,5192.0,1786.5365888401866,64.37863753736019,5472112552.0,6600153747.0,1808.0,7.0,5192.0,122.30067883990705,1085.9006989337504,795.4937963737175,0.0,0.0,0.0,0.0,120.36812867224216,1071.8593744840473,784.7893029656261,0.0,9.286962449550629e-05,0.0009175464510917664,21.408986816182733,64.8034590901807,1085.9006989337504,795.4937963737175,0.0,0.002287391573190689,0.0,0.0,64.75623510219157,492.9754768330604,360.8272693036124,6.666159528370261,0.0022912081331014633,0.0009175464510917664,869.3330541402102,64.75623510219157,492.9754768330604,360.8272693036124,0.9071228834800422,0.0022912081331014633,0.0009175464510917664,869.3330541402102,64.37863753736019,489.6310496525839,358.4857161967084,0.0,0.0023001134395599365,0.02272498607635498,874.0161603540182,0.0,0.0,0.0,0.0,0.0,0.0,0.0,0.0,0.0,0.0,0.0,0.0,966.7111299671233,7664458112.0,962.4144244417548,7523077003.0,922.5118174683303,7664458112.0,848.1267302023386,11077381650.0,845.1969456588849,3554304647.0,843.5067601399496,3516043060.0,1036.9840441802517,6939910183.0,1036.012378912419,6886680628.0,1023.6884243208915,6939910183.0,946.4346734596902,9980075033.0,943.6054213582538,3093394405.0,943.029828700237,3084110687.0,0.0,0.0,0.0,0.0,0.0,0.0,0.0,0.0,0.0,0.0,0.0,0.0,58417473.18,10816801.004,0.38894762023165824,0.8648413735557346,57639030.524,10244408.9,0.3889423042573035,0.8648413735557346,58417473.18,10816801.004,0.37003592354245485,0.8577599878674372,75819978.28,28064259.008,0.33903694850642185,0.8234533725347407,26590796.208,18925128.836,0.3379218241525814,0.8208776289142666,19070409.728,18917175.428,0.3377022146936506,0.8207337513376026,5192
music_brainz_20k,query3,8,inf,2003.695174147375,122.30067883990705,12097449749.0,14604368295.0,0.0,0.0,5192.0,1998.426803354174,120.36812867224216,11936176693.0,14409757631.0,73.0,0.0,5192.0,1939.4985892698169,58.101513967849314,4628223499.0,14604368295.0,2028.0,0.0,5192.0,1764.7327658823388,58.101513967849314,4628223499.0,19989310953.0,2028.0,0.0,5192.0,1758.9737292374484,58.101513967849314,4628223499.0,5579553322.0,2028.0,0.0,5192.0,1758.0911790020764,58.101513967849314,4628223499.0,5579553322.0,2028.0,0.0,5192.0,122.30067883990705,1085.9006989337504,795.4937963737175,0.0,0.0,0.0,0.0,120.36812867224216,1071.8593744840473,784.7893029656261,0.0,9.286962449550629e-05,0.0009175464510917664,21.408986816182733,58.101513967849314,1085.9006989337504,795.4937963737175,0.0,0.00257999449968338,0.0,0.0,58.101513967849314,411.9726995686069,302.9986974708736,6.666159528370261,0.00257999449968338,0.0009175464510917664,984.9901978056878,58.101513967849314,411.9726995686069,302.9986974708736,0.9071228834800422,0.00257999449968338,0.0009175464510917664,984.9901978056878,58.101513967849314,411.9726995686069,302.9986974708736,0.0,0.00257999449968338,0.02549019455909729,984.9901978056878,0.0,0.0,0.0,0.0,0.0,0.0,0.0,0.0,0.0,0.0,0.0,0.0,966.7111299671233,7664458112.0,962.4144244417548,7523077003.0,918.0744529208168,7664458112.0,835.1251468803873,10645737804.0,832.1953623369336,3122660801.0,831.6593437306583,3122660801.0,1036.9840441802517,6939910183.0,1036.012378912419,6886680628.0,1021.424136349,6939910183.0,929.6076190019512,9343573149.0,926.7783669005148,2456892521.0,926.4318352714181,2456892521.0,0.0,0.0,0.0,0.0,0.0,0.0,0.0,0.0,0.0,0.0,0.0,0.0,58417473.18,10816801.004,0.38894762023165824,0.8648413735557346,57639030.524,10244408.9,0.3889423042573035,0.8648413735557346,58417473.18,10816801.004,0.36966176494397224,0.8552064923802389,79957243.812,31629737.64,0.33827142536651117,0.8002026992451438,22318213.288,22318213.288,0.3371598489014432,0.7976269556246697,22318213.288,22318213.288,0.3369402645807713,0.7973451404109596,5192
stockindex,query1,2,1/4,276.7396615119651,27.625645733438432,1528564386.0,1843321558.0,0.0,0.0,1176.0,274.4365707254037,27.37237786874175,1467858814.0,1771115091.0,10.0,0.0,1176.0,276.33498537912965,27.220890725031495,1457637594.0,1843321558.0,62.0,0.0,1176.0,274.75264392649694,27.220890725031495,1457637594.0,3529874376.0,62.0,0.0,1176.0,274.03009484661743,27.220890725031495,1457637594.0,1758759285.0,62.0,0.0,1176.0,273.9339544037357,27.220890725031495,1457637594.0,1758759285.0,62.0,0.0,1176.0,27.625645733438432,150.2669490687549,98.84706670977175,0.0,0.0,0.0,0.0,27.37237786874175,144.6348190875724,95.26489806361496,0.0,1.2721866369247437e-05,0.00012569129467010498,7.164337292313576,27.220890725031495,150.2669490687549,98.84706670977175,0.0,7.88755714893341e-05,0.0,0.0,27.220890725031495,143.60048340074718,94.58241130318493,0.81934311749355,7.88755714893341e-05,0.00012569129467010498,8.529310813173652,27.220890725031495,143.60048340074718,94.58241130318493,0.09679403761401772,7.88755714893341e-05,0.00012569129467010498,8.529310813173652,27.220890725031495,143.60048340074718,94.58241130318493,0.0,7.88755714893341e-05,0.0007792860269546509,8.529310813173652,0.0,0.0,0.0,0.0,0.0,0.0,0.0,0.0,0.0,0.0,0.0,0.0,0.3427423117682338,0.0,0.33951619267463684,0.0,0.30918403156101704,0.0,0.2915553990751505,0.0,0.2915553990751505,0.0,0.292133579030633,0.0,276.39691920019686,1843321558.0,274.0970545327291,1771115091.0,276.02580134756863,1843321558.0,274.4610885274218,3529874376.0,273.7385394475423,1758759285.0,273.64182082470506,1758759285.0,0.0,0.0,0.0,0.0,0.0,0.0,0.0,0.0,0.0,0.0,0.0,0.0,7373286.232,5649560.804,0.1154412861696508,0.6158784538849693,7084460.364,5360734.936,0.11521209145608137,0.6149403436459135,7373286.232,5649560.804,0.11524268023924057,0.6155832117784348,14119497.504,11953026.248,0.11505432038042666,0.6165514031082132,7035037.14,7035037.14,0.11481311516256547,0.6147957707117553,7035037.14,7035037.14,0.11475181722654457,0.6146080837936615,1176
stockindex,query1,2,inf,276.7396615119651,27.625645733438432,1528564386.0,1843321558.0,0.0,0.0,1176.0,274.4365707254037,27.37237786874175,1467858814.0,1771115091.0,10.0,0.0,1176.0,276.33498537912965,27.220890725031495,1457637594.0,1843321558.0,62.0,0.0,1176.0,274.75264392649694,27.220890725031495,1457637594.0,3529874376.0,62.0,0.0,1176.0,274.03009484661743,27.220890725031495,1457637594.0,1758759285.0,62.0,0.0,1176.0,273.9339544037357,27.220890725031495,1457637594.0,1758759285.0,62.0,0.0,1176.0,27.625645733438432,150.2669490687549,98.84706670977175,0.0,0.0,0.0,0.0,27.37237786874175,144.6348190875724,95.26489806361496,0.0,1.2721866369247437e-05,0.00012569129467010498,7.164337292313576,27.220890725031495,150.2669490687549,98.84706670977175,0.0,7.88755714893341e-05,0.0,0.0,27.220890725031495,143.60048340074718,94.58241130318493,0.81934311749355,7.88755714893341e-05,0.00012569129467010498,8.529310813173652,27.220890725031495,143.60048340074718,94.58241130318493,0.09679403761401772,7.88755714893341e-05,0.00012569129467010498,8.529310813173652,27.220890725031495,143.60048340074718,94.58241130318493,0.0,7.88755714893341e-05,0.0007792860269546509,8.529310813173652,0.0,0.0,0.0,0.0,0.0,0.0,0.0,0.0,0.0,0.0,0.0,0.0,0.3427423117682338,0.0,0.33951619267463684,0.0,0.30918403156101704,0.0,0.2915553990751505,0.0,0.2915553990751505,0.0,0.292133579030633,0.0,276.39691920019686,1843321558.0,274.0970545327291,1771115091.0,276.02580134756863,1843321558.0,274.4610885274218,3529874376.0,273.7385394475423,1758759285.0,273.64182082470506,1758759285.0,0.0,0.0,0.0,0.0,0.0,0.0,0.0,0.0,0.0,0.0,0.0,0.0,7373286.232,5649560.804,0.1154412861696508,0.6158784538849693,7084460.364,5360734.936,0.11521209145608137,0.6149403436459135,7373286.232,5649560.804,0.11524268023924057,0.6155832117784348,14119497.504,11953026.248,0.11505432038042666,0.6165514031082132,7035037.14,7035037.14,0.11481311516256547,0.6147957707117553,7035037.14,7035037.14,0.11475181722654457,0.6146080837936615,1176
stockindex,query1,4,1/4,553.1945411320776,60.595303904265165,3013810324.0,3635917299.0,0.0,0.0,2470.0,551.3928230172023,60.34574690461159,2967516925.0,3580731954.0,9.0,0.0,2470.0,552.0974564375356,59.497866814024746,2922261701.0,3635917299.0,277.0,0.0,2470.0,550.638210448762,59.497866814024746,2922261701.0,7106783209.0,277.0,0.0,2470.0,549.1824390231632,59.497866814024746,2922261701.0,3526051255.0,277.0,0.0,2470.0,548.9850812712684,59.497866814024746,2922261701.0,3526051255.0,277.0,0.0,2470.0,60.595303904265165,297.18137099407613,195.41786623373628,0.0,0.0,0.0,0.0,60.34574690461159,292.85787464585155,192.6466555725783,0.0,1.1449679732322693e-05,0.00011312216520309448,5.542421322315931,59.497866814024746,297.18137099407613,195.41786623373628,0.0,0.000352395698428154,0.0,0.0,59.497866814024746,288.25412896089256,189.60648101568222,1.6564977041907725,0.000352395698428154,0.00011312216520309448,11.622770436108112,59.497866814024746,288.25412896089256,189.60648101568222,0.20072627859190106,0.000352395698428154,0.00011312216520309448,11.622770436108112,59.497866814024746,288.25412896089256,189.60648101568222,0.0,0.000352395698428154,0.003481648862361908,11.622770436108112,0.0,0.0,0.0,0.0,0.0,0.0,0.0,0.0,0.0,0.0,0.0,0.0,0.6996619049459696,0.0,0.6975111588835716,0.0,0.5446438295766711,0.0,0.4637555908411741,0.0,0.4637555908411741,0.0,0.46664649061858654,0.0,552.4948792271316,3635917299.0,550.6953118583187,3580731954.0,551.5528126079589,3635917299.0,550.1744548579209,7106783209.0,548.718683432322,3526051255.0,548.5184347806498,3526051255.0,0.0,0.0,0.0,0.0,0.0,0.0,0.0,0.0,0.0,0.0,0.0,0.0,14543669.196,8227338.868,0.06900385447219014,0.8109441633587701,14322927.816,8033110.208,0.06900385447219014,0.8105061831409109,14543669.196,8227338.868,0.06878626811131835,0.8106567972978574,28427132.836,20789499.48,0.06814922388336998,0.8121093087754065,14104205.02,14104205.02,0.06805144217517227,0.809729061837401,14104205.02,14104205.02,0.06800307836011052,0.8095101985938844,2470
stockindex,query1,4,inf,553.1945411320776,60.595303904265165,3013810324.0,3635917299.0,0.0,0.0,2470.0,551.3928230172023,60.34574690461159,2967516925.0,3580731954.0,9.0,0.0,2470.0,552.0974564375356,59.497866814024746,2922261701.0,3635917299.0,277.0,0.0,2470.0,550.638210448762,59.497866814024746,2922261701.0,7106783209.0,277.0,0.0,2470.0,549.1824390231632,59.497866814024746,2922261701.0,3526051255.0,277.0,0.0,2470.0,548.9850812712684,59.497866814024746,2922261701.0,3526051255.0,277.0,0.0,2470.0,60.595303904265165,297.18137099407613,195.41786623373628,0.0,0.0,0.0,0.0,60.34574690461159,292.85787464585155,192.6466555725783,0.0,1.1449679732322693e-05,0.00011312216520309448,5.542421322315931,59.497866814024746,297.18137099407613,195.41786623373628,0.0,0.000352395698428154,0.0,0.0,59.497866814024746,288.25412896089256,189.60648101568222,1.6564977041907725,0.000352395698428154,0.00011312216520309448,11.622770436108112,59.497866814024746,288.25412896089256,189.60648101568222,0.20072627859190106,0.000352395698428154,0.00011312216520309448,11.622770436108112,59.497866814024746,288.25412896089256,189.60648101568222,0.0,0.000352395698428154,0.003481648862361908,11.622770436108112,0.0,0.0,0.0,0.0,0.0,0.0,0.0,0.0,0.0,0.0,0.0,0.0,0.6996619049459696,0.0,0.6975111588835716,0.0,0.5446438295766711,0.0,0.4637555908411741,0.0,0.4637555908411741,0.0,0.46664649061858654,0.0,552.4948792271316,3635917299.0,550.6953118583187,3580731954.0,551.5528126079589,3635917299.0,550.1744548579209,7106783209.0,548.718683432322,3526051255.0,548.5184347806498,3526051255.0,0.0,0.0,0.0,0.0,0.0,0.0,0.0,0.0,0.0,0.0,0.0,0.0,14543669.196,8227338.868,0.06900385447219014,0.8109441633587701,14322927.816,8033110.208,0.06900385447219014,0.8105061831409109,14543669.196,8227338.868,0.06878626811131835,0.8106567972978574,28427132.836,20789499.48,0.06814922388336998,0.8121093087754065,14104205.02,14104205.02,0.06805144217517227,0.809729061837401,14104205.02,14104205.02,0.06800307836011052,0.8095101985938844,2470
stockindex,query1,8,1/4,1090.0061792321503,122.59474446438253,5934987591.0,7156591392.0,0.0,0.0,4884.0,1085.1023975592107,121.8497843304649,5810519567.0,7008056479.0,26.0,0.0,4884.0,1086.392672760412,118.98017190024257,5688374980.0,7156591392.0,838.0,0.0,4884.0,1081.2365541817308,118.98017190024257,5688374980.0,13868665388.0,838.0,0.0,4884.0,1078.389698177576,118.98017190024257,5688374980.0,6860608909.0,838.0,0.0,4884.0,1078.0047333724797,118.98017190024257,5688374980.0,6860608909.0,838.0,0.0,4884.0,122.59474446438253,583.5130993258208,383.898335441947,0.0,0.0,0.0,0.0,121.8497843304649,571.851243914105,376.3956614434719,0.0,3.3076852560043335e-05,0.00032679736614227295,15.00534799695015,118.98017190024257,583.5130993258208,383.898335441947,0.0,0.0010660924017429352,0.0,0.0,118.98017190024257,559.4568136055022,368.2405220400542,3.2420269423782644,0.0010660924017429352,0.00032679736614227295,31.315626803785563,118.98017190024257,559.4568136055022,368.2405220400542,0.3951709382236004,0.0010660924017429352,0.00032679736614227295,31.315626803785563,118.98017190024257,559.4568136055022,368.2405220400542,0.0,0.0010660924017429352,0.010532930493354797,31.315626803785563,0.0,0.0,0.0,0.0,0.0,0.0,0.0,0.0,0.0,0.0,0.0,0.0,1.4037889130413532,0.0,1.3984120478853583,0.0,0.9527267031371593,0.0,0.7164869410917163,0.0,0.7164869410917163,0.0,0.7249082578346133,0.0,1088.602390319109,7156591392.0,1083.7039855113253,7008056479.0,1085.439946057275,7156591392.0,1080.520067240639,13868665388.0,1077.6732112364843,6860608909.0,1077.279825114645,6860608909.0,0.0,0.0,0.0,0.0,0.0,0.0,0.0,0.0,0.0,0.0,0.0,0.0,28626365.568,11864749.532,0.06673307103291154,0.913037093778513,28032225.916,11470085.652,0.06673307103291154,0.9103947298416866,28626365.568,11864749.532,0.06660489153116941,0.9124073353728277,55474661.552,35626168.008,0.06597368574874433,0.9130432912192122,27442435.636,27442435.636,0.06586575094331056,0.9103664180424061,27442435.636,27442435.636,0.06582161805033684,0.9101333254424853,4884
stockindex,query1,8,inf,1090.0061792321503,122.59474446438253,5934987591.0,7156591392.0,0.0,0.0,4884.0,1085.1023975592107,121.8497843304649,5810519567.0,7008056479.0,26.0,0.0,4884.0,1086.392672760412,118.98017190024257,5688374980.0,7156591392.0,838.0,0.0,4884.0,1081.2365541817308,118.98017190024257,5688374980.0,13868665388.0,838.0,0.0,4884.0,1078.389698177576,118.98017190024257,5688374980.0,6860608909.0,838.0,0.0,4884.0,1078.0047333724797,118.98017190024257,5688374980.0,6860608909.0,838.0,0.0,4884.0,122.59474446438253,583.5130993258208,383.898335441947,0.0,0.0,0.0,0.0,121.8497843304649,571.851243914105,376.3956614434719,0.0,3.3076852560043335e-05,0.00032679736614227295,15.00534799695015,118.98017190024257,583.5130993258208,383.898335441947,0.0,0.0010660924017429352,0.0,0.0,118.98017190024257,559.4568136055022,368.2405220400542,3.2420269423782644,0.0010660924017429352,0.00032679736614227295,31.315626803785563,118.98017190024257,559.4568136055022,368.2405220400542,0.3951709382236004,0.0010660924017429352,0.00032679736614227295,31.315626803785563,118.98017190024257,559.4568136055022,368.2405220400542,0.0,0.0010660924017429352,0.010532930493354797,31.315626803785563,0.0,0.0,0.0,0.0,0.0,0.0,0.0,0.0,0.0,0.0,0.0,0.0,1.4037889130413532,0.0,1.3984120478853583,0.0,0.9527267031371593,0.0,0.7164869410917163,0.0,0.7164869410917163,0.0,0.7249082578346133,0.0,1088.602390319109,7156591392.0,1083.7039855113253,7008056479.0,1085.439946057275,7156591392.0,1080.520067240639,13868665388.0,1077.6732112364843,6860608909.0,1077.279825114645,6860608909.0,0.0,0.0,0.0,0.0,0.0,0.0,0.0,0.0,0.0,0.0,0.0,0.0,28626365.568,11864749.532,0.06673307103291154,0.913037093778513,28032225.916,11470085.652,0.06673307103291154,0.9103947298416866,28626365.568,11864749.532,0.06660489153116941,0.9124073353728277,55474661.552,35626168.008,0.06597368574874433,0.9130432912192122,27442435.636,27442435.636,0.06586575094331056,0.9103664180424061,27442435.636,27442435.636,0.06582161805033684,0.9101333254424853,4884
stockindex,query2,2,1/4,65.17433017119765,13.918903101235628,294326196.0,359445366.0,0.0,0.0,1179.0,65.05908923782408,13.81485463026911,294034395.0,359088081.0,6.0,0.0,1179.0,64.78107939753681,13.525539102964103,290137191.0,359445366.0,89.0,0.0,1179.0,64.78665925471603,13.525539102964103,290137191.0,713462432.0,89.0,0.0,1179.0,64.72475775284693,13.525539102964103,290137191.0,354374351.0,89.0,0.0,1179.0,64.62158322148025,13.525539102964103,290137191.0,354374351.0,89.0,0.0,1179.0,13.918903101235628,30.45108482707292,20.804342242889106,0.0,0.0,0.0,0.0,13.81485463026911,30.41718301270157,20.781715938821435,0.0,7.633119821548462e-06,7.541477680206299e-05,0.0452526081353426,13.525539102964103,30.45108482707292,20.804342242889106,0.0,0.00011322461068630219,0.0,0.0,13.525539102964103,29.993039296008646,20.506911540403962,0.16611927098153578,0.00011322461068630219,7.541477680206299e-05,0.5948614049702883,13.525539102964103,29.993039296008646,20.506911540403962,0.10421776911243796,0.00011322461068630219,7.541477680206299e-05,0.5948614049702883,13.525539102964103,29.993039296008646,20.506911540403962,0.0,0.00011322461068630219,0.0011186525225639343,0.5948614049702883,0.0,0.0,0.0,0.0,0.0,0.0,0.0,0.0,0.0,0.0,0.0,0.0,0.4053170718252659,0.0,0.4053170718252659,0.0,0.36044266913086176,0.0,0.3370986906811595,0.0,0.3370986906811595,0.0,0.3379408223554492,0.0,64.76901309937239,359445366.0,64.65377216599882,359088081.0,64.42063672840595,359445366.0,64.44956056403487,713462432.0,64.38765906216577,354374351.0,64.2836423991248,354374351.0,0.0,0.0,0.0,0.0,0.0,0.0,0.0,0.0,0.0,0.0,0.0,0.0,1437781.464,1346312.492,0.017863980030751455,0.177162799029611,1436352.324,1345109.744,0.017828926268444095,0.177162799029611,1437781.464,1346312.492,0.01744740352752792,0.1770533770713481,2853849.728,2756425.032,0.017437772360569086,0.17739682387404584,1417497.404,1417497.404,0.017471909166858295,0.17709850147840073,1417497.404,1417497.404,0.017423175930408603,0.17688427699820558,1179
stockindex,query2,2,inf,65.17433017119765,13.918903101235628,294326196.0,359445366.0,0.0,0.0,1179.0,65.05908923782408,13.81485463026911,294034395.0,359088081.0,6.0,0.0,1179.0,64.78107939753681,13.525539102964103,290137191.0,359445366.0,89.0,0.0,1179.0,64.78665925471603,13.525539102964103,290137191.0,713462432.0,89.0,0.0,1179.0,64.72475775284693,13.525539102964103,290137191.0,354374351.0,89.0,0.0,1179.0,64.62158322148025,13.525539102964103,290137191.0,354374351.0,89.0,0.0,1179.0,13.918903101235628,30.45108482707292,20.804342242889106,0.0,0.0,0.0,0.0,13.81485463026911,30.41718301270157,20.781715938821435,0.0,7.633119821548462e-06,7.541477680206299e-05,0.0452526081353426,13.525539102964103,30.45108482707292,20.804342242889106,0.0,0.00011322461068630219,0.0,0.0,13.525539102964103,29.993039296008646,20.506911540403962,0.16611927098153578,0.00011322461068630219,7.541477680206299e-05,0.5948614049702883,13.525539102964103,29.993039296008646,20.506911540403962,0.10421776911243796,0.00011322461068630219,7.541477680206299e-05,0.5948614049702883,13.525539102964103,29.993039296008646,20.506911540403962,0.0,0.00011322461068630219,0.0011186525225639343,0.5948614049702883,0.0,0.0,0.0,0.0,0.0,0.0,0.0,0.0,0.0,0.0,0.0,0.0,0.4053170718252659,0.0,0.4053170718252659,0.0,0.36044266913086176,0.0,0.3370986906811595,0.0,0.3370986906811595,0.0,0.3379408223554492,0.0,64.76901309937239,359445366.0,64.65377216599882,359088081.0,64.42063672840595,359445366.0,64.44956056403487,713462432.0,64.38765906216577,354374351.0,64.2836423991248,354374351.0,0.0,0.0,0.0,0.0,0.0,0.0,0.0,0.0,0.0,0.0,0.0,0.0,1437781.464,1346312.492,0.017863980030751455,0.177162799029611,1436352.324,1345109.744,0.017828926268444095,0.177162799029611,1437781.464,1346312.492,0.01744740352752792,0.1770533770713481,2853849.728,2756425.032,0.017437772360569086,0.17739682387404584,1417497.404,1417497.404,0.017471909166858295,0.17709850147840073,1417497.404,1417497.404,0.017423175930408603,0.17688427699820558,1179
stockindex,query2,4,1/4,124.65586452744901,27.812855481170118,555676964.0,678624196.0,0.0,0.0,2299.0,124.30537415668368,27.493805228732526,554880900.0,677649036.0,19.0,0.0,2299.0,122.9006483303383,26.05716221407056,521276035.0,678624196.0,375.0,0.0,2299.0,122.0169052826122,26.05716221407056,521276035.0,1314419005.0,375.0,0.0,2299.0,121.90899542439729,26.05716221407056,521276035.0,636769969.0,375.0,0.0,2299.0,121.70788977760822,26.05716221407056,521276035.0,636769969.0,375.0,0.0,2299.0,27.812855481170118,57.552071971818805,39.29093707446009,0.0,0.0,0.0,0.0,27.493805228732526,57.45805059559643,39.22861880157143,0.0,2.417154610157013e-05,0.00023881345987319946,0.12463654577732086,26.05716221407056,57.552071971818805,39.29093707446009,0.0,0.00047706998884677887,0.0,0.0,26.05716221407056,53.929311723448336,36.86564880236983,0.313490115094242,0.00047706998884677887,0.00023881345987319946,4.850576544180512,26.05716221407056,53.929311723448336,36.86564880236983,0.20558025687932968,0.00047706998884677887,0.00023881345987319946,4.850576544180512,26.05716221407056,53.929311723448336,36.86564880236983,0.0,0.00047706998884677887,0.004713423550128937,4.850576544180512,0.0,0.0,0.0,0.0,0.0,0.0,0.0,0.0,0.0,0.0,0.0,0.0,0.784071727655828,0.0,0.784071727655828,0.0,0.5991728669032454,0.0,0.5026257839053869,0.0,0.5026257839053869,0.0,0.5060948636382818,0.0,123.87179279979318,678624196.0,123.52130242902786,677649036.0,122.30147546343505,678624196.0,121.51427949870681,1314419005.0,121.4063696404919,636769969.0,121.20179491396993,636769969.0,0.0,0.0,0.0,0.0,0.0,0.0,0.0,0.0,0.0,0.0,0.0,0.0,2714496.784,2237064.56,0.014505887145802438,0.23092879265855967,2710596.144,2234312.844,0.014270527263809191,0.23092879265855967,2714496.784,2237064.56,0.013649948193929215,0.23033576609985323,5257676.02,4732375.172,0.013588139810989037,0.22887190259713153,2547079.876,2547079.876,0.013637099450883957,0.22842096026670097,2547079.876,2547079.876,0.013585741688244739,0.22819597806389377,2299
stockindex,query2,4,inf,124.65586452744901,27.812855481170118,555676964.0,678624196.0,0.0,0.0,2299.0,124.30537415668368,27.493805228732526,554880900.0,677649036.0,19.0,0.0,2299.0,122.9006483303383,26.05716221407056,521276035.0,678624196.0,375.0,0.0,2299.0,122.0169052826122,26.05716221407056,521276035.0,1314419005.0,375.0,0.0,2299.0,121.90899542439729,26.05716221407056,521276035.0,636769969.0,375.0,0.0,2299.0,121.70788977760822,26.05716221407056,521276035.0,636769969.0,375.0,0.0,2299.0,27.812855481170118,57.552071971818805,39.29093707446009,0.0,0.0,0.0,0.0,27.493805228732526,57.45805059559643,39.22861880157143,0.0,2.417154610157013e-05,0.00023881345987319946,0.12463654577732086,26.05716221407056,57.552071971818805,39.29093707446009,0.0,0.00047706998884677887,0.0,0.0,26.05716221407056,53.929311723448336,36.86564880236983,0.313490115094242,0.00047706998884677887,0.00023881345987319946,4.850576544180512,26.05716221407056,53.929311723448336,36.86564880236983,0.20558025687932968,0.00047706998884677887,0.00023881345987319946,4.850576544180512,26.05716221407056,53.929311723448336,36.86564880236983,0.0,0.00047706998884677887,0.004713423550128937,4.850576544180512,0.0,0.0,0.0,0.0,0.0,0.0,0.0,0.0,0.0,0.0,0.0,0.0,0.784071727655828,0.0,0.784071727655828,0.0,0.5991728669032454,0.0,0.5026257839053869,0.0,0.5026257839053869,0.0,0.5060948636382818,0.0,123.87179279979318,678624196.0,123.52130242902786,677649036.0,122.30147546343505,678624196.0,121.51427949870681,1314419005.0,121.4063696404919,636769969.0,121.20179491396993,636769969.0,0.0,0.0,0.0,0.0,0.0,0.0,0.0,0.0,0.0,0.0,0.0,0.0,2714496.784,2237064.56,0.014505887145802438,0.23092879265855967,2710596.144,2234312.844,0.014270527263809191,0.23092879265855967,2714496.784,2237064.56,0.013649948193929215,0.23033576609985323,5257676.02,4732375.172,0.013588139810989037,0.22887190259713153,2547079.876,2547079.876,0.013637099450883957,0.22842096026670097,2547079.876,2547079.876,0.013585741688244739,0.22819597806389377,2299
stockindex,query2,8,1/4,257.4425488682464,54.32586560770869,1165906835.0,1423839415.0,0.0,0.0,4575.0,257.11417493224144,54.02614616975188,1165184999.0,1422955051.0,18.0,0.0,4575.0,251.12726192735136,48.0090189659968,994336243.0,1423839415.0,1226.0,0.0,4575.0,246.04280186870233,48.0090189659968,994336243.0,2637509054.0,1226.0,0.0,4575.0,245.7831198303029,48.0090189659968,994336243.0,1214554003.0,1226.0,0.0,4575.0,245.3997060628608,48.0090189659968,994336243.0,1214554003.0,1226.0,0.0,4575.0,54.32586560770869,120.6626352109015,82.45404804963619,0.0,0.0,0.0,0.0,54.02614616975188,120.57708832249045,82.39740480296314,0.0,2.2899359464645386e-05,0.00022624433040618896,0.11328649334609509,48.0090189659968,120.6626352109015,82.45404804963619,0.0,0.0015597008168697357,0.0,0.0,48.0090189659968,102.79599355626851,70.33037201222032,0.6582793142377067,0.0015597008168697357,0.00022624433040618896,24.247352074831724,48.0090189659968,102.79599355626851,70.33037201222032,0.3985972758382559,0.0015597008168697357,0.00022624433040618896,24.247352074831724,48.0090189659968,102.79599355626851,70.33037201222032,0.0,0.0015597008168697357,0.01540975272655487,24.247352074831724,0.0,0.0,0.0,0.0,0.0,0.0,0.0,0.0,0.0,0.0,0.0,0.0,1.5727955540642142,0.0,1.5727955540642142,0.0,0.9975337013602257,0.0,0.6970329415053129,0.0,0.6970329415053129,0.0,0.707917807623744,0.0,255.86975331418216,1423839415.0,255.54137937817723,1422955051.0,250.12972822599113,1423839415.0,245.345768927197,2637509054.0,245.08608688879758,1214554003.0,244.69178825523704,1214554003.0,0.0,0.0,0.0,0.0,0.0,0.0,0.0,0.0,0.0,0.0,0.0,0.0,5695357.66,3659574.44,0.014497629689052702,0.2654353544227776,5691820.204,3658728.244,0.014414582582190633,0.2654295530941335,5695357.66,3659574.44,0.012895004153251647,0.2635578498445449,10538868.316,8341276.6,0.01278136443951758,0.2558466284991225,4858216.012,4847048.112,0.012810805045999586,0.2552922325925899,4847048.112,4847048.112,0.012780528172850608,0.2550653212156144,4575
stockindex,query2,8,inf,257.4425488682464,54.32586560770869,1165906835.0,1423839415.0,0.0,0.0,4575.0,257.11417493224144,54.02614616975188,1165184999.0,1422955051.0,18.0,0.0,4575.0,251.12726192735136,48.0090189659968,994336243.0,1423839415.0,1226.0,0.0,4575.0,246.04280186870233,48.0090189659968,994336243.0,2637509054.0,1226.0,0.0,4575.0,245.7831198303029,48.0090189659968,994336243.0,1214554003.0,1226.0,0.0,4575.0,245.3997060628608,48.0090189659968,994336243.0,1214554003.0,1226.0,0.0,4575.0,54.32586560770869,120.6626352109015,82.45404804963619,0.0,0.0,0.0,0.0,54.02614616975188,120.57708832249045,82.39740480296314,0.0,2.2899359464645386e-05,0.00022624433040618896,0.11328649334609509,48.0090189659968,120.6626352109015,82.45404804963619,0.0,0.0015597008168697357,0.0,0.0,48.0090189659968,102.79599355626851,70.33037201222032,0.6582793142377067,0.0015597008168697357,0.00022624433040618896,24.247352074831724,48.0090189659968,102.79599355626851,70.33037201222032,0.3985972758382559,0.0015597008168697357,0.00022624433040618896,24.247352074831724,48.0090189659968,102.79599355626851,70.33037201222032,0.0,0.0015597008168697357,0.01540975272655487,24.247352074831724,0.0,0.0,0.0,0.0,0.0,0.0,0.0,0.0,0.0,0.0,0.0,0.0,1.5727955540642142,0.0,1.5727955540642142,0.0,0.9975337013602257,0.0,0.6970329415053129,0.0,0.6970329415053129,0.0,0.707917807623744,0.0,255.86975331418216,1423839415.0,255.54137937817723,1422955051.0,250.12972822599113,1423839415.0,245.345768927197,2637509054.0,245.08608688879758,1214554003.0,244.69178825523704,1214554003.0,0.0,0.0,0.0,0.0,0.0,0.0,0.0,0.0,0.0,0.0,0.0,0.0,5695357.66,3659574.44,0.014497629689052702,0.2654353544227776,5691820.204,3658728.244,0.014414582582190633,0.2654295530941335,5695357.66,3659574.44,0.012895004153251647,0.2635578498445449,10550036.216,8341276.6,0.01278136443951758,0.2558466284991225,4858216.012,4858216.012,0.012810805045999586,0.2552922325925899,4858216.012,4858216.012,0.012780528172850608,0.2550653212156144,4575
stockindex,query3,2,1/4,605.8438719240949,42.31496498826891,3415850409.0,4151260434.0,0.0,0.0,1408.0,604.4968668753281,41.8939025234431,3380370389.0,4108070083.0,12.0,0.0,1408.0,603.8986336644739,40.36956007219851,3219826905.0,4151260434.0,131.0,0.0,1408.0,600.5752045589379,40.36956007219851,3219826905.0,8020428671.0,131.0,0.0,1408.0,598.8300800155848,40.36956007219851,3219826905.0,3912358588.0,131.0,0.0,1408.0,598.6762484367937,40.36956007219851,3219826905.0,3912358588.0,131.0,0.0,1408.0,42.31496498826891,328.9761195303872,234.55278740543872,0.0,0.0,0.0,0.0,41.8939025234431,325.579421531409,232.0821980861947,0.0,1.5266239643096924e-05,0.00015082955360412598,4.941178638488054,40.36956007219851,328.9761195303872,234.55278740543872,0.0,0.00016665644943714142,0.0,0.0,40.36956007219851,310.0131069943309,220.81380665302277,1.9004518485508217,0.00016665644943714142,0.00015082955360412598,27.47796150483191,40.36956007219851,310.0131069943309,220.81380665302277,0.15532730519771576,0.00016665644943714142,0.00015082955360412598,27.47796150483191,40.36956007219851,310.0131069943309,220.81380665302277,0.0,0.00016665644943714142,0.0016465559601783752,27.47796150483191,0.0,0.0,0.0,0.0,0.0,0.0,0.0,0.0,0.0,0.0,0.0,0.0,0.4659126689657569,0.0,0.46062432136386633,0.0,0.4101452864706516,0.0,0.3807601062580943,0.0,0.3807601062580943,0.0,0.38175306748598814,0.0,605.3779592551291,4151260434.0,604.0362425539643,4108070083.0,603.4884883780032,4151260434.0,600.1944444526798,8020428671.0,598.4493199093267,3912358588.0,598.2944953693077,3912358588.0,0.0,0.0,0.0,0.0,0.0,0.0,0.0,0.0,0.0,0.0,0.0,0.0,16605041.736,10289492.468,0.3399435325358063,1.1610378775460644,16432280.332,10185198.876,0.3395265908520669,1.1610217783128842,16605041.736,10289492.468,0.337565552925691,1.1599478171519935,32081714.684,25145076.692,0.3335699505069207,1.1592013396016012,15649434.352,15649434.352,0.33263607794977723,1.1557351205615325,15649434.352,15649434.352,0.33253369003348054,1.155465756881237,1408
stockindex,query3,2,inf,605.8438719240949,42.31496498826891,3415850409.0,4151260434.0,0.0,0.0,1408.0,604.4968668753281,41.8939025234431,3380370389.0,4108070083.0,12.0,0.0,1408.0,603.8986336644739,40.36956007219851,3219826905.0,4151260434.0,131.0,0.0,1408.0,600.5752045589379,40.36956007219851,3219826905.0,8020428671.0,131.0,0.0,1408.0,598.8300800155848,40.36956007219851,3219826905.0,3912358588.0,131.0,0.0,1408.0,598.6762484367937,40.36956007219851,3219826905.0,3912358588.0,131.0,0.0,1408.0,42.31496498826891,328.9761195303872,234.55278740543872,0.0,0.0,0.0,0.0,41.8939025234431,325.579421531409,232.0821980861947,0.0,1.5266239643096924e-05,0.00015082955360412598,4.941178638488054,40.36956007219851,328.9761195303872,234.55278740543872,0.0,0.00016665644943714142,0.0,0.0,40.36956007219851,310.0131069943309,220.81380665302277,1.9004518485508217,0.00016665644943714142,0.00015082955360412598,27.47796150483191,40.36956007219851,310.0131069943309,220.81380665302277,0.15532730519771576,0.00016665644943714142,0.00015082955360412598,27.47796150483191,40.36956007219851,310.0131069943309,220.81380665302277,0.0,0.00016665644943714142,0.0016465559601783752,27.47796150483191,0.0,0.0,0.0,0.0,0.0,0.0,0.0,0.0,0.0,0.0,0.0,0.0,0.4659126689657569,0.0,0.46062432136386633,0.0,0.4101452864706516,0.0,0.3807601062580943,0.0,0.3807601062580943,0.0,0.38175306748598814,0.0,605.3779592551291,4151260434.0,604.0362425539643,4108070083.0,603.4884883780032,4151260434.0,600.1944444526798,8020428671.0,598.4493199093267,3912358588.0,598.2944953693077,3912358588.0,0.0,0.0,0.0,0.0,0.0,0.0,0.0,0.0,0.0,0.0,0.0,0.0,16605041.736,10289492.468,0.3399435325358063,1.1610378775460644,16432280.332,10185198.876,0.3395265908520669,1.1610217783128842,16605041.736,10289492.468,0.337565552925691,1.1599478171519935,32081714.684,25145076.692,0.3335699505069207,1.1592013396016012,15649434.352,15649434.352,0.33263607794977723,1.1557351205615325,15649434.352,15649434.352,0.33253369003348054,1.155465756881237,1408
stockindex,query3,4,1/4,1224.8270819373429,78.27591794356704,6958096788.0,8453251793.0,0.0,0.0,2885.0,1221.6824684459716,77.27679579425603,6876516174.0,8353903616.0,33.0,0.0,2885.0,1214.2508057709783,67.69876905716956,5893195178.0,8453251793.0,686.0,0.0,2885.0,1189.6678677971884,67.69876905716956,5893195178.0,15509364783.0,686.0,0.0,2885.0,1186.1195979351178,67.69876905716956,5893195178.0,7155461167.0,686.0,0.0,2885.0,1185.8114404035732,67.69876905716956,5893195178.0,7155461167.0,686.0,0.0,2885.0,78.27591794356704,669.8609916828573,476.69017231091857,0.0,0.0,0.0,0.0,77.27679579425603,662.0192314824089,470.99436021596193,0.0,4.198215901851654e-05,0.00041478127241134644,11.391624189913273,67.69876905716956,669.8609916828573,476.69017231091857,0.0,0.0008727200329303741,0.0,0.0,67.69876905716956,566.8324722414836,402.1096406597644,3.8646350351571144,0.0008727200329303741,0.00041478127241134644,149.16106330230832,67.69876905716956,566.8324722414836,402.1096406597644,0.316365173086524,0.0008727200329303741,0.00041478127241134644,149.16106330230832,67.69876905716956,566.8324722414836,402.1096406597644,0.0,0.0008727200329303741,0.008622422814369202,149.16106330230832,0.0,0.0,0.0,0.0,0.0,0.0,0.0,0.0,0.0,0.0,0.0,0.0,0.9674670258536935,0.0,0.9518675357103348,0.0,0.6837268294766545,0.0,0.5351139437407255,0.0,0.5351139437407255,0.0,0.5402924250811338,0.0,1223.8596149114892,8453251793.0,1220.7306009102613,8353903616.0,1213.5670789415017,8453251793.0,1189.1327538534476,15509364783.0,1185.584483991377,7155461167.0,1185.271147978492,7155461167.0,0.0,0.0,0.0,0.0,0.0,0.0,0.0,0.0,0.0,0.0,0.0,0.0,33813007.172,12552819.452,0.31082762870006264,1.2924025122391058,33415614.464,12360182.708,0.31082762870006264,1.2923151419302445,33813007.172,12552819.452,0.3028379879966378,1.2897303710097445,62037459.132,38570629.212,0.286023520496688,1.2834841741097234,28621844.668,28621844.668,0.28515737955924125,1.2795645011755634,28621844.668,28621844.668,0.2850600951202214,1.2792829103976484,2885
stockindex,query3,4,inf,1224.8270819373429,78.27591794356704,6958096788.0,8453251793.0,0.0,0.0,2885.0,1221.6824684459716,77.27679579425603,6876516174.0,8353903616.0,33.0,0.0,2885.0,1214.2508057709783,67.69876905716956,5893195178.0,8453251793.0,686.0,0.0,2885.0,1189.6678677971884,67.69876905716956,5893195178.0,15509364783.0,686.0,0.0,2885.0,1186.1195979351178,67.69876905716956,5893195178.0,7155461167.0,686.0,0.0,2885.0,1185.8114404035732,67.69876905716956,5893195178.0,7155461167.0,686.0,0.0,2885.0,78.27591794356704,669.8609916828573,476.69017231091857,0.0,0.0,0.0,0.0,77.27679579425603,662.0192314824089,470.99436021596193,0.0,4.198215901851654e-05,0.00041478127241134644,11.391624189913273,67.69876905716956,669.8609916828573,476.69017231091857,0.0,0.0008727200329303741,0.0,0.0,67.69876905716956,566.8324722414836,402.1096406597644,3.8646350351571144,0.0008727200329303741,0.00041478127241134644,149.16106330230832,67.69876905716956,566.8324722414836,402.1096406597644,0.316365173086524,0.0008727200329303741,0.00041478127241134644,149.16106330230832,67.69876905716956,566.8324722414836,402.1096406597644,0.0,0.0008727200329303741,0.008622422814369202,149.16106330230832,0.0,0.0,0.0,0.0,0.0,0.0,0.0,0.0,0.0,0.0,0.0,0.0,0.9674670258536935,0.0,0.9518675357103348,0.0,0.6837268294766545,0.0,0.5351139437407255,0.0,0.5351139437407255,0.0,0.5402924250811338,0.0,1223.8596149114892,8453251793.0,1220.7306009102613,8353903616.0,1213.5670789415017,8453251793.0,1189.1327538534476,15509364783.0,1185.584483991377,7155461167.0,1185.271147978492,7155461167.0,0.0,0.0,0.0,0.0,0.0,0.0,0.0,0.0,0.0,0.0,0.0,0.0,33813007.172,12552819.452,0.31082762870006264,1.2924025122391058,33415614.464,12360182.708,0.31082762870006264,1.2923151419302445,33813007.172,12552819.452,0.3028379879966378,1.2897303710097445,62037459.132,38570629.212,0.286023520496688,1.2834841741097234,28621844.668,28621844.668,0.28515737955924125,1.2795645011755634,28621844.668,28621844.668,0.2850600951202214,1.2792829103976484,2885
stockindex,query3,8,1/4,2517.2505575334653,169.58477230928838,14261941173.0,17320168574.0,0.0,0.0,5846.0,2511.4173108097166,167.74711293168366,14109404534.0,17134439695.0,52.0,0.0,5846.0,2481.96872563567,134.3003807719797,10764721876.0,17320168574.0,2012.0,0.0,5846.0,2395.9286075429936,134.3003807719797,10764721876.0,30195003997.0,2012.0,0.0,5846.0,2388.6361291934736,134.3003807719797,10764721876.0,13060564302.0,2012.0,0.0,5846.0,2388.026606700383,134.3003807719797,10764721876.0,13060564302.0,2012.0,0.0,5846.0,169.58477230928838,1372.9035813380033,974.7622038861737,0.0,0.0,0.0,0.0,167.74711293168366,1358.2702835099772,964.125213152729,0.0,6.615370512008667e-05,0.0006535947322845459,21.27398146688938,134.3003807719797,1372.9035813380033,974.7622038861737,0.0,0.0025596395134925842,0.0,0.0,134.3003807719797,1034.9716979684308,730.7977285403758,7.926636336365863,0.0025596395134925842,0.0006535947322845459,487.9289506915957,134.3003807719797,1034.9716979684308,730.7977285403758,0.6341579868458211,0.0025596395134925842,0.0006535947322845459,487.9289506915957,134.3003807719797,1034.9716979684308,730.7977285403758,0.0,0.0025596395134925842,0.025289088487625122,487.9289506915957,0.0,0.0,0.0,0.0,0.0,0.0,0.0,0.0,0.0,0.0,0.0,0.0,1.9295440567657351,0.0,1.9087447365745902,0.0,1.16842211317271,0.0,0.7672647833824158,0.0,0.7672647833824158,0.0,0.7814301922917366,0.0,2515.3210134766996,17320168574.0,2509.508566073142,17134439695.0,2480.8003035224974,17320168574.0,2395.161342759611,30195003997.0,2387.868864410091,13060564302.0,2387.2451765080914,13060564302.0,0.0,0.0,0.0,0.0,0.0,0.0,0.0,0.0,0.0,0.0,0.0,0.0,69280674.296,15763736.452,0.3027133821286261,1.371920720544271,68537758.78,15678884.092,0.3027133821286261,1.3718525082793085,69280674.296,15763736.452,0.28905222998559477,1.3676826286260035,120780015.988,63410283.18,0.2569150329806684,1.3527310562614419,52242257.208,52242257.208,0.25607518631219867,1.3485321984890846,52242257.208,52242257.208,0.25598109819926324,1.3482474596958605,5846
stockindex,query3,8,inf,2517.2505575334653,169.58477230928838,14261941173.0,17320168574.0,0.0,0.0,5846.0,2511.4173108097166,167.74711293168366,14109404534.0,17134439695.0,52.0,0.0,5846.0,2481.96872563567,134.3003807719797,10764721876.0,17320168574.0,2012.0,0.0,5846.0,2395.9286075429936,134.3003807719797,10764721876.0,30195003997.0,2012.0,0.0,5846.0,2388.6361291934736,134.3003807719797,10764721876.0,13060564302.0,2012.0,0.0,5846.0,2388.026606700383,134.3003807719797,10764721876.0,13060564302.0,2012.0,0.0,5846.0,169.58477230928838,1372.9035813380033,974.7622038861737,0.0,0.0,0.0,0.0,167.74711293168366,1358.2702835099772,964.125213152729,0.0,6.615370512008667e-05,0.0006535947322845459,21.27398146688938,134.3003807719797,1372.9035813380033,974.7622038861737,0.0,0.0025596395134925842,0.0,0.0,134.3003807719797,1034.9716979684308,730.7977285403758,7.926636336365863,0.0025596395134925842,0.0006535947322845459,487.9289506915957,134.3003807719797,1034.9716979684308,730.7977285403758,0.6341579868458211,0.0025596395134925842,0.0006535947322845459,487.9289506915957,134.3003807719797,1034.9716979684308,730.7977285403758,0.0,0.0025596395134925842,0.025289088487625122,487.9289506915957,0.0,0.0,0.0,0.0,0.0,0.0,0.0,0.0,0.0,0.0,0.0,0.0,1.9295440567657351,0.0,1.9087447365745902,0.0,1.16842211317271,0.0,0.7672647833824158,0.0,0.7672647833824158,0.0,0.7814301922917366,0.0,2515.3210134766996,17320168574.0,2509.508566073142,17134439695.0,2480.8003035224974,17320168574.0,2395.161342759611,30195003997.0,2387.868864410091,13060564302.0,2387.2451765080914,13060564302.0,0.0,0.0,0.0,0.0,0.0,0.0,0.0,0.0,0.0,0.0,0.0,0.0,69280674.296,15763736.452,0.3027133821286261,1.371920720544271,68537758.78,15678884.092,0.3027133821286261,1.3718525082793085,69280674.296,15763736.452,0.28905222998559477,1.3676826286260035,120780015.988,63410283.18,0.2569150329806684,1.3527310562614419,52242257.208,52242257.208,0.25607518631219867,1.3485321984890846,52242257.208,52242257.208,0.25598109819926324,1.3482474596958605,5846
stockmarket,query1,2,1/4,208.8577187936753,208.45368449855596,176493.0,0.0,0.0,0.0,1011.0,207.6583827510476,207.25568374618888,176370.0,0.0,3.0,0.0,1011.0,192.781410346739,192.37723865546286,166200.0,0.0,108.0,0.0,1011.0,192.74475827813148,192.37723865546286,166200.0,0.0,108.0,0.0,1011.0,192.74475827813148,192.37723865546286,166200.0,0.0,108.0,0.0,1011.0,192.74607803672552,192.37723865546286,166200.0,0.0,108.0,0.0,1011.0,208.45368449855596,0.4040342951193452,0.0,0.0,0.0,0.0,0.0,207.25568374618888,0.4026574809104204,0.0,0.0,3.816559910774231e-06,3.7707388401031494e-05,0.0,192.37723865546286,0.4040342951193452,0.0,0.0,0.00013739615678787231,0.0,0.0,192.37723865546286,0.367344519123435,0.0,0.0,0.00013739615678787231,3.7707388401031494e-05,0.0,192.37723865546286,0.367344519123435,0.0,0.0,0.00013739615678787231,3.7707388401031494e-05,0.0,192.37723865546286,0.367344519123435,0.0,0.0,0.00013739615678787231,0.0013574659824371338,0.0,0.0,0.0,0.0,0.0,0.0,0.0,0.0,0.0,0.0,0.0,0.0,0.0,1.4420244982466102,0.0,1.4420244982466102,0.0,1.2741283318027854,0.0,1.255859729833901,0.0,1.255859729833901,0.0,1.2567144306376576,0.0,207.4156942954287,0.0,206.216358252801,0.0,191.5072820149362,0.0,191.48889854829758,0.0,191.48889854829758,0.0,191.48936360608786,0.0,0.0,0.0,0.0,0.0,0.0,0.0,0.0,0.0,0.0,0.0,0.0,0.0,0.0,0.0,0.20580014466680585,0.41053855792563404,0.0,0.0,0.2057698181141168,0.41053855792563404,0.0,0.0,0.17645386711508035,0.401771956392005,0.0,0.0,0.1764419144783169,0.401771956392005,0.0,0.0,0.1764419144783169,0.401771956392005,0.0,0.0,0.17644224127568303,0.401771956392005,1011
stockmarket,query1,2,inf,208.8577187936753,208.45368449855596,176493.0,0.0,0.0,0.0,1011.0,207.6583827510476,207.25568374618888,176370.0,0.0,3.0,0.0,1011.0,192.781410346739,192.37723865546286,166200.0,0.0,108.0,0.0,1011.0,192.74475827813148,192.37723865546286,166200.0,0.0,108.0,0.0,1011.0,192.74475827813148,192.37723865546286,166200.0,0.0,108.0,0.0,1011.0,192.74607803672552,192.37723865546286,166200.0,0.0,108.0,0.0,1011.0,208.45368449855596,0.4040342951193452,0.0,0.0,0.0,0.0,0.0,207.25568374618888,0.4026574809104204,0.0,0.0,3.816559910774231e-06,3.7707388401031494e-05,0.0,192.37723865546286,0.4040342951193452,0.0,0.0,0.00013739615678787231,0.0,0.0,192.37723865546286,0.367344519123435,0.0,0.0,0.00013739615678787231,3.7707388401031494e-05,0.0,192.37723865546286,0.367344519123435,0.0,0.0,0.00013739615678787231,3.7707388401031494e-05,0.0,192.37723865546286,0.367344519123435,0.0,0.0,0.00013739615678787231,0.0013574659824371338,0.0,0.0,0.0,0.0,0.0,0.0,0.0,0.0,0.0,0.0,0.0,0.0,0.0,1.4420244982466102,0.0,1.4420244982466102,0.0,1.2741283318027854,0.0,1.255859729833901,0.0,1.255859729833901,0.0,1.2567144306376576,0.0,207.4156942954287,0.0,206.216358252801,0.0,191.5072820149362,0.0,191.48889854829758,0.0,191.48889854829758,0.0,191.48936360608786,0.0,0.0,0.0,0.0,0.0,0.0,0.0,0.0,0.0,0.0,0.0,0.0,0.0,0.0,0.0,0.20580014466680585,0.41053855792563404,0.0,0.0,0.2057698181141168,0.41053855792563404,0.0,0.0,0.17645386711508035,0.401771956392005,0.0,0.0,0.1764419144783169,0.401771956392005,0.0,0.0,0.1764419144783169,0.401771956392005,0.0,0.0,0.17644224127568303,0.401771956392005,1011
stockmarket,query1,4,1/4,425.8823852362111,425.03500976320356,332964.0,0.0,0.0,0.0,2027.0,423.88349183183163,423.03834184259176,332759.0,0.0,5.0,0.0,2027.0,334.5504100015387,333.7024340564385,290898.0,0.0,472.0,0.0,2027.0,334.38003483600914,333.7024340564385,290898.0,0.0,472.0,0.0,2027.0,334.38003483600914,333.7024340564385,290898.0,0.0,472.0,0.0,2027.0,334.38590461947024,333.7024340564385,290898.0,0.0,472.0,0.0,2027.0,425.03500976320356,0.8473754730075598,0.0,0.0,0.0,0.0,0.0,423.03834184259176,0.8450807826593518,0.0,0.0,6.360933184623718e-06,6.284564733505249e-05,0.0,333.7024340564385,0.8473754730075598,0.0,0.0,0.000600472092628479,0.0,0.0,333.7024340564385,0.6769374618306756,0.0,0.0,0.000600472092628479,6.284564733505249e-05,0.0,333.7024340564385,0.6769374618306756,0.0,0.0,0.000600472092628479,6.284564733505249e-05,0.0,333.7024340564385,0.6769374618306756,0.0,0.0,0.000600472092628479,0.005932629108428955,0.0,0.0,0.0,0.0,0.0,0.0,0.0,0.0,0.0,0.0,0.0,0.0,0.0,2.861378467641771,0.0,2.861378467641771,0.0,2.2566964384168386,0.0,2.191558239981532,0.0,2.191558239981532,0.0,2.1946376767009497,0.0,423.02100676856935,0.0,421.02211336418986,0.0,332.29371356312186,0.0,332.1884765960276,0.0,332.1884765960276,0.0,332.1912669427693,0.0,0.0,0.0,0.0,0.0,0.0,0.0,0.0,0.0,0.0,0.0,0.0,0.0,0.0,0.0,0.2158024224434048,0.4312344514798373,0.0,0.0,0.21577175509184598,0.4312344514798373,0.0,0.0,0.08305397468619048,0.42769820098690686,0.0,0.0,0.08301152549497783,0.42769820098690686,0.0,0.0,0.08301152549497783,0.42769820098690686,0.0,0.0,0.08301265671662986,0.42769820098690686,2027
stockmarket,query1,4,inf,425.8823852362111,425.03500976320356,332964.0,0.0,0.0,0.0,2027.0,423.88349183183163,423.03834184259176,332759.0,0.0,5.0,0.0,2027.0,334.5504100015387,333.7024340564385,290898.0,0.0,472.0,0.0,2027.0,334.38003483600914,333.7024340564385,290898.0,0.0,472.0,0.0,2027.0,334.38003483600914,333.7024340564385,290898.0,0.0,472.0,0.0,2027.0,334.38590461947024,333.7024340564385,290898.0,0.0,472.0,0.0,2027.0,425.03500976320356,0.8473754730075598,0.0,0.0,0.0,0.0,0.0,423.03834184259176,0.8450807826593518,0.0,0.0,6.360933184623718e-06,6.284564733505249e-05,0.0,333.7024340564385,0.8473754730075598,0.0,0.0,0.000600472092628479,0.0,0.0,333.7024340564385,0.6769374618306756,0.0,0.0,0.000600472092628479,6.284564733505249e-05,0.0,333.7024340564385,0.6769374618306756,0.0,0.0,0.000600472092628479,6.284564733505249e-05,0.0,333.7024340564385,0.6769374618306756,0.0,0.0,0.000600472092628479,0.005932629108428955,0.0,0.0,0.0,0.0,0.0,0.0,0.0,0.0,0.0,0.0,0.0,0.0,0.0,2.861378467641771,0.0,2.861378467641771,0.0,2.2566964384168386,0.0,2.191558239981532,0.0,2.191558239981532,0.0,2.1946376767009497,0.0,423.02100676856935,0.0,421.02211336418986,0.0,332.29371356312186,0.0,332.1884765960276,0.0,332.1884765960276,0.0,332.1912669427693,0.0,0.0,0.0,0.0,0.0,0.0,0.0,0.0,0.0,0.0,0.0,0.0,0.0,0.0,0.0,0.2158024224434048,0.4312344514798373,0.0,0.0,0.21577175509184598,0.4312344514798373,0.0,0.0,0.08305397468619048,0.42769820098690686,0.0,0.0,0.08301152549497783,0.42769820098690686,0.0,0.0,0.08301152549497783,0.42769820098690686,0.0,0.0,0.08301265671662986,0.42769820098690686,2027
stockmarket,query1,8,1/4,836.0693179713562,834.4071758762002,644912.0,0.0,0.0,0.0,4034.0,833.2708672052249,831.6118407873437,644625.0,0.0,7.0,0.0,4034.0,537.3788747005165,535.7147467220202,478669.0,0.0,1561.0,0.0,4034.0,536.811664044857,535.7147467220202,478669.0,0.0,1561.0,0.0,4034.0,536.811664044857,535.7147467220202,478669.0,0.0,1561.0,0.0,4034.0,536.8311964720488,535.7147467220202,478669.0,0.0,1561.0,0.0,4034.0,834.4071758762002,1.662142095156014,0.0,0.0,0.0,0.0,0.0,831.6118407873437,1.6589295286685228,0.0,0.0,8.905306458473206e-06,8.798390626907349e-05,0.0,535.7147467220202,1.662142095156014,0.0,0.0,0.001985883340239525,0.0,0.0,535.7147467220202,1.0948434555903077,0.0,0.0,0.001985883340239525,8.798390626907349e-05,0.0,535.7147467220202,1.0948434555903077,0.0,0.0,0.001985883340239525,8.798390626907349e-05,0.0,535.7147467220202,1.0948434555903077,0.0,0.0,0.001985883340239525,0.019620411098003387,0.0,0.0,0.0,0.0,0.0,0.0,0.0,0.0,0.0,0.0,0.0,0.0,0.0,5.698811071924865,0.0,5.698811071924865,0.0,3.69549363758415,0.0,3.4756493140012026,0.0,3.4756493140012026,0.0,3.485893154516816,0.0,830.3705068994313,0.0,827.5720561333001,0.0,533.6833810629323,0.0,533.3360147308558,0.0,533.3360147308558,0.0,533.345303317532,0.0,0.0,0.0,0.0,0.0,0.0,0.0,0.0,0.0,0.0,0.0,0.0,0.0,0.0,0.0,0.22354049316607416,0.4197530584054068,0.0,0.0,0.22351599515229464,0.4197530584054068,0.0,0.0,0.017966740457341077,0.41936915007252246,0.0,0.0,0.01784370305016637,0.41936915007252246,0.0,0.0,0.01784370305016637,0.41936915007252246,0.0,0.0,0.01784702130034566,0.41936915007252246,4034
stockmarket,query1,8,inf,836.0693179713562,834.4071758762002,644912.0,0.0,0.0,0.0,4034.0,833.2708672052249,831.6118407873437,644625.0,0.0,7.0,0.0,4034.0,535.3038382893428,533.6397014055401,478449.0,0.0,1568.0,0.0,4034.0,534.7340694367886,533.6397014055401,478449.0,0.0,1568.0,0.0,4034.0,534.7340694367886,533.6397014055401,478449.0,0.0,1568.0,0.0,4034.0,534.7536898478866,533.6397014055401,478449.0,0.0,1568.0,0.0,4034.0,834.4071758762002,1.662142095156014,0.0,0.0,0.0,0.0,0.0,831.6118407873437,1.6589295286685228,0.0,0.0,8.905306458473206e-06,8.798390626907349e-05,0.0,533.6397014055401,1.662142095156014,0.0,0.0,0.001994788646697998,0.0,0.0,533.6397014055401,1.0922852586954832,0.0,0.0,0.001994788646697998,8.798390626907349e-05,0.0,533.6397014055401,1.0922852586954832,0.0,0.0,0.001994788646697998,8.798390626907349e-05,0.0,533.6397014055401,1.0922852586954832,0.0,0.0,0.001994788646697998,0.01970839500427246,0.0,0.0,0.0,0.0,0.0,0.0,0.0,0.0,0.0,0.0,0.0,0.0,0.0,5.698811071924865,0.0,5.698811071924865,0.0,3.688440472818911,0.0,3.4678790075704455,0.0,3.4678790075704455,0.0,3.47816055547446,0.0,830.3705068994313,0.0,827.5720561333001,0.0,531.6153978165239,0.0,531.2661904292181,0.0,531.2661904292181,0.0,531.2755292924121,0.0,0.0,0.0,0.0,0.0,0.0,0.0,0.0,0.0,0.0,0.0,0.0,0.0,0.0,0.0,0.22354049316607416,0.4197530584054068,0.0,0.0,0.22351599515229464,0.4197530584054068,0.0,0.0,0.01717928209155798,0.4176764070210978,0.0,0.0,0.017056244684383274,0.4176764070210978,0.0,0.0,0.017056244684383274,0.4176764070210978,0.0,0.0,0.017059562934562563,0.4176764070210978,4034
stockmarket,query2,2,1/4,1441.5551615543664,1427.8635832788423,85881488.0,97664988.0,0.0,0.0,3987.0,1423.124057320878,1409.5577862942591,81271407.0,91879627.0,130.0,0.0,3987.0,1416.087768945843,1402.3959235111251,78057339.0,97664988.0,210.0,0.0,3987.0,1415.891927874793,1402.3959235111251,78057339.0,179596209.0,210.0,0.0,3987.0,1416.0261649633758,1402.3959235111251,78057339.0,87716582.0,210.0,0.0,3987.0,1415.8504285784438,1402.3959235111251,78057339.0,87716582.0,210.0,0.0,3987.0,1427.8635832788423,8.775667505338788,4.915910770185292,0.0,0.0,0.0,0.0,1409.5577862942591,8.189898391254246,4.457248276099563,0.0,0.00016538426280021667,0.0016339868307113647,0.9173249881714582,1402.3959235111251,8.775667505338788,4.915910770185292,0.0,0.00026715919375419617,0.0,0.0,1402.3959235111251,7.709446771070361,4.089669920504093,0.04250482670655791,0.00026715919375419617,0.0016339868307113647,1.6524816993623972,1402.3959235111251,7.709446771070361,4.089669920504093,0.1767419152893126,0.00026715919375419617,0.0016339868307113647,1.6524816993623972,1402.3959235111251,7.709446771070361,4.089669920504093,0.0,0.00026715919375419617,0.0026395171880722046,1.6524816993623972,0.0,0.0,0.0,0.0,0.0,0.0,0.0,0.0,0.0,0.0,0.0,0.0,12.312934609130025,93524571.0,11.985254759900272,87739210.0,11.926197327673435,93524571.0,11.780195754853631,171500753.0,11.901215268298984,83761543.0,11.740435906685889,83761543.0,1429.2422269452363,4140417.0,1411.1388025609776,4140417.0,1404.1615716181695,4140417.0,1404.1117321199395,8095456.0,1404.1249496950768,3955039.0,1404.109992671758,3955039.0,0.0,0.0,0.0,0.0,0.0,0.0,0.0,0.0,0.0,0.0,0.0,0.0,390659.952,282667.256,0.2877796775009483,0.4704568980587645,367518.508,264554.84,0.28759462530165913,0.4704568980587645,390659.952,282667.256,0.2873700270727277,0.4663269138492643,718384.836,601670.284,0.2873219579362197,0.46633490216619783,350866.328,350866.328,0.2873886120831594,0.46641120486771676,350866.328,350866.328,0.2873063619658351,0.46632030347734676,3987
stockmarket,query2,2,inf,1441.5551615543664,1427.8635832788423,85881488.0,97664988.0,0.0,0.0,3987.0,1423.124057320878,1409.5577862942591,81271407.0,91879627.0,130.0,0.0,3987.0,1416.087768945843,1402.3959235111251,78057339.0,97664988.0,210.0,0.0,3987.0,1415.891927874793,1402.3959235111251,78057339.0,179596209.0,210.0,0.0,3987.0,1416.0261649633758,1402.3959235111251,78057339.0,87716582.0,210.0,0.0,3987.0,1415.8504285784438,1402.3959235111251,78057339.0,87716582.0,210.0,0.0,3987.0,1427.8635832788423,8.775667505338788,4.915910770185292,0.0,0.0,0.0,0.0,1409.5577862942591,8.189898391254246,4.457248276099563,0.0,0.00016538426280021667,0.0016339868307113647,0.9173249881714582,1402.3959235111251,8.775667505338788,4.915910770185292,0.0,0.00026715919375419617,0.0,0.0,1402.3959235111251,7.709446771070361,4.089669920504093,0.04250482670655791,0.00026715919375419617,0.0016339868307113647,1.6524816993623972,1402.3959235111251,7.709446771070361,4.089669920504093,0.1767419152893126,0.00026715919375419617,0.0016339868307113647,1.6524816993623972,1402.3959235111251,7.709446771070361,4.089669920504093,0.0,0.00026715919375419617,0.0026395171880722046,1.6524816993623972,0.0,0.0,0.0,0.0,0.0,0.0,0.0,0.0,0.0,0.0,0.0,0.0,12.312934609130025,93524571.0,11.985254759900272,87739210.0,11.926197327673435,93524571.0,11.780195754853631,171500753.0,11.901215268298984,83761543.0,11.740435906685889,83761543.0,1429.2422269452363,4140417.0,1411.1388025609776,4140417.0,1404.1615716181695,4140417.0,1404.1117321199395,8095456.0,1404.1249496950768,3955039.0,1404.109992671758,3955039.0,0.0,0.0,0.0,0.0,0.0,0.0,0.0,0.0,0.0,0.0,0.0,0.0,390659.952,282667.256,0.2877796775009483,0.4704568980587645,367518.508,264554.84,0.28759462530165913,0.4704568980587645,390659.952,282667.256,0.2873700270727277,0.4663269138492643,718384.836,601670.284,0.2873219579362197,0.46633490216619783,350866.328,350866.328,0.2873886120831594,0.46641120486771676,350866.328,350866.328,0.2873063619658351,0.46632030347734676,3987
stockmarket,query2,4,1/4,2839.747257770039,2812.5444729533046,170346177.0,193884605.0,0.0,0.0,7903.0,2799.2488851668313,2772.3260018266737,159331176.0,180270879.0,287.0,0.0,7903.0,2782.321671636775,2755.118138774298,143542367.0,193884605.0,588.0,0.0,7903.0,2781.672042294181,2755.118138774298,143542367.0,340950397.0,588.0,0.0,7903.0,2781.9344209837727,2755.118138774298,143542367.0,160679518.0,588.0,0.0,7903.0,2781.5924297207966,2755.118138774298,143542367.0,160679518.0,588.0,0.0,7903.0,2812.5444729533046,17.388847395777702,9.81393742095679,0.0,0.0,0.0,0.0,2772.3260018266737,16.093336027115583,8.802299986593425,0.0,0.00036511756479740143,0.003607340157032013,2.0232748687267303,2755.118138774298,17.388847395777702,9.81393742095679,0.0,0.0007480457425117493,0.0,0.0,2755.118138774298,14.167953117750585,7.329675707034767,0.08339588135391396,0.0007480457425117493,0.003607340157032013,4.9685234278440475,2755.118138774298,14.167953117750585,7.329675707034767,0.34577457094565034,0.0007480457425117493,0.003607340157032013,4.9685234278440475,2755.118138774298,14.167953117750585,7.329675707034767,0.0,0.0007480457425117493,0.007390648126602173,4.9685234278440475,0.0,0.0,0.0,0.0,0.0,0.0,0.0,0.0,0.0,0.0,0.0,0.0,24.54562541190535,184960110.0,23.816519445739686,171346384.0,23.397660667076707,184960110.0,22.914912762682786,323842919.0,23.149726428091526,152496535.0,22.83891345374286,152496535.0,2815.201632358134,8924495.0,2775.4323657210916,8924495.0,2758.9240109696984,8924495.0,2758.7571295314983,17107478.0,2758.784694555681,8182983.0,2758.753516267054,8182983.0,0.0,0.0,0.0,0.0,0.0,0.0,0.0,0.0,0.0,0.0,0.0,0.0,775538.42,361368.124,0.30861358244903386,0.5026725162321699,721083.516,328837.372,0.30843352065607904,0.5026725162321699,775538.42,361368.124,0.30740262285247444,0.5022622274182735,1363801.588,926539.884,0.307261745317096,0.5022691928427953,642718.072,642718.072,0.3073200070513412,0.5023376657496205,642718.072,642718.072,0.3072529311943799,0.5022592898897824,7903
stockmarket,query2,4,inf,2839.747257770039,2812.5444729533046,170346177.0,193884605.0,0.0,0.0,7903.0,2799.2488851668313,2772.3260018266737,159331176.0,180270879.0,287.0,0.0,7903.0,2782.321671636775,2755.118138774298,143542367.0,193884605.0,588.0,0.0,7903.0,2781.672042294181,2755.118138774298,143542367.0,340950397.0,588.0,0.0,7903.0,2781.9344209837727,2755.118138774298,143542367.0,160679518.0,588.0,0.0,7903.0,2781.5924297207966,2755.118138774298,143542367.0,160679518.0,588.0,0.0,7903.0,2812.5444729533046,17.388847395777702,9.81393742095679,0.0,0.0,0.0,0.0,2772.3260018266737,16.093336027115583,8.802299986593425,0.0,0.00036511756479740143,0.003607340157032013,2.0232748687267303,2755.118138774298,17.388847395777702,9.81393742095679,0.0,0.0007480457425117493,0.0,0.0,2755.118138774298,14.167953117750585,7.329675707034767,0.08339588135391396,0.0007480457425117493,0.003607340157032013,4.9685234278440475,2755.118138774298,14.167953117750585,7.329675707034767,0.34577457094565034,0.0007480457425117493,0.003607340157032013,4.9685234278440475,2755.118138774298,14.167953117750585,7.329675707034767,0.0,0.0007480457425117493,0.007390648126602173,4.9685234278440475,0.0,0.0,0.0,0.0,0.0,0.0,0.0,0.0,0.0,0.0,0.0,0.0,24.54562541190535,184960110.0,23.816519445739686,171346384.0,23.397660667076707,184960110.0,22.914912762682786,323842919.0,23.149726428091526,152496535.0,22.83891345374286,152496535.0,2815.201632358134,8924495.0,2775.4323657210916,8924495.0,2758.9240109696984,8924495.0,2758.7571295314983,17107478.0,2758.784694555681,8182983.0,2758.753516267054,8182983.0,0.0,0.0,0.0,0.0,0.0,0.0,0.0,0.0,0.0,0.0,0.0,0.0,775538.42,361368.124,0.30861358244903386,0.5026725162321699,721083.516,328837.372,0.30843352065607904,0.5026725162321699,775538.42,361368.124,0.30740262285247444,0.5022622274182735,1363801.588,926539.884,0.307261745317096,0.5022691928427953,642718.072,642718.072,0.3073200070513412,0.5023376657496205,642718.072,642718.072,0.3072529311943799,0.5022592898897824,7903
stockmarket,query2,8,1/4,5729.331810483709,5675.355705842376,320657878.0,367442242.0,0.0,0.0,15972.0,5640.195986165665,5586.812733421102,302941314.0,344051602.0,621.0,0.0,15972.0,5558.29210003186,5504.313893738203,247748661.0,367442242.0,1652.0,0.0,15972.0,5556.306261638645,5504.313893738203,247748661.0,620047528.0,1652.0,0.0,15972.0,5556.83664890239,5504.313893738203,247748661.0,275995926.0,1652.0,0.0,15972.0,5556.160057229921,5504.313893738203,247748661.0,275995926.0,1652.0,0.0,15972.0,5675.355705842376,34.55017352756113,19.425931113772094,0.0,0.0,0.0,0.0,5586.812733421102,31.77427278831601,17.25147772859782,0.0,0.0007900279015302658,0.007805429399013519,4.348906770348549,5504.313893738203,34.55017352756113,19.425931113772094,0.0,0.0021016523241996765,0.0,0.0,5504.313893738203,25.223996269516647,12.252560859546065,0.15916318120363762,0.0021016523241996765,0.007805429399013519,14.346740508452058,5504.313893738203,25.223996269516647,12.252560859546065,0.6895504449494183,0.0021016523241996765,0.007805429399013519,14.346740508452058,5504.313893738203,25.223996269516647,12.252560859546065,0.0,0.0021016523241996765,0.020764201879501343,14.346740508452058,0.0,0.0,0.0,0.0,0.0,0.0,0.0,0.0,0.0,0.0,0.0,0.0,48.66401125956327,350586922.0,47.12949658092111,327196282.0,45.489149208180606,350586922.0,44.067108276477555,589117558.0,44.543333446606994,261921276.0,43.92628810647875,261921276.0,5680.667799224146,16855320.0,5593.066489584744,16855320.0,5512.80295082368,16855320.0,5512.239153362167,30929970.0,5512.293315455783,14074650.0,5512.2337691234425,14074650.0,0.0,0.0,0.0,0.0,0.0,0.0,0.0,0.0,0.0,0.0,0.0,0.0,1469768.968,425218.16,0.3172478474993259,0.4913290044283492,1376206.408,386823.564,0.3171509503070265,0.4913290044283492,1469768.968,425218.16,0.3166722168345004,0.4886579081222413,2480190.112,1399165.428,0.31642727167705276,0.48866763704683375,1103983.704,1103983.704,0.31648199921846387,0.4887424815556964,1103983.704,1103983.704,0.316423503452912,0.4886579081222413,15972
stockmarket,query2,8,inf,5729.331810483709,5675.355705842376,320657878.0,367442242.0,0.0,0.0,15972.0,5640.195986165665,5586.812733421102,302941314.0,344051602.0,621.0,0.0,15972.0,5558.29210003186,5504.313893738203,247748661.0,367442242.0,1652.0,0.0,15972.0,5556.306261638645,5504.313893738203,247748661.0,620047528.0,1652.0,0.0,15972.0,5556.83664890239,5504.313893738203,247748661.0,275995926.0,1652.0,0.0,15972.0,5556.160057229921,5504.313893738203,247748661.0,275995926.0,1652.0,0.0,15972.0,5675.355705842376,34.55017352756113,19.425931113772094,0.0,0.0,0.0,0.0,5586.812733421102,31.77427278831601,17.25147772859782,0.0,0.0007900279015302658,0.007805429399013519,4.348906770348549,5504.313893738203,34.55017352756113,19.425931113772094,0.0,0.0021016523241996765,0.0,0.0,5504.313893738203,25.223996269516647,12.252560859546065,0.15916318120363762,0.0021016523241996765,0.007805429399013519,14.346740508452058,5504.313893738203,25.223996269516647,12.252560859546065,0.6895504449494183,0.0021016523241996765,0.007805429399013519,14.346740508452058,5504.313893738203,25.223996269516647,12.252560859546065,0.0,0.0021016523241996765,0.020764201879501343,14.346740508452058,0.0,0.0,0.0,0.0,0.0,0.0,0.0,0.0,0.0,0.0,0.0,0.0,48.66401125956327,350586922.0,47.12949658092111,327196282.0,45.489149208180606,350586922.0,44.067108276477555,589117558.0,44.543333446606994,261921276.0,43.92628810647875,261921276.0,5680.667799224146,16855320.0,5593.066489584744,16855320.0,5512.80295082368,16855320.0,5512.239153362167,30929970.0,5512.293315455783,14074650.0,5512.2337691234425,14074650.0,0.0,0.0,0.0,0.0,0.0,0.0,0.0,0.0,0.0,0.0,0.0,0.0,1469768.968,425218.16,0.3172478474993259,0.4913290044283492,1376206.408,386823.564,0.3171509503070265,0.4913290044283492,1469768.968,425218.16,0.3166722168345004,0.4886579081222413,2480190.112,1399165.428,0.31642727167705276,0.48866763704683375,1103983.704,1103983.704,0.31648199921846387,0.4887424815556964,1103983.704,1103983.704,0.316423503452912,0.4886579081222413,15972
stockmarket,query3,2,1/4,2476.9605307308957,2470.945557252504,11137521.0,6507886.0,0.0,0.0,6411.0,2445.7233074232936,2439.8367719752714,10095836.0,6415197.0,231.0,0.0,6411.0,2432.824025861919,2426.8087152540684,10061582.0,6507886.0,265.0,0.0,6411.0,2432.6819742497487,2426.8087152540684,10061582.0,12830394.0,265.0,0.0,6411.0,2432.6987079293467,2426.8087152540684,10061582.0,6415197.0,265.0,0.0,6411.0,2432.6794338384643,2426.8087152540684,10061582.0,6415197.0,265.0,1.0,6411.0,2470.945557252504,5.661365597508848,0.35360788088291883,0.0,0.0,0.0,0.0,2439.8367719752714,5.51976970769465,0.34364736545830965,0.0,0.0002938751131296158,0.002903468906879425,0.01992103084921837,2426.8087152540684,5.661365597508848,0.35360788088291883,0.0,0.00033712945878505707,0.0,0.0,2426.8087152540684,5.503482239320874,0.34364736545830965,0.0029677616864229347,0.00033712945878505707,0.002903468906879425,0.01992103084921837,2426.8087152540684,5.503482239320874,0.34364736545830965,0.019701441284269094,0.00033712945878505707,0.002903468906879425,0.01992103084921837,2426.8087152540684,5.503482239320874,0.34364736545830965,0.0,0.00033712945878505707,0.003330819308757782,0.01992103084921837,0.0,0.0,0.0,0.0,0.0,0.0,0.0,0.0,0.0,0.0,0.0,0.0,2.025479869917035,3225680.0,1.6677138786762953,3225680.0,1.7392718475311995,3225680.0,1.6544550233667659,6451360.0,1.6541048903018236,3225680.0,1.6530507616698742,3225680.0,2474.9350508609787,3282206.0,2444.0555935446173,3189517.0,2431.0847540143877,3282206.0,2431.027519226382,6379034.0,2431.044603039045,3189517.0,2431.0263830767944,3189517.0,0.0,0.0,0.0,0.0,0.0,0.0,0.0,0.0,0.0,0.0,0.0,0.0,26031.544,26031.544,0.2974280035998672,0.5315172824805601,25660.788,25660.788,0.29660294685699046,0.5281370553413405,26031.544,26031.544,0.29341808141209186,0.526177522208914,50712.208,50712.208,0.2934161548034688,0.5261804490389522,25660.788,25660.788,0.29341916053928435,0.5261908278199842,25660.788,25660.788,0.2934160905722529,0.526177522208914,6411
stockmarket,query3,2,inf,2476.9605307308957,2470.945557252504,11137521.0,6507886.0,0.0,0.0,6411.0,2445.7233074232936,2439.8367719752714,10095836.0,6415197.0,231.0,0.0,6411.0,2432.824025861919,2426.8087152540684,10061582.0,6507886.0,265.0,0.0,6411.0,2432.6819742497487,2426.8087152540684,10061582.0,12830394.0,265.0,0.0,6411.0,2432.6987079293467,2426.8087152540684,10061582.0,6415197.0,265.0,0.0,6411.0,2432.6794338384643,2426.8087152540684,10061582.0,6415197.0,265.0,0.0,6411.0,2470.945557252504,5.661365597508848,0.35360788088291883,0.0,0.0,0.0,0.0,2439.8367719752714,5.51976970769465,0.34364736545830965,0.0,0.0002938751131296158,0.002903468906879425,0.01992103084921837,2426.8087152540684,5.661365597508848,0.35360788088291883,0.0,0.00033712945878505707,0.0,0.0,2426.8087152540684,5.503482239320874,0.34364736545830965,0.0029677616864229347,0.00033712945878505707,0.002903468906879425,0.01992103084921837,2426.8087152540684,5.503482239320874,0.34364736545830965,0.019701441284269094,0.00033712945878505707,0.002903468906879425,0.01992103084921837,2426.8087152540684,5.503482239320874,0.34364736545830965,0.0,0.00033712945878505707,0.003330819308757782,0.01992103084921837,0.0,0.0,0.0,0.0,0.0,0.0,0.0,0.0,0.0,0.0,0.0,0.0,2.025479869917035,3225680.0,1.6677138786762953,3225680.0,1.7392718475311995,3225680.0,1.6544550233667659,6451360.0,1.6541048903018236,3225680.0,1.6530507616698742,3225680.0,2474.9350508609787,3282206.0,2444.0555935446173,3189517.0,2431.0847540143877,3282206.0,2431.027519226382,6379034.0,2431.044603039045,3189517.0,2431.0263830767944,3189517.0,0.0,0.0,0.0,0.0,0.0,0.0,0.0,0.0,0.0,0.0,0.0,0.0,26031.544,26031.544,0.2974280035998672,0.5315172824805601,25660.788,25660.788,0.29660294685699046,0.5281370553413405,26031.544,26031.544,0.29341808141209186,0.526177522208914,51321.576,51321.576,0.2934161548034688,0.5261804490389522,25660.788,25660.788,0.29341916053928435,0.5261908278199842,25660.788,25660.788,0.2934160905722529,0.526177522208914,6411
stockmarket,query3,4,1/4,5059.8418251387775,5047.245771263726,29164279.0,20143225.0,0.0,0.0,13091.0,5004.486719083041,4992.241828953847,25682018.0,20050536.0,704.0,0.0,13091.0,4956.012219921686,4943.415073238313,25395721.0,20143225.0,859.0,0.0,13091.0,4955.590866541019,4943.415073238313,25395721.0,40101072.0,859.0,0.0,13091.0,4955.6258477377705,4943.415073238313,25395721.0,20050536.0,859.0,0.0,13091.0,4955.583539091982,4943.415073238313,25395721.0,20050536.0,859.0,9.0,13091.0,5047.245771263726,11.419047118164599,1.1770067568868399,0.0,0.0,0.0,0.0,4992.241828953847,11.048178570345044,1.1670462414622307,0.0,0.0008956193923950195,0.00884866714477539,0.01992103084921837,4943.415073238313,11.419047118164599,1.1770067568868399,0.0,0.0010928083211183548,0.0,0.0,4943.415073238313,10.96960889082402,1.1670462414622307,0.009275664104008617,0.0010928083211183548,0.00884866714477539,0.01992103084921837,4943.415073238313,10.96960889082402,1.1670462414622307,0.044256860855966806,0.0010928083211183548,0.00884866714477539,0.01992103084921837,4943.415073238313,10.96960889082402,1.1670462414622307,0.0,0.0010928083211183548,0.010796882212162018,0.01992103084921837,0.0,0.0,0.0,0.0,0.0,0.0,0.0,0.0,0.0,0.0,0.0,0.0,4.389436251483858,3225680.0,3.119524355046451,3225680.0,3.3177749142050743,3225680.0,3.011305573876755,6451360.0,3.010955440811813,3225680.0,3.010429215617478,3225680.0,5055.452388887294,16917545.0,5001.3671947279945,16824856.0,4952.694445007481,16917545.0,4952.579560967142,33649712.0,4952.614892296959,16824856.0,4952.5731098763645,16824856.0,0.0,0.0,0.0,0.0,0.0,0.0,0.0,0.0,0.0,0.0,0.0,0.0,80572.9,79738.296,0.3160315403100103,0.638251150521822,80202.144,79367.54,0.31514050657488407,0.6325822301542383,80572.9,79738.296,0.31116788113489746,0.6306988616364074,153807.708,153250.768,0.3111510139480233,0.6307014049111953,80202.144,79460.632,0.3111510139480233,0.6307122814587315,79831.388,79460.632,0.3111510139480233,0.6306988616364074,13091
stockmarket,query3,4,inf,5059.8418251387775,5047.245771263726,29164279.0,20143225.0,0.0,0.0,13091.0,5004.486719083041,4992.241828953847,25682018.0,20050536.0,704.0,0.0,13091.0,4956.012219921686,4943.415073238313,25395721.0,20143225.0,859.0,0.0,13091.0,4955.590866541019,4943.415073238313,25395721.0,40101072.0,859.0,0.0,13091.0,4955.6258477377705,4943.415073238313,25395721.0,20050536.0,859.0,0.0,13091.0,4955.583539091982,4943.415073238313,25395721.0,20050536.0,859.0,0.0,13091.0,5047.245771263726,11.419047118164599,1.1770067568868399,0.0,0.0,0.0,0.0,4992.241828953847,11.048178570345044,1.1670462414622307,0.0,0.0008956193923950195,0.00884866714477539,0.01992103084921837,4943.415073238313,11.419047118164599,1.1770067568868399,0.0,0.0010928083211183548,0.0,0.0,4943.415073238313,10.96960889082402,1.1670462414622307,0.009275664104008617,0.0010928083211183548,0.00884866714477539,0.01992103084921837,4943.415073238313,10.96960889082402,1.1670462414622307,0.044256860855966806,0.0010928083211183548,0.00884866714477539,0.01992103084921837,4943.415073238313,10.96960889082402,1.1670462414622307,0.0,0.0010928083211183548,0.010796882212162018,0.01992103084921837,0.0,0.0,0.0,0.0,0.0,0.0,0.0,0.0,0.0,0.0,0.0,0.0,4.389436251483858,3225680.0,3.119524355046451,3225680.0,3.3177749142050743,3225680.0,3.011305573876755,6451360.0,3.010955440811813,3225680.0,3.010429215617478,3225680.0,5055.452388887294,16917545.0,5001.3671947279945,16824856.0,4952.694445007481,16917545.0,4952.579560967142,33649712.0,4952.614892296959,16824856.0,4952.5731098763645,16824856.0,0.0,0.0,0.0,0.0,0.0,0.0,0.0,0.0,0.0,0.0,0.0,0.0,80572.9,79738.296,0.3160315403100103,0.638251150521822,80202.144,79367.54,0.31514050657488407,0.6325822301542383,80572.9,79738.296,0.31116788113489746,0.6306988616364074,160404.288,159105.836,0.3111510139480233,0.6307014049111953,80202.144,80202.144,0.3111510139480233,0.6307122814587315,80202.144,80202.144,0.3111510139480233,0.6306988616364074,13091
stockmarket,query3,8,1/4,10276.96563224867,10250.557792764157,49367313.0,30067505.0,0.0,0.0,26461.0,10164.349612320773,10138.654036995023,42763366.0,29325993.0,1274.0,0.0,26461.0,9822.355897935107,9795.945182036608,41768352.0,30067505.0,2261.0,0.0,26461.0,9821.166984876063,9795.945182036608,41768352.0,58651986.0,2261.0,0.0,26461.0,9821.276195351034,9795.945182036608,41768352.0,29325993.0,2261.0,0.0,26461.0,9821.16582398396,9795.945182036608,41768352.0,29325993.0,2261.0,8.0,26461.0,10250.557792764157,24.43777829501778,1.970061189495027,0.0,0.0,0.0,0.0,10138.654036995023,23.6281961761415,1.8903770660981536,0.0,0.0016207657754421234,0.016013070940971375,0.15936824679374695,9795.945182036608,24.43777829501778,1.970061189495027,0.0,0.0028764139860868454,0.0,0.0,9795.945182036608,23.139601418748498,1.8903770660981536,0.01356662288651575,0.0028764139860868454,0.016013070940971375,0.15936824679374695,9795.945182036608,23.139601418748498,1.8903770660981536,0.12277709785848856,0.0028764139860868454,0.016013070940971375,0.15936824679374695,9795.945182036608,23.139601418748498,1.8903770660981536,0.0,0.0028764139860868454,0.028418801724910736,0.15936824679374695,0.0,0.0,0.0,0.0,0.0,0.0,0.0,0.0,0.0,0.0,0.0,0.0,8.668069019913673,7257780.0,6.402405401691794,7257780.0,6.603117091581225,7257780.0,6.006911708657198,14515560.0,6.006123909261078,7257780.0,6.005841737613082,7257780.0,10268.297563228756,22809725.0,10157.947206919082,22068213.0,9815.752780843526,22809725.0,9815.160073167406,44136426.0,9815.270071441773,22068213.0,9815.159982246347,22068213.0,0.0,0.0,0.0,0.0,0.0,0.0,0.0,0.0,0.0,0.0,0.0,0.0,120270.02,111706.712,0.32067099841497837,0.6197289669735354,117303.972,108740.664,0.32062607882916927,0.618473378623463,120270.02,111706.712,0.31423517255857586,0.6146070657951754,228248.364,217929.132,0.3142268766537309,0.6146108170836927,117303.972,116376.276,0.3142268766537309,0.6146251682789062,116933.216,116376.276,0.3142268766537309,0.6146070657951754,26461
stockmarket,query3,8,inf,10276.96563224867,10250.557792764157,49367313.0,30067505.0,0.0,0.0,26461.0,10164.349612320773,10138.654036995023,42763366.0,29325993.0,1274.0,0.0,26461.0,9822.354185827076,9795.94346865639,41761982.0,30067505.0,2262.0,0.0,26461.0,9821.164711463642,9795.94346865639,41761982.0,58651986.0,2262.0,0.0,26461.0,9821.273921938613,9795.94346865639,41761982.0,29325993.0,2262.0,0.0,26461.0,9821.163563140668,9795.94346865639,41761982.0,29325993.0,2262.0,0.0,26461.0,10250.557792764157,24.43777829501778,1.970061189495027,0.0,0.0,0.0,0.0,10138.654036995023,23.6281961761415,1.8903770660981536,0.0,0.0016207657754421234,0.016013070940971375,0.15936824679374695,9795.94346865639,24.43777829501778,1.970061189495027,0.0,0.00287768617272377,0.0,0.0,9795.94346865639,23.139040114358068,1.8903770660981536,0.01356662288651575,0.00287768617272377,0.016013070940971375,0.15936824679374695,9795.94346865639,23.139040114358068,1.8903770660981536,0.12277709785848856,0.00287768617272377,0.016013070940971375,0.15936824679374695,9795.94346865639,23.139040114358068,1.8903770660981536,0.0,0.00287768617272377,0.028431370854377747,0.15936824679374695,0.0,0.0,0.0,0.0,0.0,0.0,0.0,0.0,0.0,0.0,0.0,0.0,8.668069019913673,7257780.0,6.402405401691794,7257780.0,6.60140498355031,7257780.0,6.004638296235853,14515560.0,6.003850496839732,7257780.0,6.003580894321203,7257780.0,10268.297563228756,22809725.0,10157.947206919082,22068213.0,9815.752780843526,22809725.0,9815.160073167406,44136426.0,9815.270071441773,22068213.0,9815.159982246347,22068213.0,0.0,0.0,0.0,0.0,0.0,0.0,0.0,0.0,0.0,0.0,0.0,0.0,120270.02,111706.712,0.32067099841497837,0.6197289669735354,117303.972,108740.664,0.32062607882916927,0.618473378623463,120270.02,111706.712,0.31423517255857586,0.6146070657951754,234607.944,223174.832,0.3142268766537309,0.6146108170836927,117303.972,117303.972,0.3142268766537309,0.6146251682789062,117303.972,117303.972,0.3142268766537309,0.6146070657951754,26461
stockmarket,query4,2,1/4,2427.0532062118873,2405.75086583104,85942180.0,95907291.0,0.0,0.0,6523.0,2292.228231105022,2271.5985988955945,70173513.0,78977463.0,597.0,0.0,6523.0,2289.104174623266,2267.800986966118,67038770.0,95907291.0,666.0,0.0,6523.0,2288.4170673026465,2267.800986966118,67038770.0,154641604.0,666.0,0.0,6523.0,2288.672912010923,2267.800986966118,67038770.0,75664141.0,666.0,0.0,6523.0,2288.3813984710723,2267.800986966118,67038770.0,75664141.0,666.0,0.0,6523.0,2405.75086583104,16.507529796101153,4.794810584746301,0.0,0.0,0.0,0.0,2271.5985988955945,15.236992145888507,4.205244371667504,0.0,0.000759495422244072,0.007503770291805267,1.1791324261575937,2267.800986966118,16.507529796101153,4.794810584746301,0.0,0.0008472763001918793,0.0,0.0,2267.800986966118,15.085969033651054,4.1043970147147775,0.03653610150744941,0.0008472763001918793,0.007503770291805267,1.3808271400630474,2267.800986966118,15.085969033651054,4.1043970147147775,0.29238080978393555,0.0008472763001918793,0.007503770291805267,1.3808271400630474,2267.800986966118,15.085969033651054,4.1043970147147775,0.0,0.0008472763001918793,0.008371040225028992,1.3808271400630474,0.0,0.0,0.0,0.0,0.0,0.0,0.0,0.0,0.0,0.0,0.0,0.0,5.291962002404034,48311302.0,4.6829412980005145,32893826.0,4.674636401236057,48311302.0,4.566876863124457,62474330.0,4.718693668488413,29580504.0,4.552413857541978,29580504.0,2421.7612442094833,47595989.0,2287.5452898070216,46083637.0,2284.42953822203,47595989.0,2283.850190439522,92167274.0,2283.9542183424346,46083637.0,2283.8289846135303,46083637.0,0.0,0.0,0.0,0.0,0.0,0.0,0.0,0.0,0.0,0.0,0.0,0.0,383629.164,301204.904,0.3288489113897085,0.5697544076299292,315909.852,251221.544,0.31929631463438274,0.5631082610094917,383629.164,301204.904,0.3176960187163204,0.5630922831771893,618566.416,545850.98,0.3176065459277296,0.5631060791195978,302656.564,302656.564,0.3176745248343796,0.5631792739702386,302656.564,302656.564,0.3176008976344019,0.5630918032327664,6523
stockmarket,query4,2,inf,2427.0532062118873,2405.75086583104,85942180.0,95907291.0,0.0,0.0,6523.0,2292.228231105022,2271.5985988955945,70173513.0,78977463.0,597.0,0.0,6523.0,2289.104174623266,2267.800986966118,67038770.0,95907291.0,666.0,0.0,6523.0,2288.4170673026465,2267.800986966118,67038770.0,154641604.0,666.0,0.0,6523.0,2288.672912010923,2267.800986966118,67038770.0,75664141.0,666.0,0.0,6523.0,2288.3813984710723,2267.800986966118,67038770.0,75664141.0,666.0,0.0,6523.0,2405.75086583104,16.507529796101153,4.794810584746301,0.0,0.0,0.0,0.0,2271.5985988955945,15.236992145888507,4.205244371667504,0.0,0.000759495422244072,0.007503770291805267,1.1791324261575937,2267.800986966118,16.507529796101153,4.794810584746301,0.0,0.0008472763001918793,0.0,0.0,2267.800986966118,15.085969033651054,4.1043970147147775,0.03653610150744941,0.0008472763001918793,0.007503770291805267,1.3808271400630474,2267.800986966118,15.085969033651054,4.1043970147147775,0.29238080978393555,0.0008472763001918793,0.007503770291805267,1.3808271400630474,2267.800986966118,15.085969033651054,4.1043970147147775,0.0,0.0008472763001918793,0.008371040225028992,1.3808271400630474,0.0,0.0,0.0,0.0,0.0,0.0,0.0,0.0,0.0,0.0,0.0,0.0,5.291962002404034,48311302.0,4.6829412980005145,32893826.0,4.674636401236057,48311302.0,4.566876863124457,62474330.0,4.718693668488413,29580504.0,4.552413857541978,29580504.0,2421.7612442094833,47595989.0,2287.5452898070216,46083637.0,2284.42953822203,47595989.0,2283.850190439522,92167274.0,2283.9542183424346,46083637.0,2283.8289846135303,46083637.0,0.0,0.0,0.0,0.0,0.0,0.0,0.0,0.0,0.0,0.0,0.0,0.0,383629.164,301204.904,0.3288489113897085,0.5697544076299292,315909.852,251221.544,0.31929631463438274,0.5631082610094917,383629.164,301204.904,0.3176960187163204,0.5630922831771893,618566.416,545850.98,0.3176065459277296,0.5631060791195978,302656.564,302656.564,0.3176745248343796,0.5631792739702386,302656.564,302656.564,0.3176008976344019,0.5630918032327664,6523
stockmarket,query4,4,1/4,5120.540682066232,5085.642228436656,125270632.0,135277313.0,0.0,0.0,13628.0,4839.648572802544,4806.026939662173,98381584.0,106393110.0,1157.0,0.0,13628.0,4721.0082496628165,4686.107597694732,84588414.0,135277313.0,1728.0,0.0,13628.0,4719.278868024026,4686.107597694732,84588414.0,198106069.0,1728.0,0.0,13628.0,4719.79099736549,4686.107597694732,84588414.0,91712959.0,1728.0,0.0,13628.0,4719.236826025881,4686.107597694732,84588414.0,91712959.0,1728.0,0.0,13628.0,5085.642228436656,28.827758871018887,6.070694758556783,0.0,0.0,0.0,0.0,4806.026939662173,26.517909288406372,5.053680067881942,0.0,0.0014719199389219284,0.014542482793331146,2.034029381349683,4686.107597694732,28.827758871018887,6.070694758556783,0.0,0.002198338508605957,0.0,0.0,4686.107597694732,25.541907317005098,4.57798629719764,0.04921897107093996,0.002198338508605957,0.014542482793331146,2.9854169227182865,4686.107597694732,25.541907317005098,4.57798629719764,0.5613483125343919,0.002198338508605957,0.014542482793331146,2.9854169227182865,4686.107597694732,25.541907317005098,4.57798629719764,0.0,0.002198338508605957,0.02171945571899414,2.9854169227182865,0.0,0.0,0.0,0.0,0.0,0.0,0.0,0.0,0.0,0.0,0.0,0.0,9.957692573778331,90641236.0,8.916854752227664,64553974.0,8.608485359698534,90641236.0,8.355967464134027,115040136.0,8.65246253227815,50486162.0,8.329535246826708,50486162.0,5110.582989492454,44636077.0,4830.731718050316,41839136.0,4712.399764303118,44636077.0,4710.922900559892,83065933.0,4711.138534833211,41226797.0,4710.907290779054,41226797.0,0.0,0.0,0.0,0.0,0.0,0.0,0.0,0.0,0.0,0.0,0.0,0.0,541109.252,293735.648,0.3559156385473907,0.5434830897744742,425572.44,224508.336,0.3494254061635584,0.5334896715044972,541109.252,293735.648,0.34698152660019693,0.5328720126291734,792424.276,567696.372,0.34690194430005694,0.532885150506982,366851.836,366851.836,0.34694891518820076,0.532954929999448,366851.836,366851.836,0.3468986015841365,0.5328720126291734,13628
stockmarket,query4,4,inf,5120.540682066232,5085.642228436656,125270632.0,135277313.0,0.0,0.0,13628.0,4839.648572802544,4806.026939662173,98381584.0,106393110.0,1157.0,0.0,13628.0,4721.0082496628165,4686.107597694732,84588414.0,135277313.0,1728.0,0.0,13628.0,4719.278868024026,4686.107597694732,84588414.0,198106069.0,1728.0,0.0,13628.0,4719.79099736549,4686.107597694732,84588414.0,91712959.0,1728.0,0.0,13628.0,4719.236826025881,4686.107597694732,84588414.0,91712959.0,1728.0,0.0,13628.0,5085.642228436656,28.827758871018887,6.070694758556783,0.0,0.0,0.0,0.0,4806.026939662173,26.517909288406372,5.053680067881942,0.0,0.0014719199389219284,0.014542482793331146,2.034029381349683,4686.107597694732,28.827758871018887,6.070694758556783,0.0,0.002198338508605957,0.0,0.0,4686.107597694732,25.541907317005098,4.57798629719764,0.04921897107093996,0.002198338508605957,0.014542482793331146,2.9854169227182865,4686.107597694732,25.541907317005098,4.57798629719764,0.5613483125343919,0.002198338508605957,0.014542482793331146,2.9854169227182865,4686.107597694732,25.541907317005098,4.57798629719764,0.0,0.002198338508605957,0.02171945571899414,2.9854169227182865,0.0,0.0,0.0,0.0,0.0,0.0,0.0,0.0,0.0,0.0,0.0,0.0,9.957692573778331,90641236.0,8.916854752227664,64553974.0,8.608485359698534,90641236.0,8.355967464134027,115040136.0,8.65246253227815,50486162.0,8.329535246826708,50486162.0,5110.582989492454,44636077.0,4830.731718050316,41839136.0,4712.399764303118,44636077.0,4710.922900559892,83065933.0,4711.138534833211,41226797.0,4710.907290779054,41226797.0,0.0,0.0,0.0,0.0,0.0,0.0,0.0,0.0,0.0,0.0,0.0,0.0,541109.252,293735.648,0.3559156385473907,0.5434830897744742,425572.44,224508.336,0.3494254061635584,0.5334896715044972,541109.252,293735.648,0.34698152660019693,0.5328720126291734,792424.276,567696.372,0.34690194430005694,0.532885150506982,366851.836,366851.836,0.34694891518820076,0.532954929999448,366851.836,366851.836,0.3468986015841365,0.5328720126291734,13628
stockmarket,query4,8,1/4,10464.783207312226,10385.941332316957,303190722.0,332651073.0,0.0,0.0,28102.0,9989.058826459572,9912.718813611194,241098333.0,266137422.0,2280.0,0.0,28102.0,9581.21611261554,9502.368942779489,198192640.0,332651073.0,4162.0,0.0,28102.0,9577.012205723648,9502.368942779489,198192640.0,486932257.0,4162.0,0.0,28102.0,9578.023204504512,9502.368942779489,198192640.0,220794835.0,4162.0,0.0,28102.0,9576.912741855718,9502.368942779489,198192640.0,220794835.0,4162.0,0.0,28102.0,10385.941332316957,63.20328337699175,15.638591618277133,0.0,0.0,0.0,0.0,9912.718813611194,58.40622662939131,13.374955218285322,0.0,0.0029005855321884155,0.028657615184783936,4.527272799983621,9502.368942779489,63.20328337699175,15.638591618277133,0.0,0.005294840782880783,0.0,0.0,9502.368942779489,55.13786013610661,11.92885185405612,0.12311896958658827,0.005294840782880783,0.028657615184783936,7.419479528442025,9502.368942779489,55.13786013610661,11.92885185405612,1.1341177504509687,0.005294840782880783,0.028657615184783936,7.419479528442025,9502.368942779489,55.13786013610661,11.92885185405612,0.0,0.005294840782880783,0.05231271684169769,7.419479528442025,0.0,0.0,0.0,0.0,0.0,0.0,0.0,0.0,0.0,0.0,0.0,0.0,21.698313226923347,197334519.0,19.247832441702485,135621095.0,18.1010730471462,197334519.0,17.402793761184807,227403973.0,18.03046053647995,91782878.0,17.351126910187304,91782878.0,10443.084894085303,135316554.0,9969.81099401787,130516327.0,9563.115039568394,135316554.0,9559.609411962463,259528284.0,9559.992743968032,129011957.0,9559.56161494553,129011957.0,0.0,0.0,0.0,0.0,0.0,0.0,0.0,0.0,0.0,0.0,0.0,0.0,1330604.292,609478.624,0.380750102840364,0.5888517768111078,1064549.688,518801.78,0.36638289915211497,0.5825271014044059,1330604.292,609478.624,0.36213384246267377,0.5771109205348415,1927137.776,1326243.76,0.3618319171680572,0.5771297887505872,883179.34,863553.52,0.36186811146419495,0.5771934952713547,863553.52,863553.52,0.36182967939414085,0.5771109205348415,28102
stockmarket,query4,8,inf,10464.783207312226,10385.941332316957,303190722.0,332651073.0,0.0,0.0,28102.0,9989.058826459572,9912.718813611194,241098333.0,266137422.0,2280.0,0.0,28102.0,9579.545577486046,9500.69840128906,198130731.0,332651073.0,4167.0,0.0,28102.0,9575.32713195679,9500.69840128906,198130731.0,486876099.0,4167.0,0.0,28102.0,9576.338130737655,9500.69840128906,198130731.0,220738677.0,4167.0,0.0,28102.0,9575.227730934508,9500.69840128906,198130731.0,220738677.0,4167.0,0.0,28102.0,10385.941332316957,63.20328337699175,15.638591618277133,0.0,0.0,0.0,0.0,9912.718813611194,58.40622662939131,13.374955218285322,0.0,0.0029005855321884155,0.028657615184783936,4.527272799983621,9500.69840128906,63.20328337699175,15.638591618277133,0.0,0.005301201716065407,0.0,0.0,9500.69840128906,55.121576056815684,11.927106412127614,0.12311896958658827,0.005301201716065407,0.028657615184783936,7.422970412299037,9500.69840128906,55.121576056815684,11.927106412127614,1.1341177504509687,0.005301201716065407,0.028657615184783936,7.422970412299037,9500.69840128906,55.121576056815684,11.927106412127614,0.0,0.005301201716065407,0.052375562489032745,7.422970412299037,0.0,0.0,0.0,0.0,0.0,0.0,0.0,0.0,0.0,0.0,0.0,0.0,21.698313226923347,197334519.0,19.247832441702485,135621095.0,18.099236958660185,197334519.0,17.400596462963517,227347815.0,18.02826323825866,91726720.0,17.34894218109548,91726720.0,10443.084894085303,135316554.0,9969.81099401787,130516327.0,9561.446340527385,135316554.0,9557.926535493827,259528284.0,9558.309867499396,129011957.0,9557.878788753413,129011957.0,0.0,0.0,0.0,0.0,0.0,0.0,0.0,0.0,0.0,0.0,0.0,0.0,1330604.292,609478.624,0.380750102840364,0.5888517768111078,1064549.688,518801.78,0.36638289915211497,0.5825271014044059,1330604.292,609478.624,0.3621237105000764,0.5771109205348415,1947504.396,1346161.132,0.3618217852054598,0.5771297887505872,882954.708,882954.708,0.3618579795015976,0.5771934952713547,882954.708,882954.708,0.3618195474315435,0.5771109205348415,28102
stockmarket,query5,2,1/4,3354.4324831524864,3327.654183297418,51471389.0,58840149.0,0.0,0.0,8710.0,3230.787395228632,3205.272752779536,45424111.0,52238656.0,507.0,0.0,8710.0,3199.2628558715805,3172.48364513088,42748558.0,58840149.0,716.0,0.0,8710.0,3197.614749170237,3172.48364513088,42748558.0,101601709.0,716.0,0.0,8710.0,3198.044858084526,3172.48364513088,42748558.0,49363053.0,716.0,0.0,8710.0,3197.593209770508,3172.48364513088,42748558.0,49363053.0,716.0,0.0,8710.0,3327.654183297418,23.006315419450402,3.7719844356179237,0.0,0.0,0.0,0.0,3205.272752779536,21.403161494992673,3.439505464397371,0.0,0.000644998624920845,0.0063725486397743225,0.6649579424411058,3172.48364513088,23.006315419450402,3.7719844356179237,0.0,0.0009108856320381165,0.0,0.0,3172.48364513088,20.860047414898872,3.304362028837204,0.02416634778745338,0.0009108856320381165,0.0063725486397743225,0.9352448135614395,3172.48364513088,20.860047414898872,3.304362028837204,0.45427526207640767,0.0009108856320381165,0.0063725486397743225,0.9352448135614395,3172.48364513088,20.860047414898872,3.304362028837204,0.0,0.0009108856320381165,0.008999496698379517,0.9352448135614395,0.0,0.0,0.0,0.0,0.0,0.0,0.0,0.0,0.0,0.0,0.0,0.0,3.006109345704317,15562850.0,2.5678273886442184,11233070.0,2.407019568607211,15562850.0,2.3244733490711362,20219380.0,2.474318547639996,8986310.0,2.320873050019145,8986310.0,3351.426373806782,43277299.0,3228.2195678399876,41005586.0,3196.8558363029733,43277299.0,3195.290275821166,81382329.0,3195.570539536886,40376743.0,3195.272336720489,40376743.0,0.0,0.0,0.0,0.0,0.0,0.0,0.0,0.0,0.0,0.0,0.0,0.0,235360.596,191991.736,0.30405566036701204,0.5679735712483525,208954.624,170156.096,0.30081348604150115,0.551243959090486,235360.596,191991.736,0.29851163931749763,0.5512455625405533,406406.836,361158.88,0.29840544866440316,0.5511788027760393,197452.212,197452.212,0.2985119920950383,0.5512606066645122,197452.212,197452.212,0.29840157595649364,0.5511647035010158,8710
stockmarket,query5,2,inf,3354.4324831524864,3327.654183297418,51471389.0,58840149.0,0.0,0.0,8710.0,3230.787395228632,3205.272752779536,45424111.0,52238656.0,507.0,0.0,8710.0,3199.2628558715805,3172.48364513088,42748558.0,58840149.0,716.0,0.0,8710.0,3197.614749170237,3172.48364513088,42748558.0,101601709.0,716.0,0.0,8710.0,3198.044858084526,3172.48364513088,42748558.0,49363053.0,716.0,0.0,8710.0,3197.593209770508,3172.48364513088,42748558.0,49363053.0,716.0,0.0,8710.0,3327.654183297418,23.006315419450402,3.7719844356179237,0.0,0.0,0.0,0.0,3205.272752779536,21.403161494992673,3.439505464397371,0.0,0.000644998624920845,0.0063725486397743225,0.6649579424411058,3172.48364513088,23.006315419450402,3.7719844356179237,0.0,0.0009108856320381165,0.0,0.0,3172.48364513088,20.860047414898872,3.304362028837204,0.02416634778745338,0.0009108856320381165,0.0063725486397743225,0.9352448135614395,3172.48364513088,20.860047414898872,3.304362028837204,0.45427526207640767,0.0009108856320381165,0.0063725486397743225,0.9352448135614395,3172.48364513088,20.860047414898872,3.304362028837204,0.0,0.0009108856320381165,0.008999496698379517,0.9352448135614395,0.0,0.0,0.0,0.0,0.0,0.0,0.0,0.0,0.0,0.0,0.0,0.0,3.006109345704317,15562850.0,2.5678273886442184,11233070.0,2.407019568607211,15562850.0,2.3244733490711362,20219380.0,2.474318547639996,8986310.0,2.320873050019145,8986310.0,3351.426373806782,43277299.0,3228.2195678399876,41005586.0,3196.8558363029733,43277299.0,3195.290275821166,81382329.0,3195.570539536886,40376743.0,3195.272336720489,40376743.0,0.0,0.0,0.0,0.0,0.0,0.0,0.0,0.0,0.0,0.0,0.0,0.0,235360.596,191991.736,0.30405566036701204,0.5679735712483525,208954.624,170156.096,0.30081348604150115,0.551243959090486,235360.596,191991.736,0.29851163931749763,0.5512455625405533,406406.836,361158.88,0.29840544866440316,0.5511788027760393,197452.212,197452.212,0.2985119920950383,0.5512606066645122,197452.212,197452.212,0.29840157595649364,0.5511647035010158,8710
stockmarket,query5,4,1/4,6854.350063474849,6796.268053039908,106604197.0,121499292.0,0.0,0.0,17550.0,6573.75245659519,6518.03776856605,95178493.0,109036876.0,1052.0,0.0,17550.0,6494.349403527565,6436.2651972984895,85962291.0,121499292.0,1726.0,0.0,17550.0,6491.173809873072,6436.2651972984895,85962291.0,208254914.0,1726.0,0.0,17550.0,6492.165545549244,6436.2651972984895,85962291.0,99218038.0,1726.0,0.0,17550.0,6491.13183945138,6436.2651972984895,85962291.0,99218038.0,1726.0,0.0,17550.0,6796.268053039908,50.251989148557186,7.830021286383271,0.0,0.0,0.0,0.0,6518.03776856605,47.241705304943025,7.201620913110673,0.0,0.0013383403420448303,0.013222724199295044,1.2568007465451956,6436.2651972984895,50.251989148557186,7.830021286383271,0.0,0.0021957941353321075,0.0,0.0,6436.2651972984895,45.96451533399522,6.781805865466595,0.050442014952938846,0.0021957941353321075,0.013222724199295044,2.096430841833353,6436.2651972984895,45.96451533399522,6.781805865466595,1.0421776911243796,0.0021957941353321075,0.013222724199295044,2.096430841833353,6436.2651972984895,45.96451533399522,6.781805865466595,0.0,0.0021957941353321075,0.02169431746006012,2.096430841833353,0.0,0.0,0.0,0.0,0.0,0.0,0.0,0.0,0.0,0.0,0.0,0.0,6.017489288002253,31084302.0,5.218833916820586,23082110.0,4.50990688148886,31084302.0,4.304408328670883,37671410.0,4.611808557063341,14589300.0,4.299713120795786,14589300.0,6848.332574186847,90414990.0,6568.533622678369,85954766.0,6489.839496646076,90414990.0,6486.869401544402,170583504.0,6487.55373699218,84628738.0,6486.832126330584,84628738.0,0.0,0.0,0.0,0.0,0.0,0.0,0.0,0.0,0.0,0.0,0.0,0.0,485997.168,306940.344,0.34163081013597546,0.6597523680901152,436147.504,284133.728,0.3375381015948951,0.6492718877276402,485997.168,306940.344,0.33136727291345597,0.6491621833654116,827318.868,647081.812,0.3311689677115073,0.6491770985571039,396872.152,391351.452,0.3312561331279576,0.6492589716251935,391351.452,391351.452,0.3311656142603606,0.6491621833654116,17550
stockmarket,query5,4,inf,6854.350063474849,6796.268053039908,106604197.0,121499292.0,0.0,0.0,17550.0,6573.75245659519,6518.03776856605,95178493.0,109036876.0,1052.0,0.0,17550.0,6494.349403527565,6436.2651972984895,85962291.0,121499292.0,1726.0,0.0,17550.0,6491.173809873072,6436.2651972984895,85962291.0,208254914.0,1726.0,0.0,17550.0,6492.165545549244,6436.2651972984895,85962291.0,99218038.0,1726.0,0.0,17550.0,6491.13183945138,6436.2651972984895,85962291.0,99218038.0,1726.0,0.0,17550.0,6796.268053039908,50.251989148557186,7.830021286383271,0.0,0.0,0.0,0.0,6518.03776856605,47.241705304943025,7.201620913110673,0.0,0.0013383403420448303,0.013222724199295044,1.2568007465451956,6436.2651972984895,50.251989148557186,7.830021286383271,0.0,0.0021957941353321075,0.0,0.0,6436.2651972984895,45.96451533399522,6.781805865466595,0.050442014952938846,0.0021957941353321075,0.013222724199295044,2.096430841833353,6436.2651972984895,45.96451533399522,6.781805865466595,1.0421776911243796,0.0021957941353321075,0.013222724199295044,2.096430841833353,6436.2651972984895,45.96451533399522,6.781805865466595,0.0,0.0021957941353321075,0.02169431746006012,2.096430841833353,0.0,0.0,0.0,0.0,0.0,0.0,0.0,0.0,0.0,0.0,0.0,0.0,6.017489288002253,31084302.0,5.218833916820586,23082110.0,4.50990688148886,31084302.0,4.304408328670883,37671410.0,4.611808557063341,14589300.0,4.299713120795786,14589300.0,6848.332574186847,90414990.0,6568.533622678369,85954766.0,6489.839496646076,90414990.0,6486.869401544402,170583504.0,6487.55373699218,84628738.0,6486.832126330584,84628738.0,0.0,0.0,0.0,0.0,0.0,0.0,0.0,0.0,0.0,0.0,0.0,0.0,485997.168,306940.344,0.34163081013597546,0.6597523680901152,436147.504,284133.728,0.3375381015948951,0.6492718877276402,485997.168,306940.344,0.33136727291345597,0.6491621833654116,833019.656,652782.6,0.3311689677115073,0.6491770985571039,396872.152,396872.152,0.3312561331279576,0.6492589716251935,396872.152,396872.152,0.3311656142603606,0.6491621833654116,17550
stockmarket,query5,8,1/4,13940.111861363053,13835.355562732555,204257772.0,232157215.0,0.0,0.0,36105.0,13371.51887259446,13271.224149392918,178490342.0,204204429.0,2372.0,0.0,36105.0,13043.043060885742,12938.28112392407,152265999.0,232157215.0,4432.0,0.0,36105.0,13034.465316103922,12938.28112392407,152265999.0,380134271.0,4432.0,0.0,36105.0,13036.21307574492,12938.28112392407,152265999.0,175929842.0,4432.0,0.0,36105.0,13034.396740627475,12938.28112392407,152265999.0,175929842.0,4432.0,0.0,36105.0,13835.355562732555,90.2069175671786,14.549381063319743,0.0,0.0,0.0,0.0,13271.224149392918,84.38110603578389,13.217976562678814,0.0,0.003017626702785492,0.0298139750957489,2.6628090012818575,12938.28112392407,90.2069175671786,14.549381063319743,0.0,0.005638331174850464,0.0,0.0,12938.28112392407,78.82067624013871,11.86516637634486,0.09446788315059887,0.005638331174850464,0.0298139750957489,5.368429373949766,12938.28112392407,78.82067624013871,11.86516637634486,1.8422275241464376,0.005638331174850464,0.0298139750957489,5.368429373949766,12938.28112392407,78.82067624013871,11.86516637634486,0.0,0.005638331174850464,0.05570638179779053,5.368429373949766,0.0,0.0,0.0,0.0,0.0,0.0,0.0,0.0,0.0,0.0,0.0,0.0,12.928444885648787,66687571.0,10.869656360708177,46621291.0,9.014344449155033,66687571.0,8.452155365825371,71945242.0,9.071598353330046,25323951.0,8.446399656124413,25323951.0,13927.183416477405,165469644.0,13360.649216233753,157583138.0,13034.028716436587,165469644.0,13026.013160738097,308189029.0,13027.14147739159,150605891.0,13025.95034097135,150605891.0,0.0,0.0,0.0,0.0,0.0,0.0,0.0,0.0,0.0,0.0,0.0,0.0,928628.86,474679.296,0.36095013030432166,0.5416852781942112,816817.716,446785.572,0.35373883827775715,0.535686589534208,928628.86,474679.296,0.349105844521895,0.5339169684292747,1517139.316,1066520.736,0.3488103554072504,0.533909227037205,703719.368,700373.672,0.3488808241924271,0.5339849546590817,700373.672,700373.672,0.34880785572342576,0.5338939695021135,36105
stockmarket,query5,8,inf,13940.111861363053,13835.355562732555,204257772.0,232157215.0,0.0,0.0,36105.0,13371.51887259446,13271.224149392918,178490342.0,204204429.0,2372.0,0.0,36105.0,13043.043060885742,12938.28112392407,152265999.0,232157215.0,4432.0,0.0,36105.0,13034.465316103922,12938.28112392407,152265999.0,380134271.0,4432.0,0.0,36105.0,13036.21307574492,12938.28112392407,152265999.0,175929842.0,4432.0,0.0,36105.0,13034.396740627475,12938.28112392407,152265999.0,175929842.0,4432.0,0.0,36105.0,13835.355562732555,90.2069175671786,14.549381063319743,0.0,0.0,0.0,0.0,13271.224149392918,84.38110603578389,13.217976562678814,0.0,0.003017626702785492,0.0298139750957489,2.6628090012818575,12938.28112392407,90.2069175671786,14.549381063319743,0.0,0.005638331174850464,0.0,0.0,12938.28112392407,78.82067624013871,11.86516637634486,0.09446788315059887,0.005638331174850464,0.0298139750957489,5.368429373949766,12938.28112392407,78.82067624013871,11.86516637634486,1.8422275241464376,0.005638331174850464,0.0298139750957489,5.368429373949766,12938.28112392407,78.82067624013871,11.86516637634486,0.0,0.005638331174850464,0.05570638179779053,5.368429373949766,0.0,0.0,0.0,0.0,0.0,0.0,0.0,0.0,0.0,0.0,0.0,0.0,12.928444885648787,66687571.0,10.869656360708177,46621291.0,9.014344449155033,66687571.0,8.452155365825371,71945242.0,9.071598353330046,25323951.0,8.446399656124413,25323951.0,13927.183416477405,165469644.0,13360.649216233753,157583138.0,13034.028716436587,165469644.0,13026.013160738097,308189029.0,13027.14147739159,150605891.0,13025.95034097135,150605891.0,0.0,0.0,0.0,0.0,0.0,0.0,0.0,0.0,0.0,0.0,0.0,0.0,928628.86,474679.296,0.36095013030432166,0.5416852781942112,816817.716,446785.572,0.35373883827775715,0.535686589534208,928628.86,474679.296,0.349105844521895,0.5339169684292747,1520537.084,1069918.504,0.3488103554072504,0.533909227037205,703719.368,703719.368,0.3488808241924271,0.5339849546590817,703719.368,703719.368,0.34880785572342576,0.5338939695021135,36105
yelp,query1,2,1/4,6.7379179541021585,5.969495916739106,2652024.0,1107898.0,0.0,0.0,1688.0,6.573705496266484,5.837209238670766,2559050.0,1107898.0,94.0,0.0,1688.0,6.105240137316287,5.3365254970267415,2461954.0,1107898.0,230.0,0.0,1688.0,6.0285278822117085,5.3365254970267415,2461954.0,2215796.0,230.0,0.0,1688.0,6.034296971745789,5.3365254970267415,2461954.0,1107898.0,230.0,0.0,1688.0,6.029724754393101,5.3365254970267415,2461954.0,1107898.0,230.0,0.0,1688.0,5.969495916739106,0.7048808382824063,0.06354119908064604,0.0,0.0,0.0,0.0,5.837209238670766,0.671653974801302,0.06354119908064604,0.0,0.0001195855438709259,0.0011814981698989868,0.0,5.3365254970267415,0.7048808382824063,0.06354119908064604,0.0,0.00029260292649269104,0.0,0.0,5.3365254970267415,0.6264745555818081,0.06354119908064604,0.0005125294261212238,0.00029260292649269104,0.0011814981698989868,0.0,5.3365254970267415,0.6264745555818081,0.06354119908064604,0.00628161896020174,0.00029260292649269104,0.0011814981698989868,0.0,5.3365254970267415,0.6264745555818081,0.06354119908064604,0.0,0.00029260292649269104,0.0028908997774124146,0.0,1.492801334708929,345448.0,1.394998769275844,345448.0,1.3443929282948375,345448.0,1.2848665926557894,690896.0,1.288704177364707,345448.0,1.2859134199097753,345448.0,0.0,0.0,0.0,0.0,0.0,0.0,0.0,0.0,0.0,0.0,0.0,0.0,5.2451166193932295,762450.0,5.17870672699064,762450.0,4.760847209021449,762450.0,4.743661289555919,1524900.0,4.745592794381082,762450.0,4.7438113344833255,762450.0,0.0,0.0,0.0,0.0,0.0,0.0,0.0,0.0,0.0,0.0,0.0,0.0,4431.592,4431.592,0.002347615670412779,0.010222212395071983,4431.592,4431.592,0.0023288088347762823,0.010222212395071983,4431.592,4431.592,0.002034414280205965,0.00990991301164031,8863.184,8863.184,0.0020274822900049464,0.009910989348878949,4431.592,4431.592,0.0020310757234692574,0.009917165426257996,4431.592,4431.592,0.002027385478839278,0.00990991301164031,1688
yelp,query1,2,inf,6.7379179541021585,5.969495916739106,2652024.0,1107898.0,0.0,0.0,1688.0,6.573705496266484,5.837209238670766,2559050.0,1107898.0,94.0,0.0,1688.0,6.105240137316287,5.3365254970267415,2461954.0,1107898.0,230.0,0.0,1688.0,6.0285278822117085,5.3365254970267415,2461954.0,2215796.0,230.0,0.0,1688.0,6.034296971745789,5.3365254970267415,2461954.0,1107898.0,230.0,0.0,1688.0,6.029724754393101,5.3365254970267415,2461954.0,1107898.0,230.0,0.0,1688.0,5.969495916739106,0.7048808382824063,0.06354119908064604,0.0,0.0,0.0,0.0,5.837209238670766,0.671653974801302,0.06354119908064604,0.0,0.0001195855438709259,0.0011814981698989868,0.0,5.3365254970267415,0.7048808382824063,0.06354119908064604,0.0,0.00029260292649269104,0.0,0.0,5.3365254970267415,0.6264745555818081,0.06354119908064604,0.0005125294261212238,0.00029260292649269104,0.0011814981698989868,0.0,5.3365254970267415,0.6264745555818081,0.06354119908064604,0.00628161896020174,0.00029260292649269104,0.0011814981698989868,0.0,5.3365254970267415,0.6264745555818081,0.06354119908064604,0.0,0.00029260292649269104,0.0028908997774124146,0.0,1.492801334708929,345448.0,1.394998769275844,345448.0,1.3443929282948375,345448.0,1.2848665926557894,690896.0,1.288704177364707,345448.0,1.2859134199097753,345448.0,0.0,0.0,0.0,0.0,0.0,0.0,0.0,0.0,0.0,0.0,0.0,0.0,5.2451166193932295,762450.0,5.17870672699064,762450.0,4.760847209021449,762450.0,4.743661289555919,1524900.0,4.745592794381082,762450.0,4.7438113344833255,762450.0,0.0,0.0,0.0,0.0,0.0,0.0,0.0,0.0,0.0,0.0,0.0,0.0,4431.592,4431.592,0.002347615670412779,0.010222212395071983,4431.592,4431.592,0.0023288088347762823,0.010222212395071983,4431.592,4431.592,0.002034414280205965,0.00990991301164031,8863.184,8863.184,0.0020274822900049464,0.009910989348878949,4431.592,4431.592,0.0020310757234692574,0.009917165426257996,4431.592,4431.592,0.002027385478839278,0.00990991301164031,1688
yelp,query1,4,1/4,14.28179030213505,12.479300268925726,6286157.0,3243340.0,0.0,0.0,3560.0,13.934319828636944,12.207372922450304,6038809.0,3243340.0,209.0,0.0,3560.0,11.546116643585265,9.742498180828989,5473405.0,3243340.0,887.0,0.0,3560.0,11.230442845018045,9.742498180828989,5473405.0,6486680.0,887.0,0.0,3560.0,11.241505667567253,9.742498180828989,5473405.0,3243340.0,887.0,0.0,3560.0,11.237464299425483,9.742498180828989,5473405.0,3243340.0,887.0,0.0,3560.0,12.479300268925726,1.5859820246696472,0.21650800853967667,0.0,0.0,0.0,0.0,12.207372922450304,1.5075460625812411,0.21650800853967667,0.0,0.0002658870071172714,0.002626948058605194,0.0,9.742498180828989,1.5859820246696472,0.21650800853967667,0.0,0.0011284295469522476,0.0,0.0,9.742498180828989,1.266180862672627,0.21650800853967667,0.0015004153711948303,0.0011284295469522476,0.002626948058605194,0.0,9.742498180828989,1.266180862672627,0.21650800853967667,0.01256323792040348,0.0011284295469522476,0.002626948058605194,0.0,9.742498180828989,1.266180862672627,0.21650800853967667,0.0,0.0011284295469522476,0.011148817837238312,0.0,3.127310655079782,533380.0,2.901351965032518,533380.0,2.568210704252124,533380.0,2.3377799484284574,1066760.0,2.3435292900539935,533380.0,2.3435915196314454,533380.0,0.0,0.0,0.0,0.0,0.0,0.0,0.0,0.0,0.0,0.0,0.0,0.0,11.154479647055268,2709960.0,11.032967863604426,2709960.0,8.97790593933314,2709960.0,8.892662896589586,5419920.0,8.89797637751326,2709960.0,8.893872779794037,2709960.0,0.0,0.0,0.0,0.0,0.0,0.0,0.0,0.0,0.0,0.0,0.0,0.0,12973.36,12684.788,0.0018741033952683211,0.010849859673157334,12973.36,12684.788,0.001859770329669118,0.010849859673157334,12973.36,12684.788,0.0013819456845521926,0.010609611681103704,25946.72,25658.148,0.001362221859395504,0.010611075688176598,12973.36,12973.36,0.001362221859395504,0.010616692778840659,12973.36,12973.36,0.0013625235185027122,0.010609611681103704,3560
yelp,query1,4,inf,14.28179030213505,12.479300268925726,6286157.0,3243340.0,0.0,0.0,3560.0,13.934319828636944,12.207372922450304,6038809.0,3243340.0,209.0,0.0,3560.0,11.546116643585265,9.742498180828989,5473405.0,3243340.0,887.0,0.0,3560.0,11.230442845018045,9.742498180828989,5473405.0,6486680.0,887.0,0.0,3560.0,11.241505667567253,9.742498180828989,5473405.0,3243340.0,887.0,0.0,3560.0,11.237464299425483,9.742498180828989,5473405.0,3243340.0,887.0,0.0,3560.0,12.479300268925726,1.5859820246696472,0.21650800853967667,0.0,0.0,0.0,0.0,12.207372922450304,1.5075460625812411,0.21650800853967667,0.0,0.0002658870071172714,0.002626948058605194,0.0,9.742498180828989,1.5859820246696472,0.21650800853967667,0.0,0.0011284295469522476,0.0,0.0,9.742498180828989,1.266180862672627,0.21650800853967667,0.0015004153711948303,0.0011284295469522476,0.002626948058605194,0.0,9.742498180828989,1.266180862672627,0.21650800853967667,0.01256323792040348,0.0011284295469522476,0.002626948058605194,0.0,9.742498180828989,1.266180862672627,0.21650800853967667,0.0,0.0011284295469522476,0.011148817837238312,0.0,3.127310655079782,533380.0,2.901351965032518,533380.0,2.568210704252124,533380.0,2.3377799484284574,1066760.0,2.3435292900539935,533380.0,2.3435915196314454,533380.0,0.0,0.0,0.0,0.0,0.0,0.0,0.0,0.0,0.0,0.0,0.0,0.0,11.154479647055268,2709960.0,11.032967863604426,2709960.0,8.97790593933314,2709960.0,8.892662896589586,5419920.0,8.89797637751326,2709960.0,8.893872779794037,2709960.0,0.0,0.0,0.0,0.0,0.0,0.0,0.0,0.0,0.0,0.0,0.0,0.0,12973.36,12684.788,0.0018741033952683211,0.010849859673157334,12973.36,12684.788,0.001859770329669118,0.010849859673157334,12973.36,12684.788,0.0013819456845521926,0.010609611681103704,25946.72,25658.148,0.001362221859395504,0.010611075688176598,12973.36,12973.36,0.001362221859395504,0.010616692778840659,12973.36,12973.36,0.0013625235185027122,0.010609611681103704,3560
yelp,query1,8,1/4,27.170167293399572,23.880745308473706,11305412.0,5155397.0,0.0,0.0,6874.0,26.522908821702003,23.3631253214553,10908732.0,5155397.0,369.0,0.0,6874.0,18.764923120848835,15.47242244426161,9214580.0,5155397.0,2420.0,0.0,6874.0,17.90736779248767,15.47242244426161,9214580.0,10310794.0,2420.0,0.0,6874.0,17.925826386082917,15.47242244426161,9214580.0,5155397.0,2420.0,0.0,6874.0,17.93076211679727,15.47242244426161,9214580.0,5155397.0,2420.0,0.0,6874.0,23.880745308473706,2.9574636137112975,0.3319583712145686,0.0,0.0,0.0,0.0,23.3631253214553,2.822717683389783,0.3319583712145686,0.0,0.0004694368690252304,0.004638008773326874,0.0,15.47242244426161,2.9574636137112975,0.3319583712145686,0.0,0.0030786916613578796,0.0,0.0,15.47242244426161,2.092885316349566,0.3319583712145686,0.002384960227238499,0.0030786916613578796,0.004638008773326874,0.0,15.47242244426161,2.092885316349566,0.3319583712145686,0.020843553822487593,0.0030786916613578796,0.004638008773326874,0.0,15.47242244426161,2.092885316349566,0.3319583712145686,0.0,0.0030786916613578796,0.030417293310165405,0.0,6.057361926883459,807257.0,5.664229578338563,807257.0,4.607705934904516,807257.0,4.030804002089918,1614514.0,4.039281925652176,807257.0,4.048178164288402,807257.0,0.0,0.0,0.0,0.0,0.0,0.0,0.0,0.0,0.0,0.0,0.0,0.0,21.112805366516113,4348140.0,20.85867924336344,4348140.0,14.157217185944319,4348140.0,13.87656379039775,8696280.0,13.886544460430741,4348140.0,13.882583952508867,4348140.0,0.0,0.0,0.0,0.0,0.0,0.0,0.0,0.0,0.0,0.0,0.0,0.0,20621.588,19349.332,0.0015531332325190307,0.011024672552011908,20621.588,19349.332,0.0015372458826750518,0.011024672552011908,20621.588,19349.332,0.0010372866708785295,0.010241742497496306,40639.016,39313.62,0.000980554699897766,0.010241822421328482,20621.588,20319.508,0.000980554699897766,0.010242770398780701,20319.508,20319.508,0.0009815099537372589,0.010241742497496306,6874
yelp,query1,8,inf,27.170167293399572,23.880745308473706,11305412.0,5155397.0,0.0,0.0,6874.0,26.522908821702003,23.3631253214553,10908732.0,5155397.0,369.0,0.0,6874.0,18.764923120848835,15.47242244426161,9214580.0,5155397.0,2420.0,0.0,6874.0,17.90736779248767,15.47242244426161,9214580.0,10310794.0,2420.0,0.0,6874.0,17.925826386082917,15.47242244426161,9214580.0,5155397.0,2420.0,0.0,6874.0,17.93076211679727,15.47242244426161,9214580.0,5155397.0,2420.0,0.0,6874.0,23.880745308473706,2.9574636137112975,0.3319583712145686,0.0,0.0,0.0,0.0,23.3631253214553,2.822717683389783,0.3319583712145686,0.0,0.0004694368690252304,0.004638008773326874,0.0,15.47242244426161,2.9574636137112975,0.3319583712145686,0.0,0.0030786916613578796,0.0,0.0,15.47242244426161,2.092885316349566,0.3319583712145686,0.002384960227238499,0.0030786916613578796,0.004638008773326874,0.0,15.47242244426161,2.092885316349566,0.3319583712145686,0.020843553822487593,0.0030786916613578796,0.004638008773326874,0.0,15.47242244426161,2.092885316349566,0.3319583712145686,0.0,0.0030786916613578796,0.030417293310165405,0.0,6.057361926883459,807257.0,5.664229578338563,807257.0,4.607705934904516,807257.0,4.030804002089918,1614514.0,4.039281925652176,807257.0,4.048178164288402,807257.0,0.0,0.0,0.0,0.0,0.0,0.0,0.0,0.0,0.0,0.0,0.0,0.0,21.112805366516113,4348140.0,20.85867924336344,4348140.0,14.157217185944319,4348140.0,13.87656379039775,8696280.0,13.886544460430741,4348140.0,13.882583952508867,4348140.0,0.0,0.0,0.0,0.0,0.0,0.0,0.0,0.0,0.0,0.0,0.0,0.0,20621.588,19349.332,0.0015531332325190307,0.011024672552011908,20621.588,19349.332,0.0015372458826750518,0.011024672552011908,20621.588,19349.332,0.0010372866708785295,0.010241742497496306,41243.176,39313.62,0.000980554699897766,0.010241822421328482,20621.588,20621.588,0.000980554699897766,0.010242770398780701,20621.588,20621.588,0.0009815099537372589,0.010241742497496306,6874
yelp,query2,2,1/4,16.915511487051845,8.152347477152944,62974980.0,69467944.0,0.0,0.0,2435.0,15.988088886253536,7.504917439073324,60627411.0,67814497.0,579.0,0.0,2435.0,15.484853491187096,6.720699720084667,54065615.0,69467944.0,778.0,0.0,2435.0,15.049530176672699,6.720699720084667,54065615.0,127752770.0,778.0,0.0,2435.0,15.216600276064128,6.720699720084667,54065615.0,59938273.0,778.0,0.0,2435.0,15.020659479312599,6.720699720084667,54065615.0,59938273.0,778.0,0.0,2435.0,8.152347477152944,5.213941333815455,3.5492226760834455,0.0,0.0,0.0,0.0,7.504917439073324,4.811105199158192,3.4343932261690497,0.0,0.0007365960627794266,0.007277525961399078,0.22965889982879162,6.720699720084667,5.213941333815455,3.5492226760834455,0.0,0.0009897612035274506,0.0,0.0,6.720699720084667,4.047954467125237,2.857208603993058,0.03137195412403439,0.0009897612035274506,0.007277525961399078,1.3840281441807747,6.720699720084667,4.047954467125237,2.857208603993058,0.19844205351546407,0.0009897612035274506,0.007277525961399078,1.3840281441807747,6.720699720084667,4.047954467125237,2.857208603993058,0.0,0.0009897612035274506,0.009778782725334167,1.3840281441807747,3.6442046659067273,15074274.0,2.906192272901535,14849001.0,3.040307642892003,15074274.0,2.7098199854599008,29352150.0,2.817161879502237,14503149.0,2.7046725964173675,14503149.0,0.0,0.0,0.0,0.0,0.0,0.0,0.0,0.0,0.0,0.0,0.0,0.0,13.271306821145117,54393670.0,13.081896613352,52965496.0,12.444545848295093,54393670.0,12.339710191212797,98400620.0,12.39943839656189,45435124.0,12.315986882895231,45435124.0,0.0,0.0,0.0,0.0,0.0,0.0,0.0,0.0,0.0,0.0,0.0,0.0,277871.776,201713.476,0.004808958770707249,0.02325918178055435,271257.988,198714.184,0.004688757587224245,0.02316333715002983,277871.776,201713.476,0.003985354384407401,0.02257975659258663,504387.388,418040.032,0.0038317031023906876,0.022512536670508454,239753.092,233129.4,0.003950499292463064,0.0226604317234829,233129.4,233129.4,0.003822446106001735,0.02246613894179463,2435
yelp,query2,2,inf,16.915511487051845,8.152347477152944,62974980.0,69467944.0,0.0,0.0,2435.0,15.988088886253536,7.504917439073324,60627411.0,67814497.0,579.0,0.0,2435.0,15.484853491187096,6.720699720084667,54065615.0,69467944.0,778.0,0.0,2435.0,15.049530176672699,6.720699720084667,54065615.0,127752770.0,778.0,0.0,2435.0,15.216600276064128,6.720699720084667,54065615.0,59938273.0,778.0,0.0,2435.0,15.020659479312599,6.720699720084667,54065615.0,59938273.0,778.0,0.0,2435.0,8.152347477152944,5.213941333815455,3.5492226760834455,0.0,0.0,0.0,0.0,7.504917439073324,4.811105199158192,3.4343932261690497,0.0,0.0007365960627794266,0.007277525961399078,0.22965889982879162,6.720699720084667,5.213941333815455,3.5492226760834455,0.0,0.0009897612035274506,0.0,0.0,6.720699720084667,4.047954467125237,2.857208603993058,0.03137195412403439,0.0009897612035274506,0.007277525961399078,1.3840281441807747,6.720699720084667,4.047954467125237,2.857208603993058,0.19844205351546407,0.0009897612035274506,0.007277525961399078,1.3840281441807747,6.720699720084667,4.047954467125237,2.857208603993058,0.0,0.0009897612035274506,0.009778782725334167,1.3840281441807747,3.6442046659067273,15074274.0,2.906192272901535,14849001.0,3.040307642892003,15074274.0,2.7098199854599008,29352150.0,2.817161879502237,14503149.0,2.7046725964173675,14503149.0,0.0,0.0,0.0,0.0,0.0,0.0,0.0,0.0,0.0,0.0,0.0,0.0,13.271306821145117,54393670.0,13.081896613352,52965496.0,12.444545848295093,54393670.0,12.339710191212797,98400620.0,12.39943839656189,45435124.0,12.315986882895231,45435124.0,0.0,0.0,0.0,0.0,0.0,0.0,0.0,0.0,0.0,0.0,0.0,0.0,277871.776,201713.476,0.004808958770707249,0.02325918178055435,271257.988,198714.184,0.004688757587224245,0.02316333715002983,277871.776,201713.476,0.003985354384407401,0.02257975659258663,511011.08,424663.724,0.0038317031023906876,0.022512536670508454,239753.092,239753.092,0.003950499292463064,0.0226604317234829,239753.092,239753.092,0.003822446106001735,0.02246613894179463,2435
yelp,query2,4,1/4,34.60075814276934,16.589188393205404,130372486.0,143456108.0,0.0,0.0,4954.0,32.58231782075018,15.168516943231225,125481709.0,140060862.0,1237.0,0.0,4954.0,29.664961965754628,11.650737162679434,99376397.0,143456108.0,2087.0,0.0,4954.0,28.356716423023126,11.650737162679434,99376397.0,249031487.0,2087.0,0.0,4954.0,28.69851433299482,11.650737162679434,99376397.0,108970625.0,2087.0,0.0,4954.0,28.302606029435992,11.650737162679434,99376397.0,108970625.0,2087.0,0.0,4954.0,16.589188393205404,10.725113158114254,7.286456591449678,0.0,0.0,0.0,0.0,15.168516943231225,9.871197066269815,7.047431079670787,0.0,0.001573694869875908,0.015548013150691986,0.4780510235577822,11.650737162679434,10.725113158114254,7.286456591449678,0.0,0.00265505351126194,0.0,0.0,11.650737162679434,6.83793193846941,4.78786308132112,0.0647941536340926,0.00265505351126194,0.015548013150691986,4.997187020257115,11.650737162679434,6.83793193846941,4.78786308132112,0.40659206360578537,0.00265505351126194,0.015548013150691986,4.997187020257115,11.650737162679434,6.83793193846941,4.78786308132112,0.0,0.00265505351126194,0.02623177319765091,4.997187020257115,7.426904801279306,30715957.0,5.858768071047962,30306893.0,5.884665670804679,30715957.0,5.025331234731676,58797167.0,5.246871544513851,28490274.0,5.018512944690883,28490274.0,0.0,0.0,0.0,0.0,0.0,0.0,0.0,0.0,0.0,0.0,0.0,0.0,27.17385334149003,112740151.0,26.723549749702215,109753969.0,23.78029629494995,112740151.0,23.33138518829145,190234320.0,23.451642788480967,80480351.0,23.28409308474511,80480351.0,0.0,0.0,0.0,0.0,0.0,0.0,0.0,0.0,0.0,0.0,0.0,0.0,573824.432,306071.648,0.0036145116202533243,0.02523514058422297,560243.448,300921.236,0.0034423264302313327,0.02498457179758697,573824.432,306071.648,0.003012249261140823,0.023012028829380863,981276.308,689490.724,0.002870677306456225,0.022679070702459756,435882.5,422635.116,0.0029869810631498695,0.022839107674360266,422635.116,422635.116,0.002863129276782274,0.022638603117130687,4954
yelp,query2,4,inf,34.60075814276934,16.589188393205404,130372486.0,143456108.0,0.0,0.0,4954.0,32.58231782075018,15.168516943231225,125481709.0,140060862.0,1237.0,0.0,4954.0,29.664961965754628,11.650737162679434,99376397.0,143456108.0,2087.0,0.0,4954.0,28.356716423023126,11.650737162679434,99376397.0,249031487.0,2087.0,0.0,4954.0,28.69851433299482,11.650737162679434,99376397.0,108970625.0,2087.0,0.0,4954.0,28.302606029435992,11.650737162679434,99376397.0,108970625.0,2087.0,0.0,4954.0,16.589188393205404,10.725113158114254,7.286456591449678,0.0,0.0,0.0,0.0,15.168516943231225,9.871197066269815,7.047431079670787,0.0,0.001573694869875908,0.015548013150691986,0.4780510235577822,11.650737162679434,10.725113158114254,7.286456591449678,0.0,0.00265505351126194,0.0,0.0,11.650737162679434,6.83793193846941,4.78786308132112,0.0647941536340926,0.00265505351126194,0.015548013150691986,4.997187020257115,11.650737162679434,6.83793193846941,4.78786308132112,0.40659206360578537,0.00265505351126194,0.015548013150691986,4.997187020257115,11.650737162679434,6.83793193846941,4.78786308132112,0.0,0.00265505351126194,0.02623177319765091,4.997187020257115,7.426904801279306,30715957.0,5.858768071047962,30306893.0,5.884665670804679,30715957.0,5.025331234731676,58797167.0,5.246871544513851,28490274.0,5.018512944690883,28490274.0,0.0,0.0,0.0,0.0,0.0,0.0,0.0,0.0,0.0,0.0,0.0,0.0,27.17385334149003,112740151.0,26.723549749702215,109753969.0,23.78029629494995,112740151.0,23.33138518829145,190234320.0,23.451642788480967,80480351.0,23.28409308474511,80480351.0,0.0,0.0,0.0,0.0,0.0,0.0,0.0,0.0,0.0,0.0,0.0,0.0,573824.432,306071.648,0.0036145116202533243,0.02523514058422297,560243.448,300921.236,0.0034423264302313327,0.02498457179758697,573824.432,306071.648,0.003012249261140823,0.023012028829380863,996125.948,704340.364,0.002870677306456225,0.022679070702459756,435882.5,435882.5,0.0029869810631498695,0.022839107674360266,435882.5,435882.5,0.002863129276782274,0.022638603117130687,4954
yelp,query2,8,1/4,71.17485734261572,33.8250111117959,284615691.0,311861193.0,0.0,0.0,10158.0,66.79489447455853,30.772756768390536,271924545.0,302018910.0,2693.0,0.0,10158.0,57.76775958389044,20.41116949170828,194679292.0,311861193.0,5301.0,0.0,10158.0,54.30624592416811,20.41201632656157,194680734.0,513308739.0,5300.0,0.0,10158.0,54.98056837776676,20.41201632656157,194680734.0,211289829.0,5300.0,0.0,10158.0,54.19803079217672,20.41116949170828,194679292.0,211289829.0,5301.0,0.0,10158.0,33.8250111117959,22.251035505905747,15.098810724914074,0.0,0.0,0.0,0.0,30.772756768390536,20.207416645251215,14.420175053179264,0.0,0.0034259986132383347,0.03384866565465927,1.3572713434696198,20.41116949170828,22.251035505905747,15.098810724914074,0.0,0.006743861362338066,0.0,0.0,20.41201632656157,11.648091569542885,8.13179293461144,0.13971825801658413,0.006742589175701141,0.03384866565465927,13.934035580605268,20.41201632656157,11.648091569542885,8.13179293461144,0.8140407116152346,0.006742589175701141,0.03384866565465927,13.934035580605268,20.41116949170828,11.647659968584776,8.13179293461144,0.0,0.006743861362338066,0.06662895530462265,13.934035580605268,15.340077011846006,63287494.0,11.895390093326569,61624753.0,11.443871798925102,63287494.0,9.26397108126501,114830655.0,9.706012956798077,53205902.0,9.256910413503647,53205902.0,0.0,0.0,0.0,0.0,0.0,0.0,0.0,0.0,0.0,0.0,0.0,0.0,55.83478033076972,248573699.0,54.899504381231964,240394157.0,46.323887784965336,248573699.0,45.0422748429031,398478084.0,45.27455542096868,158083927.0,44.94112037867308,158083927.0,0.0,0.0,0.0,0.0,0.0,0.0,0.0,0.0,0.0,0.0,0.0,0.0,1247444.772,461259.0,0.0025847526509314776,0.027087706128507846,1208075.64,457576.32,0.0024003104288130997,0.02689516708366572,1247444.772,461259.0,0.0022006782721728088,0.022142470995895558,1937350.644,1132022.812,0.0020384531749742924,0.021368320811712305,845159.316,741491.792,0.002148339033126831,0.021554097810387602,741491.792,741491.792,0.0020323589760810135,0.021327319449745107,10158
yelp,query2,8,inf,71.17485734261572,33.8250111117959,284615691.0,311861193.0,0.0,0.0,10158.0,66.79489447455853,30.772756768390536,271924545.0,302018910.0,2693.0,0.0,10158.0,57.59694410208613,20.240320933051407,194169179.0,311861193.0,5327.0,0.0,10158.0,54.11146138348508,20.240320933051407,194169179.0,512754993.0,5327.0,0.0,10158.0,54.78578383708373,20.240320933051407,194169179.0,210736083.0,5327.0,0.0,10158.0,54.0048502124846,20.240320933051407,194169179.0,210736083.0,5327.0,0.0,10158.0,33.8250111117959,22.251035505905747,15.098810724914074,0.0,0.0,0.0,0.0,30.772756768390536,20.207416645251215,14.420175053179264,0.0,0.0034259986132383347,0.03384866565465927,1.3572713434696198,20.240320933051407,22.251035505905747,15.098810724914074,0.0,0.0067769382148981094,0.0,0.0,20.240320933051407,11.590475636534393,8.097300497815013,0.13971825801658413,0.0067769382148981094,0.03384866565465927,14.003020454198122,20.240320933051407,11.590475636534393,8.097300497815013,0.8140407116152346,0.0067769382148981094,0.03384866565465927,14.003020454198122,20.240320933051407,11.590475636534393,8.097300497815013,0.0,0.0067769382148981094,0.06695575267076492,14.003020454198122,15.340077011846006,63287494.0,11.895390093326569,61624753.0,11.431204127147794,63287494.0,9.243207178340056,114699699.0,9.685249053873122,53074946.0,9.237587072886527,53074946.0,0.0,0.0,0.0,0.0,0.0,0.0,0.0,0.0,0.0,0.0,0.0,0.0,55.83478033076972,248573699.0,54.899504381231964,240394157.0,46.16573997493833,248573699.0,44.86825420514502,398055294.0,45.100534783210605,157661137.0,44.76726313959807,157661137.0,0.0,0.0,0.0,0.0,0.0,0.0,0.0,0.0,0.0,0.0,0.0,0.0,1247444.772,461259.0,0.0025847526509314776,0.027087706128507846,1208075.64,457576.32,0.0024003104288130997,0.02689516708366572,1247444.772,461259.0,0.0021989893689751626,0.022100947314687064,2051019.972,1228208.952,0.0020317130202758015,0.021319746400215785,842944.332,842944.332,0.00214159887842834,0.021505523398891082,842944.332,842944.332,0.002026075452566147,0.02127881303224712,10158
yelp,query3,2,1/4,4.239031869918108,2.4287685584276915,12230866.0,11566989.0,0.0,0.0,1340.0,4.0926559790968895,2.3312115045264363,11936691.0,11400145.0,118.0,0.0,1340.0,4.047868598252535,2.237355938181281,11549422.0,11566989.0,196.0,0.0,1340.0,3.957708741119464,2.237355938181281,11549422.0,22536172.0,196.0,0.0,1340.0,4.010397082660347,2.237355938181281,11549422.0,11136027.0,196.0,0.0,1340.0,3.9534152634441853,2.237355938181281,11549422.0,11136027.0,196.0,0.0,1340.0,2.4287685584276915,1.2547016199678183,0.5555616915225983,0.0,0.0,0.0,0.0,2.3312115045264363,1.1943531334400177,0.5456653172150254,0.0,0.00015011802315711975,0.0014831572771072388,0.019792748615145683,2.237355938181281,1.2547016199678183,0.5555616915225983,0.0,0.00024934858083724976,0.0,0.0,2.237355938181281,1.1337501034140587,0.5315270591527224,0.0052738697737054665,0.00024934858083724976,0.0014831572771072388,0.048069264739751816,2.237355938181281,1.1337501034140587,0.5315270591527224,0.057962211314588785,0.00024934858083724976,0.0014831572771072388,0.048069264739751816,2.237355938181281,1.1337501034140587,0.5315270591527224,0.0,0.00024934858083724976,0.0024635493755340576,0.048069264739751816,2.4279086543247104,8604332.0,2.2956097070127726,8604332.0,2.277465995401144,8604332.0,2.1935978737986717,17111390.0,2.241297979373485,8507058.0,2.1905600717291236,8507058.0,0.0,0.0,0.0,0.0,0.0,0.0,0.0,0.0,0.0,0.0,0.0,0.0,1.8111232155933976,2962657.0,1.797046272084117,2795813.0,1.7704026028513908,2962657.0,1.7641108673207921,5424782.0,1.7690991032868624,2628969.0,1.7628551917150617,2628969.0,0.0,0.0,0.0,0.0,0.0,0.0,0.0,0.0,0.0,0.0,0.0,0.0,46267.956,34502.56,0.001960780218937378,0.005679270396619913,45600.58,33835.184,0.0019338531306518716,0.005655811405231655,46267.956,34502.56,0.0019175162150520785,0.005637820308598188,90144.688,74310.932,0.001910385941551511,0.0056334360665721925,44544.108,44544.108,0.0019495888756444822,0.005717003395543376,44544.108,44544.108,0.0019079988826111501,0.005623993132195551,1340
yelp,query3,2,inf,4.239031869918108,2.4287685584276915,12230866.0,11566989.0,0.0,0.0,1340.0,4.0926559790968895,2.3312115045264363,11936691.0,11400145.0,118.0,0.0,1340.0,4.047868598252535,2.237355938181281,11549422.0,11566989.0,196.0,0.0,1340.0,3.957708741119464,2.237355938181281,11549422.0,22536172.0,196.0,0.0,1340.0,4.010397082660347,2.237355938181281,11549422.0,11136027.0,196.0,0.0,1340.0,3.9534152634441853,2.237355938181281,11549422.0,11136027.0,196.0,0.0,1340.0,2.4287685584276915,1.2547016199678183,0.5555616915225983,0.0,0.0,0.0,0.0,2.3312115045264363,1.1943531334400177,0.5456653172150254,0.0,0.00015011802315711975,0.0014831572771072388,0.019792748615145683,2.237355938181281,1.2547016199678183,0.5555616915225983,0.0,0.00024934858083724976,0.0,0.0,2.237355938181281,1.1337501034140587,0.5315270591527224,0.0052738697737054665,0.00024934858083724976,0.0014831572771072388,0.048069264739751816,2.237355938181281,1.1337501034140587,0.5315270591527224,0.057962211314588785,0.00024934858083724976,0.0014831572771072388,0.048069264739751816,2.237355938181281,1.1337501034140587,0.5315270591527224,0.0,0.00024934858083724976,0.0024635493755340576,0.048069264739751816,2.4279086543247104,8604332.0,2.2956097070127726,8604332.0,2.277465995401144,8604332.0,2.1935978737986717,17111390.0,2.241297979373485,8507058.0,2.1905600717291236,8507058.0,0.0,0.0,0.0,0.0,0.0,0.0,0.0,0.0,0.0,0.0,0.0,0.0,1.8111232155933976,2962657.0,1.797046272084117,2795813.0,1.7704026028513908,2962657.0,1.7641108673207921,5424782.0,1.7690991032868624,2628969.0,1.7628551917150617,2628969.0,0.0,0.0,0.0,0.0,0.0,0.0,0.0,0.0,0.0,0.0,0.0,0.0,46267.956,34502.56,0.001960780218937378,0.005679270396619913,45600.58,33835.184,0.0019338531306518716,0.005655811405231655,46267.956,34502.56,0.0019175162150520785,0.005637820308598188,90144.688,74310.932,0.001910385941551511,0.0056334360665721925,44544.108,44544.108,0.0019495888756444822,0.005717003395543376,44544.108,44544.108,0.0019079988826111501,0.005623993132195551,1340
yelp,query3,4,1/4,8.740641045384109,4.9824844021350145,26498238.0,25042211.0,0.0,0.0,2722.0,8.522819171659648,4.8363083293661475,25725841.0,24374835.0,140.0,0.0,2722.0,8.188983049243689,4.43019921798259,22909173.0,25042211.0,493.0,0.0,2722.0,7.923427898575256,4.43019921798259,22909173.0,46399736.0,493.0,0.0,2722.0,8.028361702803522,4.43019921798259,22909173.0,22024901.0,493.0,0.0,2722.0,7.916588654741645,4.43019921798259,22909173.0,22024901.0,493.0,0.0,2722.0,4.9824844021350145,2.604088525287807,1.1540681179612875,0.0,0.0,0.0,0.0,4.8363083293661475,2.490919442847371,1.1144826207309961,0.0,0.0001781061291694641,0.0017596781253814697,0.07917099446058273,4.43019921798259,2.604088525287807,1.1540681179612875,0.0,0.0006271880120038986,0.0,0.0,4.43019921798259,2.180901352316141,1.0094719203189015,0.011276146535465829,0.0006271880120038986,0.0017596781253814697,0.2891923952847719,4.43019921798259,2.180901352316141,1.0094719203189015,0.1162099507637322,0.0006271880120038986,0.0017596781253814697,0.2891923952847719,4.43019921798259,2.180901352316141,1.0094719203189015,0.0,0.0006271880120038986,0.0061965808272361755,0.2891923952847719,5.05549755692482,18500185.0,4.893983457237482,18500185.0,4.642696508206427,18500185.0,4.3964655448591055,34650436.0,4.490982751827687,16150251.0,4.392243444919586,16150251.0,0.0,0.0,0.0,0.0,0.0,0.0,0.0,0.0,0.0,0.0,0.0,0.0,3.685143488459289,6542026.0,3.6288357144221663,5874650.0,3.5462865410372615,6542026.0,3.526962353716151,11749300.0,3.5373789509758353,5874650.0,3.5243452098220587,5874650.0,0.0,0.0,0.0,0.0,0.0,0.0,0.0,0.0,0.0,0.0,0.0,0.0,100168.844,57922.828,0.0015580769013613463,0.006903473464027045,97499.34,55253.324,0.0015357352308928967,0.006723256182670592,100168.844,57922.828,0.0014945530164986848,0.006748185657337306,185598.944,133640.944,0.0014870312817091096,0.006710146597402183,88099.604,88099.604,0.0015060688694939017,0.006814396422635763,88099.604,88099.604,0.001486132176592946,0.006700003218837081,2722
yelp,query3,4,inf,8.740641045384109,4.9824844021350145,26498238.0,25042211.0,0.0,0.0,2722.0,8.522819171659648,4.8363083293661475,25725841.0,24374835.0,140.0,0.0,2722.0,8.188983049243689,4.43019921798259,22909173.0,25042211.0,493.0,0.0,2722.0,7.923427898575256,4.43019921798259,22909173.0,46399736.0,493.0,0.0,2722.0,8.028361702803522,4.43019921798259,22909173.0,22024901.0,493.0,0.0,2722.0,7.916588654741645,4.43019921798259,22909173.0,22024901.0,493.0,0.0,2722.0,4.9824844021350145,2.604088525287807,1.1540681179612875,0.0,0.0,0.0,0.0,4.8363083293661475,2.490919442847371,1.1144826207309961,0.0,0.0001781061291694641,0.0017596781253814697,0.07917099446058273,4.43019921798259,2.604088525287807,1.1540681179612875,0.0,0.0006271880120038986,0.0,0.0,4.43019921798259,2.180901352316141,1.0094719203189015,0.011276146535465829,0.0006271880120038986,0.0017596781253814697,0.2891923952847719,4.43019921798259,2.180901352316141,1.0094719203189015,0.1162099507637322,0.0006271880120038986,0.0017596781253814697,0.2891923952847719,4.43019921798259,2.180901352316141,1.0094719203189015,0.0,0.0006271880120038986,0.0061965808272361755,0.2891923952847719,5.05549755692482,18500185.0,4.893983457237482,18500185.0,4.642696508206427,18500185.0,4.3964655448591055,34650436.0,4.490982751827687,16150251.0,4.392243444919586,16150251.0,0.0,0.0,0.0,0.0,0.0,0.0,0.0,0.0,0.0,0.0,0.0,0.0,3.685143488459289,6542026.0,3.6288357144221663,5874650.0,3.5462865410372615,6542026.0,3.526962353716151,11749300.0,3.5373789509758353,5874650.0,3.5243452098220587,5874650.0,0.0,0.0,0.0,0.0,0.0,0.0,0.0,0.0,0.0,0.0,0.0,0.0,100168.844,57922.828,0.0015580769013613463,0.006903473464027045,97499.34,55253.324,0.0015357352308928967,0.006723256182670592,100168.844,57922.828,0.0014945530164986848,0.006748185657337306,185598.944,133640.944,0.0014870312817091096,0.006710146597402183,88099.604,88099.604,0.0015060688694939017,0.006814396422635763,88099.604,88099.604,0.001486132176592946,0.006700003218837081,2722
yelp,query3,8,1/4,17.784891217015684,10.260756210424006,51121402.0,48543489.0,0.0,0.0,5441.0,17.25657204259187,9.900523697957397,48989318.0,46541361.0,321.0,0.0,5441.0,16.067488426342607,8.54168176651001,40534113.0,48543489.0,1314.0,0.0,5441.0,15.334157092254953,8.54168176651001,40534113.0,85682966.0,1314.0,0.0,5441.0,15.539906789548695,8.54168176651001,40534113.0,39141605.0,1314.0,0.0,5441.0,15.325107540003955,8.54168176651001,40534113.0,39141605.0,1314.0,0.0,5441.0,10.260756210424006,5.210563533008099,2.313571473583579,0.0,0.0,0.0,0.0,9.900523697957397,4.919277316890657,2.194814981892705,0.0,0.0004083719104528427,0.00403469055891037,0.2375129833817482,8.54168176651001,5.210563533008099,2.313571473583579,0.0,0.0016716532409191132,0.0,0.0,8.54168176651001,3.9881870932877064,1.8500917563214898,0.021530697811739625,0.0016716532409191132,0.00403469055891037,0.9269594345241785,8.54168176651001,3.9881870932877064,1.8500917563214898,0.22728039510548115,0.0016716532409191132,0.00403469055891037,0.9269594345241785,8.54168176651001,3.9881870932877064,1.8500917563214898,0.0,0.0016716532409191132,0.016515836119651794,0.9269594345241785,9.797120385803282,34849671.0,9.437724533490837,34849671.0,8.709383915178478,34849671.0,8.064214151855769,62966962.0,8.249104003421962,28117291.0,8.060045438818634,28117291.0,0.0,0.0,0.0,0.0,0.0,0.0,0.0,0.0,0.0,0.0,0.0,0.0,7.987770831212401,13693818.0,7.818847509101033,11691690.0,7.358104511164129,13693818.0,7.2699429403991855,22716004.0,7.290802786126733,11024314.0,7.265062101185322,11024314.0,0.0,0.0,0.0,0.0,0.0,0.0,0.0,0.0,0.0,0.0,0.0,0.0,194173.956,79839.596,0.0015022164173424243,0.007835647395998237,186165.444,71858.064,0.0014419117011129855,0.007494663031585512,194173.956,79839.596,0.0013799699079245329,0.007447711510397492,342731.864,213126.056,0.0013499796729232259,0.007359829525850117,156566.42,156566.42,0.0013641002587974072,0.007474106237199156,156566.42,156566.42,0.0013494790401309728,0.00734979985207319,5441
yelp,query3,8,inf,17.784891217015684,10.260756210424006,51121402.0,48543489.0,0.0,0.0,5441.0,17.25657204259187,9.900523697957397,48989318.0,46541361.0,321.0,0.0,5441.0,16.067488426342607,8.54168176651001,40534113.0,48543489.0,1314.0,0.0,5441.0,15.334157092254953,8.54168176651001,40534113.0,85682966.0,1314.0,0.0,5441.0,15.539906789548695,8.54168176651001,40534113.0,39141605.0,1314.0,0.0,5441.0,15.325107540003955,8.54168176651001,40534113.0,39141605.0,1314.0,0.0,5441.0,10.260756210424006,5.210563533008099,2.313571473583579,0.0,0.0,0.0,0.0,9.900523697957397,4.919277316890657,2.194814981892705,0.0,0.0004083719104528427,0.00403469055891037,0.2375129833817482,8.54168176651001,5.210563533008099,2.313571473583579,0.0,0.0016716532409191132,0.0,0.0,8.54168176651001,3.9881870932877064,1.8500917563214898,0.021530697811739625,0.0016716532409191132,0.00403469055891037,0.9269594345241785,8.54168176651001,3.9881870932877064,1.8500917563214898,0.22728039510548115,0.0016716532409191132,0.00403469055891037,0.9269594345241785,8.54168176651001,3.9881870932877064,1.8500917563214898,0.0,0.0016716532409191132,0.016515836119651794,0.9269594345241785,9.797120385803282,34849671.0,9.437724533490837,34849671.0,8.709383915178478,34849671.0,8.064214151855769,62966962.0,8.249104003421962,28117291.0,8.060045438818634,28117291.0,0.0,0.0,0.0,0.0,0.0,0.0,0.0,0.0,0.0,0.0,0.0,0.0,7.987770831212401,13693818.0,7.818847509101033,11691690.0,7.358104511164129,13693818.0,7.2699429403991855,22716004.0,7.290802786126733,11024314.0,7.265062101185322,11024314.0,0.0,0.0,0.0,0.0,0.0,0.0,0.0,0.0,0.0,0.0,0.0,0.0,194173.956,79839.596,0.0015022164173424243,0.007835647395998237,186165.444,71858.064,0.0014419117011129855,0.007494663031585512,194173.956,79839.596,0.0013799699079245329,0.007447711510397492,342731.864,213126.056,0.0013499796729232259,0.007359829525850117,156566.42,156566.42,0.0013641002587974072,0.007474106237199156,156566.42,156566.42,0.0013494790401309728,0.00734979985207319,5441
yelp,query4,2,1/4,15.98432806506753,6.954308643005788,99797607.0,104677027.0,0.0,0.0,2718.0,15.05068935174495,6.371481281705201,89816802.0,95518391.0,589.0,0.0,2718.0,14.724059864878654,5.693043048493564,82318799.0,104677027.0,784.0,0.0,2718.0,14.23773373680387,5.693043048493564,82318799.0,182595685.0,784.0,0.0,2718.0,14.371144065633416,5.693043048493564,82318799.0,87077294.0,784.0,0.0,2718.0,14.195996546186507,5.693043048493564,82318799.0,87077294.0,784.0,0.0,2718.0,6.954308643005788,5.506671261973679,3.5233481600880623,0.0,0.0,0.0,0.0,6.371481281705201,4.939411686733365,3.3150524720549583,0.0,0.000749317929148674,0.007403217256069183,0.4165913760662079,5.693043048493564,5.506671261973679,3.5233481600880623,0.0,0.000997394323348999,0.0,0.0,5.693043048493564,4.312124187126756,2.866718601435423,0.04418817086343027,0.000997394323348999,0.007403217256069183,1.3132591173052788,5.693043048493564,4.312124187126756,2.866718601435423,0.17759849969297647,0.000997394323348999,0.007403217256069183,1.3132591173052788,5.693043048493564,4.312124187126756,2.866718601435423,0.0,0.000997394323348999,0.00985419750213623,1.3132591173052788,4.950296292081475,21714284.0,4.182912910357118,21094931.0,4.353970699943602,21714284.0,3.9914753623660677,42124137.0,4.107919981703162,21029206.0,3.9835390700027347,21029206.0,0.0,0.0,0.0,0.0,0.0,0.0,0.0,0.0,0.0,0.0,0.0,0.0,11.034031772986054,82962743.0,10.867776441387832,74423460.0,10.370089164935052,82962743.0,10.246258374437803,140471548.0,10.263224083930254,66048088.0,10.212457476183772,66048088.0,0.0,0.0,0.0,0.0,0.0,0.0,0.0,0.0,0.0,0.0,0.0,0.0,418708.108,327536.572,0.002983905892819166,0.018824455419927826,382073.564,291488.24,0.0028866267297416926,0.01840188413150608,418708.108,327536.572,0.002721040362492204,0.018068898289464407,730382.74,622712.928,0.002672421770395859,0.01787515657586664,348309.176,348309.176,0.002735306310467422,0.017994102266244583,348309.176,348309.176,0.002666157813742757,0.01782256202232092,2718
yelp,query4,2,inf,15.98432806506753,6.954308643005788,99797607.0,104677027.0,0.0,0.0,2718.0,15.05068935174495,6.371481281705201,89816802.0,95518391.0,589.0,0.0,2718.0,14.724059864878654,5.693043048493564,82318799.0,104677027.0,784.0,0.0,2718.0,14.23773373680387,5.693043048493564,82318799.0,182595685.0,784.0,0.0,2718.0,14.371144065633416,5.693043048493564,82318799.0,87077294.0,784.0,0.0,2718.0,14.195996546186507,5.693043048493564,82318799.0,87077294.0,784.0,0.0,2718.0,6.954308643005788,5.506671261973679,3.5233481600880623,0.0,0.0,0.0,0.0,6.371481281705201,4.939411686733365,3.3150524720549583,0.0,0.000749317929148674,0.007403217256069183,0.4165913760662079,5.693043048493564,5.506671261973679,3.5233481600880623,0.0,0.000997394323348999,0.0,0.0,5.693043048493564,4.312124187126756,2.866718601435423,0.04418817086343027,0.000997394323348999,0.007403217256069183,1.3132591173052788,5.693043048493564,4.312124187126756,2.866718601435423,0.17759849969297647,0.000997394323348999,0.007403217256069183,1.3132591173052788,5.693043048493564,4.312124187126756,2.866718601435423,0.0,0.000997394323348999,0.00985419750213623,1.3132591173052788,4.950296292081475,21714284.0,4.182912910357118,21094931.0,4.353970699943602,21714284.0,3.9914753623660677,42124137.0,4.107919981703162,21029206.0,3.9835390700027347,21029206.0,0.0,0.0,0.0,0.0,0.0,0.0,0.0,0.0,0.0,0.0,0.0,0.0,11.034031772986054,82962743.0,10.867776441387832,74423460.0,10.370089164935052,82962743.0,10.246258374437803,140471548.0,10.263224083930254,66048088.0,10.212457476183772,66048088.0,0.0,0.0,0.0,0.0,0.0,0.0,0.0,0.0,0.0,0.0,0.0,0.0,418708.108,327536.572,0.002983905892819166,0.018824455419927826,382073.564,291488.24,0.0028866267297416926,0.01840188413150608,418708.108,327536.572,0.002721040362492204,0.018068898289464407,730382.74,622712.928,0.002672421770395859,0.01787515657586664,348309.176,348309.176,0.002735306310467422,0.017994102266244583,348309.176,348309.176,0.002666157813742757,0.01782256202232092,2718
yelp,query4,4,1/4,30.38852815143764,13.480444182641804,182291893.0,191853710.0,0.0,0.0,5144.0,28.901613566093147,12.54681580606848,163368278.0,173939594.0,911.0,0.0,5144.0,27.07492778636515,10.164738348685205,140547529.0,191853710.0,1655.0,0.0,5144.0,25.97319589217852,10.164738348685205,140547529.0,322774748.0,1655.0,0.0,5144.0,26.26363000040874,10.164738348685205,140547529.0,148835154.0,1655.0,0.0,5144.0,25.902080385945737,10.164738348685205,140547529.0,148835154.0,1655.0,0.0,5144.0,13.480444182641804,10.27945708297193,6.6286268858239055,0.0,0.0,0.0,0.0,12.54681580606848,9.318234770558774,6.233300221152604,0.0,0.0011589620262384415,0.011450476944446564,0.7906533293426037,10.164738348685205,10.27945708297193,6.6286268858239055,0.0,0.0021054688841104507,0.0,0.0,10.164738348685205,7.383573004044592,4.926392116583884,0.08046693855623772,0.0021054688841104507,0.011450476944446564,3.4044695384800434,10.164738348685205,7.383573004044592,4.926392116583884,0.3709010467864573,0.0021054688841104507,0.011450476944446564,3.4044695384800434,10.164738348685205,7.383573004044592,4.926392116583884,0.0,0.0021054688841104507,0.020801909267902374,3.4044695384800434,9.60891577694565,44674343.0,8.441151433624327,43708959.0,8.390258882194757,44674343.0,7.653090299604142,86711451.0,7.903265054803342,43002492.0,7.64010972995311,43002492.0,0.0,0.0,0.0,0.0,0.0,0.0,0.0,0.0,0.0,0.0,0.0,0.0,20.77961237449199,147179367.0,20.46046213246882,130230635.0,18.684668904170394,147179367.0,18.32010559257438,236063297.0,18.360364945605397,105832662.0,18.261970655992627,105832662.0,0.0,0.0,0.0,0.0,0.0,0.0,0.0,0.0,0.0,0.0,0.0,0.0,767414.84,445218.136,0.0024390865936875345,0.019223970047011964,695758.376,392427.656,0.002380524478852749,0.018936315868608646,767414.84,445218.136,0.002244053538888693,0.01748992924336343,1277213.352,932132.208,0.0022067786207637815,0.01708717710608623,595340.616,581774.104,0.0022718167807906867,0.01722533872127532,581774.104,581774.104,0.0022022682204842566,0.01704717579763382,5144
yelp,query4,4,inf,30.38852815143764,13.480444182641804,182291893.0,191853710.0,0.0,0.0,5144.0,28.901613566093147,12.54681580606848,163368278.0,173939594.0,911.0,0.0,5144.0,27.07492778636515,10.164738348685205,140547529.0,191853710.0,1655.0,0.0,5144.0,25.97319589217852,10.164738348685205,140547529.0,322774748.0,1655.0,0.0,5144.0,26.26363000040874,10.164738348685205,140547529.0,148835154.0,1655.0,0.0,5144.0,25.902080385945737,10.164738348685205,140547529.0,148835154.0,1655.0,0.0,5144.0,13.480444182641804,10.27945708297193,6.6286268858239055,0.0,0.0,0.0,0.0,12.54681580606848,9.318234770558774,6.233300221152604,0.0,0.0011589620262384415,0.011450476944446564,0.7906533293426037,10.164738348685205,10.27945708297193,6.6286268858239055,0.0,0.0021054688841104507,0.0,0.0,10.164738348685205,7.383573004044592,4.926392116583884,0.08046693855623772,0.0021054688841104507,0.011450476944446564,3.4044695384800434,10.164738348685205,7.383573004044592,4.926392116583884,0.3709010467864573,0.0021054688841104507,0.011450476944446564,3.4044695384800434,10.164738348685205,7.383573004044592,4.926392116583884,0.0,0.0021054688841104507,0.020801909267902374,3.4044695384800434,9.60891577694565,44674343.0,8.441151433624327,43708959.0,8.390258882194757,44674343.0,7.653090299604142,86711451.0,7.903265054803342,43002492.0,7.64010972995311,43002492.0,0.0,0.0,0.0,0.0,0.0,0.0,0.0,0.0,0.0,0.0,0.0,0.0,20.77961237449199,147179367.0,20.46046213246882,130230635.0,18.684668904170394,147179367.0,18.32010559257438,236063297.0,18.360364945605397,105832662.0,18.261970655992627,105832662.0,0.0,0.0,0.0,0.0,0.0,0.0,0.0,0.0,0.0,0.0,0.0,0.0,767414.84,445218.136,0.0024390865936875345,0.019223970047011964,695758.376,392427.656,0.002380524478852749,0.018936315868608646,767414.84,445218.136,0.002244053538888693,0.01748992924336343,1291098.992,945379.592,0.0022067786207637815,0.01708717710608623,595340.616,595340.616,0.0022718167807906867,0.01722533872127532,595340.616,595340.616,0.0022022682204842566,0.01704717579763382,5144
yelp,query4,8,1/4,61.160415454767644,27.524808845482767,352374583.0,370389039.0,0.0,0.0,10679.0,57.684568118304014,25.336697766557336,311724135.0,332431248.0,2201.0,0.0,10679.0,51.92084005847573,18.279644733294845,249435341.0,370389039.0,4393.0,0.0,10679.0,48.99597988641681,18.28038795851171,249436832.0,596920777.0,4392.0,0.0,10679.0,49.58313795598224,18.28038795851171,249436832.0,264489529.0,4392.0,0.0,10679.0,48.86861081793904,18.279644733294845,249435341.0,264489529.0,4393.0,0.0,10679.0,27.524808845482767,20.509211780503392,13.126394828781486,0.0,0.0,0.0,0.0,25.336697766557336,18.343586791306734,12.278970833867788,0.0,0.0028000827878713608,0.027664653956890106,1.6948479898273945,18.279644733294845,20.509211780503392,13.126394828781486,0.0,0.005588715896010399,0.0,0.0,18.28038795851171,13.050502374768257,8.774739641696215,0.15378743960382835,0.005587443709373474,0.027664653956890106,8.703310374170542,18.28038795851171,13.050502374768257,8.774739641696215,0.7409455091692507,0.005587443709373474,0.027664653956890106,8.703310374170542,18.279644733294845,13.050111167132854,8.774739641696215,0.0,0.005588715896010399,0.05521618574857712,8.703310374170542,19.85641839634627,92221406.0,17.058832094073296,89946836.0,16.64993162918836,92221406.0,14.712834737436069,176098581.0,15.213727503083646,86151745.0,14.691420699469745,86151745.0,0.0,0.0,0.0,0.0,0.0,0.0,0.0,0.0,0.0,0.0,0.0,0.0,41.30399705842137,278167633.0,40.62573602423072,242484412.0,35.270908429287374,278167633.0,34.28314514898074,420822196.0,34.36941045289859,178337784.0,34.1771901184693,178337784.0,0.0,0.0,0.0,0.0,0.0,0.0,0.0,0.0,0.0,0.0,0.0,0.0,1481556.156,589708.152,0.00240658968500793,0.018311384544894088,1329724.992,462167.272,0.0023222271390259267,0.017733804229833176,1481556.156,589708.152,0.0021377397645264864,0.01576257343925535,2304179.632,1360966.532,0.0020336561032791244,0.015229914002481729,1057958.116,980359.172,0.002094804571941495,0.015366720494721077,980359.172,980359.172,0.0020291663594543935,0.015205725443363181,10679
yelp,query4,8,inf,61.160415454767644,27.524808845482767,352374583.0,370389039.0,0.0,0.0,10679.0,57.684568118304014,25.336697766557336,311724135.0,332431248.0,2201.0,0.0,10679.0,51.889775642193854,18.248576500453055,247858631.0,370389039.0,4396.0,0.0,10679.0,48.95127948458167,18.248576500453055,247858631.0,595264854.0,4396.0,0.0,10679.0,49.538437554147094,18.248576500453055,247858631.0,262833606.0,4396.0,0.0,10679.0,48.82508128415793,18.248576500453055,247858631.0,262833606.0,4396.0,0.0,10679.0,27.524808845482767,20.509211780503392,13.126394828781486,0.0,0.0,0.0,0.0,25.336697766557336,18.343586791306734,12.278970833867788,0.0,0.0028000827878713608,0.027664653956890106,1.6948479898273945,18.248576500453055,20.509211780503392,13.126394828781486,0.0,0.005592532455921173,0.0,0.0,18.248576500453055,13.004898668266833,8.742029967717826,0.15378743960382835,0.005592532455921173,0.027664653956890106,8.768729722127318,18.248576500453055,13.004898668266833,8.742029967717826,0.7409455091692507,0.005592532455921173,0.027664653956890106,8.768729722127318,18.248576500453055,13.004898668266833,8.742029967717826,0.0,0.005592532455921173,0.05525389313697815,8.768729722127318,19.85641839634627,92221406.0,17.058832094073296,89946836.0,16.64915634598583,92221406.0,14.71048707811643,176098581.0,15.211379843764007,86151745.0,14.690218769945204,86151745.0,0.0,0.0,0.0,0.0,0.0,0.0,0.0,0.0,0.0,0.0,0.0,0.0,41.30399705842137,278167633.0,40.62573602423072,242484412.0,35.240619296208024,278167633.0,34.24079240646524,419166273.0,34.32705771038309,176681861.0,34.13486251421273,176681861.0,0.0,0.0,0.0,0.0,0.0,0.0,0.0,0.0,0.0,0.0,0.0,0.0,1481556.156,589708.152,0.00240658968500793,0.018311384544894088,1329724.992,462167.272,0.0023222271390259267,0.017733804229833176,1481556.156,589708.152,0.0021377299930900335,0.01576257343925535,2381059.416,1433668.676,0.002033050661649238,0.015229914002481729,1051334.424,1051334.424,0.0020941991303116084,0.015366720494721077,1051334.424,1051334.424,0.0020286869741976262,0.015205725443363181,10679
yelp,query5,2,1/4,9.914893197827041,5.239181263372302,39803935.0,40047732.0,0.0,0.0,2287.0,9.245463165454566,4.789619263261557,37972257.0,39091762.0,447.0,0.0,2287.0,9.224829377606511,4.548421557061374,36496865.0,40047732.0,547.0,0.0,2287.0,8.94793609730495,4.548421557061374,36496865.0,76625516.0,547.0,0.0,2287.0,9.101168571040034,4.548421557061374,36496865.0,37533754.0,547.0,0.0,2287.0,8.93110860325396,4.548421557061374,36496865.0,37533754.0,547.0,0.0,2287.0,5.239181263372302,2.977860397659242,1.697851536795497,0.0,0.0,0.0,0.0,4.789619263261557,2.6979878721758723,1.6440341118723154,0.0,0.0005686674267053604,0.005618400871753693,0.10763484984636307,4.548421557061374,2.977860397659242,1.697851536795497,0.0,0.0006958860903978348,0.0,0.0,4.548421557061374,2.5063954954966903,1.5269827228039503,0.01808440699769064,0.0006958860903978348,0.005618400871753693,0.34173762798309326,4.548421557061374,2.5063954954966903,1.5269827228039503,0.17131688073277473,0.0006958860903978348,0.005618400871753693,0.34173762798309326,4.548421557061374,2.5063954954966903,1.5269827228039503,0.0,0.0006958860903978348,0.006875313818454742,0.34173762798309326,4.406632513739169,21605929.0,3.8401632523164153,21112529.0,3.9779428662732244,21605929.0,3.7245580372051137,42225058.0,3.8546998659148812,21112529.0,3.715846886858344,21112529.0,0.0,0.0,0.0,0.0,0.0,0.0,0.0,0.0,0.0,0.0,0.0,0.0,5.5082606840878725,18441803.0,5.405299913138151,17979233.0,5.246886511333287,18441803.0,5.2233780600998365,34400458.0,5.246468705125153,16421225.0,5.2152617163956165,16421225.0,0.0,0.0,0.0,0.0,0.0,0.0,0.0,0.0,0.0,0.0,0.0,0.0,160190.928,121679.54,0.0030531770288944244,0.011592891214415429,156367.048,118074.864,0.0029728459287434814,0.011492689099907872,160190.928,121679.54,0.002818528439849615,0.011374386203102764,306502.064,257663.084,0.0027718979636474897,0.011373012645073932,150135.016,150135.016,0.002874742907471955,0.011520809530466792,150135.016,150135.016,0.002764730153605342,0.011354539344646034,2287
yelp,query5,2,inf,9.914893197827041,5.239181263372302,39803935.0,40047732.0,0.0,0.0,2287.0,9.245463165454566,4.789619263261557,37972257.0,39091762.0,447.0,0.0,2287.0,9.224829377606511,4.548421557061374,36496865.0,40047732.0,547.0,0.0,2287.0,8.94793609730495,4.548421557061374,36496865.0,76625516.0,547.0,0.0,2287.0,9.101168571040034,4.548421557061374,36496865.0,37533754.0,547.0,0.0,2287.0,8.93110860325396,4.548421557061374,36496865.0,37533754.0,547.0,0.0,2287.0,5.239181263372302,2.977860397659242,1.697851536795497,0.0,0.0,0.0,0.0,4.789619263261557,2.6979878721758723,1.6440341118723154,0.0,0.0005686674267053604,0.005618400871753693,0.10763484984636307,4.548421557061374,2.977860397659242,1.697851536795497,0.0,0.0006958860903978348,0.0,0.0,4.548421557061374,2.5063954954966903,1.5269827228039503,0.01808440699769064,0.0006958860903978348,0.005618400871753693,0.34173762798309326,4.548421557061374,2.5063954954966903,1.5269827228039503,0.17131688073277473,0.0006958860903978348,0.005618400871753693,0.34173762798309326,4.548421557061374,2.5063954954966903,1.5269827228039503,0.0,0.0006958860903978348,0.006875313818454742,0.34173762798309326,4.406632513739169,21605929.0,3.8401632523164153,21112529.0,3.9779428662732244,21605929.0,3.7245580372051137,42225058.0,3.8546998659148812,21112529.0,3.715846886858344,21112529.0,0.0,0.0,0.0,0.0,0.0,0.0,0.0,0.0,0.0,0.0,0.0,0.0,5.5082606840878725,18441803.0,5.405299913138151,17979233.0,5.246886511333287,18441803.0,5.2233780600998365,34400458.0,5.246468705125153,16421225.0,5.2152617163956165,16421225.0,0.0,0.0,0.0,0.0,0.0,0.0,0.0,0.0,0.0,0.0,0.0,0.0,160190.928,121679.54,0.0030531770288944244,0.011592891214415429,156367.048,118074.864,0.0029728459287434814,0.011492689099907872,160190.928,121679.54,0.002818528439849615,0.011374386203102764,306502.064,257663.084,0.0027718979636474897,0.011373012645073932,150135.016,150135.016,0.002874742907471955,0.011520809530466792,150135.016,150135.016,0.002764730153605342,0.011354539344646034,2287
yelp,query5,4,1/4,20.750385282561183,10.849608397111297,86056793.0,87384918.0,0.0,0.0,4621.0,19.22625656425953,9.813796759583056,82479417.0,85940661.0,1006.0,0.0,4621.0,18.482123309746385,8.579515747725964,73103577.0,87384918.0,1439.0,0.0,4621.0,17.70241409327964,8.579515747725964,73103577.0,161653920.0,1439.0,0.0,4621.0,18.01642607571557,8.579515747725964,73103577.0,75713259.0,1439.0,0.0,4621.0,17.668099150061607,8.579515747725964,73103577.0,75713259.0,1439.0,0.0,4621.0,10.849608397111297,6.257905141450465,3.6428717439994216,0.0,0.0,0.0,0.0,9.813796759583056,5.672251866199076,3.559459913522005,0.0,0.0012798197567462921,0.012644544243812561,0.16682366095483303,8.579515747725964,6.257905141450465,3.6428717439994216,0.0,0.0018306765705347061,0.0,0.0,8.579515747725964,4.70274711586535,2.919824855402112,0.03975737627724632,0.0018306765705347061,0.012644544243812561,1.4460937771946192,8.579515747725964,4.70274711586535,2.919824855402112,0.3537693587131798,0.0018306765705347061,0.012644544243812561,1.4460937771946192,8.579515747725964,4.70274711586535,2.919824855402112,0.0,0.0018306765705347061,0.018086977303028107,1.4460937771946192,8.67209380120039,41715747.0,7.405016575008631,40971531.0,7.570952329784632,41715747.0,6.914748941175375,80881723.0,7.17932436382398,39910192.0,6.9001438450068235,39910192.0,0.0,0.0,0.0,0.0,0.0,0.0,0.0,0.0,0.0,0.0,0.0,0.0,12.078291481360793,45669171.0,11.821239989250898,44969130.0,10.911170979961753,45669171.0,10.787665152104262,80772197.0,10.837101711891592,35803067.0,10.767955305054784,35803067.0,0.0,0.0,0.0,0.0,0.0,0.0,0.0,0.0,0.0,0.0,0.0,0.0,349539.672,201131.632,0.0027847278099507092,0.013784908477962014,343762.644,196620.628,0.002675202339887619,0.01362940450068563,349539.672,201131.632,0.0025859395433217285,0.013008436193689698,646615.68,459291.104,0.002549493664710342,0.01290994530640307,302853.036,302853.036,0.0026529909847304227,0.01304736386397853,302853.036,302853.036,0.00254239340685308,0.012893329906277354,4621
yelp,query5,4,inf,20.750385282561183,10.849608397111297,86056793.0,87384918.0,0.0,0.0,4621.0,19.22625656425953,9.813796759583056,82479417.0,85940661.0,1006.0,0.0,4621.0,18.482123309746385,8.579515747725964,73103577.0,87384918.0,1439.0,0.0,4621.0,17.70241409327964,8.579515747725964,73103577.0,161653920.0,1439.0,0.0,4621.0,18.01642607571557,8.579515747725964,73103577.0,75713259.0,1439.0,0.0,4621.0,17.668099150061607,8.579515747725964,73103577.0,75713259.0,1439.0,0.0,4621.0,10.849608397111297,6.257905141450465,3.6428717439994216,0.0,0.0,0.0,0.0,9.813796759583056,5.672251866199076,3.559459913522005,0.0,0.0012798197567462921,0.012644544243812561,0.16682366095483303,8.579515747725964,6.257905141450465,3.6428717439994216,0.0,0.0018306765705347061,0.0,0.0,8.579515747725964,4.70274711586535,2.919824855402112,0.03975737627724632,0.0018306765705347061,0.012644544243812561,1.4460937771946192,8.579515747725964,4.70274711586535,2.919824855402112,0.3537693587131798,0.0018306765705347061,0.012644544243812561,1.4460937771946192,8.579515747725964,4.70274711586535,2.919824855402112,0.0,0.0018306765705347061,0.018086977303028107,1.4460937771946192,8.67209380120039,41715747.0,7.405016575008631,40971531.0,7.570952329784632,41715747.0,6.914748941175375,80881723.0,7.17932436382398,39910192.0,6.9001438450068235,39910192.0,0.0,0.0,0.0,0.0,0.0,0.0,0.0,0.0,0.0,0.0,0.0,0.0,12.078291481360793,45669171.0,11.821239989250898,44969130.0,10.911170979961753,45669171.0,10.787665152104262,80772197.0,10.837101711891592,35803067.0,10.767955305054784,35803067.0,0.0,0.0,0.0,0.0,0.0,0.0,0.0,0.0,0.0,0.0,0.0,0.0,349539.672,201131.632,0.0027847278099507092,0.013784908477962014,343762.644,196620.628,0.002675202339887619,0.01362940450068563,349539.672,201131.632,0.0025859395433217285,0.013008436193689698,646615.68,459291.104,0.002549493664710342,0.01290994530640307,302853.036,302853.036,0.0026529909847304227,0.01304736386397853,302853.036,302853.036,0.00254239340685308,0.012893329906277354,4621
yelp,query5,8,1/4,40.997813063673675,21.73200013395399,165919422.0,167397437.0,0.0,0.0,9486.0,37.95854661799967,19.666985150426626,157412231.0,162744092.0,2098.0,0.0,9486.0,35.00264685694128,15.732429617084563,134471463.0,167397437.0,3462.0,0.0,9486.0,33.1338859869116,15.732429617084563,134471463.0,300836616.0,3462.0,0.0,9486.0,33.74072496080771,15.732429617084563,134471463.0,138092524.0,3462.0,0.0,9486.0,33.075742539949715,15.732429617084563,134471463.0,138092524.0,3462.0,0.0,9486.0,21.73200013395399,12.264819453470409,7.000993476249278,0.0,0.0,0.0,0.0,19.666985150426626,11.020180492661893,6.759645058773458,0.0,0.002669047564268112,0.026370033621788025,0.4826968349516392,15.732429617084563,12.264819453470409,7.000993476249278,0.0,0.0044043101370334625,0.0,0.0,15.732429617084563,8.410007882863283,5.11660054884851,0.0752877395548865,0.0044043101370334625,0.026370033621788025,3.7687858548015356,15.732429617084563,8.410007882863283,5.11660054884851,0.6821267134509981,0.0044043101370334625,0.026370033621788025,3.7687858548015356,15.732429617084563,8.410007882863283,5.11660054884851,0.0,0.0044043101370334625,0.043514326214790344,3.7687858548015356,17.471588463522494,82424369.0,14.885349029675126,79489505.0,14.865109225735068,82424369.0,13.343824530972512,155527603.0,13.859262963756919,76038098.0,13.320726764388382,76038098.0,0.0,0.0,0.0,0.0,0.0,0.0,0.0,0.0,0.0,0.0,0.0,0.0,23.52622460015118,84973068.0,23.073197588324547,83254587.0,20.137537631206214,84973068.0,19.79006145593909,145309013.0,19.881461997050792,62054426.0,19.755015775561333,62054426.0,0.0,0.0,0.0,0.0,0.0,0.0,0.0,0.0,0.0,0.0,0.0,0.0,669589.748,291025.364,0.0026259466372430323,0.014157691107876595,650976.368,275159.32,0.002481995236128569,0.014040970614925024,669589.748,291025.364,0.0024079989120364188,0.012577730113640424,1190885.432,753586.524,0.0023581698048673974,0.012350099972473258,552370.096,544032.44,0.002452131469734013,0.012488910664245482,544032.44,544032.44,0.002351052241399884,0.012334375325217839,9486
yelp,query5,8,inf,40.997813063673675,21.73200013395399,165919422.0,167397437.0,0.0,0.0,9486.0,37.95854661799967,19.666985150426626,157412231.0,162744092.0,2098.0,0.0,9486.0,35.00264685694128,15.732429617084563,134471463.0,167397437.0,3462.0,0.0,9486.0,33.1338859869116,15.732429617084563,134471463.0,300836616.0,3462.0,0.0,9486.0,33.74072496080771,15.732429617084563,134471463.0,138092524.0,3462.0,0.0,9486.0,33.075742539949715,15.732429617084563,134471463.0,138092524.0,3462.0,0.0,9486.0,21.73200013395399,12.264819453470409,7.000993476249278,0.0,0.0,0.0,0.0,19.666985150426626,11.020180492661893,6.759645058773458,0.0,0.002669047564268112,0.026370033621788025,0.4826968349516392,15.732429617084563,12.264819453470409,7.000993476249278,0.0,0.0044043101370334625,0.0,0.0,15.732429617084563,8.410007882863283,5.11660054884851,0.0752877395548865,0.0044043101370334625,0.026370033621788025,3.7687858548015356,15.732429617084563,8.410007882863283,5.11660054884851,0.6821267134509981,0.0044043101370334625,0.026370033621788025,3.7687858548015356,15.732429617084563,8.410007882863283,5.11660054884851,0.0,0.0044043101370334625,0.043514326214790344,3.7687858548015356,17.471588463522494,82424369.0,14.885349029675126,79489505.0,14.865109225735068,82424369.0,13.343824530972512,155527603.0,13.859262963756919,76038098.0,13.320726764388382,76038098.0,0.0,0.0,0.0,0.0,0.0,0.0,0.0,0.0,0.0,0.0,0.0,0.0,23.52622460015118,84973068.0,23.073197588324547,83254587.0,20.137537631206214,84973068.0,19.79006145593909,145309013.0,19.881461997050792,62054426.0,19.755015775561333,62054426.0,0.0,0.0,0.0,0.0,0.0,0.0,0.0,0.0,0.0,0.0,0.0,0.0,669589.748,291025.364,0.0026259466372430323,0.014157691107876595,650976.368,275159.32,0.002481995236128569,0.014040970614925024,669589.748,291025.364,0.0024079989120364188,0.012577730113640424,1203346.464,759809.024,0.0023581698048673974,0.012350099972473258,552370.096,552370.096,0.002452131469734013,0.012488910664245482,552370.096,552370.096,0.002351052241399884,0.012334375325217839,9486
yelp,query6,2,1/4,12.736255003139377,10.5820179162547,14023135.0,14222926.0,0.0,0.0,1605.0,11.354358264245093,9.294126477092505,13150858.0,13403550.0,137.0,3.0,1605.0,11.14253429044038,8.987974068149924,12991293.0,14222926.0,254.0,3.0,1605.0,10.989629026581367,8.987974068149924,12991293.0,21807166.0,254.0,3.0,1605.0,11.011709574144334,8.987974068149924,12991293.0,13371385.0,254.0,3.0,1605.0,10.987197102047503,8.987974068149924,12991293.0,13371385.0,254.0,3.0,1605.0,10.5820179162547,1.5407343422994018,0.6135027445852757,0.0,0.0,0.0,0.0,9.294126477092505,1.3952943114563823,0.5639642737805843,0.0,0.00017428956925868988,0.0017219707369804382,0.09907694160938263,8.987974068149924,1.5407343422994018,0.6135027445852757,0.0,0.0003231354057788849,0.0,0.0,8.987974068149924,1.3318507838994265,0.5631489334627986,0.003902512681505268,0.0003231354057788849,0.0017219707369804382,0.10070762224495411,8.987974068149924,1.3318507838994265,0.5631489334627986,0.025983060244470835,0.0003231354057788849,0.0017219707369804382,0.10070762224495411,8.987974068149924,1.3318507838994265,0.5631489334627986,0.0,0.0003231354057788849,0.0031925588846206665,0.10070762224495411,1.0255491100251675,1226535.0,1.012111695483327,1226535.0,0.9286887031048536,1226535.0,0.8719142495050961,2453070.0,0.8793416246771812,1226535.0,0.8725660424679518,1226535.0,0.0,0.0,0.0,0.0,0.0,0.0,0.0,0.0,0.0,0.0,0.0,0.0,11.71070589311421,12996391.0,10.342246568761766,12177015.0,10.213845587335527,12996391.0,10.117714777076271,19354096.0,10.132367949467152,12144850.0,10.114631059579551,12144850.0,0.0,0.0,0.0,0.0,0.0,0.0,0.0,0.0,0.0,0.0,0.0,0.0,56891.704,55085.772,0.006829247675836086,0.014893797248788174,53614.2,51808.268,0.006489956479519605,0.014711151704378424,56891.704,55085.772,0.006146763099357486,0.014667647084407506,87228.664,85294.072,0.006139422441885219,0.01465030232935857,53485.54,53356.88,0.006158069952391088,0.014675895051471887,53485.54,53356.88,0.006138133259490132,0.014643068896792826,1605
yelp,query6,2,inf,12.736255003139377,10.5820179162547,14023135.0,14222926.0,0.0,0.0,1605.0,11.354358264245093,9.294126477092505,13150858.0,13403550.0,137.0,0.0,1605.0,11.14253429044038,8.987974068149924,12991293.0,14222926.0,254.0,0.0,1605.0,10.991927187418082,8.987974068149924,12991293.0,26774935.0,254.0,0.0,1605.0,11.012566158547997,8.987974068149924,12991293.0,13371385.0,254.0,0.0,1605.0,10.987197102047503,8.987974068149924,12991293.0,13371385.0,254.0,0.0,1605.0,10.5820179162547,1.5407343422994018,0.6135027445852757,0.0,0.0,0.0,0.0,9.294126477092505,1.3952943114563823,0.5639642737805843,0.0,0.00017428956925868988,0.0017219707369804382,0.09907694160938263,8.987974068149924,1.5407343422994018,0.6135027445852757,0.0,0.0003231354057788849,0.0,0.0,8.987974068149924,1.3318507838994265,0.5631489334627986,0.0062006735182184,0.0003231354057788849,0.0017219707369804382,0.10070762224495411,8.987974068149924,1.3318507838994265,0.5631489334627986,0.02683964464813471,0.0003231354057788849,0.0017219707369804382,0.10070762224495411,8.987974068149924,1.3318507838994265,0.5631489334627986,0.0,0.0003231354057788849,0.0031925588846206665,0.10070762224495411,1.0255491100251675,1226535.0,1.012111695483327,1226535.0,0.9286887031048536,1226535.0,0.8719142495050961,2453070.0,0.8793416246771812,1226535.0,0.8725660424679518,1226535.0,0.0,0.0,0.0,0.0,0.0,0.0,0.0,0.0,0.0,0.0,0.0,0.0,11.71070589311421,12996391.0,10.342246568761766,12177015.0,10.213845587335527,12996391.0,10.120012937912986,24321865.0,10.133224533870816,12144850.0,10.114631059579551,12144850.0,0.0,0.0,0.0,0.0,0.0,0.0,0.0,0.0,0.0,0.0,0.0,0.0,56891.704,55085.772,0.006829247675836086,0.014893797248788174,53614.2,51808.268,0.006489956479519605,0.014711151704378424,56891.704,55085.772,0.006146763099357486,0.014667647084407506,107099.74,105165.148,0.006139422441885219,0.014655205072476892,53485.54,53485.54,0.006158069952391088,0.014677722431533036,53485.54,53485.54,0.006138133259490132,0.014643068896792826,1605
yelp,query6,4,1/4,21.81650143954903,18.417156317271292,21061311.0,20994956.0,0.0,0.0,2891.0,20.837660238146782,17.505698791705072,20732645.0,20796308.0,109.0,4.0,2891.0,19.477559155784547,16.07751051429659,19989856.0,20994956.0,553.0,4.0,2891.0,19.174071053353906,16.07751051429659,19989856.0,34707084.0,553.0,4.0,2891.0,19.21434121299535,16.07751051429659,19989856.0,20534468.0,553.0,4.0,2891.0,19.173095292411745,16.07751051429659,19989856.0,20534468.0,553.0,4.0,2891.0,18.417156317271292,2.499998881481588,0.8993462407961488,0.0,0.0,0.0,0.0,17.505698791705072,2.4167758468538523,0.8850155854597688,0.0,0.00013866834342479706,0.0013700351119041443,0.02866131067276001,16.07751051429659,2.499998881481588,0.8993462407961488,0.0,0.0007035192102193832,0.0,0.0,16.07751051429659,2.1591314394026995,0.8698933906853199,0.006556454425512524,0.0007035192102193832,0.0013700351119041443,0.05890570022165775,16.07751051429659,2.1591314394026995,0.8698933906853199,0.04682661406695843,0.0007035192102193832,0.0013700351119041443,0.05890570022165775,16.07751051429659,2.1591314394026995,0.8698933906853199,0.0,0.0007035192102193832,0.006950728595256805,0.05890570022165775,1.936029864475131,2237362.0,1.911799542605877,2237362.0,1.6137149762362242,2237362.0,1.4216123390980546,4474724.0,1.4348537102341652,2237362.0,1.4248508075252175,2237362.0,0.0,0.0,0.0,0.0,0.0,0.0,0.0,0.0,0.0,0.0,0.0,0.0,19.880471575073898,18757594.0,18.925860695540905,18558946.0,17.863844179548323,18757594.0,17.752458714255848,30232360.0,17.779487502761185,18297106.0,17.748244484886527,18297106.0,0.0,0.0,0.0,0.0,0.0,0.0,0.0,0.0,0.0,0.0,0.0,0.0,83979.824,74669.0,0.007146534476429224,0.014999698333442208,83185.232,74268.708,0.006588460801169276,0.014999087981507179,83979.824,74669.0,0.005545109981670976,0.014916461296379562,138828.336,129008.024,0.005536331130420263,0.014913713606435673,82137.872,82038.548,0.00556195006147027,0.014950334617868061,82137.872,82038.548,0.0055343132074922325,0.014904923787713046,2891
yelp,query6,4,inf,21.81650143954903,18.417156317271292,21061311.0,20994956.0,0.0,0.0,2891.0,20.837660238146782,17.505698791705072,20732645.0,20796308.0,109.0,0.0,2891.0,19.477559155784547,16.07751051429659,19989856.0,20994956.0,553.0,0.0,2891.0,19.177135267802853,16.07751051429659,19989856.0,41330776.0,553.0,0.0,2891.0,19.21548332553357,16.07751051429659,19989856.0,20534468.0,553.0,0.0,2891.0,19.173095292411745,16.07751051429659,19989856.0,20534468.0,553.0,0.0,2891.0,18.417156317271292,2.499998881481588,0.8993462407961488,0.0,0.0,0.0,0.0,17.505698791705072,2.4167758468538523,0.8850155854597688,0.0,0.00013866834342479706,0.0013700351119041443,0.02866131067276001,16.07751051429659,2.499998881481588,0.8993462407961488,0.0,0.0007035192102193832,0.0,0.0,16.07751051429659,2.1591314394026995,0.8698933906853199,0.009620668874463367,0.0007035192102193832,0.0013700351119041443,0.05890570022165775,16.07751051429659,2.1591314394026995,0.8698933906853199,0.047968726605176926,0.0007035192102193832,0.0013700351119041443,0.05890570022165775,16.07751051429659,2.1591314394026995,0.8698933906853199,0.0,0.0007035192102193832,0.006950728595256805,0.05890570022165775,1.936029864475131,2237362.0,1.911799542605877,2237362.0,1.6137149762362242,2237362.0,1.4216123390980546,4474724.0,1.4348537102341652,2237362.0,1.4248508075252175,2237362.0,0.0,0.0,0.0,0.0,0.0,0.0,0.0,0.0,0.0,0.0,0.0,0.0,19.880471575073898,18757594.0,18.925860695540905,18558946.0,17.863844179548323,18757594.0,17.7555229287048,36856052.0,17.780629615299404,18297106.0,17.748244484886527,18297106.0,0.0,0.0,0.0,0.0,0.0,0.0,0.0,0.0,0.0,0.0,0.0,0.0,83979.824,74669.0,0.007146534476429224,0.014999698333442208,83185.232,74268.708,0.006588460801169276,0.014999087981507179,83979.824,74669.0,0.005545109981670976,0.014916461296379562,165323.104,155502.792,0.005536331130420263,0.01491708424232952,82137.872,82137.872,0.00556195006147027,0.014951590941660103,82137.872,82137.872,0.0055343132074922325,0.014904923787713046,2891
yelp,query6,8,1/4,47.170332327485085,40.258050634525716,42818480.0,41834219.0,0.0,0.0,6170.0,42.198419821448624,35.616360309533775,40566894.0,40009211.0,496.0,9.0,6170.0,37.26681350544095,30.352110841311514,37871704.0,41834219.0,1903.0,9.0,6170.0,36.20505166314926,30.352110841311514,37871704.0,63665401.0,1903.0,9.0,6170.0,36.27909575402737,30.352110841311514,37871704.0,38559497.0,1903.0,9.0,6170.0,36.21112207882106,30.352110841311514,37871704.0,38559497.0,1903.0,9.0,6170.0,40.258050634525716,5.162752354517579,1.7495293384417892,0.0,0.0,0.0,0.0,35.616360309533775,4.707983701489866,1.6318481592461467,0.0,0.0006310045719146729,0.006234288215637207,0.23536235839128494,30.352110841311514,5.162752354517579,1.7495293384417892,0.0,0.002420971170067787,0.0,0.0,30.352110841311514,3.8792865378782153,1.5456740017980337,0.011614349488287313,0.002420971170067787,0.006234288215637207,0.40771067328751087,30.352110841311514,3.8792865378782153,1.5456740017980337,0.08565844036638737,0.002420971170067787,0.006234288215637207,0.40771067328751087,30.352110841311514,3.8792865378782153,1.5456740017980337,0.0,0.002420971170067787,0.023919053375720978,0.40771067328751087,4.024490872398019,4926772.0,3.976578419096768,4926772.0,3.1059542102739215,4926772.0,2.5684846593429196,9853544.0,2.593330637086183,4926772.0,2.578799732029438,4926772.0,0.0,0.0,0.0,0.0,0.0,0.0,0.0,0.0,0.0,0.0,0.0,0.0,43.145841455087066,36907447.0,38.221841402351856,35082439.0,34.16085929516703,36907447.0,33.63656700380635,53811857.0,33.685765116941184,33632725.0,33.632322346791625,33632725.0,0.0,0.0,0.0,0.0,0.0,0.0,0.0,0.0,0.0,0.0,0.0,0.0,167336.876,135348.352,0.007595755958929658,0.014547505987621839,160036.844,131885.668,0.006655461506918072,0.014347028024867174,167336.876,135348.352,0.004084354599937797,0.014149060325324533,254661.604,219733.928,0.0040253388853388845,0.014048873633153212,154237.988,151438.668,0.0040510869668796655,0.014077868374157693,154237.988,151438.668,0.004023483602330089,0.014043736429326232,6170
yelp,query6,8,inf,47.170332327485085,40.258050634525716,42818480.0,41834219.0,0.0,0.0,6170.0,42.198419821448624,35.616360309533775,40566894.0,40009211.0,496.0,0.0,6170.0,37.26681350544095,30.352110841311514,37871704.0,41834219.0,1903.0,0.0,6170.0,36.211946145659404,30.352110841311514,37871704.0,78568708.0,1903.0,0.0,6170.0,36.28166550723836,30.352110841311514,37871704.0,38559497.0,1903.0,0.0,6170.0,36.21112207882106,30.352110841311514,37871704.0,38559497.0,1903.0,0.0,6170.0,40.258050634525716,5.162752354517579,1.7495293384417892,0.0,0.0,0.0,0.0,35.616360309533775,4.707983701489866,1.6318481592461467,0.0,0.0006310045719146729,0.006234288215637207,0.23536235839128494,30.352110841311514,5.162752354517579,1.7495293384417892,0.0,0.002420971170067787,0.0,0.0,30.352110841311514,3.8792865378782153,1.5456740017980337,0.01850883199842671,0.002420971170067787,0.006234288215637207,0.40771067328751087,30.352110841311514,3.8792865378782153,1.5456740017980337,0.08822819357737899,0.002420971170067787,0.006234288215637207,0.40771067328751087,30.352110841311514,3.8792865378782153,1.5456740017980337,0.0,0.002420971170067787,0.023919053375720978,0.40771067328751087,4.024490872398019,4926772.0,3.976578419096768,4926772.0,3.1059542102739215,4926772.0,2.5684846593429196,9853544.0,2.593330637086183,4926772.0,2.578799732029438,4926772.0,0.0,0.0,0.0,0.0,0.0,0.0,0.0,0.0,0.0,0.0,0.0,0.0,43.145841455087066,36907447.0,38.221841402351856,35082439.0,34.16085929516703,36907447.0,33.64346148631648,68715164.0,33.688334870152175,33632725.0,33.632322346791625,33632725.0,0.0,0.0,0.0,0.0,0.0,0.0,0.0,0.0,0.0,0.0,0.0,0.0,167336.876,135348.352,0.007595755958929658,0.014547505987621839,160036.844,131885.668,0.006655461506918072,0.014347028024867174,167336.876,135348.352,0.004084354599937797,0.014149060325324533,314274.832,279347.156,0.0040253388853388845,0.014048873633153212,154237.988,154237.988,0.0040510869668796655,0.014077868374157693,154237.988,154237.988,0.004023483602330089,0.014043736429326232,6170
yelp,query7,2,1/4,16.170557850971818,12.358340134844184,29547976.0,27330915.0,0.0,0.0,2541.0,14.448143444024026,10.85175163578242,28683456.0,27256308.0,321.0,0.0,2541.0,14.286206485703588,10.47339847497642,28168940.0,27330915.0,464.0,0.0,2541.0,13.993786784177082,10.47339847497642,28168940.0,54220794.0,464.0,0.0,2541.0,14.097673106007278,10.47339847497642,28168940.0,26964486.0,464.0,0.0,2541.0,13.982975012622774,10.47339847497642,28168940.0,26964486.0,464.0,0.0,2541.0,12.358340134844184,2.7652967059984803,1.0469210101291537,0.0,0.0,0.0,0.0,10.85175163578242,2.5397320222109556,1.0416252966970205,0.0,0.0004083719104528427,0.00403469055891037,0.010591426864266396,10.47339847497642,2.7652967059984803,1.0469210101291537,0.0,0.0005902945995330811,0.0,0.0,10.47339847497642,2.4382231179624796,1.0289109712466598,0.012609157068090493,0.0005902945995330811,0.00403469055891037,0.036020077764987946,10.47339847497642,2.4382231179624796,1.0289109712466598,0.11649547889828682,0.0005902945995330811,0.00403469055891037,0.036020077764987946,10.47339847497642,2.4382231179624796,1.0289109712466598,0.0,0.0005902945995330811,0.005832076072692871,0.036020077764987946,3.0871586985886097,12032702.0,2.82819642405957,12032702.0,2.825158034451306,12032702.0,2.6595152472223482,23773582.0,2.726472893729806,11740880.0,2.6554067665711045,11740880.0,0.0,0.0,0.0,0.0,0.0,0.0,0.0,0.0,0.0,0.0,0.0,0.0,13.083399152383208,15298213.0,11.619947019964457,15223606.0,11.461048451252282,15298213.0,11.334271536954734,30447212.0,11.371200212277472,15223606.0,11.32756824605167,15223606.0,0.0,0.0,0.0,0.0,0.0,0.0,0.0,0.0,0.0,0.0,0.0,0.0,109323.66,90117.452,0.005276338489726186,0.011726614777557551,109025.232,89819.024,0.004809744754806161,0.011726601089723405,109323.66,90117.452,0.004328815281391144,0.011708466276898978,213104.656,188657.608,0.004308010734024378,0.01171985595285442,107857.944,104079.424,0.0043692738218232986,0.011817644563131034,104079.424,104079.424,0.004303554525598883,0.011707504756748675,2541
yelp,query7,2,inf,16.170557850971818,12.358340134844184,29547976.0,27330915.0,0.0,0.0,2541.0,14.448143444024026,10.85175163578242,28683456.0,27256308.0,321.0,0.0,2541.0,14.286206485703588,10.47339847497642,28168940.0,27330915.0,464.0,0.0,2541.0,13.993786784177082,10.47339847497642,28168940.0,54220794.0,464.0,0.0,2541.0,14.097673106007278,10.47339847497642,28168940.0,26964486.0,464.0,0.0,2541.0,13.982975012622774,10.47339847497642,28168940.0,26964486.0,464.0,0.0,2541.0,12.358340134844184,2.7652967059984803,1.0469210101291537,0.0,0.0,0.0,0.0,10.85175163578242,2.5397320222109556,1.0416252966970205,0.0,0.0004083719104528427,0.00403469055891037,0.010591426864266396,10.47339847497642,2.7652967059984803,1.0469210101291537,0.0,0.0005902945995330811,0.0,0.0,10.47339847497642,2.4382231179624796,1.0289109712466598,0.012609157068090493,0.0005902945995330811,0.00403469055891037,0.036020077764987946,10.47339847497642,2.4382231179624796,1.0289109712466598,0.11649547889828682,0.0005902945995330811,0.00403469055891037,0.036020077764987946,10.47339847497642,2.4382231179624796,1.0289109712466598,0.0,0.0005902945995330811,0.005832076072692871,0.036020077764987946,3.0871586985886097,12032702.0,2.82819642405957,12032702.0,2.825158034451306,12032702.0,2.6595152472223482,23773582.0,2.726472893729806,11740880.0,2.6554067665711045,11740880.0,0.0,0.0,0.0,0.0,0.0,0.0,0.0,0.0,0.0,0.0,0.0,0.0,13.083399152383208,15298213.0,11.619947019964457,15223606.0,11.461048451252282,15298213.0,11.334271536954734,30447212.0,11.371200212277472,15223606.0,11.32756824605167,15223606.0,0.0,0.0,0.0,0.0,0.0,0.0,0.0,0.0,0.0,0.0,0.0,0.0,109323.66,90117.452,0.005276338489726186,0.011726614777557551,109025.232,89819.024,0.004809744754806161,0.011726601089723405,109323.66,90117.452,0.004328815281391144,0.011708466276898978,216883.176,188657.608,0.004308010734024378,0.01171985595285442,107857.944,107857.944,0.0043692738218232986,0.011817644563131034,107857.944,107857.944,0.004303554525598883,0.011707504756748675,2541
yelp,query7,4,1/4,35.819061199203134,26.627317970618606,78180676.0,74864817.0,0.0,0.0,5499.0,31.625204413197935,22.92657891009003,76233192.0,74654993.0,748.0,0.0,5499.0,30.302375159226358,21.108909389935434,73629935.0,74864817.0,1354.0,0.0,5499.0,29.446898459583213,21.108909389935434,73629935.0,147791734.0,1354.0,0.0,5499.0,29.668195202946663,21.108909389935434,73629935.0,73136741.0,1354.0,0.0,5499.0,29.419978886842728,21.108909389935434,73629935.0,73136741.0,1354.0,0.0,5499.0,26.627317970618606,6.500553102232516,2.691190126352012,0.0,0.0,0.0,0.0,22.92657891009003,5.98222916200757,2.6763372160494328,0.0,0.0009515956044197083,0.009401708841323853,0.029705820605158806,21.108909389935434,6.500553102232516,2.691190126352012,0.0,0.001722540706396103,0.0,0.0,21.108909389935434,5.516170239076018,2.606222136877477,0.034536465197494697,0.001722540706396103,0.009401708841323853,0.16993597894906998,21.108909389935434,5.516170239076018,2.606222136877477,0.2558332085609436,0.001722540706396103,0.009401708841323853,0.16993597894906998,21.108909389935434,5.516170239076018,2.606222136877477,0.0,0.001722540706396103,0.017018601298332214,0.16993597894906998,6.704628046602011,26054829.0,6.1420904798433185,26054829.0,5.936117943376303,26054829.0,5.44309535035703,50814934.0,5.58180086966604,24760105.0,5.436949505470693,24760105.0,0.0,0.0,0.0,0.0,0.0,0.0,0.0,0.0,0.0,0.0,0.0,0.0,29.114433152601123,48809988.0,25.483113933354616,48600164.0,24.366257215850055,48809988.0,24.003803109226183,96976800.0,24.086394333280623,48376636.0,23.983029381372035,48376636.0,0.0,0.0,0.0,0.0,0.0,0.0,0.0,0.0,0.0,0.0,0.0,0.0,299459.268,230796.272,0.005161934405565262,0.01373995882980525,298619.972,230609.82,0.004392288776114583,0.013739950302243228,299459.268,230796.272,0.0032635387312620876,0.013676266941241915,581993.028,498067.948,0.0032366034825932234,0.013683325830492338,292546.964,286390.636,0.003297828292474151,0.013794765450339759,286446.624,286446.624,0.003232716117054224,0.01366857379637658,5499
yelp,query7,4,inf,35.819061199203134,26.627317970618606,78180676.0,74864817.0,0.0,0.0,5499.0,31.625204413197935,22.92657891009003,76233192.0,74654993.0,748.0,0.0,5499.0,30.285125062800944,21.091652932576835,73528460.0,74864817.0,1359.0,0.0,5499.0,29.42565554020523,21.091652932576835,73528460.0,147694460.0,1359.0,0.0,5499.0,29.64695228356868,21.091652932576835,73528460.0,73039467.0,1359.0,0.0,5499.0,29.39879881311208,21.091652932576835,73528460.0,73039467.0,1359.0,0.0,5499.0,26.627317970618606,6.500553102232516,2.691190126352012,0.0,0.0,0.0,0.0,22.92657891009003,5.98222916200757,2.6763372160494328,0.0,0.0009515956044197083,0.009401708841323853,0.029705820605158806,21.091652932576835,6.500553102232516,2.691190126352012,0.0,0.0017289016395807266,0.0,0.0,21.091652932576835,5.50793553236872,2.601980253122747,0.034536465197494697,0.0017289016395807266,0.009401708841323853,0.17841974645853043,21.091652932576835,5.50793553236872,2.601980253122747,0.2558332085609436,0.0017289016395807266,0.009401708841323853,0.17841974645853043,21.091652932576835,5.50793553236872,2.601980253122747,0.0,0.0017289016395807266,0.017081446945667267,0.17841974645853043,6.704628046602011,26054829.0,6.1420904798433185,26054829.0,5.931688289158046,26054829.0,5.435777518617247,50717660.0,5.574483037926257,24662831.0,5.429681950248778,24662831.0,0.0,0.0,0.0,0.0,0.0,0.0,0.0,0.0,0.0,0.0,0.0,0.0,29.114433152601123,48809988.0,25.483113933354616,48600164.0,24.353436773642898,48809988.0,23.989878021587984,96976800.0,24.072469245642424,48376636.0,23.969116862863302,48376636.0,0.0,0.0,0.0,0.0,0.0,0.0,0.0,0.0,0.0,0.0,0.0,0.0,299459.268,230796.272,0.005161934405565262,0.01373995882980525,298619.972,230609.82,0.004392288776114583,0.013739950302243228,299459.268,230796.272,0.003263383947312832,0.013676266941241915,590777.84,500948.748,0.003236499371905252,0.013683325830492338,292157.868,292157.868,0.0032975294003263116,0.013794765450339759,292157.868,292157.868,0.003232561333104968,0.01366857379637658,5499
yelp,query7,8,1/4,67.48242112901062,51.11725275684148,126679904.0,119007194.0,0.0,0.0,10483.0,60.221680347807705,44.71134224161506,123336824.0,118683083.0,1289.0,0.0,10483.0,53.873214580118656,37.504005743190646,113571043.0,119007194.0,3176.0,0.0,10483.0,51.82179541053788,37.504005743190646,113571043.0,230506595.0,3176.0,0.0,10483.0,52.26456646109,37.504005743190646,113571043.0,111823512.0,3176.0,0.0,10483.0,51.79060886986554,37.504005743190646,113571043.0,111823512.0,3176.0,0.0,10483.0,51.11725275684148,11.745147308334708,4.620021063834429,0.0,0.0,0.0,0.0,44.71134224161506,10.849410130642354,4.596955608576536,0.0,0.0016398485749959946,0.016201607882976532,0.04613091051578522,37.504005743190646,11.745147308334708,4.620021063834429,0.0,0.004040464758872986,0.0,0.0,37.504005743190646,9.271618152968585,4.269017173908651,0.05490448797658952,0.004040464758872986,0.016201607882976532,0.7020077798515558,37.504005743190646,9.271618152968585,4.269017173908651,0.4976755385287106,0.004040464758872986,0.016201607882976532,0.7020077798515558,37.504005743190646,9.271618152968585,4.269017173908651,0.0,0.004040464758872986,0.03991955518722534,0.7020077798515558,12.770372339524329,49994067.0,11.809776590205729,49994067.0,10.999414714053273,49994067.0,9.862472980742625,94963274.0,10.140291665680707,44969207.0,9.855722587555647,44969207.0,0.0,0.0,0.0,0.0,0.0,0.0,0.0,0.0,0.0,0.0,0.0,0.0,54.71204878948629,69013127.0,48.411903757601976,68689016.0,42.87379986606538,69013127.0,41.95932242979526,135543321.0,42.12427479540929,66854305.0,41.93488628230989,66854305.0,0.0,0.0,0.0,0.0,0.0,0.0,0.0,0.0,0.0,0.0,0.0,0.0,476028.776,265632.868,0.005429279200732708,0.013828885759785768,474732.332,265563.224,0.004282937405630946,0.013828838858194645,476028.776,265632.868,0.002437805902212858,0.013670697344280775,899935.06,650392.516,0.00240159711645448,0.013651728300882524,447294.048,431542.156,0.0024454214060679077,0.013754228778183457,431542.156,431542.156,0.002399275613948703,0.0136402492551133,10483
yelp,query7,8,inf,67.48242112901062,51.11725275684148,126679904.0,119007194.0,0.0,0.0,10483.0,60.221680347807705,44.71134224161506,123336824.0,118683083.0,1289.0,0.0,10483.0,53.803581554442644,37.43435745127499,113488637.0,119007194.0,3188.0,0.0,10483.0,51.743259190642995,37.43435745127499,113488637.0,230448439.0,3188.0,0.0,10483.0,52.18603024119511,37.43435745127499,113488637.0,111765356.0,3188.0,0.0,10483.0,51.712223479524255,37.43435745127499,113488637.0,111765356.0,3188.0,0.0,10483.0,51.11725275684148,11.745147308334708,4.620021063834429,0.0,0.0,0.0,0.0,44.71134224161506,10.849410130642354,4.596955608576536,0.0,0.0016398485749959946,0.016201607882976532,0.04613091051578522,37.43435745127499,11.745147308334708,4.620021063834429,0.0,0.004055730998516083,0.0,0.0,37.43435745127499,9.25973467901349,4.26603689417243,0.05490448797658952,0.004055730998516083,0.016201607882976532,0.7079683393239975,37.43435745127499,9.25973467901349,4.26603689417243,0.4976755385287106,0.004055730998516083,0.016201607882976532,0.7079683393239975,37.43435745127499,9.25973467901349,4.26603689417243,0.0,0.004055730998516083,0.04007038474082947,0.7079683393239975,12.770372339524329,49994067.0,11.809776590205729,49994067.0,10.993761621415615,49994067.0,9.852726618287436,94933112.0,10.130545303225517,44939045.0,9.84605163987726,44939045.0,0.0,0.0,0.0,0.0,0.0,0.0,0.0,0.0,0.0,0.0,0.0,0.0,54.71204878948629,69013127.0,48.411903757601976,68689016.0,42.80981993302703,69013127.0,41.89053257235556,135515327.0,42.055484937969595,66826311.0,41.866171839646995,66826311.0,0.0,0.0,0.0,0.0,0.0,0.0,0.0,0.0,0.0,0.0,0.0,0.0,476028.776,265632.868,0.005429279200732708,0.013828885759785768,474732.332,265563.224,0.004282937405630946,0.013828838858194645,476028.776,265632.868,0.0024314029198139906,0.013670697344280775,921793.756,658000.748,0.0023940166699054246,0.013651728300882524,447061.424,447061.424,0.002438322015106678,0.013754228778183457,447061.424,447061.424,0.002391711262986064,0.0136402492551133,10483
