dataset,query,N,budget,S0_time,S0_exec,S0_payload,S0_written,S0_hits,S0_bypass,S0_calls,S1_time,S1_exec,S1_payload,S1_written,S1_hits,S1_bypass,S1_calls,S2_time,S2_exec,S2_payload,S2_written,S2_hits,S2_bypass,S2_calls,S3_time,S3_exec,S3_payload,S3_written,S3_hits,S3_bypass,S3_calls,S0_time_mongo,S0_written_mongo,S1_time_mongo,S1_written_mongo,S2_time_mongo,S2_written_mongo,S3_time_mongo,S3_written_mongo,S0_time_sqlite,S0_written_sqlite,S1_time_sqlite,S1_written_sqlite,S2_time_sqlite,S2_written_sqlite,S3_time_sqlite,S3_written_sqlite,S0_time_postgres,S0_written_postgres,S1_time_postgres,S1_written_postgres,S2_time_postgres,S2_written_postgres,S3_time_postgres,S3_written_postgres,S0_time_duckdb,S0_written_duckdb,S1_time_duckdb,S1_written_duckdb,S2_time_duckdb,S2_written_duckdb,S3_time_duckdb,S3_written_duckdb,S0_peak_foot,S0_p50,S0_p95,S1_peak_foot,S1_p50,S1_p95,S2_peak_foot,S2_p50,S2_p95,S3_peak_foot,S3_p50,S3_p95,admitted_calls,S1_exec_saving,S1_time_saving,S1_payload_saving,S1_written_saving,S1_hit_rate,S2_exec_saving,S2_time_saving,S2_payload_saving,S2_written_saving,S2_hit_rate,S3_exec_saving,S3_time_saving,S3_payload_saving,S3_written_saving,S3_hit_rate,S3_over_S2_time,S3_over_S2_written,S3_over_S2_peak_foot
DEPS_DEV_V1,query1,1,inf,26110.17971349857,3746.070920048747,177477559406.0,204275420931.0,0.0,0.0,5867.0,23285.003573394286,3416.130955847446,157473202217.0,181271852330.0,301.0,0.0,5867.0,23368.862519296006,3416.130955847446,157473202217.0,362543704660.0,301.0,0.0,5867.0,23285.003573394286,3416.130955847446,157473202217.0,181271852330.0,301.0,0.0,5867.0,0.0,0.0,0.0,0.0,0.0,0.0,0.0,0.0,14590.052317687896,122376428844.0,11986.409904748001,101050941404.0,12033.15751238589,202101882808.0,11986.409904748001,101050941404.0,0.0,0.0,0.0,0.0,0.0,0.0,0.0,0.0,11520.127395810674,81898992087.0,11298.593668646281,80220910926.0,11335.705006910115,160441821852.0,11298.593668646281,80220910926.0,204275420.931,5.2936578273939965,12.198019067352503,181271852.33,4.932895923995807,12.182600799662357,362543704.66,4.950145046452363,12.229569838240952,181271852.33,4.932895923995807,12.182600799662357,5867,0.08807627277836161,0.10820209478082266,0.11271485395648118,0.1126105553774388,0.0513039031873189,0.08807627277836161,0.10499036101177606,0.11271485395648118,-0.7747788892451224,0.0513039031873189,0.08807627277836161,0.10820209478082266,0.11271485395648118,0.1126105553774388,0.0513039031873189,0.9964115092965061,0.5,0.5
DEPS_DEV_V1,query1,2,1,52737.888362497375,8073.077011262067,358762736316.0,412266379374.0,0.0,0.0,11957.0,47737.302862134566,7491.133417959325,323441948927.0,371619305371.0,541.0,0.0,11957.0,44469.05032808609,7250.015177758876,300028985245.0,715973787416.0,1515.0,0.0,11957.0,44297.14617620377,7250.015177758876,300028985245.0,344354482045.0,1515.0,0.0,11957.0,0.0,0.0,0.0,0.0,0.0,0.0,0.0,0.0,29510.685297093147,251419388913.0,24942.24623749858,214044949429.0,23464.906339517023,415191520445.0,23365.888994646288,201146571016.0,0.0,0.0,0.0,0.0,0.0,0.0,0.0,0.0,23227.20306540422,160846990461.0,22795.05662463598,157574355942.0,21004.143988569063,300782266971.0,20931.257181557477,143207911029.0,412266379.374,4.982022108102014,13.566886220210527,371619305.371,4.65036061770786,13.534128303615486,715973787.416,3.899239304050274,13.479244000283481,344354482.045,3.8832848538109497,13.42689217696163,11957,0.07208448432870407,0.09481960039793313,0.0984516612614117,0.09859420034376798,0.045245462908756376,0.10195144086387464,0.15679122337198792,0.16371196093026508,-0.7366776027265676,0.126704022748181,0.10195144086387464,0.16005081827083412,0.16371196093026508,0.16472819692966434,0.126704022748181,0.99613429676114,0.48095962184286056,0.48095962184286056
DEPS_DEV_V1,query1,2,1/16,53735.99071984456,9064.452771519078,353282508865.0,406856799091.0,0.0,0.0,12212.0,48556.475958125186,8469.203896794003,316115373824.0,364168766232.0,547.0,0.0,12212.0,45146.396278543,8216.770694236504,291654534660.0,699875171715.0,1541.0,0.0,12212.0,44995.59744704687,8217.146317302482,291789183935.0,335861376780.0,1542.0,21.0,12212.0,0.0,0.0,0.0,0.0,0.0,0.0,0.0,0.0,29371.58798146105,244831250108.0,24657.529928002255,205667468034.0,23095.667344423055,397731451919.0,23000.52566769583,192063983885.0,0.0,0.0,0.0,0.0,0.0,0.0,0.0,0.0,24364.4027383835,162025548983.0,23898.946030122923,158501298198.0,22050.728934119943,302143719796.0,21995.071779351034,143797392895.0,406856799.091,4.982381386117108,13.529004668963019,364168766.232,4.621324880102559,13.489185650150157,686744405.223,3.8296797470042043,13.401784870163116,330122521.13,3.8138677607533644,13.350947780902953,12212,0.0656684843232207,0.09638818773665214,0.10520513783829222,0.10492151772902325,0.04479200786112021,0.09351718174824952,0.1598480706549893,0.17444388742311023,-0.7202002603340094,0.1261873566983295,0.09347574261502811,0.16265436173618142,0.17406274974541258,0.1744973230621144,0.12626924336717982,0.9966597814238431,0.4798875433128923,0.48070653159933996
DEPS_DEV_V1,query1,2,1/4,51966.31930797525,7480.897662873846,356256248589.0,409568912002.0,0.0,0.0,12260.0,47254.57420973042,6903.039593711961,323686347363.0,371999150068.0,526.0,0.0,12260.0,43750.50848357435,6640.079779149964,298473779871.0,714678456652.0,1529.0,0.0,12260.0,43578.42897461901,6640.079779149964,298473779871.0,342679306584.0,1529.0,0.0,12260.0,0.0,0.0,0.0,0.0,0.0,0.0,0.0,0.0,29373.18946443932,248510613932.0,25004.89628502673,213541575318.0,23355.593166706232,412617042655.0,23256.80884071268,199075467337.0,0.0,0.0,0.0,0.0,0.0,0.0,0.0,0.0,22593.129843535924,161058298070.0,22249.67792470368,158457574750.0,20394.91531686811,302061413997.0,20321.620133906326,143603839247.0,409568912.002,4.700833425161459,13.30861948333369,371999150.068,4.450693872189476,13.28028317249285,714678456.652,3.6281099254992153,13.220051101436967,342679306.584,3.6129710989604016,13.168386361584647,12260,0.07724448257455452,0.09066920961480762,0.09142268059857872,0.09173001376094814,0.04290375203915171,0.1123953196013745,0.15809876346466634,0.16219355856032036,-0.7449528899998887,0.12471451876019576,0.1123953196013745,0.1614101295811604,0.16219355856032036,0.16331709623916324,0.12471451876019576,0.9960667997945684,0.479487388201575,0.479487388201575
DEPS_DEV_V1,query1,2,inf,52806.893280244825,8084.762171201874,355902977807.0,409506837652.0,0.0,0.0,12281.0,47637.10978194792,7479.7629415874835,320244484739.0,368338855668.0,566.0,0.0,12281.0,44088.34564475073,7224.071526071057,294981389859.0,707242563463.0,1568.0,0.0,12281.0,43917.95942765345,7224.071526071057,294981389859.0,338903707795.0,1568.0,0.0,12281.0,0.0,0.0,0.0,0.0,0.0,0.0,0.0,0.0,29636.079979084163,248647894683.0,25030.95261987462,211757094119.0,23455.376717238752,409911342783.0,23357.41779202372,198154248664.0,0.0,0.0,0.0,0.0,0.0,0.0,0.0,0.0,23170.81330116065,160858942969.0,22606.157162073294,156581761549.0,20632.968927511974,297331220680.0,20560.54163562973,140749459131.0,409506837.652,4.88710706372632,13.422398898079273,368338855.668,4.609151480316429,13.385065199192129,707242563.463,3.8769879193000336,13.2689858978178,338903707.795,3.861226884023943,13.218199355665732,12281,0.07483203795028293,0.09789978499323937,0.10019161201662374,0.10053063392065908,0.04608745216187607,0.1064583752626167,0.16510245337147544,0.1711747070041002,-0.7270592293846303,0.12767689927530332,0.1064583752626167,0.1683290438128604,0.1711747070041002,0.17241013669471061,0.12767689927530332,0.9961353456428101,0.4791902033378256,0.4791902033378256
DEPS_DEV_V1,query1,4,1,106556.66119026917,17730.749916958623,712667875522.0,819122065433.0,0.0,0.0,24463.0,96387.0653767541,16510.107430615462,641434294289.0,737079171135.0,1142.0,0.0,24463.0,80885.70333226847,15365.608549326425,531892457139.0,1346936951703.0,5625.0,0.0,24463.0,80544.77633591344,15365.608549326425,531892457139.0,609857780568.0,5625.0,0.0,24463.0,0.0,0.0,0.0,0.0,0.0,0.0,0.0,0.0,59482.62672453437,502861898929.0,50089.35280728414,426695165939.0,42788.720333892554,790762678902.0,42591.33969103319,364067512963.0,0.0,0.0,0.0,0.0,0.0,0.0,0.0,0.0,47074.034465734774,316260166504.0,46297.71256946992,310384005196.0,38096.98299837591,556174272801.0,37953.43664488025,245790267605.0,819122065.433,4.502388885387017,14.3518440694558,737079171.135,4.198400453824862,14.314759896193992,1346936951.703,2.382013155637808,13.80439510469235,609857780.568,2.368999383871668,13.75174370529916,24463,0.06884325209367903,0.0954383864876931,0.09995340561804378,0.1001595461289776,0.04668274537055962,0.13339206625265476,0.24091368452472672,0.2536601193797172,-0.644366582886507,0.22993909168949025,0.13339206625265476,0.24411317475411998,0.2536601193797172,0.25547387098451535,0.22993909168949025,0.9957850771853396,0.45277381379798526,0.4527738137979852
DEPS_DEV_V1,query1,4,1/16,109741.3700347067,21244.172409198945,707391794011.0,813403398846.0,0.0,0.0,24511.0,99442.74164816279,20052.38276718394,634334514788.0,729388082010.0,1098.0,0.0,24511.0,84087.44334391787,18942.803883806802,528148073462.0,1335021860854.0,5435.0,0.0,24511.0,83753.8810780624,18937.841727041872,527402694400.0,604906207496.0,5437.0,65.0,24511.0,0.0,0.0,0.0,0.0,0.0,0.0,0.0,0.0,58661.144242181406,495087966003.0,49326.52835919211,418372767003.0,42318.46704561675,778350068496.0,42058.03439211828,358629844957.0,0.0,0.0,0.0,0.0,0.0,0.0,0.0,0.0,51080.225792525285,318315432843.0,50116.21328897065,311015315007.0,41768.97629830112,556671792358.0,41695.84668594412,246276362539.0,813403398.846,4.545687825081667,14.547618294941332,729388082.01,4.220679954949528,14.50633991293232,1245487813.079,2.439361158146806,14.042701558294796,537269449.38,2.4259713253688133,13.967369224625502,24511,0.0560996031786557,0.09384453996962938,0.10327696736310166,0.10328862278568673,0.044796213944759494,0.10832940352129827,0.23376714435654988,0.25338676821887585,-0.641278930906898,0.22173717922565378,0.10856298083696625,0.2368066750800133,0.2544404686834707,0.2563269241876801,0.2218187752437681,0.9960331501043361,0.45310584435602247,0.4313727069330397
DEPS_DEV_V1,query1,4,1/4,108235.50169930713,18052.20503324736,720860981520.0,828949418141.0,0.0,0.0,24557.0,97356.35715408542,16792.674951028777,643690018623.0,740175700079.0,1172.0,0.0,24557.0,81297.3264657487,15644.223687228747,531187684880.0,1349489949372.0,5618.0,0.0,24557.0,80954.96650585439,15644.223687228747,531187684880.0,609314249293.0,5618.0,0.0,24557.0,0.0,0.0,0.0,0.0,0.0,0.0,0.0,0.0,60210.98375545024,507465842076.0,50296.20924107788,425993274707.0,42991.351832962464,790063882640.0,42794.295216271035,364070607933.0,0.0,0.0,0.0,0.0,0.0,0.0,0.0,0.0,48024.51794385688,321483576065.0,47060.14791300751,314182425372.0,38305.97463278624,559426066732.0,38160.67128958335,245243641360.0,828949418.141,4.568122693724029,14.353700259055804,740175700.079,4.188309619117557,14.300802950797046,1349489949.372,2.4066531054605798,13.812603786282406,609314249.293,2.393660993438618,13.760245265712655,24557,0.06977153649090861,0.1005136426996518,0.10705387706555858,0.10709183952512291,0.04772569939324836,0.13338987351316645,0.24888483732811006,0.2631204927197708,-0.6279521039997387,0.22877387303009325,0.13338987351316645,0.25204793958678884,0.2631204927197708,0.26495605647513853,0.22877387303009325,0.9957887918978671,0.45151447743390094,0.45151447743390094
DEPS_DEV_V1,query1,4,inf,107730.45110182674,17021.59407109325,728282049409.0,836946536300.0,0.0,0.0,24320.0,97177.68433282673,15782.916151828598,654081746823.0,751522876443.0,1155.0,0.0,24320.0,80899.38056081123,14634.287230667658,539789931802.0,1370116177791.0,5543.0,0.0,24320.0,80551.77050618066,14634.287230667658,539789931802.0,618593301348.0,5543.0,0.0,24320.0,0.0,0.0,0.0,0.0,0.0,0.0,0.0,0.0,59887.06029241297,509613635420.0,50309.3935465463,431573916304.0,43038.305865885755,801035204673.0,42838.66735107245,369461288369.0,0.0,0.0,0.0,0.0,0.0,0.0,0.0,0.0,47843.390809413744,327332900880.0,46868.290786280406,319948960139.0,37861.07469492547,569080973118.0,37713.1031551082,249132012979.0,836946536.3,4.615275477543619,14.187161594260974,751522876.443,4.316833770061256,14.136850598514666,1370116177.791,2.5478769978305253,13.548995303920705,618593301.348,2.5344731790422,13.495950704149893,24320,0.07277097045618208,0.0979552824764981,0.10188401958583693,0.10206585026881598,0.04749177631578947,0.14025166094636288,0.24905744166665378,0.2588174701820004,-0.637041457687433,0.22791940789473683,0.14025166094636288,0.25228410646825206,0.2588174701820004,0.260892692043751,0.22791940789473683,0.9957031802688616,0.4514896702740498,0.4514896702740499
DEPS_DEV_V1,query1,8,1,214391.44515597672,36911.604516286636,1425481746405.0,1638039705761.0,0.0,0.0,48679.0,193888.51820727394,34524.69114928972,1280013453751.0,1470759684435.0,2208.0,0.0,48679.0,141053.42223412395,30736.221393089276,909635349001.0,2511335750578.0,16238.0,0.0,48679.0,140373.20415910377,30736.221393089276,909635349001.0,1040576066143.0,16238.0,0.0,48679.0,0.0,0.0,0.0,0.0,0.0,0.0,0.0,0.0,117076.55321719931,995412755958.0,98302.50807033395,841225190871.0,73692.56776950222,1472905876681.0,73303.4518986854,631680685810.0,0.0,0.0,0.0,0.0,0.0,0.0,0.0,0.0,97314.89193877744,642626949803.0,95586.01013694,629534493564.0,67360.85446462175,1038429873897.0,67069.75226041839,408895380333.0,1638039705.761,4.468239140501741,14.335114465507193,1470759684.435,4.04910160187693,14.288343465182328,2511335750.578,0.7587679428242146,13.011628744778818,1040576066.143,0.7443755572201517,12.961812545915382,48679,0.06466566269000118,0.09563313934371886,0.10204851308749785,0.1021220796649035,0.04535836808480043,0.16730194214322425,0.3420753233343662,0.36187513358549916,-0.5331348451112694,0.3335729986236365,0.16730194214322425,0.345248108864709,0.36187513358549916,0.3647430752238271,0.3335729986236365,0.9951775854548843,0.41435163175752376,0.41435163175752376
DEPS_DEV_V1,query1,8,1/16,212141.956489676,32566.431847248226,1439223586662.0,1654353347826.0,0.0,0.0,48368.0,190649.80647937494,30060.215629632818,1286375200065.0,1478648235737.0,2317.0,0.0,48368.0,142746.63316888709,26612.871867394308,954751221965.0,2571276367228.0,15266.0,0.0,48368.0,142332.9891804477,26621.441525539383,955982136660.0,1094176720705.0,15260.0,157.0,48368.0,0.0,0.0,0.0,0.0,0.0,0.0,0.0,0.0,118372.51192388653,1004923723419.0,98830.96849076374,843989148730.0,76700.30198235923,1503099115746.0,76316.61380501214,658392189911.0,0.0,0.0,0.0,0.0,0.0,0.0,0.0,0.0,93769.44456578951,649429624407.0,91818.8379886112,634659087007.0,66046.33118652787,1068177251482.0,66016.37537543559,435784530794.0,1654353347.826,4.518999121500093,14.263799407915148,1478648235.737,4.0034379583741835,14.194655829798434,2135431374.298,0.9921751082458118,12.930583080599588,711403117.137,0.9784744669300016,12.891838608435219,48368,0.0769570405923109,0.10131022814125401,0.10620197446284363,0.10620772903194808,0.04790357260999008,0.18281278120301592,0.3271173909634706,0.33662063989698754,-0.5542485954448222,0.3156218987760503,0.18254963729504126,0.3290672362240874,0.3357653768882324,0.33860760632372333,0.3154978498180615,0.9971022504751479,0.42553835700072656,0.33314257985502627
DEPS_DEV_V1,query1,8,1/4,215941.9707461156,36257.03561568889,1448150506481.0,1663328422568.0,0.0,0.0,48537.0,194896.93813855134,33817.48275197786,1298210120142.0,1490977412754.0,2248.0,0.0,48537.0,141346.40797120516,29993.376259973506,920643576574.0,2543763593005.0,16209.0,0.0,48537.0,140656.8360192582,29993.376259973506,920643576574.0,1052786180251.0,16209.0,0.0,48537.0,0.0,0.0,0.0,0.0,0.0,0.0,0.0,0.0,118546.44449238297,1014647412590.0,99385.65484669514,856563264991.0,74372.76501487961,1498188212768.0,73976.55362006207,641624947777.0,0.0,0.0,0.0,0.0,0.0,0.0,0.0,0.0,97395.52625373268,648681009978.0,95511.2832918562,634414147763.0,66973.64295632558,1045575380237.0,66680.28239919613,411161232474.0,1663328422.568,4.547792301906768,14.42961698340441,1490977412.754,4.078566528422322,14.374033601176883,2543563186.233,0.7316812671442738,13.00235667821204,1052685976.865,0.7173161226499251,12.95189812783286,48537,0.06728495096977538,0.09745688869491265,0.10353922860086862,0.10361814749002396,0.04631518223211158,0.1727570731956094,0.3454426321903533,0.36426250417081285,-0.5293213044948171,0.33395141850547005,0.1727570731956094,0.3486359528290619,0.36426250417081285,0.36706054801515897,0.33395141850547005,0.9951214044853022,0.4138695054626999,0.41386271926038565
DEPS_DEV_V1,query1,8,inf,213036.71396170006,36178.49698587321,1425606056421.0,1637362061953.0,0.0,0.0,48438.0,194491.4152337422,33990.06452917843,1295285671413.0,1487328302115.0,2034.0,0.0,48438.0,141287.24994981583,30164.49758002255,920070843707.0,2539245206272.0,16032.0,0.0,48438.0,140599.36659358637,30164.49758002255,920070843707.0,1051916904157.0,16032.0,0.0,48438.0,0.0,0.0,0.0,0.0,0.0,0.0,0.0,0.0,116319.37272482281,994119502204.0,99259.32766842707,855331291226.0,74212.78171812359,1495514787012.0,73817.14072957874,640183495786.0,0.0,0.0,0.0,0.0,0.0,0.0,0.0,0.0,96717.34123687728,643242559749.0,95232.08756531515,631997010889.0,67074.46823169224,1043730419260.0,66782.22586400765,411733408371.0,1637362061.953,4.439020370625222,14.402370341629773,1487328302.115,4.123287037791481,14.358875012273787,2539245206.272,0.7688257157239733,13.034988039523451,1051916904.157,0.7546116750653984,12.984870640988651,48438,0.06048986660637956,0.08705212535005558,0.09141402312443225,0.09163138888111522,0.041991824600520256,0.1662313226610539,0.33679389189594533,0.35461073586005365,-0.5508147313754532,0.3309798092406788,0.1662313226610539,0.3400228346609615,0.35461073586005365,0.35755387974343145,0.3309798092406788,0.9951313132892473,0.41426361721929755,0.41426361721929755
DEPS_DEV_V1,query1,16,inf,430498.83987739444,75433.94451056258,2843991391182.0,3269329130156.0,0.0,0.0,97292.0,390104.49005375046,70743.99383536493,2559183382970.0,2941514258061.0,4343.0,0.0,97292.0,239032.36196158262,59889.65209919261,1490385452132.0,4644074136370.0,42147.0,0.0,97292.0,237672.05064947286,59889.65209919261,1490385452132.0,1702559878309.0,42147.0,0.0,97292.0,0.0,0.0,0.0,0.0,0.0,0.0,0.0,0.0,234424.71582576362,1985311824457.0,197697.7583154634,1685270073505.0,125579.96447905012,2748127730829.0,124800.47148272554,1062857657324.0,0.0,0.0,0.0,0.0,0.0,0.0,0.0,0.0,196074.12405163154,1284017305699.0,192406.73173828758,1256244184556.0,113452.39748253261,1895946405541.0,112871.57916674754,639702220985.0,3269329130.156,4.532634645036335,14.400104081429733,2941514258.061,4.388469017258293,14.3444228021196,4644074136.37,0.2415440170084582,12.18842664330293,1702559878.309,0.22137684698683152,12.140922174452376,97292,0.062172947545397594,0.0938314951909005,0.10014376593933005,0.10026976760194162,0.04463881922460223,0.20606495540205239,0.44475492191881694,0.47595289607660296,-0.42049758573814877,0.4332010853924269,0.20606495540205239,0.44791477088030807,0.47595289607660296,0.4792326466599096,0.4332010853924269,0.9943090914512722,0.3666091083635868,0.3666091083635868
DEPS_DEV_V1,query1,50,inf,603245.8058076734,72244.12946901284,3976365773800.0,4616791141600.0,0.0,0.0,150400.0,580786.6933076592,69792.34524462372,3798049185800.0,4414512806400.0,2400.0,0.0,150400.0,165367.96116191184,37877.03914013691,953676525800.0,5519342485600.0,104000.0,0.0,150400.0,163327.02155968497,37877.03914013691,953676525800.0,1104829679200.0,104000.0,0.0,150400.0,0.0,0.0,0.0,0.0,0.0,0.0,0.0,0.0,328907.06156641897,2630539586200.0,308675.5448210513,2445114362600.0,98006.15106622776,3169155103800.0,96875.40345123004,724040741200.0,0.0,0.0,0.0,0.0,0.0,0.0,0.0,0.0,274338.7442412575,1986251555400.0,272111.1484866109,1969398443800.0,67361.81009568402,2350187381800.0,66451.61810845499,380788938000.0,7694651902.666667,7.242999849648012,13.513969325655557,7357521344.0,7.242999849648012,13.513969325655557,9198904142.666666,0.02880902709974419,9.244823808378767,1841382798.6666667,0.0030766693006429534,9.207806085714711,150400,0.03393748727279977,0.03723044948475707,0.04484411096557461,0.04381362054205862,0.015957446808510637,0.4757077229869142,0.725869687663217,0.7601637826973291,-0.19549321516138818,0.6914893617021277,0.4757077229869142,0.7292529513056294,0.7601637826973291,0.7606931642965531,0.6914893617021277,0.9876581921438302,0.2001741479320241,0.20017414793202412
DEPS_DEV_V1,query2,1,inf,19542.00548222527,2737.1561439172365,133495184855.0,153502606350.0,0.0,0.0,5547.0,18050.135989925897,2547.920760332141,124146729019.0,142584986955.0,256.0,0.0,5547.0,18116.09783978712,2547.920760332141,124146729019.0,285169973910.0,256.0,0.0,5547.0,18050.135989925897,2547.920760332141,124146729019.0,142584986955.0,256.0,0.0,5547.0,0.0,0.0,0.0,0.0,0.0,0.0,0.0,0.0,8588.90646808518,74896258944.0,7509.756220074779,67142030520.0,7540.817081608087,134284061040.0,7509.756220074779,67142030520.0,0.0,0.0,0.0,0.0,0.0,0.0,0.0,0.0,10953.099014140089,78606347406.0,10540.379769851119,75442956435.0,10575.280758179033,150885912870.0,10540.379769851119,75442956435.0,153502606.35,3.6049668430271855,10.298487013025342,142584986.955,3.520528661572171,10.250950553087266,285169973.91,3.53522863780318,10.29003162306835,142584986.955,3.520528661572171,10.250950553087266,5547,0.06913576487246875,0.07634167811775139,0.0700284122319027,0.07112334868182513,0.0461510726518839,0.06913576487246875,0.07296629016582301,0.0700284122319027,-0.8577533026363497,0.0461510726518839,0.06913576487246875,0.07634167811775139,0.0700284122319027,0.07112334868182513,0.0461510726518839,0.9963589372035542,0.5,0.5
DEPS_DEV_V1,query2,2,1,37654.842434804814,4748.418183446862,261092374753.0,300278945467.0,0.0,0.0,10908.0,34829.12429596916,4376.939382459968,243552990037.0,279782858790.0,486.0,0.0,10908.0,32190.15097921173,4267.17938673473,225178405288.0,537994724773.0,1250.0,0.0,10908.0,32060.729038640708,4267.17938673473,225178405288.0,258211865983.0,1250.0,0.0,10908.0,0.0,0.0,0.0,0.0,0.0,0.0,0.0,0.0,16887.745042128085,146759653535.0,14859.854565491409,132512636001.0,14519.271658485099,261689973397.0,14457.970414883572,129177337396.0,0.0,0.0,0.0,0.0,0.0,0.0,0.0,0.0,20767.097392676726,153519291932.0,19969.269730477747,147270222789.0,17670.879320726628,276304751376.0,17602.75862375713,129034528587.0,300278945.467,3.2208109960609876,11.882659893624874,279782858.79,3.121589980397054,11.812152052639767,537994724.773,2.482289887039369,11.43025023308554,258211865.983,2.4692669867014656,11.385709399912159,10908,0.07823211575633349,0.07504262283737007,0.06717693204404263,0.06825682248591913,0.04455445544554455,0.10134718091800465,0.14512586170170794,0.13755273205115826,-0.7916498405717374,0.1145947928126146,0.10134718091800465,0.14856292137856353,0.13755273205115826,0.14009333694234338,0.1145947928126146,0.9959794553105824,0.4799524123437255,0.4799524123437255
DEPS_DEV_V1,query2,2,1/16,40407.17672186629,6300.409807149321,277365823524.0,317917260949.0,0.0,0.0,11028.0,37455.218147345455,5889.272813116666,259286132831.0,296773591740.0,546.0,0.0,11028.0,34790.00088200145,5764.662487047259,240656289594.0,571698154489.0,1327.0,0.0,11028.0,34652.718999560406,5764.662487047259,240656289594.0,274924562749.0,1327.0,16.0,11028.0,0.0,0.0,0.0,0.0,0.0,0.0,0.0,0.0,17744.066136910194,160828360657.0,15514.796113411938,145301167616.0,15071.999569963951,286386621816.0,15004.782370232388,141085454200.0,0.0,0.0,0.0,0.0,0.0,0.0,0.0,0.0,22663.110584956095,157088900292.0,21940.422033933515,151472424124.0,19718.0013120375,285311532673.0,19647.936629328015,133839108549.0,317917260.949,3.389290871339647,12.412644038996861,296773591.74,3.2733245873074344,12.358839744007359,562226061.566,2.64718881389635,11.982812808541803,272026614.389,2.6332591967781207,11.935142438656554,11028,0.06525559552747218,0.07305530388425752,0.06518355601022918,0.0665068299402336,0.04951033732317737,0.08503372582115665,0.13901431120836305,0.13235060276567778,-0.7982608203859409,0.12033006891548785,0.08503372582115665,0.14241177407457595,0.13235060276567778,0.13523234967382547,0.12033006891548785,0.9960539845081733,0.48089111463851997,0.48383850017786245
DEPS_DEV_V1,query2,2,1/4,40565.91167548635,6459.497155275429,271544746229.0,312149644063.0,0.0,0.0,11374.0,36826.27910040309,5955.885006708326,248002093283.0,284714163573.0,609.0,0.0,11374.0,34402.546806461374,5843.734504025662,231100975753.0,549590171005.0,1336.0,0.0,11374.0,34270.84310886303,5843.734504025662,231100975753.0,264876007432.0,1336.0,0.0,11374.0,0.0,0.0,0.0,0.0,0.0,0.0,0.0,0.0,18111.33538864144,157325799435.0,15147.311384777015,135971937417.0,14821.772326845861,268846947883.0,14758.870836454791,132875010466.0,0.0,0.0,0.0,0.0,0.0,0.0,0.0,0.0,22454.576286844906,154823844628.0,21678.967715626073,148742226156.0,19580.774479615517,280743223122.0,19511.97227240824,132000996966.0,312149644.063,3.205099975577236,12.076157696817484,284714163.573,3.091668463364739,12.013450604921282,549590171.005,2.543013691608531,11.660276287249099,264876007.432,2.529771181906069,11.614892623758875,11374,0.0779646056745773,0.09218657785874662,0.08669898155991551,0.08789207680295419,0.05354316863020925,0.09532671606595211,0.1519345828667632,0.14893961690532154,-0.7606624946017182,0.11746087568137858,0.09532671606595211,0.15518124224550278,0.14893961690532154,0.1514454285953276,0.11746087568137858,0.9961716875689678,0.4819518641456749,0.4819518641456749
DEPS_DEV_V1,query2,2,inf,40714.43307617103,6088.58564812527,277984087496.0,319182367926.0,0.0,0.0,11145.0,37364.92027334318,5638.247264392907,256740250641.0,294454104846.0,540.0,0.0,11145.0,34510.40842387303,5517.7344948335085,236949999232.0,565667750033.0,1344.0,0.0,11145.0,34374.199858261585,5517.7344948335085,236949999232.0,271213645187.0,1344.0,0.0,11145.0,0.0,0.0,0.0,0.0,0.0,0.0,0.0,0.0,18346.365112103675,162027296428.0,15679.572870449741,142592825720.0,15311.063460263607,281727645908.0,15245.099002177314,139134820188.0,0.0,0.0,0.0,0.0,0.0,0.0,0.0,0.0,22368.067964067348,157155071498.0,21685.347402893436,151861279126.0,19199.34496360942,283940104125.0,19129.10085608427,132078824999.0,319182367.926,3.2899635678306516,12.123191738393164,294454104.846,3.1844690690408757,12.101585874762485,565667750.033,2.604889785694953,11.66657389176113,271213645.187,2.591195230333877,11.620243048927223,11145,0.07396436705641596,0.08226843774445725,0.07642105361626383,0.07747377538640565,0.04845222072678331,0.09375759598085509,0.15237900134065818,0.14761308330136147,-0.7722399696093043,0.1205921938088829,0.09375759598085509,0.15572446277337948,0.14761308330136147,0.15028625500429016,0.1205921938088829,0.9960531163833686,0.47945749986839076,0.47945749986839076
DEPS_DEV_V1,query2,4,1,78029.86895732972,11215.51890553278,530473487613.0,610052144920.0,0.0,0.0,22098.0,72072.86682208978,10449.677146409638,493603186816.0,566925459363.0,1051.0,0.0,22098.0,60054.44218551974,9868.88933444419,411720200682.0,1037910697883.0,4434.0,0.0,22098.0,59792.21689852979,9868.88933444419,411720200682.0,470985238520.0,4434.0,0.0,22098.0,0.0,0.0,0.0,0.0,0.0,0.0,0.0,0.0,34242.289240107944,298715133077.0,30045.593554288203,269287530555.0,27717.908344631982,518609585599.0,27593.337758548598,249322055044.0,0.0,0.0,0.0,0.0,0.0,0.0,0.0,0.0,43787.57971722175,311337011843.0,42027.27326780157,297637928808.0,32336.533840887754,519301112284.0,32198.879139981185,221663183476.0,610052144.92,2.8293060588237426,12.819541307067386,566925459.363,2.753707439057093,12.787757782986414,1037910697.883,1.567066990681591,11.877524079870838,470985238.52,1.5546014116033782,11.831569745761392,22098,0.06828411289515457,0.07634258797099214,0.06950451183320638,0.07069344139861267,0.047560865236673,0.12006841434900328,0.23036597410716853,0.22386281257025786,-0.7013475102511242,0.20065164268259572,0.12006841434900328,0.23372654987762576,0.22386281257025786,0.22795904835026315,0.20065164268259572,0.9956335405434308,0.4537820445252723,0.4537820445252723
DEPS_DEV_V1,query2,4,1/16,77382.83461420175,11136.734859995544,529923544824.0,608753940009.0,0.0,0.0,21897.0,71732.16460515314,10390.592033795314,494617713979.0,567544835123.0,969.0,0.0,21897.0,60352.25641778643,9861.899798416533,416902556633.0,1044024475931.0,4215.0,0.0,21897.0,60139.48731231096,9862.387077412568,417293333081.0,476928186700.0,4213.0,11.0,21897.0,0.0,0.0,0.0,0.0,0.0,0.0,0.0,0.0,34487.466654637305,302685603862.0,30235.55137183331,272420106468.0,28151.553225196636,526769385821.0,28022.21311952574,254332911354.0,0.0,0.0,0.0,0.0,0.0,0.0,0.0,0.0,42895.367959564435,306068336147.0,41496.61323331982,295124728655.0,32200.703192589797,517255090110.0,32117.274192785208,222595275346.0,608753940.009,2.92407792758153,12.984599557739163,567544835.123,2.8525396012318383,12.955074982051475,1003849106.12,1.6443505113091976,12.04326957761089,445143901.566,1.6311495046485398,11.99838104749497,21897,0.0669983469643749,0.07302226698234138,0.0666243860833281,0.06769419001278376,0.044252637347581864,0.11447116929741841,0.2200821187453602,0.21327791394612772,-0.7150188398214965,0.19249212220852172,0.11442741509098708,0.22283168338118997,0.21254049351667725,0.2165501439005899,0.19240078549573,0.9964745459721905,0.4568170552464331,0.4434370652443332
DEPS_DEV_V1,query2,4,1/4,79702.9255554822,11825.10010005976,543810464911.0,624587351120.0,0.0,0.0,22308.0,73263.59846014432,10990.321752639953,503540829967.0,577569406262.0,1080.0,0.0,22308.0,61455.30001759005,10439.709970885422,423112534918.0,1060860693488.0,4479.0,0.0,22308.0,61188.15088996604,10439.709970885422,423112534918.0,483291287226.0,4479.0,0.0,22308.0,0.0,0.0,0.0,0.0,0.0,0.0,0.0,0.0,35212.117765811745,311349797865.0,30398.585529520948,276862628120.0,28287.349758710614,535521113385.0,28159.274510157727,258658485265.0,0.0,0.0,0.0,0.0,0.0,0.0,0.0,0.0,44490.807789670434,313237553255.0,42865.012930623365,300706778142.0,33167.950258879435,525339580103.0,33028.87637980831,224632801961.0,624587351.12,2.9216301089896883,12.931913940812407,577569406.262,2.8481827416586754,12.896478827556287,1060860693.488,1.6929926809027853,12.005240104718307,483291287.226,1.6803713603602994,11.957910019211404,22308,0.0705937658333724,0.08079160269788821,0.0740508643035962,0.07527841345760233,0.04841312533620226,0.11715673587975273,0.2289454924109373,0.22194852394529296,-0.6984985232020495,0.2007799892415277,0.11715673587975273,0.2322973032229262,0.22194852394529296,0.22622306334034814,0.2007799892415277,0.9956529521856122,0.45556526902414335,0.45556526902414335
DEPS_DEV_V1,query2,4,inf,78673.64915340759,10862.095254112035,539096942624.0,619843367616.0,0.0,0.0,22542.0,71826.71211098037,9949.061441336293,496283975305.0,569888678727.0,1143.0,0.0,22542.0,60414.44036475795,9406.667996998644,418706662878.0,1048818663735.0,4511.0,0.0,22542.0,60150.84406166381,9406.667996998644,418706662878.0,478929985008.0,4511.0,0.0,22542.0,0.0,0.0,0.0,0.0,0.0,0.0,0.0,0.0,35893.2868883773,311416929142.0,30612.032159301183,273560664705.0,28613.30919756983,529916159359.0,28486.76147184743,256355494654.0,0.0,0.0,0.0,0.0,0.0,0.0,0.0,0.0,42780.362265030286,308426438474.0,41214.679951679165,296328014022.0,31801.131167188123,518902504376.0,31664.082589816375,222574490354.0,619843367.616,2.7892596215047236,12.832260470061486,569888678.727,2.721984372005129,12.802012462990525,1048818663.735,1.6985048385368227,11.974067707657989,478929985.008,1.6863823358902381,11.927118902228859,22542,0.08405687774005643,0.08702961049990465,0.0794160825891762,0.08059243915302727,0.05070535001330849,0.133991391445625,0.2320879860681888,0.223318424252255,-0.6920704786580132,0.20011534025374855,0.133991391445625,0.23543848913917453,0.223318424252255,0.22733708218895943,0.20011534025374855,0.9956368659296907,0.45663755000550693,0.45663755000550693
DEPS_DEV_V1,query2,8,1,158784.32184873943,23189.691792926285,1088637426962.0,1249978654434.0,0.0,0.0,44772.0,145911.9929769329,21469.827629281208,1007854452417.0,1155775287492.0,2132.0,0.0,44772.0,107081.62554180746,19406.898360369494,744393808701.0,2003301433517.0,12982.0,0.0,44772.0,106547.08377426842,19406.898360369494,744393808701.0,847526146025.0,12982.0,0.0,44772.0,0.0,0.0,0.0,0.0,0.0,0.0,0.0,0.0,71407.70218800817,630601851374.0,61406.946117378735,558652619129.0,52710.42485850309,1045363531340.0,52452.00611723682,486710912211.0,0.0,0.0,0.0,0.0,0.0,0.0,0.0,0.0,87376.61966073123,619376803060.0,84505.04685955415,597122668363.0,54371.20068330437,957937902177.0,54095.07765703159,360815233814.0,1249978654.434,2.614171577723028,13.526858066926946,1155775287.492,2.579286913432676,13.475999422982781,2003301433.517,1.0197167555923998,11.794157631943897,847526146.025,1.0061876787166169,11.74862043262249,44772,0.07416502897074728,0.08106800924633428,0.07420558263409749,0.07536398050305593,0.047619047619047616,0.16312392015967558,0.3256158775939152,0.3162151233599064,-0.6026685147068453,0.2899580094702046,0.16312392015967558,0.32898234199868337,0.3162151233599064,0.3219675047900987,0.2899580094702046,0.9950080906520201,0.42306471300081955,0.42306471300081955
DEPS_DEV_V1,query2,8,1/16,157324.18370530946,22203.92327206838,1074146853801.0,1235024184410.0,0.0,0.0,44428.0,144415.5874086804,20507.47360895062,992711959877.0,1140103665614.0,2104.0,0.0,44428.0,108423.15449993937,18660.264788259752,749395077476.0,1995231714376.0,12480.0,0.0,44428.0,108085.94024684805,18664.832712269155,750869563844.0,856820058516.0,12467.0,39.0,44428.0,0.0,0.0,0.0,0.0,0.0,0.0,0.0,0.0,69925.06279748394,608937199576.0,59922.98226765097,536683365266.0,52298.179915355075,1010084822249.0,52049.92226486149,473401456983.0,0.0,0.0,0.0,0.0,0.0,0.0,0.0,0.0,87399.12090782549,626086984834.0,84492.6051410294,603420300348.0,56124.97458458429,985146892127.0,56036.01798198655,383418601533.0,1235024184.41,2.627825936415146,13.561082979480076,1140103665.614,2.597602452695283,13.494973313207359,1745668203.952,1.035536169290073,12.019296970792103,633837506.432,1.0219686957938092,11.992043509790083,44428,0.07640314922416547,0.0820509345264342,0.07581355718338945,0.07685721461506911,0.0473575222832448,0.15959605158005585,0.3108297024249538,0.30233461577048437,-0.6155406020078618,0.2809039344557486,0.15939032559400235,0.312973138005862,0.30096191113258286,0.3062321618217355,0.28061132619069057,0.9968898317463037,0.4294338609107197,0.3630916258869022
DEPS_DEV_V1,query2,8,1/4,154727.40137025077,21257.25084033003,1063661794270.0,1222557897147.0,0.0,0.0,44249.0,142630.54999137856,19668.500509867445,988524455718.0,1134762238386.0,2084.0,0.0,44249.0,104853.94847200232,17699.074904604116,732519260757.0,1969888083711.0,12885.0,0.0,44249.0,104329.12702497924,17699.074904604116,732519260757.0,835125845325.0,12885.0,0.0,44249.0,0.0,0.0,0.0,0.0,0.0,0.0,0.0,0.0,68261.64524198399,598093331084.0,59346.54362174514,535003549756.0,51211.06437417953,1002695949340.0,50963.58504951985,467692399584.0,0.0,0.0,0.0,0.0,0.0,0.0,0.0,0.0,86465.75612826674,624464566063.0,83284.00636963338,599758688630.0,53642.88409782278,967192134371.0,53365.54197545938,367433445741.0,1222557897.147,2.676158060391114,13.61515332020573,1134762238.386,2.657999814882904,13.555615504254638,1969888083.711,1.130549266484615,11.81712674572977,835125845.325,1.117302961312144,11.772134394735986,44249,0.07473921921494908,0.07818170066674468,0.07064025328047752,0.0718130887427767,0.04709710953919863,0.16738645850550027,0.32233109621549916,0.31132314359402735,-0.6112840858563782,0.29119302131121605,0.16738645850550027,0.3257230063902665,0.31132314359402735,0.316902825400845,0.29119302131121605,0.994994738351096,0.4239458333854871,0.4239458333854871
DEPS_DEV_V1,query2,8,inf,157253.1400762475,22997.35141228186,1066652277267.0,1226514052912.0,0.0,0.0,44999.0,144769.19410640915,21304.896762236487,989265733735.0,1136125294509.0,2209.0,0.0,44999.0,105707.01040482242,19232.422243471025,723597343938.0,1961548540303.0,13218.0,0.0,44999.0,105181.56100296298,19232.422243471025,723597343938.0,825423245794.0,13218.0,0.0,44999.0,0.0,0.0,0.0,0.0,0.0,0.0,0.0,0.0,69515.18905364025,604825126370.0,59993.669450490495,537315438688.0,51154.0166968916,1000897149404.0,50905.46883981005,463581710716.0,0.0,0.0,0.0,0.0,0.0,0.0,0.0,0.0,87737.95102260723,621688926542.0,84775.52465591863,598809855821.0,54552.99370793081,960651390899.0,54276.09216315291,361841535078.0,1226514052.912,2.629794953203091,13.53148744677819,1136125294.509,2.598442950647703,13.477156049177903,1961548540.303,1.0012735598935258,11.671354465158098,825423245.794,0.9873499083975926,11.626421683624029,44999,0.07359345951210317,0.07938757829436827,0.0725508632769074,0.07369565655476862,0.04908997977732839,0.1637114249078333,0.327790781452325,0.3216183386473265,-0.5992874567118696,0.29373986088579745,0.1637114249078333,0.3311322053603287,0.3216183386473265,0.3270168867333618,0.29373986088579745,0.9950291905915497,0.4208018454983006,0.4208018454983006
DEPS_DEV_V1,query2,16,inf,312772.448642169,44800.46384915733,2129846282480.0,2448934703447.0,0.0,0.0,88798.0,288379.61442573083,41529.21634856309,1978215485464.0,2271866093132.0,4205.0,0.0,88798.0,181211.4936432486,35243.28284652508,1249454234491.0,3692684504678.0,33941.0,0.0,88798.0,180160.8697213551,35243.28284652508,1249454234491.0,1420818411546.0,33941.0,0.0,88798.0,0.0,0.0,0.0,0.0,0.0,0.0,0.0,0.0,138739.1797218432,1208073860295.0,120335.78975171938,1077784363447.0,92270.36008890106,1925263589830.0,91771.83321686888,847479226383.0,0.0,0.0,0.0,0.0,0.0,0.0,0.0,0.0,174033.2689203261,1240860843152.0,168043.8246740115,1194081729685.0,88941.13355434751,1767420914848.0,88389.0365044862,573339185163.0,2448934703.447,2.5649140636363597,14.113680527365759,2271866093.132,2.5607428675354753,14.031674729658283,3692684504.678,0.33678339721961875,11.308260241607568,1420818411.546,0.31788088843740775,11.265445317844955,88798,0.0730181614103036,0.07798907583559278,0.07119330548091973,0.07230434117568219,0.04735467015022861,0.21332772434703295,0.42062833721468307,0.4133594312561696,-0.5078738112046675,0.3822270771864231,0.21332772434703295,0.42398740520949707,0.4133594312561696,0.41982184761965036,0.3822270771864231,0.9942022224927859,0.384765719829589,0.384765719829589
DEPS_DEV_V1,query2,50,inf,981589.4982841922,142006.82937344536,6693602651000.0,7693069542200.0,0.0,0.0,278600.0,903334.7290680106,131562.75339294225,6206110229800.0,7123924206600.0,13400.0,0.0,278600.0,422994.9368085176,99002.2472653538,2930275065000.0,10431421618600.0,146400.0,0.0,278600.0,419700.9794959684,99002.2472653538,2930275065000.0,3307497412000.0,146400.0,0.0,278600.0,0.0,0.0,0.0,0.0,0.0,0.0,0.0,0.0,435078.43770928174,3804851471800.0,375888.7813786672,3384190486600.0,225606.14963990997,5545380313800.0,224040.99463239624,2161189827200.0,0.0,0.0,0.0,0.0,0.0,0.0,0.0,0.0,546511.0605749133,3888218070400.0,527445.9476893457,3739733720000.0,197388.7871686083,4886041304800.0,195659.98486357348,1146307584800.0,7693069542.2,2.56168973193763,14.465564944420738,7123924206.6,2.558678532990424,14.465564944420738,10431421618.6,0.02984346849617046,10.003801329072937,3307497412.0,0.006521592681429423,9.969195368543986,278600,0.07354629369998533,0.07972250044745799,0.07282960262470473,0.07398156645770304,0.04809763101220388,0.3028346051935248,0.5690714524269991,0.562227515168946,-0.35595051641986175,0.5254845656855707,0.3028346051935248,0.5724271905622451,0.562227515168946,0.5700679171224352,0.5254845656855707,0.9922127736624886,0.3170706288107928,0.3170706288107928
GITHUB_REPOS,query1,1,inf,50553.15444788386,9432.666740958579,383003593625.0,432308222146.0,0.0,0.0,5289.0,37553.919948061724,7874.245905856602,284324857980.0,319754343883.0,520.0,0.0,5289.0,37701.8428709031,7874.245905856602,284324857980.0,639508687766.0,520.0,0.0,5289.0,37553.919948061724,7874.245905856602,284324857980.0,319754343883.0,520.0,0.0,5289.0,0.0,0.0,0.0,0.0,0.0,0.0,0.0,0.0,50059.07198660753,431644734685.0,37067.229783582465,319107871426.0,37214.85363903914,638215742852.0,37067.229783582465,319107871426.0,0.0,0.0,0.0,0.0,0.0,0.0,0.0,0.0,494.08246127632225,663487461.0,486.69016447925003,646472457.0,486.9892318639636,1292944914.0,486.69016447925003,646472457.0,432308222.146,12.456634623053281,28.587905377559483,319754343.883,11.551031569077526,27.45469532115125,639508687.766,11.591217742235601,27.56328089330718,319754343.883,11.551031569077526,27.45469532115125,5289,0.16521529678717406,0.2571399280973312,0.2576444119258491,0.2603556270669034,0.09831726224238986,0.16521529678717406,0.25421384120014523,0.2576444119258491,-0.4792887458661932,0.09831726224238986,0.16521529678717406,0.2571399280973312,0.2576444119258491,0.2603556270669034,0.09831726224238986,0.996076506834218,0.5,0.5
GITHUB_REPOS,query1,2,1,93456.24904918214,17790.1997399237,710627867503.0,801222438403.0,0.0,0.0,9854.0,74259.73865887748,15338.056202102453,547293364209.0,617835865143.0,712.0,0.0,9854.0,66067.9276975178,14211.612700407393,478013208384.0,1157572436717.0,1179.0,0.0,9854.0,65782.11387866673,14211.612700407393,478013208384.0,539736571574.0,1179.0,0.0,9854.0,0.0,0.0,0.0,0.0,0.0,0.0,0.0,0.0,92490.06173943776,799923064735.0,73301.29623808531,616555282773.0,65125.451641427535,1155041261842.0,64840.228805375824,538485979069.0,0.0,0.0,0.0,0.0,0.0,0.0,0.0,0.0,966.1873097443672,1299373668.0,958.4424207921569,1280582370.0,942.4760560902727,2531174875.0,941.8850732908907,1250592505.0,801222438.403,10.788204030856754,31.905830177799967,617835865.143,10.125281291780157,31.16118737315377,1157572436.717,7.686109955204264,29.554001268235048,539736571.574,7.659781130621095,29.438416770383892,9854,0.13783676258104594,0.20540638625676422,0.22984533926022888,0.22888347164306444,0.07225492185914349,0.20115496688243795,0.29306035316323253,0.3273368098219396,-0.44475788649189396,0.11964684392125026,0.20115496688243795,0.2961186164870758,0.3273368098219396,0.3263586418650416,0.11964684392125026,0.995673940006721,0.46626591516359095,0.46626591516359095
GITHUB_REPOS,query1,2,1/16,91763.9185132637,17655.564164700918,692422730175.0,781167918227.0,0.0,0.0,10124.0,74099.03994023471,15444.115081144497,540147934934.0,610417097504.0,684.0,0.0,10124.0,66781.5829800609,14157.815280507319,486911173868.0,1159961982371.0,1125.0,0.0,10124.0,67111.6456199,14326.540886762552,491187700658.0,554350491884.0,1112.0,186.0,10124.0,0.0,0.0,0.0,0.0,0.0,0.0,0.0,0.0,90796.06628687342,779883712098.0,73142.87132310955,609160218101.0,65841.67077903585,1157478437237.0,66172.4086393276,553123846338.0,0.0,0.0,0.0,0.0,0.0,0.0,0.0,0.0,967.8522263902771,1284206129.0,956.1686171251614,1256879403.0,939.912201025061,2483545134.0,939.2369805724001,1226645546.0,781167918.227,10.798478550671863,31.23040437659596,610417097.504,10.009800070809561,30.75694755144091,1015221695.792,7.291197399921119,29.269879331957977,499935856.331,7.282907844400452,29.05316047906366,10124,0.12525507896132881,0.19250353362444617,0.2199159395049246,0.21858401598282406,0.0675622283682339,0.19811028702139755,0.27224573599253843,0.2968007076472776,-0.4849073487346238,0.11112208613196366,0.1885537752791917,0.26864886867053783,0.2906245285537358,0.2903568119615084,0.10983800869221652,1.0049424201270827,0.47790401781176445,0.49244008318891114
GITHUB_REPOS,query1,2,1/4,100513.05881397314,17976.942112946883,773551922620.0,872446805108.0,0.0,0.0,10420.0,75245.38951570763,14964.435429354198,571053856468.0,643097255948.0,975.0,0.0,10420.0,66188.80330252308,13617.398488068953,495430608558.0,1200976328376.0,1481.0,0.0,10420.0,65891.30369396474,13617.398488068953,495430608558.0,557879072428.0,1481.0,0.0,10420.0,0.0,0.0,0.0,0.0,0.0,0.0,0.0,0.0,99500.19741742323,871090682926.0,74245.75056259114,641772496400.0,65206.73523565957,1198360035235.0,64909.84710973927,556587538835.0,0.0,0.0,0.0,0.0,0.0,0.0,0.0,0.0,1012.8613965499112,1356122182.0,999.638953116484,1324759548.0,982.0680668635123,2616293141.0,981.4565842254673,1291533593.0,872446805.108,10.564670470239392,32.12619939122738,643097255.948,9.680058337699682,31.22706095458456,1200976328.376,7.35285701033212,29.542402342676585,557879072.428,7.325695328229789,29.42229744525625,10420,0.16757614641386065,0.2513869301801891,0.26177695411336366,0.2628808402039009,0.0935700575815739,0.24250751865848275,0.341490507964507,0.35953800375805467,-0.37656109386214265,0.14213051823416506,0.24250751865848275,0.3444503184813569,0.35953800375805467,0.36055806593395656,0.14213051823416506,0.9955052879986577,0.4645212892600328,0.4645212892600328
GITHUB_REPOS,query1,2,inf,98118.35748830125,18687.015571929514,736011462651.0,831265807662.0,0.0,0.0,10457.0,74625.15892620487,15714.281977861188,550816059458.0,621298336801.0,937.0,0.0,10457.0,66160.26562633483,14341.722980148159,482154268291.0,1165081357470.0,1428.0,0.0,10457.0,65872.85032033933,14341.722980148159,482154268291.0,543783020669.0,1428.0,0.0,10457.0,0.0,0.0,0.0,0.0,0.0,0.0,0.0,0.0,97076.95445896234,829921291960.0,73592.92640917633,619975751300.0,65145.025526444646,1162470384096.0,64858.22058421985,542494632796.0,0.0,0.0,0.0,0.0,0.0,0.0,0.0,0.0,1041.403029338893,1344515702.0,1032.2325170285203,1322585501.0,1015.240099890181,2610973374.0,1014.6297361194703,1288387873.0,831265807.662,10.47347979986042,31.7135507039632,621298336.801,9.66060969266245,30.748945572477954,1165081357.47,7.30920125306985,29.148282150024034,543783020.669,7.283017122317557,29.03403166274269,10457,0.15908016893472188,0.23943734040694165,0.25162027032290324,0.25258764275599155,0.08960504924930668,0.23253004606624217,0.32570960908897006,0.3449092945450135,-0.40157497966490685,0.136559242612604,0.23253004606624217,0.32863888056632606,0.3449092945450135,0.3458373775791017,0.136559242612604,0.995655771583222,0.46673394710377725,0.4667339471037773
GITHUB_REPOS,query1,4,1,184154.92172520334,35264.77804240491,1411017014264.0,1589144000203.0,0.0,0.0,20138.0,148717.29716530297,30607.503947469406,1105385466276.0,1246715716929.0,1418.0,0.0,20138.0,110088.02363143952,24839.358925538138,789914302594.0,2137876406975.0,3747.0,0.0,20138.0,109511.30442183808,24839.358925538138,789914302594.0,891160690046.0,3747.0,0.0,20138.0,0.0,0.0,0.0,0.0,0.0,0.0,0.0,0.0,182218.51735166166,1586514290066.0,146812.19803312296,1244160885320.0,108279.04173906014,2132942310502.0,107703.49661302366,888781425182.0,0.0,0.0,0.0,0.0,0.0,0.0,0.0,0.0,1936.4043735416826,2629710137.0,1905.0991321799872,2554831609.0,1808.981892379377,4934096473.0,1807.8078088144066,2379264864.0,1589144000.203,9.08210085020287,34.255064906566616,1246715716.929,8.598385045969254,33.95887413124542,2137876406.975,2.6700538769687783,30.63240395580996,891160690.046,2.6497954172339804,30.51491997780907,20138,0.13206588424674792,0.19243376298560477,0.21660372972002773,0.21547970682975082,0.07041414241732048,0.29563263107258175,0.4021988519225499,0.4401808804509513,-0.345300618887844,0.18606614360909723,0.29563263107258175,0.40533055866271517,0.4401808804509513,0.43921967428240516,0.18606614360909723,0.9947612901878209,0.41684387700734893,0.416843877007349
GITHUB_REPOS,query1,4,1/16,185510.58661582376,34190.934156811796,1433018065706.0,1614095760541.0,0.0,0.0,19870.0,146235.3460706126,29251.099362408742,1102802382855.0,1242693320429.0,1534.0,0.0,19870.0,114399.28703753652,24185.552641119808,864441241652.0,2214019412958.0,3580.0,0.0,19870.0,113806.61807492042,24354.036492959596,859607575599.0,966302168834.0,3589.0,294.0,19870.0,0.0,0.0,0.0,0.0,0.0,0.0,0.0,0.0,183532.81160727027,1611426674951.0,144288.90150622762,1240096917835.0,112546.41981822356,2209001640151.0,111954.83909716333,963880783034.0,0.0,0.0,0.0,0.0,0.0,0.0,0.0,0.0,1977.7750085534901,2669085590.0,1946.444564384955,2596402594.0,1852.867219312949,5017772807.0,1851.7789777570767,2421385800.0,1614095760.541,9.263844845221639,34.56843232091496,1242693320.429,8.709963936846894,34.24368876218621,1809556713.42,2.9208875766434375,30.9129523364083,729875438.612,2.903406200966512,30.707985671647258,19870,0.1444779125293042,0.2117142814417743,0.23043371940207458,0.23009938393464102,0.07720181177654756,0.292632587042043,0.3833274471044208,0.3967687760962604,-0.3716778564711194,0.1801711122294917,0.2877048523663227,0.3865222457055564,0.4001418431696462,0.40133529096803877,0.18062405636638149,0.9948192949627245,0.4364470172115563,0.4033448817597767
GITHUB_REPOS,query1,4,1/4,182369.3920118941,34444.29007725231,1407548568464.0,1584427457803.0,0.0,0.0,20036.0,147474.41658621476,30012.461466470733,1100384218622.0,1240915480169.0,1411.0,0.0,20036.0,108946.33530862661,24465.01414224226,780307820209.0,2121578410550.0,3659.0,0.0,20036.0,108372.29835322872,24465.01414224226,780307820209.0,880662930381.0,3659.0,0.0,20036.0,0.0,0.0,0.0,0.0,0.0,0.0,0.0,0.0,180409.85389828077,1581806082603.0,145541.7064551853,1238356898780.0,107105.01475652333,2116625235723.0,106532.15398389689,878268336943.0,0.0,0.0,0.0,0.0,0.0,0.0,0.0,0.0,1959.5381136133258,2621375200.0,1932.7101310294136,2558581389.0,1841.3205521032758,4953174827.0,1840.1443693318079,2394593438.0,1584427457.803,9.304668135371786,34.0334529109217,1240915480.169,8.858182458809504,33.819470340175535,2119769519.716,2.829946744827885,30.197585298002522,879027528.995,2.8096876469356418,30.08040854748073,20036,0.1286665685616336,0.19134228085491167,0.21822646601615736,0.21680511527509172,0.07042323817129167,0.28972221266945386,0.40260624819365987,0.44562636225013685,-0.3390189624028763,0.1826212816929527,0.28972221266945386,0.4057539088239067,0.44562636225013685,0.44417592232203207,0.1826212816929527,0.9947310117979485,0.4150979883664522,0.41468070977488597
GITHUB_REPOS,query1,4,inf,193208.20078108608,35324.97934945021,1491712007589.0,1680723425382.0,0.0,0.0,19952.0,148731.0334196081,29904.633669572882,1123268805272.0,1265328308814.0,1689.0,0.0,19952.0,108760.39203410067,24090.772056268528,791197443305.0,2156991029547.0,4012.0,0.0,19952.0,108175.06229844961,24090.772056268528,791197443305.0,891662720733.0,4012.0,0.0,19952.0,0.0,0.0,0.0,0.0,0.0,0.0,0.0,0.0,191283.37950726826,1678101664594.0,146830.5414799858,1262764068537.0,106958.38084004472,2152040007266.0,106374.22945255881,889275938729.0,0.0,0.0,0.0,0.0,0.0,0.0,0.0,0.0,1924.8212738178067,2621760788.0,1900.4919396222754,2564240277.0,1802.0111940559439,4951022281.0,1800.8328458907874,2386782004.0,1680723425.382,9.128090879082942,34.4215874364863,1265328308.814,8.380404983731509,34.21696042113731,2156991029.547,2.8145043133243735,30.40433531435156,891662720.733,2.792153120885115,30.284706551132317,19952,0.15344228870615562,0.23020331011659634,0.24699352183435286,0.24715257150270742,0.0846531676022454,0.3180244546514229,0.437081906490443,0.46960442814710346,-0.28337059921489005,0.20108259823576582,0.3180244546514229,0.4401114349125531,0.46960442814710346,0.46947682928240253,0.20108259823576582,0.9946181718849677,0.41338267453076166,0.41338267453076166
GITHUB_REPOS,query1,8,1,376544.13258538186,69443.88063270785,2881717695584.0,3249553583532.0,0.0,0.0,40368.0,296164.13849470654,59413.7837765608,2223533797529.0,2506750959663.0,3168.0,0.0,40368.0,173415.78162083332,40815.01347730495,1234138362475.0,3897864913237.0,11064.0,0.0,40368.0,172256.22209774522,40815.01347730495,1234138362475.0,1391113953574.0,11064.0,0.0,40368.0,0.0,0.0,0.0,0.0,0.0,0.0,0.0,0.0,372595.7529303861,3244312738088.0,292272.6379335711,2501644192629.0,169889.27369453525,3888295650708.0,168732.0468710595,1386651458079.0,0.0,0.0,0.0,0.0,0.0,0.0,0.0,0.0,3948.379654995841,5240845444.0,3891.5005611353668,5106767034.0,3526.507926298063,9569262529.0,3524.1752266856943,4462495495.0,3249553583.532,8.843435291556437,36.13537330559323,2506750959.663,7.7885653994295465,36.03494970704739,3897864913.237,0.438065037700087,30.09415947598927,1391113953.574,0.4156766871045894,29.98807558803831,40368,0.14443456737673888,0.21346765793103695,0.22839985299865206,0.22858605182981295,0.07847800237812129,0.4122590341231419,0.5394542986763681,0.5717351618563409,-0.1995078133164181,0.2740784780023781,0.4122590341231419,0.5425337770767523,0.5717351618563409,0.5719061348537688,0.2740784780023781,0.9933134140834804,0.3568912685634205,0.3568912685634205
GITHUB_REPOS,query1,8,1/16,380783.9364768772,71114.2227344513,2942478043762.0,3312875357867.0,0.0,0.0,40650.0,299555.30082138116,60977.84635757934,2249473434991.0,2534713557610.0,3136.0,0.0,40650.0,212723.39473439884,45921.189973273315,1631166411369.0,4362934004157.0,9444.0,0.0,40650.0,211121.63075387655,46407.49757497851,1612037665054.0,1808109559905.0,9509.0,744.0,40650.0,0.0,0.0,0.0,0.0,0.0,0.0,0.0,0.0,376848.6915258689,3307663334249.0,295673.29605574714,2529627052617.0,209141.16856383998,4353306731131.0,207543.48366652348,1803570146611.0,0.0,0.0,0.0,0.0,0.0,0.0,0.0,0.0,3935.244951008426,5212023618.0,3882.0047656340375,5086504993.0,3582.226170558847,9627273026.0,3578.147087353066,4539413294.0,3312875357.867,8.838531293920504,36.26513433922988,2534713557.61,7.971285070720781,36.17785624817068,3167594439.928,0.9463372595199471,31.766885480108773,1050937798.008,0.9291456907939003,31.492701954597564,40650,0.14253655579872326,0.2133194913815084,0.23551734234352473,0.23489015317437745,0.07714637146371464,0.3542615217106664,0.441354074169785,0.4456487399023952,-0.3169629197779664,0.23232472324723247,0.34742312029100775,0.44556056458884596,0.45214963677588327,0.4542174502245221,0.23392373923739238,0.9924702029951985,0.4144251455974889,0.33177788948003334
GITHUB_REPOS,query1,8,1/4,371571.98069727095,70536.12443722691,2833198933989.0,3193540671062.0,0.0,0.0,40012.0,297353.66655820364,61021.30636494234,2204515001272.0,2487350805708.0,2896.0,0.0,40012.0,173790.00246760307,41276.72800200898,1233325725497.0,3877561774755.0,10771.0,0.0,40012.0,172639.41746865134,41276.72800200898,1233325725497.0,1390210969047.0,10771.0,0.0,40012.0,0.0,0.0,0.0,0.0,0.0,0.0,0.0,0.0,367703.2606150957,3188286479170.0,293539.57561320986,2482225565553.0,170363.47799930224,3867999321650.0,169215.23386881838,1385773756097.0,0.0,0.0,0.0,0.0,0.0,0.0,0.0,0.0,3868.7200821753454,5254191892.0,3814.090944993739,5125240155.0,3426.5244683008104,9562453105.0,3424.1835998329125,4437212950.0,3193540671.062,8.903491955121776,36.14590675874467,2487350805.708,8.138510571129741,36.09035287629392,3827297457.822,0.30923661693248905,30.286780151317462,1345658115.351,0.28505977914082387,30.179336038722646,40012,0.13489283892755144,0.19974141753044306,0.2218989726329753,0.22113069413929187,0.07237828651404579,0.4148143475228372,0.5322844253716909,0.5646879184157605,-0.21418894391770227,0.26919424172748174,0.4148143475228372,0.5353809586377154,0.5646879184157605,0.5646803619430059,0.26919424172748174,0.9933794523124757,0.3585270976462623,0.351594860389235
GITHUB_REPOS,query1,8,inf,369713.2481335332,70310.1763152983,2816465930625.0,3174874078169.0,0.0,0.0,40405.0,297861.99933157273,61011.717760948464,2217011938109.0,2500389543342.0,2944.0,0.0,40405.0,175299.1569277707,41854.83131461032,1239622629273.0,3898013544581.0,10939.0,0.0,40405.0,174142.54153100323,41854.83131461032,1239622629273.0,1397624001239.0,10939.0,0.0,40405.0,0.0,0.0,0.0,0.0,0.0,0.0,0.0,0.0,365837.5899738961,3169635099046.0,294045.29358190135,2495288919238.0,171864.1639499739,3888498701401.0,170709.87751860346,1393209782163.0,0.0,0.0,0.0,0.0,0.0,0.0,0.0,0.0,3875.658159637224,5238979123.0,3816.7057496713724,5100624104.0,3434.9929777967923,9514843180.0,3432.664012399702,4414219076.0,3174874078.169,9.006048800209799,36.07392464641317,2500389543.342,8.271083487128694,35.9948541152471,3898013544.581,0.4340692085989402,30.337519310608116,1397624001.239,0.41130986186232893,30.232516610543037,40405,0.1322491144475576,0.19434318127547656,0.21283907112023026,0.21244449959917333,0.07286226952109888,0.40471161490312724,0.5258510269438437,0.5598659242443185,-0.22776949529571455,0.27073382007177327,0.40471161490312724,0.5289794390378288,0.5598659242443185,0.5597860051051121,0.27073382007177327,0.9934020481499289,0.3585477539404578,0.3585477539404578
GITHUB_REPOS,query1,16,inf,747844.8581324976,139379.54336761963,5720039614505.0,6448606264415.0,0.0,0.0,80994.0,593698.9091244643,119987.5651905369,4441557893319.0,5008282344767.0,6107.0,0.0,80994.0,265848.92187934555,67243.1304214932,1852327983377.0,7094773426048.0,29307.0,0.0,80994.0,263532.31059496215,67243.1304214932,1852327983377.0,2086491081281.0,29307.0,0.0,80994.0,0.0,0.0,0.0,0.0,0.0,0.0,0.0,0.0,740054.5396390347,6438219705174.0,586018.6699444185,4998156854064.0,259445.08785486576,7076839694869.0,257133.0585799646,2078682840805.0,0.0,0.0,0.0,0.0,0.0,0.0,0.0,0.0,7790.318493463437,10386559241.0,7680.239180046079,10125490703.0,6403.8340244798055,17933731179.0,6399.252014997635,7808240476.0,6448606264.415,7.996660776943231,37.13632560617223,5008282344.767,6.414749847496437,37.13006595547728,7094773426.048,0.14762943760051436,28.98937805254085,2086491081.281,0.10757387059980938,28.879290812417796,80994,0.13913073402698373,0.20612022310745493,0.22350924247867066,0.22335429712867771,0.07540064696150332,0.5175538045483725,0.6445132717189259,0.6761686792028806,-0.10020260737559838,0.36184161789762204,0.5175538045483725,0.6476109881225238,0.6761686792028806,0.676443095495724,0.36184161789762204,0.9912859857846827,0.29408847273692823,0.2940884727369282
GITHUB_REPOS,query1,50,inf,2348030.2216822933,439191.5108239278,17976489268400.0,20261768218200.0,0.0,0.0,251600.0,1856143.06440001,377043.2929504663,13890878207000.0,15660096178400.0,19400.0,0.0,251600.0,509168.95806665655,149480.0781833008,3318776976800.0,19398818237000.0,128600.0,0.0,251600.0,501925.74663104024,149480.0781833008,3318776976800.0,3738722058600.0,128600.0,0.0,251600.0,0.0,0.0,0.0,0.0,0.0,0.0,0.0,0.0,2323612.5244016214,20229021691000.0,1832067.7979498475,15628155982800.0,492401.7399043596,19347688879600.0,485172.7338205836,3719532896800.0,0.0,0.0,0.0,0.0,0.0,0.0,0.0,0.0,24417.697280670214,32746527200.0,24075.26645016241,31940195600.0,16767.218162297464,51129357400.0,16753.01281045751,19189161800.0,20261768218.2,5.250875448615087,38.86965266125536,15660096178.4,1.2693139813773167,38.86965266125536,19398818237.0,0.06005226797013709,20.554928383043656,3738722058.6,0.005658295251364004,20.478248218868625,251600,0.14150596343920863,0.209489278604711,0.22727524826451506,0.22711107886756787,0.07710651828298887,0.6596471596118181,0.7831505943301478,0.8153823626377417,0.04259006281716626,0.5111287758346582,0.6596471596118181,0.7862353976553907,0.8153823626377417,0.8154789839495984,0.5111287758346582,0.9857744441783741,0.19272937211551439,0.19272937211551439
GITHUB_REPOS,query2,1,inf,4645.6408668177,1596.563825149089,39456865723.0,42959026696.0,0.0,0.0,6861.0,4557.077717350558,1533.032790614292,39309970229.0,42781668802.0,98.0,0.0,6861.0,4576.869127895207,1533.032790614292,39309970229.0,85563337604.0,98.0,0.0,6861.0,4557.077717350558,1533.032790614292,39309970229.0,42781668802.0,98.0,0.0,6861.0,0.0,0.0,0.0,0.0,0.0,0.0,0.0,0.0,4460.776107212545,42744537415.0,4374.227923450388,42589672191.0,4393.930513622718,85179344382.0,4374.227923450388,42589672191.0,0.0,0.0,0.0,0.0,0.0,0.0,0.0,0.0,184.8647596051541,214489281.0,182.84979390016912,191996611.0,182.93861427248953,383993222.0,182.84979390016912,191996611.0,42959026.696,0.29366170670770286,3.0615773132202966,42781668.802,0.27920854225255104,3.0539445061759842,85563337.604,0.27968084000225574,3.068644823286332,42781668.802,0.27920854225255104,3.0539445061759842,6861,0.03979235501522427,0.019063709831666165,0.0037229387410356862,0.004128536134095251,0.014283632123597144,0.03979235501522427,0.01480349878392595,0.0037229387410356862,-0.9917429277318095,0.014283632123597144,0.03979235501522427,0.019063709831666165,0.0037229387410356862,0.004128536134095251,0.014283632123597144,0.9956757752971295,0.5,0.5
GITHUB_REPOS,query2,2,1,9159.683062111062,3215.213493447751,76893596668.0,83719047524.0,0.0,0.0,13891.0,8991.521972842156,3095.574933321215,76562044858.0,83328900416.0,185.0,0.0,13891.0,8375.148770187445,2795.8749457253143,72333832490.0,162015453201.0,795.0,0.0,13891.0,8336.607298798966,2795.8749457253143,72333832490.0,78686552785.0,795.0,0.0,13891.0,0.0,0.0,0.0,0.0,0.0,0.0,0.0,0.0,8764.079797615263,83336103156.0,8599.56803009279,82985472890.0,7990.275003797449,161337387645.0,7951.8897422282635,78351914755.0,0.0,0.0,0.0,0.0,0.0,0.0,0.0,0.0,395.60326449579713,382944368.0,391.95394274936416,343427526.0,384.87376638999393,678065556.0,384.7175565707014,334638030.0,83719047.524,0.20230879438229085,3.353428658753428,83328900.416,0.18404280501852746,3.3509973055238644,162015453.201,0.08125690996135407,3.111497979788924,78686552.785,0.08115927389345522,3.097049005419311,13891,0.037210144946936086,0.018358832737838116,0.004311826008497555,0.004660195254707733,0.01331797566769851,0.13042323583706095,0.08565081199903468,0.05929966051253255,-0.9352280991318556,0.05723130084227197,0.13042323583706095,0.08985854180006947,0.05929966051253255,0.060111705613436595,0.05723130084227197,0.995398115013112,0.4856731332126677,0.48567313321266764
GITHUB_REPOS,query2,2,1/16,9567.356129714835,3241.968175716698,81941163513.0,89206865218.0,0.0,0.0,13787.0,9386.340523066483,3112.898287070915,81606901133.0,88809559158.0,196.0,143.0,13787.0,9028.333673679545,2825.827296107076,81152387051.0,93460789009.0,797.0,143.0,13787.0,9025.937992767518,2825.827296107076,81152387051.0,88265888836.0,797.0,143.0,13787.0,0.0,0.0,0.0,0.0,0.0,0.0,0.0,0.0,9187.561073606825,88754558260.0,9010.98468900573,88407836286.0,8659.031871402374,92658136463.0,8656.819670227767,87864959162.0,0.0,0.0,0.0,0.0,0.0,0.0,0.0,0.0,379.7950561080087,452306958.0,375.3558340607506,401722872.0,369.30180227716903,802652546.0,369.11832253975,400929674.0,89206865.218,0.21185407069444837,3.671835973926474,88809559.158,0.19165504309860149,3.670796018525286,93460789.009,0.0839056708743249,3.623973672065289,88265888.836,0.08381121224020036,3.6230821374494604,13787,0.03981220099955163,0.018920128423582372,0.004079297457705411,0.004453761030937198,0.014216290708638573,0.12836056896753045,0.056339750368564645,0.009626132070663873,-0.047686058473240145,0.05780808007543338,0.12836056896753045,0.056590151929826304,0.009626132070663873,0.010548250739452425,0.05780808007543338,0.9997346486075265,0.9444162602511332,0.9444162602511332
GITHUB_REPOS,query2,2,1/4,10613.953066699012,3302.3402605503798,95206354792.0,103608453655.0,0.0,0.0,13856.0,10444.323140449698,3180.8282830882818,94894031480.0,103237872905.0,192.0,168.0,13856.0,10094.236674405824,2901.8714268170297,94406350140.0,107666506272.0,810.0,168.0,13856.0,10091.92893439166,2901.8714268170297,94406350140.0,102661239727.0,810.0,168.0,13856.0,0.0,0.0,0.0,0.0,0.0,0.0,0.0,0.0,10228.762347674512,103197233523.0,10062.073118749948,102855200057.0,9717.327513145032,106902483576.0,9715.194188672724,102279889879.0,0.0,0.0,0.0,0.0,0.0,0.0,0.0,0.0,385.1907190244968,411220132.0,382.25002169974755,382672848.0,376.90916126079026,764022696.0,376.7347457189346,381349848.0,103608453.655,0.19207222771251753,4.181399142837456,103237872.905,0.17834506913546594,4.177960030975638,107666506.272,0.08320453521108137,4.12722489953787,102661239.727,0.08310735367419787,4.126373236334654,13856,0.03679571693858297,0.015981785973929297,0.0032804880796281077,0.0035767424078538834,0.013856812933025405,0.12126819229300334,0.04896539385724108,0.008402849302946103,-0.03916719605248309,0.058458429561200925,0.12126819229300334,0.04918281897676635,0.008402849302946103,0.009142245585037623,0.058458429561200925,0.9997713804333502,0.9535113869827345,0.9535113869827344
GITHUB_REPOS,query2,2,inf,9138.906397776196,3257.9649704191834,75855235245.0,82608952472.0,0.0,0.0,13954.0,8948.053003756113,3120.4225908853114,75546739825.0,82235316222.0,207.0,0.0,13954.0,8393.881239081691,2806.8907007686794,72394905356.0,160992177507.0,877.0,0.0,13954.0,8355.846429496169,2806.8907007686794,72394905356.0,78756861285.0,877.0,0.0,13954.0,0.0,0.0,0.0,0.0,0.0,0.0,0.0,0.0,8743.157734481525,82129491646.0,8556.008097337484,81795404800.0,8008.187692638809,160119524457.0,7970.353652285057,78324119657.0,0.0,0.0,0.0,0.0,0.0,0.0,0.0,0.0,395.74866329467017,479460826.0,392.04490641862617,439911422.0,385.6935464428813,872653050.0,385.49277721110997,432741628.0,82608952.472,0.21402253110174269,3.195716929113193,82235316.222,0.1943487130950598,3.194845254555558,160992177.507,0.09180277125874314,3.0573986414631436,78756861.285,0.09141803352063882,3.0431385607894437,13954,0.042217267767668876,0.020883614046700805,0.004066896885938198,0.00452295107030487,0.014834456069944102,0.13845276844473464,0.08152235358005144,0.0456175487139906,-0.9488466163708795,0.06284936219005303,0.13845276844473464,0.08568420926934672,0.0456175487139906,0.046630432558815604,0.06284936219005303,0.9954687458039753,0.4891968200229829,0.4891968200229829
GITHUB_REPOS,query2,4,1,19166.576613954272,6557.968358146027,163153932886.0,177636024661.0,0.0,0.0,27751.0,18792.99842427552,6291.4327032174915,162454186062.0,176806566475.0,396.0,0.0,27751.0,16162.191447108598,5055.969869737513,144475849702.0,333915387728.0,3173.0,0.0,27751.0,16080.433110642076,5055.969869737513,144475849702.0,157108821253.0,3173.0,0.0,27751.0,0.0,0.0,0.0,0.0,0.0,0.0,0.0,0.0,18397.20534934403,176689261059.0,18031.66357000948,175949838677.0,15429.88775792003,332214499378.0,15348.513337659706,156264660701.0,0.0,0.0,0.0,0.0,0.0,0.0,0.0,0.0,769.3712646102351,946763602.0,761.3348542660318,856727798.0,732.303689188563,1700888350.0,731.9197729823657,844160552.0,177636024.661,0.19068438255207792,3.2650980022733362,176806566.475,0.15746364367885862,3.264204659183536,333915387.728,0.027221662406397985,2.255521590469055,157108821.253,0.026818346172243348,2.2463646527879626,27751,0.04064302240761131,0.0194911275603995,0.0042888750005734,0.004669425515364534,0.014269756044827213,0.22903411641850868,0.15675126692464858,0.11448135422546557,-0.8797729141104289,0.1143382220460524,0.22903411641850868,0.16101693930387762,0.11448135422546557,0.11555766037420645,0.1143382220460524,0.9949413829966017,0.47050488545013486,0.47050488545013486
GITHUB_REPOS,query2,4,1/16,18306.510741119095,6452.854436298832,153445550703.0,167054277590.0,0.0,0.0,27764.0,17960.905051488397,6207.088556969538,152764933069.0,166253047912.0,370.0,267.0,27764.0,16604.80186063746,5112.447520717047,150864362865.0,174164477838.0,3091.0,267.0,27764.0,16600.148219683284,5112.447520717047,150864362865.0,164031107891.0,3091.0,267.0,27764.0,0.0,0.0,0.0,0.0,0.0,0.0,0.0,0.0,17513.500124607897,166148566214.0,17175.46016885631,165431806156.0,15849.84806799662,172542069767.0,15845.561386426603,163229941576.0,0.0,0.0,0.0,0.0,0.0,0.0,0.0,0.0,793.0106165111899,905711376.0,785.4448826320809,821241756.0,754.9537926408362,1622408071.0,754.5868332566728,801166315.0,167054277.59,0.18411538398198962,3.0314649991015705,166253047.912,0.15571757823175167,3.030453918861764,174164477.838,0.025559352735751016,2.9221451688653253,164031107.891,0.025484582594803136,2.921164558297824,27764,0.03808638204308512,0.018878840130599928,0.004435564477965004,0.00479622365592125,0.013326609998559285,0.20772309817523227,0.09295648441946658,0.016821522854031712,-0.04256221600892207,0.11133122028526149,0.20772309817523227,0.09321069129810033,0.016821522854031712,0.018096930785691967,0.11133122028526149,0.9997197412535702,0.9418172403879876,0.9418172403879878
GITHUB_REPOS,query2,4,1/4,18704.277440214217,6332.644085996784,160150692380.0,174359465098.0,0.0,0.0,27521.0,18373.038103358133,6096.778752218001,159527445730.0,173620627676.0,330.0,280.0,27521.0,17042.836221502934,5019.228998745792,157828856022.0,181509487618.0,3076.0,280.0,27521.0,17038.29103219111,5019.228998745792,157828856022.0,171609870542.0,3076.0,280.0,27521.0,0.0,0.0,0.0,0.0,0.0,0.0,0.0,0.0,17935.47007792756,173450608629.0,17611.73867763917,172801579077.0,16310.731905139439,179882564240.0,16306.552610349534,170801995763.0,0.0,0.0,0.0,0.0,0.0,0.0,0.0,0.0,768.8073622866516,908856469.0,761.2994257189583,819048599.0,732.1043163634887,1626923378.0,731.7384218415709,807874779.0,174359465.098,0.1826536116858776,2.8835150300578003,173620627.676,0.14955860096545023,2.8830525845048274,181509487.618,0.02615810865769934,2.7809463284130898,171609870.542,0.02607459303720583,2.7799080921695483,27521,0.0372459482288523,0.017709282698294415,0.0038916263222963376,0.004237437993886539,0.011990843355982704,0.2074039010269524,0.08882680574119284,0.014497822791117443,-0.04100736668342764,0.11176919443334181,0.2074039010269524,0.08906980840870293,0.014497822791117443,0.015769689098636408,0.11176919443334181,0.9997333079275803,0.9454595062444644,0.9454595062444644
GITHUB_REPOS,query2,4,inf,18458.95752268481,6443.252446540631,155477211917.0,169272949562.0,0.0,0.0,27847.0,18141.22516260475,6216.641903128475,154881940373.0,168567223878.0,331.0,0.0,27847.0,15614.978252534307,5009.193650000729,137978493689.0,318604228254.0,3095.0,0.0,27847.0,15537.031390141918,5009.193650000729,137978493689.0,150037004376.0,3095.0,0.0,27847.0,0.0,0.0,0.0,0.0,0.0,0.0,0.0,0.0,17664.147759034284,168294891845.0,17353.33457122288,167668004473.0,14857.263351523843,316826779378.0,14779.719773471486,149158774905.0,0.0,0.0,0.0,0.0,0.0,0.0,0.0,0.0,794.809763650522,978057717.0,787.8905913818651,899219405.0,757.71490101046,1777448876.0,757.3116166704251,878229471.0,169272949.562,0.18877258723301993,2.755254856651489,168567223.878,0.1653349721986827,2.754563386310105,318604228.254,0.027469272869279252,1.8266992033311467,150037004.376,0.02717987494370713,1.8203094368692216,27847,0.03517021027692668,0.017212909217088068,0.003828673904428981,0.0041691580717775345,0.011886379143175207,0.2225675322266546,0.15407041630901663,0.11254844367380035,-0.8821922172349461,0.11114303156533918,0.2225675322266546,0.1582931283606912,0.11254844367380035,0.11363862469327624,0.11114303156533918,0.995008199106538,0.47091968991819655,0.4709196899181965
GITHUB_REPOS,query2,8,1,34805.854731824395,12572.027701226063,287136325643.0,312657373814.0,0.0,0.0,54915.0,34171.84755566682,12120.650390932336,285925356671.0,311225409654.0,666.0,0.0,54915.0,25131.481693127615,8408.160874448717,217099452872.0,547273627033.0,9883.0,0.0,54915.0,24987.62022664721,8408.160874448717,217099452872.0,236048217379.0,9883.0,0.0,54915.0,0.0,0.0,0.0,0.0,0.0,0.0,0.0,0.0,33286.74700386983,310699973254.0,32667.025094663313,309431089092.0,23738.046533878434,543763040347.0,23594.967295021695,234331951255.0,0.0,0.0,0.0,0.0,0.0,0.0,0.0,0.0,1519.1077279545398,1957400560.0,1504.8224610034852,1794320562.0,1393.4351592491653,3510586686.0,1392.6529316254919,1716266124.0,312657373.814,0.16594453355882496,2.489268129990929,311225409.654,0.12584352215778263,2.488770194306764,547273627.033,0.02021159691198408,0.960665355635568,236048217.379,0.020052810322128464,0.9594065291872305,54915,0.03590330223737148,0.018215532445404303,0.004217400808790739,0.004579978852032096,0.012127833925157061,0.33120089501324224,0.2779524626887301,0.24391505538061975,-0.7503941146725466,0.1799690430665574,0.33120089501324224,0.2820857174985557,0.24391505538061975,0.24502590647542133,0.1799690430665574,0.994275647244478,0.4313166316065995,0.43131663160659955
GITHUB_REPOS,query2,8,1/16,37164.69419889311,12890.066935833544,313976940554.0,341852830863.0,0.0,0.0,55436.0,36426.71925799097,12363.934835324995,312591277146.0,340210393013.0,764.0,547.0,55436.0,32412.175419783733,9087.437510395423,306823414240.0,353911879366.0,9709.0,547.0,55436.0,32402.864534663768,9087.437510395423,306823414240.0,333542174918.0,9709.0,547.0,55436.0,0.0,0.0,0.0,0.0,0.0,0.0,0.0,0.0,35592.03867798857,339914363202.0,34870.176192706196,338457530582.0,30959.629667995163,350476320947.0,30951.08416923388,331859478930.0,0.0,0.0,0.0,0.0,0.0,0.0,0.0,0.0,1572.6555209045102,1938467661.0,1556.5430652847433,1752862431.0,1452.5457517885523,3435558419.0,1451.7803654298664,1682695988.0,341852830.863,0.16989457682546408,2.299650801790764,340210393.013,0.1265759368806909,2.298993413079183,353911879.366,0.020410744225401848,2.1309062149414246,333542174.918,0.020308510301167915,2.1296860568093856,55436,0.04081686333574697,0.019856881828564044,0.004413264889947199,0.00480451732944176,0.013781658128292084,0.2950046298725618,0.12787724698272696,0.022783604112384448,-0.035275555485549726,0.1751388989104553,0.2950046298725618,0.12812777736702496,0.022783604112384448,0.0243106249084436,0.1751388989104553,0.9997127349522401,0.9424441347250326,0.9424441347250326
GITHUB_REPOS,query2,8,1/4,37697.50040226249,12891.861004730687,321195256935.0,349681082470.0,0.0,0.0,55608.0,36967.06259253242,12371.083391020074,319819007395.0,348050885808.0,780.0,560.0,55608.0,33021.93085182311,9152.782273977064,314103392230.0,362057931941.0,9853.0,560.0,55608.0,33012.51093664854,9152.782273977064,314103392230.0,341449067333.0,9853.0,560.0,55608.0,0.0,0.0,0.0,0.0,0.0,0.0,0.0,0.0,36161.9037513989,347841765495.0,35447.50522107812,346391705565.0,31613.25550209193,358792441182.0,31604.555171009513,339842756817.0,0.0,0.0,0.0,0.0,0.0,0.0,0.0,0.0,1535.596650863562,1839316975.0,1519.5573714542682,1659180243.0,1408.6753497311656,3265490759.0,1407.9557656390057,1606310516.0,349681082.47,0.1626445213312115,2.457507856353863,348050885.808,0.112865698982858,2.4568631142999298,362057931.941,0.02014572079379661,2.282594887200486,341449067.333,0.020053259963270505,2.281335478981842,55608,0.04039584459679735,0.019376292908965254,0.0042847754139735406,0.004661952686959681,0.014026758739749677,0.2900340555472606,0.12402863586570234,0.02207960594647007,-0.03539467844121025,0.17718673572147892,0.2900340555472606,0.12427851755743391,0.02207960594647007,0.023541494091852244,0.17718673572147892,0.9997147376022062,0.9430785440950971,0.9430785440950971
GITHUB_REPOS,query2,8,inf,36895.80000841306,12901.15092445165,310267163547.0,337821972195.0,0.0,0.0,55248.0,36098.4878533692,12333.55748564098,308799302365.0,336075328275.0,864.0,0.0,55248.0,26417.07445069438,8601.590606464073,231502546560.0,587772993409.0,10048.0,0.0,55248.0,26261.716642434025,8601.590606464073,231502546560.0,251697665134.0,10048.0,0.0,55248.0,0.0,0.0,0.0,0.0,0.0,0.0,0.0,0.0,35321.79810255772,335723081088.0,34546.233929062255,334229650656.0,24975.061943134715,584164494565.0,24820.51068661636,249934843909.0,0.0,0.0,0.0,0.0,0.0,0.0,0.0,0.0,1574.0019058553203,2098891107.0,1552.253924306924,1845677619.0,1442.0125075596509,3608498844.0,1441.2059558176431,1762821225.0,337821972.195,0.15881724022168844,2.691572192993647,336075328.275,0.1002532438540663,2.691162224439651,587772993.409,0.020467908197128012,1.0587153124699857,251697665.134,0.020257393565894243,1.0567537418532469,55248,0.04399556614246758,0.021609835126547017,0.004730958845980626,0.005170308812808,0.015638575152041704,0.33326951550024786,0.2840086284978046,0.2538606280038027,-0.7398897697208442,0.1818708369533739,0.33326951550024786,0.2882193464717998,0.2538606280038027,0.2549399214663477,0.1818708369533739,0.9941190381035447,0.42822257564810734,0.42822257564810734
GITHUB_REPOS,query2,16,inf,72339.1672888001,25538.767720668577,604758602345.0,658492726287.0,0.0,0.0,110677.0,70886.94478864445,24503.260251852684,602052399867.0,655281281159.0,1524.0,0.0,110677.0,42534.685611296525,14263.296691758558,366026056315.0,1053202101376.0,28334.0,0.0,110677.0,42231.880117173256,14263.296691758558,366026056315.0,397920820217.0,28334.0,0.0,110677.0,0.0,0.0,0.0,0.0,0.0,0.0,0.0,0.0,69232.8607706923,654555943433.0,67813.48173426355,651721209825.0,39809.83675469549,1046373947431.0,39508.529281332805,394652737606.0,0.0,0.0,0.0,0.0,0.0,0.0,0.0,0.0,3106.3065181077,3936782854.0,3073.463054380818,3560071334.0,2724.84885660098,6828153945.0,2723.3508358403824,3268082611.0,658492726.287,0.15530264558250265,1.8222285698760576,655281281.159,0.08364388312379079,1.822003745796,1053202101.376,0.018556129700989504,0.8530979843932308,397920820.217,0.018343310713695164,0.8517814886773764,110677,0.04054649308618974,0.020075189618342315,0.004474847430869899,0.004876963707872939,0.013769798603142478,0.4415041145381794,0.4120102953150534,0.3947567593156929,-0.5994134169326699,0.25600621628703346,0.4415041145381794,0.416196208776213,0.3947567593156929,0.39570961935945714,0.25600621628703346,0.9928809749085614,0.3778200021601929,0.37782000216019285
GITHUB_REPOS,query2,50,inf,231505.66148775292,80526.0935196653,1953080296800.0,2126458020800.0,0.0,0.0,345600.0,226986.43972167117,77301.32033266127,1944692822400.0,2116500894400.0,4800.0,0.0,345600.0,76652.73954609736,30821.124385483563,579939707400.0,2746990835400.0,130400.0,0.0,345600.0,75675.19470945265,30821.124385483563,579939707400.0,630489941000.0,130400.0,0.0,345600.0,0.0,0.0,0.0,0.0,0.0,0.0,0.0,0.0,221870.61985528166,2114661012600.0,217451.09392325216,2105830147800.0,68914.9035300999,2728025170400.0,67941.54098535138,622195022600.0,0.0,0.0,0.0,0.0,0.0,0.0,0.0,0.0,9635.041632470644,11797008200.0,9535.34579841837,10670746600.0,7737.836015997258,18965665000.0,7733.653724100987,8294918400.0,2126458020.8,0.12400333796886909,1.2280244764432138,2116500894.4,0.0267068161561917,1.2280244764432138,2746990835.4,0.015659982786013722,0.6999295518442589,630489941.0,0.015285810861335127,0.69972469046971,345600,0.04004631351223453,0.019520998912248344,0.004294485185141861,0.004682493753746408,0.013888888888888888,0.6172529544357355,0.6688947516294221,0.7030640735303126,-0.29181521973640834,0.3773148148148148,0.6172529544357355,0.6731173042459007,0.7030640735303126,0.7035022865098453,0.3773148148148148,0.9872470985064162,0.22952022004405118,0.22952022004405118
GITHUB_REPOS,query3,1,inf,17873.816207414206,13997.96307456959,33132210721.0,37781021077.0,0.0,0.0,4726.0,16626.834371977948,13290.68494212348,27668904409.0,31674119677.0,144.0,0.0,4726.0,16641.487271776437,13290.68494212348,27668904409.0,63348239354.0,144.0,0.0,4726.0,16626.834371977948,13290.68494212348,27668904409.0,31674119677.0,144.0,0.0,4726.0,0.0,0.0,0.0,0.0,0.0,0.0,0.0,0.0,17716.68988311069,36321621845.0,16470.327520535193,30214720445.0,16484.305281421202,60429440890.0,16470.327520535193,30214720445.0,0.0,0.0,0.0,0.0,0.0,0.0,0.0,0.0,157.12632430351638,1459399232.0,156.50685144275468,1459399232.0,157.18199035523463,2918798464.0,156.50685144275468,1459399232.0,37781021.077,3.385834269297572,9.284124639758497,31674119.677,3.27546229491256,9.139338220936276,63348239.354,3.278111933308512,9.146275810853307,31674119.677,3.27546229491256,9.139338220936276,4726,0.050527218044390865,0.06976584188658042,0.1648941073689726,0.16163939528139715,0.03046974185357596,0.050527218044390865,0.06894604494850898,0.1648941073689726,-0.6767212094372057,0.03046974185357596,0.050527218044390865,0.06976584188658042,0.1648941073689726,0.16163939528139715,0.03046974185357596,0.9991194957782805,0.5,0.5
GITHUB_REPOS,query3,2,1,36926.853362858164,29198.14839085657,66910095663.0,76166937212.0,0.0,0.0,9983.0,34131.308544517764,27297.560907034203,58900939438.0,67076521541.0,376.0,0.0,9983.0,32523.32313426558,26192.72073960211,56014701033.0,130603672722.0,941.0,0.0,9983.0,32492.299679679018,26192.72073960211,56014701033.0,63527151181.0,941.0,0.0,9983.0,0.0,0.0,0.0,0.0,0.0,0.0,0.0,0.0,36602.863228352486,73336644071.0,33809.509100883566,64246228400.0,32202.839912502677,124981049269.0,32173.1253017195,60734820869.0,0.0,0.0,0.0,0.0,0.0,0.0,0.0,0.0,323.9901345056718,2830293141.0,321.7994436341956,2830293141.0,320.48322176290094,5622623453.0,319.1743779595102,2792330312.0,76166937.212,3.058411303083209,10.381907945683766,67076521.541,2.938774914420938,10.281811760324826,130603672.722,2.3594977190255424,10.121547782572375,63527151.181,2.356694751549196,10.114237526910054,9983,0.06509274007311838,0.07570492917092742,0.11970026564210867,0.1193485783168372,0.03766402884904337,0.10293213155241077,0.11925008029581396,0.16283633317273738,-0.7147029603997725,0.09426024241210057,0.10293213155241077,0.12009021292996269,0.16283633317273738,0.16594846128339025,0.09426024241210057,0.9990461167065097,0.4864116747790274,0.4864116747790274
GITHUB_REPOS,query3,2,1/16,36057.55682822763,28036.535677572712,68417359883.0,78041256556.0,0.0,0.0,9590.0,33383.01503941039,26115.184488455765,62674715563.0,71377352872.0,356.0,23.0,9590.0,31340.120243397556,24897.592237860896,55501090055.0,121102956582.0,901.0,15.0,9590.0,31665.436503240682,24926.91883533541,59806362191.0,67851858455.0,893.0,50.0,9590.0,0.0,0.0,0.0,0.0,0.0,0.0,0.0,0.0,35748.956508422765,75362924249.0,33076.230838653486,68699020565.0,31035.348061765915,115792333658.0,31361.9028158854,65219567838.0,0.0,0.0,0.0,0.0,0.0,0.0,0.0,0.0,308.6003198048598,2678332307.0,306.7842007569032,2678332307.0,304.77218163163656,5310622924.0,303.53368735527494,2632290617.0,78041256.556,3.152154184032028,10.388839505228987,71377352.872,2.9879450344459917,10.355861457428132,117213064.083,2.4296657803824973,10.034774108470113,66251565.426,2.4277573387581395,10.180121154228784,9590,0.06853026391038375,0.07417423763785003,0.08393548552327146,0.08538949753093983,0.037122002085505736,0.11195903359139892,0.1308307328558942,0.18878644031409597,-0.551781223500678,0.09395203336809176,0.110913019996432,0.12180859468405747,0.12585983596452133,0.13056424961184987,0.09311783107403546,1.010380185440152,0.5602824272011628,0.5652233899378866
GITHUB_REPOS,query3,2,1/4,37197.300768411646,29048.24035693053,71394360194.0,81142421320.0,0.0,0.0,9891.0,34122.836922460694,27145.436588550918,60386445247.0,68725845492.0,386.0,0.0,9891.0,32508.26883377246,26051.63378521893,57172336866.0,133554284121.0,931.0,0.0,9891.0,32476.482127005318,26051.63378521893,57172336866.0,64828438629.0,931.0,0.0,9891.0,0.0,0.0,0.0,0.0,0.0,0.0,0.0,0.0,36877.577338888594,78420916904.0,33805.100590200804,66004341076.0,32192.742606358468,128158604861.0,32162.21430305579,62154263785.0,0.0,0.0,0.0,0.0,0.0,0.0,0.0,0.0,319.7234295230395,2721504416.0,317.73633225988885,2721504416.0,315.52622741398994,5395679260.0,314.26782394952323,2674174844.0,81142421.32,3.1884664854354057,10.379471947368867,68725845.492,3.0302166775765658,10.229510734746167,133554284.121,2.479715216201315,10.027954321415208,64828438.629,2.4769396041055423,10.020122629241719,9891,0.06550495813167667,0.0826528748710127,0.15418465712260987,0.15302200286867162,0.03902537660499444,0.10315965906680635,0.12605839235037075,0.19920373667267943,-0.6459243136744,0.09412597310686482,0.10315965906680635,0.12691293572073647,0.19920373667267943,0.20105368345692842,0.09412597310686482,0.9990221962624438,0.48540890362053474,0.4854089036205347
GITHUB_REPOS,query3,2,inf,36019.61430331921,28012.601041316986,71111433197.0,80685800531.0,0.0,0.0,9705.0,33273.03538516867,26366.849002344534,60305682834.0,68561661097.0,351.0,0.0,9705.0,31563.500360347316,25178.953343677334,57321000753.0,133451705953.0,923.0,0.0,9705.0,31531.789946990946,25178.953343677334,57321000753.0,64890044856.0,923.0,0.0,9705.0,0.0,0.0,0.0,0.0,0.0,0.0,0.0,0.0,35690.75312651696,77661125065.0,32946.50009729732,65536985631.0,31239.187044880422,127442249673.0,31208.875210828166,61905264042.0,0.0,0.0,0.0,0.0,0.0,0.0,0.0,0.0,328.86117680224845,3024675466.0,326.53528787134536,3024675466.0,324.31331546688745,6009456280.0,322.9147361627742,2984780814.0,80685800.531,3.1429745160492897,10.2442807624223,68561661.097,3.0182528750256465,10.043920946904393,133451705.953,2.463993801923386,9.85934520417552,64890044.856,2.461286546189983,9.851777902419267,9705,0.058750418661411064,0.07625231339296845,0.1519551762241218,0.15026360715528664,0.03616692426584235,0.10115617944439304,0.12371353855838663,0.19392707788347296,-0.6539676755357593,0.09510561566202988,0.10115617944439304,0.12459390371414147,0.19392707788347296,0.19576871730895418,0.09510561566202988,0.9989953454783422,0.4862436519084548,0.4862436519084548
GITHUB_REPOS,query3,4,1,72440.4825631204,56946.634218267165,132723825209.0,151310663051.0,0.0,0.0,19554.0,66734.73968108662,53330.68970795628,113131312640.0,129204462455.0,720.0,0.0,19554.0,59479.855001577176,48296.47656160034,100619779802.0,243066687339.0,3037.0,0.0,19554.0,59420.112295982246,48296.47656160034,100619779802.0,113862224884.0,3037.0,0.0,19554.0,0.0,0.0,0.0,0.0,0.0,0.0,0.0,0.0,71797.38618463652,145805362882.0,66095.25004421014,123699162286.0,58860.81303125922,232408973407.0,58803.61392582486,108709811121.0,0.0,0.0,0.0,0.0,0.0,0.0,0.0,0.0,643.0963784838647,5505300169.0,639.4896368764533,5505300169.0,619.0419703179441,10657713932.0,616.4983701573705,5152413763.0,151310663.051,2.9778722384467553,10.352299407518588,129204462.455,2.8895184678624215,10.197458507469417,243066687.339,1.4508741081870409,10.088886176479695,113862224.884,1.4484300849563545,10.082108985136477,19554,0.06349707159955342,0.07876456202596571,0.1476186550391213,0.14609810141767077,0.0368211107701749,0.15189936640525903,0.17891415273566258,0.24188607702080478,-0.6064081832558832,0.15531349084586274,0.15189936640525903,0.17973886708710096,0.24188607702080478,0.24749371532644615,0.15531349084586274,0.99899558084677,0.4684402709829124,0.4684402709829124
GITHUB_REPOS,query3,4,1/16,71821.34282877675,56218.47227733303,131481948595.0,150230877926.0,0.0,0.0,19185.0,66592.73838446097,52383.7599082673,122216968540.0,139243783135.0,738.0,52.0,19185.0,58529.95460575508,47235.22797071375,100556269081.0,222801371930.0,3000.0,34.0,19185.0,59242.81891600422,47296.94024912454,109909278252.0,124125617887.0,2987.0,105.0,19185.0,0.0,0.0,0.0,0.0,0.0,0.0,0.0,0.0,71207.44588609788,144954456861.0,65982.12480867594,133967362070.0,57937.89930332823,212537826368.0,58653.2014189819,119138493390.0,0.0,0.0,0.0,0.0,0.0,0.0,0.0,0.0,613.8969426788502,5276421065.0,610.6135757850108,5276421065.0,592.055302426835,10263545562.0,589.6174970223043,4987124497.0,150230877.926,3.2415827783879654,10.193159444603026,139243783.135,3.1460248708112926,10.181923421299206,207814583.401,1.524074758666538,10.018097533649813,114411188.977,1.5216659745946932,10.08607499137047,19185,0.06821089605830266,0.07280014879115881,0.07046579514529894,0.07313473064047438,0.03846755277560594,0.15979168310201974,0.1850618172749645,0.23520855786264216,-0.48305977443429726,0.1563721657544957,0.15869396066469776,0.17513629538729092,0.16407324787564315,0.1737676062297846,0.15569455303622623,1.0121794782697309,0.5571133463486838,0.5505445628723352
GITHUB_REPOS,query3,4,1/4,73313.23946469779,57413.10008314345,136859128620.0,155937715621.0,0.0,0.0,19555.0,67184.4083971365,53510.646924134344,115876533844.0,132279487659.0,752.0,0.0,19555.0,60001.74461268941,48554.36052362062,103066270282.0,248911321729.0,3012.0,0.0,19555.0,59940.57864010963,48554.36052362062,103066270282.0,116631834070.0,3012.0,0.0,19555.0,0.0,0.0,0.0,0.0,0.0,0.0,0.0,0.0,72685.62230962809,150348973335.0,66560.41873945514,126690745373.0,59396.286987517306,238050712647.0,59337.7031034901,111359967274.0,0.0,0.0,0.0,0.0,0.0,0.0,0.0,0.0,627.6171550696885,5588742286.0,623.989657681347,5588742286.0,605.4576251720839,10860609082.0,602.8755366195104,5271866796.0,155937715.621,3.139422984256206,10.513840939075529,132279487.659,3.0325805402847767,10.35421063058351,248832582.671,1.6114906934925848,10.246647234568984,116592464.541,1.6090336949074353,10.239035812922594,19555,0.06797147608050647,0.08359787553123299,0.1533152737970428,0.15171588135547864,0.03845563794425978,0.15429822717627062,0.18157013588818716,0.24691709408605467,-0.5962227017225801,0.15402710304270006,0.15429822717627062,0.18240444593950111,0.24691709408605467,0.2520614169219413,0.15402710304270006,0.998980596764734,0.4685678146732991,0.468557868465142
GITHUB_REPOS,query3,4,inf,73215.21810370908,58186.49510694388,123642374295.0,141710051863.0,0.0,0.0,19497.0,67676.45450129519,54364.39883530326,110148925869.0,126121212809.0,768.0,0.0,19497.0,60694.39651062792,49563.787311067805,98004609216.0,237316577751.0,3060.0,0.0,19497.0,60636.07984609347,49563.787311067805,98004609216.0,111195364942.0,3060.0,0.0,19497.0,0.0,0.0,0.0,0.0,0.0,0.0,0.0,0.0,72596.15601118014,136374324986.0,67061.64589839391,120785485932.0,60096.9998732012,226961011572.0,60041.148324095,106175525640.0,0.0,0.0,0.0,0.0,0.0,0.0,0.0,0.0,619.0620925289277,5335726877.0,614.808602901263,5335726877.0,597.3966374267027,10355566179.0,594.9315219984549,5019839302.0,141710051.863,3.184752152899077,10.395349703147383,126121212.809,3.0448391238691115,10.372465577084691,237316577.751,1.5717484749706723,10.252343033105571,111195364.942,1.5691962405265323,10.2454812825057,19497,0.06568699944232415,0.07565044188720782,0.10913288023574996,0.11000517499683582,0.0393906754885367,0.14819087796967267,0.17101392193280718,0.20735419572120573,-0.6746629800151991,0.1569472226496384,0.14819087796967267,0.17181043208527103,0.20735419572120573,0.21533184498796498,0.1569472226496384,0.9990391754776862,0.4685528756388425,0.4685528756388425
GITHUB_REPOS,query3,8,1,145138.19721162732,113205.9441533424,276846439252.0,315116992542.0,0.0,0.0,38996.0,133304.58415472598,105916.6048599314,234355436571.0,267160233264.0,1531.0,0.0,38996.0,109482.95888319342,89049.20877335034,193409237062.0,484609351446.0,8381.0,0.0,38996.0,109359.45284505596,89049.20877335034,193409237062.0,217449118182.0,8381.0,0.0,38996.0,0.0,0.0,0.0,0.0,0.0,0.0,0.0,0.0,143887.3790032073,304154637491.0,132061.9046846699,256197878213.0,108320.05963705681,463956091690.0,108201.61220828659,207758213477.0,0.0,0.0,0.0,0.0,0.0,0.0,0.0,0.0,1250.818208419993,10962355051.0,1242.679470056022,10962355051.0,1162.8992461365774,20653259756.0,1157.8406367693308,9690904705.0,315116992.542,2.903611490295531,10.326357862129276,267160233.264,2.849915690127557,10.262339270013504,484609351.446,0.5557494710855804,10.140906702085273,217449118.182,0.5534968455495924,10.133226208788091,38996,0.06439007552056875,0.08153341631801203,0.15348220766647636,0.15218715719244535,0.03926043696789414,0.21338751741932116,0.24566405683298298,0.30138441518495074,-0.5378712126462346,0.21491947892091495,0.21338751741932116,0.24651501158169997,0.30138441518495074,0.30994163016132004,0.21491947892091495,0.9988719154159029,0.44871011575233777,0.4487101157523378
GITHUB_REPOS,query3,8,1/16,145338.0063520585,113341.923526573,277851988173.0,316187709951.0,0.0,0.0,38574.0,135092.44841088436,106192.0534728989,254026046617.0,288576709354.0,1421.0,92.0,38574.0,110701.79982142748,89357.5283522848,204115397863.0,464014574210.0,8048.0,65.0,38574.0,111753.80665807154,89452.80811780039,218415681645.0,244760247688.0,8027.0,197.0,38574.0,0.0,0.0,0.0,0.0,0.0,0.0,0.0,0.0,144094.52476101698,305189749784.0,133855.7476193525,277578749187.0,109532.31619083133,443107792369.0,110589.39013357571,234851426014.0,0.0,0.0,0.0,0.0,0.0,0.0,0.0,0.0,1243.4815910414698,10997960167.0,1236.7007915318002,10997960167.0,1169.4836305961073,20906781841.0,1164.4165244957965,9908821674.0,316187709.951,2.97081358716896,10.309422621149922,288576709.354,2.916773090437317,10.307600162417563,398688914.79,0.5105950915362873,10.171142840221444,190966514.295,0.5083554533426826,10.194753656924124,38574,0.06308230733350673,0.07049469163871613,0.08575048072416591,0.08732471164448141,0.03683828485508373,0.21161097701562348,0.23831485927177398,0.26538082665828944,-0.4675288115464984,0.2086379426556748,0.21077033691925828,0.23107651286088582,0.2139135549067691,0.22590208289268798,0.20809353450510706,1.0095030689504692,0.5274839655730907,0.478986265257932
GITHUB_REPOS,query3,8,1/4,143627.1735326774,112821.18510399573,264714998951.0,301644404708.0,0.0,0.0,38590.0,132845.24472427016,105854.57672016975,229491670178.0,261826857763.0,1354.0,0.0,38590.0,108471.42267563975,88561.69290228374,189151256545.0,474377529629.0,8285.0,0.0,38590.0,108350.38495122359,88561.69290228374,189151256545.0,212550671866.0,8285.0,0.0,38590.0,0.0,0.0,0.0,0.0,0.0,0.0,0.0,0.0,142372.53241058468,290547918449.0,131597.60558490685,250730371504.0,107298.09578322721,453320750216.0,107182.17894543368,202590378712.0,0.0,0.0,0.0,0.0,0.0,0.0,0.0,0.0,1254.641122092661,11096486259.0,1247.6391393632614,11096486259.0,1173.3268924125107,21056779413.0,1168.206005789865,9960293154.0,301644404.708,2.978515097427444,10.26018196321859,261826857.763,2.9349289358763784,10.212829200299437,470607522.547,0.5234783093126412,10.079706386013786,209594444.33,0.521169355085135,10.0720338171257,38590,0.06174911544675177,0.07506886436050486,0.13306132600185605,0.13200160958909368,0.035086810054418244,0.21502603592889225,0.24477088835170302,0.2854531957215889,-0.5726382529396172,0.21469292562840114,0.21502603592889225,0.24561360997212556,0.2854531957215889,0.295360137471289,0.21469292562840114,0.9988841510378443,0.4480622681100243,0.44536994053057793
GITHUB_REPOS,query3,8,inf,145363.03143541058,114033.59057939798,270369999912.0,307931594744.0,0.0,0.0,39456.0,133632.34806533705,106798.8233194314,228421873129.0,260572095836.0,1490.0,0.0,39456.0,109712.90780675776,89727.88313201163,189718006644.0,473791398510.0,8371.0,0.0,39456.0,109592.44992465983,89727.88313201163,189718006644.0,213219302674.0,8371.0,0.0,39456.0,0.0,0.0,0.0,0.0,0.0,0.0,0.0,0.0,144100.45815316183,297150509797.0,132377.9210343431,249791010889.0,108536.04150070038,453422704815.0,108420.55858350778,203631693926.0,0.0,0.0,0.0,0.0,0.0,0.0,0.0,0.0,1262.5732822487269,10781084947.0,1254.427030993892,10781084947.0,1176.8663060573585,20368693695.0,1171.8913411520102,9587608748.0,307931594.744,2.9370857173127884,10.209003913833694,260572095.836,2.893052733544057,10.15449807976515,473791398.51,0.5867954258589886,10.053578673901225,213219302.674,0.5844937680230458,10.045952381120557,39456,0.06344417660802537,0.08069922080075664,0.1551508184955922,0.15379876477882204,0.037763584752635845,0.21314515594826466,0.2452489004709103,0.2983023016394223,-0.538625482402636,0.21216038118410382,0.21314515594826466,0.24607756977498618,0.2983023016394223,0.307575752818542,0.21216038118410382,0.9989020628064101,0.4500278041022725,0.4500278041022725
GITHUB_REPOS,query3,16,inf,289585.0938772908,226691.77269391157,539419449705.0,614847721903.0,0.0,0.0,77945.0,266774.60712103656,212132.8977479823,464780046699.0,530250074553.0,2947.0,0.0,77945.0,200380.3075318574,164508.47241833154,350688434602.0,922896240572.0,21335.0,0.0,77945.0,200135.2374010794,164508.47241833154,350688434602.0,392646166019.0,21335.0,0.0,77945.0,0.0,0.0,0.0,0.0,0.0,0.0,0.0,0.0,287051.43019967707,592567289544.0,264254.7637858954,507969642194.0,198147.612615435,882570091158.0,197912.80769947162,374600448964.0,0.0,0.0,0.0,0.0,0.0,0.0,0.0,0.0,2533.663677613956,22280432359.0,2519.84333514124,22280432359.0,2232.6949164224784,40326149414.0,2222.429701607859,18045717055.0,614847721.903,2.60841164173538,10.128097650061111,530250074.553,2.5683416877750136,10.107216977531213,922896240.572,0.13061699909774918,9.950840568899986,392646166.019,0.12663157356419685,9.942452381315949,77945,0.06422321715921842,0.07876954732317809,0.13836987718336646,0.13759121866494672,0.03780871127076785,0.2743077066124603,0.30804343259198674,0.3498780312912596,-0.5010159551629574,0.2737186477644493,0.2743077066124603,0.3088897127906556,0.3498780312912596,0.3613928261720958,0.2737186477644493,0.9987769749742547,0.425449957164895,0.4254499571648949
GITHUB_REPOS,query3,50,inf,910126.9773183173,711882.6514022425,1705816862800.0,1943509541600.0,0.0,0.0,243800.0,836676.7982015252,665245.971500501,1460009953600.0,1665391849800.0,9400.0,0.0,243800.0,537997.6499358225,448020.6305006519,884503894200.0,2654535199800.0,88600.0,0.0,243800.0,537228.2113735863,448020.6305006519,884503894200.0,989143350000.0,88600.0,0.0,243800.0,0.0,0.0,0.0,0.0,0.0,0.0,0.0,0.0,902248.1130998874,1873850596400.0,828845.254299257,1595732904600.0,531865.9012542542,2540243275200.0,531128.461669872,944510370600.0,0.0,0.0,0.0,0.0,0.0,0.0,0.0,0.0,7878.864218431187,69658945200.0,7831.543902271028,69658945200.0,6131.748681569853,114291924600.0,6099.7497037159355,44632979400.0,1943509541.6,2.5891756224378772,9.529128906915691,1665391849.8,2.5887395661257036,9.522683862347883,2654535199.8,0.03585002175778775,9.337496312317946,989143350.0,0.033403938895422994,9.33188628250992,243800,0.06551175226686323,0.08070322158036947,0.14409923747413433,0.1431007596551539,0.03855619360131255,0.3706538154593936,0.4088762740326314,0.48147781072574347,-0.36584624000078025,0.3634126333059885,0.3706538154593936,0.4097216929482461,0.48147781072574347,0.49105300034406585,0.3634126333059885,0.9985698105515369,0.3726239343424509,0.3726239343424509
GITHUB_REPOS,query4,1,inf,37907.13684702999,3917.1358570251614,436138936278.0,475484405017.0,0.0,0.0,4186.0,33187.229014504526,3517.4855137355626,380504456425.0,414842284494.0,188.0,0.0,4186.0,33379.14097571623,3517.4855137355626,380504456425.0,829684568988.0,188.0,0.0,4186.0,33187.229014504526,3517.4855137355626,380504456425.0,414842284494.0,188.0,0.0,4186.0,0.0,0.0,0.0,0.0,0.0,0.0,0.0,0.0,37877.38697401886,475469415870.0,33158.25483985228,414827295347.0,33350.159866870665,829654590694.0,33158.25483985228,414827295347.0,0.0,0.0,0.0,0.0,0.0,0.0,0.0,0.0,29.74987301113069,14989147.0,28.97417465224761,14989147.0,28.98110884556681,29978294.0,28.97417465224761,14989147.0,475484405.017,13.056416071767359,27.99365027110011,414842284.494,12.420839243330043,27.577612672502447,829684568.988,12.490987044013865,27.73869472058938,414842284.494,12.420839243330043,27.577612672502447,4186,0.10202616347167248,0.12451238012441102,0.12756136915402105,0.12753755934609856,0.04491161012900143,0.10202616347167248,0.11944969332782851,0.12756136915402105,-0.7449248813078029,0.04491161012900143,0.10202616347167248,0.12451238012441102,0.12756136915402105,0.12753755934609856,0.04491161012900143,0.9942505422368022,0.5,0.5
GITHUB_REPOS,query4,2,1,77149.23297376333,8048.605220302008,879917753149.0,960005890658.0,0.0,0.0,8305.0,66960.06218288254,7178.946205334738,764735060692.0,833956678925.0,384.0,0.0,8305.0,52599.680702215934,5769.646280653775,591624082382.0,1479362906057.0,1313.0,0.0,8305.0,52213.892117487696,5769.646280653775,591624082382.0,645406227132.0,1313.0,0.0,8305.0,0.0,0.0,0.0,0.0,0.0,0.0,0.0,0.0,77093.061201613,959970020186.0,66905.2296266434,833920808453.0,52546.352586057204,1479291262311.0,52160.579087225706,645370453858.0,0.0,0.0,0.0,0.0,0.0,0.0,0.0,0.0,56.171772150314794,35870472.0,54.832556239145795,35870472.0,53.328116158724086,71643746.0,53.31303026198895,35773274.0,960005890.658,12.522384968790421,32.59869757281317,833956678.925,11.688729311892137,32.37599044554703,1479362906.057,6.646195079262467,29.55888065581583,645406227.132,6.574268316552403,29.379887443587233,8305,0.10805089716335203,0.13207092796821307,0.13090165762060224,0.13130045654887001,0.046237206502107164,0.2831495491789967,0.3182086370177669,0.3276370657771944,-0.5409935714488441,0.15809753160746537,0.2831495491789967,0.32320918685938926,0.3276370657771944,0.3277059720022858,0.15809753160746537,0.992665571737739,0.43627309059156066,0.43627309059156066
GITHUB_REPOS,query4,2,1/16,77936.25037139836,8203.01835968066,886903153215.0,967750338676.0,0.0,0.0,8641.0,77080.1960562565,8118.947483070195,882829116070.0,962705205996.0,208.0,1597.0,8641.0,65482.838844037695,6939.815957182087,749079380231.0,847424982929.0,1147.0,1355.0,8641.0,76129.11725877371,7832.707985502668,879313862345.0,958353453652.0,905.0,1597.0,8641.0,0.0,0.0,0.0,0.0,0.0,0.0,0.0,0.0,77878.02440304587,967718647544.0,77023.766194005,962673514864.0,65428.38876331719,847361636787.0,76074.6797272094,958321798642.0,0.0,0.0,0.0,0.0,0.0,0.0,0.0,0.0,58.225968352483804,31691132.0,56.42986225148013,31691132.0,54.45008072049618,63346142.0,54.437531564304734,31655010.0,967750338.676,11.978521046642012,32.128814725563096,962705205.996,11.832089609948216,32.128814725563096,847424982.929,10.582839873849295,31.86056901638899,958353453.652,11.235395255942887,32.04791468712115,8641,0.010248773429996083,0.010984032604371086,0.004593553569216313,0.005213258501053475,0.02407128804536512,0.15399239000944387,0.15978971875109493,0.15539889838523246,0.12433512129959023,0.132739266288624,0.04514318485475244,0.023187324306890744,0.008557068314042016,0.009710030209708953,0.10473324846661267,1.1625811984128018,1.1309006377645276,1.1309006377645274
GITHUB_REPOS,query4,2,1/4,81532.8439362294,8414.950127637014,928576440996.0,1013365529858.0,0.0,0.0,8509.0,68141.57276440052,7276.484273026697,774835254054.0,845368907636.0,476.0,0.0,8509.0,54076.38231283936,5893.009421613999,605704705668.0,1506462616179.0,1394.0,0.0,8509.0,53685.31412997984,5893.009421613999,605704705668.0,661093708543.0,1394.0,0.0,8509.0,0.0,0.0,0.0,0.0,0.0,0.0,0.0,0.0,81472.35469612724,1013327432865.0,68082.61760205663,845330810643.0,54019.31929666923,1506386468763.0,53628.266865222075,661055658120.0,0.0,0.0,0.0,0.0,0.0,0.0,0.0,0.0,60.48924010215829,38096993.0,58.95516234387439,38096993.0,57.063016170127185,76147416.0,57.04726475775628,38050423.0,1013365529.858,12.464254871330953,32.92489323935591,845368907.636,11.515747733471175,32.552449407292976,1500271078.445,6.403500266986683,29.857944646030464,655074350.201,6.332789176545738,29.677991719954314,8509,0.13529086178078242,0.16424388657781652,0.16556653836392377,0.16578087301384814,0.055940768597955104,0.29969764143227273,0.33675339038663976,0.3477061457446462,-0.4865935062840516,0.1638265366082971,0.29969764143227273,0.3415498400623729,0.3477061457446462,0.34762562070210035,0.1638265366082971,0.992768225866199,0.4388384427486171,0.43663732482263873
GITHUB_REPOS,query4,2,inf,78767.27739991847,8276.69931590464,898916988241.0,980597303513.0,0.0,0.0,8588.0,67670.1005991312,7331.803845480084,771211500027.0,841083317589.0,445.0,0.0,8588.0,53832.212889340255,5955.291855728254,604236691448.0,1500316143116.0,1369.0,0.0,8588.0,53443.127357012876,5955.291855728254,604236691448.0,659232825527.0,1369.0,0.0,8588.0,0.0,0.0,0.0,0.0,0.0,0.0,0.0,0.0,78709.18689587912,980566818449.0,67613.77539542329,841052832525.0,53777.65568208197,1500255235590.0,53388.582455194744,659202403065.0,0.0,0.0,0.0,0.0,0.0,0.0,0.0,0.0,58.090504039337596,30485064.0,56.32520370790963,30485064.0,54.55720725828465,60907526.0,54.54490181812568,30422462.0,980597303.513,12.459576125650585,32.842229782704166,841083317.589,11.548423420711613,32.56829071424698,1500316143.116,6.214520656239434,29.906136749568986,659232825.527,6.141961542275317,29.725951543425893,8588,0.11416331974375693,0.1408856211246774,0.14206594144348528,0.1422744947637422,0.05181648812296227,0.28047502652603695,0.3165662865808794,0.3278170294340862,-0.5300023136318057,0.15940847694457383,0.28047502652603695,0.321505971500442,0.3278170294340862,0.3277231916044522,0.15940847694457383,0.992772254539727,0.4393959423497519,0.4393959423497518
GITHUB_REPOS,query4,4,1,156038.25308255936,16464.375068890862,1773928762907.0,1935733195066.0,0.0,0.0,17101.0,134645.6055352472,14640.359913557768,1529237135611.0,1668263565773.0,855.0,0.0,17101.0,74957.33547496269,8785.921020922251,822719123970.0,2566776012028.0,5124.0,0.0,17101.0,74185.62659849421,8785.921020922251,822719123970.0,898512446255.0,5124.0,0.0,17101.0,0.0,0.0,0.0,0.0,0.0,0.0,0.0,0.0,155922.7122906628,1935671593386.0,134533.4380869428,1668201964093.0,74855.80619630154,2566653197980.0,74084.11518416584,898451233887.0,0.0,0.0,0.0,0.0,0.0,0.0,0.0,0.0,115.540791896526,61601680.0,112.16744830437464,61601680.0,101.52927866114584,122814048.0,101.51141432836106,61212368.0,1935733195.066,12.331295353630821,35.92712605357312,1668263565.773,11.014584231868708,35.81900828317201,2566776012.028,1.3308264866245016,26.627454672222395,898512446.255,1.2469842436520644,26.469562057292205,17101,0.11078556870218159,0.13709873780753867,0.1379376852174239,0.13817484247041623,0.0499970761943746,0.4663677798786855,0.5196220542452306,0.5362163683383875,-0.3259967946876503,0.29963160049119936,0.4663677798786855,0.5245676932870889,0.5362163683383875,0.5358283628419336,0.29963160049119936,0.9897046917212493,0.3500548711864767,0.35005487118647677
GITHUB_REPOS,query4,4,1/16,161006.50458316164,16782.101581326686,1837138150305.0,2004298931041.0,0.0,0.0,17164.0,159196.98539275132,16604.810065330938,1828524485146.0,1993632079089.0,401.0,3316.0,17164.0,131989.76445860133,13531.427703942172,1526064324982.0,1722858167429.0,3871.0,2778.0,17164.0,155658.64960956236,15513.439732282422,1815593876128.0,1977622506813.0,3333.0,3316.0,17164.0,0.0,0.0,0.0,0.0,0.0,0.0,0.0,0.0,160889.90136824304,2004241006758.0,159083.75544055662,1993574154806.0,131887.501638713,1722742757797.0,155556.40294022136,1977565021464.0,0.0,0.0,0.0,0.0,0.0,0.0,0.0,0.0,116.60321491861151,57924283.0,113.22995219466347,57924283.0,102.26281988832471,115409632.0,102.24666934100343,57485349.0,2004298931.041,11.623951915908869,36.76505267657654,1993632079.089,11.294524642537144,36.76505267657654,1722225515.349,9.55040154040174,36.56562467801462,1977017887.477,10.521912945802413,36.74630543367884,17164,0.010564321466926319,0.011238795569750937,0.004688632238990853,0.005321986549411517,0.023362852481938944,0.19369885598842473,0.18022091840129872,0.1693252220968553,0.14041855695937744,0.22553017944535073,0.07559612500831803,0.03321514858945995,0.011727084418459932,0.013309603580013207,0.19418550454439523,1.1793236411023733,1.147873077540783,1.1479436751210643
GITHUB_REPOS,query4,4,1/4,155284.77551269042,16293.520464762114,1765833670184.0,1926987565278.0,0.0,0.0,16875.0,133250.80305298546,14417.388341439888,1513796780359.0,1651484163406.0,863.0,0.0,16875.0,72700.49746604408,8512.160479033366,798154619133.0,2523144302732.0,5049.0,0.0,16875.0,71760.49582787485,8497.497180296108,796001983065.0,869321267746.0,5053.0,0.0,16875.0,0.0,0.0,0.0,0.0,0.0,0.0,0.0,0.0,155170.99148813885,1926922953801.0,133140.3158343142,1651419551929.0,72599.86025340138,2523015287674.0,71659.87863865687,869256864165.0,0.0,0.0,0.0,0.0,0.0,0.0,0.0,0.0,113.784024551556,64611477.0,110.48721867121917,64611477.0,100.63721264270298,129015058.0,100.61718921797433,64403581.0,1926987565.278,12.509690534196592,36.001368335272865,1651484163.406,11.149456454047192,35.895289259277455,2495582188.051,1.5313892996169358,26.126876293424164,846447698.492,1.4436550597032682,25.971411801292923,16875,0.11514590277648862,0.14189396473000837,0.14272968857748514,0.1429710325257102,0.051140740740740744,0.47757389218354884,0.5318246928843148,0.5480012457516272,-0.30937238423123636,0.2992,0.4784738388076667,0.5378780978949844,0.5492202937878874,0.5488703282729352,0.29943703703703706,0.9870702172483996,0.3445388624046274,0.339178450040573
GITHUB_REPOS,query4,4,inf,166688.8196812318,17207.086453085765,1897037872345.0,2070422915322.0,0.0,0.0,17207.0,135564.44161611202,14558.661036872305,1542239827652.0,1682454828647.0,1097.0,0.0,17207.0,73511.52004367729,8557.541024075821,806400933933.0,2563261003980.0,5248.0,0.0,17207.0,72733.24460331598,8557.541024075821,806400933933.0,880806175333.0,5248.0,0.0,17207.0,0.0,0.0,0.0,0.0,0.0,0.0,0.0,0.0,166570.06478762545,2070354732276.0,135449.05473800623,1682386645601.0,73406.3829283612,2563125057452.0,72628.12906313039,880738411851.0,0.0,0.0,0.0,0.0,0.0,0.0,0.0,0.0,118.75489360633743,68183046.0,115.38687810577959,68183046.0,105.13711531606951,135946528.0,105.11554018558569,67763482.0,2070422915.322,12.100569602167031,36.462132511847685,1682454828.647,10.139719224479569,36.31276787130542,2563261003.98,1.1505093526371823,26.249338837256023,880806175.333,1.0665459048990895,26.094699522021298,17207,0.1539148084967351,0.1867214497327454,0.18702739142177527,0.18738591222299228,0.06375312372871506,0.5026734451873933,0.55898949801038,0.5749157432812992,-0.238037400480255,0.3049921543557854,0.5026734451873933,0.5636585300537387,0.5749157432812992,0.5745766872967528,0.3049921543557854,0.9894128778741225,0.34362718972643197,0.34362718972643197
GITHUB_REPOS,query4,8,1,318982.26835119596,33175.08451236598,3639872618540.0,3971134577672.0,0.0,0.0,34164.0,270571.1147773937,29059.824572982267,3080994280192.0,3360758579328.0,1862.0,0.0,34164.0,97439.77294094603,12091.786775466986,1044122826943.0,4501992316506.0,15001.0,0.0,34164.0,95885.20320501165,12091.786775466986,1044122826943.0,1141233737178.0,15001.0,0.0,34164.0,0.0,0.0,0.0,0.0,0.0,0.0,0.0,0.0,318747.1039971073,3970999582517.0,270342.9967619141,3360623584173.0,97251.56786813634,4501724022954.0,95697.02276237667,1141100438781.0,0.0,0.0,0.0,0.0,0.0,0.0,0.0,0.0,235.16435408865632,134995155.0,228.11801547954548,134995155.0,188.20507280968314,268293552.0,188.18044263496853,133298397.0,3971134577.672,12.667791300090293,38.89476554760735,3360758579.328,10.478563467582049,38.83468020830064,4501992316.506,0.09313114922638058,21.086265965904037,1141233737.178,0.00770401965961403,20.969006050126204,34164,0.12404670552835384,0.15176753812692223,0.15354337827684017,0.15370317636070163,0.05450181477578738,0.6355160219423168,0.6945291867017953,0.7131430309883176,-0.13367911070523442,0.4390879288139562,0.6355160219423168,0.6994027169577868,0.7131430309883176,0.7126177129340638,0.4390879288139562,0.9840458399171709,0.25349526541700373,0.2534952654170038
GITHUB_REPOS,query4,8,1/16,317926.10435187654,33048.47298781574,3629352041350.0,3959530415618.0,0.0,0.0,34125.0,312964.80918948853,32565.00998214446,3605722751627.0,3930268646074.0,842.0,6550.0,34125.0,258453.17962192922,25601.53082152456,3033251920645.0,3412314890937.0,11228.0,5562.0,34125.0,301932.5922190788,29246.729744046926,3564953029441.0,3879793296556.0,10240.0,6550.0,34125.0,0.0,0.0,0.0,0.0,0.0,0.0,0.0,0.0,317691.0399390851,3959394695447.0,312736.34232664807,3930132925903.0,258264.79009566887,3412044981163.0,301744.22748242813,3879659106953.0,0.0,0.0,0.0,0.0,0.0,0.0,0.0,0.0,235.06441279144488,135720171.0,228.46686284046578,135720171.0,188.38952626035393,269909774.0,188.3647366507032,134189603.0,3959530415.618,12.743756632925741,38.64862315287505,3930268646.074,12.012719138615562,38.64862315287505,3410384919.025,9.112926280877396,38.61552960727816,3877863324.644,10.676890445265595,38.64720385017067,34125,0.014628906026899369,0.015605183388454624,0.006510608354820979,0.007390212088933534,0.024673992673992673,0.22533392598915858,0.18706524540093583,0.16424422704480057,0.13820212682861566,0.329025641025641,0.11503536775119483,0.050305753173059076,0.017743941942056862,0.02013802413222643,0.3000732600732601,1.1682293584499606,1.1369974403184793,1.1370749685793966
GITHUB_REPOS,query4,8,1/4,324048.96911329625,33773.6602090206,3696989028543.0,4033452333234.0,0.0,0.0,34549.0,267256.27726979944,28968.199624725617,3032457683437.0,3308583248906.0,2023.0,0.0,34549.0,99269.82128712528,12418.221609435044,1062269874191.0,4469758032126.0,14952.0,0.0,34549.0,97431.29124146848,12392.560794455,1058502761072.0,1157081757955.0,14959.0,0.0,34549.0,0.0,0.0,0.0,0.0,0.0,0.0,0.0,0.0,323811.94096240075,4033339876131.0,267026.0697778442,3308470791803.0,99080.28217808914,4469535140148.0,97241.7660782062,1156971323080.0,0.0,0.0,0.0,0.0,0.0,0.0,0.0,0.0,237.02815089547732,112457103.0,230.20749195523763,112457103.0,189.53910903613112,222891978.0,189.52516326227575,110434875.0,4033452333.234,13.07059720288942,38.07931716208297,3308583248.906,10.376505242179809,38.02798129778795,4339453728.912,0.12527424526928013,20.701166029536964,1041466413.032,0.04687055541989233,20.530326024100642,34549,0.14228426988826914,0.1752595973346256,0.1797493419578512,0.17971430537442445,0.05855451677327853,0.6323104593171023,0.693657962996272,0.7126662086390758,-0.10817177515574428,0.43277663608208633,0.633070247116862,0.6993315809395342,0.7136851765315732,0.7131286891824359,0.4329792468667689,0.9814794665506743,0.25886899237913436,0.23999942806006586
GITHUB_REPOS,query4,8,inf,324703.7662908663,33769.62287759874,3690968018231.0,4028375760583.0,0.0,0.0,34208.0,270255.63415905205,29124.913932379335,3073761426543.0,3353122686609.0,2027.0,0.0,34208.0,95998.81558823373,12047.274981946684,1027323022926.0,4475934861229.0,15095.0,0.0,34208.0,94447.77743283831,12047.274981946684,1027323022926.0,1122812174620.0,15095.0,0.0,34208.0,0.0,0.0,0.0,0.0,0.0,0.0,0.0,0.0,324475.33295284945,4028274998713.0,270034.09299468936,3353021924739.0,95816.56343711153,4475734855363.0,94265.53426362156,1122712930624.0,0.0,0.0,0.0,0.0,0.0,0.0,0.0,0.0,228.43333801683787,100761870.0,221.54116436261717,100761870.0,182.2521511221961,200005866.0,182.2431692167394,99243996.0,4028375760.583,13.190701636560059,38.735650118549934,3353122686.609,10.293314112592213,38.70144160321236,4475934861.229,0.1290799630893739,20.925294934488804,1122812174.62,0.04888208887837553,20.810120588458627,34208,0.13754103686779684,0.1676855576816444,0.16722079103351684,0.16762415278664944,0.05925514499532273,0.6432511246686646,0.7043495470199167,0.7216656937010326,-0.11110162687038594,0.44127104770813846,0.6432511246686646,0.7091263260918478,0.7216656937010326,0.7212742203429645,0.44127104770813846,0.9838431532108868,0.25085534294654566,0.2508553429465456
GITHUB_REPOS,query4,16,inf,634915.8339083198,65971.11172484234,7236274217316.0,7895847369748.0,0.0,0.0,67559.0,535248.843918909,57515.67960708216,6080250854503.0,6633836170599.0,3631.0,0.0,67559.0,122813.07618679544,16728.973010852933,1267903742670.0,8021114725472.0,37821.0,0.0,67559.0,119744.59863828987,16728.973010852933,1267903742670.0,1387278554873.0,37821.0,0.0,67559.0,0.0,0.0,0.0,0.0,0.0,0.0,0.0,0.0,634451.9255752753,7895590700026.0,534797.5439104604,6633579500877.0,122485.5689373262,8020609246558.0,119417.09814952263,1387029745681.0,0.0,0.0,0.0,0.0,0.0,0.0,0.0,0.0,463.90833304476223,256669722.0,451.30000844863764,256669722.0,327.50724946924544,505478914.0,327.5004887672183,248809192.0,7895847369.748,13.82070953600461,41.11848263725291,6633836170.599,10.818992576079706,41.10378739599309,8021114725.472,0.07615622552011564,14.296632873569424,1387278554.873,0.003310183129090834,14.224662638616774,67559,0.1281687074340475,0.1569766962274286,0.1597539463121368,0.15983226879286516,0.053745614943974895,0.7464197195792684,0.806567942351034,0.8247850061242874,-0.015864966717055173,0.559821785402389,0.7464197195792684,0.8114008310342743,0.8247850061242874,0.8243027644900796,0.559821785402389,0.9750150583001561,0.17295333658145204,0.172953336581452
GITHUB_REPOS,query4,50,inf,1998918.555246104,208725.57045668364,22751613654000.0,24827198687800.0,0.0,0.0,213800.0,1678834.9584895356,181533.35081692785,19060083534600.0,20795084603200.0,11800.0,0.0,213800.0,206555.97907995974,33889.35336750001,1945242883200.0,22929313484200.0,150800.0,0.0,213800.0,196937.6232753116,33889.35336750001,1945242883200.0,2134228881000.0,150800.0,0.0,213800.0,0.0,0.0,0.0,0.0,0.0,0.0,0.0,0.0,1997450.257210623,24826410242000.0,1677407.8877740265,20794296157400.0,205757.1341791417,22927791503800.0,196138.6076758576,2133495346400.0,0.0,0.0,0.0,0.0,0.0,0.0,0.0,0.0,1468.2980354808901,788445800.0,1427.0707155099221,788445800.0,798.8449008181153,1521980400.0,799.0155994540579,733534600.0,24827198687.8,13.798428525117025,44.150605085764816,20795084603.2,8.920239924632742,44.150605085764816,22929313484.2,0.06052818072910375,5.779836918354236,2134228881.0,0.0030766693006429534,5.765593966462448,213800,0.1302773760793191,0.16012838337836144,0.1622535515739555,0.16240712999092266,0.05519176800748363,0.8376367912501023,0.8966661355272032,0.9145008827601112,0.07644379164422666,0.7053320860617399,0.8376367912501023,0.9014779152665052,0.9145008827601112,0.914036661653304,0.7053320860617399,0.9534346289684271,0.09307862106166599,0.09307862106166598
PANCANCER_ATLAS,query1,1,inf,626.6605831757777,522.3623457849026,1509249785.0,1597630361.0,0.0,0.0,7043.0,566.134287705012,507.67362260632217,613443223.0,651315375.0,693.0,0.0,7043.0,566.4355954927079,507.67362260632217,613443223.0,1302630750.0,693.0,0.0,7043.0,566.134287705012,507.67362260632217,613443223.0,651315375.0,693.0,0.0,7043.0,0.0,0.0,0.0,0.0,0.0,0.0,0.0,0.0,0.0,0.0,0.0,0.0,0.0,0.0,0.0,0.0,132.16821076533085,1551504428.0,78.7544765109484,605877325.0,79.03476400824698,1211754650.0,78.7544765109484,605877325.0,494.4923724104468,46125933.0,487.3798111940636,45438050.0,487.40083148446087,90876100.0,487.3798111940636,45438050.0,1597630.361,0.020840755932253312,0.3414504068115801,651315.375,0.015230103303241706,0.33530935997755235,1302630.75,0.015268564649100168,0.33542813255810133,651315.375,0.015230103303241706,0.33530935997755235,7043,0.028119797104649846,0.09658545167151222,0.5935442700758775,0.5923241126988072,0.09839557006957263,0.028119797104649846,0.09610463670439084,0.5935442700758775,0.18464822539761439,0.09839557006957263,0.028119797104649846,0.09658545167151222,0.5935442700758775,0.5923241126988072,0.09839557006957263,0.9994680634654787,0.5,0.5
PANCANCER_ATLAS,query1,2,1,1205.1189901312305,1033.4666272569448,2267808890.0,2405159222.0,0.0,0.0,13640.0,1122.1153914861698,1007.2253950154409,1182106204.0,1256885142.0,1011.0,0.0,13640.0,1031.9813923979978,918.9599537579343,1159062065.0,2489874013.0,1662.0,0.0,13640.0,1031.4081218970064,918.9599537579343,1159062065.0,1232988871.0,1662.0,0.0,13640.0,0.0,0.0,0.0,0.0,0.0,0.0,0.0,0.0,0.0,0.0,0.0,0.0,0.0,0.0,0.0,0.0,221.9920006301938,2312877311.0,155.19483048011378,1166227177.0,152.53080958901174,2316699974.0,151.99699006881642,1150472797.0,983.126989501037,92281911.0,966.9205610060562,90657965.0,879.450582808986,173174039.0,879.41113182819,82516074.0,2405159.222,0.017238147843440025,0.43566135014919066,1256885.142,0.012956323325277219,0.4324929647806192,2489874.013,0.012228953136374203,0.38820611625635554,1232988.871,0.012209387501757585,0.3880648591313633,13640,0.02539146552913285,0.06887585319356893,0.4787452288362799,0.47742123244762047,0.07412023460410558,0.1107986174676363,0.14366846689087442,0.4889066401887153,-0.03522211345723547,0.1218475073313783,0.1107986174676363,0.1441441630716549,0.4889066401887153,0.48735665409514417,0.1218475073313783,0.9994444953124016,0.49520130920776834,0.4952013092077684
PANCANCER_ATLAS,query1,2,1/16,1235.3238600014895,1053.5352463219315,2473528967.0,2620668792.0,0.0,0.0,14170.0,1133.733724418935,1019.0623216526583,1167069142.0,1240072951.0,1319.0,0.0,14170.0,1045.675933158879,933.2107553714886,1136134210.0,2448035581.0,1990.0,0.0,14170.0,1045.110691599968,933.2107553714886,1136134210.0,1207962630.0,1990.0,0.0,14170.0,0.0,0.0,0.0,0.0,0.0,0.0,0.0,0.0,0.0,0.0,0.0,0.0,0.0,0.0,0.0,0.0,235.0483842470294,2527444982.0,155.3788766516352,1149043035.0,152.2907372146895,2273731775.0,151.76513127554495,1124688740.0,1000.2754757544602,93223810.0,978.3548477672999,91029916.0,893.3851959441895,174303806.0,893.3455603244232,83273890.0,2620668.792,0.016982709761040233,0.434194998961158,1240072.951,0.012838243284020338,0.42875021129379226,2427733.011,0.01210913460323116,0.38481163180085526,1188479.225,0.012089578848620339,0.3846689729409123,14170,0.03272118781941469,0.08223765351899859,0.5281764808214595,0.5268105016606768,0.09308398023994355,0.11421021875681503,0.1535208158631226,0.5406828765066166,0.06587372335145514,0.14043754410726889,0.11421021875681503,0.15397838134632325,0.5406828765066166,0.5390632216907782,0.14043754410726889,0.9994594486293633,0.49344161472790293,0.4895428037659122
PANCANCER_ATLAS,query1,2,1/4,1237.7495188775545,1046.9797844877467,2649163391.0,2806409156.0,0.0,0.0,14047.0,1134.679110919651,1018.5993373384699,1206700359.0,1281622510.0,1224.0,0.0,14047.0,1051.2925766283863,937.5775489266962,1171535176.0,2526630642.0,1865.0,0.0,14047.0,1050.7077365766252,937.5775489266962,1171535176.0,1245008132.0,1865.0,0.0,14047.0,0.0,0.0,0.0,0.0,0.0,0.0,0.0,0.0,0.0,0.0,0.0,0.0,0.0,0.0,0.0,0.0,244.06046223652797,2714478441.0,156.68474172421688,1191250968.0,153.3671573811187,2353235129.0,152.82176149808075,1161984161.0,993.6890566410267,91930715.0,977.9943691954344,90371542.0,897.9254192472678,173395513.0,897.8859750785446,83023971.0,2806409.156,0.017323766893504136,0.43629835383434024,1281622.51,0.012511305652249248,0.43073431405758655,2526630.642,0.01194548961312813,0.3912859095434477,1245008.132,0.011925972394866211,0.3911485137206333,14047,0.027106967650920133,0.08327242821420944,0.5444975711579279,0.5433230014732748,0.08713604328326333,0.10449316900094441,0.15064190242485853,0.5577716421795442,0.09969270282697151,0.1327685626824233,0.10449316900094441,0.151114405175085,0.5577716421795442,0.5563697013536967,0.1327685626824233,0.9994436943009368,0.4927543073784981,0.4927543073784981
PANCANCER_ATLAS,query1,2,inf,1222.021291533555,1042.4949600817636,2440358520.0,2585683483.0,0.0,0.0,13816.0,1126.1553201512563,1008.1665996164083,1248443514.0,1325917753.0,1194.0,0.0,13816.0,1029.1928093921015,912.9352709446102,1227873485.0,2630694775.0,1907.0,0.0,13816.0,1028.5883827060925,912.9352709446102,1227873485.0,1304777022.0,1907.0,0.0,13816.0,0.0,0.0,0.0,0.0,0.0,0.0,0.0,0.0,0.0,0.0,0.0,0.0,0.0,0.0,0.0,0.0,231.8032128745354,2492508824.0,158.82555058704105,1234979238.0,156.29589452654412,2457670538.0,155.73070924126927,1222691300.0,990.2180786590199,93174659.0,967.3297695642153,90938515.0,872.8969148655575,173024237.0,872.8576734648233,82085722.0,2585683.483,0.01785741203059891,0.4365034832103492,1325917.753,0.012967406736601959,0.430861586316183,2630694.775,0.012185558902319342,0.3823572246515514,1304777.022,0.012166064721005138,0.3822175650833514,13816,0.03292904213432635,0.07844869156247958,0.48841799114008866,0.4872080199616605,0.08642154024319629,0.12427848008684073,0.15779469922284806,0.49684709236903435,-0.017407889363077134,0.13802837290098435,0.12427848008684073,0.15828931146094616,0.49684709236903435,0.49538409067526223,0.13802837290098435,0.9994127177332632,0.49598191109038864,0.4959819110903887
PANCANCER_ATLAS,query1,4,1,2453.9565673825555,2068.694960284978,5400546467.0,5719550645.0,0.0,0.0,27871.0,2224.5571398428247,1995.1160192713141,2362697229.0,2510044621.0,2636.0,0.0,27871.0,1831.4802536344537,1613.1293483581394,2224558077.0,4876086470.0,5538.0,0.0,27871.0,1830.3555467844922,1613.1293483581394,2224558077.0,2366041849.0,5538.0,0.0,27871.0,0.0,0.0,0.0,0.0,0.0,0.0,0.0,0.0,0.0,0.0,0.0,0.0,0.0,0.0,0.0,0.0,492.9528462418475,5536887000.0,310.3727052842087,2332059194.0,295.7421552548158,4555535059.0,294.68862561653015,2223475865.0,1961.003721140709,182663645.0,1914.184434558617,177985427.0,1535.7380983796381,320551411.0,1535.6669211679628,142565984.0,5719550.645,0.014968840044720048,0.44530825660264295,2510044.621,0.012194275227327623,0.4384832204627636,4876086.47,0.01057117831710423,0.39100044777580645,2366041.849,0.010553103735018159,0.39082560211832806,27871,0.035567805996650104,0.09348145382394168,0.5625077492736625,0.5611465346155703,0.09457859423773815,0.22021884360567168,0.2536623190572802,0.5880864852116086,0.14747035691297739,0.1987011589106957,0.22021884360567168,0.25412064291879866,0.5880864852116086,0.5863238222974071,0.1987011589106957,0.9993859028249256,0.4852337758070972,0.4852337758070972
PANCANCER_ATLAS,query1,4,1/16,2468.9953099566133,2077.5962440865114,5469223244.0,5794073031.0,0.0,0.0,28254.0,2237.1721938756614,2003.1640992816538,2409895226.0,2561087617.0,2804.0,0.0,28254.0,1857.1913175602112,1634.915170667693,2254532331.0,4960267365.0,5745.0,0.0,28254.0,1856.0544320576732,1634.9251970853657,2254555465.0,2399205966.0,5743.0,0.0,28254.0,0.0,0.0,0.0,0.0,0.0,0.0,0.0,0.0,0.0,0.0,0.0,0.0,0.0,0.0,0.0,0.0,500.6119679170506,5610957719.0,315.0308275498508,2382574838.0,299.30187266480857,4637239831.0,298.23687339229787,2254691211.0,1968.383342039564,183115312.0,1922.1413663258115,178512779.0,1557.8894448954031,323027534.0,1557.8175586653763,144514755.0,5794073.031,0.014754700850492294,0.44493966648451233,2561087.617,0.012037975809190303,0.43926476507152606,4694391.01,0.010556707589634768,0.3930221311055755,2153669.31,0.010540553123635627,0.3928563684781844,28254,0.03582608748774685,0.09389370451458068,0.5593715746301322,0.5579814746384062,0.09924258512069088,0.21307367814070088,0.2477947163079678,0.5877783315074347,0.1439066545310861,0.2033340411977065,0.21306885217044746,0.2482551811366993,0.5877741016563265,0.5859206549238264,0.2032632547603879,0.9993878468568163,0.4836848075829477,0.4587750158459851
PANCANCER_ATLAS,query1,4,1/4,2471.816208576816,2101.270438968204,5109901556.0,5411660497.0,0.0,0.0,28202.0,2262.783843287876,2031.5162129914388,2393848065.0,2542072170.0,2513.0,0.0,28202.0,1864.2975847889313,1645.9292729040608,2220650075.0,4903388188.0,5510.0,0.0,28202.0,1863.159255605022,1645.9292729040608,2220650075.0,2361316018.0,5510.0,0.0,28202.0,0.0,0.0,0.0,0.0,0.0,0.0,0.0,0.0,0.0,0.0,0.0,0.0,0.0,0.0,0.0,0.0,477.1732941015049,5227640736.0,312.8051734325921,2362438799.0,296.04707397395526,4580099856.0,294.98048325806315,2217661057.0,1994.6429144753124,184019761.0,1949.9786698552853,179633371.0,1568.2505108149765,323288332.0,1568.1787723469597,143654961.0,5411660.497,0.015088229228539342,0.44301180494295606,2542072.17,0.012062141157208073,0.4383351743596903,4903388.188,0.010463914906129326,0.3904440150219496,2361316.018,0.010448266390093509,0.3902751843372191,28202,0.03319621533866768,0.08456630576481783,0.5315275570839197,0.5302602276308317,0.08910715552088504,0.21669803068648863,0.2457782345143178,0.5654221415689442,0.09392169173985787,0.19537621445287567,0.21669803068648863,0.24623875790596783,0.5654221415689442,0.5636614641090261,0.19537621445287567,0.999389405858165,0.48156823964678525,0.48156823964678525
PANCANCER_ATLAS,query1,4,inf,2448.99920292528,2077.2720339428633,5124892116.0,5428392370.0,0.0,0.0,28091.0,2248.2737865031786,2016.8654422620311,2396377488.0,2545101244.0,2481.0,0.0,28091.0,1875.0999153576377,1655.8520981473848,2234558717.0,4921643681.0,5398.0,0.0,28091.0,1873.9591793505094,1655.8520981473848,2234558717.0,2376542437.0,5398.0,0.0,28091.0,0.0,0.0,0.0,0.0,0.0,0.0,0.0,0.0,0.0,0.0,0.0,0.0,0.0,0.0,0.0,0.0,479.132881061492,5246472820.0,313.68947962511675,2366687280.0,297.3657702265532,4598090092.0,296.2969627201291,2231402812.0,1969.866321863789,181919550.0,1934.584306878063,178413964.0,1577.734145131085,323553589.0,1577.6622166303812,145139625.0,5428392.37,0.014318642926664973,0.44704964214752607,2545101.244,0.012076033942423164,0.4421858828023373,4921643.681,0.010587392906993962,0.39866109703980523,2376542.437,0.01057343974019455,0.3984881615402007,28091,0.029079769377232,0.08196222203026393,0.5324043055426535,0.5311500955484543,0.08832010252394006,0.20287180923318104,0.23434033252527442,0.5639793645560518,0.09335152186134255,0.1921611904168595,0.20287180923318104,0.23480612933148237,0.5639793645560518,0.5622014263128883,0.1921611904168595,0.999391639881275,0.4828757608306021,0.4828757608306021
PANCANCER_ATLAS,query1,8,1,4914.930544446545,4145.96269609686,10768369262.0,11403786211.0,0.0,0.0,56019.0,4479.763443564282,4016.240456625819,4814248510.0,5113107227.0,5216.0,0.0,56019.0,3306.7341969274576,2885.5998041434214,4230778026.0,9616083434.0,14499.0,0.0,56019.0,3304.4854797815865,2885.5998041434214,4230778026.0,4502976207.0,14499.0,0.0,56019.0,0.0,0.0,0.0,0.0,0.0,0.0,0.0,0.0,0.0,0.0,0.0,0.0,0.0,0.0,0.0,0.0,986.0788619765534,11039923808.0,626.9170304997077,4756859379.0,570.8001502194583,9008359988.0,568.6821509331355,4251500609.0,3928.851682469996,363862403.0,3852.8464130645784,356247848.0,2735.9340467080006,607723446.0,2735.8033288484535,251475598.0,11403786.211,0.013455017080793106,0.45069953474000274,5113107.227,0.011865526803990167,0.44665047574074185,9616083.434,0.009308708308126561,0.39964847715396773,4502976.207,0.009293494558064918,0.39945458579355086,56019,0.0312888100978731,0.08853982715462072,0.5529268738035592,0.5516307362840651,0.09311126582052517,0.3039976440550186,0.3272063222411583,0.6071106104310708,0.15676396802981074,0.2588228993734269,0.3039976440550186,0.32766384999776343,0.6071106104310708,0.6051332317457455,0.2588228993734269,0.9993199582996539,0.4682754926063384,0.4682754926063384
PANCANCER_ATLAS,query1,8,1/16,4883.407281950394,4166.132192877121,9766677661.0,10346084252.0,0.0,0.0,56012.0,4512.113109494183,4050.2980061918497,4791247098.0,5088573955.0,4858.0,0.0,56012.0,3356.690957605756,2934.1502689011395,4262386998.0,9624332151.0,13967.0,0.0,56012.0,3354.4546276451133,2934.1557112205774,4262387002.0,4535758196.0,13965.0,0.0,56012.0,0.0,0.0,0.0,0.0,0.0,0.0,0.0,0.0,0.0,0.0,0.0,0.0,0.0,0.0,0.0,0.0,927.817979061867,9980766854.0,624.5658343439811,4729954776.0,572.4381681706452,9011178865.0,570.3343695214933,4281224089.0,3955.58930288853,365317398.0,3887.547275150205,358619179.0,2784.252789435112,613153286.0,2784.1202581236225,254534107.0,10346084.252,0.013417414559313978,0.44999367139524027,5088573.955,0.011875278514002245,0.44675046512101024,8375167.343,0.009354577031952492,0.398768305047104,3378402.712,0.009341470269658866,0.398572760031495,56012,0.027803771297347346,0.07603178498515872,0.509429177013565,0.5081642647539499,0.08673141469685068,0.2957135940338892,0.312633420928774,0.5635786143510773,0.06976089537067887,0.24935728058273227,0.2957122877096571,0.31309136552186756,0.5635786139415213,0.5615966306167289,0.24932157394843962,0.9993337694804535,0.47128030546293226,0.4033833084927769
PANCANCER_ATLAS,query1,8,1/4,4920.317675607785,4138.886140728369,10996032246.0,11644536775.0,0.0,0.0,56269.0,4463.156398827102,4005.72603976354,4693394523.0,4984670366.0,5550.0,0.0,56269.0,3325.2656579730906,2910.9415271561593,4094727502.0,9343207011.0,14648.0,0.0,56269.0,3323.074032263148,2910.9415271561593,4094727502.0,4358536645.0,14648.0,0.0,56269.0,0.0,0.0,0.0,0.0,0.0,0.0,0.0,0.0,0.0,0.0,0.0,0.0,0.0,0.0,0.0,0.0,1000.7015455501017,11277360335.0,619.5266168302957,4625032097.0,562.5832557136579,8725965554.0,560.5251732333513,4100933457.0,3919.616130057686,367176440.0,3843.6297819968095,359638269.0,2762.6824022594337,617241457.0,2762.548859029799,257603188.0,11644536.775,0.013572956837976302,0.4517985981035809,4984670.366,0.011790136534807304,0.44684136204699226,9343207.011,0.009313816641859388,0.3961293558492203,4358536.645,0.009297863636866681,0.39593854035798626,56269,0.03217293166257418,0.09291295947150646,0.5731738123351444,0.571930557452338,0.09863335051271571,0.29668480161575883,0.3241766330540161,0.6276177251581334,0.1976317142078844,0.26032095825410084,0.29668480161575883,0.32462205667387856,0.6276177251581334,0.6257011567555464,0.26032095825410084,0.9993409171069724,0.4664925694002693,0.46649256940026923
PANCANCER_ATLAS,query1,8,inf,4917.156707463527,4177.234399985522,10186138616.0,10788697313.0,0.0,0.0,56355.0,4509.397582191613,4052.9278754889965,4669268961.0,4959253844.0,5001.0,0.0,56355.0,3333.525864875785,2917.746126109734,4123063182.0,9347528390.0,14310.0,0.0,56355.0,3331.348649297968,2917.746126109734,4123063182.0,4388274546.0,14310.0,0.0,56355.0,0.0,0.0,0.0,0.0,0.0,0.0,0.0,0.0,0.0,0.0,0.0,0.0,0.0,0.0,0.0,0.0,954.1898182070958,10426309623.0,619.8206664257311,4604113196.0,565.6062968441304,8742741472.0,563.5590355367513,4138628276.0,3962.9668892564346,362387690.0,3889.5769157658856,355140648.0,2767.9195680316557,604786918.0,2767.7896137612197,249646270.0,10788697.313,0.013422214095743323,0.4531433590058069,4959253.844,0.0118200137400221,0.44908824042438705,9347528.39,0.00923806443643981,0.3997855448734146,4388274.546,0.009214122493221984,0.39959982870307914,56355,0.029758091740544,0.08292579422026458,0.54160559393275,0.540328762581533,0.08874101676869843,0.301512472912737,0.3220623089323188,0.595228050841204,0.1335813658673547,0.2539260047910567,0.301512472912737,0.3225050883081544,0.595228050841204,0.5932526032858217,0.2539260047910567,0.9993468730509166,0.46945827419947533,0.4694582741994753
PANCANCER_ATLAS,query1,16,inf,9822.450242548555,8327.874292958528,20655216494.0,21879459625.0,0.0,0.0,112047.0,8988.242087507871,8066.99891664274,9528215902.0,10120386963.0,10157.0,0.0,112047.0,5807.718713347744,5020.047011444345,7578929710.0,18194250727.0,35743.0,0.0,112047.0,5803.358471652507,5020.047011444345,7578929710.0,8073863764.0,35743.0,0.0,112047.0,0.0,0.0,0.0,0.0,0.0,0.0,0.0,0.0,0.0,0.0,0.0,0.0,0.0,0.0,0.0,0.0,1923.8232617213719,21146296510.0,1247.623368717231,9402913087.0,1072.987352638775,17045558762.0,1068.8658370721116,7642645675.0,7898.62698082719,733163115.0,7740.618718790647,717473876.0,4734.731360708973,1148691965.0,4734.492634580403,431218089.0,21879459.625,0.012655419268907928,0.4574465066766198,10120386.963,0.011704789121930285,0.4517465914327948,18194250.727,0.007848460075586062,0.3846557540886779,8073863.764,0.0078116909412923995,0.38443607657307916,112047,0.031325566061481736,0.08492872291957143,0.5387017170811166,0.5374480386418593,0.09064945960177426,0.39719947313698667,0.40873014676215247,0.63307430293933,0.1684323544165227,0.3190000624737833,0.39719947313698667,0.40917405246669336,0.63307430293933,0.6309843157746635,0.3190000624737833,0.9992492333202682,0.4437590690128561,0.44375906901285606
PANCANCER_ATLAS,query1,50,inf,30589.815545282458,25928.342258930206,64468589000.0,68284821000.0,0.0,0.0,349800.0,28003.980663994575,25129.7076664865,29689644600.0,31534625000.0,31800.0,0.0,349800.0,14127.947276374614,11911.182936653495,19595906400.0,52438760400.0,147200.0,0.0,349800.0,14114.809386344978,11911.182936653495,19595906400.0,20904135400.0,147200.0,0.0,349800.0,0.0,0.0,0.0,0.0,0.0,0.0,0.0,0.0,0.0,0.0,0.0,0.0,0.0,0.0,0.0,0.0,6001.047290824301,65997782000.0,3892.2758979249265,29294899800.0,3031.3307392096276,49224030600.0,3018.8116829233604,19929130800.0,24588.76825445812,2287039000.0,24111.704766069623,2239725200.0,11096.616537164984,3214729800.0,11095.997703421617,975004600.0,68284821.0,0.012791690689308518,0.43793698864316744,31534625.0,0.011702167887968892,0.4303367709860037,52438760.4,0.0055441467440175505,0.2399945154845739,20904135.4,0.005535682270634952,0.23955126175915945,349800,0.03080160638378804,0.08453254245551245,0.5394711585823602,0.538189826989515,0.09090909090909091,0.5406114738187298,0.5381486607704171,0.6960394712532021,0.23205831644488017,0.4208118925100057,0.5406114738187298,0.5385781465255761,0.6960394712532021,0.6938684894553653,0.4208118925100057,0.9990700779262104,0.39863900749263326,0.39863900749263326
PANCANCER_ATLAS,query2,1,inf,193.95489096026708,93.02320931944996,1221802379.0,1305145502.0,0.0,0.0,7717.0,179.91223563320494,87.733791526407,1040909992.0,1114056753.0,726.0,0.0,7717.0,180.42761418635834,87.733791526407,1040909992.0,2228113506.0,726.0,0.0,7717.0,179.91223563320494,87.733791526407,1040909992.0,1114056753.0,726.0,0.0,7717.0,0.0,0.0,0.0,0.0,0.0,0.0,0.0,0.0,0.0,0.0,0.0,0.0,0.0,0.0,0.0,0.0,135.95682121127152,1289411628.0,122.8057054349988,1098501611.0,123.31388795746844,2197003222.0,122.8057054349988,1098501611.0,57.998069748995555,15733874.0,57.10653019820613,15555142.0,57.1137262288899,31110284.0,57.10653019820613,15555142.0,1305145.502,0.016231237521411254,0.07773161296181352,1114056.753,0.01433926317593856,0.07689728951233908,2228113.506,0.014373712270779923,0.07717075110939448,1114056.753,0.01433926317593856,0.07689728951233908,7717,0.05686126969537919,0.07240165616622096,0.14805371974152948,0.1464118358506208,0.09407800958921861,0.05686126969537919,0.06974444782977862,0.14805371974152948,-0.7071763282987584,0.09407800958921861,0.05686126969537919,0.07240165616622096,0.14805371974152948,0.1464118358506208,0.09407800958921861,0.9971435716451857,0.5,0.5
PANCANCER_ATLAS,query2,2,1,374.15720779597774,180.41533269919455,2318375028.0,2477958345.0,0.0,0.0,14436.0,353.8209084394878,171.74720610771328,2075877137.0,2221854977.0,1073.0,0.0,14436.0,340.06925562795607,160.45605975203216,2028267636.0,4394606888.0,1742.0,0.0,14436.0,339.0498025540964,160.45605975203216,2028267636.0,2172751911.0,1742.0,0.0,14436.0,0.0,0.0,0.0,0.0,0.0,0.0,0.0,0.0,0.0,0.0,0.0,0.0,0.0,0.0,0.0,0.0,259.5888399269592,2446859728.0,241.2696043960689,2191194604.0,236.58596093676925,4335423504.0,235.5790829404559,2144228900.0,114.56836786901857,31098617.0,112.55130404341897,30660373.0,103.48329469118681,59183384.0,103.47071961364053,28523011.0,2477958.345,0.013275173144677604,0.0852688315810933,2221854.977,0.01190219424484358,0.08414647812809042,4394606.888,0.010953558819871378,0.0810873867681692,2172751.911,0.010934624824859204,0.08080923975913963,14436,0.048045398701969444,0.05435228543713899,0.10459821559120075,0.10335257189321312,0.07432806871709614,0.11062958257788635,0.09110596149896788,0.12513393583706256,-0.7734789193964438,0.12067054585757828,0.11062958257788635,0.09383062656653374,0.12513393583706256,0.12316850871034313,0.12067054585757828,0.997002219233323,0.49441325842658623,0.4944132584265862
PANCANCER_ATLAS,query2,2,1/16,397.7946708367093,185.16367179714143,2578743910.0,2757569171.0,0.0,0.0,15075.0,370.02491657105304,174.65975680481642,2224168999.0,2383053700.0,1289.0,11.0,15075.0,355.7267582542066,163.92112123779953,2155746029.0,4183021678.0,1887.0,11.0,15075.0,354.8592628478981,163.9162324713543,2155726294.0,2311732770.0,1888.0,21.0,15075.0,0.0,0.0,0.0,0.0,0.0,0.0,0.0,0.0,0.0,0.0,0.0,0.0,0.0,0.0,0.0,0.0,281.62185148116487,2726340741.0,256.15541355477046,2352288002.0,250.53013920978933,4123651116.0,249.6753430206521,2283127906.0,116.17281935554445,31228430.0,113.86950301628261,30765698.0,105.19661904441723,59370562.0,105.183919827246,28604864.0,2757569.171,0.014436627806222277,0.08560009590536462,2383053.7,0.012291819053016786,0.08387651518098109,4156315.322,0.011105880307114393,0.08044796915249036,2290155.368,0.011084151280751514,0.08020630777575688,15075,0.05672773114929752,0.06980926669340792,0.13749907837882203,0.13581362706640154,0.08550580431177446,0.11472310066639024,0.10575283096180843,0.16403252737104868,-0.5169235723951311,0.12517412935323383,0.1147495030724226,0.10793359272134584,0.16404018032174428,0.16167732279887748,0.12524046434494196,0.9975613434014189,0.552646614804371,0.5510061654557016
PANCANCER_ATLAS,query2,2,1/4,368.7009887751208,180.2599660307169,2300265990.0,2453666592.0,0.0,0.0,14796.0,341.3654381049112,170.16177025344223,1946378794.0,2079670826.0,1315.0,7.0,14796.0,329.0760521579873,160.4694271320477,1899714320.0,3785501639.0,1931.0,7.0,14796.0,328.27237463752795,160.4694271320477,1899714320.0,2031513156.0,1931.0,7.0,14796.0,0.0,0.0,0.0,0.0,0.0,0.0,0.0,0.0,0.0,0.0,0.0,0.0,0.0,0.0,0.0,0.0,254.7031047914889,2423057313.0,229.61469200456813,2049565939.0,224.90155300464735,3727054099.0,224.11039469205454,2003170503.0,113.99788398363185,30609279.0,111.75074610034312,30104887.0,104.17449915334,58447540.0,104.16197994547342,28342653.0,2453666.592,0.01335960872590723,0.0812733524447604,2079670.826,0.0119896626070554,0.07932941751129169,3785501.639,0.010989965728160092,0.07661743653808877,2031513.156,0.010971592609690443,0.07639092900914315,14796,0.05602018018551003,0.07414016100423892,0.15384620628156143,0.1524232213208534,0.08887537172208705,0.1097888751143824,0.10747173949485023,0.1741327619246329,-0.5427938136918644,0.13050824547174913,0.1097888751143824,0.10965149367215599,0.1741327619246329,0.1720500402851799,0.13050824547174913,0.9975577757324209,0.5366562611069576,0.5366562611069576
PANCANCER_ATLAS,query2,2,inf,373.14339899754685,181.38376455102116,2364487702.0,2521716559.0,0.0,0.0,14438.0,344.34479718474864,171.71621260419488,1976799879.0,2112208673.0,1168.0,0.0,14438.0,331.99000245247595,161.80990638304502,1928921206.0,4174987822.0,1777.0,0.0,14438.0,331.0205191758914,161.80990638304502,1928921206.0,2062779149.0,1777.0,0.0,14438.0,0.0,0.0,0.0,0.0,0.0,0.0,0.0,0.0,0.0,0.0,0.0,0.0,0.0,0.0,0.0,0.0,257.43131218293615,2490952976.0,230.7707581116739,2081825772.0,226.21700248797026,4116173548.0,225.26016703249635,2034347776.0,115.71208681461071,30763583.0,113.57403907307477,30382901.0,105.77299996450569,58814274.0,105.76035214339507,28431373.0,2521716.559,0.014035475241742973,0.08433305419112536,2112208.673,0.012033113865119068,0.08253532041262221,4174987.822,0.011225966776105213,0.07996958624070656,2062779.149,0.011206433630183118,0.07970913887182328,14438,0.053298882459278274,0.0771783767049502,0.16396271491371028,0.1623925117747541,0.08089763125086577,0.10791405844082724,0.11028842170497954,0.18421178322542187,-0.6556134380366736,0.12307798864108602,0.10791405844082724,0.11288657372693434,0.18421178322542187,0.1819940501885724,0.12307798864108602,0.9970797817120312,0.4940802792597942,0.4940802792597942
PANCANCER_ATLAS,query2,4,1,792.3474649161573,369.4601884642616,5147713281.0,5504941756.0,0.0,0.0,29530.0,740.0450474557559,350.7138824155554,4461897014.0,4780435868.0,2358.0,0.0,29530.0,673.4660165432471,303.3530082432553,4125295339.0,9209296113.0,5115.0,0.0,29530.0,671.2891717768548,303.3530082432553,4125295339.0,4428860245.0,5115.0,0.0,29530.0,0.0,0.0,0.0,0.0,0.0,0.0,0.0,0.0,0.0,0.0,0.0,0.0,0.0,0.0,0.0,0.0,557.8121216400098,5440459517.0,509.3377981154272,4716838703.0,480.6757282686738,9091594149.0,478.5214542828754,4374755446.0,234.53534327614756,64482239.0,230.70724934032887,63597165.0,192.7902882745733,117701964.0,192.76771749397946,54104799.0,5504941.756,0.011992240181455338,0.09027383622842088,4780435.868,0.010780864169143263,0.08796226693208507,9209296.113,0.009131048402665386,0.08022841870824793,4428860.245,0.009109887786854657,0.07999434495766825,29530,0.05073971874108851,0.06600944633038708,0.13322736321218975,0.131610091461974,0.07985099898408399,0.17892910328388711,0.15003701486631216,0.19861594579746755,-0.6729143597137088,0.17321368100237047,0.17892910328388711,0.15278435093133325,0.19861594579746755,0.19547554882431717,0.17321368100237047,0.9967676991668184,0.48091191668255134,0.48091191668255134
PANCANCER_ATLAS,query2,4,1/16,778.1456392909719,370.5091675641015,4945621091.0,5284647532.0,0.0,0.0,30128.0,722.040076575912,348.08667711447924,4249058544.0,4548718335.0,2855.0,19.0,30128.0,657.0411958400526,301.08392862789333,3944272882.0,7895701595.0,5589.0,19.0,30128.0,655.361532789698,301.0741510950029,3944233412.0,4230934697.0,5591.0,32.0,30128.0,0.0,0.0,0.0,0.0,0.0,0.0,0.0,0.0,0.0,0.0,0.0,0.0,0.0,0.0,0.0,0.0,544.3308312152785,5219456949.0,492.95076798632414,4484613506.0,465.7497631909271,7776831807.0,464.0929309120369,4176169738.0,233.81480807569352,65190583.0,229.08930858958794,64104829.0,191.29143264912554,118869788.0,191.26860187766127,54764959.0,5284647.532,0.011719309821521813,0.0873476719741541,4548718.335,0.010507482840397906,0.08474866477854728,7732145.369,0.00893925867807033,0.0772167597723661,4088879.267,0.008918145581925704,0.07699919267174035,30128,0.0605180449300029,0.07210162196138747,0.14084430128858816,0.13925795288025278,0.0947623473181094,0.18737792479641402,0.15563210450072917,0.2024716796080972,-0.494082916067599,0.18550849707912906,0.18740431424570814,0.15779065036353845,0.20247966040550835,0.19939131770273755,0.18557488050982474,0.9974435955294901,0.5358529126378414,0.5288156225558412
PANCANCER_ATLAS,query2,4,1/4,784.1766740602228,371.46356605086476,4955482064.0,5300723702.0,0.0,0.0,29748.0,734.4745359747233,350.05919130612165,4367677504.0,4679702034.0,2596.0,21.0,29748.0,669.5276136921873,302.0481092259288,4083927407.0,8086611958.0,5307.0,21.0,29748.0,667.848787554569,302.0481092259288,4083927407.0,4383956953.0,5307.0,21.0,29748.0,0.0,0.0,0.0,0.0,0.0,0.0,0.0,0.0,0.0,0.0,0.0,0.0,0.0,0.0,0.0,0.0,547.5021100491018,5236523206.0,503.51551880509413,4616856660.0,477.67782463110524,7970473578.0,476.02100780963417,4330663947.0,236.67456401112116,64200496.0,230.9590171696293,62845374.0,191.84978906108205,116138380.0,191.8277797449349,53293006.0,5300723.702,0.011894025959802742,0.08863620897208518,4679702.034,0.010588455969920444,0.08619202508794323,8086611.958,0.009009276710542047,0.07856081346394289,4383956.953,0.008990541793022423,0.0783349205253943,29748,0.057621733868274405,0.06338130134393993,0.11861702906165539,0.11715790199849208,0.0872663708484604,0.1868701621612895,0.1462030995826723,0.17587686641660294,-0.5255675286279995,0.1783985478015329,0.1868701621612895,0.14834397700628388,0.17587686641660294,0.17295124223397973,0.1783985478015329,0.9974925214385704,0.5421253023848879,0.5421253023848879
PANCANCER_ATLAS,query2,4,inf,743.8747704093967,370.4288008958101,4582287816.0,4882353334.0,0.0,0.0,30456.0,687.4464696213674,349.51559587195516,3848924375.0,4107608537.0,2859.0,0.0,30456.0,621.94231020285,301.1981920050457,3555260830.0,7909067423.0,5589.0,0.0,30456.0,620.0763855955105,301.1981920050457,3555260830.0,3801458886.0,5589.0,0.0,30456.0,0.0,0.0,0.0,0.0,0.0,0.0,0.0,0.0,0.0,0.0,0.0,0.0,0.0,0.0,0.0,0.0,509.55698313570684,4820273734.0,456.4878865006239,4046251181.0,430.343430676261,7796101935.0,428.4987767301879,3749850754.0,234.3177872736899,62079600.0,230.9585831207436,61357356.0,191.598879526589,112965488.0,191.57760886532273,51608132.0,4882353.334,0.011776583574509197,0.08627397376725629,4107608.537,0.01057032481416351,0.08404509210691966,7909067.423,0.008965610814928821,0.07652235524417231,3801458.886,0.008942413124697096,0.07629786187241032,30456,0.056456746811480274,0.07585725855035186,0.16004307683147068,0.15868265649779778,0.09387312844759653,0.18689315928821848,0.1639153054477709,0.22412974200658542,-0.6199293418447211,0.18351063829787234,0.18689315928821848,0.16642369083945796,0.22412974200658542,0.22138800165748107,0.18351063829787234,0.9969998429488888,0.48064565424554984,0.48064565424554984
PANCANCER_ATLAS,query2,8,1,1579.2678463693487,741.4031640226021,10160819550.0,10862994146.0,0.0,0.0,60421.0,1466.2437599268262,696.9532090602443,8743515084.0,9365737088.0,5746.0,0.0,60421.0,1252.4220951219934,550.744237226434,7551024712.0,17483429863.0,14244.0,0.0,60421.0,1248.1961839445592,550.744237226434,7551024712.0,8117692775.0,14244.0,0.0,60421.0,0.0,0.0,0.0,0.0,0.0,0.0,0.0,0.0,0.0,0.0,0.0,0.0,0.0,0.0,0.0,0.0,1115.1809492367884,10736989140.0,1011.2964192486673,9241793546.0,914.9474074391296,17266416729.0,910.7575170695038,8024623183.0,464.0868971325609,126005006.0,454.94734067815955,123943542.0,337.47468768286393,217013134.0,337.4386668750556,93069592.0,10862994.146,0.010848711056431705,0.09276209448611543,9365737.088,0.010063074073136691,0.08959586747869096,17483429.863,0.007722318485053693,0.07342806722161102,8117692.775,0.007683105782266449,0.07326201547452425,60421,0.05995382420704476,0.0715673954246322,0.1394872194143041,0.1378309734753308,0.09509938597507489,0.2571595807087165,0.20696030252167552,0.2568488521184298,-0.6094485211002156,0.23574584995283096,0.2571595807087165,0.20963616981495914,0.2568488521184298,0.25272050542445357,0.23574584995283096,0.9966258091470171,0.46430779535881506,0.46430779535881506
PANCANCER_ATLAS,query2,8,1/16,1571.046381568562,744.2334996201098,10079620882.0,10769303291.0,0.0,0.0,60400.0,1454.7101066940252,699.0939495693892,8609683532.0,9216515420.0,5730.0,40.0,60400.0,1244.9469716752424,558.5065976446494,7413161006.0,15318923537.0,14036.0,40.0,60400.0,1241.8897954404788,558.8300391817465,7412803156.0,7963067055.0,14052.0,71.0,60400.0,0.0,0.0,0.0,0.0,0.0,0.0,0.0,0.0,0.0,0.0,0.0,0.0,0.0,0.0,0.0,0.0,1102.1659037776465,10641069069.0,995.3513464464659,9090228808.0,897.6592644665299,15095607835.0,894.1935156532618,7865942553.0,468.88047779091636,128234222.0,459.35876024756,126286612.0,347.28770720871256,223315702.0,347.6962797872172,97124502.0,10769303.291,0.011003731546720439,0.09085288102904514,9216515.42,0.010067721400855767,0.08797682735121987,14323566.599,0.007778217680913081,0.07273119828765261,7093991.894,0.007729949849916183,0.07256767846954232,60400,0.060652402873240474,0.07405018479364345,0.14583260295285383,0.14418647418888075,0.09486754966887417,0.24955461165113324,0.2075682893383045,0.2645396991827058,-0.422461892200785,0.2323841059602649,0.24912001479777723,0.20951423840169958,0.2645752015100442,0.26057732428663194,0.23264900662251656,0.9975443321648875,0.5198189700318497,0.4952671420884284
PANCANCER_ATLAS,query2,8,1/4,1566.3660835519493,738.6688413964584,10026960614.0,10719544194.0,0.0,0.0,59641.0,1460.160918053788,697.895912992768,8679918921.0,9296518462.0,5309.0,41.0,59641.0,1244.6926554583617,551.103860934265,7509136819.0,15459172420.0,13770.0,41.0,59641.0,1241.3807689321184,551.103860934265,7509136819.0,8070221967.0,13770.0,41.0,59641.0,0.0,0.0,0.0,0.0,0.0,0.0,0.0,0.0,0.0,0.0,0.0,0.0,0.0,0.0,0.0,0.0,1100.5200860858492,10592449662.0,1002.6790904060738,9171233198.0,905.293075595426,15239233660.0,902.0175037793704,7975568471.0,465.8459974661007,127094532.0,457.48182764771497,125285264.0,339.399579862936,219938760.0,339.3632651527482,94653496.0,10719544.194,0.010786852965393985,0.09237940237408682,9296518.462,0.010072730362698916,0.09015204642906963,15459172.42,0.00770897347483883,0.07462912071398604,8070221.967,0.007666575061019614,0.07445919876227332,59641,0.0551978452571642,0.06780354006218425,0.1343419750865693,0.13275058213729862,0.08901594540668333,0.2539229624300934,0.20536286598095188,0.2511053839669545,-0.44214829849322235,0.23088144061970792,0.2539229624300934,0.20747724177152904,0.2511053839669545,0.24714877601632468,0.23088144061970792,0.997339193324778,0.5220345402551633,0.5220345402551633
PANCANCER_ATLAS,query2,8,inf,1572.5600242424714,736.6222232170403,10140713851.0,10841510210.0,0.0,0.0,59975.0,1457.8837172528513,692.7935436936095,8680038121.0,9298564342.0,5639.0,0.0,59975.0,1237.381066829245,546.1391222579405,7389290088.0,17244287942.0,14291.0,0.0,59975.0,1233.188166368701,546.1391222579405,7389290088.0,7945723600.0,14291.0,0.0,59975.0,0.0,0.0,0.0,0.0,0.0,0.0,0.0,0.0,0.0,0.0,0.0,0.0,0.0,0.0,0.0,0.0,1109.6971325023737,10713665150.0,1003.7775769820616,9172672938.0,899.898003168768,17022932708.0,895.7421377469582,7850259770.0,462.8628917400984,127845060.0,454.10614027079026,125891404.0,337.48306366047694,221355234.0,337.4460286217434,95463830.0,10841510.21,0.010800248628279144,0.09247539758089178,9298564.342,0.010022257712186462,0.08965160389159052,17244287.942,0.007636782452952747,0.07350882468650555,7945723.6,0.007591407163025972,0.07334381073222673,59975,0.059499534689597566,0.07292332580110039,0.14404072055104478,0.1423183521587995,0.09402250937890788,0.2585899460475215,0.21314223447508007,0.2713244652622434,-0.5905798738347543,0.23828261775739892,0.2585899460475215,0.21580852408940732,0.2713244652622434,0.2671017740064463,0.23828261775739892,0.9966114719442992,0.46077423589335237,0.4607742358933523
PANCANCER_ATLAS,query2,16,inf,3095.1538381392684,1475.8624959131703,19761561779.0,21104519186.0,0.0,0.0,119940.0,2870.907773360758,1389.4039699640125,16918143205.0,18101173823.0,10886.0,0.0,119940.0,2243.4035710977478,981.6454577269033,13092472985.0,32183652853.0,34924.0,0.0,119940.0,2235.3318464911886,981.6454577269033,13092472985.0,14082479030.0,34924.0,0.0,119940.0,0.0,0.0,0.0,0.0,0.0,0.0,0.0,0.0,0.0,0.0,0.0,0.0,0.0,0.0,0.0,0.0,2167.6707598696785,20849994202.0,1961.3966672506895,17850460739.0,1658.8448306411906,31770037827.0,1650.8286822491139,13919577088.0,927.4830782695929,254524984.0,909.5111061100715,250713084.0,584.5587404565579,413615026.0,584.5031642420763,162901942.0,21104519.186,0.010665360390005584,0.09421225901835777,18101173.823,0.010005592550107913,0.09223235033930458,32183652.853,0.006494856243409676,0.06102186120457236,14082479.03,0.006432463587736355,0.060926042173646285,119940,0.058581694560686515,0.07245070083925842,0.14388632871221807,0.1423081633147233,0.09076204769051192,0.3348665878798396,0.2751883465519672,0.3374778202544211,-0.5249649882736731,0.2911789227947307,0.3348665878798396,0.27779620549167405,0.3374778202544211,0.3327268484116035,0.2911789227947307,0.996402018472936,0.4375662108438167,0.43756621084381664
PANCANCER_ATLAS,query2,50,inf,9576.717805538094,4620.252670906484,60421978400.0,64504389400.0,0.0,0.0,375200.0,8888.511859888918,4350.490963459015,51789671600.0,55385434000.0,33800.0,0.0,375200.0,6047.104520244726,2526.1244198307395,34510113000.0,92553114400.0,142200.0,0.0,375200.0,6022.844921679572,2526.1244198307395,34510113000.0,37167680400.0,142200.0,0.0,375200.0,0.0,0.0,0.0,0.0,0.0,0.0,0.0,0.0,0.0,0.0,0.0,0.0,0.0,0.0,0.0,0.0,6661.7357966456175,63714668200.0,6033.287887793241,54608688400.0,4647.901114058635,91414202400.0,4623.726842070957,36805514000.0,2914.9820088924794,789721200.0,2855.2239720956827,776745600.0,1399.2034061860893,1138912000.0,1399.118079608617,362166400.0,64504389.4,0.010525977604819412,0.09590780361814598,55385434.0,0.010062003594620103,0.09590780361814598,92553114.4,0.005831962085776261,0.046486878893633475,37167680.4,0.00582917759041864,0.046421797818301164,375200,0.05838678675435782,0.07186240209053607,0.1428670001973984,0.14136953290809695,0.09008528784648187,0.45324972468765024,0.36856189740207623,0.4288483443633815,-0.43483436183026636,0.37899786780383793,0.45324972468765024,0.37109508247213496,0.4288483443633815,0.4237961052616367,0.37899786780383793,0.9959882289972106,0.4015821686925319,0.4015821686925318
PANCANCER_ATLAS,query3,1,inf,256.00769567280315,104.9345753826201,1910633168.0,2051700777.0,0.0,0.0,6615.0,240.60637078441985,100.98673048615456,1682568524.0,1810804165.0,483.0,0.0,6615.0,241.4440746339668,100.98673048615456,1682568524.0,3621608330.0,483.0,0.0,6615.0,240.60637078441985,100.98673048615456,1682568524.0,1810804165.0,483.0,0.0,6615.0,0.0,0.0,0.0,0.0,0.0,0.0,0.0,0.0,0.0,0.0,0.0,0.0,0.0,0.0,0.0,0.0,184.04742465177588,2033619772.0,168.64609976339258,1792723160.0,169.4754390819842,3585446320.0,168.64609976339258,1792723160.0,71.96027102102728,18081005.0,71.96027102102728,18081005.0,71.9686355519826,36162010.0,71.96027102102728,18081005.0,2051700.777,0.020909350337571787,0.11225782447618306,1810804.165,0.01833662073381042,0.11177032113603137,3621608.33,0.018384227191264615,0.11221681735406995,1810804.165,0.01833662073381042,0.11177032113603137,6615,0.03762196475347257,0.060159616873655786,0.11936600275746911,0.11741313094994266,0.07301587301587302,0.03762196475347257,0.056887434577161056,0.11936600275746911,-0.7651737381001147,0.07301587301587302,0.03762196475347257,0.060159616873655786,0.11936600275746911,0.11741313094994266,0.07301587301587302,0.996530443537217,0.5,0.5
PANCANCER_ATLAS,query3,2,1,457.3661310484689,207.66903197951615,3240322344.0,3464003265.0,0.0,0.0,13313.0,427.44855247968445,199.95249987300485,2800413622.0,2999162097.0,925.0,0.0,13313.0,415.1837733292095,189.3498479546979,2758960927.0,5956095323.0,1571.0,0.0,13313.0,413.80443779835315,189.3498479546979,2758960927.0,2956933226.0,1571.0,0.0,13313.0,0.0,0.0,0.0,0.0,0.0,0.0,0.0,0.0,0.0,0.0,0.0,0.0,0.0,0.0,0.0,0.0,313.77421215005165,3428258395.0,283.8566335812672,2963417227.0,280.1732247191392,5886376637.0,278.809017532776,2922959410.0,143.59191889841725,35744870.0,143.59191889841725,35744870.0,135.0105486100703,69718686.0,134.99542026557714,33973816.0,3464003.265,0.017736677531772955,0.10386537912722246,2999162.097,0.014745628229557748,0.10253089704528998,5956095.323,0.013747669500775012,0.10102249155166798,2956933.226,0.013717427454109027,0.10066447047257868,13313,0.037157837319107045,0.06541275476651764,0.13576079022340626,0.1341918966118526,0.06948095846165402,0.08821336455512152,0.09222886185857337,0.14855355915170643,-0.7194254356454828,0.11800495756027943,0.08821336455512152,0.09524468536892894,0.14855355915170643,0.1463826677426645,0.11800495756027943,0.9966777710992991,0.49645498697469387,0.4964549869746938
PANCANCER_ATLAS,query3,2,1/16,454.1731455342787,208.11778014153242,3174880624.0,3394896097.0,0.0,0.0,13190.0,425.01712723667305,200.77082655299455,2742818985.0,2938342000.0,872.0,20.0,13190.0,409.90660422693713,188.6218037204817,2685613548.0,4900278915.0,1551.0,20.0,13190.0,408.98024305199027,188.6218037204817,2685613548.0,2879382303.0,1551.0,20.0,13190.0,0.0,0.0,0.0,0.0,0.0,0.0,0.0,0.0,0.0,0.0,0.0,0.0,0.0,0.0,0.0,0.0,307.81624336828827,3358103419.0,278.6602250706826,2901549322.0,273.60662001820486,4828872174.0,272.6955953978374,2844768240.0,146.35690216599045,36792678.0,146.35690216599045,36792678.0,136.29998420873233,71406741.0,136.2846476541529,34614063.0,3394896.097,0.017643414756545746,0.10407478616464129,2938342.0,0.014659170493044205,0.10265173440261921,4900278.915,0.013493845709753028,0.100636734643345,2879382.303,0.013466711052916708,0.10033613343795938,13190,0.03530190252625942,0.06419582175715655,0.13608752270365676,0.13448249488502684,0.06611068991660349,0.09367761085954462,0.09746622349339362,0.1541056606353839,-0.44342529932809316,0.1175890826383624,0.09367761085954462,0.09950588872691835,0.1541056606353839,0.15184965291148345,0.1175890826383624,0.9977400676998266,0.5875955946479018,0.5875955946479018
PANCANCER_ATLAS,query3,2,1/4,487.17403553075025,212.1961243916303,3477390851.0,3729150572.0,0.0,0.0,13393.0,459.0841756998209,204.57944759260863,3069833899.0,3298512314.0,964.0,0.0,13393.0,444.47666009648503,192.71102665923536,3004923762.0,6529969063.0,1643.0,0.0,13393.0,442.95925566435244,192.71102665923536,3004923762.0,3231456749.0,1643.0,0.0,13393.0,0.0,0.0,0.0,0.0,0.0,0.0,0.0,0.0,0.0,0.0,0.0,0.0,0.0,0.0,0.0,0.0,339.65796771885636,3692520935.0,311.56810788792694,3261882677.0,306.6852070784556,6458693489.0,305.1831894671037,3196810812.0,147.51606781189392,36629637.0,147.51606781189392,36629637.0,137.79145301802942,71275574.0,137.77606619724875,34645937.0,3729150.572,0.018094620211312494,0.10420041651784619,3298512.314,0.014358350301852637,0.10329671407279736,6483356.058,0.013102682013986126,0.10159804753267276,3184843.744,0.013075015397599633,0.10124851431723861,13393,0.03589451419463385,0.057658778551954115,0.11720193946067292,0.11547891394716259,0.07197789890241171,0.09182588884815412,0.08764296189912646,0.13586827286444714,-0.7510607139410514,0.12267602478906892,0.09182588884815412,0.09075766900883409,0.13586827286444714,0.13346037211178607,0.12267602478906892,0.9965860874858914,0.4948655526271978,0.4912338171015811
PANCANCER_ATLAS,query3,2,inf,446.04575628659614,203.08794047962874,3099956380.0,3317258157.0,0.0,0.0,13005.0,423.7820628108467,196.40615290403366,2790945410.0,2990629675.0,773.0,0.0,13005.0,411.5000276551348,186.1434722598642,2741858220.0,5930917250.0,1395.0,0.0,13005.0,410.1243376853585,186.1434722598642,2741858220.0,2940287575.0,1395.0,0.0,13005.0,0.0,0.0,0.0,0.0,0.0,0.0,0.0,0.0,0.0,0.0,0.0,0.0,0.0,0.0,0.0,0.0,305.977580531509,3281692180.0,283.7138870557596,2955063698.0,279.69432652851754,5861545242.0,278.3337575595564,2906481544.0,140.06817575508714,35565977.0,140.06817575508714,35565977.0,131.80570112661727,69372008.0,131.79058012580217,33806031.0,3317258.157,0.017125720623211882,0.10376329962670049,2990629.675,0.014894309349319516,0.10279082467498435,5930917.25,0.013990217618387164,0.10092788401046537,2940287.575,0.013959934955055922,0.10057016748542144,13005,0.03290095689490391,0.04991347448543915,0.09968236069179781,0.09846338950459921,0.059438677431757014,0.08343414276469163,0.0774488449773858,0.11551716092211595,-0.7878974048144907,0.10726643598615918,0.08343414276469163,0.0805330352210708,0.11551716092211595,0.11363920568091013,0.10726643598615918,0.9966568897270423,0.4957559600077037,0.4957559600077037
PANCANCER_ATLAS,query3,4,1,932.5574627633437,418.79225824959576,6603510877.0,7066049216.0,0.0,0.0,26929.0,873.718955536235,402.94172197394073,5746204867.0,6160361132.0,1961.0,0.0,26929.0,809.8944186814899,356.12359598279,5423690717.0,11986087960.0,4689.0,0.0,26929.0,807.0788362896694,356.12359598279,5423690717.0,5825726828.0,4689.0,0.0,26929.0,0.0,0.0,0.0,0.0,0.0,0.0,0.0,0.0,0.0,0.0,0.0,0.0,0.0,0.0,0.0,0.0,642.3997706497884,6992655001.0,583.5612634226795,6086966917.0,557.7772877578778,11847335652.0,554.9892608904602,5760368735.0,290.1576921135555,73394215.0,290.1576921135555,73394215.0,252.11713092361217,138752308.0,252.08957539920934,65358093.0,7066049.216,0.015164362097421611,0.10668633242606362,6160361.132,0.012381693459577747,0.10606259048206909,11986087.96,0.01047143660113438,0.1023004904993664,5825726.828,0.010443181101687736,0.1019887098730839,26929,0.03784820746664397,0.06309370690440796,0.12982578903382946,0.12817460738161945,0.0728211222102566,0.1496414058099802,0.1315340330003687,0.17866558895349272,-0.6962927363793783,0.1741245497419139,0.1496414058099802,0.13455323825499976,0.17866558895349272,0.17553265623900238,0.1741245497419139,0.9965235192058685,0.4860407204954301,0.48604072049543007
PANCANCER_ATLAS,query3,4,1/16,948.8624825565198,418.114352369681,6749373712.0,7231719739.0,0.0,0.0,26516.0,895.104606851872,403.6450120918453,5966953873.0,6405112088.0,1760.0,49.0,26516.0,828.8615709332116,356.9090545848012,5619454955.0,10208202752.0,4437.0,49.0,26516.0,826.9686324630272,356.9090545848012,5619454955.0,6043640289.0,4437.0,49.0,26516.0,0.0,0.0,0.0,0.0,0.0,0.0,0.0,0.0,0.0,0.0,0.0,0.0,0.0,0.0,0.0,0.0,657.3556584292978,7158620889.0,603.59778272465,6332013238.0,575.3062902712568,10070336456.0,573.4407581162815,5978872843.0,291.5068241272221,73098850.0,291.5068241272221,73098850.0,253.55528066195487,137866296.0,253.5278743467458,64767446.0,7231719.739,0.014454282839113796,0.1060849813607353,6405112.088,0.012135745863792406,0.10505070148867733,10181235.022,0.01028127145675333,0.10095709576951453,6021312.776,0.010257070027380704,0.10067201200051412,26516,0.03460617937612076,0.056655075622558115,0.11592480612073719,0.11430305388387507,0.06637501885653944,0.14638411104042748,0.126468180404804,0.16741090436155126,-0.41158716327848,0.16733293106049177,0.14638411104042748,0.1284631359489249,0.16741090436155126,0.16428726400897375,0.16733293106049177,0.9977162188035172,0.5920376422594001,0.5914128063038441
PANCANCER_ATLAS,query3,4,1/4,957.7738040149786,419.84859440941364,6828788173.0,7319842100.0,0.0,0.0,26342.0,900.5943875437794,405.2004279429093,5986498832.0,6429760097.0,1748.0,0.0,26342.0,834.5667158462186,356.1056377403438,5667316852.0,12528220008.0,4512.0,0.0,26342.0,831.6269581371336,356.1056377403438,5667316852.0,6098459911.0,4512.0,0.0,26342.0,0.0,0.0,0.0,0.0,0.0,0.0,0.0,0.0,0.0,0.0,0.0,0.0,0.0,0.0,0.0,0.0,664.6465530049014,7245722307.0,607.4671365337022,6355640304.0,581.8028366077326,12388720068.0,578.8906684266811,6033079764.0,293.1272510100774,74119793.0,293.1272510100774,74119793.0,252.76387923848606,139499940.0,252.73628971045255,65380147.0,7319842.1,0.01415306253012451,0.10700239231747753,6429760.097,0.01203830428913417,0.10607520979473546,12343087.672,0.009967691563728386,0.1023582480662024,5919530.899,0.00994660379367262,0.1020512928304094,26342,0.03488916400234565,0.05970033449599865,0.12334389640760646,0.12159852505561564,0.06635790752410599,0.15182367529117213,0.12863902484310707,0.1700845437836661,-0.7115423853200331,0.1712853997418571,0.15182367529117213,0.1317083901742131,0.1700845437836661,0.16685908962435136,0.1712853997418571,0.9964775042506887,0.48677784291030785,0.4795826665339431
PANCANCER_ATLAS,query3,4,inf,896.146092149143,413.9136910699308,6093713758.0,6523550516.0,0.0,0.0,26213.0,855.1808336222841,400.9622983178124,5536381785.0,5934310409.0,1560.0,0.0,26213.0,792.4537768191262,352.5889526735991,5271871414.0,11595090086.0,4292.0,0.0,26213.0,789.7428189943572,352.5889526735991,5271871414.0,5660779677.0,4292.0,0.0,26213.0,0.0,0.0,0.0,0.0,0.0,0.0,0.0,0.0,0.0,0.0,0.0,0.0,0.0,0.0,0.0,0.0,606.4815082689324,6451078375.0,565.5162497420735,5861838268.0,542.7529808870654,11458718846.0,540.0688629321297,5596880578.0,289.6645838802107,72472141.0,289.6645838802107,72472141.0,249.70079593206086,136371240.0,249.6739560622275,63899099.0,6523550.516,0.013980291094427878,0.10542053817015318,5934310.409,0.012182662159467067,0.10471328864277518,11595090.086,0.010301324753162961,0.1013863493622081,5660779.677,0.010277563433685013,0.10108858091443022,26213,0.03129008059298588,0.045712701183147186,0.09146014977620487,0.09032506233450621,0.059512455651775834,0.1481582748273259,0.11570916420707833,0.1348672380485647,-0.7774201422310256,0.16373555106244994,0.1481582748273259,0.11873429353422593,0.1348672380485647,0.13225479543446828,0.16373555106244994,0.996579033498142,0.48820488974336373,0.4882048897433638
PANCANCER_ATLAS,query3,8,1,1864.2652899624713,819.3866934897378,13339361712.0,14288620428.0,0.0,0.0,52217.0,1750.4457378781622,791.4617481110618,11635760125.0,12488881811.0,3296.0,0.0,52217.0,1531.1006788413988,639.163753000088,10405105013.0,23694029474.0,11616.0,0.0,52217.0,1525.4277190382268,639.163753000088,10405105013.0,11205147663.0,11616.0,0.0,52217.0,0.0,0.0,0.0,0.0,0.0,0.0,0.0,0.0,0.0,0.0,0.0,0.0,0.0,0.0,0.0,0.0,1295.1616612281146,14143465141.0,1181.3421091438051,12343726524.0,1087.952832186256,23432711318.0,1082.3253918186156,11088984794.0,569.1036287343578,145155287.0,569.1036287343578,145155287.0,443.147846655143,261318156.0,443.1023272196117,116162869.0,14288620.428,0.01265920247908863,0.10971897100152626,12488881.811,0.011229180312978053,0.10885974989834421,23694029.474,0.008730958927226713,0.10308759356560247,11205147.663,0.008668713351450972,0.10281445515386939,52217,0.03408030127966166,0.061053302176001134,0.1277123766324929,0.12595607994969404,0.06312120573759504,0.2199485809588717,0.17871094468951854,0.21996979783225779,-0.6582447265216136,0.2224562881820097,0.2199485809588717,0.18175394497156871,0.21996979783225779,0.21579919352869248,0.2224562881820097,0.9962948486134401,0.4729101766035897,0.47291017660358975
PANCANCER_ATLAS,query3,8,1/16,1871.2487298861508,832.1850397577509,13241796695.0,14182518632.0,0.0,0.0,53028.0,1761.8501558243277,802.2768382793292,11660466954.0,12511713429.0,3664.0,93.0,53028.0,1536.787129170946,647.4241069322452,10410165461.0,19519266751.0,12065.0,93.0,53028.0,1533.2969271504567,647.6633394276723,10410218183.0,11207053591.0,12062.0,93.0,53028.0,0.0,0.0,0.0,0.0,0.0,0.0,0.0,0.0,0.0,0.0,0.0,0.0,0.0,0.0,0.0,0.0,1295.1002588801816,14035695742.0,1185.7016848183584,12364890539.0,1088.5680971595716,19255054039.0,1084.874477235307,11089599035.0,576.1484710059702,146822890.0,576.1484710059702,146822890.0,448.21903201137445,264212712.0,448.42244991514985,117454556.0,14182518.632,0.012721751925798082,0.10992033005378388,12511713.429,0.011440107349103267,0.10921230510574013,19246966.967,0.008854660386026149,0.10267657903735024,10970907.887,0.008789070338843678,0.10241179455200389,53028,0.03593936450375024,0.058462871511730685,0.11941957556236293,0.11780736880050091,0.06909557215056197,0.22201905105058084,0.17873711568827833,0.21384040997013665,-0.37629057697542523,0.22752130949686958,0.221731575929066,0.18060228837470238,0.21383642848626294,0.2097980703008887,0.22746473561137512,0.9977288968951918,0.5741534112917355,0.5700071032391875
PANCANCER_ATLAS,query3,8,1/4,1841.6924495097303,831.8428848376498,12979538471.0,13886711941.0,0.0,0.0,53185.0,1725.4917558808575,801.7721012942493,11267948469.0,12078415141.0,3636.0,0.0,53185.0,1505.632536793579,648.5706381890923,10042878309.0,22878758125.0,11920.0,0.0,53185.0,1500.1490122412465,648.5706381890923,10042878309.0,10800342984.0,11920.0,0.0,53185.0,0.0,0.0,0.0,0.0,0.0,0.0,0.0,0.0,0.0,0.0,0.0,0.0,0.0,0.0,0.0,0.0,1264.1657024217038,13741819163.0,1147.965008792831,11933522363.0,1054.758543920356,22617809084.0,1049.3205053470515,10684286721.0,577.5267470880274,144892778.0,577.5267470880274,144892778.0,450.87399287322336,260949041.0,450.82850689419564,116056263.0,13886711.941,0.012819365318195844,0.10912259778239011,12078415.141,0.011194587896840597,0.10823675449139616,22239423.279,0.00865461972927768,0.10245181413654883,10185122.112,0.00858131657826803,0.10218885887752466,53185,0.036149595183794014,0.06309451594906967,0.131868325351027,0.13021777996712602,0.06836514054714675,0.22032074805127,0.18247341612635293,0.2262530496412749,-0.6475288190756892,0.22412334304785184,0.22032074805127,0.18545085383794924,0.2262530496412749,0.22225340095718482,0.22412334304785184,0.9963579927915145,0.4720685854097249,0.45797599983707743
PANCANCER_ATLAS,query3,8,inf,1799.7096054270926,828.5665206741542,12343656607.0,13210135529.0,0.0,0.0,52700.0,1697.5068596414915,800.2685527335852,10873259696.0,11656395526.0,3456.0,0.0,52700.0,1485.1643700973218,650.4731556903571,9741456674.0,22132802037.0,11649.0,0.0,52700.0,1479.8749340509426,650.4731556903571,9741456674.0,10476406511.0,11649.0,0.0,52700.0,0.0,0.0,0.0,0.0,0.0,0.0,0.0,0.0,0.0,0.0,0.0,0.0,0.0,0.0,0.0,0.0,1220.8068482574736,13064889242.0,1118.6041024718725,11511149239.0,1030.078343263731,21870692595.0,1024.8349338085723,10359543356.0,578.9027571696199,145246287.0,578.9027571696199,145246287.0,455.08602683359106,262109442.0,455.0400002423708,116863155.0,13210135.529,0.012579864606989498,0.10979488293419772,11656395.526,0.011510146880784953,0.10919008787645207,22132802.037,0.008945277239251231,0.10372864554613731,10476406.511,0.008893462134000387,0.10347742782512859,52700,0.03415292222710686,0.056788464915342396,0.1191216636864435,0.11761726437924114,0.0655787476280835,0.21494154125234666,0.17477554955602148,0.2108127288249667,-0.6754409512614168,0.2210436432637571,0.21494154125234666,0.1777145992951732,0.2108127288249667,0.20694178435934196,0.2210436432637571,0.9964384844176994,0.47334298176463646,0.47334298176463646
PANCANCER_ATLAS,query3,16,inf,3793.2699808732473,1662.262634136714,27058444024.0,29000343701.0,0.0,0.0,105431.0,3577.42683817148,1605.0948020024225,23910055159.0,25673615374.0,6897.0,0.0,105431.0,2945.0120846344753,1187.2747672917321,19957278688.0,47209171013.0,28883.0,0.0,105431.0,2933.4114486429653,1187.2747672917321,19957278688.0,21535555639.0,28883.0,0.0,105431.0,0.0,0.0,0.0,0.0,0.0,0.0,0.0,0.0,0.0,0.0,0.0,0.0,0.0,0.0,0.0,0.0,2641.9094221867113,28710501730.0,2426.0662794849436,25383773403.0,2139.945321657508,46712511022.0,2128.4185017224577,21328737619.0,1151.360558686539,289841971.0,1151.360558686539,289841971.0,805.0667629769678,496659991.0,804.9929469205096,206818020.0,29000343.701,0.011862384139357085,0.10982179772107109,25673615.374,0.011219701097609424,0.10935361184760176,47209171.013,0.007480009312758785,0.10153948070356028,21535555.639,0.007316854335390347,0.10130708511884502,105431,0.03439157625291944,0.05690160304700431,0.11635513343662618,0.11471341034090177,0.06541719228689855,0.2857477856329629,0.2236218092874831,0.26243805185920843,-0.627883155445917,0.2739516840397985,0.2857477856329629,0.22668002450812486,0.26243805185920843,0.25740343421318135,0.2739516840397985,0.9960609207507038,0.4561731370599528,0.4561731370599528
PANCANCER_ATLAS,query3,50,inf,11749.300600659628,5196.13942541182,83413577600.0,89361934400.0,0.0,0.0,330200.0,11074.480704721398,5016.079960018396,73582556200.0,78974323000.0,21800.0,0.0,330200.0,8089.034471125164,3124.2029247805476,53419982000.0,136774444800.0,120600.0,0.0,330200.0,8053.741652217859,3124.2029247805476,53419982000.0,57800121800.0,120600.0,0.0,330200.0,0.0,0.0,0.0,0.0,0.0,0.0,0.0,0.0,0.0,0.0,0.0,0.0,0.0,0.0,0.0,0.0,8142.554447830594,88449718400.0,7467.734551892361,78062107000.0,6044.119017658504,135344152400.0,6008.966654391394,57282045400.0,3606.7461528290387,912216000.0,3606.7461528290387,912216000.0,2044.91545346666,1430292400.0,2044.774997826467,518076400.0,89361934.4,0.011651344218088264,0.10869649979544985,78974323.0,0.011277262021584387,0.10859381790531981,136774444.8,0.0058427890954430815,0.08303580487379869,57800121.8,0.005843166707415167,0.08287081271669076,330200,0.03465254694915221,0.05743489922288181,0.11785876691614294,0.11624201590694305,0.06602059357964869,0.398745362855051,0.3115305543658462,0.3595768993847831,-0.5305671896914532,0.36523319200484555,0.398745362855051,0.3145343773257697,0.3595768993847831,0.3531907944016037,0.36523319200484555,0.9956369553086606,0.4225944538434712,0.42259445384347116
PATENTS,query1,1,inf,24628.817399683503,18156.333821406588,355922429471.0,360516942216.0,0.0,0.0,2819.0,22878.73489956101,16943.798789590597,325950319915.0,330167473616.0,125.0,0.0,2819.0,23031.475084827434,16943.798789590597,325950319915.0,660334947232.0,125.0,0.0,2819.0,22878.73489956101,16943.798789590597,325950319915.0,330167473616.0,125.0,0.0,2819.0,0.0,0.0,0.0,0.0,0.0,0.0,0.0,0.0,24517.942386339826,359966924801.0,22768.23758261811,329617618697.0,22920.72339715177,659235237394.0,22768.23758261811,329617618697.0,110.87501334367816,550017415.0,110.49731694290118,549854919.0,110.75168767566268,1099709838.0,110.49731694290118,549854919.0,0.0,0.0,0.0,0.0,0.0,0.0,0.0,0.0,360516942.216,11.531591416073294,17.919003292653887,330167473.616,10.937254825059869,17.754867736322563,660334947.232,11.01558114153106,17.886244913916677,330167473.616,10.937254825059869,17.754867736322563,2819,0.06678303250771878,0.07105832455215588,0.08420966782157258,0.0841831965328731,0.044341965235899256,0.06678303250771878,0.06485663882816373,0.08420966782157258,-0.8316336069342538,0.044341965235899256,0.06678303250771878,0.07105832455215588,0.08420966782157258,0.0841831965328731,0.044341965235899256,0.9933681978812097,0.5,0.5
PATENTS,query1,2,1,48399.77235488566,35641.2441998946,702020376952.0,711072574466.0,0.0,0.0,5521.0,44874.4085504267,33213.39841030096,640849303061.0,649131253547.0,266.0,0.0,5521.0,36112.99907333848,26686.631189850857,499798172660.0,1155429982376.0,875.0,0.0,5521.0,35812.70934599721,26686.631189850857,499798172660.0,506298728829.0,875.0,0.0,5521.0,0.0,0.0,0.0,0.0,0.0,0.0,0.0,0.0,48187.761321146405,709952595911.0,44662.96406128861,648011518736.0,35901.93011410121,1153190675250.0,35602.1580652664,505179156514.0,212.011033739255,1119978555.0,211.44448913808952,1119734811.0,211.06895923726856,2239307126.0,210.5512807308163,1119572315.0,0.0,0.0,0.0,0.0,0.0,0.0,0.0,0.0,711072574.466,11.64335690741698,19.171996970965868,649131253.547,10.970552920798568,19.120503953156984,1155429982.376,6.769822858929908,18.36935070169272,506298728.829,6.69167825260922,18.233348097010005,5521,0.06811899651922992,0.0728384377225918,0.08713575260676876,0.08710970320507239,0.048179677594638655,0.25124299701272,0.2538601461068011,0.28805745663679894,-0.6249114701740575,0.15848578156131135,0.25124299701272,0.26006450849800045,0.28805745663679894,0.28797882662087015,0.15848578156131135,0.9916847192133935,0.43819074851066164,0.43819074851066164
PATENTS,query1,2,1/16,48230.07762710771,35429.68288211827,704728081998.0,713806522074.0,0.0,0.0,5504.0,44666.32698235966,32993.10529828188,642001306166.0,650289925172.0,262.0,0.0,5504.0,35919.47843494983,26475.20850912365,501244417631.0,1158045452193.0,860.0,0.0,5504.0,36379.16787714957,27010.14324263879,513922350475.0,520592924251.0,823.0,82.0,5504.0,0.0,0.0,0.0,0.0,0.0,0.0,0.0,0.0,48013.48335255338,712734445476.0,44450.58252470708,649218214190.0,35703.89920183291,1155902219805.0,36164.084168876085,519521402845.0,216.59427455432362,1072076598.0,215.7444576525754,1071710982.0,215.5792331169228,2143232388.0,215.08370827348875,1071521406.0,0.0,0.0,0.0,0.0,0.0,0.0,0.0,0.0,713806522.074,11.924091197107948,19.18868914042145,650289925.172,11.207262143350817,19.139238088443285,1130006726.348,6.887871108947828,18.367494356941716,505616492.115,6.9361857633073685,18.230649416544978,5504,0.06877220978644882,0.07389062634941834,0.0890084806244148,0.08898293156169179,0.04760174418604651,0.2527393316724841,0.2552473435215603,0.2887406782344988,-0.6223520189031644,0.15625,0.23764084108494543,0.24571616578318212,0.2707508561061449,0.2706806282206674,0.14952761627906977,1.0127977760877636,0.44954446586284585,0.44744555968181815
PATENTS,query1,2,1/4,48488.35076154624,35740.11650138162,701442623402.0,710494731146.0,0.0,0.0,5550.0,45166.844235576216,33468.649078808725,643033598662.0,651350335704.0,262.0,0.0,5550.0,36549.476381778506,27056.33138235868,503513717936.0,1161418852784.0,850.0,0.0,5550.0,36248.15981141016,27056.33138235868,503513717936.0,510068517080.0,850.0,0.0,5550.0,0.0,0.0,0.0,0.0,0.0,0.0,0.0,0.0,48267.142815109386,709434857245.0,44946.48610604111,650290827419.0,36329.271133076305,1159299937774.0,36028.4444424096,509009110355.0,221.20794643684863,1059873901.0,220.3581295351004,1059508285.0,220.20524870220717,2118915010.0,219.7153690005556,1059406725.0,0.0,0.0,0.0,0.0,0.0,0.0,0.0,0.0,710494731.146,11.895464823341724,19.135391944426384,651350335.704,11.24481804844507,19.099078594916318,1161418852.784,7.034098532474702,18.397672232890617,510068517.08,6.954368192163384,18.26044025782569,5550,0.06355512082578374,0.0685011239566462,0.08326985385734897,0.08324396065063344,0.047207207207207204,0.24297025217271606,0.2462214984064971,0.2821740493984296,-0.6346621612670895,0.15315315315315314,0.24297025217271606,0.25243570379059344,0.2821740493984296,0.28209387808227715,0.15315315315315314,0.9917559264811091,0.439177059901629,0.43917705990162903
PATENTS,query1,2,inf,47935.46733736376,35328.17561144475,694841327829.0,703779017204.0,0.0,0.0,5467.0,44780.28084245735,33148.35406411113,640443478355.0,648696400810.0,249.0,0.0,5467.0,36046.74485285036,26620.6681026835,500943993752.0,1156131356324.0,844.0,0.0,5467.0,35746.6561186234,26620.6681026835,500943993752.0,507434955514.0,844.0,0.0,5467.0,0.0,0.0,0.0,0.0,0.0,0.0,0.0,0.0,47743.43268607642,702912556940.0,44589.096008071756,647830306162.0,35856.05898134797,1154399370148.0,35556.37057549912,506569063986.0,192.03465128734243,866460264.0,191.18483438559423,866094648.0,190.68587150239028,1731986176.0,190.28554312428656,865891528.0,0.0,0.0,0.0,0.0,0.0,0.0,0.0,0.0,703779017.204,11.915138680756353,19.178540211343247,648696400.81,11.382320719133975,19.143989206753,1156131356.324,6.841107601740264,18.45282435075962,507434955.514,6.761229061539407,18.315359535087538,5467,0.06170206951268242,0.06582154446728572,0.07828816061353694,0.0782669205069999,0.045546003292482165,0.24647487049799444,0.2480151575626055,0.27905267909556186,-0.6427476921905437,0.15438083043716846,0.24647487049799444,0.25427542268352255,0.27905267909556186,0.27898538730245626,0.15438083043716846,0.9916750115592413,0.43890770087529213,0.4389077008752922
PATENTS,query1,4,1,96665.10754381491,71222.5657042854,1396709956044.0,1414797047629.0,0.0,0.0,11248.0,89954.8976736144,66623.58723434177,1279259380896.0,1295867923289.0,531.0,0.0,11248.0,56891.286524057396,42274.114845239324,761707397670.0,2067631044869.0,2982.0,0.0,11248.0,56291.8303357539,42274.114845239324,761707397670.0,771763121580.0,2982.0,0.0,11248.0,0.0,0.0,0.0,0.0,0.0,0.0,0.0,0.0,96159.86079845822,1412266529511.0,89451.4449861614,1293338177027.0,56407.642889556395,2062647123774.0,55809.355112607445,769308946747.0,505.24674535668686,2530518118.0,503.4526874529962,2529746262.0,483.64363450099836,4983921095.0,482.47522314644635,2454174833.0,0.0,0.0,0.0,0.0,0.0,0.0,0.0,0.0,1414797047.629,11.192804936468049,19.714097774837754,1295867923.289,10.818420404799893,19.655543788575283,2067631044.869,3.429977621315524,18.429363679967185,771763121.58,3.3479616301149586,18.290622065354587,11248,0.06457192919781196,0.06941708379271205,0.08409088418089572,0.08406090791559706,0.047208392603129444,0.40645054797996794,0.4114599572728912,0.4546416781996475,-0.46143296548014257,0.26511379800853485,0.40645054797996794,0.4176613282074012,0.4546416781996475,0.4545061266042604,0.26511379800853485,0.9894631282762429,0.37325959266049663,0.3732595926604967
PATENTS,query1,4,1/16,97048.05847857776,71389.6032955132,1410902514416.0,1429121712848.0,0.0,0.0,11149.0,90175.89489797592,66657.31428264803,1291638227514.0,1308355655354.0,500.0,0.0,11149.0,58790.95016359996,43478.944296978414,801586153864.0,2120463581030.0,2740.0,0.0,11149.0,60004.05653337887,44758.07870355621,831889459959.0,842792390333.0,2652.0,183.0,11149.0,0.0,0.0,0.0,0.0,0.0,0.0,0.0,0.0,96603.10797980116,1427075681671.0,89732.64403300281,1306310355409.0,58356.8216271196,2116403610538.0,59570.872786669104,840777719786.0,444.95049877659335,2046031177.0,443.2508649730969,2045299945.0,434.1285364803573,4059970492.0,433.1837467097562,2014670547.0,0.0,0.0,0.0,0.0,0.0,0.0,0.0,0.0,1429121712.848,11.284681235191558,19.76087605158649,1308355655.354,10.906784613197582,19.70624310455395,1845818887.793,3.5226616584759793,18.513982340948864,596224054.732,3.505718715747009,18.37617819491981,11149,0.0662882099691201,0.07081196356049513,0.08453049426406745,0.08450368950964537,0.044847071486231946,0.3909625170909019,0.3942078689129326,0.4318628355441041,-0.48375296657152567,0.2457619517445511,0.37304486035196616,0.3817078108097951,0.41038487673024293,0.41027248921055437,0.23786886716297426,1.0206342365007395,0.3974566683779684,0.32301330248326277
PATENTS,query1,4,1/4,97251.04739381219,71571.96592818224,1408387550147.0,1426667333993.0,0.0,0.0,11309.0,90399.10384979466,66877.9620074078,1288170362134.0,1304936535156.0,538.0,0.0,11309.0,56401.782950704335,41796.024003744125,759229228235.0,2074235282410.0,3080.0,0.0,11309.0,55798.13263691962,41796.024003744125,759229228235.0,769298747254.0,3080.0,0.0,11309.0,0.0,0.0,0.0,0.0,0.0,0.0,0.0,0.0,96698.2085699469,1423833442699.0,89848.24793203345,1302103496966.0,55870.16855854163,2068644486327.0,55267.82695071664,766540989361.0,552.8388238652708,2833891294.0,550.8559177611917,2833038190.0,531.6143921627051,5590796083.0,530.3056862029714,2757757893.0,0.0,0.0,0.0,0.0,0.0,0.0,0.0,0.0,1426667333.993,11.13780351828449,19.695275697146432,1304936535.156,10.867302508660737,19.66576368362726,2074235282.41,3.2647468864309497,18.38032534521603,769298747.254,3.1820829703231777,18.24174149314561,11309,0.06558439271438432,0.07045624420137098,0.08535803089174732,0.08532528637653469,0.04757272968432222,0.41602800116342076,0.42003932644232866,0.46092307606968286,-0.4539025552681346,0.2723494561853391,0.41602800116342076,0.42624646076079287,0.46092307606968286,0.4607721583553307,0.2723494561853391,0.9892973185916425,0.37088306894489415,0.3708830689448941
PATENTS,query1,4,inf,97640.78458755095,72084.6017434462,1405628136911.0,1423776810341.0,0.0,0.0,11314.0,90816.55647407497,67396.64017116884,1286655732883.0,1303306539851.0,521.0,0.0,11314.0,57455.45208458565,42752.8083080193,768499291094.0,2081899784821.0,2969.0,0.0,11314.0,56852.55464839327,42752.8083080193,768499291094.0,778593244970.0,2969.0,0.0,11314.0,0.0,0.0,0.0,0.0,0.0,0.0,0.0,0.0,97178.90024408264,1421617517216.0,90356.08849210957,1301147856086.0,57011.6623543227,2077642829751.0,56409.76175866206,776494973665.0,461.8843434683061,2159293125.0,460.46798196539237,2158683765.0,443.7897302629453,4256955070.0,442.79288973120254,2098271305.0,0.0,0.0,0.0,0.0,0.0,0.0,0.0,0.0,1423776810.341,11.244651938432973,19.6840016693361,1303306539.851,10.863278129113635,19.64183130983428,2081899784.821,3.469384657850818,18.410457861028632,778593244.97,3.3866350633438143,18.271478475936252,11314,0.06503416067917145,0.06989116425377495,0.08464002740401388,0.08461317083900732,0.04604914265511755,0.4069078933087632,0.4115629823409762,0.45326984362816647,-0.46223745863818144,0.2624182428849213,0.4069078933087632,0.41773762994073804,0.45326984362816647,0.4531493705228111,0.2624182428849213,0.9895066975488279,0.37398209589466036,0.37398209589466036
PATENTS,query1,8,1,193400.98699614048,142364.28290093946,2800237818569.0,2836542876077.0,0.0,0.0,22389.0,180307.84363889054,133389.42729270714,2570950446931.0,2604368493235.0,1040.0,0.0,22389.0,88604.7252381706,65889.72318599233,1158308638303.0,3778227897569.0,8264.0,0.0,22389.0,87399.99800445238,65889.72318599233,1158308638303.0,1173859404334.0,8264.0,0.0,22389.0,0.0,0.0,0.0,0.0,0.0,0.0,0.0,0.0,192349.96051029142,2830913722497.0,179261.06623755023,2598741167735.0,87603.05799393346,3767111647570.0,86400.92680148312,1168370479835.0,1051.026485849033,5629153580.0,1046.7774013402918,5627325500.0,1001.6672442371286,11116249999.0,999.0712029692546,5488924499.0,0.0,0.0,0.0,0.0,0.0,0.0,0.0,0.0,2836542876.077,11.018417358075064,20.06644139365694,2604368493.235,10.801396544175716,20.022898234936882,3778227897.569,2.848080677543722,17.75513712444136,1173859404.334,2.7623595506429717,17.619975282404138,22389,0.06304148361760964,0.06769946503691437,0.08188139240086845,0.08185118046341755,0.04645138237527357,0.5371751829646765,0.5418600152235066,0.5863534766147369,-0.3319833553139766,0.36910983072044307,0.5371751829646765,0.5480891831943104,0.5863534766147369,0.5861654642226057,0.36910983072044307,0.9864033522988769,0.3106904708128614,0.31069047081286144
PATENTS,query1,8,1/16,191537.67547798576,140800.02012676024,2786937981605.0,2822975904063.0,0.0,0.0,22228.0,178431.8113678805,131796.59088468668,2558562898389.0,2591725705913.0,993.0,0.0,22228.0,96161.95591974177,71048.69476619666,1296141119425.0,3905038624942.0,7218.0,0.0,22228.0,97785.5918972439,73034.91530237976,1343142041597.0,1360905025483.0,7090.0,291.0,22228.0,0.0,0.0,0.0,0.0,0.0,0.0,0.0,0.0,190585.1531787756,2818323448273.0,177481.6496711752,2587074265723.0,95269.97678380935,3895947665500.0,96895.73245314856,1356465506231.0,952.5222992101379,4652455790.0,950.1616967052818,4651440190.0,891.97913593241,9090959442.0,889.8594440953132,4439519252.0,0.0,0.0,0.0,0.0,0.0,0.0,0.0,0.0,2822975904.063,11.083492412299412,20.099240424210535,2591725705.913,10.940156937510968,20.057279530750463,3160475567.002,3.227804590554069,17.81229773611405,666544899.664,3.1408893785516963,17.681793088484852,22228,0.06394480081727194,0.06842447094233206,0.08194480276323857,0.08191717039354485,0.044673384919920824,0.49539286498515744,0.497947567340118,0.534922869478943,-0.38330568791665165,0.32472557135144864,0.48128618705716475,0.48947071821134835,0.5180581518274463,0.5179182990813693,0.3189670685621738,1.0168843901101308,0.3484997604865465,0.21090019066221696
PATENTS,query1,8,1/4,193279.93551624852,142112.89354139986,2807862598082.0,2844242117028.0,0.0,0.0,22159.0,179554.32536085197,132699.6941125444,2567770826511.0,2601127347431.0,1016.0,0.0,22159.0,87881.25135903385,65233.35117507074,1155424318181.0,3772037569513.0,8184.0,0.0,22159.0,86678.0228217492,65233.35117507074,1155424318181.0,1170910222082.0,8184.0,0.0,22159.0,0.0,0.0,0.0,0.0,0.0,0.0,0.0,0.0,192267.0349392143,2839022524575.0,178544.25750682357,2595908973698.0,86922.36730561858,3761768836842.0,85721.54584892238,1165859863144.0,1012.9005770341939,5219592453.0,1010.0678540283666,5218373733.0,958.884053415264,10268732671.0,956.4769728268124,5050358938.0,0.0,0.0,0.0,0.0,0.0,0.0,0.0,0.0,2844242117.028,11.117739304015442,20.116096917997528,2601127347.431,10.922869398993237,20.070245059235507,3770404496.483,2.8553466104004257,17.809573693141008,1169492828.794,2.76921409311204,17.67445227168327,22159,0.06623747637728039,0.07101414908244663,0.08550695170589984,0.08547611616518602,0.045850444514644165,0.5409751392046129,0.5453162216538203,0.5885039677617241,-0.32620129170102796,0.36933074597229115,0.5409751392046129,0.551541536941053,0.5885039677617241,0.588322592133786,0.36933074597229115,0.9863084728690431,0.31041849411727196,0.31017701943780634
PATENTS,query1,8,inf,195292.93791798578,143930.3328227671,2821928716876.0,2858410986227.0,0.0,0.0,22329.0,181042.44298404918,134152.73103402276,2572883213095.0,2606229797346.0,1029.0,0.0,22329.0,88666.41841453422,66170.37083093775,1149479610315.0,3771056393328.0,8221.0,0.0,22329.0,87460.82971275858,66170.37083093775,1149479610315.0,1164826595982.0,8221.0,0.0,22329.0,0.0,0.0,0.0,0.0,0.0,0.0,0.0,0.0,194333.633843305,2853670064071.0,180085.21623957265,2601489768918.0,87750.51111052035,3761699348304.0,86547.10853933489,1160209579386.0,959.3040746807654,4740922156.0,957.226744476492,4740028428.0,915.9073040138558,9357045024.0,913.721173423687,4617016596.0,0.0,0.0,0.0,0.0,0.0,0.0,0.0,0.0,2858410986.227,11.114529145557812,20.079527383211875,2606229797.346,10.905506210783292,20.038117258857653,3771056393.328,2.6954093298302952,17.720893032354066,1164826595.982,2.6104335547981354,17.58569158068191,22329,0.06793287833763484,0.07296984256502492,0.08825364804278413,0.08822425819663882,0.046083568453580546,0.540261114296049,0.5459824642928455,0.5926617127354213,-0.3192841797412971,0.36817591472972366,0.540261114296049,0.5521556967436878,0.5926617127354213,0.5924915620620639,0.36817591472972366,0.9864030968732801,0.30888601879380206,0.30888601879380206
PATENTS,query1,16,inf,384898.17928206164,283280.63437380735,5584100552992.0,5656290039486.0,0.0,0.0,44087.0,358563.05301339034,265206.9741114001,5123997995479.0,5190394419731.0,1977.0,0.0,44087.0,133342.12324634343,99327.33932141657,1694067752906.0,6907414721029.0,20686.0,0.0,44087.0,130941.2078691163,99327.33932141657,1694067752906.0,1717020301298.0,20686.0,0.0,44087.0,0.0,0.0,0.0,0.0,0.0,0.0,0.0,0.0,383041.591940461,5647019318590.0,356712.2255419015,5181126176899.0,131681.0510079044,6889488710773.0,129284.39837777548,1708362533874.0,1856.5873416006248,9270720896.0,1850.8274714887757,9268242832.0,1661.0722384390288,17926010256.0,1656.8094913408104,8657767424.0,0.0,0.0,0.0,0.0,0.0,0.0,0.0,0.0,5656290039.486,11.09000564670973,20.413300953899085,5190394419.731,11.060049593558448,20.39714478653357,6907414721.029,1.6638651619404954,15.760055176688972,1717020301.298,1.5839030974797148,15.636723891917061,44087,0.06380125596075126,0.06842102063925937,0.08239510609572998,0.08236770330068455,0.044843151042257355,0.6493677037225649,0.6535652013343833,0.6966265673711218,-0.22119174809089048,0.4692086102479189,0.6493677037225649,0.6598029948768352,0.6966265673711218,0.6964405486084251,0.4692086102479189,0.9819943216833923,0.24857640240865903,0.24857640240865905
PATENTS,query1,50,inf,1208740.9004493156,889802.6232343633,17519224341200.0,17745871094600.0,0.0,0.0,139200.0,1123743.1220642948,831438.706701668,16036019503400.0,16243991366400.0,6400.0,0.0,139200.0,267480.9179569983,201402.4513758719,3089179864000.0,19376292685400.0,84400.0,0.0,139200.0,259967.19611753814,201402.4513758719,3089179864000.0,3132301319000.0,84400.0,0.0,139200.0,0.0,0.0,0.0,0.0,0.0,0.0,0.0,0.0,1202721.164283399,17716052133000.0,1117742.2707184167,16214180529600.0,263184.7206820042,19322727829800.0,255684.63390388645,3108547300200.0,6019.7361659179305,29818961600.0,6000.851345879081,29810836800.0,4296.197274994136,53564855600.0,4282.562213651702,23754018800.0,0.0,0.0,0.0,0.0,0.0,0.0,0.0,0.0,17745871094.6,11.06797057976274,20.738494112801533,16243991366.4,11.0638252594441,20.738494112801533,19376292685.4,0.09888112786792741,9.79581016947341,3132301319.0,0.0030766693006429534,9.706318705068231,139200,0.06559198074798545,0.0703192705346739,0.084661558577793,0.08463262920111125,0.04597701149425287,0.7736549138911395,0.7787111217486148,0.8236691417476076,-0.09187610921484324,0.6063218390804598,0.7736549138911395,0.7849272776151592,0.8236691417476076,0.8234912615840455,0.6063218390804598,0.9719093163846997,0.16165637925980458,0.16165637925980458
PATENTS,query2,1,inf,31367.494547443053,28917.44662811118,106449401779.0,108425963398.0,0.0,0.0,5056.0,25716.013619186284,23872.86506617372,79047593301.0,80543289794.0,482.0,0.0,5056.0,25753.274094515273,23872.86506617372,79047593301.0,161086579588.0,482.0,0.0,5056.0,25716.013619186284,23872.86506617372,79047593301.0,80543289794.0,482.0,0.0,5056.0,0.0,0.0,0.0,0.0,0.0,0.0,0.0,0.0,31104.06398230774,106522427450.0,25466.211292616328,78773478615.0,25502.653028036122,157546957230.0,25466.211292616328,78773478615.0,263.4305651353136,1903535948.0,249.80232656995568,1769811179.0,250.6210664791493,3539622358.0,249.80232656995568,1769811179.0,0.0,0.0,0.0,0.0,0.0,0.0,0.0,0.0,108425963.398,7.393637118845576,12.384795143033735,80543289.794,6.474753395163377,12.24404793227613,161086579.588,6.492166389000926,12.273793969514118,80543289.794,6.474753395163377,12.24404793227613,5056,0.1744476829788122,0.1801699820082524,0.2574162749630946,0.25715864291332935,0.09533227848101265,0.1744476829788122,0.17898211297801692,0.2574162749630946,-0.4856827141733413,0.09533227848101265,0.1744476829788122,0.1801699820082524,0.2574162749630946,0.25715864291332935,0.09533227848101265,0.998553175212121,0.5,0.5
PATENTS,query2,2,1,65107.46982276285,60006.35607096902,222770234451.0,226872028265.0,0.0,0.0,10450.0,51892.34306185334,48142.92117316439,162169748327.0,165195438647.0,1135.0,0.0,10450.0,51589.95542173477,47845.0570743063,158463098184.0,326620757391.0,1278.0,0.0,10450.0,51513.5354516222,47845.0570743063,158463098184.0,161425318744.0,1278.0,0.0,10450.0,0.0,0.0,0.0,0.0,0.0,0.0,0.0,0.0,64589.602058682576,223149518872.0,51415.24128353358,161874103561.0,51113.721964714685,319978087219.0,51038.83748608285,158103983658.0,517.8677640802667,3722509393.0,477.10177831975335,3321335086.0,476.2334570200744,6642670172.0,474.69796553934964,3321335086.0,0.0,0.0,0.0,0.0,0.0,0.0,0.0,0.0,226872028.265,6.96015928557297,14.162742548633116,165195438.647,5.373886121041479,13.945330684720801,326620757.391,5.287384892560271,13.932025791188122,161425318.744,5.278832905649909,13.893180076288086,10450,0.1977029713947943,0.20297404885927917,0.272031343295684,0.2718562975333305,0.10861244019138756,0.20266684719664785,0.20761848736904975,0.2886702365128805,-0.4396695788759273,0.12229665071770335,0.20266684719664785,0.2087922385579779,0.2886702365128805,0.2884741235907423,0.12229665071770335,0.998518704474779,0.494228597206872,0.494228597206872
PATENTS,query2,2,1/16,63401.311809912186,58659.17364165257,202017736273.0,205884132462.0,0.0,0.0,10205.0,52179.82306617777,48396.42615989852,159744128834.0,162841594451.0,1001.0,0.0,10205.0,51906.997395100436,48126.142182134325,156316923318.0,322193345483.0,1140.0,0.0,10205.0,51812.810326036946,48114.999725829344,155962875805.0,158991591631.0,1141.0,10.0,10205.0,0.0,0.0,0.0,0.0,0.0,0.0,0.0,0.0,62763.353877967784,200825173547.0,51591.122962692985,158272959689.0,51322.49953357697,313100664677.0,51230.425050039885,154467545587.0,637.9579319444015,5058958915.0,588.7001034847854,4568634762.0,584.4978615234627,9092680806.0,582.385275997057,4524046044.0,0.0,0.0,0.0,0.0,0.0,0.0,0.0,0.0,205884132.462,7.157840378745955,14.164170857942063,162841594.451,5.782491213403981,14.026161824265477,289057773.968,5.667885705764192,14.034066135903762,130596841.953,5.639538873014013,13.995689821489018,10205,0.1749555413863979,0.17699142846410387,0.20925691089753062,0.20906194905012587,0.0980891719745223,0.1795632431487063,0.18129458345079108,0.22622178526563352,-0.5649255803745206,0.11170994610485056,0.1797531956422932,0.1827801531712706,0.22797434184572296,0.22776180111721311,0.1118079372856443,0.9981854648931711,0.4934664041327599,0.4518018670117402
PATENTS,query2,2,1/4,66249.58150730799,61456.483184097335,209851724090.0,213707652599.0,0.0,0.0,10560.0,52351.67112000333,48843.54783995729,151795763524.0,154628526001.0,1214.0,0.0,10560.0,52011.72619638548,48503.46820538095,148511870195.0,305916753830.0,1340.0,0.0,10560.0,51940.19441719303,48503.46820538095,148511870195.0,151288227829.0,1340.0,0.0,10560.0,0.0,0.0,0.0,0.0,0.0,0.0,0.0,0.0,65783.50635583012,210472782147.0,51917.751381651324,151705680010.0,51578.20514122199,300071075643.0,51508.0246827357,148365395633.0,466.0751514778578,3234870452.0,433.91973835200776,2922845991.0,433.52105516349764,5845678187.0,432.1697344573283,2922832196.0,0.0,0.0,0.0,0.0,0.0,0.0,0.0,0.0,213707652.599,7.0407545520618156,13.978214817090524,154628526.001,5.384592867895482,13.803494143300158,305916753.83,5.283769587616666,13.806350409541908,151288227.829,5.2759043000167365,13.770537736343595,10560,0.2052336009263187,0.2097811045911524,0.2766522925544386,0.27644834370463933,0.11496212121212121,0.21076726665134238,0.21491238113484423,0.29230092895826254,-0.4314730900349213,0.1268939393939394,0.21076726665134238,0.2159921129243132,0.29230092895826254,0.2920785662604395,0.1268939393939394,0.9986246989972537,0.49454051121721787,0.4945405112172179
PATENTS,query2,2,inf,62812.124779538266,57804.29416038329,218114040795.0,222141455867.0,0.0,0.0,10051.0,51278.35340892765,47617.64640904963,157481955583.0,160438722951.0,989.0,0.0,10051.0,50946.92607906827,47305.384453712264,153241196655.0,316564251205.0,1116.0,0.0,10051.0,50872.70643241588,47305.384453712264,153241196655.0,156125528254.0,1116.0,0.0,10051.0,0.0,0.0,0.0,0.0,0.0,0.0,0.0,0.0,62296.93621363121,218408803464.0,50800.10046220602,157062669932.0,50468.94974960304,309812145167.0,50396.29102085024,152749475235.0,515.188565907047,3732652403.0,478.2529467216233,3376053019.0,477.97632946523026,6752106038.0,476.41541156562977,3376053019.0,0.0,0.0,0.0,0.0,0.0,0.0,0.0,0.0,222141455.867,7.026347880671645,14.144001328350468,160438722.951,5.532618310188962,13.926438515591704,316564251.205,5.391318625811402,13.90460692749497,156125528.254,5.383818974726837,13.865914020968509,10051,0.17622648800225593,0.18362332767905132,0.27798341175562646,0.277763250786213,0.09839816933638444,0.18162854263977068,0.18889981420171953,0.2974262633599658,-0.42505706541570776,0.11103372798726495,0.18162854263977068,0.1900814275751389,0.2974262633599658,0.29717968379807913,0.11103372798726495,0.998543196766431,0.49318748930022605,0.4931874893002261
PATENTS,query2,4,1,129705.30648709409,119903.52475125669,426682972302.0,434592320955.0,0.0,0.0,20538.0,104965.45523843073,97568.01587927411,318316231606.0,324311583237.0,2162.0,0.0,20538.0,102815.58718802543,95815.05524507002,293934832221.0,623805260252.0,2877.0,0.0,20538.0,102665.56500814801,95815.05524507002,293934832221.0,299493677015.0,2877.0,0.0,20538.0,0.0,0.0,0.0,0.0,0.0,0.0,0.0,0.0,128688.96353474726,427142102884.0,104012.8294626578,317485414088.0,101896.12000225672,610409689897.0,101749.25099222349,292924275809.0,1016.3429523468154,7450218071.0,952.6257757729178,6826169149.0,919.4671857686873,13395570355.0,916.3140159245147,6569401206.0,0.0,0.0,0.0,0.0,0.0,0.0,0.0,0.0,434592320.955,7.117989064661932,15.40375025604037,324311583.237,5.141868793907883,15.178394514537361,623805260.252,4.858574166314281,15.050143407634872,299493677.015,4.851370409234152,15.0038330266382,20538,0.1862790015415996,0.19073892902851297,0.25397484251914226,0.25375675639105244,0.10526828318239362,0.2008987605340118,0.20731394903834743,0.3111165635807065,-0.435380309714658,0.14008179959100203,0.2008987605340118,0.20847058775992777,0.3111165635807065,0.31086293389428943,0.14008179959100203,0.9985408615173975,0.4801076491307766,0.4801076491307766
PATENTS,query2,4,1/16,128919.17167333528,119043.82251870795,430662808197.0,438633760945.0,0.0,0.0,20660.0,103429.94613031832,96093.027403082,316330884026.0,322281391422.0,2223.0,0.0,20660.0,101724.0800208055,94650.07993659237,297399330733.0,625308168344.0,2885.0,0.0,20660.0,101518.42845869483,94616.65256767743,296337188194.0,301946298719.0,2888.0,15.0,20660.0,0.0,0.0,0.0,0.0,0.0,0.0,0.0,0.0,127883.71018933783,431144232572.0,102466.57493565831,315505061817.0,100771.9013181973,611800125442.0,100569.3800956908,295214585422.0,1035.4614839974377,7489528373.0,963.3711946599977,6776329605.0,952.1787026081943,13508042902.0,949.0483630040287,6731713297.0,0.0,0.0,0.0,0.0,0.0,0.0,0.0,0.0,438633760.945,6.915562560398395,15.263830079722235,322281391.422,5.027435387620257,15.016122376389271,511619031.944,4.838011262218972,14.920126333612,199236829.217,4.827872724961343,14.87336985486814,20660,0.19279282729701652,0.19771477905243917,0.26547898261672187,0.2652608619827359,0.10759922555663116,0.20491397256906851,0.21094683823627625,0.30943809153596724,-0.4255814851023447,0.13964181994191674,0.20519477142286613,0.21254203590502763,0.3119043888776085,0.31162093390056944,0.13978702807357213,0.9979783394249562,0.4828759866013627,0.38942419413124524
PATENTS,query2,4,1/4,129033.82052955515,118727.69669874758,448783393629.0,457101658829.0,0.0,0.0,20807.0,103830.56830436867,96300.41497913748,324104401701.0,330207626171.0,2157.0,0.0,20807.0,101558.81352353608,94495.17215450131,295960061852.0,631782483023.0,2871.0,0.0,20807.0,101406.06373748314,94495.17215450131,295960061852.0,301574856852.0,2871.0,0.0,20807.0,0.0,0.0,0.0,0.0,0.0,0.0,0.0,0.0,127925.11882568909,448952882378.0,102807.82258827654,322905773257.0,100555.8369720385,617307181859.0,100406.46058989593,294401408602.0,1108.7017038660429,8148776451.0,1022.745716092124,7301852914.0,1002.9765514975779,14475301164.0,999.6031475872024,7173448250.0,0.0,0.0,0.0,0.0,0.0,0.0,0.0,0.0,457101658.829,6.938715694864777,15.262164496285052,330207626.171,5.011059747554468,14.997920273822457,631782483.023,4.691556508717444,14.859564958646345,301574856.852,4.684140681285682,14.814562666437082,20807,0.18889679782566415,0.19532283956060714,0.27781552013279165,0.2776057146304748,0.10366703513240737,0.20410169840767978,0.2129287259205498,0.3405280452585906,-0.3821487426702763,0.13798240976594414,0.20410169840767978,0.21411252242774503,0.3405280452585906,0.3402455426992489,0.13798240976594414,0.9984959475130384,0.477339693574602,0.477339693574602
PATENTS,query2,4,inf,130246.07252256894,120382.74307332514,432646168401.0,440571433927.0,0.0,0.0,20638.0,104931.81514900642,97543.1000287605,320948409874.0,326904410656.0,2204.0,0.0,20638.0,102842.81616616886,95779.72311007371,299013468083.0,631502253279.0,2898.0,0.0,20638.0,102691.59424337228,95779.72311007371,299013468083.0,304597842623.0,2898.0,0.0,20638.0,0.0,0.0,0.0,0.0,0.0,0.0,0.0,0.0,129297.66545006067,433897050568.0,104047.60017281427,320854076219.0,101966.14211990697,619401584405.0,101817.71473126534,298547508186.0,948.4070725082597,6674383359.0,884.2149761921202,6050334437.0,876.6740462618747,12100668874.0,873.8795121069186,6050334437.0,0.0,0.0,0.0,0.0,0.0,0.0,0.0,0.0,440571433.927,7.128167268197199,15.3474552329902,326904410.656,5.110176045366786,15.149916350897476,631502253.279,4.9042946629729105,15.044325133229155,304597842.623,4.898392224712786,14.997525636399832,20638,0.18972522523974233,0.19435716473658804,0.258173460636019,0.25799907692116497,0.10679329392382983,0.20437331244616785,0.21039602826911852,0.3088729545713714,-0.4333708557773541,0.14042058338986335,0.20437331244616785,0.2115570761216008,0.3088729545713714,0.308630067301481,0.14042058338986335,0.9985295820511931,0.4823384889624892,0.4823384889624892
PATENTS,query2,8,1,255065.10241057148,235953.6867938994,832200027144.0,847599480044.0,0.0,0.0,41118.0,205849.06914922682,191589.037412985,615436924117.0,626954957445.0,4270.0,0.0,41118.0,197384.5969900999,184899.50471243937,522329640040.0,1159165837041.0,6785.0,0.0,41118.0,197094.59029058434,184899.50471243937,522329640040.0,532210879596.0,6785.0,0.0,41118.0,0.0,0.0,0.0,0.0,0.0,0.0,0.0,0.0,253004.76442381888,832726057945.0,203978.22047309804,613953682112.0,195597.40357118237,1133726744879.0,195313.39662817935,519773062767.0,2060.337986752583,14873422099.0,1870.8486761287377,13001275333.0,1787.1934189175302,25439092162.0,1781.193662404954,12437816829.0,0.0,0.0,0.0,0.0,0.0,0.0,0.0,0.0,847599480.044,6.852675019094518,16.098338716846964,626954957.445,4.573754552934663,15.823579394366433,1159165837.041,4.179029851263849,15.240143458669412,532210879.596,4.172845526136717,15.195149927675251,41118,0.18802270048726122,0.19295478995838056,0.2604699542859932,0.26031696313398645,0.1038474633980252,0.21637374170828183,0.22614032603968226,0.3723508495516805,-0.367586772210887,0.16501288973199085,0.21637374170828183,0.22727731693641706,0.3723508495516805,0.3720962646551267,0.16501288973199085,0.9985307531391109,0.4591326474515273,0.4591326474515274
PATENTS,query2,8,1/16,257877.75805215264,238403.28724057344,849479878658.0,865166400348.0,0.0,0.0,41247.0,206354.49370108027,191910.26147496607,622452153191.0,634136535789.0,4458.0,0.0,41247.0,199414.0121998382,185943.6354169799,564978227292.0,1209796699739.0,6866.0,0.0,41247.0,199120.68185479223,185943.6354169799,564978227292.0,575660163950.0,6866.0,28.0,41247.0,0.0,0.0,0.0,0.0,0.0,0.0,0.0,0.0,255829.61010246183,850437285590.0,204438.44158066122,620700093798.0,197558.26066517163,1183264441031.0,197271.13189370985,562564347233.0,2048.147949690802,14729114758.0,1916.0521204189936,13436441991.0,1855.751534666548,26532258708.0,1849.5499610823392,13095816717.0,0.0,0.0,0.0,0.0,0.0,0.0,0.0,0.0,865166400.348,6.969095929223376,16.112262413153044,634136535.789,4.563299655847129,15.825315374720287,892862881.164,4.238607416565513,15.33002307251483,279634443.882,4.233222325917894,15.284606023361002,41247,0.19501839216961436,0.19979724013519773,0.26725497704036993,0.2670351789737463,0.10808058767910393,0.22004584093950164,0.2267110831655782,0.334912760753619,-0.3983399023036236,0.16646059107329017,0.22004584093950164,0.22784856143148846,0.334912760753619,0.3346249187226301,0.16646059107329017,0.9985290384471477,0.4758321493802985,0.3131885643151035
PATENTS,query2,8,1/4,259206.20717572197,239451.4208260302,859958836950.0,875891149966.0,0.0,0.0,41236.0,206705.21868938196,192183.63280817238,625036286453.0,636796303025.0,4536.0,0.0,41236.0,197374.83091842142,184739.1232669626,526662886818.0,1173491340527.0,7142.0,0.0,41236.0,197080.27261578094,184739.1232669626,526662886818.0,536695037502.0,7142.0,0.0,41236.0,0.0,0.0,0.0,0.0,0.0,0.0,0.0,0.0,257087.9639775932,860233911158.0,204758.0563572521,622832911291.0,195518.88348040244,1146211859099.0,195230.76987222288,523378947808.0,2118.2431981287737,15657238808.0,1947.1623321298596,13963391734.0,1855.9474380189627,27279481428.0,1849.5027435580325,13316089694.0,0.0,0.0,0.0,0.0,0.0,0.0,0.0,0.0,875891149.966,7.017920055522264,16.239156105267156,636796303.025,4.445616553704014,15.922029861347522,1171563003.61,3.98865375399045,15.245019320515635,534817373.537,3.9812215159147804,15.20179784949442,41236,0.19740032385190776,0.20254525946112223,0.2731788318266435,0.27297324210922913,0.1100009700261907,0.22849017713207886,0.23854126384937846,0.3875719811358582,-0.33976846389251913,0.17319817635076146,0.22849017713207886,0.2396776498404778,0.3875719811358582,0.38725829399825173,0.17319817635076146,0.9985076197341382,0.45734895432715944,0.4564990289801219
PATENTS,query2,8,inf,255534.12065984568,236049.48233035533,846007752754.0,861751633937.0,0.0,0.0,41211.0,207626.24582563245,193162.09177481593,620270470731.0,632012542262.0,4185.0,0.0,41211.0,198527.64357449766,185944.43832054315,522515045537.0,1164544792520.0,6758.0,0.0,41211.0,198235.29789307612,185944.43832054315,522515045537.0,532532250258.0,6758.0,0.0,41211.0,0.0,0.0,0.0,0.0,0.0,0.0,0.0,0.0,253456.09895968004,846668986907.0,205699.0845891702,618400867691.0,196691.78830971965,1137974093113.0,196405.7248019169,519573225422.0,2078.021700165639,15082647030.0,1927.1612364622172,13611674571.0,1835.855264777976,26570699407.0,1829.5730911592248,12959024836.0,0.0,0.0,0.0,0.0,0.0,0.0,0.0,0.0,861751633.937,6.976615454365879,16.168275279935827,632012542.262,4.63367052222688,15.878261439618123,1164544792.52,4.148151278329492,15.217302336767425,532532250.258,4.14033001122914,15.171352275355677,41211,0.18168813645402437,0.1874813223005385,0.2668264933603266,0.26659548137485223,0.10155055689015069,0.21226500272383275,0.22308753499589284,0.3823755824505599,-0.35136940466205857,0.16398534371891,0.21226500272383275,0.22423159231656153,0.3823755824505599,0.3820351139630891,0.16398534371891,0.9985274308597137,0.4572879065524259,0.45728790655242596
PATENTS,query2,16,inf,512498.52880347153,474131.4462771446,1669567859389.0,1700492734257.0,0.0,0.0,82259.0,413257.60396244074,384807.7599605876,1224201467011.0,1247234651939.0,8596.0,0.0,82259.0,380184.6906778249,358469.62316122884,896301562193.0,2160761268033.0,16910.0,0.0,82259.0,379607.80662772147,358469.62316122884,896301562193.0,913526616094.0,16910.0,0.0,82259.0,0.0,0.0,0.0,0.0,0.0,0.0,0.0,0.0,508432.9725896643,1671060266320.0,409490.4442378446,1220744128920.0,376755.5834276749,2110342691680.0,376190.91146112356,889598562760.0,4065.556213807427,29432467937.0,3767.159724596278,26490523019.0,3429.107250150082,50418576353.0,3416.895166598036,23928053334.0,0.0,0.0,0.0,0.0,0.0,0.0,0.0,0.0,1700492734.257,7.255278826666793,16.659328946942107,1247234651.939,4.527882324730891,16.23647896943238,2160761268.033,3.5499754753322823,15.088290172896631,913526616.094,3.536997172956249,15.04825063582218,82259,0.18839435143549732,0.19364138483036863,0.266755489975105,0.2665451449376778,0.10449920373454577,0.24394463607948047,0.25817408380578044,0.4631535596756078,-0.2706677450033952,0.20557021116230442,0.24394463607948047,0.2592997144518825,0.4631535596756078,0.46278711005892703,0.20557021116230442,0.9984826215672311,0.4227799848178546,0.4227799848178546
PATENTS,query2,50,inf,1606858.941400909,1485284.222136205,5297456601400.0,5395431099000.0,0.0,0.0,257600.0,1293829.7568386763,1202832.9642329365,3923056214400.0,3996686446800.0,27200.0,0.0,257600.0,1065819.0641870562,1016765.1665096637,1986726135000.0,6021912539200.0,74800.0,0.0,257600.0,1063970.7382887797,1016765.1665096637,1986726135000.0,2025226092400.0,74800.0,0.0,257600.0,0.0,0.0,0.0,0.0,0.0,0.0,0.0,0.0,1594045.2136288048,5302800545400.0,1281924.5783042638,3912970877800.0,1056888.1438867461,5880159575000.0,1055078.3348440572,1967188697200.0,12813.727772104217,92630553600.0,11905.178534413688,83715569000.0,8930.920300311021,141752964200.0,8892.403444723332,58037395200.0,0.0,0.0,0.0,0.0,0.0,0.0,0.0,0.0,5395431099.0,7.489540284492804,18.045291212343404,3996686446.8,4.490014642284049,17.00632378373554,6021912539.2,2.1104231459850813,14.778581768138952,2025226092.4,2.0995985807783732,14.752704674063978,257600,0.19016647029147993,0.19480812938646896,0.25944533205553333,0.2592461337258567,0.10559006211180125,0.3154406736730129,0.3367065168409603,0.6249660385183802,-0.11611332416349707,0.29037267080745344,0.3154406736730129,0.3378567894944299,0.6249660385183802,0.6246405421106462,0.29037267080745344,0.9982658164407238,0.3363094497332317,0.33630944973323174
PATENTS,query3,1,inf,53704.214392347516,47043.11366384011,457668762675.0,461460881111.0,0.0,0.0,5920.0,48876.13613737441,42970.507928038714,404482301023.0,407853531717.0,390.0,0.0,5920.0,49064.81500181177,42970.507928038714,404482301023.0,815707063434.0,390.0,0.0,5920.0,48876.13613737441,42970.507928038714,404482301023.0,407853531717.0,390.0,0.0,5920.0,0.0,0.0,0.0,0.0,0.0,0.0,0.0,0.0,53312.844720964145,457563217152.0,48484.76646599104,403955867758.0,48671.64221545561,807911735516.0,48484.76646599104,403955867758.0,391.36967138336905,3897663959.0,391.36967138336905,3897663959.0,393.17278635615503,7795327918.0,391.36967138336905,3897663959.0,0.0,0.0,0.0,0.0,0.0,0.0,0.0,0.0,461460881.111,10.10144521523363,19.600233525905846,407853531.717,9.471120680220517,19.217962006069595,815707063.434,9.51420178279954,19.361698790282297,407853531.717,9.471120680220517,19.217962006069595,5920,0.08657177254259463,0.08990129191166563,0.11621169279968713,0.11616878393881724,0.06587837837837837,0.08657177254259463,0.08638799474174663,0.11621169279968713,-0.7676624321223655,0.06587837837837837,0.08657177254259463,0.08990129191166563,0.11621169279968713,0.11616878393881724,0.06587837837837837,0.9961544975879275,0.5,0.5
PATENTS,query3,2,1,104284.60214482289,91371.74688168266,888438358994.0,895777845481.0,0.0,0.0,11767.0,95827.04014402212,84302.89043669589,790765780242.0,797334121054.0,725.0,0.0,11767.0,91095.32186756586,79814.49424086348,748485510649.0,1552040296091.0,1302.0,0.0,11767.0,90726.47097643252,79814.49424086348,748485510649.0,754706175037.0,1302.0,0.0,11767.0,0.0,0.0,0.0,0.0,0.0,0.0,0.0,0.0,103490.31525385157,887834751834.0,95032.75325305082,789391027407.0,90312.03155844957,1536311017709.0,89946.85510496733,746919990302.0,794.2868909713064,7943093647.0,794.2868909713064,7943093647.0,783.2903091162802,15729278382.0,779.6158714651939,7786184735.0,0.0,0.0,0.0,0.0,0.0,0.0,0.0,0.0,895777845.481,9.863294791832944,21.87291653056812,797334121.054,9.031564699567083,21.642743357464113,1552040296.091,7.803341370244091,21.619430950693364,754706175.037,7.773247203356809,21.4533042847115,11767,0.07736370033660667,0.08110077448495723,0.10993737242794988,0.10989747616959578,0.061612985467833774,0.12648606418551533,0.12647389936762388,0.15752679623544386,-0.7326174161603773,0.11064842355740631,0.12648606418551533,0.1300108634404321,0.15752679623544386,0.15748510767002688,0.11064842355740631,0.995950934871611,0.4862671265287494,0.48626712652874937
PATENTS,query3,2,1/16,103249.79078980125,90283.0327659878,896165744334.0,903506997514.0,0.0,0.0,11683.0,95192.78351059293,83487.28154957108,807331456243.0,813970339310.0,677.0,0.0,11683.0,90242.93868951264,78801.79618673236,764420155115.0,1584652854082.0,1286.0,0.0,11683.0,89866.39204860311,78801.79618673236,764420155115.0,770682514772.0,1286.0,0.0,11683.0,0.0,0.0,0.0,0.0,0.0,0.0,0.0,0.0,102572.49604157936,896784756472.0,94515.48876237104,807248098268.0,89595.96478264878,1571561417050.0,89222.52775784452,764313318782.0,677.2947482218814,6722241042.0,677.2947482218814,6722241042.0,646.9739068638648,13091437032.0,643.8642907585881,6369195990.0,0.0,0.0,0.0,0.0,0.0,0.0,0.0,0.0,903506997.514,10.14866765333971,21.719668718675187,813970339.31,9.354111130431923,21.394958950255187,1584652854.082,8.073994685967346,21.38816708042072,770682514.772,8.04047024657415,21.219483036954113,11683,0.07527163198018827,0.07803412692245548,0.09912707404032572,0.09909902020721495,0.05794744500556364,0.12716937200165412,0.12597460973812835,0.14701029363369478,-0.7538910694019783,0.1100744671745271,0.12716937200165412,0.12962155795980668,0.14701029363369478,0.1470099103908068,0.1100744671745271,0.9958274115805885,0.4863415433776261,0.4863415433776261
PATENTS,query3,2,1/4,103349.74659979939,90508.8420198944,884763390141.0,892038635953.0,0.0,0.0,11731.0,95847.0642327936,84329.5509320246,792035121110.0,798572719183.0,650.0,0.0,11731.0,91263.1344948412,79911.55364201427,756265674758.0,1561061048538.0,1226.0,0.0,11731.0,90893.71059796766,79911.55364201427,756265674758.0,762488329355.0,1226.0,0.0,11731.0,0.0,0.0,0.0,0.0,0.0,0.0,0.0,0.0,102604.34368490486,884644570893.0,95101.66131789905,791178654123.0,90558.66519004956,1546743645154.0,90192.66167952168,755564991031.0,745.4029148945307,7394065060.0,745.4029148945307,7394065060.0,704.4693047916275,14317403384.0,701.0489184459738,6923338324.0,0.0,0.0,0.0,0.0,0.0,0.0,0.0,0.0,892038635.953,9.931696089708275,21.582052981586152,798572719.183,9.26345656322837,21.330658294768643,1561061048.538,8.092966177297443,21.362334384759524,762488329.355,8.06660953932697,21.194170779763922,11731,0.06827278915480484,0.07259507269097021,0.10480572553552692,0.10477787957036933,0.055408746057454605,0.11708566965811773,0.11694863802386568,0.1452339877699076,-0.7499926411486169,0.10450941948682976,0.11708566965811773,0.12052314022660515,0.1452339877699076,0.14522947928101382,0.10450941948682976,0.9959521015915311,0.4884423514820914,0.4884423514820914
PATENTS,query3,2,inf,102468.7154763543,89323.81197381509,901088093494.0,908592996166.0,0.0,0.0,11469.0,94895.09968794869,83201.35416955012,799352864610.0,806045543228.0,619.0,0.0,11469.0,89960.88269370463,78542.84763895092,754835371149.0,1567203328006.0,1208.0,0.0,11469.0,89588.00192517844,78542.84763895092,754835371149.0,761157784778.0,1208.0,0.0,11469.0,0.0,0.0,0.0,0.0,0.0,0.0,0.0,0.0,101692.87830348287,900809348307.0,94119.26251507727,798261895369.0,89207.40432250113,1551910622884.0,88838.12415431421,753648727515.0,775.8371728714269,7783647859.0,775.8371728714269,7783647859.0,753.4783712034939,15292705122.0,749.8777708642372,7509057263.0,0.0,0.0,0.0,0.0,0.0,0.0,0.0,0.0,908592996.166,9.841461853033543,22.000395730337715,806045543.228,9.092389112215251,21.72770205809013,1567203328.006,7.930079385052532,21.644236999670632,761157784.778,7.90347290222888,21.47618945400737,11469,0.06854228082047975,0.07391149340750047,0.11290264472313483,0.1128640143284404,0.053971575551486614,0.12069530057701261,0.12206489292369416,0.1623067970834018,-0.7248683784919598,0.10532740430726306,0.12069530057701261,0.12570386474834072,0.1623067970834018,0.16226760717959965,0.10532740430726306,0.9958550788146915,0.4856790252905116,0.48567902529051155
PATENTS,query3,4,1,208733.82545034902,182892.25284523517,1781285223456.0,1795940444209.0,0.0,0.0,23307.0,192926.19744056102,169749.5409540874,1594549737539.0,1607712345144.0,1352.0,0.0,23307.0,170257.60509924864,149641.39130117092,1375711475725.0,2994616663608.0,3996.0,0.0,23307.0,169513.88765676206,149641.39130117092,1375711475725.0,1386904318464.0,3996.0,0.0,23307.0,0.0,0.0,0.0,0.0,0.0,0.0,0.0,0.0,207236.09325574504,1781037471756.0,191428.46524595705,1592809372691.0,169023.20420993006,2967674306346.0,168286.37971258315,1374864933655.0,1497.7321946039838,14902972453.0,1497.7321946039838,14902972453.0,1234.4008893185767,26942357262.0,1227.5079441788953,12039384809.0,0.0,0.0,0.0,0.0,0.0,0.0,0.0,0.0,1795940444.209,10.208358081522427,22.934344856308716,1607712345.144,9.289501888864702,22.646519882497973,2994616663.608,6.460200389416266,22.44663230827744,1386904318.464,6.44362461188679,22.273756247356896,23307,0.07186040789966774,0.07573103197664588,0.1048318840004191,0.10480753951053356,0.05800832367958124,0.18180574095831925,0.18433150577337842,0.22768602264836457,-0.6674365084121385,0.17145063714763806,0.18180574095831925,0.18789450013177722,0.22768602264836457,0.2277559520773279,0.17145063714763806,0.9956318107373057,0.4631325055117465,0.46313250551174656
PATENTS,query3,4,1/16,206605.730691875,181035.0051037257,1746631578519.0,1761272887228.0,0.0,0.0,23255.0,191872.56507511626,168509.5562044303,1592720179917.0,1606121412719.0,1300.0,0.0,23255.0,169217.52492501546,148544.13595660846,1366693013794.0,2984156450653.0,3894.0,0.0,23255.0,168455.73395661186,148525.33255105675,1366692566050.0,1378034586130.0,3896.0,0.0,23255.0,0.0,0.0,0.0,0.0,0.0,0.0,0.0,0.0,204902.45619955685,1744196090653.0,190169.2905827981,1589044616144.0,167795.60537718688,2953062581287.0,167041.712857725,1364017513339.0,1703.2744923181583,17076796575.0,1703.2744923181583,17076796575.0,1421.9195478285951,31093869366.0,1414.0210988868582,14017072791.0,0.0,0.0,0.0,0.0,0.0,0.0,0.0,0.0,1761272887.228,10.163491779864911,23.304273590740365,1606121412.719,9.236630370959404,23.036906463332766,2941617661.503,6.40093110638079,22.811763872709268,1341004733.981,6.384919011563901,22.637836396064714,23255,0.06918799428938527,0.07131053706700574,0.08811898313009103,0.08809053703948566,0.0559019565684799,0.17947285459241047,0.18096403057967003,0.21752644885028172,-0.6943180538875209,0.16744786067512363,0.17957672072338848,0.184651203078964,0.21752670519741613,0.21759166559428733,0.167533863685229,0.9954981555915017,0.46178362593169514,0.45587322633078786
PATENTS,query3,4,1/4,206340.55081740834,181122.6628563553,1727818921255.0,1742213351740.0,0.0,0.0,23110.0,191194.69051645143,168645.5434882259,1540665243021.0,1553572982162.0,1280.0,0.0,23110.0,168207.6851135869,148150.0124244003,1326968590797.0,2891550233685.0,3907.0,0.0,23110.0,167489.01309938828,148150.0124244003,1326968590797.0,1337977251523.0,3907.0,0.0,23110.0,0.0,0.0,0.0,0.0,0.0,0.0,0.0,0.0,204816.388261985,1727026529655.0,189670.5279610281,1538386160077.0,166906.57030917943,2863608677651.0,166194.92274154813,1325222517574.0,1524.1625554233287,15186822085.0,1524.1625554233287,15186822085.0,1301.1148044074614,27941556034.0,1294.0903578401264,12754733949.0,0.0,0.0,0.0,0.0,0.0,0.0,0.0,0.0,1742213351.74,10.078780186645949,23.372183556422907,1553572982.162,9.189435903821636,23.04785943860499,2891550233.685,6.291605754514536,22.794592367302503,1337977251.523,6.276006396908385,22.626177342250887,23110,0.0688876762927495,0.07340224808433093,0.10831787748803046,0.10827627362033432,0.055387278234530504,0.1820459676992765,0.18480548565349808,0.2319978821431372,-0.6596992732245583,0.16906101254868022,0.1820459676992765,0.18828842689481795,0.2319978821431372,0.23202445315510722,0.16906101254868022,0.9957274721799226,0.4627196982214893,0.4627196982214893
PATENTS,query3,4,inf,204136.16432952989,178746.56394461892,1737825979427.0,1752344629553.0,0.0,0.0,22998.0,189304.39689921364,166447.40659197676,1559875449794.0,1572982937251.0,1285.0,0.0,22998.0,166897.4100726881,146441.92469571903,1354647502000.0,2938850709310.0,3860.0,0.0,22998.0,166169.7580826622,146441.92469571903,1354647502000.0,1365867772059.0,3860.0,0.0,22998.0,0.0,0.0,0.0,0.0,0.0,0.0,0.0,0.0,202483.50491232556,1735750110412.0,187651.7374820093,1556388418110.0,165513.61248167278,2908603713128.0,164793.63604584007,1352215295018.0,1652.6594172043287,16594519141.0,1652.6594172043287,16594519141.0,1383.7975910153089,30246996182.0,1376.1220368221423,13652477041.0,0.0,0.0,0.0,0.0,0.0,0.0,0.0,0.0,1752344629.553,10.103766666727635,23.02439481381205,1572982937.251,9.161277002184216,22.80948609517793,2938850709.31,6.3163749507539855,22.59221094831472,1365867772.059,6.301714643844926,22.418346635233718,22998,0.06880779737087872,0.07265624628066314,0.10239835963994182,0.1023552612180817,0.055874423862944604,0.18072872863116318,0.18242115197544595,0.22049300790942394,-0.6770963084240238,0.16784068179841724,0.18072872863116318,0.18598569426228573,0.22049300790942394,0.2205484303578944,0.16784068179841724,0.9956401241354855,0.4647625575984723,0.4647625575984723
PATENTS,query3,8,1,416353.72874888784,364736.9491955864,3546652071983.0,3576022843597.0,0.0,0.0,46846.0,384836.3140645663,338692.5578927072,3162741955843.0,3189062789830.0,2716.0,0.0,46846.0,308889.6855067119,273256.7840369919,2368001850015.0,5576253596189.0,11140.0,0.0,46846.0,307414.48542990326,273256.7840369919,2368001850015.0,2387190806359.0,11140.0,0.0,46846.0,0.0,0.0,0.0,0.0,0.0,0.0,0.0,0.0,413211.77157138183,3544664015487.0,381694.3568870603,3157703961720.0,306633.727700881,5523068156373.0,305173.0297509627,2365364194653.0,3141.9571775060153,31358828110.0,3141.9571775060153,31358828110.0,2255.9578058309144,53185439816.0,2241.4556789406106,21826611706.0,0.0,0.0,0.0,0.0,0.0,0.0,0.0,0.0,3576022843.597,10.243300768294866,23.687335291012843,3189062789.83,9.010717676785339,23.427628042637814,5576253596.189,5.02361597218536,22.74062389915827,2387190806.359,5.00091231538701,22.569140563136457,46846,0.07140595807559158,0.07569864878844501,0.10824577893408882,0.10820961461693857,0.057977201895572726,0.2508113459860608,0.2581075557197421,0.3323275579464987,-0.559345071347485,0.2378004525466422,0.2508113459860608,0.26165069698388177,0.3323275579464987,0.33244531403557653,0.2378004525466422,0.9952241847299347,0.4280993977731728,0.42809939777317285
PATENTS,query3,8,1/16,417241.19239833025,364979.6548659282,3594527434165.0,3624221757440.0,0.0,0.0,46717.0,385215.56533498835,338606.10437826,3196554600550.0,3223111420641.0,2721.0,0.0,46717.0,310142.29628401314,273801.93692133576,2422087905990.0,5664700990357.0,11012.0,0.0,46717.0,308644.1844481672,273776.2812775341,2423394566662.0,2442906219478.0,11015.0,0.0,46717.0,0.0,0.0,0.0,0.0,0.0,0.0,0.0,0.0,414143.4865659463,3593319737325.0,382117.8595026044,3192209400526.0,308009.0858214976,5613252938319.0,306525.2644849851,2422360187555.0,3097.705832383964,30902020115.0,3097.705832383964,30902020115.0,2133.21046251551,51448052038.0,2118.919963182117,20546031923.0,0.0,0.0,0.0,0.0,0.0,0.0,0.0,0.0,3624221757.44,10.237972088609736,23.380396364450956,3223111420.641,9.03754242889423,23.06204214977796,5090751891.734,5.082753848933545,22.41140991221078,1923154389.229,5.061231964190837,22.238314052032322,46717,0.072260330503508,0.07675566949479862,0.1107163155391101,0.11067488791920055,0.05824432219534645,0.2498158917326111,0.25668341972350694,0.3261734816741926,-0.5630116945046735,0.2357171907442687,0.24988618508584215,0.26027393730216375,0.32580996777815696,0.32595012585444894,0.23578140719652374,0.9951695984269298,0.43125069154339307,0.37777413437721863
PATENTS,query3,8,1/4,415418.8442951392,363215.20675983164,3586906078767.0,3616606893294.0,0.0,0.0,46652.0,383919.3575355246,337069.22262438876,3212064918690.0,3238767552591.0,2685.0,0.0,46652.0,307465.22134312615,271513.63168008113,2387601310046.0,5645719402841.0,11128.0,0.0,46652.0,305967.0273725182,271513.63168008113,2387601310046.0,2406951850250.0,11128.0,0.0,46652.0,0.0,0.0,0.0,0.0,0.0,0.0,0.0,0.0,412371.3903497271,3586150163985.0,380871.9035901125,3208310823282.0,305296.8258142803,5594259706171.0,303812.7166342139,2385948882889.0,3047.4539454120904,30456729309.0,3047.4539454120904,30456729309.0,2168.395528845857,51459696670.0,2154.3107383042916,21002967361.0,0.0,0.0,0.0,0.0,0.0,0.0,0.0,0.0,3616606893.294,10.384672593719587,23.3683293815798,3238767552.591,9.088248899305036,23.112391901072943,5645719402.841,5.2045996203070874,22.385383807771028,2406951850.25,5.186241171374214,22.218337164404257,46652,0.07198482786193294,0.07582584948225268,0.1045026415093232,0.10447343376013551,0.057553802623681725,0.2524717395447218,0.2598669377533488,0.3343563345080006,-0.5610542061702724,0.23853211009174313,0.2524717395447218,0.2634734038325417,0.3343563345080006,0.33447236006959224,0.23853211009174313,0.995127273373999,0.42633217815231667,0.42633217815231667
PATENTS,query3,8,inf,416740.4398628757,365155.11023871973,3543595253873.0,3572948664956.0,0.0,0.0,46644.0,385777.0578382357,339546.932420552,3166372680262.0,3192755789098.0,2610.0,0.0,46644.0,311059.58021636505,275206.2233807298,2384797420107.0,5596835409594.0,10978.0,0.0,46644.0,309582.67100151925,275206.2233807298,2384797420107.0,2404079620496.0,10978.0,0.0,46644.0,0.0,0.0,0.0,0.0,0.0,0.0,0.0,0.0,413609.84253722476,3541769456176.0,382646.4605125848,3161576580318.0,308873.86469368136,5544636844086.0,307411.37405877176,2383060263768.0,3130.597325650964,31179208780.0,3130.597325650964,31179208780.0,2185.7155226836685,52198565508.0,2171.2969427475136,21019356728.0,0.0,0.0,0.0,0.0,0.0,0.0,0.0,0.0,3572948664.956,10.321565629754245,23.91625890901679,3192755789.098,9.124012253889493,23.637056830019493,5596835409.594,5.197280225839199,22.96104923804683,2404079620.496,5.176248839826171,22.793853629943683,46644,0.0701295890434791,0.074298961806606,0.10645193555858601,0.10640871490457926,0.055955749935683044,0.24633062590630583,0.25358916375210394,0.32701190478779507,-0.5664471937390467,0.2353571734842638,0.24633062590630583,0.2571331183904678,0.32701190478779507,0.3271440913563739,0.2353571734842638,0.9952520053752452,0.42954266912601496,0.42954266912601496
PATENTS,query3,16,inf,829138.7745631677,725657.7737982962,7122515755464.0,7181289873793.0,0.0,0.0,93449.0,766156.0424115909,673358.6968897206,6372449825201.0,6425269858932.0,5247.0,0.0,93449.0,547464.6423865099,487644.55907131755,3987684966620.0,10444367734043.0,29599.0,0.0,93449.0,544492.526935231,487644.55907131755,3987684966620.0,4019097875111.0,29599.0,0.0,93449.0,0.0,0.0,0.0,0.0,0.0,0.0,0.0,0.0,823114.6854648606,7121361572970.0,760131.9533132839,6365341558109.0,544026.6259301363,10352127100909.0,541082.2168458219,3986785542800.0,6024.089098307302,59928300823.0,6024.089098307302,59928300823.0,3438.0164563737867,92240633134.0,3410.310089409166,32312332311.0,0.0,0.0,0.0,0.0,0.0,0.0,0.0,0.0,7181289873.793,10.355286251309822,23.19466220949689,6425269858.932,8.957503590740526,22.97910951473877,10444367734.043,3.4764683759446684,21.866558355525445,4019097875.111,3.4264964733154093,21.714134283039336,93449,0.07207126940131514,0.07596162920345784,0.1053091289671898,0.10527635399038515,0.0561482733897634,0.3279965065090542,0.3397189238014565,0.4401297092869372,-0.45438603894240437,0.3167396119808666,0.3279965065090542,0.34330350522794295,0.4401297092869372,0.4403376070672106,0.3167396119808666,0.9945711280306199,0.38481006964269465,0.3848100696426947
PATENTS,query3,50,inf,2595034.9563443433,2274112.849329412,22078323738600.0,22260672644800.0,0.0,0.0,291600.0,2399936.556713875,2111926.3227433898,19767004910000.0,19931006222600.0,16600.0,0.0,291600.0,1420694.8349243323,1291964.2994848546,8590646803200.0,28585153854200.0,128000.0,0.0,291600.0,1411475.8672022405,1291964.2994848546,8590646803200.0,8654147631600.0,128000.0,0.0,291600.0,0.0,0.0,0.0,0.0,0.0,0.0,0.0,0.0,2576095.8459961545,22071904737800.0,2380997.446365686,19742238315600.0,1414312.936072345,28340990615400.0,1405181.1920111629,8598752299800.0,18939.11034818792,188767907000.0,18939.11034818792,188767907000.0,6381.898851987327,244163238800.0,6294.675191077252,55395331800.0,0.0,0.0,0.0,0.0,0.0,0.0,0.0,0.0,22260672644.8,10.444219595885631,22.62838110693057,19931006222.6,8.934016677963344,22.5639839351855,28585153854.2,1.82344937139451,20.830983485628018,8654147631.6,1.7579561802357024,20.71794992218983,291600,0.07131859205397284,0.07518141486051722,0.10468724238149807,0.10465390958184728,0.05692729766803841,0.43188206343153657,0.45253344990555266,0.6109013118518236,-0.2841100675759396,0.438957475994513,0.43188206343153657,0.45608599076807677,0.6109013118518236,0.6112360228422131,0.438957475994513,0.9935109444368587,0.30274973070779715,0.30274973070779715
agnews,query1,1,inf,629.08244273735,88.95753418281674,8675057426.0,9301476507.0,0.0,0.0,1056.0,629.1016737681094,88.90288010798395,8674952656.0,9301476507.0,75.0,0.0,1056.0,633.4046695458912,88.90288010798395,8674952656.0,18602953014.0,75.0,0.0,1056.0,629.1016737681094,88.90288010798395,8674952656.0,9301476507.0,75.0,0.0,1056.0,515.282921269558,8559175707.0,515.3021523003175,8559175707.0,519.2617491343035,17118351414.0,515.3021523003175,8559175707.0,113.79952146779199,742300800.0,113.79952146779199,742300800.0,114.14292041158765,1484601600.0,113.79952146779199,742300800.0,0.0,0.0,0.0,0.0,0.0,0.0,0.0,0.0,0.0,0.0,0.0,0.0,0.0,0.0,0.0,0.0,9301476.507,0.8166292363375692,0.9857595034074997,9301476.507,0.8166354795508267,0.9857606789275457,18602953.014,0.8227373121736735,0.9926999697272226,9301476.507,0.8166354795508267,0.9857606789275457,1056,0.0006143838780476862,-3.056996897865538e-05,1.2077153482170644e-05,0.0,0.07102272727272728,0.0006143838780476862,-0.0068706842138746005,1.2077153482170644e-05,-1.0,0.07102272727272728,0.0006143838780476862,-3.056996897865538e-05,1.2077153482170644e-05,0.0,0.07102272727272728,0.9932065613269527,0.5,0.5
agnews,query1,2,1,1318.7410791789387,183.14162238687277,17458100778.0,18787149293.0,0.0,0.0,2269.0,1288.1769837568606,180.46252825390548,17289679590.0,18582435797.0,157.0,0.0,2269.0,957.6710807240353,132.7801233669743,12005460034.0,31547870304.0,352.0,0.0,2269.0,949.0770317061127,132.7801233669743,12005460034.0,12965434507.0,352.0,0.0,2269.0,1014.1539132596884,16821400829.0,1014.1881846757626,16821400829.0,692.2875514631413,28088789136.0,684.5077675726822,11267388307.0,304.5871659192504,1965748464.0,273.988799081098,1761034968.0,265.38352926089397,3459081168.0,264.56926413343064,1698046200.0,0.0,0.0,0.0,0.0,0.0,0.0,0.0,0.0,0.0,0.0,0.0,0.0,0.0,0.0,0.0,0.0,18787149.293,0.7050002772721721,1.0019305828096754,18582435.797,0.6858021859782217,0.9980032726513524,31547870.304,0.4862587422956058,0.9709013686400793,12965434.507,0.4812395144517981,0.9645154701819145,2269,0.014628537729713398,0.023176722030307517,0.009647165527434609,0.010896464003523731,0.06919347730277656,0.2749866380101932,0.27379900736823115,0.3123272578922903,-0.6792260396714143,0.15513442044953724,0.2749866380101932,0.28031586587336954,0.3123272578922903,0.3098774963250621,0.15513442044953724,0.9910260952941953,0.41097653762561887,0.4109765376256188
agnews,query1,2,1/16,1276.2033355765398,175.91902530472726,17251589009.0,18534070072.0,0.0,0.0,2059.0,1257.397496081372,174.26843237038702,17147939748.0,18408092536.0,101.0,416.0,2059.0,1248.9100668930887,173.444924258627,17095853923.0,20412717239.0,149.0,416.0,2059.0,1247.954013296137,173.444924258627,17095853923.0,18344780787.0,149.0,434.0,2059.0,1009.5344212890784,16795330624.0,1009.5583460020046,16795330624.0,1009.7542036623239,17250182183.0,1009.5437968227981,16795007643.0,266.6689142874614,1738739448.0,247.83915007936764,1612761912.0,239.1558632307647,3162535056.0,238.41021647333883,1549773144.0,0.0,0.0,0.0,0.0,0.0,0.0,0.0,0.0,0.0,0.0,0.0,0.0,0.0,0.0,0.0,0.0,18534070.072,0.720914453686987,0.9822517573646857,18408092.536,0.7076014760107606,0.9807664509644354,20218497.08,0.7047420707762283,0.9786787752137871,18259444.755,0.7044405443816213,0.9777556303543765,2059,0.009382685763981935,0.014735770524116343,0.006008099366726527,0.006797078866682349,0.04905293831957261,0.014063862858577192,0.02138630100909511,0.009027289365562519,-0.1013618249905146,0.07236522583778533,0.014063862858577192,0.022135439935706547,0.009027289365562519,0.010213044639664215,0.07236522583778533,0.9992344896383691,0.8986937198126149,0.9031059372391294
agnews,query1,2,1/4,1265.2228854190566,176.96554024796933,17216319797.0,18483300286.0,0.0,0.0,2078.0,1246.421143380525,175.2939660223201,17112633799.0,18357322750.0,127.0,0.0,2078.0,922.6922830271424,128.30216250941157,11889306927.0,31166296442.0,323.0,0.0,2078.0,914.2023870865831,128.30216250941157,11889306927.0,12808973692.0,323.0,0.0,2078.0,1014.3232756163118,16863873106.0,1014.3512977858741,16863873106.0,694.6568629009219,28210891538.0,686.8573050376864,11347018432.0,250.8996098027448,1619427180.0,232.06984559465104,1493449644.0,228.03542012622052,2955404904.0,227.3450820488968,1461955260.0,0.0,0.0,0.0,0.0,0.0,0.0,0.0,0.0,0.0,0.0,0.0,0.0,0.0,0.0,0.0,0.0,18483300.286,0.742227229310365,0.9908975539602287,18357322.75,0.7310997172888511,0.9870011418150964,29420952.666,0.519172752492953,0.9666550876991414,11063629.916,0.5138561723195372,0.9601619121483962,2078,0.00944576115387763,0.014860418867861491,0.006022541357419975,0.00681574903024329,0.06111645813282002,0.2749878743080104,0.2707274791970461,0.30941646837486425,-0.6861867718291963,0.1554379210779596,0.2749878743080104,0.2774376770905558,0.30941646837486425,0.3069974791405604,0.1554379210779596,0.9907987786429666,0.41098799518374934,0.3760459439094085
agnews,query1,2,inf,1238.719876960633,174.58803702518344,17060081344.0,18294376724.0,0.0,0.0,2069.0,1231.6834450247861,173.92647675331682,17021130251.0,18247135148.0,97.0,0.0,2069.0,926.8750828719532,129.5032837819308,12075010746.0,31242168795.0,275.0,0.0,2069.0,918.4359350442867,129.5032837819308,12075010746.0,12995033647.0,275.0,0.0,2069.0,1012.2313943677149,16814257616.0,1012.2561240099029,16814257616.0,709.1603091787857,28392160923.0,701.3835910271445,11577903307.0,226.48848259291827,1480119108.0,219.4273210148831,1432877532.0,217.71477369316756,2850007872.0,217.05234401714227,1417130340.0,0.0,0.0,0.0,0.0,0.0,0.0,0.0,0.0,0.0,0.0,0.0,0.0,0.0,0.0,0.0,0.0,18294376.724,0.7235625946564544,0.9613324588304354,18247135.148,0.7200994422685719,0.9602182027871892,31242168.795,0.5181295749004436,0.9427749735677761,12995033.647,0.5128799343750166,0.9364263172866105,2069,0.0037892646205260894,0.00568040609238607,0.0022831715872033698,0.0025823003818449264,0.04688255195746738,0.2582350658811141,0.2517476306700053,0.29220673087547966,-0.707747099906064,0.13291445142580957,0.2582350658811141,0.25856042828844106,0.29220673087547966,0.2896705997120911,0.13291445142580957,0.9908950537309542,0.415945312000226,0.415945312000226
agnews,query1,4,1,2487.564149214273,351.74730568099767,34339322146.0,36817269175.0,0.0,0.0,4192.0,2459.387976040554,349.16356789972633,34183646830.0,36628302871.0,295.0,0.0,4192.0,1346.4547705260763,190.84456073585898,16693151639.0,54655088570.0,1023.0,0.0,4192.0,1329.5191452048696,190.84456073585898,16693151639.0,18026785699.0,1023.0,0.0,4192.0,2042.9547866761047,33949565215.0,2043.0232598145262,33949565215.0,971.2699650333487,49581062714.0,955.5713623836464,15631497499.0,444.60936253816834,2867703960.0,416.3647162260277,2678737656.0,375.18480549272755,5074025856.0,373.9477828212232,2395288200.0,0.0,0.0,0.0,0.0,0.0,0.0,0.0,0.0,0.0,0.0,0.0,0.0,0.0,0.0,0.0,0.0,36817269.175,0.6378454482399984,1.0438438445351084,36628302.871,0.6285431970423135,1.0412788926066523,54655088.57,0.19147640392712295,0.9923255270039553,18026785.699,0.18703224630080528,0.985820660798567,4192,0.00734543730553705,0.01132681269048641,0.004533441730099286,0.005132545358043972,0.07037213740458015,0.45743845751319734,0.4587256087641518,0.5138764950564263,-0.48449599317682157,0.24403625954198474,0.45743845751319734,0.46553372477858945,0.5138764950564263,0.5103714614651346,0.24403625954198474,0.9874220614818054,0.3298281307496562,0.3298281307496562
agnews,query1,4,1/16,2550.738380655809,355.3605113653466,34474755862.0,37034233404.0,0.0,0.0,4229.0,2506.075525503019,351.4244551695883,34228562019.0,36735036756.0,258.0,833.0,4229.0,2479.002233752093,348.7757280562073,34062095994.0,40506639465.0,502.0,833.0,4229.0,2467.75370512164,347.98228903114796,34010331828.0,36471355763.0,509.0,875.0,4229.0,2024.2368290050988,33628942140.0,2024.2946638465314,33628942140.0,2024.0403134859964,34483416537.0,2023.641391059798,33617216219.0,526.5015516507101,3405291264.0,481.78086165648745,3106094616.0,454.9619202660965,6023222928.0,444.1123140618418,2854139544.0,0.0,0.0,0.0,0.0,0.0,0.0,0.0,0.0,0.0,0.0,0.0,0.0,0.0,0.0,0.0,0.0,37034233.404,0.6748664818129645,1.092285449801006,36735036.756,0.657204473416271,1.08524482898935,39799411.66,0.6540372089978665,1.0761793451553239,36066291.664,0.6523109063602367,1.0716841244736555,4229,0.011076234049290923,0.01750977500926887,0.007141278794997041,0.00807892105490926,0.0610073303381414,0.01852986783432864,0.02812367879346067,0.011969914149699834,-0.09376206125613917,0.11870418538661621,0.0207626399057409,0.03253358955332508,0.013471423433977447,0.015198846830705715,0.12035942303144952,0.9954624774123628,0.9003796968769352,0.9062016286097029
agnews,query1,4,1/4,2492.4841848443343,349.9546422250569,33837763256.0,36332187217.0,0.0,0.0,4252.0,2450.170474570545,346.22379686683416,33604526892.0,36048737761.0,245.0,0.0,4252.0,1460.5023450557342,205.14444808196276,18022972130.0,55526250043.0,942.0,0.0,4252.0,1443.8344451826397,205.14444808196276,18022972130.0,19477512282.0,942.0,0.0,4252.0,1994.9893612360368,33120344749.0,1995.0426204304586,33120344749.0,1041.7476797684685,49921419091.0,1026.4320076075328,16801074342.0,497.49482360829757,3211842468.0,455.1278541400866,2928393012.0,418.7546652872656,5604830952.0,417.4024375751072,2676437940.0,0.0,0.0,0.0,0.0,0.0,0.0,0.0,0.0,0.0,0.0,0.0,0.0,0.0,0.0,0.0,0.0,36332187.217,0.6557674865263934,1.018175540000367,36048737.761,0.6342784290273688,1.013835221160177,49100177.851,0.273475685388047,0.9648197009788175,13051473.834,0.2688378586838756,0.9586097385374361,4252,0.01066093975636817,0.016976521067246786,0.006892783138041536,0.007801607272005184,0.05761994355597366,0.41379703730281203,0.4140374675448749,0.46737105541973945,-0.5282936232646904,0.2215428033866416,0.41379703730281203,0.4207247315902978,0.46737105541973945,0.4639047694633044,0.2215428033866416,0.988587556925519,0.35078025739026947,0.2658131682049332
agnews,query1,4,inf,2515.0921524655205,353.9563342630863,34221996746.0,36737162467.0,0.0,0.0,4182.0,2477.494408268048,350.6057091895491,34014606524.0,36485207395.0,267.0,0.0,4182.0,1325.2958493877857,187.27397443167865,15996681439.0,53800996076.0,1006.0,0.0,4182.0,1308.426560336382,187.27397443167865,15996681439.0,17315788681.0,1006.0,0.0,4182.0,2018.5157851449662,33523020283.0,2018.5775693636815,33523020283.0,916.8171947625971,48223060076.0,901.315955593245,14700039793.0,496.57636732055414,3214142184.0,458.9168389043666,2962187112.0,408.47865462518854,5577936000.0,407.11060474313695,2615748888.0,0.0,0.0,0.0,0.0,0.0,0.0,0.0,0.0,0.0,0.0,0.0,0.0,0.0,0.0,0.0,0.0,36737162.467,0.6379925863326782,1.0630709144332473,36485207.395,0.6291902968916724,1.0596343412572538,53800996.076,0.18190232837961265,0.9938324875414662,17315788.681,0.17739628914109482,0.9874095637125969,4182,0.009466210233284866,0.014948853528335193,0.006060143817418817,0.00685831607779519,0.06384505021520803,0.4709122106217687,0.47306270742858825,0.5325614236442895,-0.4644842568973033,0.24055475848876134,0.4709122106217687,0.4797699324640077,0.5325614236442895,0.5286574270249014,0.24055475848876134,0.987271303189249,0.32184884935103225,0.32184884935103225
agnews,query1,8,1,4997.850852581703,700.3662487538531,68340929931.0,73336305583.0,0.0,0.0,8474.0,4927.353833833646,694.0880230432376,67952081436.0,72863889823.0,495.0,0.0,8474.0,2043.4527472839516,287.44450636953115,23222758044.0,98121294383.0,2716.0,0.0,8474.0,2009.772788014339,287.44450636953115,23222758044.0,25257404560.0,2716.0,0.0,8474.0,4035.851052640372,67103652787.0,4035.9656496726657,67103652787.0,1300.1715783506215,87608640599.0,1269.1478147945545,20504987812.0,961.999799941332,6232652796.0,891.3881841609804,5760237036.0,743.2811689333304,10512653784.0,740.6249732197847,4752416748.0,0.0,0.0,0.0,0.0,0.0,0.0,0.0,0.0,0.0,0.0,0.0,0.0,0.0,0.0,0.0,0.0,73336305.583,0.5635084459444394,1.1943501920520267,72863889.823,0.561702624745048,1.18535500027591,98121294.383,0.017645517001910235,1.1014013373489826,25257404.56,0.01323724173874593,1.0945819320968084,8474,0.008964203688835992,0.01410546669507784,0.005689833243308184,0.0064417720015270685,0.05841397215010621,0.5895797279195348,0.5911337077559287,0.6601925366329268,-0.3379634221136083,0.3205097946660373,0.5895797279195348,0.5978725961827842,0.6601925366329268,0.6555948058848646,0.3205097946660373,0.9835181120217348,0.25741002214475445,0.25741002214475445
agnews,query1,8,1/16,5036.756369378351,697.9054203014821,68444821198.0,73497449344.0,0.0,0.0,8156.0,4933.300905431261,688.8661894053221,67874833873.0,72804572896.0,494.0,1659.0,8156.0,4838.028600952438,679.5010551540181,67282709620.0,79554633422.0,1455.0,1659.0,8156.0,4782.265963358319,675.0638710986823,66989092174.0,71740328074.0,1489.0,1731.0,8156.0,4018.839486422261,66925374412.0,4018.947725619685,66925374412.0,4015.2533376713063,68426124134.0,4013.9845222052277,66837455494.0,1017.9168829560911,6572074932.0,914.3531798115753,5879198484.0,822.7752632811317,11128509288.0,768.2814411530915,4902872580.0,0.0,0.0,0.0,0.0,0.0,0.0,0.0,0.0,0.0,0.0,0.0,0.0,0.0,0.0,0.0,0.0,73497449.344,0.5911384580043564,1.2417147550779581,72804572.896,0.5773499129180556,1.2316321612927488,77445327.298,0.5736346046524177,1.2048444446968807,70476137.793,0.5713743023666086,1.1829674636430192,8156,0.01295194253148979,0.0205400969115882,0.008327691051323138,0.009427217599852211,0.0605689063266307,0.02637085858928223,0.03945550545865306,0.016978809465192368,-0.0824135277082847,0.1783962726826876,0.03272871729944826,0.05052664599130541,0.02126865113415677,0.023907241485019548,0.18256498283472292,0.9884740992264615,0.901774352895968,0.9100114913559159
agnews,query1,8,1/4,5132.363055941901,717.0384139083326,69346798829.0,74491242275.0,0.0,0.0,8649.0,5035.98668532952,708.5455438336357,68815538847.0,73845607403.0,557.0,0.0,8649.0,2606.5891743613847,368.42363712750375,31644520646.0,108077400758.0,2568.0,0.0,8649.0,2572.4524190115335,368.42363712750375,31644520646.0,34231793355.0,2568.0,0.0,8649.0,4067.177742803776,67604223503.0,4067.303913757875,67604223503.0,1821.1620451011997,96838661126.0,1789.904297115179,29234437623.0,1065.1853131381254,6887018772.0,968.6827715716447,6241383900.0,785.427129260185,11238739632.0,782.5481218963546,4997355732.0,0.0,0.0,0.0,0.0,0.0,0.0,0.0,0.0,0.0,0.0,0.0,0.0,0.0,0.0,0.0,0.0,74491242.275,0.5810623305405854,1.2544205703993567,73845607.403,0.5728994663236074,1.2478891845044726,93721755.682,0.1119381649928237,1.1436553776515404,19889479.207,0.1077239130652629,1.136598646244536,8649,0.011844372504961176,0.01877816700843149,0.007660915730371531,0.008667258757969254,0.06440050872933287,0.4861870298979496,0.4921268924372657,0.5436772687369291,-0.45087392097731005,0.2969129379118973,0.4861870298979496,0.4987781669043613,0.5436772687369291,0.5404588202647209,0.2969129379118973,0.9869036687155678,0.3167340546211843,0.21221838048452105
agnews,query1,8,inf,5051.913688441768,710.1307759135962,68735527078.0,73786375168.0,0.0,0.0,8696.0,4981.4203389082,703.82450966537,68346632697.0,73313959408.0,528.0,0.0,8696.0,2071.6907972977065,293.65692760795355,23237705107.0,98616544489.0,2809.0,0.0,8696.0,2037.803383562691,293.65692760795355,23237705107.0,25302585081.0,2809.0,0.0,8696.0,4056.4372919852094,67349125816.0,4056.555558231994,67349125816.0,1297.3166227764768,87710444785.0,1266.1799786269273,20361318969.0,995.4763964565582,6437249352.0,924.8647806762066,5964833592.0,774.3741745212294,10906099704.0,771.6234049357636,4941266112.0,0.0,0.0,0.0,0.0,0.0,0.0,0.0,0.0,0.0,0.0,0.0,0.0,0.0,0.0,0.0,0.0,73786375.168,0.5742520264499241,1.21065484982779,73313959.408,0.5670371143971717,1.2059918671660101,98616544.489,0.020323797431642053,1.1250606968206434,25302585.081,0.01589883325357525,1.1181796515353393,8696,0.008880429439370618,0.013953791351354328,0.0056578366025867854,0.006402479575997377,0.06071757129714812,0.5864748612955711,0.5899195977877629,0.6619258468676581,-0.33651428552311446,0.32302207911683534,0.5864748612955711,0.5966274348223793,0.6619258468676581,0.6570832349008882,0.32302207911683534,0.9836426295954889,0.2565754581253081,0.2565754581253081
agnews,query1,16,inf,10106.795591613061,1410.8737725336105,137157751919.0,147280704760.0,0.0,0.0,17128.0,9951.694143012335,1397.0795217566192,136302321530.0,146241390088.0,1063.0,0.0,17128.0,3047.118757824384,440.36805992759764,32232677058.0,181482228079.0,7203.0,0.0,17128.0,2979.5425781465533,440.36805992759764,32232677058.0,35240837991.0,7203.0,0.0,17128.0,8061.55184139257,134037238432.0,8061.795947508617,134037238432.0,1780.9865226839024,161278425031.0,1719.029636870016,27241186599.0,2045.243750220492,13243466328.0,1889.8981955037186,12204151656.0,1266.132235140482,20203803048.0,1260.5129412765377,7999651392.0,0.0,0.0,0.0,0.0,0.0,0.0,0.0,0.0,0.0,0.0,0.0,0.0,0.0,0.0,0.0,0.0,147280704.76,0.5273961969207022,1.3163966516161276,146241390.088,0.5270420693335067,1.3107795548500119,181482228.079,0.009709172388625667,1.1238123096421897,35240837.991,0.005418852032590377,1.1171967304721686,17128,0.009777097742925567,0.015346253636457696,0.006236835884457892,0.007056692685532773,0.06206212050443718,0.687875649473024,0.6985079266515513,0.7649955864176357,-0.2322199868253807,0.4205394675385334,0.687875649473024,0.7051941388209066,0.7649955864176357,0.7607233204890864,0.4205394675385334,0.977822925508135,0.1941834104861194,0.19418341048611937
agnews,query1,50,inf,31403.90083633127,4410.545139759779,428329809200.0,459722206000.0,0.0,0.0,53000.0,30933.886549437473,4368.756428919733,425737624200.0,456572767600.0,3200.0,0.0,53000.0,5994.551070324674,971.7830095440149,61121226400.0,523316954200.0,29600.0,0.0,53000.0,5783.665817091162,971.7830095440149,61121226400.0,66744186600.0,29600.0,0.0,53000.0,25285.071674460498,420135948400.0,25285.801492769042,420135948400.0,3634.551881858416,472489384600.0,3440.4021575505258,52353436200.0,6118.829161870775,39586257600.0,5648.085056668431,36436819200.0,2359.999188466261,50827569600.0,2343.2636595406407,14390750400.0,0.0,0.0,0.0,0.0,0.0,0.0,0.0,0.0,0.0,0.0,0.0,0.0,0.0,0.0,0.0,0.0,459722206.0,0.47413544588981377,1.4551074056912046,456572767.6,0.47395522230563863,1.4551407038432456,523316954.2,0.006774104026050769,0.5444981262054673,66744186.6,0.003039671353930723,0.5418841028691179,53000,0.009474726936435474,0.014966748536858088,0.006051843566156401,0.006850742380715036,0.06037735849056604,0.7796682771062302,0.8091144440441755,0.8573033557618666,-0.1383329919025056,0.5584905660377358,0.7796682771062302,0.815829700672089,0.8573033557618666,0.8548162657167794,0.5584905660377358,0.9648205093660017,0.12754065402301465,0.12754065402301465
agnews,query2,1,inf,80.98036972526948,51.134440660476685,249715261.0,274566645.0,0.0,0.0,3255.0,78.25346359025015,48.85558311827481,247184658.0,271122185.0,223.0,0.0,3255.0,78.3788885823404,48.85558311827481,247184658.0,542244370.0,223.0,0.0,3255.0,78.25346359025015,48.85558311827481,247184658.0,271122185.0,223.0,0.0,3255.0,44.87975052369365,170005141.0,42.22204450001354,166560681.0,42.29909784810812,333121362.0,42.22204450001354,166560681.0,36.100619201575824,104561504.0,36.03141909023662,104561504.0,36.07979073423227,209123008.0,36.03141909023662,104561504.0,0.0,0.0,0.0,0.0,0.0,0.0,0.0,0.0,0.0,0.0,0.0,0.0,0.0,0.0,0.0,0.0,274566.645,0.026802099015360646,0.049387611087907055,271122.185,0.02616417872827067,0.048943287624180695,542244.37,0.02621237362978999,0.049058947866089095,271122.185,0.02616417872827067,0.048943287624180695,3255,0.04456600116803999,0.03367366862204402,0.01013395412785767,0.012545078081134031,0.06850998463901689,0.04456600116803999,0.03212483657156373,0.01013395412785767,-0.9749098438377319,0.06850998463901689,0.04456600116803999,0.03367366862204402,0.01013395412785767,0.012545078081134031,0.06850998463901689,0.9983997605176745,0.5,0.5
agnews,query2,2,1,144.23517175709682,100.14563459157944,278724779.0,308923839.0,0.0,0.0,6689.0,140.93279548206468,97.04210553131998,276090103.0,305479379.0,453.0,0.0,6689.0,135.62667016277481,90.47836403083056,274476956.0,610741953.0,1632.0,0.0,6689.0,135.5001700460545,90.47836403083056,274476956.0,305262574.0,1632.0,0.0,6689.0,79.64653268571746,134934396.0,76.4450701243468,131489936.0,74.94022127393754,262776700.0,74.88105127808032,131286764.0,64.58863907137938,173989443.0,64.48772535771788,173989443.0,60.686448888837276,347965253.0,60.61911876797418,173975810.0,0.0,0.0,0.0,0.0,0.0,0.0,0.0,0.0,0.0,0.0,0.0,0.0,0.0,0.0,0.0,0.0,308923.839,0.010645692384133066,0.06258632268284628,305479.379,0.010297386670222196,0.06224031284528965,610741.953,0.008003182460748656,0.06197790540152217,305262.574,0.00800789695853117,0.06186181684427947,6689,0.030990158212252372,0.022895776632024245,0.009452607728141715,0.011149867912912947,0.06772312752279862,0.09653212144667689,0.059683789255088104,0.015240205823250474,-0.9769984568915058,0.24398265809538047,0.09653212144667689,0.060560829960065066,0.015240205823250474,0.011851675195581168,0.24398265809538047,0.9990672917312761,0.4998225068714086,0.49982250687140867
agnews,query2,2,1/16,162.87676398255246,104.46555407252163,565938305.0,612875898.0,0.0,0.0,6547.0,159.11386444065593,101.21916421316564,562363450.0,608053654.0,413.0,20.0,6547.0,153.41060378026822,94.4466020166874,560796864.0,623658884.0,1535.0,20.0,6547.0,153.41737748611158,94.4466020166874,560796864.0,607816620.0,1535.0,20.0,6547.0,99.35545349294388,455934500.0,95.66041325887635,451112256.0,93.79404897289011,465651534.0,93.78874667387434,450875222.0,63.521310489608595,156941398.0,63.45345118177959,156941398.0,59.6165548073781,158007350.0,59.62863081223722,156941398.0,0.0,0.0,0.0,0.0,0.0,0.0,0.0,0.0,0.0,0.0,0.0,0.0,0.0,0.0,0.0,0.0,612875.898,0.011193323096988672,0.07361131345357924,608053.654,0.010796688134155318,0.07322573908593685,623658.884,0.008575670621031758,0.07282803085809576,607816.62,0.008579888683174197,0.07282575339730663,6547,0.03107617518691652,0.023102740071012318,0.006316686763232937,0.007868222613642395,0.06308232778371774,0.0959067526591485,0.058118542945132856,0.009084808281354939,-0.017594077422832477,0.2344585306247136,0.0959067526591485,0.058076955025053056,0.009084808281354939,0.008254979542367313,0.2344585306247136,1.0000441540915455,0.9745978700753984,0.9745978700753986
agnews,query2,2,1/4,148.42395772529187,102.94970879424363,432498717.0,463517618.0,0.0,0.0,6504.0,144.97712084710454,100.113494919613,428937076.0,458695374.0,329.0,14.0,6504.0,139.12310368552647,93.11332004982978,427312586.0,473608199.0,1531.0,14.0,6504.0,139.13122826143038,93.11332004982978,427312586.0,458512431.0,1531.0,14.0,6504.0,95.69048460453789,375963260.0,92.31225058826026,371141016.0,90.30032696739599,385110586.0,90.29565892001612,370971706.0,52.73347312075397,87554358.0,52.6648702588443,87554358.0,48.822776718130484,88497613.0,48.835569341414256,87540725.0,0.0,0.0,0.0,0.0,0.0,0.0,0.0,0.0,0.0,0.0,0.0,0.0,0.0,0.0,0.0,0.0,463517.618,0.01133335212690937,0.06152678742742346,458695.374,0.010911903061244869,0.06106546571062126,473608.199,0.008586677442365387,0.06058065788442142,458512.431,0.008591070586968837,0.06057869753148172,6504,0.02754950847213289,0.02322291448774627,0.008235032521495267,0.010403582976645342,0.05058425584255843,0.09554557132427599,0.0626641020917913,0.011991089906516428,-0.021769573815854315,0.23539360393603936,0.09554557132427599,0.06260936311279874,0.011991089906516428,0.010798267003520934,0.23539360393603936,1.0000583984664566,0.9681260416693082,0.968126041669308
agnews,query2,2,inf,150.14387180465542,99.39312054030597,471881494.0,509798631.0,0.0,0.0,6421.0,148.02915570542024,97.27629911247641,470246502.0,507731955.0,385.0,0.0,6421.0,142.71342916658222,90.6791864586994,468701587.0,1015280967.0,1496.0,0.0,6421.0,142.4925094209611,90.6791864586994,468701587.0,507549012.0,1496.0,0.0,6421.0,88.64121441617523,370406066.0,86.65046326309043,368339390.0,85.37312781473825,736509470.0,85.20424962084914,368170080.0,61.50265738848019,139392565.0,61.378692442329815,139392565.0,57.34030135184395,278771497.0,57.288259800111966,139378932.0,0.0,0.0,0.0,0.0,0.0,0.0,0.0,0.0,0.0,0.0,0.0,0.0,0.0,0.0,0.0,0.0,509798.631,0.01103743814237597,0.06736697832297714,507731.955,0.010724282196323345,0.06723661404306248,1015280.967,0.008503114981779086,0.06697227521460908,507549.012,0.008507289766294971,0.06679391281445582,6421,0.021297464214046324,0.014084598151208771,0.0034648360251228194,0.004053906531577223,0.059959507864818566,0.08767140053795663,0.04948881728413512,0.006738783021654204,-0.9915333334820196,0.23298551627472355,0.08767140053795663,0.050960204314226765,0.006738783021654204,0.004412759986403336,0.23298551627472355,0.998452004503632,0.49990990523512885,0.4999099052351289
agnews,query2,4,1,309.6506264210645,214.2676645712927,814841555.0,881712506.0,0.0,0.0,13536.0,301.69137793860557,207.60306922905147,806667942.0,870690234.0,845.0,0.0,13536.0,276.40749813274493,177.81855284888297,800262754.0,1740140766.0,5206.0,0.0,13536.0,276.0595183780819,177.81855284888297,800262754.0,869450532.0,5206.0,0.0,13536.0,190.10719099557429,637177062.0,182.36790684140402,626154790.0,173.50841051424564,1251124410.0,173.2254291491255,624969620.0,119.54343542549023,244535444.0,119.32347109720153,244535444.0,102.89908761849928,489016356.0,102.83408922895643,244480912.0,0.0,0.0,0.0,0.0,0.0,0.0,0.0,0.0,0.0,0.0,0.0,0.0,0.0,0.0,0.0,0.0,881712.506,0.009878048883082295,0.07842694916946989,870690.234,0.009626495740213091,0.0781246307609434,1740140.766,0.0048896237373993266,0.07728773874320093,869450.532,0.004897212568834382,0.07710812250980005,13536,0.03110406488807249,0.025703963768624494,0.010030923128362068,0.012500981810957823,0.062426122931442084,0.17011018342565687,0.10735689015889593,0.017891577706784956,-0.9735920202542754,0.38460401891252954,0.17011018342565687,0.10848067201164069,0.017891577706784956,0.013906997934766685,0.38460401891252954,0.9987410625362417,0.4996437926102813,0.49964379261028125
agnews,query2,4,1/16,299.63194120405734,200.50947843212634,897619613.0,969620521.0,0.0,0.0,13133.0,293.5072200368504,194.90175953600556,892323583.0,962731601.0,806.0,32.0,13133.0,269.55392032380865,166.87105582095683,885863784.0,990107355.0,5142.0,32.0,13133.0,269.59518845766803,166.87105582095683,885863784.0,961505532.0,5142.0,32.0,13133.0,180.30245791202785,708102775.0,174.55607007583444,701213855.0,166.17241966817863,726905172.0,166.16650959991912,700028685.0,119.3294832920295,261517746.0,118.95114996101594,261517746.0,103.38150065562998,263202183.0,103.4286788577489,261476847.0,0.0,0.0,0.0,0.0,0.0,0.0,0.0,0.0,0.0,0.0,0.0,0.0,0.0,0.0,0.0,0.0,969620.521,0.009527196941228533,0.08142879898024899,962731.601,0.00917657054754201,0.081203247403616,990107.355,0.00478199775439681,0.08009840658125886,961505.532,0.004789739329594353,0.08009552235308864,13133,0.027967350670751623,0.020440815296910664,0.005900082755878944,0.007104758872981787,0.06137211604355441,0.1677647504457318,0.10038322603184935,0.013096671273380434,-0.02112871330205679,0.39153278001979747,0.1677647504457318,0.10024549661056825,0.013096671273380434,0.008369242218214112,0.39153278001979747,1.0001530978804158,0.9711124022505621,0.9711124022505621
agnews,query2,4,1/4,322.04482928795363,215.57397319190204,957496552.0,1037729168.0,0.0,0.0,13561.0,313.11791792714644,208.17062640562654,948339462.0,1025329112.0,887.0,34.0,13561.0,289.0508121722968,180.04462178610265,942021365.0,1058377107.0,5188.0,34.0,13561.0,289.08904460567226,180.04462178610265,942021365.0,1024164171.0,5188.0,34.0,13561.0,199.00369537641043,758405984.0,190.27151178566248,746005928.0,181.78786672544408,776856276.0,181.77969880302675,744854620.0,123.0411339115432,279323184.0,122.84640614148394,279323184.0,107.2629454468527,281520831.0,107.30934580264554,279309551.0,0.0,0.0,0.0,0.0,0.0,0.0,0.0,0.0,0.0,0.0,0.0,0.0,0.0,0.0,0.0,0.0,1037729.168,0.009844882184436495,0.08338021434324967,1025329.112,0.009518928907113198,0.08309371301828126,1058377.107,0.005005611823328832,0.08211566026603383,1024164.171,0.005013090529645241,0.08211306404134534,13561,0.03434248892228331,0.027719468064569597,0.00956357490883164,0.011949221803120746,0.06540815574072709,0.16481280592333603,0.10245162820532516,0.016162133396382172,-0.01989723295510193,0.38256765725241504,0.16481280592333603,0.10233291046823245,0.016162133396382172,0.013071808539547591,0.38256765725241504,1.0001322689014023,0.967674153405512,0.9676741534055119
agnews,query2,4,inf,309.6486271813628,206.81446760892868,1111392765.0,1186370030.0,0.0,0.0,13132.0,302.1168540457585,200.166823589243,1104738191.0,1177414434.0,834.0,0.0,13132.0,277.22754980939027,170.72999023739249,1098397088.0,2353548708.0,5096.0,0.0,13132.0,276.7364307185881,170.72999023739249,1098397088.0,1176134274.0,5096.0,0.0,13132.0,203.4299917625606,1028382524.0,196.00204719097562,1019426928.0,186.97584136708647,2037600962.0,186.5109644057486,1018174034.0,106.21863541880224,157987506.0,106.11480685478287,157987506.0,90.25170844230381,315947746.0,90.2254663128395,157960240.0,0.0,0.0,0.0,0.0,0.0,0.0,0.0,0.0,0.0,0.0,0.0,0.0,0.0,0.0,0.0,0.0,1186370.03,0.009630313352012957,0.08064863062662246,1177414.434,0.0093850582421941,0.08026882970471108,2353548.708,0.004762557686733119,0.07947287952882841,1176134.274,0.004770165354575798,0.07923820158365093,13132,0.032143031851407544,0.024323612231592184,0.005987598812558392,0.007548737555347684,0.06350898568382576,0.1744775294916473,0.10470279706095176,0.011693145222157364,-0.9838234686356668,0.3880597014925373,0.1744775294916473,0.10628884992116527,0.011693145222157364,0.008627793808985595,0.3880597014925373,0.9982284621743408,0.4997280362212924,0.4997280362212924
agnews,query2,8,1,637.5823348366507,424.6193422274664,1877914454.0,2040494334.0,0.0,0.0,26616.0,621.9367657669212,411.4197978656739,1862086195.0,2019138682.0,1690.0,0.0,26616.0,537.8842320801153,315.22998952679336,1842681209.0,4033387162.0,13746.0,0.0,26616.0,537.1016831346208,315.22998952679336,1842681209.0,2014248480.0,13746.0,0.0,26616.0,384.3491018699855,1430370428.0,369.0435398027204,1409014776.0,335.4721258372518,2813221148.0,334.8402049942529,1404206372.0,253.23323296666535,610123906.0,252.89322596420084,610123906.0,202.41210624286356,1220166014.0,202.26147814036798,610042108.0,0.0,0.0,0.0,0.0,0.0,0.0,0.0,0.0,0.0,0.0,0.0,0.0,0.0,0.0,0.0,0.0,2040494.334,0.009128952917905475,0.06637977838416761,2019138.682,0.008789335159120408,0.06632308818980297,4033387.162,0.003318471089497815,0.06482279605369069,2014248.48,0.003328341137513906,0.06476029953849761,26616,0.03108559372860975,0.02453889986418445,0.008428636866969819,0.010465920754671454,0.06349564171926661,0.25761745126079005,0.15636898532026944,0.018761900961437483,-0.9766715813874933,0.5164562669071235,0.25761745126079005,0.1575963545598753,0.018761900961437483,0.01286249785783522,0.5164562669071235,0.9985451349959298,0.49939378470208956,0.49939378470208956
agnews,query2,8,1/16,626.8672246446811,416.98035490792245,1900450287.0,2059146822.0,0.0,0.0,26531.0,608.5859357105728,402.05995667446405,1881193206.0,2032968926.0,1738.0,67.0,26531.0,527.492740687057,309.7574367849156,1861957434.0,2096303661.0,13770.0,67.0,26531.0,527.6124887444878,309.7574367849156,1861957434.0,2028247593.0,13770.0,67.0,26531.0,384.14144520310725,1517848425.0,366.2956287419161,1491670529.0,334.2652317911603,1550761144.0,334.2552629990237,1487099159.0,242.72577944157393,541298397.0,242.2903069686567,541298397.0,193.22750889589668,545542517.0,193.3572257454641,541148434.0,0.0,0.0,0.0,0.0,0.0,0.0,0.0,0.0,0.0,0.0,0.0,0.0,0.0,0.0,0.0,0.0,2059146.822,0.008952203338297033,0.06468854995452043,2032968.926,0.008625795895763207,0.06461234132329179,2096303.661,0.0032410024738151657,0.06287097519933124,2028247.593,0.003250914113058945,0.06286778638155543,26531,0.035782017204990635,0.029162936289212404,0.010132904360470651,0.01271298176522162,0.06550827334062041,0.2571414141241348,0.15852556977109655,0.02025459611509428,-0.018044773982610174,0.51901549131205,0.2571414141241348,0.15833454358130228,0.02025459611509428,0.015005840608290577,0.51901549131205,1.0002270136595146,0.9675352052919971,0.9675352052919971
agnews,query2,8,1/4,629.7001915319713,419.5865816138685,1814692893.0,1973649992.0,0.0,0.0,26657.0,615.2851985972231,407.17455499246716,1800771852.0,1955049908.0,1600.0,68.0,26657.0,531.5582603047437,312.2115111704916,1781387100.0,2012352828.0,13663.0,68.0,26657.0,531.6811037768473,312.2115111704916,1781387100.0,1950145632.0,13663.0,68.0,26657.0,375.2590057148077,1346435931.0,361.40164706422735,1327835847.0,326.5910365814742,1381590086.0,326.5840991734136,1323095167.0,254.4411858171636,627214061.0,253.88355153299582,627214061.0,204.9672237232696,630762742.0,205.09700460343367,627050465.0,0.0,0.0,0.0,0.0,0.0,0.0,0.0,0.0,0.0,0.0,0.0,0.0,0.0,0.0,0.0,0.0,1973649.992,0.009020097920002365,0.06825057709168819,1955049.908,0.008641092419055665,0.06809236732938503,2012352.828,0.0032002475893091256,0.06637080175360258,1950145.632,0.0032102497411589264,0.06636742763680792,26657,0.029581562340865508,0.022891835080561918,0.007671293062147866,0.009424205951102604,0.06002175788723412,0.25590682626307293,0.15585501250755884,0.018353404660630956,-0.019609776888950936,0.5125482987582999,0.25590682626307293,0.15565993003219114,0.018353404660630956,0.01190908220569642,0.5125482987582999,1.0002311006737683,0.9690873314388783,0.9690873314388783
agnews,query2,8,inf,621.7502956812713,428.15072920452803,1452978290.0,1593731314.0,0.0,0.0,26912.0,603.7278781074601,413.540470642969,1433710218.0,1567553418.0,1694.0,0.0,26912.0,520.6503415823312,318.5373308006674,1414140412.0,3130012580.0,13771.0,0.0,26912.0,520.0769663764627,318.5373308006674,1414140412.0,1562459162.0,13771.0,0.0,26912.0,366.9242297720168,965685484.0,349.26806504607333,939507588.0,315.493831201255,1874139048.0,315.0791236531071,934631460.0,254.82606590925457,628045830.0,254.45981306138688,628045830.0,205.15651038107623,1255873532.0,204.9978427233556,627827702.0,0.0,0.0,0.0,0.0,0.0,0.0,0.0,0.0,0.0,0.0,0.0,0.0,0.0,0.0,0.0,0.0,1593731.314,0.009033852892724747,0.0674322536159138,1567553.418,0.008643183327779282,0.06734026184322489,3130012.58,0.003229586722798409,0.06547380501781165,1562459.162,0.0032395107759726656,0.06540581116093752,26912,0.03412410061452842,0.02898658464498749,0.013261087335310395,0.01642553909184219,0.06294589774078478,0.25601590964825427,0.16260539769934756,0.02672984054015015,-0.9639524884180068,0.5117048156956004,0.25601590964825427,0.16352759300806108,0.02672984054015015,0.019621972490150852,0.5117048156956004,0.9988987326808892,0.4991862243569641,0.4991862243569641
agnews,query2,16,inf,1256.4807121313931,854.1606710636988,3568120603.0,3861793245.0,0.0,0.0,53715.0,1222.2257307246255,825.3947915975004,3533923348.0,3815637481.0,3474.0,0.0,53715.0,988.3554355654688,562.9805998550728,3482590594.0,7615154004.0,32660.0,0.0,53715.0,986.9571098246672,562.9805998550728,3482590594.0,3799516523.0,32660.0,0.0,53715.0,776.2690598443543,2831797051.0,742.854385208248,2785641287.0,643.0631192395338,5555570606.0,641.8257238732266,2769929319.0,480.2116522870396,1029996194.0,479.371345516378,1029996194.0,345.29231632593496,2059583398.0,345.13138595144056,1029587204.0,0.0,0.0,0.0,0.0,0.0,0.0,0.0,0.0,0.0,0.0,0.0,0.0,0.0,0.0,0.0,0.0,3861793.245,0.009016414385085875,0.05194303191176796,3815637.481,0.008312646063034432,0.0518884648196231,7615154.004,0.0030759213948385947,0.04847757296556185,3799516.523,0.0030862559920035158,0.04847378106087626,53715,0.033677363569521224,0.02726264006763801,0.009584108499933408,0.011951899304749047,0.06467467187936331,0.34089613473541835,0.2133938658804384,0.023970604841127896,-0.9719217267417433,0.6080238294703528,0.34089613473541835,0.21450675661350005,0.023970604841127896,0.01612637395350769,0.6080238294703528,0.9985851995238924,0.4989415212094508,0.4989415212094508
agnews,query2,50,inf,3900.813669985694,2632.7180579304695,11012378800.0,11949257000.0,0.0,0.0,167000.0,3797.557274589582,2545.58424949646,10910298400.0,11811478600.0,10600.0,0.0,167000.0,2784.4993043925897,1429.161243326962,10698834600.0,23543007600.0,119400.0,0.0,167000.0,2780.4026671112038,1429.161243326962,10698834600.0,11731529000.0,119400.0,0.0,167000.0,2368.762675659629,8459576600.0,2267.9871399213525,8321798200.0,1803.504326709987,16569100000.0,1799.873246951188,8247301800.0,1532.0509943260704,3489680400.0,1529.570134668235,3489680400.0,980.9949776826031,6973907600.0,980.529420160016,3484227200.0,0.0,0.0,0.0,0.0,0.0,0.0,0.0,0.0,0.0,0.0,0.0,0.0,0.0,0.0,0.0,0.0,11949257.0,0.010255973872525567,0.05296260088009941,11811478.6,0.007922373279527752,0.05289149307904946,23543007.6,0.003066613997069345,0.04656065096743999,11731529.0,0.0030766693006429534,0.04655812044887053,167000,0.033096520978210586,0.02647047619592935,0.0092696048559463,0.011530290125988607,0.06347305389221557,0.4571537050760388,0.2861747471258217,0.0284719773715012,-0.9702486606489424,0.7149700598802395,0.4571537050760388,0.287224947834691,0.0284719773715012,0.018221049225068953,0.7149700598802395,0.998528770585461,0.4983020521133417,0.49830205211334166
agnews,query3,1,inf,764.4515954705632,138.9881408875808,6328558987.0,7099550608.0,0.0,0.0,2262.0,740.8003760231841,136.14427135884762,6205881602.0,6949726961.0,111.0,0.0,2262.0,744.0154188980882,136.14427135884762,6205881602.0,13899453922.0,111.0,0.0,2262.0,740.8003760231841,136.14427135884762,6205881602.0,6949726961.0,111.0,0.0,2262.0,308.593494421202,4253255567.0,308.1782799806625,4253194769.0,310.145868580098,8506389538.0,308.1782799806625,4253194769.0,455.8581010493612,2846295041.0,432.6220960425215,2696532192.0,433.86955031799016,5393064384.0,432.6220960425215,2696532192.0,0.0,0.0,0.0,0.0,0.0,0.0,0.0,0.0,0.0,0.0,0.0,0.0,0.0,0.0,0.0,0.0,7099550.608,0.2906454579943134,0.5868451951870138,6949726.961,0.27632138615479734,0.585260047458092,13899453.922,0.27737233922992455,0.5879424975343995,6949726.961,0.27632138615479734,0.585260047458092,2262,0.020461238711246832,0.03093880578903163,0.01938472648386491,0.021103257835950018,0.04907161803713528,0.020461238711246832,0.026733120440275093,0.01938472648386491,-0.9577934843281,0.04907161803713528,0.020461238711246832,0.03093880578903163,0.01938472648386491,0.021103257835950018,0.04907161803713528,0.9956787953673517,0.5,0.5
agnews,query3,2,1,1510.0597595540933,230.3576683178544,13706232502.0,15274483364.0,0.0,0.0,4473.0,1479.6516925536712,225.896166106686,13554170392.0,15088400146.0,176.0,0.0,4473.0,1391.4225316656243,214.3291403343901,12907808454.0,29422886080.0,671.0,0.0,4473.0,1384.448644143682,214.3291403343901,12907808454.0,14334485934.0,671.0,0.0,4473.0,642.9767382175875,9861432110.0,641.8181572748783,9861310514.0,631.4673348181577,19474188845.0,626.9082553079965,9612878331.0,867.0830213365057,5413051254.0,837.8335352787929,5227089632.0,759.9551968474665,9948697235.0,757.5403888356856,4721607603.0,0.0,0.0,0.0,0.0,0.0,0.0,0.0,0.0,0.0,0.0,0.0,0.0,0.0,0.0,0.0,0.0,15274483.364,0.20093424295520593,0.8321675647090484,15088400.146,0.19299257251329865,0.8299944579600218,29422886.08,0.166578441187518,0.8197014067433487,14334485.934,0.16590001736363968,0.8154443497823806,4473,0.019367717357740788,0.0201369957765124,0.011094376954265961,0.012182619442211329,0.03934719427677174,0.06958104803069831,0.07856459132683691,0.05825262688951871,-0.9262770058296028,0.15001117818019227,0.06958104803069831,0.08318287711176608,0.05825262688951871,0.061540374728185854,0.15001117818019227,0.9949879440908621,0.4871883028410244,0.4871883028410244
agnews,query3,2,1/16,1532.318361155029,245.99162945710123,13732076078.0,15308627275.0,0.0,0.0,4670.0,1500.1216800923992,241.53817027062178,13569745088.0,15109933085.0,220.0,0.0,4670.0,1429.4823338379638,231.5265285251662,13030503323.0,29593826233.0,680.0,0.0,4670.0,1422.4980449516024,231.5265285251662,13030503323.0,14483893148.0,680.0,0.0,4670.0,657.443785953853,9857352191.0,656.6508855285642,9856987403.0,647.1775584567166,19484393276.0,642.6203406189769,9627405873.0,874.874575201176,5451275084.0,843.470794563835,5252945682.0,782.3047753812472,10109432957.0,779.8777043326254,4856487275.0,0.0,0.0,0.0,0.0,0.0,0.0,0.0,0.0,0.0,0.0,0.0,0.0,0.0,0.0,0.0,0.0,15308627.275,0.19155016058105878,0.8269263263774449,15109933.085,0.18609376697676352,0.8247268833560474,28305137.011,0.15976058122052192,0.8179386706623651,13318042.769,0.15916930593587503,0.8136732974027171,4670,0.018104108649176998,0.021011743955323126,0.011821299931484397,0.012979229713462326,0.047109207708779445,0.058803224174168944,0.06711139794706211,0.05109007196107673,-0.9331469570317825,0.145610278372591,0.058803224174168944,0.07166938606716577,0.05109007196107673,0.05387381325475504,0.145610278372591,0.9951141131855687,0.48942279494258323,0.4705168098576705
agnews,query3,2,1/4,1545.9272096660536,255.5765133285895,13636543461.0,15220743545.0,0.0,0.0,4536.0,1502.4216597265754,250.04307697713375,13414037297.0,14948538511.0,191.0,0.0,4536.0,1414.9408410792068,238.5753785232082,12794442924.0,29170591823.0,679.0,0.0,4536.0,1408.031567561739,238.5753785232082,12794442924.0,14222053312.0,679.0,0.0,4536.0,654.7936283009753,9657084785.0,653.9574110194744,9657054386.0,645.4699205413457,19100150747.0,641.0052699853829,9443096361.0,891.1335813650782,5563658760.0,848.464248707101,5291484125.0,769.470920537861,10070441076.0,767.026297576356,4778956951.0,0.0,0.0,0.0,0.0,0.0,0.0,0.0,0.0,0.0,0.0,0.0,0.0,0.0,0.0,0.0,0.0,15220743.545,0.20369185012502256,0.8232516597673842,14948538.511,0.18999981449291384,0.8219936592281869,29170591.823,0.16309424536478634,0.8119481926020453,14222053.312,0.1624689256221123,0.8077861440987204,4536,0.02165080147384879,0.02814204295484013,0.016316903520042225,0.017883819748702012,0.04210758377425044,0.06652072439662438,0.0847299716104628,0.0617532250315761,-0.9165024190018964,0.14969135802469136,0.06652072439662438,0.08919931109440948,0.0617532250315761,0.06561376124940155,0.14969135802469136,0.9951169170350627,0.48754764381524834,0.4875476438152484
agnews,query3,2,inf,1522.3931235366906,252.95815124548972,13796508011.0,15349064130.0,0.0,0.0,4455.0,1501.1237713632077,249.8791427295655,13689482656.0,15218203775.0,154.0,0.0,4455.0,1433.346869681607,240.0283151809126,13147156628.0,29810936346.0,618.0,0.0,4455.0,1426.3125435053887,240.0283151809126,13147156628.0,14592732571.0,618.0,0.0,4455.0,680.5843601819312,10098406215.0,679.8431098604309,10098102225.0,668.7809537276785,19936295970.0,664.1122807161275,9838193745.0,841.8087633547593,5250657915.0,821.2806615027766,5120101550.0,764.5659159539284,9874640376.0,762.2002627892612,4754538826.0,0.0,0.0,0.0,0.0,0.0,0.0,0.0,0.0,0.0,0.0,0.0,0.0,0.0,0.0,0.0,0.0,15349064.13,0.19745707166826534,0.8516022114351687,15218203.775,0.19558873409879904,0.8480517167584001,29810936.346,0.1700450622965129,0.8426923629949071,14592732.571,0.16939330280744486,0.8383073130141535,4455,0.012172007507028737,0.013970998584171168,0.00775742346647923,0.008525624356746975,0.0345679012345679,0.05111452626023116,0.05849097219266153,0.047066357840858775,-0.9421989571164819,0.13872053872053872,0.05111452626023116,0.06311154362553606,0.047066357840858775,0.049275418526771086,0.13872053872053872,0.9950923769221467,0.4895093666844194,0.4895093666844194
agnews,query3,4,1,3084.531467479717,516.7441887967288,27268921692.0,30418161484.0,0.0,0.0,9065.0,3014.0307151892766,507.17659408878535,26911305587.0,29980812935.0,394.0,0.0,9065.0,2612.9572275158043,455.8459513839334,24033250757.0,56617292849.0,2325.0,0.0,9065.0,2599.111946571122,455.8459513839334,24033250757.0,26636479914.0,2325.0,0.0,9065.0,1324.6953704342059,19440094179.0,1322.7455771868304,19439638194.0,1259.07519039177,37681880825.0,1250.0920408052402,18242242631.0,1759.8360970455112,10978067305.0,1691.2851380024463,10541174741.0,1353.8820371240342,18935412024.0,1349.019905765882,8394237283.0,0.0,0.0,0.0,0.0,0.0,0.0,0.0,0.0,0.0,0.0,0.0,0.0,0.0,0.0,0.0,0.0,30418161.484,0.1620566186223011,1.1049231508710249,29980812.935,0.15590624294415742,1.0993621546834536,56617292.849,0.0969967211573622,1.053421885930763,26636479.914,0.0963539380613316,1.04763403821236,9065,0.018515147176056734,0.02285622728564496,0.013114420476146527,0.01437787583677752,0.0434638720353006,0.11784987375397638,0.15288358862139362,0.11865782488748955,-0.8612989768885533,0.2564809707666851,0.11784987375397638,0.15737220580382572,0.11865782488748955,0.12432314727466909,0.2564809707666851,0.9947012982842259,0.4704654456905999,0.47046544569059995
agnews,query3,4,1/16,3009.385908160149,496.0025087147951,26980736864.0,30058498398.0,0.0,0.0,9064.0,2938.295563268138,486.6653312826529,26617818065.0,29614838983.0,392.0,0.0,9064.0,2597.835201983659,442.4069278566167,24387025969.0,56598136541.0,2296.0,0.0,9064.0,2584.1588864456585,442.4069278566167,24387025969.0,26983297558.0,2296.0,0.0,9064.0,1313.2590227049595,19508910501.0,1311.5266094830731,19508484915.0,1278.5295941136094,38334167301.0,1269.5146327587902,18825682386.0,1696.1268854551897,10549587897.0,1626.7689537850647,10106354068.0,1319.3056078700495,18263969240.0,1314.6442536868685,8157615172.0,0.0,0.0,0.0,0.0,0.0,0.0,0.0,0.0,0.0,0.0,0.0,0.0,0.0,0.0,0.0,0.0,30058498.398,0.15611529859088544,1.0775112401932305,29614838.983,0.15168893199146757,1.0715140506847125,50025676.697,0.09414120951478422,1.0382740706301334,20917897.593,0.09357133876660663,1.0325243543959655,9064,0.018824859286167728,0.023622874254592974,0.013451033632970844,0.014759866215722894,0.04324801412180053,0.10805506003800536,0.1367557098810569,0.09613195177262746,-0.882932932696527,0.2533097969991174,0.10805506003800536,0.1413002634728432,0.09613195177262746,0.10230720108775004,0.2533097969991174,0.9947354953356713,0.47675240223594906,0.4181432211241718
agnews,query3,4,1/4,2976.563445676408,480.19601917173713,26075025595.0,29142596516.0,0.0,0.0,9059.0,2900.492072636609,470.41048035304993,25685192927.0,28666128854.0,435.0,0.0,9059.0,2503.968863709167,420.3403811082244,22936330171.0,54120956355.0,2343.0,0.0,9059.0,2490.7314852928384,420.3403811082244,22936330171.0,25454827501.0,2343.0,0.0,9059.0,1227.0133232620328,18235132423.0,1225.3888919879855,18234585241.0,1171.087501674495,35440505680.0,1162.6618770584048,17205920439.0,1749.5501224143752,10907464093.0,1675.1031806486235,10431543613.0,1332.8813620346725,18680450675.0,1328.0696082344336,8248907062.0,0.0,0.0,0.0,0.0,0.0,0.0,0.0,0.0,0.0,0.0,0.0,0.0,0.0,0.0,0.0,0.0,29142596.516,0.15808496321624327,1.0723776210345157,28666128.854,0.15210212025331166,1.0660356192439622,54120956.355,0.09666403914050385,1.0109997545990608,25454827.501,0.09604094225752274,1.005500228242749,9059,0.020378217286277645,0.02555677862344774,0.01495042321549056,0.01634952677392376,0.0480185450932774,0.12464834291370086,0.15877188260633435,0.120371710185468,-0.8571082478970695,0.2586378187437907,0.12464834291370086,0.16321908444090516,0.120371710185468,0.12654222532900683,0.2586378187437907,0.9947134412858792,0.470332182122431,0.470332182122431
agnews,query3,4,inf,3036.67668347413,519.8923347787932,26943717063.0,30027807235.0,0.0,0.0,9146.0,2964.1538692065574,510.2452539280057,26574729419.0,29576537003.0,382.0,0.0,9146.0,2589.811759183804,461.46987951360643,23936016848.0,56078130522.0,2354.0,0.0,9146.0,2576.154017389181,461.46987951360643,23936016848.0,26501593519.0,2354.0,0.0,9146.0,1329.6660170716207,19385895606.0,1327.8229676638193,19385500419.0,1273.3008554674748,37723884177.0,1264.3429016178386,18338383758.0,1707.0106664025097,10641911629.0,1636.3309015427383,10191036584.0,1316.5109037163295,18354246345.0,1311.8111157713424,8163209761.0,0.0,0.0,0.0,0.0,0.0,0.0,0.0,0.0,0.0,0.0,0.0,0.0,0.0,0.0,0.0,0.0,30027807.235,0.15756290150273772,1.080983122647397,29576537.003,0.15269476384828096,1.0727198333528185,56078130.522,0.09492900577156824,1.0317125034995216,26501593.519,0.09423966985170633,1.026067261647873,9146,0.018555920534762516,0.023882296940681447,0.0136947564857971,0.015028411114681894,0.04176689263065821,0.11237414240785959,0.1471559111716455,0.11162900085268013,-0.8675399799635086,0.2573802755302865,0.11237414240785959,0.1516535061474129,0.11162900085268013,0.11743160892180948,0.2573802755302865,0.994726357332269,0.472583398774379,0.472583398774379
agnews,query3,8,1,6110.110305497666,1001.9423328628764,54208904509.0,60474646479.0,0.0,0.0,18168.0,5958.6243645330505,982.3632544633001,53433323506.0,59526601168.0,782.0,0.0,18168.0,4511.724910270128,803.2367758555338,43149933983.0,107111466462.0,6688.0,0.0,18168.0,4484.261288316977,803.2367758555338,43149933983.0,47584865294.0,6688.0,0.0,18168.0,2604.207293480858,38585148033.0,2600.730790426244,38584175265.0,2356.8527413465176,72882873249.0,2339.0309792690814,34298697984.0,3505.903012016808,21889498446.0,3357.8935741068067,20942425903.0,2154.8721689236104,34228593213.0,2145.2303090478954,13286167310.0,0.0,0.0,0.0,0.0,0.0,0.0,0.0,0.0,0.0,0.0,0.0,0.0,0.0,0.0,0.0,0.0,60474646.479,0.15297857100309986,1.3485415967572771,59526601.168,0.14845952818907918,1.3358001956559544,107111466.462,0.051633317784228916,1.1518034867303306,47584865.294,0.050505130991924434,1.1452668675474678,18168,0.01954112303412958,0.02479266877200459,0.014307262063767312,0.01567674002574304,0.04304271246147072,0.19832035286858873,0.2615968150017465,0.20400653040616124,-0.771179704195456,0.36811977102597976,0.19832035286858873,0.26609159833298035,0.20400653040616124,0.21314355577880084,0.36811977102597976,0.9939128332291193,0.4442555672681572,0.4442555672681572
agnews,query3,8,1/16,5990.836785944247,1010.9906580643728,52412339447.0,58526099496.0,0.0,0.0,18000.0,5843.267519145822,991.8394410246983,51658467899.0,57604226834.0,769.0,0.0,18000.0,4642.291139910495,842.3039273573086,43995426816.0,106152012959.0,6248.0,0.0,18000.0,4615.711468741057,842.3039273573086,43995426816.0,48547786125.0,6248.0,0.0,18000.0,2535.5210916882215,36982952612.0,2532.318047246366,36982192637.0,2412.1712302463284,71780908651.0,2395.0882806136715,34798716014.0,3455.315694256026,21543146884.0,3310.9494718994565,20622034197.0,2230.119909664167,34371104308.0,2220.6231881273857,13749070111.0,0.0,0.0,0.0,0.0,0.0,0.0,0.0,0.0,0.0,0.0,0.0,0.0,0.0,0.0,0.0,0.0,58526099.496,0.15116312692014683,1.3382497264828823,57604226.834,0.14556628153362713,1.32490085860978,88083876.419,0.05779452177206523,1.1661900487071184,31436823.669,0.056935875601268,1.1595944165940686,18000,0.018943020775623376,0.024632496606259324,0.014383474501502125,0.01575147959523604,0.042722222222222224,0.1668529074541888,0.2251013830317864,0.16059028694018296,-0.8137551258862727,0.3471111111111111,0.1668529074541888,0.22953810399734498,0.16059028694018296,0.17049339451849121,0.3471111111111111,0.9942744497558698,0.45734211506428074,0.35689645990896657
agnews,query3,8,1/4,6076.1640766523915,971.2718552565202,54255561790.0,60515783810.0,0.0,0.0,18396.0,5914.987475658312,951.5354425637051,53423644532.0,59499072482.0,825.0,0.0,18396.0,4470.631822399152,770.3800431899726,42670945095.0,106599650352.0,6777.0,0.0,18396.0,4443.181513788974,770.3800431899726,42670945095.0,47100577870.0,6777.0,0.0,18396.0,2580.0381265246765,38721311197.0,2577.414431703737,38720216833.0,2287.6960735875223,72375162771.0,2269.8118920735255,33654945938.0,3496.125950127716,21794472613.0,3337.5730439545755,20778855649.0,2182.93574881163,34224487581.0,2173.3696217154493,13445631932.0,0.0,0.0,0.0,0.0,0.0,0.0,0.0,0.0,0.0,0.0,0.0,0.0,0.0,0.0,0.0,0.0,60515783.81,0.15186707692014234,1.3001686076857442,59499072.482,0.1456919802403276,1.2885678689228195,106500379.107,0.049183846127204583,1.1096754473322206,47006509.247,0.04808826318128936,1.103391754203225,18396,0.020320173580652745,0.026526044879762067,0.015333308338415064,0.01680076277607412,0.04484670580560991,0.206833762328561,0.2642345127615108,0.21351943123986217,-0.7615181303226353,0.3683953033268102,0.206833762328561,0.26875221640872715,0.21351943123986217,0.22168110690129061,0.3683953033268102,0.9938598592546486,0.4418455193283503,0.44137410252571
agnews,query3,8,inf,6157.888413774044,1028.5857337992638,54637540478.0,60925448061.0,0.0,0.0,18383.0,5999.4434430538595,1008.7639538384974,53820942766.0,59927808897.0,824.0,0.0,18383.0,4644.803568609694,839.0139587065205,43995687066.0,108480072871.0,6647.0,0.0,18383.0,4617.153298997541,839.0139587065205,43995687066.0,48552263974.0,6647.0,0.0,18383.0,2658.3503945237817,39106879133.0,2655.047986073477,39105875966.0,2409.91069003456,73876926303.0,2391.84759433654,34771050337.0,3499.538019250263,21818568928.0,3344.3954569803827,20821932931.0,2234.892878575133,34603146568.0,2225.3057046610006,13781213637.0,0.0,0.0,0.0,0.0,0.0,0.0,0.0,0.0,0.0,0.0,0.0,0.0,0.0,0.0,0.0,0.0,60925448.061,0.14856976366162483,1.3384532169857821,59927808.897,0.14423728102548086,1.3291799953838637,108480072.871,0.050267413060382474,1.1629137253738244,48552263.974,0.04923269111292292,1.1563288138668968,18383,0.019270906944772737,0.025730406281116225,0.014945726049451435,0.016374753009631426,0.04482402219441876,0.18430332918630554,0.24571488528110752,0.19477182389432368,-0.780537957839673,0.36158407224065714,0.18430332918630554,0.25020510461510914,0.19477182389432368,0.20308728915069574,0.36158407224065714,0.9940470529692542,0.4475685044177315,0.4475685044177315
agnews,query3,16,inf,12285.196872390417,2025.5644474783912,110292080094.0,122858452832.0,0.0,0.0,36466.0,11974.669652704051,1986.2734085200354,108697572324.0,120909353734.0,1558.0,0.0,36466.0,7498.24437491666,1433.9789882907644,74259423055.0,202329466388.0,17234.0,0.0,36466.0,7442.507015999914,1433.9789882907644,74259423055.0,81420112654.0,17234.0,0.0,36466.0,5368.812674051193,79735635125.0,5362.532629075173,79733507195.0,4333.003372940343,141944680760.0,4296.189108359877,62211173565.0,6916.384198339225,43122817707.0,6612.1370236288785,41175846539.0,3165.241001976317,60384785628.0,3146.3179076400374,19208939089.0,0.0,0.0,0.0,0.0,0.0,0.0,0.0,0.0,0.0,0.0,0.0,0.0,0.0,0.0,0.0,0.0,122858452.832,0.14624176595805394,1.5545200996363826,120909353.734,0.14201490660596822,1.5412339566100215,202329466.388,0.017087775103777472,0.9804091817141903,81420112.654,0.015352165027669427,0.9742512314022342,36466,0.01939757533129538,0.02527653589208978,0.014457137526475372,0.015864590942433976,0.042724729885372674,0.29205955896593994,0.38965207861112006,0.3267021259213717,-0.6468501899879109,0.47260461800032905,0.29205955896593994,0.39418903145735484,0.3267021259213717,0.33728521906965503,0.47260461800032905,0.9925666121121366,0.40241351943203146,0.40241351943203146
agnews,query3,50,inf,37961.85512708244,6209.932257793844,339478702000.0,378391133800.0,0.0,0.0,114000.0,37006.34306729483,6086.27863265574,334592957400.0,372417372800.0,5000.0,0.0,114000.0,15572.393439611118,3413.8759734109044,157992051800.0,544391105400.0,70800.0,0.0,114000.0,15400.934896733394,3413.8759734109044,157992051800.0,171973732600.0,70800.0,0.0,114000.0,16391.987732861173,243981358400.0,16370.918504730065,243975278600.0,10202.756427309787,384706117600.0,10090.17907152391,140730839000.0,21569.867394221208,134409775400.0,20635.424562564716,128442094200.0,5369.637012301326,159684987800.0,5310.755825209475,31242893600.0,0.0,0.0,0.0,0.0,0.0,0.0,0.0,0.0,0.0,0.0,0.0,0.0,0.0,0.0,0.0,0.0,378391133.8,0.147611123596115,1.8547542007759044,372417372.8,0.14744980567394006,1.8547542007759044,544391105.4,0.0036657036621952992,0.6931004609750631,171973732.6,0.0030766693006429534,0.6887812437236138,114000,0.019912234144408125,0.025170320485890407,0.014391903148021301,0.015787264727924244,0.043859649122807015,0.45025552104432676,0.5897883971296864,0.5346039357720886,-0.4386994217674769,0.6210526315789474,0.45025552104432676,0.594304997867552,0.5346039357720886,0.5455133135045989,0.6210526315789474,0.9889895831657072,0.31590106982670035,0.31590106982670035
agnews,query4,1,inf,746.9243112254696,126.11146956216544,8237954113.0,8976258764.0,0.0,0.0,2552.0,737.6229622315357,123.24005505535752,8205115356.0,8934741573.0,143.0,0.0,2552.0,741.7563011950062,123.24005505535752,8205115356.0,17869483146.0,143.0,0.0,2552.0,737.6229622315357,123.24005505535752,8205115356.0,8934741573.0,143.0,0.0,2552.0,461.61093913143344,7283223121.0,460.47930509407115,7283223121.0,463.8486280520682,14566446242.0,460.47930509407115,7283223121.0,285.31337209403625,1693035643.0,277.1436571374645,1651518452.0,277.90767314293805,3303036904.0,277.1436571374645,1651518452.0,0.0,0.0,0.0,0.0,0.0,0.0,0.0,0.0,0.0,0.0,0.0,0.0,0.0,0.0,0.0,0.0,8976258.764,0.2994013168114427,0.6045039569990553,8934741.573,0.2968733486720665,0.6042117434675323,17869483.146,0.2982941548470753,0.6078114783302566,8934741.573,0.2968733486720665,0.6042117434675323,2552,0.022768860887728226,0.012452866848949307,0.003986275785170745,0.004625222165665299,0.05603448275862069,0.022768860887728226,0.006919054518367829,0.003986275785170745,-0.9907495556686694,0.05603448275862069,0.022768860887728226,0.012452866848949307,0.003986275785170745,0.004625222165665299,0.05603448275862069,0.9944276321524852,0.5,0.5
agnews,query4,2,1,1368.1256955561737,233.71365265734494,14271054895.0,15629776269.0,0.0,0.0,5160.0,1352.4044469997646,228.94062624778599,14216226155.0,15560140145.0,250.0,0.0,5160.0,1319.1604066961575,221.33545156009495,13932933502.0,30794798250.0,644.0,0.0,5160.0,1311.9670160361836,221.33545156009495,13932933502.0,15234658105.0,644.0,0.0,5160.0,777.3340936006884,12104137310.0,775.5543625105408,12104137310.0,771.2722230796612,24046451986.0,765.6741470044998,11942314676.0,590.7916019554852,3525638959.0,576.8500844892237,3456002835.0,547.8881836164963,6748346264.0,546.2928690316838,3292343429.0,0.0,0.0,0.0,0.0,0.0,0.0,0.0,0.0,0.0,0.0,0.0,0.0,0.0,0.0,0.0,0.0,15629776.269,0.18383989309671037,0.7998921408981179,15560140.145,0.18188495401197322,0.7998035207442454,30794798.25,0.16348498479943535,0.801368607055113,15234658.105,0.16292376127606345,0.7967491434817663,5160,0.020422539955579078,0.011491084925510542,0.0038419542495915504,0.004455350019188398,0.04844961240310078,0.05296310659008896,0.0357900513228141,0.023692810061186398,-0.9702648150554918,0.1248062015503876,0.05296310659008896,0.0410478947237084,0.023692810061186398,0.02527983492531971,0.1248062015503876,0.9945469932060881,0.4947153081283785,0.4947153081283785
agnews,query4,2,1/16,1378.3207619315915,238.9203124307096,14785471031.0,16143276811.0,0.0,0.0,5265.0,1360.1825066975541,233.36116020474583,14721624034.0,16062442940.0,289.0,0.0,5265.0,1306.7972628771497,223.11292335018516,14152523894.0,31493005658.0,688.0,0.0,5265.0,1299.3715626212622,223.11292335018516,14152523894.0,15430562718.0,688.0,0.0,5265.0,824.3751840270924,12873882332.0,822.2280852707903,12873882332.0,801.3915859282286,25301990151.0,795.4375028044115,12428107819.0,553.9455779044991,3269394479.0,537.9544214267639,3188560608.0,505.4056769489211,6191015507.0,503.9340598168508,3002454899.0,0.0,0.0,0.0,0.0,0.0,0.0,0.0,0.0,0.0,0.0,0.0,0.0,0.0,0.0,0.0,0.0,16143276.811,0.17129724952591704,0.7970785397871128,16062442.94,0.16867430837666733,0.7969847477732349,30280476.323,0.14297162689667614,0.7955689706554344,14307357.462,0.142495445365114,0.7908064793022679,5265,0.023267809126007233,0.013159676422938249,0.004318225429959965,0.005007277763144136,0.05489078822412156,0.06616176297320397,0.05189176643773985,0.04280872321706419,-0.9508434394521887,0.13067426400759735,0.06616176297320397,0.057279264370718175,0.04280872321706419,0.04414928278466723,0.13067426400759735,0.994317634060896,0.48996792765889136,0.47249446506007
agnews,query4,2,1/4,1521.1036620184584,260.0398150300607,16485960760.0,17987813804.0,0.0,0.0,5406.0,1499.9397004534999,253.55744598060846,16411612846.0,17893637838.0,314.0,0.0,5406.0,1435.7539117517033,241.73039271030575,15634776766.0,34936690212.0,692.0,0.0,5406.0,1427.4808106504588,241.73039271030575,15634776766.0,17043052374.0,692.0,0.0,5406.0,921.8800428204795,14415010584.0,919.3390743103848,14415010584.0,885.3877563609974,28155683800.0,878.7207755901737,13740673216.0,599.2236191979789,3572803220.0,580.6006261431153,3478627254.0,550.366155390706,6781006412.0,548.7600350602851,3302379158.0,0.0,0.0,0.0,0.0,0.0,0.0,0.0,0.0,0.0,0.0,0.0,0.0,0.0,0.0,0.0,0.0,17987813.804,0.20627732532451112,0.8678470348411534,17893637.838,0.20329508621373832,0.8677135920564972,34936690.212,0.1729202865225411,0.8650508199916045,17043052.374,0.17230682418030832,0.8598900962604544,5406,0.024928371252313397,0.01391355638239311,0.004509771379560212,0.005235542630481205,0.05808361080281169,0.07041007284841505,0.056110410090985274,0.05163083949982661,-0.9422421530864986,0.12800591934887162,0.07041007284841505,0.06154929062741521,0.05163083949982661,0.052522304283020294,0.12800591934887162,0.994237800062024,0.48782675950643084,0.4878267595064309
agnews,query4,2,inf,1283.5212996619593,226.22278896067291,13693714441.0,14954129212.0,0.0,0.0,4976.0,1268.9242798770665,221.3563618864864,13643938901.0,14891207724.0,230.0,0.0,4976.0,1222.368811242419,212.17141326516867,13218919599.0,29301375118.0,645.0,0.0,4976.0,1215.4851422187603,212.17141326516867,13218919599.0,14410167394.0,645.0,0.0,4976.0,766.5820604645334,11913278450.0,764.3564884128866,11913278450.0,752.9112735709307,23548888572.0,747.4017931873469,11635610122.0,516.939239197426,3040850762.0,504.56779146417995,2977929274.0,469.4575376714883,5752486546.0,468.0833490314134,2774557272.0,0.0,0.0,0.0,0.0,0.0,0.0,0.0,0.0,0.0,0.0,0.0,0.0,0.0,0.0,0.0,0.0,14954129.212,0.15922510788800143,0.762445674066676,14891207.724,0.1574051299357755,0.762382088392008,29301375.118,0.13505494323256584,0.7613007832076755,14410167.394,0.13464515710603459,0.7567718741874236,4976,0.021511657143580276,0.011372635412234544,0.0036349187953684803,0.004207633029511881,0.04622186495176849,0.0621129982530052,0.04764431134539493,0.034672465534875574,-0.9594170080118738,0.12962218649517684,0.0621129982530052,0.0530074237654784,0.034672465534875574,0.03637535895861432,0.12962218649517684,0.9943685825747941,0.4917915058924232,0.4917915058924232
agnews,query4,4,1,2782.86351123905,473.48527297750115,29248691850.0,32011151825.0,0.0,0.0,10188.0,2754.1161206234187,464.58187987841666,29148836845.0,31884465760.0,440.0,0.0,10188.0,2535.8816453373033,425.34240837581456,27327628557.0,61702319137.0,2135.0,0.0,10188.0,2521.152741113318,425.34240837581456,27327628557.0,29817853377.0,2135.0,0.0,10188.0,1598.8824362603646,24945991117.0,1595.3872276919021,24945991117.0,1536.4681524526886,48739540094.0,1524.9345557070499,23793548977.0,1183.9810749786855,7065160708.0,1158.7288929315166,6938474643.0,999.4134928846146,12962779043.0,996.2181854062682,6024304400.0,0.0,0.0,0.0,0.0,0.0,0.0,0.0,0.0,0.0,0.0,0.0,0.0,0.0,0.0,0.0,0.0,32011151.825,0.11682562974773529,1.0821689701656638,31884465.76,0.1143162635687437,1.0820719826035494,61702319.137,0.07437282539738362,1.0595112734652503,29817853.377,0.0739979992486435,1.0531370816633987,10188,0.018803949366990258,0.010330147525931421,0.003413999009326596,0.003957560343113342,0.043188064389477816,0.10167763888186276,0.08875098074493049,0.06568031496423998,-0.9275257408517195,0.2095602669807617,0.10167763888186276,0.09404369602345575,0.06568031496423998,0.06851669880516709,0.2095602669807617,0.9941918013993014,0.48325336541717806,0.48325336541717806
agnews,query4,4,1/16,2867.1200163127082,485.4593749558553,30077342551.0,32927697662.0,0.0,0.0,10402.0,2832.8140881988033,475.3821019642055,29956781407.0,32774361314.0,514.0,0.0,10402.0,2600.0839213266822,434.26038458012044,27898865683.0,63230571864.0,2153.0,0.0,10402.0,2584.942634848058,434.26038458012044,27898865683.0,30456210550.0,2153.0,0.0,10402.0,1638.8263469448086,25586601982.0,1635.344678259052,25586601982.0,1562.3103037452481,49777639784.0,1550.479823367571,24191037802.0,1228.2936693678998,7341095680.0,1197.4694099397516,7187759332.0,1037.773617581434,13452932080.0,1034.4628114804873,6265172748.0,0.0,0.0,0.0,0.0,0.0,0.0,0.0,0.0,0.0,0.0,0.0,0.0,0.0,0.0,0.0,0.0,32927697.662,0.11593883584559146,1.1244731392440679,32774361.314,0.11214528287164217,1.124449066761212,56954415.843,0.07215915123530364,1.0978516861221395,24627597.822,0.07169940395721777,1.0913084307296559,10402,0.02075822099957625,0.01196529197198537,0.004008370879028722,0.004656758865256405,0.049413574312632186,0.10546503583413258,0.09313739692328982,0.07242916704845559,-0.9202852417152396,0.20697942703326283,0.10546503583413258,0.09841840587738904,0.07242916704845559,0.07505799941950397,0.20697942703326283,0.9941766162413332,0.4816690669112877,0.43240892663859815
agnews,query4,4,1/4,2978.514110850951,514.3556243982166,32058327652.0,34995661146.0,0.0,0.0,10690.0,2940.575249712581,502.47926160972565,31924831222.0,34827002184.0,560.0,0.0,10690.0,2654.7431835958782,454.10378087032586,29147353534.0,66561335958.0,2281.0,0.0,10690.0,2638.653346825228,454.10378087032586,29147353534.0,31734333774.0,2281.0,0.0,10690.0,1790.244083064518,27921161485.0,1785.3259074592543,27921161485.0,1672.041916772899,53750085865.0,1659.1319009093534,25828924380.0,1188.2700277864333,7074499661.0,1155.2493422533269,6905840699.0,982.7012668229793,12811250093.0,979.5214459158747,5905409394.0,0.0,0.0,0.0,0.0,0.0,0.0,0.0,0.0,0.0,0.0,0.0,0.0,0.0,0.0,0.0,0.0,34995661.146,0.11719461131541241,1.1321944236092563,34827002.184,0.1137161885280292,1.132127514140244,66561335.958,0.0701603766316219,1.0916032930484454,31734333.774,0.06961134286136994,1.0849200870370315,10690,0.023089788903127073,0.01273751264100309,0.004164173236019475,0.004819424936604699,0.052385406922357346,0.11714043877401736,0.10870216329529914,0.09080243204197191,-0.9019882402081136,0.21337698783910197,0.11714043877401736,0.11410413091131077,0.09080243204197191,0.09319233485528156,0.21337698783910197,0.9939392115704176,0.4767682817247579,0.4767682817247579
agnews,query4,4,inf,2897.3453270959253,495.2653048476204,31238518057.0,34101552811.0,0.0,0.0,10369.0,2862.0663609826975,484.040081997402,31116289790.0,33946834990.0,513.0,0.0,10369.0,2599.398204179879,438.84845255780965,28658466465.0,65144619456.0,2198.0,0.0,10369.0,2583.7150928257824,438.84845255780965,28658466465.0,31197784466.0,2198.0,0.0,10369.0,1739.0665008154288,27209022931.0,1734.2678998712072,27209022931.0,1638.9988216181905,52638076343.0,1626.4181757982049,25429053412.0,1158.2788262804968,6892529880.0,1127.7984611114907,6737812059.0,960.3993825616885,12506543113.0,957.2969170275778,5768731054.0,0.0,0.0,0.0,0.0,0.0,0.0,0.0,0.0,0.0,0.0,0.0,0.0,0.0,0.0,0.0,0.0,34101552.811,0.11593278997976515,1.1091297478712923,33946834.99,0.11310364234985279,1.1091130865632384,65144619.456,0.07409491478509408,1.076657032996057,31197784.466,0.07357978695945822,1.0700498833991277,10369,0.022665070095455375,0.012176306974284179,0.003912742172243022,0.004536972901424408,0.04947439483074549,0.11391238541768778,0.10283452239180801,0.08259199707528564,-0.9103124076797631,0.21197801138007522,0.11391238541768778,0.10824744683938026,0.08259199707528564,0.08515061941881263,0.21197801138007522,0.9939666376129376,0.4789004023129127,0.47890040231291264
agnews,query4,8,1,5762.581749471823,983.7397772073746,60903053009.0,66615056411.0,0.0,0.0,21060.0,5699.310922659411,964.5251328125596,60679842706.0,66332356194.0,951.0,0.0,21060.0,4739.70594569532,807.7058726074174,51647600487.0,122596127839.0,6294.0,0.0,21060.0,4709.086807919195,807.7058726074174,51647600487.0,56263771645.0,6294.0,0.0,21060.0,3348.673401339166,52179003170.0,3341.3003447170245,52179003170.0,2958.871313696328,97660092381.0,2934.753942248589,45481089211.0,2413.9083481326575,14436053241.0,2358.010577942387,14153353024.0,1780.8346319989928,24936035458.0,1774.3328656706074,10782682434.0,0.0,0.0,0.0,0.0,0.0,0.0,0.0,0.0,0.0,0.0,0.0,0.0,0.0,0.0,0.0,0.0,66615056.411,0.09074489240328032,1.3716913164206606,66332356.194,0.08865877520066273,1.3716739518804768,122596127.839,0.043059440830891256,1.250335844789893,56263771.645,0.04213337671830437,1.242654229866463,21060,0.01953224301792611,0.010979597264405228,0.003665010077032016,0.004243788600219789,0.045156695156695154,0.17894356686448065,0.17750304433776676,0.1519702554259844,-0.8403666444806308,0.29886039886039883,0.17894356686448065,0.18281648527575123,0.1519702554259844,0.1553895669191494,0.29886039886039883,0.9935398655260599,0.4589359601870027,0.4589359601870027
agnews,query4,8,1/16,5735.962258497119,982.4007030157372,59955221034.0,65644653129.0,0.0,0.0,20981.0,5671.256463322655,961.0581700587645,59736257611.0,65367027088.0,1019.0,0.0,20981.0,4777.070264213587,816.2957363994792,52030892799.0,122049421076.0,6075.0,0.0,20981.0,4746.894094118395,816.2957363994792,52030892799.0,56682393988.0,6075.0,0.0,20981.0,3279.22667144845,50937678762.0,3269.7129932515554,50937678762.0,2979.7623542608912,96761327280.0,2956.217502659937,45823648518.0,2456.73558704867,14706974367.0,2401.5434700711,14429348326.0,1797.3079099526951,25288093796.0,1790.6765914584582,10858745470.0,0.0,0.0,0.0,0.0,0.0,0.0,0.0,0.0,0.0,0.0,0.0,0.0,0.0,0.0,0.0,0.0,65644653.129,0.09165441278254795,1.4193790360575367,65367027.088,0.09010600301037526,1.4193468138594472,98800484.64,0.045005157367372504,1.2546623608451344,35025255.381,0.044299412689653664,1.2469874568565107,20981,0.02172487549271518,0.01128072191873486,0.003652116016315432,0.004229225500733902,0.048567751775415856,0.1690806674978501,0.16717194972178429,0.13217077842989178,-0.8592439027159995,0.2895476860016205,0.1690806674978501,0.17243282291712125,0.13217077842989178,0.13652687178326672,0.2895476860016205,0.9936831219918931,0.4644216538536791,0.354504894471133
agnews,query4,8,1/4,5785.945888046259,976.8314686864614,60920344595.0,66674226708.0,0.0,0.0,20630.0,5718.861685495653,957.3079064777121,60679092044.0,66368801143.0,985.0,0.0,20630.0,4720.746354598994,797.121911062859,51323015811.0,122301273039.0,6278.0,0.0,20630.0,4690.109728412866,797.121911062859,51323015811.0,55932471896.0,6278.0,0.0,20630.0,3326.2972928124937,51926077617.0,3319.5028580223434,51926077617.0,2926.1597740882885,96974845028.0,2902.15925878143,45048767411.0,2459.6485952337657,14748149091.0,2399.3588274733097,14442723526.0,1794.5865805107064,25326428011.0,1787.9504696314366,10883704485.0,0.0,0.0,0.0,0.0,0.0,0.0,0.0,0.0,0.0,0.0,0.0,0.0,0.0,0.0,0.0,0.0,66674226.708,0.09007053653270188,1.4411737254160748,66368801.143,0.0881446845782535,1.4411611200978804,122245583.525,0.04273266834722756,1.2737575243578672,55876782.382,0.041885958008303914,1.265886452672939,20630,0.019986622907432028,0.011594336319183718,0.003960131095840813,0.00458086400218205,0.04774600096946195,0.18397191673734326,0.18410119175984052,0.15753897729573407,-0.8343110835708503,0.3043141056713524,0.18397191673734326,0.1893961991413341,0.15753897729573407,0.1611080524269678,0.3043141056713524,0.9935102155708321,0.4573335216074488,0.4570863075030669
agnews,query4,8,inf,5861.519497589092,994.8602650724351,62183075731.0,67999813495.0,0.0,0.0,20923.0,5800.2266507090535,975.8807348906994,61970383453.0,67729900679.0,967.0,0.0,20923.0,4775.287851969627,810.9210486486554,51985994681.0,124372234194.0,6233.0,0.0,20923.0,4744.021222346772,810.9210486486554,51985994681.0,56642333515.0,6233.0,0.0,20923.0,3415.1041463888955,53359288782.0,3407.7066076518367,53359288782.0,2969.056476389398,99068464349.0,2944.392585207971,45709175567.0,2446.4153512001967,14640524713.0,2392.5200430572177,14370611897.0,1806.231375580229,25303769845.0,1799.6286371388023,10933157948.0,0.0,0.0,0.0,0.0,0.0,0.0,0.0,0.0,0.0,0.0,0.0,0.0,0.0,0.0,0.0,0.0,67999813.495,0.08996773619743245,1.4268917290509502,67729900.679,0.0881291868138478,1.426867337918916,124372234.194,0.04351668622909958,1.2622029269556172,56642333.515,0.04243428522844436,1.254536673686263,20923,0.019077583906071283,0.01045681873194293,0.0034204206771645262,0.0039693170043745285,0.04621708168044735,0.18488949944180078,0.18531570970057232,0.16398482915370605,-0.8290084604885724,0.29790183052143576,0.18488949944180078,0.19064992886263687,0.16398482915370605,0.16702222250705312,0.29790183052143576,0.9934524094479544,0.4554258744491747,0.4554258744491747
agnews,query4,16,inf,11423.813863476977,1960.4993771780282,120738140953.0,132047625501.0,0.0,0.0,42039.0,11287.071577543999,1916.6122939456254,120270122497.0,131454021421.0,2138.0,0.0,42039.0,8086.627491584138,1417.7496668808162,89071186513.0,228297299939.0,16713.0,0.0,42039.0,8025.998180296046,1417.7496668808162,89071186513.0,96843278518.0,16713.0,0.0,42039.0,6651.375522774884,103578505722.0,6632.795954417718,103578505722.0,5223.218305858933,183165607018.0,5175.360950861791,79587101296.0,4772.438340702093,28469119779.0,4654.27562312628,27875515699.0,2863.409185725205,45131692921.0,2850.6372294342555,17256177222.0,0.0,0.0,0.0,0.0,0.0,0.0,0.0,0.0,0.0,0.0,0.0,0.0,0.0,0.0,0.0,0.0,132047625.501,0.08906676376823518,1.6862281196299764,131454021.421,0.08787393579099509,1.6862271508352655,228297299.939,0.019747892486243604,1.1700889028350532,96843278.518,0.01878949136679089,1.1626369854999994,42039,0.02238566548058507,0.011969932945962714,0.0038763099407186363,0.004495378676805495,0.05085753704893076,0.2768425823620786,0.2921254155376377,0.2622779694142141,-0.7289012132768045,0.39755940912010274,0.2768425823620786,0.2974326896242657,0.2622779694142141,0.26660340804639004,0.39755940912010274,0.9925025220524638,0.4241980897009123,0.4241980897009123
agnews,query4,50,inf,35672.88311319049,6103.445624746382,376399235200.0,411747975000.0,0.0,0.0,130800.0,35255.78647559987,5972.098978422582,374952440200.0,409915049600.0,6400.0,0.0,130800.0,17973.254709937017,3386.7885207757354,200503677400.0,627113457000.0,70400.0,0.0,130800.0,17784.426582192005,3386.7885207757354,200503677400.0,217198407400.0,70400.0,0.0,130800.0,20691.501711001256,322302692600.0,20637.509333180118,322302692600.0,12389.739392863066,506410986800.0,12240.911574558926,184108294200.0,14981.38140218917,89445282400.0,14618.277142419698,87612357000.0,5583.51531707395,120702470200.0,5543.51500763307,33090113200.0,0.0,0.0,0.0,0.0,0.0,0.0,0.0,0.0,0.0,0.0,0.0,0.0,0.0,0.0,0.0,0.0,411747975.0,0.08941122283486831,1.8392258395001122,409915049.6,0.0891613618403505,1.8392258395001122,627113457.0,0.005729636827807807,1.0225988939913704,217198407.4,0.003219218165915131,1.015933438383771,130800,0.021520081344094555,0.011692260372316077,0.0038437777357098746,0.004451571134017063,0.04892966360856269,0.44510220472121154,0.4961647856466307,0.4673111455886402,-0.523051708997476,0.5382262996941896,0.44510220472121154,0.5014581096301691,0.4673111455886402,0.47249671986850694,0.5382262996941896,0.9894939380322356,0.3463462711182101,0.34634627111821015
bookreview,query1,1,inf,40.835983245980685,7.053877572529018,238127078.0,264949830.0,0.0,0.0,4257.0,39.87050824545278,6.764485392719507,220488655.0,246326226.0,266.0,0.0,4257.0,39.98446227303509,6.764485392719507,220488655.0,492652452.0,266.0,0.0,4257.0,39.87050824545278,6.764485392719507,220488655.0,246326226.0,266.0,0.0,4257.0,0.0,0.0,0.0,0.0,0.0,0.0,0.0,0.0,27.876440776344513,143181181.0,27.586826986725292,141647116.0,27.652354964097945,283294232.0,27.586826986725292,141647116.0,12.95954246963617,121768649.0,12.28368125872749,104679110.0,12.332107308937148,209358220.0,12.28368125872749,104679110.0,0.0,0.0,0.0,0.0,0.0,0.0,0.0,0.0,264949.83,0.009369845713751341,0.02211169691442693,246326.226,0.00919835215739173,0.02202459347195173,492652.452,0.00922711560984867,0.022085453886857346,246326.226,0.00919835215739173,0.02202459347195173,4257,0.04102597143683562,0.023642751411475538,0.07407147119992796,0.07029105849964123,0.062485318299271786,0.04102597143683562,0.020852221625627276,0.07407147119992796,-0.8594178830007175,0.062485318299271786,0.04102597143683562,0.023642751411475538,0.07407147119992796,0.07029105849964123,0.062485318299271786,0.9971500422638131,0.5,0.5
bookreview,query1,2,1,83.34794903955297,14.357099973596632,494983545.0,550002702.0,0.0,0.0,8605.0,81.37558371220902,13.7850272776559,461292260.0,514283346.0,504.0,0.0,8605.0,70.18062232177915,11.344777745194733,391684939.0,946430033.0,1706.0,0.0,8605.0,69.95781559996506,11.344777745194733,391684939.0,432146687.0,1706.0,0.0,8605.0,0.0,0.0,0.0,0.0,0.0,0.0,0.0,0.0,57.11773529284218,304698201.0,56.42759792420158,301042584.0,46.21631704653487,548087104.0,46.084604497669154,247044520.0,26.230213746710785,245304501.0,24.947985788007436,213240762.0,23.964305275244286,398342929.0,23.8732111022959,185102167.0,0.0,0.0,0.0,0.0,0.0,0.0,0.0,0.0,550002.702,0.008097838903108561,0.026018939050503023,514283.346,0.007879512768026564,0.025989247132355297,946430.033,0.006230705547692721,0.022929749056735747,432146.687,0.0062043754914239005,0.022866494805535244,8605,0.03984597843525506,0.02366423349431146,0.06806546468125518,0.06494396458437768,0.05857059848925043,0.2098141152420544,0.15798021270475693,0.20869098991967505,-0.7207734244912856,0.19825682742591516,0.2098141152420544,0.16065342451598408,0.20869098991967505,0.21428261092433687,0.19825682742591516,0.9968252387276858,0.45660711508718577,0.4566071150871857
bookreview,query1,2,1/16,85.13846922849852,14.655461416579783,517286313.0,573213394.0,0.0,0.0,8870.0,83.0574817039356,14.026635229587555,478667091.0,532453850.0,578.0,72.0,8870.0,71.24041688406143,11.44408205524087,405118586.0,891503649.0,1859.0,72.0,8870.0,71.10732597594986,11.444588406011462,405176234.0,445835035.0,1866.0,96.0,8870.0,0.0,0.0,0.0,0.0,0.0,0.0,0.0,0.0,58.157407128611986,319450052.0,57.578439117092856,316385588.0,46.79119149794465,489304528.0,46.758031942225216,259874846.0,26.981062099886522,253763342.0,25.479042586842723,216068262.0,24.449225386116783,402199121.0,24.349294033724647,185960189.0,0.0,0.0,0.0,0.0,0.0,0.0,0.0,0.0,573213.394,0.008076560310350681,0.02605202731865639,532453.85,0.007829735796385235,0.026034903875302468,877240.918,0.006122313614166078,0.02273241688142353,437648.264,0.006094945218418456,0.022689833660716217,8870,0.04290729367830304,0.024442388304843465,0.07465734358217979,0.07110710326493175,0.06516347237880496,0.21912509405578096,0.16324057115869517,0.21683876835921623,-0.5552735828081505,0.20958286358511838,0.21909054374336157,0.16480379997074224,0.21672732524048055,0.22221804363489805,0.21037204058624578,0.998131806158179,0.5000933372511637,0.4988917582615544
bookreview,query1,2,1/4,83.78808299005684,14.42568507604301,497660431.0,552983770.0,0.0,0.0,8741.0,81.6024602860526,13.784722824580967,458942170.0,512004024.0,576.0,0.0,8741.0,70.1124029289235,11.238210353069007,384533735.0,936736733.0,1863.0,0.0,8741.0,69.89171903000056,11.238210353069007,384533735.0,424732709.0,1863.0,0.0,8741.0,0.0,0.0,0.0,0.0,0.0,0.0,0.0,0.0,57.22368916404746,309392841.0,56.52779146110908,305759220.0,46.032262369589176,553526893.0,45.898770049739525,247767673.0,26.564393826009365,243590929.0,25.07466882494351,206244804.0,24.080140559334332,383209840.0,23.992948980261033,176965036.0,0.0,0.0,0.0,0.0,0.0,0.0,0.0,0.0,552983.77,0.008156994634570505,0.026033585930459145,512004.024,0.007911544137422118,0.026000993917772493,936736.733,0.006284990447567509,0.022690619303134735,424732.709,0.006258279595326933,0.02262651343435424,8741,0.04443201470732916,0.026085126022797334,0.07780056156403559,0.0741065981014235,0.06589635053197575,0.22095829114330923,0.16321748359795074,0.2273170397989709,-0.6939678591290301,0.21313350875185905,0.22095829114330923,0.16585131756392335,0.2273170397989709,0.23192554276954636,0.21313350875185905,0.9968524271069891,0.4534173733528607,0.4534173733528607
bookreview,query1,2,inf,84.07127715173948,14.527501992881298,486397221.0,541859541.0,0.0,0.0,8781.0,81.95225329499326,13.92206643987447,450860041.0,504109524.0,528.0,0.0,8781.0,70.1174079955017,11.368123769760132,375449924.0,919555137.0,1770.0,0.0,8781.0,69.89981059411878,11.368123769760132,375449924.0,415445613.0,1770.0,0.0,8781.0,0.0,0.0,0.0,0.0,0.0,0.0,0.0,0.0,57.39837100678926,293587448.0,56.62151085161035,289456709.0,45.86696599451111,522122508.0,45.74088975761602,232665799.0,26.672906144950215,248272093.0,25.330742443382896,214652815.0,24.250442000990585,397432629.0,24.15892083650275,182779814.0,0.0,0.0,0.0,0.0,0.0,0.0,0.0,0.0,541859.541,0.008111203531065906,0.025720613241365126,504109.524,0.007871738740528905,0.025700754430035076,919555.137,0.00616331148132753,0.022488265013262898,415445.613,0.006136496425177482,0.022427971459229784,8781,0.04167513129948297,0.025205087023022377,0.07306205394623333,0.06966753216217703,0.06012982576016399,0.21747566957273945,0.16597665253797178,0.2281001868635265,-0.6970359796617478,0.20157157499145884,0.21747566957273945,0.16856490156611692,0.2281001868635265,0.23329648817607518,0.20157157499145884,0.9968966707754389,0.4517897799531297,0.4517897799531297
bookreview,query1,4,1,168.7710152821474,29.25953401438892,991871546.0,1102146405.0,0.0,0.0,17680.0,164.64392945609845,28.04022648371756,919581242.0,1025636580.0,1086.0,0.0,17680.0,122.39445611047212,18.665661863982677,644701248.0,1730076006.0,5908.0,0.0,17680.0,121.98059033352335,18.665661863982677,644701248.0,704439426.0,5908.0,0.0,17680.0,0.0,0.0,0.0,0.0,0.0,0.0,0.0,0.0,114.90221765174981,608503163.0,113.56102130702496,601449653.0,75.17763657013083,989811071.0,74.929223921314,388361418.0,53.86879763039759,493643242.0,51.08290814907348,424186927.0,47.216819540341284,740264935.0,47.05136641220933,316078008.0,0.0,0.0,0.0,0.0,0.0,0.0,0.0,0.0,1102146.405,0.00693697575831967,0.02683166666466924,1025636.58,0.0066901288538350505,0.02682706368321734,1730076.006,0.004789125626838535,0.02116045380441981,704439.426,0.004763295811682599,0.02110275502319628,17680,0.041672144541732625,0.024453759546029796,0.07288272790113892,0.06941893078170502,0.061425339366515834,0.36206564824978105,0.2747898333973049,0.3500153819313212,-0.5697333840144405,0.3341628959276018,0.36206564824978105,0.27724206594598555,0.3500153819313212,0.3608476852038546,0.3341628959276018,0.9966185904974714,0.40717253089284217,0.40717253089284217
bookreview,query1,4,1/16,167.28214965375295,28.83142637088895,996421273.0,1106885658.0,0.0,0.0,17323.0,163.41363260530898,27.7116785813123,930994927.0,1037474477.0,978.0,144.0,17323.0,122.65915620451706,18.505362895317376,675374403.0,1601562695.0,5799.0,144.0,17323.0,122.46890376964575,18.522071285173297,675810596.0,738001849.0,5801.0,167.0,17323.0,0.0,0.0,0.0,0.0,0.0,0.0,0.0,0.0,115.29427370915997,632459624.0,113.9381760020107,625268087.0,76.96724515093082,883870766.0,76.94676533303112,432708240.0,51.987875944592986,474426034.0,49.47545660329825,412206390.0,45.69191105358623,717691929.0,45.52213843661461,305293609.0,0.0,0.0,0.0,0.0,0.0,0.0,0.0,0.0,1106885.658,0.0069075985921378666,0.026896114029066585,1037474.477,0.006685399962214698,0.026894107852579976,1530566.908,0.004815798738183211,0.02142208542894467,679756.651,0.0047922176548320945,0.021377424357348997,17323,0.03883775208247264,0.023125701435874557,0.06566132997443541,0.06270853768709683,0.05645673382208624,0.3581530564161677,0.26675286957752686,0.3221999356089621,-0.44690888659070516,0.3347572591352537,0.3575735363590957,0.26789018419994837,0.3217621759867827,0.33326279578554263,0.33487271257865264,0.9984489340970674,0.4608010983922175,0.4441208335597962
bookreview,query1,4,1/4,169.8264698677142,29.41699638031423,1005641544.0,1116827853.0,0.0,0.0,17700.0,165.69434459204126,28.240149658173323,938192313.0,1045142953.0,1012.0,0.0,17700.0,123.60332793012388,18.81440621614456,661830886.0,1768030473.0,5924.0,0.0,17700.0,123.18156944829295,18.81440621614456,661830886.0,722887520.0,5924.0,0.0,17700.0,0.0,0.0,0.0,0.0,0.0,0.0,0.0,0.0,116.39899040542356,630034584.0,114.81973328288647,621660741.0,76.70249769154393,1031614712.0,76.4447225358471,409953971.0,53.42747946229062,486793269.0,50.87461130915477,423482212.0,46.90083023857996,736415761.0,46.73684691244581,312933549.0,0.0,0.0,0.0,0.0,0.0,0.0,0.0,0.0,1116827.853,0.006809396578261578,0.026867320204462804,1045142.953,0.006579057008350934,0.026865161222901144,1768030.473,0.004757004245440297,0.021301617219743003,722887.52,0.00473147643671944,0.02124334779752599,17700,0.040005672466562614,0.024331455979104133,0.06707084786067674,0.0641861678211566,0.057175141242937856,0.36042395447500175,0.2721786655142493,0.3418819161273632,-0.5830823597842343,0.3346892655367232,0.36042395447500175,0.27466213279799756,0.3418819161273632,0.352731472394609,0.3346892655367232,0.9965878064216089,0.40886598451745126,0.40886598451745126
bookreview,query1,4,inf,169.21884569829626,29.310964482836425,997040020.0,1108311329.0,0.0,0.0,17683.0,165.16449611948616,28.10166013147682,923883532.0,1031001688.0,1099.0,0.0,17683.0,123.08845406477666,18.7614152058959,650454477.0,1742456519.0,5915.0,0.0,17683.0,122.67203089752236,18.7614152058959,650454477.0,711454831.0,5915.0,0.0,17683.0,0.0,0.0,0.0,0.0,0.0,0.0,0.0,0.0,115.56687841572268,619814773.0,114.34267838717219,613330420.0,76.07759053895431,1014130409.0,75.8237947999326,400799989.0,53.65196728257356,488496556.0,50.82181773231396,417671268.0,47.010863525822344,728326110.0,46.84823609758975,310654842.0,0.0,0.0,0.0,0.0,0.0,0.0,0.0,0.0,1108311.329,0.006952124009637111,0.026876943688543462,1031001.688,0.006708903990610357,0.02687151017434145,1742456.519,0.004796807964803152,0.021290083241437233,711454.831,0.0047715122816320114,0.021232710114430578,17683,0.041257746808970985,0.023959208338051652,0.07337367260343275,0.06975444442109457,0.062150087654809706,0.3599181897654036,0.2726078850328907,0.3476144748933949,-0.5721724333289748,0.3345020641293898,0.3599181897654036,0.2750687407699446,0.3476144748933949,0.3580731222499306,0.3345020641293898,0.9966168787282425,0.4083056439240766,0.4083056439240766
bookreview,query1,8,1,338.1015593805022,58.47632026206702,2009093558.0,2230770868.0,0.0,0.0,35236.0,329.4668519671854,56.006393229588866,1865456544.0,2078232259.0,2147.0,0.0,35236.0,214.50333758186747,30.09910423029214,1070904294.0,3238543903.0,15954.0,0.0,35236.0,213.715459649998,30.09910423029214,1070904294.0,1160311644.0,15954.0,0.0,35236.0,0.0,0.0,0.0,0.0,0.0,0.0,0.0,0.0,231.11086355079038,1250279193.0,227.91323765995833,1233474132.0,124.15104536592104,1856771680.0,123.66447239772788,623297548.0,106.99069582971177,980491675.0,101.55361430722706,844758127.0,90.35229221594642,1381772223.0,90.05098725227012,537014096.0,0.0,0.0,0.0,0.0,0.0,0.0,0.0,0.0,2230770.868,0.006022970583086783,0.026950228285400148,2078232.259,0.005812936688834388,0.026948386207019857,3238543.903,0.004193886651706203,0.019353231227644173,1160311.644,0.004171988384702019,0.019300597964163814,35236,0.04223807211891839,0.02553879795508196,0.07149344211873676,0.06837932626256615,0.06093200136224316,0.48527704726630827,0.36556537043219106,0.46697141617135185,-0.45175999447380266,0.4527755704393234,0.48527704726630827,0.36789567004190915,0.46697141617135185,0.4798606792636311,0.4527755704393234,0.9963269665602813,0.358281894194843,0.3582818941948431
bookreview,query1,8,1/16,334.5906960618533,57.70912339352071,1970370439.0,2190686654.0,0.0,0.0,34790.0,326.9438603951797,55.45353081729263,1836715793.0,2049252450.0,2012.0,242.0,34790.0,222.0255486018189,31.454721313901246,1170256746.0,3027142404.0,14879.0,242.0,34790.0,222.00076485001398,31.519979801028967,1171085767.0,1270742787.0,14895.0,321.0,34790.0,0.0,0.0,0.0,0.0,0.0,0.0,0.0,0.0,229.46187524116888,1224692724.0,226.96455757825754,1211499288.0,132.28292551968585,1635275677.0,132.63784065560804,718589489.0,105.12882082068438,965993930.0,99.97930281692216,837753162.0,89.74262308213306,1391866727.0,89.36292419440593,552153298.0,0.0,0.0,0.0,0.0,0.0,0.0,0.0,0.0,2190686.654,0.00611492529211747,0.026922847540985742,2049252.45,0.005900880431917053,0.026921190710395525,2646272.683,0.004261059696405024,0.020079348511998732,925205.09,0.0042405092297248,0.020042649258796067,34790,0.03908554563976152,0.022854298570394227,0.06783224278772282,0.06456158562967174,0.057832710549008334,0.45494369929325906,0.3364264122850126,0.40607272478472256,-0.38182354764096726,0.42768036792181663,0.45381288178486057,0.33650048413487754,0.40565198105877587,0.4199340263110034,0.42814027019258405,0.9998883743246622,0.41978295613740146,0.3496257569915745
bookreview,query1,8,1/4,337.2283229360807,58.362052254378796,1990929638.0,2212269659.0,0.0,0.0,35169.0,329.0415489280352,56.01041002199054,1854261624.0,2067170938.0,2047.0,0.0,35169.0,214.61850300560883,30.22505043167621,1067539093.0,3224775952.0,15771.0,0.0,35169.0,213.8346989609494,30.22505043167621,1067539093.0,1157605014.0,15771.0,0.0,35169.0,0.0,0.0,0.0,0.0,0.0,0.0,0.0,0.0,231.0591776058899,1249871633.0,228.0696161080684,1233910502.0,124.76213990784721,1863108550.0,124.27505084042774,629198048.0,106.16914533019079,962398026.0,100.97193281996675,833260436.0,89.85636309776162,1361667402.0,89.55964812052166,528406966.0,0.0,0.0,0.0,0.0,0.0,0.0,0.0,0.0,2212269.659,0.006005936596805179,0.02689122225337843,2067170.938,0.0057874848002376885,0.026889648410055735,3209325.364,0.004212839639379621,0.01955173581135661,1145167.329,0.004190984996801407,0.01950103167256521,35169,0.0402940291088173,0.024276650124661292,0.06864532597811479,0.06558817113895066,0.058204668884528986,0.4821112475631204,0.3635810268335964,0.4637986834771305,-0.45767761126266926,0.4484347010150985,0.4821112475631204,0.36590528014018475,0.4637986834771305,0.4767342175983801,0.4484347010150985,0.9963479195237935,0.3589722297705847,0.3568249395482607
bookreview,query1,8,inf,338.41669677457014,58.74981676694006,2000855667.0,2221743523.0,0.0,0.0,35483.0,329.9167535139576,56.29349251743406,1855648491.0,2067763755.0,2171.0,0.0,35483.0,215.0513057430073,30.369652055203915,1063933238.0,3220606184.0,15999.0,0.0,35483.0,214.26853464220787,30.369652055203915,1063933238.0,1152842429.0,15999.0,0.0,35483.0,0.0,0.0,0.0,0.0,0.0,0.0,0.0,0.0,230.97181376338372,1239853736.0,228.00183199828794,1224212651.0,124.47403960889268,1846144474.0,123.99156259704296,621931823.0,107.44488301118639,981889787.0,101.91492151566962,843551104.0,90.57726613411462,1374461710.0,90.27697204516492,530910606.0,0.0,0.0,0.0,0.0,0.0,0.0,0.0,0.0,2221743.523,0.006061694675387763,0.026818466624321365,2067763.755,0.005848338790032539,0.026815524035861665,3220606.184,0.004207809589041365,0.01948623053975017,1152842.429,0.0041850071004603745,0.01943383051011957,35483,0.041809904858941316,0.025116796368574668,0.07257253903662009,0.06930582509005478,0.06118422906744075,0.48306814001344,0.3645369516556104,0.46826087681016126,-0.44958504465503957,0.4508919764394217,0.48306814001344,0.36684999090060033,0.46826087681016126,0.48110913025490565,0.4508919764394217,0.9963600727831206,0.35795821132286565,0.3579582113228657
bookreview,query1,16,inf,674.1052141978734,116.66899635922164,3964974854.0,4407254225.0,0.0,0.0,70485.0,657.2772291912212,111.80621378403157,3678154655.0,4103062442.0,4285.0,0.0,70485.0,381.12356301223105,49.00109850987792,1692363018.0,5928243750.0,38526.0,0.0,70485.0,379.6558073319532,49.00109850987792,1692363018.0,1825181308.0,38526.0,0.0,70485.0,0.0,0.0,0.0,0.0,0.0,0.0,0.0,0.0,460.77362357831674,2467354009.0,454.90085975396096,2436234247.0,207.932770281604,3380700258.0,207.0097556598324,944466011.0,213.33159061955695,1939900216.0,202.37636943726034,1666828195.0,173.19079273062707,2547543492.0,172.64605167212073,880715297.0,0.0,0.0,0.0,0.0,0.0,0.0,0.0,0.0,4407254.225,0.005664736815990829,0.026814447457186828,4103062.442,0.005498076631584124,0.026813960600301574,5928243.75,0.0038975194035817604,0.017115500295023928,1825181.308,0.003877156354994003,0.017067576175848042,70485,0.041680161199104226,0.02496343990852523,0.07233846608400207,0.06902070256680048,0.060793076541108035,0.5799989711147899,0.43462303067076113,0.5731718156313936,-0.3451104582014439,0.5465843796552458,0.5799989711147899,0.4368003698299372,0.5731718156313936,0.5858688392317555,0.5465843796552458,0.9961488718548983,0.3078789241754778,0.30787892417547774
bookreview,query1,50,inf,2103.9031281633843,363.8249088078737,12426607200.0,13805424800.0,0.0,0.0,219800.0,2051.8174911105925,348.6799204722047,11530305000.0,12855409200.0,13400.0,0.0,219800.0,994.9043006590117,108.14876649528742,3302489800.0,16386834400.0,147200.0,0.0,219800.0,990.6389544203286,108.14876649528742,3302489800.0,3531425200.0,147200.0,0.0,219800.0,0.0,0.0,0.0,0.0,0.0,0.0,0.0,0.0,1438.235102324554,7736659000.0,1420.431694132023,7642367800.0,486.7352554617069,9244460600.0,483.9740454248538,1602092800.0,665.6680258388387,6068765800.0,631.3857969785773,5213041400.0,508.1690451973049,7142373800.0,506.664908995475,1929332400.0,0.0,0.0,0.0,0.0,0.0,0.0,0.0,0.0,13805424.8,0.005538463492674702,0.026717857572046987,12855409.2,0.005461698298139446,0.026717857572046987,16386834.4,0.0031055344959677587,0.011007037285069457,3531425.2,0.0030766693006429534,0.010979666591418856,219800,0.04162713428636278,0.02475667075900978,0.0721276681216736,0.0688146590027422,0.060964513193812554,0.7027450186144404,0.5271149667772395,0.7342404288758722,-0.1869851625282839,0.6696997270245678,0.7027450186144404,0.529142315936802,0.7342404288758722,0.744200178468974,0.6696997270245678,0.9957128075174086,0.21550380712946,0.21550380712946
bookreview,query2,1,inf,24.005619129607545,6.164263222366571,121875662.0,124345977.0,0.0,0.0,4049.0,23.290035901037417,5.90400764811784,115788313.0,117615173.0,196.0,0.0,4049.0,23.344446358607374,5.90400764811784,115788313.0,235230346.0,196.0,0.0,4049.0,23.290035901037417,5.90400764811784,115788313.0,117615173.0,196.0,0.0,4049.0,0.0,0.0,0.0,0.0,0.0,0.0,0.0,0.0,13.097924903182621,36959560.0,12.580643763436063,34431482.0,12.596572258396758,68862964.0,12.580643763436063,34431482.0,10.907694226424923,87386417.0,10.709392137601354,83183691.0,10.747874100210614,166367382.0,10.709392137601354,83183691.0,0.0,0.0,0.0,0.0,0.0,0.0,0.0,0.0,124345.977,0.005099869473168575,0.009918287444144434,117615.173,0.005036783748429995,0.009746075310680963,235230.346,0.005050338540719783,0.009775627873919498,117615.173,0.005036783748429995,0.009746075310680963,4049,0.04222006180794047,0.02980898866663917,0.04994720767137251,0.054129648279654385,0.04840701407755001,0.04222006180794047,0.02754241694123638,0.04994720767137251,-0.8917407034406912,0.04840701407755001,0.04222006180794047,0.02980898866663917,0.04994720767137251,0.054129648279654385,0.04840701407755001,0.9976692333270994,0.5,0.5
bookreview,query2,2,1,47.164690889592706,12.207763271406293,236796645.0,241197837.0,0.0,0.0,8051.0,45.60223783177833,11.66960725095123,223637786.0,226585476.0,401.0,0.0,8051.0,44.03997401888,11.009104695171118,214336794.0,443082338.0,829.0,0.0,8051.0,43.94053193138889,11.009104695171118,214336794.0,216496862.0,829.0,0.0,8051.0,0.0,0.0,0.0,0.0,0.0,0.0,0.0,0.0,25.78746693953981,68373524.0,24.64049296637684,62656138.0,23.142121559758788,118098953.0,23.11533553378219,55442815.0,21.377223950052887,172824313.0,20.96174486540149,163929338.0,20.897852459121218,324983385.0,20.825196397606692,161054047.0,0.0,0.0,0.0,0.0,0.0,0.0,0.0,0.0,241197.837,0.004649470964709246,0.01191281805595564,226585.476,0.00456273215053808,0.011688483584701962,443082.338,0.004499316146925022,0.010960067146142604,216496.862,0.004491204983528094,0.010922326617235347,8051,0.044083097656026915,0.03312760093078748,0.05557029323620699,0.06058247114380222,0.049807477332008444,0.09818822249303771,0.06625118943379316,0.09484868757325515,-0.8370079247435374,0.10296857533225687,0.09818822249303771,0.06835959056216889,0.09484868757325515,0.10240960411266042,0.10296857533225687,0.9977420039474029,0.48861541847330414,0.48861541847330414
bookreview,query2,2,1/16,47.39284739062044,12.297257969155908,243907730.0,248023503.0,0.0,0.0,8152.0,45.87292844633409,11.76678726170212,230206671.0,233041702.0,404.0,0.0,8152.0,44.388120021453695,11.089379046112299,220956107.0,456241749.0,839.0,0.0,8152.0,44.28302120759892,11.087061904370785,220889102.0,223131748.0,841.0,27.0,8152.0,0.0,0.0,0.0,0.0,0.0,0.0,0.0,0.0,25.572841462545853,68853857.0,24.49031962671758,63447403.0,23.076629219386184,120298619.0,23.04976623290582,56851216.0,21.820005928074576,179169646.0,21.38260881961651,169594299.0,21.31149080206751,335943130.0,21.233254974693097,166280532.0,0.0,0.0,0.0,0.0,0.0,0.0,0.0,0.0,248023.503,0.00458828273208993,0.011781247438566705,233041.702,0.004500570661215419,0.01162560231162416,452069.373,0.00442413620733936,0.010906108904438803,221113.576,0.004416111574683091,0.010868183181045522,8152,0.043137316366324785,0.03207063993768722,0.05617312333643543,0.06040476333406197,0.049558390578999016,0.09822343534414102,0.06340043982589261,0.09409961299709524,-0.8395101411014261,0.10291952894995093,0.09841186285760184,0.06561804901464907,0.09437432753771269,0.10036046866090753,0.1031648675171737,0.9976322760728776,0.4890647304615694,0.48911425813400544
bookreview,query2,2,1/4,48.76032738876067,12.434852432459593,254068345.0,259759372.0,0.0,0.0,8140.0,47.32899990975573,11.95930686686188,242698467.0,247037425.0,341.0,0.0,8140.0,45.688745991390036,11.278604123741388,232679778.0,483197973.0,770.0,0.0,8140.0,45.57985510954183,11.278604123741388,232679778.0,236160548.0,770.0,0.0,8140.0,0.0,0.0,0.0,0.0,0.0,0.0,0.0,0.0,26.828861827513776,74741184.0,25.750532373050667,69348169.0,24.195645627580635,131270354.0,24.1659900168888,61922185.0,21.931465561246892,185018188.0,21.57846753670506,177689256.0,21.493100363809397,351927619.0,21.413865092653026,174238363.0,0.0,0.0,0.0,0.0,0.0,0.0,0.0,0.0,259759.372,0.004639995792677575,0.012607404031773977,247037.425,0.004566403377130154,0.012383959796728511,483197.973,0.004459318833001597,0.011663116331532032,236160.548,0.004450995045654949,0.011622350402851336,8140,0.038242960113974656,0.02935434513376267,0.04475125777672151,0.04897589219610521,0.041891891891891894,0.09298448172171037,0.06299345311776228,0.08418430481766626,-0.8601753202575497,0.0945945945945946,0.09298448172171037,0.06522663914582216,0.08418430481766626,0.09084878754634496,0.0945945945945946,0.9976166804431725,0.4887449062208711,0.48874490622087113
bookreview,query2,2,inf,48.664373426828185,12.57558280043304,246601162.0,251201696.0,0.0,0.0,8307.0,46.983641970168115,12.00287657417357,233389583.0,236401798.0,407.0,0.0,8307.0,45.375088268843115,11.26319991517812,223388715.0,462177339.0,886.0,0.0,8307.0,45.27174603630438,11.26319991517812,223388715.0,225775541.0,886.0,0.0,8307.0,0.0,0.0,0.0,0.0,0.0,0.0,0.0,0.0,26.628087327098374,74637512.0,25.33415665349767,68274099.0,23.814724751521283,129470307.0,23.78581740352933,61196208.0,22.036286099729807,176564184.0,21.64948531667044,168127699.0,21.560363517321836,332707032.0,21.485928632775046,164579333.0,0.0,0.0,0.0,0.0,0.0,0.0,0.0,0.0,251201.696,0.004573009742686474,0.0120858512226324,236401.798,0.004500165148166407,0.011856462235871649,462177.339,0.0044303178710031485,0.011074690674314182,225775.541,0.00442225159429109,0.011036815862759893,8307,0.04554112802149801,0.034537205316887865,0.053574682669175755,0.05891639362180101,0.04899482364271097,0.10435960750938145,0.06759123618288942,0.09412951184715013,-0.8398655198569998,0.10665703623450103,0.10435960750938145,0.0697148067800557,0.09412951184715013,0.10121808652119924,0.10665703623450103,0.9977224896637898,0.48850413455688707,0.48850413455688707
bookreview,query2,4,1,95.16314867859695,24.445024793036282,493003078.0,502601560.0,0.0,0.0,16093.0,91.95229207242672,23.376285918056965,467612331.0,474236436.0,767.0,0.0,16093.0,83.47591357880815,19.85252768918872,414262254.0,891127548.0,2967.0,0.0,16093.0,83.284177120296,19.85252768918872,414262254.0,416891112.0,2967.0,0.0,16093.0,0.0,0.0,0.0,0.0,0.0,0.0,0.0,0.0,51.50085209843159,139093054.0,49.05579376309989,126940207.0,41.40140879897729,218374298.0,41.35536669922931,91434091.0,43.66229658016535,363508506.0,42.8964983093268,347296229.0,42.074504779830846,672753250.0,41.928810421066665,325457021.0,0.0,0.0,0.0,0.0,0.0,0.0,0.0,0.0,502601.56,0.004467199414765411,0.01423748092761444,474236.436,0.004398864177617103,0.014087106311025043,891127.548,0.004209941998861021,0.011728334796146362,416891.112,0.004203416508338959,0.011680330488208625,16093,0.04372009781245023,0.033740546112177916,0.05150220786248316,0.05643660158953745,0.04766047349779407,0.18787042118917552,0.1228126145684939,0.15971669856389825,-0.7730298091394703,0.18436587336108867,0.18787042118917552,0.12482743292175924,0.15971669856389825,0.17053358927099227,0.18436587336108867,0.9977030924216105,0.46782428950339217,0.4678242895033922
bookreview,query2,4,1/16,96.57653137643005,24.62755138333887,507399770.0,518591123.0,0.0,0.0,16151.0,93.44814697549589,23.600837242789567,481229788.0,489567099.0,744.0,0.0,16151.0,85.25682430424256,20.240447374992073,428489587.0,922378985.0,2844.0,0.0,16151.0,84.98847964293772,20.229127581231296,428218486.0,432463793.0,2847.0,57.0,16151.0,0.0,0.0,0.0,0.0,0.0,0.0,0.0,0.0,52.58749807046511,147704044.0,50.257504652469486,136054315.0,42.87915127172115,237668905.0,42.76001786184562,101266497.0,43.989033305964924,370887079.0,43.19064232302638,353512784.0,42.37767303252139,684710080.0,42.22846178109208,331197296.0,0.0,0.0,0.0,0.0,0.0,0.0,0.0,0.0,518591.123,0.00449651601471188,0.014624252541020457,489567.099,0.004412281955854917,0.014457135944144744,887202.646,0.0042237118746387345,0.012250385997879901,407946.57,0.00421663367417801,0.012172116980032939,16151,0.041689655807353176,0.032392801401621485,0.05157665325705607,0.05596706675598073,0.046065259117082535,0.1781380511630879,0.11720970830963318,0.15551875989222463,-0.7786247085451943,0.17608816791529935,0.17859769059636244,0.11998827839783499,0.1560530545766704,0.16607945292576864,0.17627391492786823,0.9968525139952757,0.4688569449573919,0.4598121656188118
bookreview,query2,4,1/4,95.19748315517717,24.49827753379941,486512805.0,496721274.0,0.0,0.0,16064.0,92.31400715858945,23.508269872516394,463300706.0,470842100.0,715.0,0.0,16064.0,84.31416127327692,20.1925818733871,412472842.0,887002231.0,2783.0,0.0,16064.0,84.12233595795084,20.1925818733871,412472842.0,416160131.0,2783.0,0.0,16064.0,0.0,0.0,0.0,0.0,0.0,0.0,0.0,0.0,52.19819132180081,139973801.0,50.00693425393343,129109342.0,42.80879186155441,224728928.0,42.76106755600748,95619586.0,42.99929183337634,356747473.0,42.307072904655996,341732758.0,41.505369411722505,662273303.0,41.36126840194334,320540545.0,0.0,0.0,0.0,0.0,0.0,0.0,0.0,0.0,496721.274,0.004479114189075255,0.014581595174765158,470842.1,0.00441840395919679,0.014376654448436516,887002.231,0.0042329685572269895,0.012092591431286505,416160.131,0.004226347435989909,0.012043362799316589,16064,0.04041131707799206,0.03028941418427522,0.04771117792058932,0.052099991191438266,0.044509462151394424,0.17575503642947532,0.11432363042791616,0.15218502419478974,-0.7857141971334209,0.1732445219123506,0.17575503642947532,0.11633865549967559,0.15218502419478974,0.1621858116751408,0.1732445219123506,0.9977248742983478,0.46917596873552847,0.46917596873552847
bookreview,query2,4,inf,97.06022861468139,24.747595137916505,501107227.0,512516594.0,0.0,0.0,16253.0,93.75774116337517,23.65719334874302,476473837.0,484784808.0,782.0,0.0,16253.0,85.18249044923498,20.189779401756823,422928770.0,911584020.0,2967.0,0.0,16253.0,84.98568562635295,20.189779401756823,422928770.0,426799212.0,2967.0,0.0,16253.0,0.0,0.0,0.0,0.0,0.0,0.0,0.0,0.0,53.26176226743779,150006109.0,50.654392659276084,137001169.0,42.894574394190144,237470243.0,42.84373968941221,100469074.0,43.79846634724359,362510485.0,43.10334850409907,347783639.0,42.287916055044825,674113777.0,42.141945936940715,326330138.0,0.0,0.0,0.0,0.0,0.0,0.0,0.0,0.0,512516.594,0.00447839023711341,0.014486403802858611,484784.808,0.00442209295369301,0.014281833131594528,911584.02,0.004221288097276317,0.011937004310498576,426799.212,0.004215166053187078,0.011887751269416826,16253,0.04406091917605548,0.03402513571667687,0.04915792204290037,0.054109049979365165,0.04811419430259029,0.18417206644764128,0.12237492467280031,0.15601143385625127,-0.7786429369738612,0.18255091367747492,0.18417206644764128,0.12440258137308824,0.15601143385625127,0.1672480130467736,0.18255091367747492,0.997689609427429,0.4681951445353331,0.4681951445353331
bookreview,query2,8,1,192.75679182980048,49.64508050121367,986338200.0,1006423614.0,0.0,0.0,32624.0,186.25758016231288,47.45540321525186,934126411.0,948198082.0,1578.0,0.0,32624.0,158.82061284557747,35.50557825807482,749769940.0,1701177315.0,9033.0,0.0,32624.0,158.4756657408505,35.50557825807482,749769940.0,752979233.0,9033.0,0.0,32624.0,0.0,0.0,0.0,0.0,0.0,0.0,0.0,0.0,105.3187320718468,283083659.0,100.3926121026542,258628234.0,76.33194939990649,408391782.0,76.25637165576711,149763548.0,87.43805975795367,723339955.0,85.86496805965868,689569848.0,82.48866344567097,1292785533.0,82.21929408508338,603215685.0,0.0,0.0,0.0,0.0,0.0,0.0,0.0,0.0,1006423.614,0.004452380904259109,0.016154886309226922,948198.082,0.0043927970163356,0.015972174351831844,1701177.315,0.004061018467036252,0.011060673039931078,752979.233,0.00405301682159407,0.01099999169924477,32624,0.04410663179221308,0.0337171603957086,0.05293497605588027,0.05785390087240139,0.04836929867582148,0.28481174973204404,0.17605698176481288,0.23984497406670446,-0.690319355920836,0.2768820500245218,0.28481174973204404,0.177846527551773,0.23984497406670446,0.2518267432067627,0.2768820500245218,0.9978280709377292,0.4426224276333005,0.44262242763330056
bookreview,query2,8,1/16,191.07186498270707,49.1481348304078,970755545.0,990829616.0,0.0,0.0,32306.0,185.44129067787628,47.14392531849444,924423870.0,939501454.0,1490.0,0.0,32306.0,159.94952311502368,36.05644192639738,758017522.0,1702220648.0,8482.0,0.0,32306.0,159.710060019378,36.073432316072285,758411802.0,763240592.0,8478.0,84.0,32306.0,0.0,0.0,0.0,0.0,0.0,0.0,0.0,0.0,104.62482741711736,285495620.0,100.40068388226612,264579870.0,77.85563800077924,426449604.0,77.88349226651896,162449889.0,86.44703756558968,705333996.0,85.04060679561016,674921584.0,82.09388511424443,1275771044.0,81.82656775285905,600790703.0,0.0,0.0,0.0,0.0,0.0,0.0,0.0,0.0,990829.616,0.0044441900730896235,0.016280433768715654,939501.454,0.0043961856102402745,0.016182534476166535,1497047.73,0.004095060840015127,0.011636800559614255,587616.185,0.0040882693051278295,0.011585943083122316,32306,0.040778953643493376,0.029468358961903585,0.04772743791023104,0.05180321739595639,0.046121463505231226,0.26637212071597527,0.16288291251304898,0.21914685328941386,-0.7179751397338128,0.26255184795394043,0.2660264231684787,0.16413617445021256,0.21874069542399577,0.22969541919707814,0.2624280319445304,0.9985028833410559,0.44837935252210614,0.3925166667865694
bookreview,query2,8,1/4,193.17289657019268,49.607462691143155,986957679.0,1007184865.0,0.0,0.0,32593.0,186.8998181516959,47.494211743585765,936785475.0,951449723.0,1509.0,0.0,32593.0,160.75009423146625,35.88868392352015,763125998.0,1719664047.0,8793.0,0.0,32593.0,160.40149355006818,35.88868392352015,763125998.0,768214324.0,8793.0,0.0,32593.0,0.0,0.0,0.0,0.0,0.0,0.0,0.0,0.0,106.05769102404444,294517622.0,101.30770754081999,270979280.0,78.32247068512031,438427012.0,78.23992225788719,167447732.0,87.11520554614822,712667243.0,85.5921106108759,680470443.0,82.42762354634593,1281237035.0,82.16157129218098,600766592.0,0.0,0.0,0.0,0.0,0.0,0.0,0.0,0.0,1007184.865,0.004433411109523797,0.016450555554155206,951449.723,0.004379699194135093,0.016319266052527297,1719664.047,0.00406085290538331,0.0117497419452965,768214.324,0.004053777373773142,0.011688469659287427,32593,0.042599456471187125,0.03247390565589692,0.05083521316824369,0.0553375491797129,0.04629828490780229,0.2765466730890136,0.1678434341172963,0.22678954301950371,-0.7073966326926486,0.26978185499953977,0.2765466730890136,0.1696480386326683,0.22678954301950371,0.23726581812763836,0.26978185499953977,0.997831412273413,0.4467234895909875,0.44672348959098757
bookreview,query2,8,inf,191.48141116461184,49.484554211609066,972600552.0,991176746.0,0.0,0.0,32601.0,185.05735553183587,47.32130996603519,920720116.0,933300493.0,1549.0,0.0,32601.0,158.63860800212714,35.55155561957508,744371002.0,1680631961.0,8996.0,0.0,32601.0,158.30045218164616,35.55155561957508,744371002.0,747331468.0,8996.0,0.0,32601.0,0.0,0.0,0.0,0.0,0.0,0.0,0.0,0.0,104.34601967467854,279311997.0,99.47052494605052,255117345.0,76.30474886853875,405636031.0,76.23056906742589,150518686.0,87.13539148993328,711864749.0,85.58683058578534,678183148.0,82.33385913358836,1274995930.0,82.06988311422027,596812782.0,0.0,0.0,0.0,0.0,0.0,0.0,0.0,0.0,991176.746,0.004443154476845586,0.016056614263711442,933300.493,0.004387487789412909,0.01594985518556269,1680631.961,0.0040478672684372006,0.01103040106118715,747331.468,0.0040406058036964445,0.010971190809814204,32601,0.04371554478036266,0.03354923902902185,0.05334197671728236,0.058391455644581924,0.04751387994233306,0.2815625767275338,0.17151953791614039,0.23465907923934637,-0.6955926052365236,0.275942455752891,0.2815625767275338,0.17328553607974417,0.23465907923934637,0.24601593911889452,0.275942455752891,0.9978683888825068,0.44467288814103423,0.44467288814103423
bookreview,query2,16,inf,384.4762536656092,98.7369632050395,1974441987.0,2015210251.0,0.0,0.0,64907.0,371.796917524954,94.54532268363982,1872374432.0,1901500930.0,3030.0,0.0,64907.0,297.3982908512772,60.38531259819865,1334596120.0,3241110386.0,24414.0,0.0,64907.0,296.78740764838864,60.38531259819865,1334596120.0,1339609456.0,24414.0,0.0,64907.0,0.0,0.0,0.0,0.0,0.0,0.0,0.0,0.0,210.2465882079782,582853547.0,200.63919614276762,534924396.0,137.3834566085831,790542857.0,137.2641729311463,255618461.0,174.229665457631,1432356704.0,171.15772138218634,1366576534.0,160.01483424269415,2450567529.0,159.52323471724236,1083990995.0,0.0,0.0,0.0,0.0,0.0,0.0,0.0,0.0,2015210.251,0.004430548392964476,0.017614864300081454,1901500.93,0.00438767093492853,0.017602410076076113,3241110.386,0.003912919096957154,0.010202079877696026,1339609.456,0.0038989271191116033,0.010133402537491117,64907,0.04245259713624383,0.03297820351652414,0.051694380322150235,0.05642553720812726,0.04668217603648297,0.3884224242060079,0.2264846319743492,0.32406415139712075,-0.6083236894967541,0.376138166915741,0.3884224242060079,0.22807350306083207,0.32406415139712075,0.33525077329511854,0.376138166915741,0.9979459088310833,0.41331805969536023,0.41331805969536023
bookreview,query2,50,inf,1200.9602525208945,308.77163391560316,6131263200.0,6255827600.0,0.0,0.0,203200.0,1162.4001895515855,295.57562507689,5820732400.0,5910281800.0,9600.0,0.0,203200.0,827.9178506503445,135.26798393577337,3092464000.0,9002004000.0,109400.0,0.0,203200.0,826.4380690621256,135.26798393577337,3092464000.0,3091722200.0,109400.0,0.0,203200.0,0.0,0.0,0.0,0.0,0.0,0.0,0.0,0.0,656.7286059789176,1801039000.0,627.5756867992357,1656514400.0,356.60441632938193,2150335000.0,356.43889351558715,493820600.0,544.2316465419811,4454788600.0,534.8245027523536,4253767400.0,471.3134343209624,6851669000.0,469.9991755465389,2597901600.0,0.0,0.0,0.0,0.0,0.0,0.0,0.0,0.0,6255827.6,0.004400296968204849,0.018362648834271304,5910281.8,0.0043770686656068505,0.018362648834271304,9002004.0,0.0035749374428821726,0.008024878226516128,3091722.2,0.0035680184337711705,0.007969793875498638,203200,0.042737115036674767,0.0321076928968872,0.050647116241886336,0.0552358252327797,0.047244094488188976,0.5619157685555198,0.3106201067749824,0.4956236750691114,-0.438978913037821,0.5383858267716536,0.5619157685555198,0.311852272106943,0.4956236750691114,0.5057852617293993,0.5383858267716536,0.9982126468380208,0.34344821441981144,0.34344821441981144
bookreview,query3,1,inf,18.594613016720103,4.926449761725962,63409181.0,64196061.0,0.0,0.0,3457.0,18.25044651680201,4.621668809093535,60478028.0,61677666.0,274.0,0.0,3457.0,18.27897948532391,4.621668809093535,60478028.0,123355332.0,274.0,0.0,3457.0,18.25044651680201,4.621668809093535,60478028.0,61677666.0,274.0,0.0,3457.0,0.0,0.0,0.0,0.0,0.0,0.0,0.0,0.0,11.837575403256817,40193451.0,11.58028944222369,39048747.0,11.598353949868494,78097494.0,11.58028944222369,39048747.0,6.757037613463284,24002610.0,6.670157074578319,22628919.0,6.680625535455416,45257838.0,6.670157074578319,22628919.0,0.0,0.0,0.0,0.0,0.0,0.0,0.0,0.0,64196.061,0.005259110176267051,0.008872480418935366,61677.666,0.005218870228539671,0.008829684519427314,123355.332,0.005226476642030587,0.00884831518383173,61677.666,0.005218870228539671,0.008829684519427314,3457,0.061866245952673316,0.01850893587345004,0.046226003139829275,0.039229743395003625,0.07925947353196414,0.061866245952673316,0.016974460888881104,0.046226003139829275,-0.9215405132099928,0.07925947353196414,0.061866245952673316,0.01850893587345004,0.046226003139829275,0.039229743395003625,0.07925947353196414,0.9984390283634376,0.5,0.5
bookreview,query3,2,1,37.41927895963186,9.820695116184652,134141086.0,135852475.0,0.0,0.0,6916.0,36.919992826658444,9.258457667194307,129092738.0,131828702.0,537.0,0.0,6916.0,35.836540345240245,8.514292424544692,123387887.0,257721684.0,1086.0,0.0,6916.0,35.78245495838448,8.514292424544692,123387887.0,125892982.0,1086.0,0.0,6916.0,0.0,0.0,0.0,0.0,0.0,0.0,0.0,0.0,23.668930758807807,82693527.0,23.31705485150685,81277557.0,22.218539878139396,157061259.0,22.184157417465403,75783702.0,13.750348200824051,53158948.0,13.602937975151592,50551145.0,13.618000467100845,100660425.0,13.59829754091907,50109280.0,0.0,0.0,0.0,0.0,0.0,0.0,0.0,0.0,135852.475,0.004396989377943748,0.010628445097321592,131828.702,0.004360571956742553,0.010626644579896025,257721.684,0.004131534385312848,0.010403862187367188,125892.982,0.0041289031403896,0.010379682108894185,6916,0.05725027020376283,0.013343018541646656,0.03763461405105961,0.029618694837911463,0.07764603817235396,0.1330254810056153,0.04229741081059002,0.08016335129417396,-0.8970702153199639,0.1570271833429728,0.1330254810056153,0.0437427990799395,0.08016335129417396,0.07331108984212475,0.1570271833429728,0.9984907754394057,0.4884842441119545,0.4884842441119545
bookreview,query3,2,1/16,37.1117693329228,9.638088973239064,135142992.0,137460312.0,0.0,0.0,6747.0,36.81459491736893,9.220390437170863,132045073.0,135331651.0,416.0,44.0,6747.0,35.70340634630189,8.513368980959058,125767481.0,227989041.0,942.0,44.0,6747.0,35.66409601916258,8.513368980959058,125767481.0,128723428.0,942.0,44.0,6747.0,0.0,0.0,0.0,0.0,0.0,0.0,0.0,0.0,24.146879729652763,87064167.0,23.902633811500436,86023461.0,22.806163732158435,154223581.0,22.774851309878308,80234380.0,12.964889603270032,50396145.0,12.911961105868487,49308190.0,12.897242614143455,73765460.0,12.88924470928427,48489048.0,0.0,0.0,0.0,0.0,0.0,0.0,0.0,0.0,137460.312,0.0045055399330164725,0.011077381308499671,135331.651,0.0044948909110908795,0.011070624961544028,226869.124,0.004244886825243027,0.010847544034924547,127700.009,0.004241479902247003,0.010827186446814543,6747,0.04333831501534946,0.008007551806220037,0.02292326782287013,0.015485640684418045,0.06165703275529865,0.11669533196911575,0.03794922775000953,0.06937474789665754,-0.6585808491399321,0.13961760782570032,0.11669533196911575,0.03900846927489254,0.06937474789665754,0.0635593203076682,0.13961760782570032,0.9988989754434626,0.5646035767131456,0.5628796318709284
bookreview,query3,2,1/4,37.26253595506725,9.705371220596135,131224216.0,133679230.0,0.0,0.0,6808.0,36.81070621153496,9.19144605845213,127044510.0,130507077.0,491.0,0.0,6808.0,35.69068301477307,8.455716176889837,120835207.0,254470024.0,1035.0,0.0,6808.0,35.63516667794832,8.452419488690794,120808796.0,123941687.0,1038.0,8.0,6808.0,0.0,0.0,0.0,0.0,0.0,0.0,0.0,0.0,24.07454272195736,84965975.0,23.693969590656113,83245525.0,22.55353502281519,160436281.0,22.51800461470992,77190756.0,13.187993233109884,48713255.0,13.116736620878848,47261552.0,13.137147991957878,94033743.0,13.117162063238398,46750931.0,0.0,0.0,0.0,0.0,0.0,0.0,0.0,0.0,133679.23,0.004463406536990726,0.010910505644960275,130507.077,0.004442345576739476,0.010905187403626459,249624.178,0.0042025780868349665,0.01066076885346568,123870.803,0.004198523226068233,0.010636009891155762,6808,0.05295265378962377,0.01212557685491733,0.03185163628640009,0.02372958761058097,0.07212103407755582,0.12875911856461064,0.04218319821789873,0.07916990717627914,-0.9035868474107758,0.15202702702702703,0.1290987952368483,0.043673068281806726,0.07937117338159594,0.07284260239978946,0.15246768507638073,0.9984445145865722,0.48705810237201064,0.49622918738264205
bookreview,query3,2,inf,36.77177607298606,9.59044688846916,127629924.0,129651971.0,0.0,0.0,6757.0,36.35254235150162,9.150371233001351,124054239.0,126895823.0,417.0,0.0,6757.0,35.29509416602656,8.43325615953654,118088055.0,247589251.0,960.0,0.0,6757.0,35.24321538461877,8.43325615953654,118088055.0,120693428.0,960.0,0.0,6757.0,0.0,0.0,0.0,0.0,0.0,0.0,0.0,0.0,23.842110017492388,84279010.0,23.48698111392987,82607528.0,22.43722928067992,159917799.0,22.402043019498695,77310271.0,12.92966605549367,45372961.0,12.865561237571749,44288295.0,12.857864885346638,87671452.0,12.841172365120075,43383157.0,0.0,0.0,0.0,0.0,0.0,0.0,0.0,0.0,129651.971,0.004489911858720654,0.010662077912624874,126895.823,0.004475309849796514,0.01064837472213243,247589.251,0.004208514443375897,0.010450993718653661,120693.428,0.00420530096675188,0.01042682080275061,6757,0.04588687686669979,0.01140096471414187,0.028016039561380657,0.021258049366638665,0.06171377830398106,0.12066077236963157,0.040158025112209006,0.07476200487277573,-0.909645099032085,0.14207488530412904,0.12066077236963157,0.04156885665063714,0.07476200487277573,0.06909685160127643,0.14207488530412904,0.998530141861536,0.4874744259394363,0.4874744259394363
bookreview,query3,4,1,74.82032035916376,19.41849608812481,273602740.0,279136505.0,0.0,0.0,13603.0,73.87415614348464,18.449431194923818,264700118.0,271766544.0,908.0,0.0,13603.0,69.03940686762854,15.34479578398168,234715678.0,512594892.0,3221.0,0.0,13603.0,68.94275618232616,15.34479578398168,234715678.0,240828348.0,3221.0,0.0,13603.0,0.0,0.0,0.0,0.0,0.0,0.0,0.0,0.0,48.024870952057945,173087952.0,47.303164037296774,169923654.0,42.64741253674788,316173023.0,42.58192560051253,146249369.0,26.7954494071058,106048553.0,26.570992106187855,101842890.0,26.391994330880653,196421869.0,26.36083058181363,94578979.0,0.0,0.0,0.0,0.0,0.0,0.0,0.0,0.0,279136.505,0.004072509940510565,0.012223942850559895,271766.544,0.004046518963009717,0.012221818371845355,512594.892,0.003641739876071854,0.011746909779885439,240828.348,0.003640974649788686,0.011717850941112511,13603,0.049904219606049516,0.01264581882484861,0.03253849723873381,0.02640271289489704,0.0667499816217011,0.20978454179231532,0.07726395000428765,0.14212965118697274,-0.836359210702305,0.2367860030875542,0.20978454179231532,0.07855572053986437,0.14212965118697274,0.13723807640279795,0.2367860030875542,0.9986000649529378,0.46982198176098877,0.46982198176098877
bookreview,query3,4,1/16,73.93273002606267,19.22751827072352,258788461.0,263377275.0,0.0,0.0,13510.0,72.98449503346004,18.254600619897246,250208185.0,256488460.0,923.0,71.0,13510.0,67.88632771993757,15.07688317541033,222271455.0,427559584.0,3270.0,71.0,13510.0,67.82326697303562,15.076114772818983,222269240.0,227214439.0,3271.0,71.0,13510.0,0.0,0.0,0.0,0.0,0.0,0.0,0.0,0.0,47.43285922477101,166028884.0,46.7100536054855,162754526.0,41.72312341592704,285617859.0,41.66798562075043,137304445.0,26.499870801291657,97348391.0,26.274441427974516,93733934.0,26.163204304010513,141941725.0,26.155281352285172,89909994.0,0.0,0.0,0.0,0.0,0.0,0.0,0.0,0.0,263377.275,0.004090743868408674,0.012237221208803302,256488.46,0.004065328736204411,0.012235484221421128,414564.822,0.003602542937124539,0.0117418644074996,215929.184,0.003601846917592523,0.011717519002020315,13510,0.05060027181498894,0.012825645587121737,0.03315555866302711,0.02615569243777771,0.06831976313841599,0.21586951768149354,0.08178248394173504,0.14110755115932316,-0.6233731023301081,0.24204293116210215,0.21590948137210242,0.08263543157236797,0.14111611027355664,0.13730431374536778,0.24211695040710585,0.9990710832501928,0.5314216953677268,0.5208574691848794
bookreview,query3,4,1/4,76.11783920139877,19.696374405175447,277477004.0,283253086.0,0.0,0.0,13792.0,75.14992165171076,18.625316799618304,268285143.0,275924097.0,1013.0,0.0,13792.0,70.47382448405466,15.511771718040109,241153623.0,523907344.0,3372.0,0.0,13792.0,70.37209458975853,15.506170131266117,241106456.0,247940727.0,3377.0,23.0,13792.0,0.0,0.0,0.0,0.0,0.0,0.0,0.0,0.0,49.027466452016505,180279190.0,48.255322856712006,176941562.0,43.71674349435766,331044849.0,43.64754619204661,154103287.0,27.090372749382247,102973896.0,26.894598794998732,98982535.0,26.757080989697,192862495.0,26.724548397711914,93837440.0,0.0,0.0,0.0,0.0,0.0,0.0,0.0,0.0,283253.086,0.004140580162668549,0.01233767558022583,275924.097,0.00411311526361504,0.012336268772866523,504218.635,0.003651901890348986,0.011871410465309313,243616.817,0.003651241896032256,0.01184315388209467,13792,0.0543784141956456,0.01271604081044675,0.033126568571426596,0.02587434828512336,0.07344837587006961,0.2124554804378509,0.07414838330356055,0.13090591463932633,-0.8496086005573122,0.24448955916473317,0.21273987728463906,0.07548486231246887,0.13107589989691537,0.12466716426171609,0.24485208816705337,0.9985564868227189,0.4732530090282529,0.4831571070355224
bookreview,query3,4,inf,73.69315319385944,19.270508042536676,252663818.0,256569286.0,0.0,0.0,13579.0,72.7331308418999,18.224430912174284,244052936.0,249908782.0,985.0,0.0,13579.0,67.52499280796998,15.054562954232097,214328360.0,468725545.0,3357.0,0.0,13579.0,67.43919541394952,15.054562954232097,214328360.0,218816763.0,3357.0,0.0,13579.0,0.0,0.0,0.0,0.0,0.0,0.0,0.0,0.0,47.270309944192135,161026387.0,46.465710223421304,157412157.0,41.34220895377417,287738993.0,41.282585429385136,130326836.0,26.42284324966729,95542899.0,26.267420618478585,92496625.0,26.18278385419581,180986552.0,26.15660998456438,88489927.0,0.0,0.0,0.0,0.0,0.0,0.0,0.0,0.0,256569.286,0.004019775613939338,0.012189630847500585,249908.782,0.003995586744357739,0.012186279839213885,468725.545,0.00360408401329607,0.011572692425982445,218816.763,0.0036034970588411795,0.01154572991358351,13579,0.054283837668074875,0.013027293722038036,0.0340803921517564,0.025959864892012074,0.07253847853302894,0.21877705969134442,0.08370058979106665,0.15172515915990792,-0.8268965561216863,0.24721997201561235,0.21877705969134442,0.08486484169646091,0.15172515915990792,0.1471435789863016,0.24721997201561235,0.9987293979539628,0.4668334494122781,0.46683344941227817
bookreview,query3,8,1,149.72061080513518,38.864701363258064,549182442.0,559799655.0,0.0,0.0,27168.0,147.92600692657152,36.93468096572906,533218694.0,547309247.0,1828.0,0.0,27168.0,131.60874798629564,26.899058968760073,433905897.0,991767905.0,9300.0,0.0,27168.0,131.4494714531093,26.899058968760073,433905897.0,444458658.0,9300.0,0.0,27168.0,0.0,0.0,0.0,0.0,0.0,0.0,0.0,0.0,96.97743110582503,351681488.0,95.48797500860162,344841868.0,79.87857342575072,608183517.0,79.76098784124865,263341649.0,52.743179699310126,208118167.0,52.43803191796989,202467379.0,51.73017456054491,383584388.0,51.68848361186064,181117009.0,0.0,0.0,0.0,0.0,0.0,0.0,0.0,0.0,559799.655,0.0038498784310947594,0.012802443212579881,547309.247,0.003827297212804877,0.012802402203047594,991767.905,0.003395071182081151,0.011629458911060727,444458.658,0.003394831378984249,0.011598442343372798,27168,0.049659982704861605,0.01198635157118999,0.02906820535242094,0.022312282418251894,0.06728504122497056,0.30787943750444147,0.12097107219534753,0.2099057365712358,-0.7716479389398694,0.3423144876325088,0.30787943750444147,0.12203489722471261,0.2099057365712358,0.2060397786418786,0.3423144876325088,0.9987897724458035,0.44814785370575183,0.44814785370575183
bookreview,query3,8,1/16,149.22189672828614,39.02028908301145,527138910.0,535285294.0,0.0,0.0,27477.0,147.27956338077928,36.83469318971038,508885879.0,520958933.0,2069.0,160.0,27477.0,131.90513057013771,27.119434383697808,422338130.0,824697954.0,9327.0,160.0,27477.0,131.8215750040738,27.11634475365281,422349404.0,431266068.0,9333.0,160.0,27477.0,0.0,0.0,0.0,0.0,0.0,0.0,0.0,0.0,95.83398521720248,333094329.0,94.21216687225653,325961627.0,79.31223018942359,540941899.0,79.22545899754016,249914292.0,53.38791151108363,202190965.0,53.067396508522734,194997306.0,52.59290038071413,283756055.0,52.59611600653362,181351776.0,0.0,0.0,0.0,0.0,0.0,0.0,0.0,0.0,535285.294,0.003856747826823914,0.012771646882297417,520958.933,0.0038311188159617445,0.012770104465337417,745453.879,0.0033993942928024485,0.011604320836886207,361503.571,0.0033992376573810617,0.011580863508298877,27477,0.05601178116982808,0.01301640972332363,0.0346266053477251,0.02676397270872899,0.07529934126724169,0.3049914539073726,0.11604708516525575,0.19881055640533152,-0.54066992544727,0.3394475379408232,0.30507063399848944,0.11660702688892965,0.1987891692533188,0.19432483418832724,0.33966590239109073,0.9993665480205147,0.5229382053250492,0.48494424830808347
bookreview,query3,8,1/4,150.38968419147133,39.21450576838106,536825691.0,546122697.0,0.0,0.0,27565.0,148.70984344966703,37.15263413731009,520128069.0,533623855.0,2014.0,0.0,27565.0,132.75027349280174,27.122965896502137,424438562.0,968115986.0,9476.0,0.0,27565.0,132.54262302136064,27.07808647491038,422761993.0,432887157.0,9513.0,36.0,27565.0,0.0,0.0,0.0,0.0,0.0,0.0,0.0,0.0,96.71736194422516,344017389.0,95.37888742318826,338189145.0,80.03575577207023,595493333.0,79.91824036586037,257304188.0,53.67232224724615,202105308.0,53.33095602647875,195434710.0,52.71451772073149,372622653.0,52.62438265550025,175582969.0,0.0,0.0,0.0,0.0,0.0,0.0,0.0,0.0,546122.697,0.003901650940330648,0.01261848697260203,533623.855,0.0038751069440201157,0.012617052966758555,913701.24,0.0034098325954001318,0.011612379386480966,414306.301,0.003408958728168656,0.011579041422933286,27565,0.05257930938233257,0.01116992000372563,0.03110436456365495,0.02288650896338773,0.07306366769454017,0.30834354876986414,0.11729136073064461,0.20935497477895482,-0.772707838949239,0.343769272628333,0.3094880084720171,0.11867211016540458,0.21247809095634362,0.20734450448962016,0.3451115545075277,0.998435781215529,0.44714389934678755,0.45343738506910636
bookreview,query3,8,inf,148.2292751124428,38.49241621885449,540269011.0,549786864.0,0.0,0.0,27025.0,146.53598912764403,36.54458407126367,524339185.0,537539105.0,1875.0,0.0,27025.0,130.25107378864809,26.548224739730358,424017562.0,971189578.0,9288.0,0.0,27025.0,130.0955754839466,26.548224739730358,424017562.0,433650473.0,9288.0,0.0,27025.0,0.0,0.0,0.0,0.0,0.0,0.0,0.0,0.0,95.30915747050537,341444467.0,93.92242632497846,335214533.0,78.35220161130505,587771119.0,78.23928344457104,252556586.0,52.92011764193741,208342397.0,52.61356280266557,202324572.0,51.898872177343016,383418459.0,51.85629203937552,181093887.0,0.0,0.0,0.0,0.0,0.0,0.0,0.0,0.0,549786.864,0.003852540427615815,0.012897045446030741,537539.105,0.003828829389084973,0.012897020159272424,971189.578,0.0033970939697444418,0.011683349509464494,433650.473,0.003396830649027679,0.01165278992175542,27025,0.05060301064282691,0.01142342484987724,0.029484989284347507,0.022277285620996623,0.06938020351526364,0.3102998629967423,0.12128644163008229,0.21517326856268648,-0.7664837805219005,0.34368177613321,0.3102998629967423,0.12233548072565603,0.21517326856268648,0.2112389338571028,0.34368177613321,0.9988061648923231,0.44651475141756514,0.44651475141756514
bookreview,query3,16,inf,297.2797978606975,77.5466267419979,1055150382.0,1073645454.0,0.0,0.0,54475.0,293.82014472854104,73.63275385089219,1022171084.0,1047988411.0,3751.0,0.0,54475.0,247.47218714493138,46.54367582593113,722621196.0,1785234035.0,23689.0,0.0,54475.0,247.2379760529921,46.54367582593113,722621196.0,737245624.0,23689.0,0.0,54475.0,0.0,0.0,0.0,0.0,0.0,0.0,0.0,0.0,191.1872754721738,673004943.0,188.4228784534714,660835253.0,144.8160123861145,1082697710.0,144.62343530132586,421862457.0,106.09252238852365,400640511.0,105.39726627506961,387153158.0,102.6561747588169,702536325.0,102.61454075166625,315383167.0,0.0,0.0,0.0,0.0,0.0,0.0,0.0,0.0,1073645.454,0.0037107127651404078,0.013327685348626172,1047988.411,0.0036820852658302856,0.01332768501688907,1785234.035,0.003289222710114972,0.01092499463988766,737245.624,0.0032885515893925545,0.010903263502923716,54475,0.05047122041977914,0.011637700096182146,0.031255542871044484,0.023897128148227642,0.0688572739788894,0.3997975439887975,0.1675445525535021,0.31514861926098414,-0.6627779946805419,0.4348600275355668,0.3997975439887975,0.16833239987318116,0.31514861926098414,0.3133248771712305,0.4348600275355668,0.9990535862044081,0.412968613384071,0.4129686133840709
bookreview,query3,50,inf,933.1356719202856,243.18399000912905,3313499200.0,3372050200.0,0.0,0.0,170800.0,921.8178739532613,230.5922808125615,3206773800.0,3288290400.0,12000.0,0.0,170800.0,701.9001897052483,111.402234621346,1615760600.0,4921935000.0,97600.0,0.0,170800.0,701.4548971198816,111.402234621346,1615760600.0,1633644600.0,97600.0,0.0,170800.0,0.0,0.0,0.0,0.0,0.0,0.0,0.0,0.0,600.8551401908791,2113907800.0,591.7561888447159,2073666200.0,391.37095153052695,3014645600.0,390.9118953049513,940979400.0,332.2805317294099,1258142400.0,330.06168510854786,1214624200.0,310.5292381747214,1907289400.0,310.54300181493073,692665200.0,0.0,0.0,0.0,0.0,0.0,0.0,0.0,0.0,3372050.2,0.00366416256202566,0.013724231871573204,3288290.4,0.003643398911489123,0.013724231871573204,4921935.0,0.003220183849779763,0.008094422687609716,1633644.6,0.003223217058861744,0.008081500719098323,170800,0.051778528660932244,0.012128780741747502,0.03220927290400433,0.024839428547060227,0.0702576112412178,0.541901444181568,0.24780478249125482,0.5123703062913068,-0.4596268465991402,0.5714285714285714,0.541901444181568,0.24828198275137392,0.5123703062913068,0.5155337248537997,0.5714285714285714,0.9993655898774529,0.33191104717961534,0.33191104717961534
crmarenapro,query1,1,inf,44.14920334898675,36.29169020242989,34618075.0,30249828.0,0.0,0.0,3105.0,43.80269403670266,35.941093526780605,34578035.0,30249828.0,14.0,0.0,3105.0,43.81668803884465,35.941093526780605,34578035.0,60499656.0,14.0,0.0,3105.0,43.80269403670266,35.941093526780605,34578035.0,30249828.0,14.0,0.0,3105.0,0.0,0.0,0.0,0.0,0.0,0.0,0.0,0.0,0.9729722938255229,0.0,0.9729722938255229,0.0,0.9729722938255229,0.0,0.9729722938255229,0.0,6.150316375498195,30208154.0,6.150316375498195,30208154.0,6.1642910986530355,60416308.0,6.150316375498195,30208154.0,37.02591467966303,41674.0,36.67940536737894,41674.0,36.67942464636609,83348.0,36.67940536737894,41674.0,30249.828,0.016940836963506362,0.024867236369924564,30249.828,0.01676153311601907,0.024841598343529572,60499.656,0.01676684790919796,0.024842481546989273,30249.828,0.01676153311601907,0.024841598343529572,3105,0.009660522111086811,0.007848597165956428,0.001156621215939957,0.0,0.0045088566827697265,0.009660522111086811,0.0075316265055489495,0.001156621215939957,-1.0,0.0045088566827697265,0.009660522111086811,0.007848597165956428,0.001156621215939957,0.0,0.0045088566827697265,0.9996806239182299,0.5,0.5
crmarenapro,query1,2,1,90.6522172365438,74.84555274713784,61384636.0,52690346.0,0.0,0.0,6316.0,90.04382976715573,74.23051265906543,61318856.0,52690346.0,23.0,0.0,6316.0,86.65321186621854,70.73100782372057,60942424.0,105361732.0,210.0,0.0,6316.0,86.63118698740115,70.73100782372057,60942424.0,52671386.0,210.0,0.0,6316.0,0.0,0.0,0.0,0.0,0.0,0.0,0.0,0.0,2.1783539585623455,0.0,2.1783539585623455,0.0,2.181535301858225,0.0,2.181673562282362,0.0,12.437216224005581,52502813.0,12.437216224005581,52502813.0,12.45110876833816,104986666.0,12.426895632529405,52483853.0,76.03664705397587,187533.0,75.42825958458779,187533.0,72.02056779602215,375066.0,72.02261779258937,187533.0,52690.346,0.016489761623350852,0.02692132259875717,52690.346,0.016328177554795466,0.026897751528380386,105361.732,0.01558716109372104,0.026407045350426785,52671.386,0.015583486958991618,0.0264068047785558,6316,0.008217456689114222,0.006711225471745297,0.001071603650138142,0.0,0.003641545281823939,0.05497380635718019,0.044113707223403464,0.0072039524678455535,-0.999640161785994,0.03324889170360988,0.05497380635718019,0.04435666740119948,0.0072039524678455535,0.0003598382140059808,0.03324889170360988,0.9997458273231534,0.49991002425814335,0.49991002425814335
crmarenapro,query1,2,1/16,89.18190582522726,73.50941572710872,54877371.0,45770222.0,0.0,0.0,6307.0,88.6581168633721,72.97903311811388,54814451.0,45770222.0,22.0,43.0,6307.0,84.53978709966017,68.75709348823875,54316766.0,64305519.0,241.0,43.0,6307.0,84.53394573287491,68.75709348823875,54316766.0,45728474.0,241.0,43.0,6307.0,0.0,0.0,0.0,0.0,0.0,0.0,0.0,0.0,2.224292022772126,0.0,2.224292022772126,0.0,2.227609425776899,0.0,2.227747686201036,0.0,12.025787385309979,45624363.0,12.025787385309979,45624363.0,12.021162986979748,64013801.0,12.012787286849832,45582615.0,74.93182641714515,145859.0,74.40803745528999,145859.0,70.29101468690352,291718.0,70.29341075982404,145859.0,45770.222,0.01638780592408212,0.026675466089818575,45770.222,0.01628591921299877,0.026662320239033498,64174.954,0.015411905489775833,0.025855189387369065,45597.909,0.015410719958348137,0.025855175807582207,6307,0.007215165618562391,0.005873264952216295,0.0011465563829579084,0.0,0.003488187727921357,0.0646491635372557,0.052052248520730204,0.010215595058298277,-0.40496410526477233,0.03821151101950214,0.0646491635372557,0.05211774798198543,0.010215595058298277,0.0009121214225266128,0.03821151101950214,0.9999309039330987,0.7111127429046953,0.7105249970260984
crmarenapro,query1,2,1/4,89.61049056844739,73.91750111524016,62106195.0,53431493.0,0.0,0.0,6276.0,89.15263773573395,73.45361579861492,62048995.0,53431493.0,20.0,0.0,6276.0,85.12405628166307,69.30037297774106,61489062.0,106749733.0,245.0,0.0,6276.0,85.10216616458598,69.30037297774106,61489062.0,53318240.0,245.0,0.0,6276.0,0.0,0.0,0.0,0.0,0.0,0.0,0.0,0.0,2.216305313296609,0.0,2.216305313296609,0.0,2.2218104000117878,0.0,2.222036644342194,0.0,12.290761645283055,53264797.0,12.290761645283055,53264797.0,12.291880149898423,106416341.0,12.267389924193445,53151544.0,75.10342360986772,166696.0,74.64557077715428,166696.0,70.61036573175285,333392.0,70.61273959605033,166696.0,53431.493,0.0164180540030654,0.02671824808486918,53431.493,0.01633018914496707,0.026711407096667163,106749.733,0.015503202745835276,0.026024314841256013,53318.24,0.015499066171186343,0.02602343148777309,6276,0.006275716976714696,0.005109366434767115,0.0009210031302030464,0.0,0.0031867431485022306,0.06246326063296992,0.05006594940307163,0.009936738194957884,-0.9978804073470304,0.03903760356915233,0.06246326063296992,0.05031023014451419,0.009936738194957884,0.002119592652969682,0.03903760356915233,0.9997428445255867,0.49946953965683455,0.49946953965683455
crmarenapro,query1,2,inf,90.7290699357651,74.94288497325033,57290649.0,48527964.0,0.0,0.0,6338.0,90.16581390698504,74.3739880444482,57233449.0,48527964.0,20.0,0.0,6338.0,86.1870248256598,70.27590561285615,56768323.0,97005728.0,239.0,0.0,6338.0,86.16732773630181,70.27590561285615,56768323.0,48477764.0,239.0,0.0,6338.0,0.0,0.0,0.0,0.0,0.0,0.0,0.0,0.0,2.1371589800734982,0.0,2.1371589800734982,0.0,2.1403819486326072,0.0,2.1405076399272773,0.0,12.28973201725168,48361268.0,12.28973201725168,48361268.0,12.304537279192235,96672336.0,12.28227778859477,48311068.0,76.30217893843991,166696.0,75.73892290965986,166696.0,71.74210559783495,333392.0,71.74454230777975,166696.0,48527.964,0.016338974562270514,0.026841277205927244,48527.964,0.016194076247310216,0.026811140804814122,97005.728,0.015324603577052684,0.026156328146104964,48477.764,0.015321538558610744,0.026156335975281973,6338,0.007591073242045443,0.006208109806248863,0.0009984177348034695,0.0,0.003155569580309246,0.06227381508011043,0.05006162978768547,0.009117124855750891,-0.9989655448969588,0.03770905648469549,0.06227381508011043,0.050278727674525125,0.009117124855750891,0.001034455103041232,0.03770905648469549,0.9997714610824793,0.4997412523928484,0.4997412523928484
crmarenapro,query1,4,1,185.1475752049237,152.9667842425406,130280963.0,112524126.0,0.0,0.0,12855.0,183.96974807936041,151.7754177916795,130149403.0,112524126.0,46.0,0.0,12855.0,163.22134562405014,130.4791631102562,126970148.0,224114410.0,1185.0,0.0,12855.0,163.183606595942,130.4791631102562,126970148.0,111590284.0,1185.0,0.0,12855.0,0.0,0.0,0.0,0.0,0.0,0.0,0.0,0.0,4.533606235655641,0.0,4.533606235655641,0.0,4.562448683486646,0.0,4.563479352102941,0.0,25.886595295169318,112003201.0,25.886595295169318,112003201.0,25.86474023904583,223072560.0,25.81354184715799,111069359.0,154.72737367409871,520925.0,153.54954654853543,520925.0,132.79415670151766,1041850.0,132.80658539668104,520925.0,112524.126,0.015998848239688154,0.027594475531980342,112524.126,0.015825268101209725,0.02752277336347098,224114.41,0.014161605847023133,0.02643951417883419,111590.284,0.014160050371461445,0.026439317755969523,12855,0.0077883996631065155,0.00636155847171993,0.0010098175279836807,0.0,0.003578374173473357,0.14700983121034006,0.11842569127143754,0.025412883999022973,-0.9917009619785895,0.09218203033838973,0.14700983121034006,0.11862952342028621,0.025412883999022973,0.008299038021410632,0.09218203033838973,0.9997687861966591,0.49791659536751787,0.49791659536751787
crmarenapro,query1,4,1/16,180.942407618967,149.1374745387584,133746520.0,116356490.0,0.0,0.0,12657.0,179.57999031326338,147.75985980499536,133597800.0,116356490.0,52.0,125.0,12657.0,159.4989902111963,127.15990390162915,131012317.0,153205888.0,1172.0,125.0,12657.0,159.49584030124657,127.15990390162915,131012317.0,115966797.0,1172.0,125.0,12657.0,0.0,0.0,0.0,0.0,0.0,0.0,0.0,0.0,4.304074323129007,0.0,4.304074323129007,0.0,4.330032109181205,0.0,4.3310627777974995,0.0,24.627306062647044,116002261.0,24.627306062647044,116002261.0,24.573004397053058,152497430.0,24.55670765038854,115612568.0,152.01102723319093,354229.0,150.6486099274873,354229.0,130.595953704962,708458.0,130.60806987306051,354229.0,116356.49,0.015912145220937157,0.02758994419247093,116356.49,0.015757070751192,0.027489259390795554,152461.204,0.014179959059968628,0.02641043970915128,115495.327,0.014178899382874718,0.02641044347989012,12657,0.009237213772216757,0.007529563266189254,0.00111195416523735,0.0,0.004108398514655921,0.1473645085187334,0.11850962795259579,0.020443171156901863,-0.3166939635253694,0.092596981907245,0.1473645085187334,0.11852703630916162,0.020443171156901863,0.003349129902423198,0.092596981907245,0.9999802512232489,0.756934335317452,0.7575391245106526
crmarenapro,query1,4,1/4,182.31293703319258,150.49888665322214,133745574.0,116182617.0,0.0,0.0,12688.0,180.94103423912995,149.1111198393628,133591134.0,116182617.0,54.0,0.0,12688.0,161.25921255535692,128.9226263575256,129089813.0,230000021.0,1142.0,0.0,12688.0,161.21914003149735,128.9226263575256,129089813.0,113817404.0,1142.0,0.0,12688.0,0.0,0.0,0.0,0.0,0.0,0.0,0.0,0.0,4.463788227757663,0.0,4.463788227757663,0.0,4.485090099433284,0.0,4.485944800237041,0.0,25.10175067252945,115765877.0,25.10175067252945,115765877.0,25.03110995090692,229166541.0,24.978459981380343,113400664.0,152.74739813290546,416740.0,151.37549533884282,416740.0,131.7430125050167,833480.0,131.75473524987996,416740.0,116182.617,0.015843904142996246,0.027601426096802526,116182.617,0.015691596630291963,0.027520885791659302,223874.659,0.01421468274507375,0.026429159401657736,108511.127,0.014213154485512991,0.026429065413782656,12688,0.009221110167127122,0.007524988716587133,0.0011547298006288065,0.0,0.004255989911727617,0.14336491634926396,0.11548124242001834,0.0348105799747811,-0.979642281598804,0.0900063051702396,0.14336491634926396,0.11570104318957253,0.0348105799747811,0.020357718401195934,0.0900063051702396,0.9997515024213217,0.49485823307816135,0.4846958895870389
crmarenapro,query1,4,inf,180.66821510424114,148.6740698274225,127155305.0,109777083.0,0.0,0.0,12794.0,179.87520480706553,147.87128567229956,127060925.0,109777083.0,33.0,0.0,12794.0,159.732520728754,127.17352147493511,122041722.0,216673377.0,1181.0,0.0,12794.0,159.69616564410714,127.17352147493511,122041722.0,106896294.0,1181.0,0.0,12794.0,0.0,0.0,0.0,0.0,0.0,0.0,0.0,0.0,4.6900516927390585,0.0,4.6900516927390585,0.0,4.724873296219159,0.0,4.726167916554261,0.0,24.933696171531377,109464528.0,24.933696171531377,109464528.0,24.861132302620586,216048267.0,24.811259166646717,106583739.0,151.0444672399707,312555.0,150.25145694279507,312555.0,130.14651512991423,625110.0,130.15873856090616,312555.0,109777.083,0.016043493809906714,0.027426043507905624,109777.083,0.0159350832922216,0.027390894594445773,216673.377,0.014309625996302087,0.026345806250615788,106896.294,0.01430759135227709,0.026345778731875154,12794,0.0053996245347610605,0.004389318268949838,0.0007422419379199408,0.0,0.0025793340628419573,0.14461532113464526,0.11587923400586964,0.04021525488063593,-0.9737578288539512,0.0923088947944349,0.14461532113464526,0.11608045968702152,0.04021525488063593,0.026242171146048765,0.0923088947944349,0.9997724002320818,0.4933522312711266,0.49335223127112654
crmarenapro,query1,8,1,362.591595491734,299.17924104630947,248647567.0,213495837.0,0.0,0.0,25358.0,359.98287562710595,296.539992922917,248350127.0,213495837.0,104.0,0.0,25358.0,288.1497384735821,222.77203378640115,228953732.0,415608875.0,4291.0,0.0,25358.0,288.1035991975671,222.77203378640115,228953732.0,202113038.0,4291.0,0.0,25358.0,0.0,0.0,0.0,0.0,0.0,0.0,0.0,0.0,8.83216792262976,0.0,8.83216792262976,0.0,8.943792768815321,0.0,8.94825480977611,0.0,49.68022575144825,212766542.0,49.68022575144825,212766542.0,49.29734484796712,414150285.0,49.202699317118444,201383743.0,304.0792018176559,729295.0,301.4704819530279,729295.0,229.90860085679967,1458590.0,229.95264507067256,729295.0,213495.837,0.015532225011644835,0.02799175820800657,213495.837,0.015288609160372937,0.027774231036735646,415608.875,0.012007327313943593,0.02575897742280238,202113.038,0.012005923750404346,0.02575887408217596,25358,0.008821628513269508,0.007194650667757929,0.0011962312906926842,0.0,0.004101269816231564,0.25538940132574695,0.20530497105757917,0.0792038113930148,-0.9466837425968171,0.16921681520624654,0.25538940132574695,0.2054322196661753,0.0792038113930148,0.05331625740318302,0.16921681520624654,0.9998398774322705,0.4863058759272164,0.4863058759272164
crmarenapro,query1,8,1/16,366.491486238261,302.24751149117947,238950975.0,203274176.0,0.0,0.0,25763.0,363.85990777070685,299.5851470148191,238653535.0,203274176.0,104.0,190.0,25763.0,291.8665481431996,225.5911782141775,228617024.0,284527690.0,4298.0,190.0,25763.0,291.88081337738305,225.5911782141775,228617024.0,201413750.0,4298.0,190.0,25763.0,0.0,0.0,0.0,0.0,0.0,0.0,0.0,0.0,8.7756800406615,0.0,8.7756800406615,0.0,8.899537883824678,0.0,8.904439844316812,0.0,50.39120788683352,202524044.0,50.39120788683352,202524044.0,50.07846101407952,283027426.0,50.04392797381563,200663618.0,307.324598310766,750132.0,304.69301984321186,750132.0,232.88854924529542,1500264.0,232.93244555925062,750132.0,203274.176,0.015417140241043592,0.027863087859313882,203274.176,0.015160380293412084,0.02763711080293352,278789.798,0.011936093152184612,0.02569728453627968,196552.135,0.011935825344598538,0.02569728453627968,25763,0.008808557143201057,0.007180462756625539,0.001244774163403184,0.0,0.0040367969568761404,0.25362105679152647,0.20361984083457463,0.04324715979920146,-0.39972374060933347,0.16682839731397742,0.25362105679152647,0.2035809170540256,0.04324715979920146,0.009152298814385507,0.16682839731397742,1.000048875879316,0.7078880442181216,0.7050191090564942
crmarenapro,query1,8,1/4,363.9735156063679,300.47493223752826,257928609.0,223018017.0,0.0,0.0,25329.0,361.5953125668799,298.06852434016764,257654049.0,223018017.0,96.0,0.0,25329.0,290.646150816818,225.2103548673913,240350008.0,436604603.0,4217.0,0.0,25329.0,290.5947768818948,225.2103548673913,240350008.0,213586586.0,4217.0,0.0,25329.0,0.0,0.0,0.0,0.0,0.0,0.0,0.0,0.0,8.82785120837738,0.0,8.82785120837738,0.0,8.934301942723918,0.0,8.938688568907905,0.0,49.57301600058242,222226211.0,49.57301600058242,222226211.0,49.22912740166742,435020991.0,49.12992972512353,212794780.0,305.5726483974081,791806.0,303.1944453579201,791806.0,232.48272147242668,1583612.0,232.5261585878634,791806.0,223018.017,0.015544005491102065,0.027993811143498814,223018.017,0.015350052224269087,0.02781801658434043,413947.146,0.011965958710006634,0.026082875646674247,192867.496,0.011963949722065879,0.026082860883727615,25329,0.008008681055158173,0.006534000243193616,0.0010644805981953054,0.0,0.0037901219945516997,0.2504853792949344,0.2014634627120847,0.06815297096414763,-0.9577100042101083,0.16648900469817204,0.2504853792949344,0.20160461016573294,0.06815297096414763,0.04228999578989168,0.16648900469817204,0.9998232423351252,0.4891991163913588,0.4659229997445133
crmarenapro,query1,8,inf,362.44316986824725,298.6321411477402,247190418.0,212196515.0,0.0,0.0,25523.0,360.1020482825092,296.262901218608,246918718.0,212196515.0,95.0,0.0,25523.0,287.20414248745413,221.39266954734921,231240517.0,416891064.0,4318.0,0.0,25523.0,287.1590567850004,221.39266954734921,231240517.0,204694549.0,4318.0,0.0,25523.0,0.0,0.0,0.0,0.0,0.0,0.0,0.0,0.0,9.09449760266444,0.0,9.09449760266444,0.0,9.196455331372338,0.0,9.20077911190899,0.0,49.05952741225573,211550568.0,49.05952741225573,211550568.0,48.61940210883578,415599170.0,48.52539451969003,204048602.0,304.28914485332706,645947.0,301.948023267589,645947.0,229.38828504724606,1291894.0,229.4328831534014,645947.0,212196.515,0.015526510154625351,0.02785953997050593,212196.515,0.015332362929156,0.027675378508662755,416891.064,0.011987495422187395,0.025805969915260178,204694.549,0.011985776196527582,0.025805727407459116,25523,0.007933640096562944,0.0064592790825360735,0.0010991526378664185,0.0,0.0037221329780981857,0.2586442012019692,0.20758848182500855,0.06452475435354454,-0.9646461394523844,0.16918073894134703,0.2586442012019692,0.20771287567817476,0.06452475435354454,0.03535386054761547,0.16918073894134703,0.9998430186206116,0.491002486443317,0.491002486443317
crmarenapro,query1,16,inf,724.1474939814194,596.8779140729457,508953813.0,439028439.0,0.0,0.0,50784.0,719.399899229808,592.0757290851325,508421853.0,439028439.0,186.0,0.0,50784.0,510.008305444656,376.77587207220495,442164323.0,835579466.0,12972.0,0.0,50784.0,509.96591351256336,376.77587207220495,442164323.0,396551027.0,12972.0,0.0,50784.0,0.0,0.0,0.0,0.0,0.0,0.0,0.0,0.0,17.649014026554944,0.0,17.649014026554944,0.0,18.04115194155879,0.0,18.057491809865905,0.0,98.33618420878848,437799056.0,98.33618420878848,437799056.0,96.43243920511138,833120700.0,96.24501520739373,395321644.0,608.1622957460761,1229383.0,603.4147009944646,1229383.0,395.5347142979859,2458766.0,395.6634064953038,1229383.0,439028.439,0.015165872166195834,0.027855235514773004,439028.439,0.014886014175398225,0.027688220406493123,835579.466,0.007913692436620013,0.02446625809837667,396551.027,0.00791440687788005,0.02446473028867686,50784,0.008045506249417578,0.00655611569613912,0.0010452028974189398,0.0,0.003662570888468809,0.36875554751024286,0.2957121170984235,0.13122898049690024,-0.9032467871631431,0.2554347826086957,0.36875554751024286,0.29577065756489607,0.13122898049690024,0.09675321283685678,0.2554347826086957,0.9999168799181501,0.4745820632696113,0.4745820632696113
crmarenapro,query1,50,inf,2259.0978506735055,1862.2123247012496,1602039800.0,1383555600.0,0.0,0.0,158400.0,2243.854486295032,1846.7926934361458,1600323800.0,1383555600.0,600.0,0.0,158400.0,1314.7675261628785,889.000091701746,1043258400.0,2322601600.0,64000.0,0.0,158400.0,1314.9243564051694,889.000091701746,1043258400.0,939046000.0,64000.0,0.0,158400.0,0.0,0.0,0.0,0.0,0.0,0.0,0.0,0.0,55.253805031145525,0.0,55.253805031145525,0.0,57.64966170169819,0.0,57.75021473743428,0.0,308.98968790947686,1379388200.0,308.98968790947686,1379388200.0,291.9015831628618,2314266800.0,291.38663596443604,934878600.0,1894.8543577328892,4167400.0,1879.6109933544155,4167400.0,965.2162812983197,8334800.0,965.7875057033004,4167400.0,1383555.6,0.01446358793674218,0.02804924787281262,1383555.6,0.014341870222968931,0.02794324510989892,2322601.6,0.005772725658822838,0.022848277527195173,939046.0,0.005777753310609641,0.022796854789165728,158400,0.008280275595092257,0.006747544987451004,0.001071134437483967,0.0,0.003787878787878788,0.5226107786369816,0.4180121388850392,0.3487937066232687,-0.6787193807028788,0.40404040404040403,0.5226107786369816,0.4179427172607195,0.3487937066232687,0.32128061929712115,0.40404040404040403,1.0001192836293642,0.4043078244671837,0.40430782446718366
crmarenapro,query10,1,inf,19.898562691387276,5.959501103498042,20717803.0,16608491.0,0.0,0.0,5510.0,19.906768674647694,5.797418328002095,20424548.0,16608491.0,189.0,0.0,5510.0,19.9144519996117,5.797418328002095,20424548.0,33216982.0,189.0,0.0,5510.0,19.906768674647694,5.797418328002095,20424548.0,16608491.0,189.0,0.0,5510.0,0.0,0.0,0.0,0.0,0.0,0.0,0.0,0.0,0.10836276337308294,147085.0,0.10836276337308294,147085.0,0.10843080699320053,294170.0,0.10836276337308294,147085.0,19.712990718217508,16461406.0,19.721196701477925,16461406.0,19.728811982821814,32922812.0,19.721196701477925,16461406.0,0.07720920979668541,0.0,0.07720920979668541,0.0,0.07720920979668541,0.0,0.07720920979668541,0.0,16608.491,0.003478170286478075,0.004943744435351623,16608.491,0.003481374647189816,0.00494227248426581,33216.982,0.0034824858075363277,0.004946917508001878,16608.491,0.003481374647189816,0.00494227248426581,5510,0.02719737318293458,-0.0004123907534270277,0.014154734457123674,0.0,0.03430127041742287,0.02719737318293458,-0.0007985153737410933,0.014154734457123674,-1.0,0.03430127041742287,0.02719737318293458,-0.0004123907534270277,0.014154734457123674,0.0,0.03430127041742287,0.9996141834601245,0.5,0.5
crmarenapro,query10,2,1,40.19947814592635,12.084332076832652,44310295.0,36728781.0,0.0,0.0,10951.0,40.211096431390935,11.799849325791001,43771640.0,36728781.0,332.0,0.0,10951.0,40.11481792141721,11.67131565604359,42826953.0,72606537.0,479.0,0.0,10951.0,40.09967432518496,11.67131565604359,42826953.0,35877756.0,479.0,0.0,10951.0,0.0,0.0,0.0,0.0,0.0,0.0,0.0,0.0,0.1699308899336288,294170.0,0.1699308899336288,294170.0,0.17006697717386396,588340.0,0.1699308899336288,294170.0,39.92660164293047,36434611.0,39.93821992839506,36434611.0,39.8418053311811,72018197.0,39.826797822189086,35583586.0,0.10294561306224723,0.0,0.10294561306224723,0.0,0.10294561306224723,0.0,0.10294561306224723,0.0,36728.781,0.0032586720420810815,0.005763685135805927,36728.781,0.0032615125237334393,0.005761198613506179,72606.537,0.0032588559050927895,0.005759509352990572,35877.756,0.003258964587073643,0.005752661446866857,10951,0.02354145427590859,-0.0002890158280763888,0.012156430012483566,0.0,0.030316866039631084,0.034177844349450925,0.002106003073020335,0.03347623842269609,-0.9768294787676182,0.043740297689708704,0.034177844349450925,0.0024827143372134763,0.03347623842269609,0.023170521232381724,0.043740297689708704,0.9996224937063924,0.4941394739705049,0.49413947397050495
crmarenapro,query10,2,1/16,39.91494729678019,11.972309933044016,42219904.0,34621190.0,0.0,0.0,10999.0,39.9294369625667,11.694785472936928,41686837.0,34621190.0,328.0,0.0,10999.0,39.82253066236639,11.567583681084216,40697277.0,68299153.0,476.0,0.0,10999.0,39.8083746369386,11.567583681084216,40697277.0,33677963.0,476.0,0.0,10999.0,0.0,0.0,0.0,0.0,0.0,0.0,0.0,0.0,0.1739420573524006,176502.0,0.1739420573524006,176502.0,0.17402370969654168,353004.0,0.1739420573524006,176502.0,39.63805962636554,34444688.0,39.652549292152045,34444688.0,39.5455613396076,67946149.0,39.53148696652396,33501461.0,0.10294561306224723,0.0,0.10294561306224723,0.0,0.10294561306224723,0.0,0.10294561306224723,0.0,34621.19,0.003246514239611053,0.005568344876758702,34621.19,0.0032495232030379188,0.005565781229847113,67542.716,0.00323472110665839,0.00556565011277662,33073.471,0.0032347580025224826,0.005559417700128205,10999,0.02318052753889288,-0.00036301352670653486,0.012625964284523228,0.0,0.02982089280843713,0.0338051933355602,0.002315339006379147,0.0360641985353638,-0.9727557891568719,0.04327666151468315,0.0338051933355602,0.002669993750691657,0.0360641985353638,0.027244210843128114,0.04327666151468315,0.9996445222040806,0.4930948850859102,0.4896674720631607
crmarenapro,query10,2,1/4,41.35080035760612,12.641795230098069,41839959.0,33690926.0,0.0,0.0,11397.0,41.358940951444566,12.28580770175904,41324769.0,33690926.0,393.0,0.0,11397.0,41.261944433650314,12.154464737512171,40378875.0,66527125.0,547.0,0.0,11397.0,41.248294176401956,12.154464737512171,40378875.0,32836199.0,547.0,0.0,11397.0,0.0,0.0,0.0,0.0,0.0,0.0,0.0,0.0,0.16479712023210663,205919.0,0.16479712023210663,205919.0,0.16489238130027126,411838.0,0.16479712023210663,205919.0,41.03158481778064,33485007.0,41.039725411619095,33485007.0,40.94263363275667,66115287.0,40.92907863657648,32630280.0,0.15441841959337083,0.0,0.15441841959337083,0.0,0.15441841959337083,0.0,0.15441841959337083,0.0,33690.926,0.0032715821375902234,0.005612813773548178,33690.926,0.003275595432528323,0.00560739195212403,66527.125,0.003267831021467287,0.005603179294390849,32836.199,0.0032678160801824195,0.005597277122023457,11397,0.028159570840973536,-0.00019686665718787744,0.012313348586216355,0.0,0.034482758620689655,0.038549152530618636,0.002148832022291436,0.03492077991759024,-0.9746303500236235,0.047995086426252526,0.038549152530618636,0.0024789406811398518,0.03492077991759024,0.025369649976376474,0.047995086426252526,0.9996691804655423,0.4935761014774049,0.4935761014774049
crmarenapro,query10,2,inf,39.07182006735472,11.59633354190737,41304635.0,33284199.0,0.0,0.0,10831.0,39.07769415907383,11.312780658714473,40754019.0,33284199.0,327.0,0.0,10831.0,38.98470711227004,11.184871430508792,39869568.0,65763270.0,474.0,0.0,10831.0,38.9711570288302,11.184871430508792,39869568.0,32479071.0,474.0,0.0,10831.0,0.0,0.0,0.0,0.0,0.0,0.0,0.0,0.0,0.14630673096998364,88251.0,0.14630673096998364,88251.0,0.14634755714205422,176502.0,0.14630673096998364,88251.0,38.86117232822083,33195948.0,38.86704641993994,33195948.0,38.77401854696408,65586768.0,38.76050928969631,32390820.0,0.06434100816390452,0.0,0.06434100816390452,0.0,0.06434100816390452,0.0,0.06434100816390452,0.0,33284.199,0.0032567118524702986,0.005503095308069974,33284.199,0.003259123906305884,0.005499885701402208,65763.27,0.003245088303063387,0.005497401908497055,32479.071,0.003245140048591768,0.005491307748811735,10831,0.02445194269103934,-0.00015034087761933712,0.013330610475071336,0.0,0.030191118086972578,0.03548208663640251,0.0022295596912177418,0.034743485809764496,-0.9758105039571479,0.0437632720893731,0.03548208663640251,0.0025763590831190397,0.034743485809764496,0.024189496042852032,0.0437632720893731,0.9996524256703836,0.49387858906651083,0.4938785890665108
crmarenapro,query10,4,1,79.11058162437456,23.81623592134565,83801107.0,68178540.0,0.0,0.0,21757.0,79.14264921781024,23.25786650646478,82728269.0,68178540.0,665.0,0.0,21757.0,78.58972510100405,22.591100864112377,77849589.0,131931180.0,1439.0,0.0,21757.0,78.56791324160025,22.591100864112377,77849589.0,63752640.0,1439.0,0.0,21757.0,0.0,0.0,0.0,0.0,0.0,0.0,0.0,0.0,0.286484701293835,353004.0,0.286484701293835,353004.0,0.28664800598211726,706008.0,0.286484701293835,353004.0,78.59246929369067,67825536.0,78.62453688712635,67825536.0,78.07144946563187,131225172.0,78.04980091091636,63399636.0,0.23162762939005627,0.0,0.23162762939005627,0.0,0.23162762939005627,0.0,0.23162762939005627,0.0,68178.54,0.003142015650199675,0.00608192166786822,68178.54,0.003145558395268812,0.006077606316592492,131931.18,0.0031327123992681547,0.006043310631541507,63752.64,0.0031338712920042696,0.006036330719959491,21757,0.02344490610207739,-0.000405351506426177,0.012802193651212712,0.0,0.030564875672197452,0.05144117069042087,0.006583904613969294,0.0710195630231949,-0.9350836788232779,0.06613963322149194,0.05144117069042087,0.006859618165253267,0.0710195630231949,0.06491632117672219,0.06613963322149194,0.9997224591462082,0.4832264821704771,0.4832264821704771
crmarenapro,query10,4,1/16,79.41434916690383,23.583562542684376,84981825.0,68748669.0,0.0,0.0,21925.0,79.44823606111555,22.964812419377267,83791018.0,68748669.0,732.0,0.0,21925.0,78.91033651977911,22.312977231107652,79139632.0,133293209.0,1482.0,0.0,21925.0,78.88795925145615,22.312977231107652,79139632.0,64544540.0,1482.0,0.0,21925.0,0.0,0.0,0.0,0.0,0.0,0.0,0.0,0.0,0.39217224720389227,500089.0,0.39217224720389227,500089.0,0.3924035955122921,1000178.0,0.39217224720389227,500089.0,78.80341749194265,68248580.0,78.83730438615437,68248580.0,78.29917349650955,132293031.0,78.27702757649497,64044451.0,0.21875942775727536,0.0,0.21875942775727536,0.0,0.21875942775727536,0.0,0.21875942775727536,0.0,68748.669,0.0031578221891838546,0.006011403053842433,68748.669,0.003161638114644149,0.00600704282780943,125252.985,0.003146689219754167,0.00598838933467898,58300.447,0.003147837158859461,0.005981287122926136,21925,0.026236499349376108,-0.00042670996573290765,0.014012490317782622,0.0,0.03338654503990878,0.05387588534501797,0.006346619375617535,0.06874638194696336,-0.9388478488216259,0.06759407069555302,0.05387588534501797,0.006628398028439064,0.06874638194696336,0.06115215117837414,0.06759407069555302,0.999716421582902,0.4842297704754036,0.4654615377030735
crmarenapro,query10,4,1/4,80.16174733762494,23.965761175379157,85690835.0,70440115.0,0.0,0.0,22038.0,80.20030726040069,23.346626573242247,84550762.0,70440115.0,733.0,0.0,22038.0,79.55467643852894,22.625321867875755,78981184.0,135605295.0,1573.0,0.0,22038.0,79.532647904799,22.625321867875755,78981184.0,65165180.0,1573.0,0.0,22038.0,0.0,0.0,0.0,0.0,0.0,0.0,0.0,0.0,0.42575497812738444,588340.0,0.42575497812738444,588340.0,0.4260271526078548,1176680.0,0.42575497812738444,588340.0,79.53010113337307,69851775.0,79.56866105614881,69851775.0,78.92275805979659,134428615.0,78.90100170054713,64576840.0,0.20589122612449445,0.0,0.20589122612449445,0.0,0.20589122612449445,0.0,0.20589122612449445,0.0,70440.115,0.0031466284727509554,0.006111633089074813,70440.115,0.0031496284857255234,0.006106669330939202,135605.295,0.003136853514078518,0.006089261609481265,65165.18,0.003137869689846915,0.006081880218800574,22038,0.025834130516704357,-0.0004810264753005722,0.013304491664715368,0.0,0.033260731463835194,0.055931430581077524,0.007573074680360281,0.07830068408132562,-0.9251146168628486,0.07137671295035847,0.055931430581077524,0.007847875747721722,0.07830068408132562,0.07488538313715132,0.07137671295035847,0.9997231019631265,0.480550409185718,0.48055040918571795
crmarenapro,query10,4,inf,80.83787902619773,23.83778663724661,89867598.0,74752258.0,0.0,0.0,22197.0,80.86758231347935,23.158134928904474,88604474.0,74752258.0,794.0,0.0,22197.0,80.22768663915991,22.462613178417087,83037463.0,144184418.0,1603.0,0.0,22197.0,80.20327360352412,22.462613178417087,83037463.0,69432160.0,1603.0,0.0,22197.0,0.0,0.0,0.0,0.0,0.0,0.0,0.0,0.0,0.3776090153827695,676591.0,0.3776090153827695,676591.0,0.3779220160353104,1353182.0,0.3776090153827695,676591.0,80.31871979285437,74075667.0,80.34842308013599,74075667.0,79.70821440516401,142831236.0,79.68411437018077,68755569.0,0.14155021796058995,0.0,0.14155021796058995,0.0,0.14155021796058995,0.0,0.14155021796058995,0.0,74752.258,0.0031474232671614226,0.006131207672070659,74752.258,0.0031513503174313063,0.0061250367940235365,144184.418,0.003138376617578576,0.006109105377632968,69432.16,0.0031394847079975335,0.006101444410498532,22197,0.02851152746204122,-0.00036744268453636764,0.014055388461589935,0.0,0.035770599630580706,0.057688806421348215,0.0075483473142592405,0.07600219825615007,-0.9288302702508331,0.07221696625670136,0.057688806421348215,0.007850347266878943,0.07600219825615007,0.07116972974916691,0.07221696625670136,0.9996957031087585,0.48155106469271874,0.48155106469271874
crmarenapro,query10,8,1,161.057141502095,47.8243624670431,174021913.0,143069621.0,0.0,0.0,44363.0,161.12522318116072,46.53537424933165,171773889.0,143069621.0,1497.0,0.0,44363.0,158.77831679408328,43.82834761403501,151664987.0,267940314.0,4637.0,0.0,44363.0,158.75159781212284,43.82834761403501,151664987.0,124870693.0,4637.0,0.0,44363.0,0.0,0.0,0.0,0.0,0.0,0.0,0.0,0.0,0.7671490031281902,1000178.0,0.7671490031281902,1000178.0,0.7676116997449898,2000356.0,0.7671490031281902,1000178.0,159.7366598287572,142069443.0,159.80474150782294,142069443.0,157.45737242412872,265939958.0,157.43111613878506,123870515.0,0.5533326702095789,0.0,0.5533326702095789,0.0,0.5533326702095789,0.0,0.5533326702095789,0.0,143069.621,0.003120005480742031,0.0063910548643040885,143069.621,0.0031249668721228456,0.006383015973616339,267940.314,0.0031130098766991997,0.0063068622902903455,124870.693,0.003115663156499474,0.006299768336622413,44363,0.026952543666415196,-0.0004227175425490781,0.012918051303113742,0.0,0.03374433649663008,0.08355605065852867,0.014149168964246561,0.12847190112201556,-0.872796699447467,0.10452404030385681,0.08355605065852867,0.014315066494224093,0.12847190112201556,0.12720330055253304,0.10452404030385681,0.9998317214686493,0.4660392127479555,0.46603921274795546
crmarenapro,query10,8,1/16,159.93320654114441,47.45812425669283,173331965.0,141361511.0,0.0,0.0,44076.0,160.00574526977275,46.26045933738351,171109175.0,141361511.0,1420.0,0.0,44076.0,158.2654645531163,44.02702484931797,155815125.0,269325422.0,4015.0,0.0,44076.0,158.23272274324762,44.02620728407055,155812947.0,127963911.0,4016.0,0.0,44076.0,0.0,0.0,0.0,0.0,0.0,0.0,0.0,0.0,0.7518125616606391,1000178.0,0.7518125616606391,1000178.0,0.7522752582774388,2000356.0,0.7518125616606391,1000178.0,158.74387512396922,140361333.0,158.81641385259755,140361333.0,157.0756704393243,267325066.0,157.04339132607242,126963733.0,0.4375188555145507,0.0,0.4375188555145507,0.0,0.4375188555145507,0.0,0.4375188555145507,0.0,141361.511,0.003122434795631045,0.006341737289104558,141361.511,0.0031263366560765186,0.006334584170143999,216795.769,0.003116680618419998,0.006296192538439127,83733.68,0.003118932216356292,0.006289091072494112,44076,0.02523624643973188,-0.0004535563951797439,0.01282388969628312,0.0,0.032217079589799434,0.07229740873905244,0.01042774058055973,0.10105949009462856,-0.9052245557844949,0.091092658135947,0.07231463582630504,0.010632462355210315,0.10107205557843879,0.09477544421550499,0.09111534622016516,0.9997931209442242,0.47512748722250214,0.38623299885524975
crmarenapro,query10,8,1/4,161.78387343335925,48.551808182150126,171468635.0,139357128.0,0.0,0.0,44566.0,161.86594924998684,47.306761669926345,169151210.0,139357128.0,1482.0,0.0,44566.0,159.4826323658133,44.654724791646004,148907826.0,260149790.0,4546.0,0.0,44566.0,159.45667558225784,44.654724791646004,148907826.0,120792662.0,4546.0,0.0,44566.0,0.0,0.0,0.0,0.0,0.0,0.0,0.0,0.0,0.7007982814624273,1088429.0,0.7007982814624273,1088429.0,0.7013018042512975,2176858.0,0.7007982814624273,1088429.0,160.64555629638227,138268699.0,160.72763211300986,138268699.0,158.34381170604746,257972932.0,158.31835844528086,119704233.0,0.4375188555145507,0.0,0.4375188555145507,0.0,0.4375188555145507,0.0,0.4375188555145507,0.0,139357.128,0.0031260653024371204,0.006367329068884201,139357.128,0.0031298400472991286,0.006360369511909731,260149.79,0.003118030268048411,0.006297187296190569,120792.662,0.003120631508188554,0.0062903463928326445,44566,0.025643669285246418,-0.0005073176632861554,0.013515153952208259,0.0,0.03325405017277745,0.08026649338956793,0.014224168445898133,0.13157396978170377,-0.8667849555567764,0.10200601355293273,0.08026649338956793,0.014384609551705396,0.13157396978170377,0.13321504444322363,0.10200601355293273,0.9998372438229142,0.4643196598390489,0.4643196598390488
crmarenapro,query10,8,inf,160.53590313338415,47.652596052736044,175579319.0,144268994.0,0.0,0.0,44094.0,160.601905769385,46.3914341442287,173294845.0,144268994.0,1476.0,0.0,44094.0,158.20857875563522,43.67519787326455,152951661.0,269996815.0,4612.0,0.0,44094.0,158.18125465009032,43.67519787326455,152951661.0,125727821.0,4612.0,0.0,44094.0,0.0,0.0,0.0,0.0,0.0,0.0,0.0,0.0,0.693351769813832,1000178.0,0.693351769813832,1000178.0,0.6938144664306316,2000356.0,0.693351769813832,1000178.0,159.48224171785245,143268816.0,159.54824435385333,143268816.0,157.15445464348673,267996459.0,157.12759323455862,124727643.0,0.3603096457178653,0.0,0.3603096457178653,0.0,0.3603096457178653,0.0,0.3603096457178653,0.0,144268.994,0.0031218461965042588,0.006353584534704633,144268.994,0.0031260107185596556,0.006345324214996718,269996.815,0.0031163235042290173,0.0062935096565496585,125727.821,0.003118905693816133,0.006286696238439418,44094,0.02646575450184596,-0.00041113940690284956,0.013011065386351106,0.0,0.03347394203292965,0.08346655815078352,0.014497220449280035,0.12887427818307007,-0.8714819277106765,0.1045947294416474,0.08346655815078352,0.014667426023307839,0.12887427818307007,0.12851807228932366,0.1045947294416474,0.999827290620017,0.4656640894078695,0.46566408940786946
crmarenapro,query10,16,inf,321.8609517086853,96.02311373129487,342602076.0,278865394.0,0.0,0.0,88783.0,321.9793226267086,93.56783743482083,338217645.0,278865394.0,2858.0,0.0,88783.0,314.67186657330717,85.01670161727816,275881695.0,501757971.0,12794.0,0.0,88783.0,314.6677463326109,85.01670161727816,275881695.0,222892577.0,12794.0,0.0,88783.0,0.0,0.0,0.0,0.0,0.0,0.0,0.0,0.0,1.3730221502573892,2176858.0,1.3730221502573892,2176858.0,1.3740291958351296,4353716.0,1.3730221502573892,2176858.0,319.76731026699224,276688536.0,319.8856811850155,276688536.0,312.57721808603634,497404255.0,312.5741048909178,220715719.0,0.7206192914357306,0.0,0.7206192914357306,0.0,0.7206192914357306,0.0,0.7206192914357306,0.0,278865.394,0.0031144189138728614,0.006532865019451775,278865.394,0.003117793817368591,0.006519738461293228,501757.971,0.0031064507531746023,0.006418986814328398,222892.577,0.0031106958336394254,0.006412691641395859,88783,0.02556963840336124,-0.000367770359824382,0.012797444344733067,0.0,0.032190847346901995,0.11462252874673873,0.022335996638340183,0.1947459915566886,-0.7992837469105256,0.1441041640854668,0.11462252874673873,0.022348797944849785,0.1947459915566886,0.20071625308947438,0.1441041640854668,0.9999869062311125,0.44422329067493777,0.44422329067493777
crmarenapro,query10,50,inf,1005.8832583023149,300.7209051400423,1073989600.0,875258600.0,0.0,0.0,277000.0,1006.2710233274923,293.0334223434329,1059919600.0,875258600.0,9000.0,0.0,277000.0,965.5230469233096,249.5444493368268,714413400.0,1439509400.0,59400.0,0.0,277000.0,965.7516239288692,249.5444493368268,714413400.0,564250800.0,59400.0,0.0,277000.0,0.0,0.0,0.0,0.0,0.0,0.0,0.0,0.0,4.472097336629717,5883400.0,4.472097336629717,5883400.0,4.474819081434421,11766800.0,4.472097336629717,5883400.0,998.8375206391291,869375200.0,999.2252856643066,869375200.0,958.4745875153191,1427742600.0,958.7058862656834,558367400.0,2.5736403265561805,0.0,2.5736403265561805,0.0,2.5736403265561805,0.0,2.5736403265561805,0.0,875258.6,0.003114527177793854,0.006899436044303649,875258.6,0.0031170580867389127,0.006898523785902136,1439509.4,0.003092914799559894,0.006745231927503018,564250.8,0.003097942451346698,0.006737382246909612,277000,0.02556351309540461,-0.0003854970464782781,0.013100685518742439,0.0,0.032490974729241874,0.17017924237552828,0.04012415063664887,0.33480417315028,-0.6446675302590572,0.21444043321299638,0.17017924237552828,0.03989691054325528,0.33480417315028,0.3553324697409429,0.21444043321299638,1.0002367390465592,0.3919743768258825,0.39197437682588254
crmarenapro,query11,1,inf,28.58799040951698,16.18266806937754,2653798.0,495924.0,0.0,0.0,5956.0,28.607062076453904,16.03018304426223,2585363.0,495924.0,161.0,0.0,5956.0,28.60729149797386,16.03018304426223,2585363.0,991848.0,161.0,0.0,5956.0,28.607062076453904,16.03018304426223,2585363.0,495924.0,161.0,0.0,5956.0,0.0,0.0,0.0,0.0,0.0,0.0,0.0,0.0,14.011186356691503,42822.0,14.05949386380577,42822.0,14.059513673874102,85644.0,14.05949386380577,42822.0,0.0631767102968142,19318.0,0.0631767102968142,19318.0,0.06318564707931024,38636.0,0.0631767102968142,19318.0,14.513627342528661,433784.0,14.484391502351317,433784.0,14.484592177020447,867568.0,14.484391502351317,433784.0,495.924,0.003874932505918616,0.008201675347221963,495.924,0.00388095243354022,0.00819459487797402,991.848,0.00388095243354022,0.00819459487797402,495.924,0.00388095243354022,0.00819459487797402,5956,0.009422736996247183,-0.0006671216361739951,0.025787569362852758,0.0,0.027031564808596375,0.009422736996247183,-0.0006751467375074593,0.025787569362852758,-1.0,0.027031564808596375,0.009422736996247183,-0.0006671216361739951,0.025787569362852758,0.0,0.027031564808596375,0.999991980313132,0.5,0.5
crmarenapro,query11,2,1,59.08101159149253,34.065848716534674,8000493.0,3867474.0,0.0,0.0,11968.0,59.0724349694928,33.73265020828694,7887190.0,3867474.0,305.0,0.0,11968.0,58.69455213607505,32.954057244583964,7778123.0,7734948.0,695.0,0.0,11968.0,58.697664947900286,32.954057244583964,7778123.0,3867474.0,695.0,0.0,11968.0,0.0,0.0,0.0,0.0,0.0,0.0,0.0,0.0,27.68450971108048,242658.0,27.77338588967189,242658.0,27.853247451681455,485316.0,27.857433836905287,242658.0,0.2552361480237671,154544.0,0.2552361480237671,154544.0,0.25530764228373554,309088.0,0.2552361480237671,154544.0,31.14126573238828,3470272.0,31.04381293179713,3470272.0,30.58599704210985,6940544.0,30.58499496297122,3470272.0,3867.474,0.0034166214603762565,0.009523554611468636,3867.474,0.0034260479921497922,0.009511219617519329,7734.948,0.0033556870901041386,0.009513351193887125,3867.474,0.003356227668144644,0.00951372752528975,11968,0.009781012973441805,0.0001451671487793238,0.014162002266610352,0.0,0.0254846256684492,0.03263654110608072,0.006541178713892037,0.02779453716164737,-1.0,0.058071524064171126,0.03263654110608072,0.006488491535027285,0.02779453716164737,0.0,0.058071524064171126,1.000053034084288,0.5,0.5
crmarenapro,query11,2,1/16,58.76235455651317,33.60220882296562,9821484.0,5551416.0,0.0,0.0,12033.0,58.77331536227768,33.186158129014075,9689172.0,5551416.0,400.0,12.0,12033.0,58.51151020674476,32.56238851789385,9501476.0,5897424.0,759.0,12.0,12033.0,58.498515283613976,32.537706029601395,9500609.0,5551416.0,766.0,24.0,12033.0,0.0,0.0,0.0,0.0,0.0,0.0,0.0,0.0,27.990782494043668,114192.0,28.108941380458436,114192.0,28.174542463640318,228384.0,28.179990000973646,114192.0,0.3282200582189603,231816.0,0.3282200582189603,231816.0,0.3283272996089129,463632.0,0.3282200582189603,231816.0,30.443352004250535,5205408.0,30.33615392360027,5205408.0,30.008640443495516,5205408.0,29.990305224421355,5205408.0,5551.416,0.0033167050096969543,0.009574565453996832,5551.416,0.003327199765336012,0.00954578045968481,5897.424,0.0032900460584711585,0.00954821193331987,5551.416,0.0032907045076227413,0.009548464961080349,12033,0.012381647175146226,-0.00018652768166327327,0.01347169124340064,0.0,0.033241918058671986,0.030944998602624563,0.00426879337394781,0.03258244884377959,-0.06232788175125048,0.06307653951633009,0.03167954818007934,0.00448993705052203,0.03267072470921906,0.0,0.06365827308235686,0.9997779082596763,0.9413289598984235,0.9413289598984235
crmarenapro,query11,2,1/4,57.64821411661977,33.0783629687503,6591721.0,2393976.0,0.0,0.0,11773.0,57.65976172568671,32.766402615234256,6496442.0,2393976.0,303.0,5.0,11773.0,57.353067033929406,32.06516230292618,6373983.0,2619032.0,689.0,5.0,11773.0,57.357814603786196,32.06516230292618,6373983.0,2393976.0,689.0,5.0,11773.0,0.0,0.0,0.0,0.0,0.0,0.0,0.0,0.0,27.37975866127471,128466.0,27.46926851081457,128466.0,27.545105952272284,256932.0,27.54939544086287,128466.0,0.22798046438569572,96590.0,0.22798046438569572,96590.0,0.22802514829817597,193180.0,0.22798046438569572,96590.0,30.04047499095935,2168920.0,29.962512750486432,2168920.0,29.579935933358936,2168920.0,29.580438698537616,2168920.0,2393.976,0.0033731376573275266,0.009569412493083573,2393.976,0.0033826511884673034,0.009548045595143571,2619.032,0.0033596041796030724,0.009550510272864935,2393.976,0.003360105736457888,0.00955082502043998,11773,0.009430948980478804,-0.000200311653082208,0.014454343562174454,0.0,0.025736855516860613,0.030630314649527923,0.005119795768404822,0.033032041252959554,-0.09400929666796998,0.058523740762762254,0.030630314649527923,0.005037441615209581,0.033032041252959554,0.0,0.058523740762762254,1.0000827779594417,0.9140690148115792,0.9140690148115792
crmarenapro,query11,2,inf,58.98833794721106,33.86499360203743,7937706.0,3796104.0,0.0,0.0,12030.0,58.976985292823585,33.50454350281507,7807888.0,3796104.0,328.0,0.0,12030.0,58.80594440514576,33.00899318512529,7674693.0,7592208.0,646.0,0.0,12030.0,58.80818525642992,33.00899318512529,7674693.0,3796104.0,646.0,0.0,12030.0,0.0,0.0,0.0,0.0,0.0,0.0,0.0,0.0,27.909470222638348,171288.0,28.00531564890114,171288.0,28.06716345793148,342576.0,28.07076697259198,171288.0,0.2718588867098702,154544.0,0.2718588867098702,154544.0,0.27193038096983857,309088.0,0.2718588867098702,154544.0,30.80700883786283,3470272.0,30.699810757212568,3470272.0,30.46685056624443,6940544.0,30.46555939712806,3470272.0,3796.104,0.0032969035397115583,0.009572502413142421,3796.104,0.0033067708066557722,0.009550945892939948,7592.208,0.0032688985066961834,0.009553939301333227,3796.104,0.0032692132318606283,0.009554235961845455,12030,0.010643737407960874,0.00019245591217764701,0.016354599175126938,0.0,0.027265170407315045,0.025276851576332193,0.0030920271432045565,0.03313463612786871,-1.0,0.053699085619285124,0.025276851576332193,0.0030540391041760095,0.03313463612786871,0.0,0.053699085619285124,1.0000381058633925,0.5,0.5
crmarenapro,query11,4,1,115.8725030931805,65.76488098409027,16247747.0,7577934.0,0.0,0.0,23993.0,115.9394316064902,65.0587800219655,15942354.0,7577934.0,729.0,0.0,23993.0,114.57224410602683,61.8435821775347,15162925.0,15155868.0,2544.0,0.0,23993.0,114.59155141559287,61.8435821775347,15162925.0,7577934.0,2544.0,0.0,23993.0,0.0,0.0,0.0,0.0,0.0,0.0,0.0,0.0,56.28074280623346,328302.0,56.493850520429895,328302.0,56.84586905486655,656604.0,56.86624256609563,328302.0,0.4732760586341676,309088.0,0.4732760586341676,309088.0,0.47341904715410443,618176.0,0.4732760586341676,309088.0,59.11848422831285,6940544.0,58.972305027426124,6940544.0,57.25295600400615,13881088.0,57.252032790863055,6940544.0,7577.934,0.003051710372587615,0.010183424218214996,7577.934,0.003065425457352714,0.010181261072139978,15155.868,0.0030552997337529035,0.010177894964883145,7577.934,0.0030565516169599734,0.010177998301129372,23993,0.010736748117822659,-0.0005776047942616103,0.018796021380687478,0.0,0.030383861959738256,0.05962603060901461,0.011221462835820928,0.06676753398486568,-1.0,0.1060309256866586,0.05962603060901461,0.011054837372051263,0.06676753398486568,0.0,0.1060309256866586,1.0001685164650191,0.5,0.5
crmarenapro,query11,4,1/16,117.37357363878081,67.22498085629195,17488319.0,8994336.0,0.0,0.0,23995.0,117.4389695728,66.5657145017758,17241718.0,8994336.0,680.0,19.0,23995.0,115.86467999016796,63.174889393150806,16542371.0,9746776.0,2460.0,19.0,23995.0,115.87176115445432,63.13860532455146,16525740.0,8994336.0,2481.0,38.0,23995.0,0.0,0.0,0.0,0.0,0.0,0.0,0.0,0.0,55.85595357401646,385398.0,56.05778342886326,385398.0,56.411254472418435,770796.0,56.43470390263698,385398.0,0.5426996679129275,367042.0,0.5426996679129275,367042.0,0.5428694667803524,734084.0,0.5426996679129275,367042.0,60.97492039685141,8241896.0,60.8384864760238,8241896.0,58.91055605096915,8241896.0,58.89435758390438,8241896.0,8994.336,0.0030664915021340784,0.010133414916165122,8994.336,0.003078613242288273,0.010124316983582304,9679.592,0.003059358234470026,0.0101201057107648,8965.788,0.0030609102462228286,0.010120220667628072,23995,0.009806865634152784,-0.0005571606281704611,0.014100897862167283,0.0,0.02833923734111273,0.06024682211214161,0.012855480171852784,0.054090275915026464,-0.08365709264141352,0.10252135861637841,0.06078656296646634,0.012795150030520008,0.055041253536146084,0.0,0.10339654094603043,1.0000611158144739,0.9228011395768201,0.9262568091712956
crmarenapro,query11,4,1/4,116.45120598238506,66.7549161836505,18157932.0,9800622.0,0.0,0.0,23784.0,116.48260545892894,66.14306103158742,17939033.0,9800622.0,604.0,21.0,23784.0,115.00791904149686,62.844920246861875,17146307.0,10491780.0,2397.0,21.0,23784.0,115.03013575107657,62.844920246861875,17146307.0,9800622.0,2397.0,21.0,23784.0,0.0,0.0,0.0,0.0,0.0,0.0,0.0,0.0,55.25631273003981,285480.0,55.43389140747041,285480.0,55.77731450140873,570960.0,55.79729304143373,285480.0,0.6437374697726455,405678.0,0.6437374697726455,405678.0,0.6439251422050625,811356.0,0.6437374697726455,405678.0,60.55115578257258,9109464.0,60.40497658168586,9109464.0,58.58667939788304,9109464.0,58.58910523987017,9109464.0,9800.622,0.0030397613260726864,0.010229046452401155,9800.622,0.0030508097904367835,0.01022438419227876,10491.78,0.003052563674670533,0.010223197989431427,9800.622,0.0030538625168252172,0.010223281366335846,23784,0.009165694259577584,-0.00026963633634369266,0.012055282506840515,0.0,0.02539522367978473,0.05857240425606658,0.012393920086207766,0.055712566827544,-0.07052185055193427,0.10078203834510595,0.05857240425606658,0.012203138810975012,0.055712566827544,0.0,0.10078203834510595,1.0001931754766529,0.9341238569623076,0.9341238569623075
crmarenapro,query11,4,inf,115.3533390243242,65.86264477204531,17179678.0,8823048.0,0.0,0.0,23695.0,115.3461561532102,65.2380600059405,16984006.0,8823048.0,579.0,0.0,23695.0,113.73005773682209,61.7252546492964,16266670.0,17646096.0,2435.0,0.0,23695.0,113.74930437319028,61.7252546492964,16266670.0,8823048.0,2435.0,0.0,23695.0,0.0,0.0,0.0,0.0,0.0,0.0,0.0,0.0,55.27801242209522,214110.0,55.44624459204529,214110.0,55.81233058928587,428220.0,55.83290775691744,214110.0,0.5420336837964328,367042.0,0.5420336837964328,367042.0,0.5422034826638578,734084.0,0.5420336837964328,367042.0,59.53329291843252,8241896.0,59.35787787736846,8241896.0,57.37552366487233,16483792.0,57.37436293247639,8241896.0,8823.048,0.003044783221354657,0.010154729905381748,8823.048,0.00305523538338898,0.010143918660138182,17646.096,0.0030479329729869507,0.010142937703193345,8823.048,0.003049176360405361,0.010143053293841325,23695,0.009483141289976182,6.226842824619272e-05,0.011389736175497545,0.0,0.02443553492297953,0.06281846313746853,0.014072252274897834,0.05314465148881142,-1.0,0.10276429626503482,0.06281846313746853,0.013905402866540961,0.05314465148881142,0.0,0.10276429626503482,1.0001692308678216,0.5,0.5
crmarenapro,query11,8,1,233.7442928529158,133.5421031685546,36558252.0,19458504.0,0.0,0.0,47952.0,233.82171769005961,132.10230603255332,36036792.0,19458504.0,1425.0,0.0,47952.0,227.7952131487806,119.17348810192198,33329913.0,38917008.0,8203.0,0.0,47952.0,227.87140492665634,119.17348810192198,33329913.0,19458504.0,8203.0,0.0,47952.0,0.0,0.0,0.0,0.0,0.0,0.0,0.0,0.0,111.71336113547278,428220.0,112.13187077468561,428220.0,113.43589181482395,856440.0,113.51108335268376,428220.0,1.170246494603165,811356.0,1.170246494603165,811356.0,1.1706218394679992,1622712.0,1.170246494603165,811356.0,120.86068522283982,18218928.0,120.5196004207708,18218928.0,113.18869949448866,36437856.0,113.19007507936944,18218928.0,19458.504,0.0029406159126962954,0.010438050383312575,19458.504,0.0029580108168641883,0.010435452633799703,38917.008,0.0030203695621904467,0.010421440097719151,19458.504,0.0030234340670543254,0.010421440097719151,47952,0.010781596978325259,-0.0003312373371722188,0.014263811081558275,0.0,0.029717217217217217,0.10759614178381482,0.025451229767045835,0.08830671116332367,-1.0,0.1710669002335669,0.10759614178381482,0.0251252676785354,0.08830671116332367,0.0,0.1710669002335669,1.0003344748856773,0.5,0.5
crmarenapro,query11,8,1/16,232.4554950559128,132.9442205959931,29260401.0,12337338.0,0.0,0.0,47664.0,232.46546327033158,131.70678118243814,28816137.0,12337338.0,1172.0,26.0,47664.0,227.03423781835272,119.67319185100496,26198823.0,13396292.0,7661.0,26.0,47664.0,227.0465320613748,119.55341096781194,26117950.0,12337338.0,7714.0,52.0,47664.0,0.0,0.0,0.0,0.0,0.0,0.0,0.0,0.0,111.19187356694877,556686.0,111.53318130337749,556686.0,112.79491140136004,1113372.0,112.873601904098,556686.0,0.8916004232002075,502268.0,0.8916004232002075,502268.0,0.8918327795451049,1004536.0,0.8916004232002075,502268.0,120.37202106576378,11278384.0,120.04068154375388,11278384.0,113.34749363744758,11278384.0,113.2813297340766,11278384.0,12337.338,0.0029406723024155436,0.010546962576528958,12337.338,0.002954374905498161,0.010541092438187398,13314.834,0.0030126406450021073,0.01053894895346085,12294.516,0.0030161406132505008,0.01053894895346085,47664,0.009307959443498048,-4.288224899307025e-05,0.015183113860948061,0.0,0.02458878818395435,0.09982403661846828,0.02332169964945796,0.10463212722204318,-0.08583326484205922,0.16072927156764014,0.10072502263091798,0.023268811060960237,0.1073960332942806,0.0,0.1618412218865391,1.0000541514933616,0.9209517081293839,0.923369829469898
crmarenapro,query11,8,1/4,232.07508715322575,132.1352244298905,31859314.0,14898936.0,0.0,0.0,47885.0,232.24008187057652,130.6971738114953,31345177.0,14898936.0,1504.0,32.0,47885.0,225.94842161164084,117.69130050111562,28632439.0,15916784.0,8112.0,32.0,47885.0,226.03100754814787,117.69130050111562,28632439.0,14898936.0,8112.0,32.0,47885.0,0.0,0.0,0.0,0.0,0.0,0.0,0.0,0.0,111.88195938226217,399672.0,112.32956722132725,399672.0,113.59249878960676,799344.0,113.6653028304506,399672.0,1.0589710796419922,618176.0,1.0589710796419922,618176.0,1.0592570566818658,1236352.0,1.0589710796419922,618176.0,119.13415669132156,13881088.0,118.85154356960724,13881088.0,111.29666576535223,13881088.0,111.3067336380553,13881088.0,14898.936,0.002939624497929537,0.010379733335908449,14898.936,0.0029584109248158423,0.010377177924565857,15916.784,0.0030195230907892174,0.010365666433063843,14898.936,0.0030224204490615666,0.010365675434525884,47885,0.01088317384406623,-0.000710954025159305,0.016137729770327125,0.0,0.03140858306358985,0.10931168423177484,0.026399496890158747,0.10128513752681556,-0.06831682477191658,0.16940586822595802,0.10931168423177484,0.02604363820011124,0.10128513752681556,0.0,0.16940586822595802,1.0003655079151161,0.9360519059629131,0.9360519059629131
crmarenapro,query11,8,inf,233.73419337517993,133.38701531570405,32422098.0,15323490.0,0.0,0.0,48083.0,233.89821356401634,131.87690557725728,31826612.0,15323490.0,1574.0,0.0,48083.0,227.97020392258813,119.07081369496882,29004637.0,30646980.0,8342.0,0.0,48083.0,228.0481829256583,119.07081369496882,29004637.0,15323490.0,8342.0,0.0,48083.0,0.0,0.0,0.0,0.0,0.0,0.0,0.0,0.0,112.24301953371784,371124.0,112.70914340438682,371124.0,114.00074165345505,742248.0,114.07600988125716,371124.0,0.9767497177625091,637494.0,0.9767497177625091,637494.0,0.9770446315848788,1274988.0,0.9767497177625091,637494.0,120.51442412369954,14314872.0,120.21232044186699,14314872.0,112.99241763754823,28629744.0,112.99542332663864,14314872.0,15323.49,0.0029468135705980896,0.010448150101287239,15323.49,0.002968243663712252,0.010445693690179765,30646.98,0.0030205628209657807,0.01043938244771111,15323.49,0.0030237625808086726,0.01043938244771111,48083,0.011321264928768393,-0.0007017381003091572,0.0183666707811444,0.0,0.03273506228812678,0.10732830018612571,0.024660445993623603,0.10540530103881618,-1.0,0.17349167065282947,0.10732830018612571,0.0243268234202888,0.10540530103881618,0.0,0.17349167065282947,1.0003420578730395,0.5,0.5
crmarenapro,query11,16,inf,466.7208911894748,267.06203305721283,59236150.0,25323948.0,0.0,0.0,95664.0,466.88308395711607,264.4738736031577,58322770.0,25323948.0,2581.0,0.0,95664.0,445.72032060468234,222.07622794248164,49589859.0,50647896.0,23553.0,0.0,95664.0,445.97220516811,222.07622794248164,49589859.0,25323948.0,23553.0,0.0,95664.0,0.0,0.0,0.0,0.0,0.0,0.0,0.0,0.0,222.97593505488774,856440.0,223.73258990613508,856440.0,227.5811554822537,1712880.0,227.81103830185216,856440.0,1.8898467946116921,1043172.0,1.8898467946116921,1043172.0,1.890329380866479,2086344.0,1.8898467946116921,1043172.0,241.85510933997543,23424336.0,241.26064725636942,23424336.0,216.248835741562,46848672.0,216.271320071646,23424336.0,25323.948,0.0029353774374182755,0.010546447518125123,25323.948,0.002951192233038171,0.01054373009249749,50647.896,0.00305091333763575,0.010531496958045236,25323.948,0.00305884639043443,0.010531496958045236,95664,0.009691229503598797,-0.00034751555094936215,0.01541930054535956,0.0,0.02697984612811507,0.16844702558335523,0.04499599435386503,0.1628446649554368,-1.0,0.24620546914199698,0.16844702558335523,0.04445630442743875,0.1628446649554368,0.0,0.24620546914199698,1.0005651179714803,0.5,0.5
crmarenapro,query11,50,inf,1452.9477306712097,830.3133072331548,199387800.0,93475200.0,0.0,0.0,298200.0,1453.3926379511454,822.0349105075002,196320800.0,93475200.0,8200.0,0.0,298200.0,1337.5248798720097,601.6618322581053,157753600.0,186950400.0,111600.0,0.0,298200.0,1338.781284897351,601.6618322581053,157753600.0,93475200.0,111600.0,0.0,298200.0,0.0,0.0,0.0,0.0,0.0,0.0,0.0,0.0,695.430398227434,2854800.0,697.8243615191925,2854800.0,716.3225219698656,5709600.0,717.4423676471008,2854800.0,6.449771845307099,3863600.0,6.449771845307099,3863600.0,6.451559201806309,7727200.0,6.449771845307099,3863600.0,751.0675605984765,86756800.0,749.1185045866534,86756800.0,614.7507987003395,173513600.0,614.8891454049449,86756800.0,93475.2,0.002911108632368916,0.011258119077218647,93475.2,0.002920367841405743,0.011258119077218647,186950.4,0.0030584239064996356,0.011245619610680217,93475.2,0.003068479210073244,0.011245619610680217,298200,0.009970208418362714,-0.00030621010690468076,0.01538208456084078,0.0,0.02749832327297116,0.27537975482650356,0.07944047013024946,0.2088101679240154,-1.0,0.37424547283702214,0.27537975482650356,0.0785757418273525,0.2088101679240154,0.0,0.37424547283702214,1.0009393507696556,0.5,0.5
crmarenapro,query12,1,inf,46.48039488588394,35.7138729467988,26151147.0,27431754.0,0.0,0.0,3296.0,45.63232070930854,34.8205894632265,25909027.0,27265182.0,83.0,0.0,3296.0,45.64493397161567,34.8205894632265,25909027.0,54530364.0,83.0,0.0,3296.0,45.63232070930854,34.8205894632265,25909027.0,27265182.0,83.0,0.0,3296.0,0.0,0.0,0.0,0.0,0.0,0.0,0.0,0.0,0.1914380971034213,0.0,0.1914380971034213,0.0,0.1914380971034213,0.0,0.1914380971034213,0.0,0.0,0.0,0.0,0.0,0.0,0.0,0.0,0.0,46.28895678878052,27431754.0,45.440882612205115,27265182.0,45.45349587451225,54530364.0,45.440882612205115,27265182.0,27431.754,0.014531803178397888,0.016293223768316156,27265.182,0.014476187594828835,0.016287172332748324,54530.364,0.014479901538762772,0.016296838618466335,27265.182,0.014476187594828835,0.016287172332748324,3296,0.025012226618574385,0.01824584706428478,0.009258484914638765,0.006072232931222721,0.025182038834951456,0.025012226618574385,0.0179744796987944,0.009258484914638765,-0.9878555341375546,0.025182038834951456,0.025012226618574385,0.01824584706428478,0.009258484914638765,0.006072232931222721,0.025182038834951456,0.9997236656686813,0.5,0.5
crmarenapro,query12,2,1,96.78894788831158,74.77654026076198,50897238.0,52566832.0,0.0,0.0,6922.0,95.11453296663991,73.02059806138277,50372905.0,52169435.0,163.0,0.0,6922.0,93.36005843456853,71.51118650939316,47660820.0,101320046.0,310.0,0.0,6922.0,93.33777177143521,71.51118650939316,47660820.0,49150611.0,310.0,0.0,6922.0,0.0,0.0,0.0,0.0,0.0,0.0,0.0,0.0,0.4115110696070725,0.0,0.4115110696070725,0.0,0.4101580002641584,0.0,0.4102082767820264,0.0,0.0,0.0,0.0,0.0,0.0,0.0,0.0,0.0,96.37743681870451,52566832.0,94.70302189703284,52169435.0,92.94990043430437,101320046.0,92.92756349465319,49150611.0,52566.832,0.013903635722847606,0.01667409866399313,52169.435,0.013894011442346449,0.016669334576029277,101320.046,0.01373879687325322,0.016637137629536544,49150.611,0.013737880445846156,0.01662682029214067,6922,0.023482527986128487,0.017299649993136046,0.010301796730109447,0.0075598430584518095,0.023548107483386305,0.04366815768664645,0.03542645651753318,0.06358730114195976,-0.9274520100431389,0.04478474429355678,0.04366815768664645,0.035656716930726584,0.06358730114195976,0.06498814689840926,0.04478474429355678,0.999761282677978,0.4851025334117989,0.4851025334117988
crmarenapro,query12,2,1/16,94.35628622334781,72.97523442283273,49237700.0,51139798.0,0.0,0.0,6716.0,92.52946330085771,71.04171173740178,48789022.0,50832147.0,178.0,173.0,6716.0,90.92087310298785,69.42463426105678,48021453.0,67137654.0,337.0,173.0,6716.0,90.91498225128252,69.42463426105678,48021453.0,50083828.0,337.0,173.0,6716.0,0.0,0.0,0.0,0.0,0.0,0.0,0.0,0.0,0.36790171234861363,0.0,0.36790171234861363,0.0,0.3665251028963035,0.0,0.36657537941417156,0.0,0.0,0.0,0.0,0.0,0.0,0.0,0.0,0.0,93.9883845109992,51139798.0,92.1615615885091,50832147.0,90.55434800009155,67137654.0,90.54840687186835,50083828.0,51139.798,0.013917449150962704,0.016756380174850993,50832.147,0.013903649060783858,0.016750800294784776,66397.761,0.01384106507795977,0.01674789582959851,49572.636,0.013840538568823335,0.016745382952274138,6716,0.026495600880536263,0.0193609031852513,0.00911248900740691,0.006015882190226862,0.026503871351995237,0.048654864761421335,0.036408948018874954,0.02470153967386779,-0.3128259521087666,0.05017867778439547,0.048654864761421335,0.03647138001933947,0.02470153967386779,0.020648693215409297,0.05017867778439547,0.999935209028419,0.7459871624349579,0.7466010186698916
crmarenapro,query12,2,1/4,93.7155409701801,72.64513642620295,47234858.0,48733376.0,0.0,0.0,6696.0,91.82024700385139,70.63963838573545,46775298.0,48425378.0,185.0,0.0,6696.0,90.1034716346403,69.22247667890042,43663488.0,93349524.0,327.0,0.0,6696.0,90.082854180061,69.22247667890042,43663488.0,44924146.0,327.0,0.0,6696.0,0.0,0.0,0.0,0.0,0.0,0.0,0.0,0.0,0.3604042413633279,0.0,0.3604042413633279,0.0,0.35832755713016473,0.0,0.3584029719069668,0.0,0.0,0.0,0.0,0.0,0.0,0.0,0.0,0.0,93.35513672881677,48733376.0,91.45984276248807,48425378.0,89.74514407751013,93349524.0,89.72445120815404,44924146.0,48733.376,0.01385566916715535,0.016613500643411598,48425.378,0.013835504046903873,0.016609589845577203,93349.524,0.013699440169488444,0.016572376026959077,44924.146,0.013698667241921477,0.01656240474999132,6696,0.02760677643581544,0.020223902532150784,0.009729255457907815,0.006320062866155607,0.027628434886499402,0.04711478174150674,0.03854290652485426,0.07560878027832751,-0.9155152312862544,0.04883512544802868,0.04711478174150674,0.038762906904362904,0.07560878027832751,0.07816470584758994,0.04883512544802868,0.9997711802419457,0.48124665316986515,0.4812466531698651
crmarenapro,query12,2,inf,94.93467431812297,73.60993395000696,47177166.0,48620485.0,0.0,0.0,6818.0,93.34313754343907,71.91394257266074,46885520.0,48466139.0,157.0,0.0,6818.0,91.70412554406553,70.46885905694216,44541960.0,94338188.0,301.0,0.0,6818.0,91.68351437112486,70.46885905694216,44541960.0,45872049.0,301.0,0.0,6818.0,0.0,0.0,0.0,0.0,0.0,0.0,0.0,0.0,0.4453924497625869,0.0,0.4453924497625869,0.0,0.44331576552942376,0.0,0.4433911803062258,0.0,0.0,0.0,0.0,0.0,0.0,0.0,0.0,0.0,94.48928186836038,48620485.0,92.89774509367648,48466139.0,91.26080977853611,94338188.0,91.24012319081862,45872049.0,48620.485,0.013811893574690396,0.016509519570955956,48466.139,0.013800864294899578,0.01650535830746586,94338.188,0.013681871538498707,0.016481901228232718,45872.049,0.013681249393345616,0.016472414603346905,6818,0.023040251313064197,0.016764546632884736,0.006181931318214429,0.0031745055607733663,0.023027280727486065,0.04267188848719927,0.03402917634953884,0.055857657918663484,-0.9402971401868987,0.044147843942505136,0.04267188848719927,0.03424628535727192,0.055857657918663484,0.05652835425232805,0.044147843942505136,0.9997752426859927,0.48625111391793957,0.48625111391793957
crmarenapro,query12,4,1,189.34279295528228,147.701558903791,87311682.0,88924960.0,0.0,0.0,13652.0,186.65145612538242,144.85680128540844,86520848.0,88362379.0,263.0,0.0,13652.0,178.28387381787738,137.42235583811998,75481810.0,164567799.0,988.0,0.0,13652.0,178.25210873915546,137.42235583811998,75481810.0,76205420.0,988.0,0.0,13652.0,0.0,0.0,0.0,0.0,0.0,0.0,0.0,0.0,0.8820195916114364,0.0,0.8820195916114364,0.0,0.8765837741303839,0.0,0.8767848802018561,0.0,0.0,0.0,0.0,0.0,0.0,0.0,0.0,0.0,188.46077336367082,88924960.0,185.769436533771,88362379.0,177.407290043747,164567799.0,177.3753238589536,76205420.0,88924.96,0.013615627419931765,0.01678491510733212,88362.379,0.013609209487011605,0.016777422022942398,164567.799,0.013521752484079799,0.01640082732953546,76205.42,0.013521668209125206,0.016392470164393953,13652,0.019260173281147153,0.014214097024202399,0.009057596668450407,0.00632646896889244,0.019264576618810432,0.06959441147379242,0.0584068660063376,0.13549013979595537,-0.8506367503567052,0.072370348666862,0.06959441147379242,0.05857463092744253,0.13549013979595537,0.1430367806744023,0.072370348666862,0.9998218286486507,0.46306398009248456,0.46306398009248456
crmarenapro,query12,4,1/16,189.3988801472633,146.8915199795738,94066714.0,97136802.0,0.0,0.0,13566.0,186.10307002158925,143.3951279008761,93282637.0,96624166.0,323.0,317.0,13566.0,179.57824638529058,136.81758271344006,90349958.0,128320789.0,968.0,317.0,13566.0,179.5703666889753,136.81758271344006,90349958.0,93763306.0,968.0,317.0,13566.0,0.0,0.0,0.0,0.0,0.0,0.0,0.0,0.0,0.7770293248448975,0.0,0.7770293248448975,0.0,0.7719317746995735,0.0,0.7721203116415787,0.0,0.0,0.0,0.0,0.0,0.0,0.0,0.0,0.0,188.6218508224184,97136802.0,185.32604069674437,96624166.0,178.80631461059102,128320789.0,178.79824637733373,93763306.0,97136.802,0.013630686518533105,0.017103496687656216,96624.166,0.013620547693485344,0.01709219451894233,121480.9,0.013550315937239637,0.017092992424387426,87789.709,0.013550215453637713,0.017089365527296386,13566,0.02380254543750293,0.01740142350953422,0.008335328902846495,0.005277464250881936,0.023809523809523808,0.06858079532116335,0.05185159360148739,0.039511914916045665,-0.3210316415399388,0.07135485773256671,0.06858079532116335,0.051893197312708694,0.039511914916045665,0.03472932946670404,0.07135485773256671,0.9999561210977728,0.7306945876088714,0.7226626490254847
crmarenapro,query12,4,1/4,190.41866263341598,147.601962457411,95474528.0,98521441.0,0.0,0.0,13654.0,186.86501777553386,143.8316755630076,94593368.0,97907180.0,348.0,0.0,13654.0,178.28780542962332,136.4923526123166,81531796.0,181276436.0,1066.0,0.0,13654.0,178.2515368058343,136.4923526123166,81531796.0,83369256.0,1066.0,0.0,13654.0,0.0,0.0,0.0,0.0,0.0,0.0,0.0,0.0,0.8783064425333302,0.0,0.8783064425333302,0.0,0.8731853522786103,0.0,0.8733738892206154,0.0,0.0,0.0,0.0,0.0,0.0,0.0,0.0,0.0,189.54035619088265,98521441.0,185.98671133300053,97907180.0,177.4146200773447,181276436.0,177.3781629166137,83369256.0,98521.441,0.013629553492443587,0.01711674837025995,97907.18,0.013618523720914448,0.017109677874885446,180904.846,0.013506275293149109,0.016767071231708206,83021.016,0.013506143509971768,0.016757162477059235,13654,0.025543609526812894,0.01866227190516201,0.009229267936260444,0.006234795124444026,0.02548703676578292,0.0752673586457222,0.06370624095363142,0.1460361448448323,-0.839969393058309,0.07807235974805918,0.0752673586457222,0.06389670875383258,0.1460361448448323,0.153795811817247,0.07807235974805918,0.9997965726051671,0.4599012306265774,0.45892090696122095
crmarenapro,query12,4,inf,190.12698010587718,147.50890802778304,94770087.0,97718748.0,0.0,0.0,13633.0,187.34318025899938,144.57199228554964,93902102.0,97054195.0,270.0,0.0,13633.0,178.20227573976078,136.95445035025477,78323180.0,176598831.0,1018.0,0.0,13633.0,178.1667787928901,136.95445035025477,78323180.0,79544636.0,1018.0,0.0,13633.0,0.0,0.0,0.0,0.0,0.0,0.0,0.0,0.0,0.8703427442892858,0.0,0.8703427442892858,0.0,0.8631449698014027,0.0,0.8634089215202099,0.0,0.0,0.0,0.0,0.0,0.0,0.0,0.0,0.0,189.2566373615879,97718748.0,186.4728375147101,97054195.0,177.33913076995935,176598831.0,177.30336987136988,79544636.0,97718.748,0.01362121051296773,0.017067192491359958,97054.195,0.013611232828145796,0.01706007069361577,176598.831,0.013501901115948647,0.01666132485224978,79544.636,0.013501829322789713,0.016651675551461003,13633,0.01991009072943739,0.014641792791993846,0.009158849880553599,0.006800670430202382,0.019804885205017237,0.07155132404302222,0.06271968533595718,0.17354534031397484,-0.807215448564691,0.07467175236558352,0.07155132404302222,0.06290638659661407,0.17354534031397484,0.18598388100510665,0.07467175236558352,0.999800805311137,0.4504256089894502,0.4504256089894502
crmarenapro,query12,8,1,381.37568984092604,296.75888629071414,181909022.0,186445971.0,0.0,0.0,27396.0,374.89447398341747,289.88486677687615,180351633.0,185421046.0,633.0,0.0,27396.0,341.5022077383133,260.70368665177375,133377897.0,319146692.0,3480.0,0.0,27396.0,341.4522136277974,260.70368665177375,133377897.0,133725646.0,3480.0,0.0,27396.0,0.0,0.0,0.0,0.0,0.0,0.0,0.0,0.0,1.6286432149534287,0.0,1.6286432149534287,0.0,1.6022435284613918,0.0,1.6032113514303516,0.0,0.0,0.0,0.0,0.0,0.0,0.0,0.0,0.0,379.74704662597264,186445971.0,373.26583076846407,185421046.0,339.89996420985193,319146692.0,339.849002276367,133725646.0,186445.971,0.01357802202485683,0.017412544832641205,185421.046,0.013569483210595274,0.01739473232774245,319146.692,0.013398024475064944,0.016345714753192707,133725.646,0.013397911023177937,0.01633804746049637,27396,0.023163651810931718,0.01699430779190969,0.008561362063724376,0.005497168935873709,0.02310556285589137,0.12149661325935701,0.10455171413585429,0.2667878946652794,-0.7117382064533859,0.12702584318878668,0.12149661325935701,0.10468280301185684,0.2667878946652794,0.2827646246107405,0.12702584318878668,0.9998536053080096,0.4190099704997099,0.41900997049970995
crmarenapro,query12,8,1/16,375.4514265271916,290.70217050332576,191748765.0,198208455.0,0.0,0.0,26862.0,368.8387389131663,283.7302236435935,189764489.0,196685896.0,644.0,659.0,26862.0,345.59093599571355,260.2361585525796,179403781.0,254440377.0,2925.0,659.0,26862.0,345.5883996891502,260.2361585525796,179403781.0,186983550.0,2925.0,659.0,26862.0,0.0,0.0,0.0,0.0,0.0,0.0,0.0,0.0,1.6247569402326834,0.0,1.6247569402326834,0.0,1.6086229743594824,0.0,1.609213723444432,0.0,0.0,0.0,0.0,0.0,0.0,0.0,0.0,0.0,373.8266695869589,198208455.0,367.2139819729336,196685896.0,343.98231302135406,254440377.0,343.97918596570577,186983550.0,198208.455,0.013590404815303112,0.017579283441027573,196685.896,0.01358222669342714,0.01755873890172871,231676.556,0.013434830345371596,0.017547332967326523,166537.318,0.01343482533462695,0.017543248348480037,26862,0.023983126261702625,0.017612631479897556,0.010348311760964957,0.00768160470248358,0.023974387610751248,0.10480146019548775,0.07953223352399597,0.06438103525725447,-0.283700924867206,0.10888988161715435,0.10480146019548775,0.0795389888760446,0.06438103525725447,0.05663181724513211,0.10888988161715435,0.9999926609575103,0.7348815946770901,0.718835435381731
crmarenapro,query12,8,1/4,375.3461714914197,291.1474429368973,187016050.0,192670213.0,0.0,0.0,26889.0,369.61518490686046,285.12081416975707,185182911.0,191275119.0,558.0,0.0,26889.0,337.3620211783255,257.0615648375824,139015527.0,331557329.0,3289.0,0.0,26889.0,337.30786087107543,257.0615648375824,139015527.0,140282210.0,3289.0,0.0,26889.0,0.0,0.0,0.0,0.0,0.0,0.0,0.0,0.0,1.6315790690128695,0.0,1.6315790690128695,0.0,1.610032825768012,0.0,1.6108246809244338,0.0,0.0,0.0,0.0,0.0,0.0,0.0,0.0,0.0,373.71459242240684,192670213.0,367.9836058378476,191275119.0,335.7519883525575,331557329.0,335.697036190151,140282210.0,192670.213,0.013597027292737688,0.017522108517011574,191275.119,0.01358984440405103,0.017507505445444903,323799.522,0.013429265942143364,0.01658114312391767,133866.816,0.013429232396081939,0.016572474133765273,26889,0.02069957649755627,0.015268536140351285,0.00980204105476512,0.00724083903929662,0.020751980363717504,0.11707428289762645,0.10119764952487997,0.25666525947906615,-0.7208541156281381,0.12231767637323812,0.11707428289762645,0.10134194380936634,0.25666525947906615,0.2719050453325652,0.12231767637323812,0.9998394593823546,0.4231009171870847,0.4134249957293019
crmarenapro,query12,8,inf,384.5173944397938,298.5541961044073,189081280.0,194615866.0,0.0,0.0,27582.0,378.19352869736935,291.85768694616854,187443597.0,193412490.0,617.0,0.0,27582.0,344.2928583439982,262.3910479657352,138540493.0,333053312.0,3488.0,0.0,27582.0,344.2394689365455,262.3910479657352,138540493.0,139640822.0,3488.0,0.0,27582.0,0.0,0.0,0.0,0.0,0.0,0.0,0.0,0.0,1.740618108480996,0.0,1.740618108480996,0.0,1.7154921651995005,0.0,1.7164222807800593,0.0,0.0,0.0,0.0,0.0,0.0,0.0,0.0,0.0,382.7767763313128,194615866.0,376.45291058888836,193412490.0,342.57736617879874,333053312.0,342.5230466557655,139640822.0,194615.866,0.013588656847627783,0.0174662336333021,193412.49,0.013579840206803704,0.01745129913890915,333053.312,0.013424544482100738,0.016426707173562063,139640.822,0.013424489225057835,0.016418810522446353,27582,0.022429794139945503,0.01644624101241965,0.008661264615936637,0.006183339646110841,0.022369661373359436,0.12112758289964043,0.10461044591857549,0.2672966197394052,-0.7113368958315043,0.12645928504096876,0.12112758289964043,0.10474929375283404,0.2672966197394052,0.2824797645223849,0.12645928504096876,0.9998449302500508,0.4192746835677767,0.41927468356777664
crmarenapro,query12,16,inf,756.0605945733699,586.8655157126486,372877885.0,383636219.0,0.0,0.0,54234.0,743.5963424132409,573.6860177591443,369509495.0,381280453.0,1219.0,0.0,54234.0,643.2979357504972,484.56347896065563,237729590.0,619096010.0,9916.0,0.0,54234.0,643.2308636904854,484.56347896065563,237729590.0,237815557.0,9916.0,0.0,54234.0,0.0,0.0,0.0,0.0,0.0,0.0,0.0,0.0,3.399231268917166,0.0,3.399231268917166,0.0,3.3037805430208746,0.0,3.3072747610127036,0.0,0.0,0.0,0.0,0.0,0.0,0.0,0.0,0.0,752.6613633044528,383636219.0,740.1971111443238,381280453.0,639.9941552074763,619096010.0,639.9235889294728,237815557.0,383636.219,0.013572701169906134,0.017864156004676543,381280.453,0.013566579860432023,0.01783964446371602,619096.01,0.013325050828357022,0.015837332304530168,237815.557,0.013325012601442523,0.015832348280662618,54234,0.02245744144209949,0.016485784670688175,0.00903349363290884,0.006140624589984323,0.022476675148430873,0.17431938666180535,0.14914500191152336,0.36244652857328885,-0.6137579804476176,0.18283733451340486,0.17431938666180535,0.14923371445717537,0.36244652857328885,0.3801013949623979,0.18283733451340486,0.999895737175134,0.38413356435619733,0.38413356435619733
crmarenapro,query12,50,inf,2362.3656515006437,1834.0819336473942,1163784800.0,1197266200.0,0.0,0.0,169400.0,2323.412964316275,1792.931911535561,1153058800.0,1189583600.0,3800.0,0.0,169400.0,1821.733907925273,1335.287219658494,566891400.0,1752706000.0,48200.0,0.0,169400.0,1821.741658923154,1335.287219658494,566891400.0,563122400.0,48200.0,0.0,169400.0,0.0,0.0,0.0,0.0,0.0,0.0,0.0,0.0,10.324802004641134,0.0,10.324802004641134,0.0,9.84181169086279,0.0,9.859408472116606,0.0,0.0,0.0,0.0,0.0,0.0,0.0,0.0,0.0,2352.040849496003,1197266200.0,2313.0881623116343,1189583600.0,1811.89209623441,1752706000.0,1811.8822504510376,563122400.0,1197266.2,0.013582804699225301,0.018975793498365156,1189583.6,0.013578315910680169,0.01893027735201823,1752706.0,0.01131209520210418,0.015169414160054134,563122.4,0.011314609027997581,0.015166949790699356,169400,0.022436305247279242,0.016488847592084133,0.009216480572696972,0.006416785172754347,0.02243211334120425,0.27195879575399295,0.2288518473979444,0.5128898401147703,-0.46392339481395206,0.2845336481700118,0.27195879575399295,0.22884856636569761,0.5128898401147703,0.5296598200132936,0.2845336481700118,1.0000042547365713,0.3212874264137853,0.3212874264137853
crmarenapro,query13,1,inf,39.05412848761065,20.080807684920728,78169099.0,88387104.0,0.0,0.0,3378.0,38.858116554367555,19.858429136686027,78132886.0,88387104.0,34.0,0.0,3378.0,38.89900569009091,19.858429136686027,78132886.0,176774208.0,34.0,0.0,3378.0,38.858116554367555,19.858429136686027,78132886.0,88387104.0,34.0,0.0,3378.0,0.0,0.0,0.0,0.0,0.0,0.0,0.0,0.0,11.575204878635548,21921805.0,11.57032125907279,21921805.0,11.580462598921939,43843610.0,11.57032125907279,21921805.0,0.0,0.0,0.0,0.0,0.0,0.0,0.0,0.0,27.478923608975098,66465299.0,27.287795295294764,66465299.0,27.31854309116897,132930598.0,27.287795295294764,66465299.0,88387.104,0.00944446585657062,0.016853127223675934,88387.104,0.009371283228814042,0.016853127223675934,176774.208,0.009375021331927977,0.016876961984757972,88387.104,0.009371283228814042,0.016853127223675934,3378,0.011074183455364262,0.005018981112464793,0.0004632649021578672,0.0,0.010065127294256957,0.011074183455364262,0.003971994857571826,0.0004632649021578672,-1.0,0.010065127294256957,0.011074183455364262,0.005018981112464793,0.0004632649021578672,0.0,0.010065127294256957,0.9989488385371822,0.5,0.5
crmarenapro,query13,2,1,75.57025832985656,38.85416515637189,152846664.0,172294605.0,0.0,0.0,6726.0,75.36786251657193,38.626185830682516,152809681.0,172294605.0,34.0,0.0,6726.0,73.44509088642268,37.15484902262688,147779536.0,338828389.0,300.0,0.0,6726.0,73.36872833169247,37.15484902262688,147779536.0,166533784.0,300.0,0.0,6726.0,0.0,0.0,0.0,0.0,0.0,0.0,0.0,0.0,22.038372343655755,42191071.0,22.032396066646136,42191071.0,21.98041860849966,83808153.0,21.96276064808803,41617082.0,0.0,0.0,0.0,0.0,0.0,0.0,0.0,0.0,53.5318859862008,130103534.0,53.33546644992579,130103534.0,51.464672277923015,255020236.0,51.40596768360443,124916702.0,172294.605,0.008683882507292504,0.02003614658762882,172294.605,0.008659954205617198,0.02003614658762882,338828.389,0.008432108322002382,0.01976754771275436,166533.784,0.008428668284979563,0.019737269694201594,6726,0.005867564642602741,0.002678246942086515,0.00024196144706178924,0.0,0.005055010407374368,0.04373575205916724,0.028121743797113186,0.03315170817205404,-0.9665641242800376,0.04460303300624442,0.04373575205916724,0.029132228032814678,0.03315170817205404,0.033435875719962316,0.04460303300624442,0.9989602769387501,0.49149891038203414,0.49149891038203414
crmarenapro,query13,2,1/16,76.94173740974979,40.421719901263714,146757223.0,165163685.0,0.0,0.0,6903.0,76.71547024502865,40.15884383022785,146705599.0,165163685.0,46.0,120.0,6903.0,75.2554849312878,38.78074126970023,144643884.0,253494124.0,303.0,120.0,6903.0,75.21679421504601,38.78074126970023,144643884.0,162876551.0,303.0,120.0,6903.0,0.0,0.0,0.0,0.0,0.0,0.0,0.0,0.0,22.69070934516171,43681120.0,22.682689755667152,43681120.0,22.572329168045382,86430515.0,22.55395675144224,42749395.0,0.0,0.0,0.0,0.0,0.0,0.0,0.0,0.0,54.25102806458808,121482565.0,54.0327804893615,121482565.0,52.683155763242404,167063609.0,52.662837463603765,120127156.0,165163.685,0.008962749831641043,0.019763399894472154,165163.685,0.008926630634345003,0.019763399894472154,251241.014,0.00865384122398378,0.01976420809466046,160955.083,0.008650508998219892,0.019748409123525615,6903,0.006503337108811236,0.0029407597532683516,0.0003517646283072162,0.0,0.006663769375633783,0.04059645743852136,0.021915965706388096,0.014400238412796917,-0.534805450726048,0.04389395914819644,0.04059645743852136,0.022418823031220003,0.014400238412796917,0.013847680862775658,0.04389395914819644,0.9994858751321964,0.6425259427315168,0.640640158377963
crmarenapro,query13,2,1/4,76.81757652465123,40.439652267843485,143321838.0,161315957.0,0.0,0.0,6991.0,76.53595811051983,40.11799896508455,143246345.0,161315957.0,53.0,0.0,6991.0,74.57418409857637,38.46697312500328,139150842.0,317965016.0,326.0,0.0,6991.0,74.50298840699855,38.46697312500328,139150842.0,156649059.0,326.0,0.0,6991.0,0.0,0.0,0.0,0.0,0.0,0.0,0.0,0.0,22.183535249527313,41749642.0,22.174069474598458,41749642.0,22.12515720594741,82950032.0,22.107552627337405,41200390.0,0.0,0.0,0.0,0.0,0.0,0.0,0.0,0.0,54.63404127512391,119566315.0,54.36188863592137,119566315.0,52.44902689262895,235014984.0,52.395435779661135,115448669.0,161315.957,0.008622785817122886,0.019403386969985663,161315.957,0.00860204354455197,0.019403386969985663,317965.016,0.008322141212458927,0.019184161732292752,156649.059,0.008319042930972166,0.019157297585859785,6991,0.007953908718812186,0.003666067414155205,0.0005267375931922169,0.0,0.007581175797453869,0.048780813686887914,0.02920415518907893,0.029102306097972264,-0.9710698303702219,0.046631383206980404,0.048780813686887914,0.030130970311331162,0.029102306097972264,0.028930169629778124,0.046631383206980404,0.999045303781216,0.492661302713881,0.492661302713881
crmarenapro,query13,2,inf,78.02654646636142,40.33353312127292,152804846.0,172032793.0,0.0,0.0,7064.0,77.78002419274353,40.04911015368998,152749923.0,172032793.0,48.0,0.0,7064.0,75.92231096883779,38.45024664979428,149047892.0,339852400.0,315.0,0.0,7064.0,75.84608210120469,38.45024664979428,149047892.0,167819607.0,315.0,0.0,7064.0,0.0,0.0,0.0,0.0,0.0,0.0,0.0,0.0,22.875343102181954,46579145.0,22.866864249586175,46579145.0,22.79541408391717,92450705.0,22.775550170036375,45871560.0,0.0,0.0,0.0,0.0,0.0,0.0,0.0,0.0,55.151203364179466,125453648.0,54.913159943157346,125453648.0,53.12689688492062,247401695.0,53.0705319311683,121948047.0,172032.793,0.008588995848836583,0.019790461363290605,172032.793,0.008535367533018328,0.019790461363290605,339852.4,0.008303635293412862,0.019619813240875705,167819.607,0.00829982431194448,0.01959083037654063,7064,0.007051774183227444,0.00315946667874345,0.00035943231800383835,0.0,0.006795016987542469,0.04669282172271061,0.026968199834793483,0.024586615531813738,-0.9755094018615393,0.04459229898074745,0.04669282172271061,0.027945160511452016,0.024586615531813738,0.024490598138460773,0.04459229898074745,0.9989959622321771,0.4938014473341957,0.4938014473341956
crmarenapro,query13,4,1,154.4184460098087,79.75399650912732,305427948.0,343679121.0,0.0,0.0,13921.0,153.9258703439057,79.18037223257124,305300950.0,343679121.0,103.0,0.0,13921.0,143.02985009410185,71.92507551331073,272791424.0,649910037.0,1365.0,0.0,13921.0,142.88672146931202,71.92507551331073,272791424.0,306230916.0,1365.0,0.0,13921.0,0.0,0.0,0.0,0.0,0.0,0.0,0.0,0.0,46.04218761405684,87977016.0,46.02140794495298,87977016.0,45.573337477155114,172356988.0,45.54108450899494,84379972.0,0.0,0.0,0.0,0.0,0.0,0.0,0.0,0.0,108.37625839575183,255702105.0,107.90446239895272,255702105.0,97.45651261694672,477553049.0,97.34563696031708,221850944.0,343679.121,0.008136026225781018,0.02366174190014781,343679.121,0.00809133600522915,0.02366174190014781,649910.037,0.007236644477876139,0.02225173751845785,306230.916,0.00723141052778125,0.022218848546996652,13921,0.0071924204637247025,0.003189875812321663,0.00041580346799174883,0.0,0.007398893757632354,0.09816336909111034,0.07375152522246886,0.10685506750024065,-0.8910372998771723,0.09805330076862294,0.09816336909111034,0.07467841335331249,0.10685506750024065,0.1089627001228276,0.09805330076862294,0.9989993094120168,0.4711897009831839,0.47118970098318397
crmarenapro,query13,4,1/16,153.61405533961255,79.4805836416781,296082102.0,333450445.0,0.0,0.0,14063.0,153.040159941512,78.81452177464962,295917568.0,333450445.0,119.0,243.0,14063.0,146.1331692888078,72.29843373131007,286874999.0,506422244.0,1303.0,243.0,14063.0,146.06340588270697,72.29843373131007,286874999.0,323450683.0,1303.0,243.0,14063.0,0.0,0.0,0.0,0.0,0.0,0.0,0.0,0.0,46.02667275804809,84942156.0,46.00235625688874,84942156.0,45.61799911298809,166765517.0,45.58682331700966,81823361.0,0.0,0.0,0.0,0.0,0.0,0.0,0.0,0.0,107.58738258156446,248508289.0,107.03780368462324,248508289.0,100.51517017581972,339656727.0,100.47658256569731,241627322.0,333450.445,0.007982264051942104,0.023163006994064837,333450.445,0.007940286668843086,0.023163006994064837,492832.099,0.00717124386568521,0.023176351784229828,311360.054,0.007167651525013867,0.02315508786298515,14063,0.008380183392100893,0.0037359563018616315,0.0005557039715963219,0.0,0.008461921353907416,0.09036357788648453,0.04869922894923817,0.03109645242926573,-0.5187331478894863,0.09265448339614592,0.09036357788648453,0.049153376233785795,0.03109645242926573,0.029988749902552958,0.09265448339614592,0.9995226038931452,0.6386976220578494,0.6317771399869796
crmarenapro,query13,4,1/4,154.45105289647975,79.07706548087299,308795015.0,348832620.0,0.0,0.0,13856.0,153.84467314226907,78.39125863369554,308659511.0,348832620.0,106.0,0.0,13856.0,141.7352041119583,70.54762723576277,271574146.0,654793055.0,1435.0,0.0,13856.0,141.5905335366574,70.54762723576277,271574146.0,305960435.0,1435.0,0.0,13856.0,0.0,0.0,0.0,0.0,0.0,0.0,0.0,0.0,44.257678715124015,84256869.0,44.23847256440669,84256869.0,43.83854880316496,165255687.0,43.80818022678199,80998818.0,0.0,0.0,0.0,0.0,0.0,0.0,0.0,0.0,110.19337418135574,264575751.0,109.60620057786237,264575751.0,97.89665530879333,489537368.0,97.78235330987542,224961617.0,348832.62,0.008197865968367034,0.023135478550458267,348832.62,0.008136755685517394,0.023135478550458267,654793.055,0.007325257837014668,0.021586966514920435,305960.435,0.007319550784817744,0.021555583911232593,13856,0.008672639064272403,0.003926031858242474,0.0004388153740111367,0.0,0.007650115473441108,0.10786235165963887,0.0823293111057275,0.12053584802850525,-0.8770981194361926,0.10356524249422633,0.10786235165963887,0.08326598698192145,0.12053584802850525,0.12290188056380735,0.10356524249422633,0.998979289752272,0.46726279801486287,0.4672627980148628
crmarenapro,query13,4,inf,151.30331509196196,78.404526415281,292090962.0,329488395.0,0.0,0.0,13717.0,150.84383183111288,77.87714475858957,291995786.0,329488395.0,86.0,0.0,13717.0,140.04704681906261,70.51279905531555,261086809.0,623242284.0,1382.0,0.0,13717.0,139.91091037704464,70.51279905531555,261086809.0,293753889.0,1382.0,0.0,13717.0,0.0,0.0,0.0,0.0,0.0,0.0,0.0,0.0,45.79261760245596,87189461.0,45.7800521248903,87189461.0,45.17671472634124,169787807.0,45.14520316624763,82598346.0,0.0,0.0,0.0,0.0,0.0,0.0,0.0,0.0,105.510697489506,242298934.0,105.06377970622258,242298934.0,94.87033209272137,453454477.0,94.765707210797,211155543.0,329488.395,0.008192644408700938,0.023010661464214266,329488.395,0.008153619648650898,0.023010661464214266,623242.284,0.007252048921780327,0.021737049523765956,293753.889,0.007246745860548025,0.021707096466032732,13717,0.006726418496530107,0.003036835383083414,0.000325843700703099,0.0,0.006269592476489028,0.10065397650852148,0.07439538430508152,0.10614554037450841,-0.8915454791662694,0.1007508930524167,0.10065397650852148,0.07529514279309102,0.10614554037450841,0.10845452083373075,0.1007508930524167,0.9990279235077777,0.47133177023014694,0.471331770230147
crmarenapro,query13,8,1,304.3661427596955,156.37246282678097,601744787.0,679553103.0,0.0,0.0,27398.0,303.4002076182551,155.2634283285588,601519361.0,679553103.0,184.0,0.0,27398.0,265.80200592667904,131.38745404034853,485773758.0,1224850803.0,4291.0,0.0,27398.0,265.53925637773784,131.38745404034853,485773758.0,545297700.0,4291.0,0.0,27398.0,0.0,0.0,0.0,0.0,0.0,0.0,0.0,0.0,91.22392532739973,178744974.0,91.19445001462284,178744974.0,88.98387098051829,341504093.0,88.92810407991261,162759119.0,0.0,0.0,0.0,0.0,0.0,0.0,0.0,0.0,213.14221743229572,500808129.0,212.2057576036322,500808129.0,176.81813494616074,883346710.0,176.61115229782519,382538581.0,679553.103,0.008144689156936431,0.026253124312527416,679553.103,0.008116714951379174,0.026253124312527416,1224850.803,0.006564543307246953,0.0233910616564714,545297.7,0.006556656795182158,0.023356288714084714,27398,0.007092262142412431,0.003173595895661241,0.00037462061137893965,0.0,0.006715818672895832,0.15977882764505136,0.12670310989045774,0.19272460934505775,-0.8024357443041503,0.15661727133367398,0.15977882764505136,0.12756637788261627,0.19272460934505775,0.19756425569584957,0.15661727133367398,0.9990114839501487,0.4451952014599773,0.44519520145997726
crmarenapro,query13,8,1/16,309.38262508956853,159.6067567076534,607089067.0,684601962.0,0.0,0.0,27794.0,308.44305682822676,158.52738158870488,606871159.0,684601962.0,179.0,496.0,27794.0,285.3354607864818,137.97829268407077,570956180.0,1022774406.0,3934.0,496.0,27794.0,285.207562065872,137.97829268407077,570956180.0,644282404.0,3934.0,496.0,27794.0,0.0,0.0,0.0,0.0,0.0,0.0,0.0,0.0,89.01459672814671,171390847.0,88.9872593961273,171390847.0,87.01574967345618,328390038.0,86.96217826052599,156999191.0,0.0,0.0,0.0,0.0,0.0,0.0,0.0,0.0,220.36802836142178,513211115.0,219.45579743209947,513211115.0,198.3197111130256,694384368.0,198.245383805346,487283213.0,684601.962,0.008165253738203967,0.025429321359267395,684601.962,0.008134197555478551,0.025429170871043513,944506.183,0.006762685772614371,0.025259648417597726,572979.893,0.006758603731739054,0.025231029952114382,27794,0.006762715697090305,0.0030369134694289146,0.00035893909451678585,0.0,0.006440238900482119,0.13551095498543841,0.07772629214754678,0.05951826340499722,-0.49396943446095465,0.1415413398575232,0.13551095498543841,0.07813969196459447,0.05951826340499722,0.058894891101699764,0.1415413398575232,0.9995517601623813,0.6299359860985806,0.6066449360660248
crmarenapro,query13,8,1/4,308.6846312421267,158.47991779539734,612159754.0,690007566.0,0.0,0.0,27890.0,307.97723774631197,157.65058663021773,611980191.0,690007566.0,152.0,0.0,27890.0,272.0239420912766,134.59690264426172,501891564.0,1252439800.0,4233.0,0.0,27890.0,271.75602936118497,134.59690264426172,501891564.0,562432234.0,4233.0,0.0,27890.0,0.0,0.0,0.0,0.0,0.0,0.0,0.0,0.0,92.26214892577649,187361395.0,92.23540818496363,187361395.0,89.72326904888786,356511824.0,89.66421994020882,169150429.0,0.0,0.0,0.0,0.0,0.0,0.0,0.0,0.0,216.42248231635023,502646171.0,215.74182956134834,502646171.0,182.30067304238872,895927976.0,182.09180942097612,393281805.0,690007.566,0.008143319556286508,0.025764963899908525,690007.566,0.008121075643954749,0.025764963899908525,1247262.23,0.006631178359296727,0.0232357454602545,559014.22,0.006624356868339867,0.023200163052074556,27890,0.005233036315997475,0.0022916382100665045,0.00029332702587303583,0.0,0.005449982072427393,0.15070057760863653,0.11876421901320433,0.18012976070295528,-0.8151102418491452,0.15177482968806025,0.15070057760863653,0.11963213630799652,0.18012976070295528,0.18488975815085484,0.15177482968806025,0.9990151134196794,0.4490692758246744,0.44819301551366625
crmarenapro,query13,8,inf,308.7479202485312,159.15842583682388,620046459.0,698726913.0,0.0,0.0,27450.0,307.738102982358,157.98333376273513,619792811.0,698726913.0,209.0,0.0,27450.0,268.1627269496037,133.94330689590424,491122442.0,1248214271.0,4291.0,0.0,27450.0,267.8907930942816,133.94330689590424,491122442.0,549487358.0,4291.0,0.0,27450.0,0.0,0.0,0.0,0.0,0.0,0.0,0.0,0.0,90.43135292105856,173658714.0,90.39243816084578,173658714.0,88.47771878123353,333190797.0,88.42367640061886,159532083.0,0.0,0.0,0.0,0.0,0.0,0.0,0.0,0.0,218.31656732747268,525068199.0,217.3456648215122,525068199.0,179.6850081683702,915023474.0,179.4671166936627,389955275.0,698726.913,0.008137960238644803,0.026360284247558496,698726.913,0.008092435911094719,0.026360284247558496,1248214.271,0.006607664885023718,0.02339999780650061,549487.358,0.006599962697759495,0.023364955662779453,27450,0.007383159690794505,0.0032706852417349053,0.0004090790235445896,0.0,0.00761384335154827,0.1584277980153641,0.13145090424012518,0.2079263821745332,-0.7864121844695569,0.15632058287795994,0.1584277980153641,0.1323316675991244,0.2079263821745332,0.21358781553044315,0.15632058287795994,0.9989859371642905,0.4402187755470711,0.4402187755470711
crmarenapro,query13,16,inf,613.4046147664989,315.282519325614,1215537162.0,1371197349.0,0.0,0.0,55015.0,611.2626565660631,312.83232610300183,1215066442.0,1371197349.0,397.0,0.0,55015.0,489.35700961777576,241.8301514275372,805306572.0,2266122290.0,12350.0,0.0,55015.0,488.87291295966037,241.8301514275372,805306572.0,894924941.0,12350.0,0.0,55015.0,0.0,0.0,0.0,0.0,0.0,0.0,0.0,0.0,179.44825605048547,348041161.0,179.38197768611138,348041161.0,171.83827460315044,642938609.0,171.75344728871616,294897448.0,0.0,0.0,0.0,0.0,0.0,0.0,0.0,0.0,433.95635871601405,1023156188.0,431.8806788799523,1023156188.0,317.5187350146253,1623183681.0,317.1194656709442,600027493.0,1371197.349,0.008306412488950367,0.026819303581893376,1371197.349,0.008276935728995079,0.026819303581893376,2266122.29,0.006241357871093805,0.022798831076417007,894924.941,0.006240486634394175,0.022770164748869778,55015,0.007771421098299647,0.0034919173232028644,0.0003872526605649407,0.0,0.007216213759883668,0.2329731697627595,0.20222802724746958,0.33748913881416975,-0.6526594743292491,0.2244842315732073,0.2329731697627595,0.20301722355682517,0.33748913881416975,0.3473405256707508,0.2244842315732073,0.9990107495170172,0.39491467205858516,0.39491467205858516
crmarenapro,query13,50,inf,1916.210962134662,990.3833700343966,3747676200.0,4223316400.0,0.0,0.0,173000.0,1909.8248181007702,983.0700224265456,3746182600.0,4223316400.0,1200.0,0.0,173000.0,1335.3957989785629,651.8275557085872,1814250000.0,6198983400.0,57800.0,0.0,173000.0,1334.1534452668675,651.8275557085872,1814250000.0,1975667000.0,57800.0,0.0,173000.0,0.0,0.0,0.0,0.0,0.0,0.0,0.0,0.0,566.3690937186088,1096440800.0,566.1600290564886,1096440800.0,517.3947237847397,1855713400.0,517.2519993773927,759272600.0,0.0,0.0,0.0,0.0,0.0,0.0,0.0,0.0,1349.8418684160592,3126875600.0,1343.6647890442875,3126875600.0,818.0010751938252,4343270000.0,816.9014458894771,1216394400.0,4223316.4,0.008935694576037998,0.026882861613092862,4223316.4,0.008919225160760755,0.026882861613092862,6198983.4,0.005637393744183854,0.02345821489734419,1975667.0,0.005638211626158086,0.023421506008861514,173000,0.007384360268081869,0.003332693612595472,0.00039854030078689817,0.0,0.006936416184971098,0.3418431938271048,0.30310606432867393,0.5159000129200062,-0.4677999024652759,0.33410404624277457,0.3418431938271048,0.30375440302219203,0.5159000129200062,0.5322000975347241,0.33410404624277457,0.9990696737906127,0.31870822561002504,0.318708225610025
crmarenapro,query2,1,inf,58.0966627469031,35.07550554908812,501249198.0,504162812.0,0.0,0.0,5684.0,58.09807018100128,35.07264325581491,501248982.0,504162812.0,4.0,0.0,5684.0,58.33130309297153,35.07264325581491,501248982.0,1008325624.0,4.0,0.0,5684.0,58.09807018100128,35.07264325581491,501248982.0,504162812.0,4.0,0.0,5684.0,0.0,0.0,0.0,0.0,0.0,0.0,0.0,0.0,4.948903345072531,3906715.0,4.950310779170712,3906715.0,4.952118081284236,7813430.0,4.950310779170712,3906715.0,18.929309308890907,421607133.0,18.929309308890907,421607133.0,19.124350785565753,843214266.0,18.929309308890907,421607133.0,34.218450092939655,78648964.0,34.218450092939655,78648964.0,34.254834226121545,157297928.0,34.218450092939655,78648964.0,504162.812,0.010644850543828887,0.01672534426607184,504162.812,0.01064520667593875,0.01672534426607184,1008325.624,0.01068734665624572,0.016824347387124794,504162.812,0.01064520667593875,0.01672534426607184,5684,8.160376389176882e-05,-2.4225730560711867e-05,4.309233827548553e-07,0.0,0.0007037297677691766,8.160376389176882e-05,-0.004038792160758753,4.309233827548553e-07,-1.0,0.0007037297677691766,8.160376389176882e-05,-2.4225730560711867e-05,4.309233827548553e-07,0.0,0.0007037297677691766,0.9960015823476718,0.5,0.5
crmarenapro,query2,2,1,121.44908911571109,71.91296239476651,1158965118.0,1167841115.0,0.0,0.0,11313.0,121.45718186177562,71.89650420844555,1158963876.0,1167841115.0,23.0,0.0,11313.0,111.97856878800188,62.76710759848356,1068474237.0,2244639960.0,1057.0,0.0,11313.0,111.45130530127483,62.76710759848356,1068474237.0,1076798845.0,1057.0,0.0,11313.0,0.0,0.0,0.0,0.0,0.0,0.0,0.0,0.0,9.46025240586592,5939105.0,9.46834515193046,5939105.0,9.454900140676914,11649826.0,9.453246140207847,5710721.0,38.93972897769838,881773531.0,38.93972897769838,881773531.0,37.8420328119918,1676913686.0,37.435884039610976,795140155.0,73.04910773214678,280128479.0,73.04910773214678,280128479.0,64.68163583533315,556076448.0,64.56217512145598,275947969.0,1167841.115,0.011001335532667066,0.020154814785050174,1167841.115,0.0110018842042645,0.020154814785050174,2244639.96,0.009287272949025357,0.020142464968694512,1076798.845,0.009263356093612755,0.020019538772275615,11313,0.00022886258294596562,-6.663488481839508e-05,1.0716457128356893e-06,0.0,0.002033059312295589,0.12717950271714218,0.07797934423934738,0.07807903757807488,-0.9220422463033424,0.09343233448245382,0.12717950271714218,0.08232078056106973,0.07807903757807488,0.07795775369665758,0.09343233448245382,0.9952913893039188,0.47972007279064927,0.4797200727906492
crmarenapro,query2,2,1/16,119.91933163830078,71.2175981393084,1061014572.0,1069973967.0,0.0,0.0,11323.0,119.9263688087917,71.20328667294234,1061013492.0,1069973967.0,20.0,7.0,11323.0,110.55108905910672,62.039130854420364,970394645.0,1947747387.0,1070.0,7.0,11323.0,109.985571100512,61.98930456954986,963984993.0,972625562.0,1089.0,46.0,11323.0,0.0,0.0,0.0,0.0,0.0,0.0,0.0,0.0,9.636010948769806,6977289.0,9.643048119260712,6977289.0,9.639720751391689,13797564.0,9.630335199941099,6763179.0,38.788012841077055,865357936.0,38.788012841077055,865357936.0,37.651529883009225,1641062020.0,37.13964935382952,769321684.0,71.4953078484539,197638742.0,71.4953078484539,197638742.0,63.25983842470579,292887803.0,63.21558654674137,196540699.0,1069973.967,0.010911773993430608,0.019746450498124526,1069973.967,0.010912027529436983,0.019746450498124526,1895120.636,0.00921937544259274,0.01979114081284447,965132.038,0.009193054547460552,0.019674742806080673,11323,0.00020095407230746876,-5.868253595786577e-05,1.0178936543647765e-06,0.0,0.001766316347257794,0.12887920295955602,0.07812120407283818,0.08540874874996529,-0.820368950154093,0.09449792457829197,0.1295788374062702,0.08283702387327219,0.09144980809933678,0.09098203134132887,0.09617592510818687,0.994884555517202,0.49935919231193404,0.5092720851993298
crmarenapro,query2,2,1/4,118.17308271483209,69.67273074947298,1065563735.0,1073848190.0,0.0,0.0,11329.0,118.17836059270027,69.66199714969844,1065562925.0,1073848190.0,15.0,7.0,11329.0,108.47256181463032,60.427423598244786,959322516.0,1939694025.0,1081.0,7.0,11329.0,108.0360419658857,60.427423598244786,959322516.0,967137473.0,1081.0,7.0,11329.0,0.0,0.0,0.0,0.0,0.0,0.0,0.0,0.0,9.639375621225883,6148427.0,9.644653499094062,6148427.0,9.6312816016021,12068470.0,9.629480489270636,5920043.0,37.359430060603,872778539.0,37.359430060603,872778539.0,35.96579760290593,1641165000.0,35.564224823468386,768386461.0,71.1742770330032,194921224.0,71.1742770330032,194921224.0,62.875482610122276,286460555.0,62.84233665314666,192830969.0,1073848.19,0.010664422048984046,0.019577149154508432,1073848.19,0.010664560786544203,0.019577149154508432,1939694.025,0.008923432320853526,0.019612098687490354,967137.473,0.008900644405102277,0.019496391966689324,11329,0.00015405740034990512,-4.466226781030258e-05,7.601610052532237e-07,0.0,0.0013240356606937947,0.13269620770961565,0.0820873982242678,0.09970423683760221,-0.8063018991539204,0.09541883661399947,0.13269620770961565,0.08578130075026025,0.09970423683760221,0.09937225577481301,0.09541883661399947,0.9959757579111057,0.498603109838419,0.498603109838419
crmarenapro,query2,2,inf,117.10837194444967,70.98087220080197,992521499.0,998182830.0,0.0,0.0,11443.0,117.1147053978915,70.96799188107252,992520527.0,998182830.0,18.0,0.0,11443.0,106.91579325132574,61.14161456935108,896845563.0,1900209842.0,1140.0,0.0,11443.0,106.46812219190409,61.14161456935108,896845563.0,902027012.0,1140.0,0.0,11443.0,0.0,0.0,0.0,0.0,0.0,0.0,0.0,0.0,9.317573083652563,4550024.0,9.323906537094379,4550024.0,9.32608931942753,9014404.0,9.32527903372475,4464380.0,38.84485968246128,860426844.0,38.84485968246128,860426844.0,37.647635338902475,1627971812.0,37.25148753987091,767544968.0,68.94593917833582,133205962.0,68.94593917833582,133205962.0,59.942068592995724,263223626.0,59.89135561830842,130017664.0,998182.83,0.010769639879704845,0.018530810476308862,998182.83,0.01077012135150069,0.018530810476308862,1900209.842,0.009000365841767667,0.01851714951777892,902027.012,0.008978638409032215,0.018403886355686377,11443,0.00018146184077605376,-5.408198693790389e-05,9.79323874550353e-07,0.0,0.001573014069736957,0.13861843798729379,0.08703544011318665,0.0963968398633146,-0.9036691324373913,0.09962422441667394,0.13861843798729379,0.09085814767873968,0.0963968398633146,0.09633086756260878,0.09962422441667394,0.9958128631345482,0.4746986317314317,0.4746986317314317
crmarenapro,query2,4,1,237.7427169721649,141.20820597279817,2153907331.0,2170013103.0,0.0,0.0,22595.0,237.755032020524,141.18316090665758,2153905441.0,2170013103.0,35.0,0.0,22595.0,198.7274317351766,105.49948692321777,1680279479.0,3864025726.0,4367.0,0.0,22595.0,197.7780021733262,105.49948692321777,1680279479.0,1694012623.0,4367.0,0.0,22595.0,0.0,0.0,0.0,0.0,0.0,0.0,0.0,0.0,19.180649823164586,12613133.0,19.19296487152367,12613133.0,19.131081489075196,24169990.0,19.131241948497347,11556857.0,75.64590854757144,1731701356.0,75.64590854757144,1731701356.0,68.39547419941589,2996038978.0,67.60411808269124,1264337622.0,142.91615860142886,425698614.0,142.91615860142886,425698614.0,111.20087604668548,843816758.0,111.04264214213757,418118144.0,2170013.103,0.010865451120568389,0.02032200326624507,2170013.103,0.010865456444207467,0.02032200326624507,3864025.726,0.007749210572945027,0.020020644636049485,1694012.623,0.007734836511693482,0.019896404133487432,22595,0.00017736268206269834,-5.179989745185409e-05,8.774750764883876e-07,0.0,0.001549015268864793,0.25287991447507796,0.1641071732243905,0.21989239981838382,-0.780646264604606,0.19327284797521577,0.25287991447507796,0.16810069014024864,0.21989239981838382,0.21935373539539404,0.19327284797521577,0.9952224534199405,0.4384061450733726,0.4384061450733726
crmarenapro,query2,4,1/16,236.5371189682352,140.8339560199529,2183800535.0,2198991525.0,0.0,0.0,22408.0,236.5487302995452,140.8103421004489,2183798753.0,2198991525.0,33.0,20.0,22408.0,198.67490019642622,105.41560346074402,1749839489.0,3673161544.0,4263.0,20.0,22408.0,196.9294764034342,105.13167303893715,1726043014.0,1739190102.0,4315.0,87.0,22408.0,0.0,0.0,0.0,0.0,0.0,0.0,0.0,0.0,18.841125938044183,13662483.0,18.852737269354176,13662483.0,18.8131174837241,26525622.0,18.808564250664467,12834591.0,75.8504666492173,1727148940.0,75.8504666492173,1727148940.0,69.21538400692742,3021876484.0,68.05393869256191,1273665624.0,141.84552638097372,458180102.0,141.84552638097372,458180102.0,110.64639870577466,624759438.0,110.06697346020776,452689887.0,2198991.525,0.010984441600071216,0.020255085255607905,2198991.525,0.010984656783282646,0.020255085255607905,3523652.343,0.007627052992653916,0.020215298466497594,1689690.933,0.007591645921334457,0.019924071957014445,22408,0.00016767205985923628,-4.9088833755428496e-05,8.160085921415927e-07,0.0,0.0014726883255980008,0.25149014882597576,0.1600688252945769,0.1987182616016714,-0.6703845841334017,0.19024455551588718,0.2535062139130535,0.16744789459501264,0.20961507869582052,0.20909649617680992,0.19256515530167798,0.9912146738653632,0.47348587345441295,0.4795282759256026
crmarenapro,query2,4,1/4,236.0539106524824,141.83371472451836,2112105201.0,2125182946.0,0.0,0.0,22786.0,236.06622570084147,141.80866965837777,2112103311.0,2125182946.0,35.0,17.0,22786.0,196.84962149613958,105.9440558468923,1651302162.0,3541292025.0,4384.0,17.0,22786.0,196.03494500482594,105.9440558468923,1651302162.0,1662103057.0,4384.0,17.0,22786.0,0.0,0.0,0.0,0.0,0.0,0.0,0.0,0.0,19.734404235086387,13854143.0,19.746719283445472,13854143.0,19.667719627629324,26552092.0,19.66751965331539,12697949.0,76.41687258881798,1714290566.0,76.41687258881798,1714290566.0,69.35728948370581,2976116500.0,68.57379930997055,1261825934.0,139.902633828578,397038237.0,139.902633828578,397038237.0,107.82461238480442,538623433.0,107.79362604153995,387579174.0,2125182.946,0.010850012722222085,0.019457535024110167,2125182.946,0.010850012722222085,0.019457535024110167,3541292.025,0.0075965132831427445,0.019264507527086125,1662103.057,0.007582961509525009,0.019149580878654437,22786,0.00017658048503654822,-5.217049073680258e-05,8.94841790555212e-07,0.0,0.0015360308961643115,0.2530403927397237,0.16608193038606,0.21817238970001473,-0.6663469051760402,0.1923988413938383,0.2530403927397237,0.1695331610352866,0.21817238970001473,0.21790118816434356,0.1923988413938383,0.9958614271893349,0.4693493350071857,0.46934933500718573
crmarenapro,query2,4,inf,233.192741173723,140.43700649775565,2082554464.0,2095994219.0,0.0,0.0,22356.0,233.20013020273845,140.4219794580713,2082553330.0,2095994219.0,21.0,0.0,22356.0,194.82656422654696,105.00271357502788,1629980811.0,3737415420.0,4315.0,0.0,22356.0,193.9108992298727,105.00271357502788,1629980811.0,1641421201.0,4315.0,0.0,22356.0,0.0,0.0,0.0,0.0,0.0,0.0,0.0,0.0,18.722018347265134,12023013.0,18.729407376280587,12023013.0,18.644681215655694,22875558.0,18.645290640824257,10852545.0,75.64969318076318,1714548689.0,75.64969318076318,1714548689.0,68.72413067252961,2982071424.0,67.94029484308035,1267522735.0,138.82102964569464,369422517.0,138.82102964569464,369422517.0,107.45775233836163,732468438.0,107.32531374596806,363045921.0,2095994.219,0.010943540614360894,0.019343102497171555,2095994.219,0.010943588771387822,0.019343102497171555,3737415.42,0.0076849088650155165,0.01915521960554453,1641421.201,0.007666976295830455,0.01904596462522814,22356,0.00010700199369884089,-3.168635943917586e-05,5.445235741197152e-07,0.0,0.000939345142243693,0.252314498908762,0.16452560553158102,0.2173165988325384,-0.7831229619436273,0.1930130613705493,0.252314498908762,0.16845225004060593,0.2173165988325384,0.2168770380563726,0.1930130613705493,0.9953001019121319,0.4391861798975507,0.43918617989755065
crmarenapro,query2,8,1,468.6596799839482,280.72766546718776,4138173388.0,4167165721.0,0.0,0.0,44843.0,468.68149521247005,280.683299921453,4138170040.0,4167165721.0,62.0,0.0,44843.0,354.67616881180163,182.21319644525647,2550637624.0,6735835735.0,12838.0,0.0,44843.0,352.90896167580155,182.21319644525647,2550637624.0,2568670014.0,12838.0,0.0,44843.0,0.0,0.0,0.0,0.0,0.0,0.0,0.0,0.0,36.928092771517655,20505376.0,36.949908000039464,20505376.0,36.65651932714936,36971210.0,36.6707009183565,16465834.0,152.68325915237008,3491021807.0,152.68325915237008,3491021807.0,127.59142325882894,5438494386.0,126.00914419293771,1947472579.0,279.04832806006044,655638538.0,279.04832806006044,655638538.0,190.42822622582335,1260370139.0,190.22911656450734,604731601.0,4167165.721,0.010962939009332979,0.018531382818363546,4167165.721,0.010962939009332979,0.018531382818363546,6735835.735,0.006763181605652336,0.016944677595861247,2568670.014,0.006750029171483683,0.016844125156180875,44843,0.00015803766850308598,-4.654812319815349e-05,8.090526147919164e-07,0.0,0.001382601520861673,0.3509254025889583,0.24321168651856406,0.38363200744646997,-0.6164069744227962,0.2862877149164864,0.3509254025889583,0.24698245497054738,0.38363200744646997,0.38359302557720387,0.2862877149164864,0.9950174066052411,0.3813439215349274,0.38134392153492735
crmarenapro,query2,8,1/16,462.0002185077592,279.73393585532904,4135877541.0,4158234709.0,0.0,0.0,44760.0,462.02273745333014,279.68813916295767,4135874085.0,4158234709.0,64.0,27.0,44760.0,355.68835247370345,183.89287778828293,2680589361.0,6464857268.0,12406.0,27.0,44760.0,351.4890540960203,183.1719287103042,2626841626.0,2641668796.0,12542.0,131.0,44760.0,0.0,0.0,0.0,0.0,0.0,0.0,0.0,0.0,37.22190727129178,21970114.0,37.24442621686267,21970114.0,37.05400048369722,40785674.0,37.04447255198427,18644272.0,152.7556214519715,3476333957.0,152.7556214519715,3476333957.0,129.35219496517098,5501494894.0,127.00713904873028,1981760617.0,272.0226897844959,659930638.0,272.0226897844959,659930638.0,189.28215702483527,922576700.0,187.43744249530576,641263907.0,4158234.709,0.010987174114940637,0.017892231893103513,4158234.709,0.010987174114940637,0.017892231893103513,5979311.366,0.0069552058290977365,0.017588992674771438,2359667.386,0.006917185662979474,0.017220745788823755,44760,0.00016371518254065798,-4.874228337747866e-05,8.356146828925048e-07,0.0,0.0014298480786416443,0.3426150558887233,0.23011215530901374,0.3518692624656703,-0.5547119680396089,0.27716711349419126,0.3451923230185563,0.23920154143797856,0.36486474757546505,0.36471387959837265,0.28020554066130476,0.9881938827952101,0.4086198173431971,0.3946386534438922
crmarenapro,query2,8,1/4,477.1547467064105,284.7332571968436,4370117713.0,4399404147.0,0.0,0.0,45511.0,477.178321227555,284.68531378451735,4370114095.0,4399404147.0,67.0,37.0,45511.0,365.3677587298949,187.0704267611727,2793977593.0,6677950295.0,12757.0,37.0,45511.0,363.73971689862276,187.0704267611727,2793977593.0,2813944806.0,12757.0,37.0,45511.0,0.0,0.0,0.0,0.0,0.0,0.0,0.0,0.0,38.31189947680596,26291393.0,38.335473997950494,26291393.0,38.12569147179639,49157026.0,38.13679415682147,22865633.0,155.64420392233308,3509905567.0,155.64420392233308,3509905567.0,130.48625209503786,5469978026.0,128.89546337660224,1960072459.0,283.1986433072714,863207187.0,283.1986433072714,863207187.0,196.75581516306065,1158815243.0,196.70745936519907,831006714.0,4399404.147,0.010976127083675886,0.0190369937891438,4399404.147,0.010976127083675886,0.0190369937891438,6677950.295,0.00686281730247413,0.018012812113902956,2813944.806,0.006851493353888545,0.01790803674276167,45511,0.0001683800929974666,-4.9406447923283636e-05,8.27895319410743e-07,0.0,0.0014721715629188547,0.3429976230987096,0.23427826873384794,0.3606630812967303,-0.5179215347955164,0.2803058601217288,0.3429976230987096,0.2376902474315551,0.3606630812967303,0.3603804715420704,0.2803058601217288,0.9955441009985895,0.4213785191104062,0.42137851911040614
crmarenapro,query2,8,inf,476.14042678831925,283.7270207768306,4315125780.0,4345773793.0,0.0,0.0,45313.0,476.1618901583165,283.68337080441415,4315122486.0,4345773793.0,61.0,0.0,45313.0,363.6764331188933,185.43216347694397,2719877099.0,7086767259.0,12859.0,0.0,45313.0,361.82687586063645,185.43216347694397,2719877099.0,2740993466.0,12859.0,0.0,45313.0,0.0,0.0,0.0,0.0,0.0,0.0,0.0,0.0,38.08413530349484,22226522.0,38.1055986734921,22226522.0,37.87049674920787,40855996.0,37.884108358042546,18629474.0,152.4351110285941,3467784346.0,152.4351110285941,3467784346.0,127.064191760938,5369562522.0,125.49296433524506,1901778176.0,285.6211804562303,855762925.0,285.6211804562303,855762925.0,198.7417446087475,1676348741.0,198.4498031673489,820585816.0,4345773.793,0.010987414245290632,0.018749146805686817,4345773.793,0.010987414245290632,0.018749146805686817,7086767.259,0.0068771634335193675,0.017616532113237948,2740993.466,0.006862720943394485,0.01751943067864695,45313,0.00015384496089565491,-4.5077814841310015e-05,7.633612941759793e-07,0.0,0.0013461920420188467,0.3464416502550943,0.236199212127444,0.36968764349668626,-0.630726217368949,0.28378169620197297,0.3464416502550943,0.24008369064302093,0.36968764349668626,0.36927378263105104,0.28378169620197297,0.9949142779409844,0.3867762783544237,0.3867762783544237
crmarenapro,query2,16,inf,942.5820074678417,564.1673664208502,8475488759.0,8532415495.0,0.0,0.0,90204.0,942.6249342078362,564.0800664760172,8475482171.0,8532415495.0,122.0,0.0,90204.0,655.4657793817728,320.6317481165752,4230355142.0,12789120358.0,33227.0,0.0,90204.0,651.9346632347707,320.6317481165752,4230355142.0,4256704863.0,33227.0,0.0,90204.0,0.0,0.0,0.0,0.0,0.0,0.0,0.0,0.0,76.3619925961964,54183039.0,76.40491933619093,54183039.0,75.76444731512474,98445648.0,75.81179222287176,44262609.0,306.35052034721133,6933927464.0,306.35052034721133,6933927464.0,238.2949051413673,9748091448.0,235.17705318407585,2814163984.0,559.8694945244346,1544304992.0,559.8694945244346,1544304992.0,341.40642692528087,2942583262.0,340.94581782782313,1398278270.0,8532415.495,0.011097417209560001,0.017807206051826417,8532415.495,0.011097417209560001,0.017807206051826417,12789120.358,0.005201879896797353,0.015823514050167912,4256704.863,0.005184005579874887,0.015735664493806603,90204,0.00015474121693137555,-4.554165012105038e-05,7.77300305343509e-07,0.0,0.0013524899117555763,0.4316726432606268,0.30460609879174305,0.500871836151296,-0.4988862609297955,0.36835395326149617,0.4316726432606268,0.30835231516233563,0.500871836151296,0.5011137390702045,0.36835395326149617,0.9946128138827742,0.3328379703876425,0.3328379703876425
crmarenapro,query2,50,inf,2961.050474960503,1769.1746419295669,26728800200.0,26913290000.0,0.0,0.0,282600.0,2961.191218370321,1768.8884126022458,26728778600.0,26913290000.0,400.0,0.0,282600.0,1787.1858685528828,809.3825014308095,9355961800.0,36290507000.0,139400.0,0.0,282600.0,1776.4825055028734,809.3825014308095,9355961800.0,9377217000.0,139400.0,0.0,282600.0,0.0,0.0,0.0,0.0,0.0,0.0,0.0,0.0,237.78136172887818,158733600.0,237.9221051386963,158733600.0,236.14484566741513,280354800.0,236.45351477449213,121621200.0,960.9299232955241,21778169000.0,960.9299232955241,21778169000.0,683.512287591085,27113088000.0,673.8220111671228,5334919000.0,1762.3391899361143,4976387400.0,1762.3391899361143,4976387400.0,867.5287352943827,8897064200.0,866.2069795612592,3920676800.0,26913290.0,0.011613716364635105,0.016019346660731307,26913290.0,0.011613716364635105,0.016019346660731307,36290507.0,0.0031840893399351787,0.01518801420217833,9377217.0,0.0030766693006429534,0.015131638257561201,282600,0.00016178692625212765,-4.753158077130948e-05,8.081170811413685e-07,0.0,0.0014154281670205238,0.5425084204530262,0.396435189583615,0.6499670119873169,-0.3484232882713336,0.49327671620665253,0.5425084204530262,0.40004990778599625,0.6499670119873169,0.6515767117286664,0.49327671620665253,0.9940110521024452,0.2583931109036311,0.2583931109036311
crmarenapro,query3,1,inf,60.585742300633534,51.077885475941,4867416.0,0.0,0.0,0.0,4021.0,60.54684041918436,51.036048400215805,4865680.0,0.0,4.0,0.0,4021.0,60.54684041918436,51.036048400215805,4865680.0,0.0,4.0,0.0,4021.0,60.54684041918436,51.036048400215805,4865680.0,0.0,4.0,0.0,4021.0,0.0,0.0,0.0,0.0,0.0,0.0,0.0,0.0,0.07679183651910218,0.0,0.07679183651910218,0.0,0.07679183651910218,0.0,0.07679183651910218,0.0,0.05357592375850979,0.0,0.05357592375850979,0.0,0.05357592375850979,0.0,0.05357592375850979,0.0,60.45537454035592,0.0,60.416472658906756,0.0,60.416472658906756,0.0,60.416472658906756,0.0,0.0,0.013252871755958575,0.01927867085110908,0.0,0.013252493887470516,0.01927867085110908,0.0,0.013252493887470516,0.01927867085110908,0.0,0.013252493887470516,0.01927867085110908,4021,0.0008190839408358519,0.0006420963080081554,0.0003566574132969347,,0.000994777418552599,0.0008190839408358519,0.0006420963080081554,0.0003566574132969347,,0.000994777418552599,0.0008190839408358519,0.0006420963080081554,0.0003566574132969347,,0.000994777418552599,1.0,,
crmarenapro,query3,2,1,120.40299924001008,101.45638921298087,9664323.0,0.0,0.0,0.0,8030.0,120.30574453638717,101.35179652366787,9659983.0,0.0,10.0,0.0,8030.0,116.58441690241182,97.3659979570657,9388861.0,0.0,354.0,0.0,8030.0,116.58874068294847,97.3659979570657,9388861.0,0.0,354.0,0.0,8030.0,0.0,0.0,0.0,0.0,0.0,0.0,0.0,0.0,0.19572819892653115,0.0,0.19572819892653115,0.0,0.19572819892653115,0.0,0.19572819892653115,0.0,0.1361761253768281,0.0,0.1361761253768281,0.0,0.1361761253768281,0.0,0.1361761253768281,0.0,120.07109491570671,0.0,119.9738402120838,0.0,116.25251257810847,0.0,116.25683635864512,0.0,0.0,0.013201367565693284,0.0214016801597848,0.0,0.013200904449710572,0.0214016801597848,0.0,0.012527787391271195,0.021205639633071725,0.0,0.01252860438468655,0.021205720075500315,8030,0.00103091279045453,0.0008077431977341343,0.00044907439455410536,,0.0012453300124533001,0.04031674385068518,0.03171501010524114,0.028502979463745137,,0.044084682440846824,0.04031674385068518,0.031679099201327277,0.028502979463745137,,0.044084682440846824,1.0000370871223747,,
crmarenapro,query3,2,1/16,121.98636234971794,102.80547377001494,9853637.0,0.0,0.0,0.0,8117.0,121.85020576464585,102.65904400497675,9847561.0,0.0,14.0,0.0,8117.0,116.88924509532531,97.37530248891562,9433989.0,0.0,454.0,0.0,8117.0,116.89477551229079,97.37530248891562,9433989.0,0.0,454.0,0.0,8117.0,0.0,0.0,0.0,0.0,0.0,0.0,0.0,0.0,0.22152299709491982,0.0,0.22152299709491982,0.0,0.22152299709491982,0.0,0.22152299709491982,0.0,0.1276157616281921,0.0,0.1276157616281921,0.0,0.1276157616281921,0.0,0.1276157616281921,0.0,121.63722359099482,0.0,121.50106700592275,0.0,116.54010633660221,0.0,116.54563675356769,0.0,0.0,0.013218033612502688,0.021624250859005323,0.0,0.013216959750542366,0.021624250859005323,0.0,0.01249943236691468,0.021324223672057534,0.0,0.01250025564489477,0.021324302229116705,8117,0.0014243382153539264,0.0011161623516713348,0.0006166251100989673,,0.0017247751632376493,0.0528198653434262,0.04178432044542735,0.04258813268643857,,0.05593199457927806,0.0528198653434262,0.04173898409094512,0.04258813268643857,,0.05593199457927806,1.0000473133089445,,
crmarenapro,query3,2,1/4,119.84875077189885,100.91753186937422,9429502.0,0.0,0.0,0.0,8016.0,119.65424136465303,100.70834649074823,9420822.0,0.0,20.0,0.0,8016.0,114.76303255776902,95.49445307534188,9031364.0,0.0,460.0,0.0,8016.0,114.76856297473451,95.49445307534188,9031364.0,0.0,460.0,0.0,8016.0,0.0,0.0,0.0,0.0,0.0,0.0,0.0,0.0,0.19426195885131736,0.0,0.19426195885131736,0.0,0.19415288068797595,0.0,0.19416544981744296,0.0,0.11593286393532376,0.0,0.11593286393532376,0.0,0.11593286393532376,0.0,0.11593286393532376,0.0,119.53855594911221,0.0,119.34404654186639,0.0,114.45294681314572,0.0,114.45846466098173,0.0,0.0,0.013202090456413055,0.021099118964124416,0.0,0.013200822575280392,0.021099118964124416,0.0,0.012489667302272005,0.020814741871041362,0.0,0.012490484295687361,0.020814822313469955,8016,0.002072834865766926,0.0016229573190630342,0.0009205152085444146,,0.00249500998003992,0.05373772716768255,0.042434469957965404,0.042222590334038856,,0.05738522954091816,0.05373772716768255,0.042388324988327675,0.042222590334038856,,0.05738522954091816,1.0000481898817262,,
crmarenapro,query3,2,inf,121.14901756569346,102.17030049860477,9721602.0,0.0,0.0,0.0,8036.0,121.07121380279511,102.08662634715438,9718130.0,0.0,8.0,0.0,8036.0,116.8894417107824,97.62853438779712,9366699.0,0.0,379.0,0.0,8036.0,116.89410485781467,97.62853438779712,9366699.0,0.0,379.0,0.0,8036.0,0.0,0.0,0.0,0.0,0.0,0.0,0.0,0.0,0.16596288922781957,0.0,0.16596288922781957,0.0,0.16596288922781957,0.0,0.16596288922781957,0.0,0.0930191343899506,0.0,0.0930191343899506,0.0,0.0930191343899506,0.0,0.0930191343899506,0.0,120.89003554207568,0.0,120.81223177917735,0.0,116.63045968716463,0.0,116.63512283419689,0.0,0.0,0.013210862174892748,0.02148895009689214,0.0,0.01321015642050835,0.02148895009689214,0.0,0.012524695917307122,0.021215148590512888,0.0,0.012525512910722477,0.021215226519115584,8036,0.0008189674596439378,0.0006422153845049294,0.000357142783668829,,0.0009955201592832255,0.044452899606277296,0.03515980517630923,0.036506637486290794,,0.04716276754604281,0.044452899606277296,0.035121314174682006,0.036506637486290794,,0.04716276754604281,1.0000398936547563,,
crmarenapro,query3,4,1,242.2671918787596,204.1834845552221,19475203.0,0.0,0.0,0.0,16146.0,242.11158435296295,204.0161362523213,19468259.0,0.0,16.0,0.0,16146.0,221.1425180777569,181.75019322149456,17522695.0,0.0,1816.0,0.0,16146.0,221.16514251079752,181.75019322149456,17522695.0,0.0,1816.0,0.0,16146.0,0.0,0.0,0.0,0.0,0.0,0.0,0.0,0.0,0.48098054288949366,0.0,0.48098054288949366,0.0,0.4808714647261522,0.0,0.48088403385561923,0.0,0.2743375006812457,0.0,0.2743375006812457,0.0,0.2743375006812457,0.0,0.2743375006812457,0.0,241.51187383518885,0.0,241.3562663093922,0.0,220.38730911234953,0.0,220.40992097626068,0.0,0.0,0.013177562807017887,0.023652595609828776,0.0,0.013176786539873059,0.023652595609828776,0.0,0.011815853575167136,0.02277397289931307,0.0,0.011817418431785779,0.022774119958127833,16146,0.0008195976440764641,0.0006422971455191107,0.0003565559753087033,,0.0009909575126966432,0.10986829509053841,0.08719576776856497,0.10025610516100913,,0.112473677691069,0.10986829509053841,0.08710238148350857,0.10025610516100913,,0.112473677691069,1.000102307024616,,
crmarenapro,query3,4,1/16,242.88618034160424,204.6251869602129,19185523.0,0.0,0.0,0.0,16225.0,242.51661246783718,204.2277347408235,19169031.0,0.0,38.0,0.0,16225.0,222.24444459801555,182.6843720059842,17354540.0,0.0,1805.0,0.0,16225.0,222.26665424978376,182.6843720059842,17354540.0,0.0,1805.0,0.0,16225.0,0.0,0.0,0.0,0.0,0.0,0.0,0.0,0.0,0.38842283036041525,0.0,0.38842283036041525,0.0,0.38820467403373243,0.0,0.38822981229266645,0.0,0.2210791231890701,0.0,0.2210791231890701,0.0,0.2210791231890701,0.0,0.2210791231890701,0.0,242.27667838805476,0.0,241.9071105142877,0.0,221.63516080079276,0.0,221.65734531430203,0.0,0.0,0.013171089501848395,0.02356233906897897,0.0,0.0131692677897233,0.02356233906897897,0.0,0.011845651935310113,0.022806376776721152,0.0,0.011847160230846154,0.022806499325733455,16225,0.0019423426084231865,0.0015215681404652237,0.0008596064855777019,,0.0023420647149460707,0.10722441005512606,0.08498522112109208,0.09543565739646498,,0.11124807395993837,0.10722441005512606,0.08489378054700525,0.09543565739646498,,0.11124807395993837,1.000099933439544,,
crmarenapro,query3,4,1/4,242.06052329260817,203.93597097788006,19419079.0,0.0,0.0,0.0,16154.0,241.6909554188411,203.53851875849068,19402587.0,0.0,38.0,0.0,16154.0,220.8750679271626,181.4189920173958,17563306.0,0.0,1854.0,0.0,16154.0,220.8978934662747,181.4189920173958,17563306.0,0.0,1854.0,0.0,16154.0,0.0,0.0,0.0,0.0,0.0,0.0,0.0,0.0,0.502059533049288,0.0,0.502059533049288,0.0,0.502059533049288,0.0,0.502059533049288,0.0,0.23881352148249801,0.0,0.23881352148249801,0.0,0.23881352148249801,0.0,0.23881352148249801,0.0,241.31965023807638,0.0,240.9500823643093,0.0,220.13419487263081,0.0,220.1570204117429,0.0,0.0,0.013179679530935311,0.02377415340271028,0.0,0.013178596020473117,0.02377415340271028,0.0,0.011807967281357275,0.022984073007358986,0.0,0.011809513284281717,0.022984216295434907,16154,0.0019489068921171304,0.0015267581377584882,0.0008492678772252793,,0.0023523585489662003,0.11041200261295037,0.08752131523666962,0.09556441888927891,,0.1147703355206141,0.11041200261295037,0.08742701841039813,0.09556441888927891,,0.1147703355206141,1.0001033414016633,,
crmarenapro,query3,4,inf,242.39963989043275,204.18574688397348,19227759.0,0.0,0.0,0.0,16196.0,242.12732672028858,203.8928873538971,19215607.0,0.0,28.0,0.0,16196.0,220.30227630619288,180.70365941151977,17282381.0,0.0,1928.0,0.0,16196.0,220.3261576521802,180.70365941151977,17282381.0,0.0,1928.0,0.0,16196.0,0.0,0.0,0.0,0.0,0.0,0.0,0.0,0.0,0.4486767489422463,0.0,0.4486767489422463,0.0,0.4486767489422463,0.0,0.4486767489422463,0.0,0.20244781600745504,0.0,0.20244781600745504,0.0,0.20244781600745504,0.0,0.20244781600745504,0.0,241.74851532548305,0.0,241.47620215533888,0.0,219.65115174124318,0.0,219.6750330872305,0.0,0.0,0.013169519067538852,0.02329807805603551,0.0,0.013167857369670594,0.02329807805603551,0.0,0.011795693802968367,0.02253250699214865,0.0,0.011797277513281211,0.022532642738746892,16196,0.0014342799854820676,0.0011234058361937471,0.0006320029286824846,,0.001728821931341072,0.11500355843053622,0.09116087628772107,0.1011754932023019,,0.11904173870091381,0.11500355843053622,0.09106235573712074,0.1011754932023019,,0.11904173870091381,1.000108402629277,,
crmarenapro,query3,8,1,482.38547636361477,406.36091236863285,38230778.0,0.0,0.0,0.0,32228.0,481.7824972011527,405.7124376948923,38203870.0,0.0,62.0,0.0,32228.0,412.76695650374364,332.55660006403923,31729209.0,0.0,5962.0,0.0,32228.0,412.841114367599,332.55660006403923,31729209.0,0.0,5962.0,0.0,32228.0,0.0,0.0,0.0,0.0,0.0,0.0,0.0,0.0,0.8463519871634007,0.0,0.8463519871634007,0.0,0.8454793618566694,0.0,0.8455799148924055,0.0,0.4322312121133877,0.0,0.4322312121133877,0.0,0.4322312121133877,0.0,0.4322312121133877,0.0,481.106893164338,0.0,480.5039140018759,0.0,411.4892459297736,0.0,411.5633032405932,0.0,0.0,0.013147478149535085,0.02549567316284584,0.0,0.013146748950501854,0.02549567316284584,0.0,0.011146945570166277,0.024166568792940244,0.0,0.011149220582599807,0.024166705167994962,32228,0.0015958096706710778,0.0012499944380737205,0.0007038308244734504,,0.0019237929750527492,0.1816225676687171,0.14432134313967981,0.1700611219578111,,0.18499441479458856,0.1816225676687171,0.14416761159615488,0.1700611219578111,,0.18499441479458856,1.0001796603693365,,
crmarenapro,query3,8,1/16,482.7060559410825,406.5893733743578,38165772.0,0.0,0.0,0.0,32263.0,481.88911643065,405.71079478412867,38129316.0,0.0,84.0,0.0,32263.0,416.005643759657,335.81934912502766,32124620.0,0.0,5767.0,0.0,32263.0,416.077074122418,335.81934912502766,32124620.0,0.0,5767.0,0.0,32263.0,0.0,0.0,0.0,0.0,0.0,0.0,0.0,0.0,0.850192134022374,0.0,0.850192134022374,0.0,0.849646743205667,0.0,0.8497095888530021,0.0,0.46879987447053306,0.0,0.46879987447053306,0.0,0.46879987447053306,0.0,0.46879987447053306,0.0,481.3870639325896,0.0,480.5701244221571,0.0,414.68719714198085,0.0,414.75856465909453,0.0,0.0,0.013160259924160266,0.025410063109576646,0.0,0.013157901997940565,0.025410063109576646,0.0,0.011065903233530383,0.023978473894884788,0.0,0.011068335360082249,0.023978544282009802,32263,0.002160849859251579,0.0016924161202821475,0.0009552014302238732,,0.002603601648947711,0.17405773215860787,0.13818018514681063,0.15828716893241412,,0.17874965130335058,0.17405773215860787,0.1380322061399557,0.15828716893241412,,0.17874965130335058,1.000171705273312,,
crmarenapro,query3,8,1/4,487.67647346912867,411.04313776642084,39200986.0,0.0,0.0,0.0,32470.0,486.7817301957979,410.0808850247413,39161058.0,0.0,92.0,0.0,32470.0,414.6189385821786,333.65193514339626,32192228.0,0.0,6196.0,0.0,32470.0,414.69566054844523,333.65193514339626,32192228.0,0.0,6196.0,0.0,32470.0,0.0,0.0,0.0,0.0,0.0,0.0,0.0,0.0,0.8921455090189032,0.0,0.8921455090189032,0.0,0.891818274528879,0.0,0.89185598191728,0.0,0.5173441020942708,0.0,0.5173441020942708,0.0,0.5173441020942708,0.0,0.5173441020942708,0.0,486.2669838580155,0.0,485.3722405846847,0.0,413.20977620555544,0.0,413.2864604644337,0.0,0.0,0.013163398993464137,0.025707254292193747,0.0,0.013161138403026337,0.025707254292193747,0.0,0.010942310324234669,0.024218577916039267,0.0,0.010944861857516471,0.024218679097531476,32470,0.002341001839632595,0.00183470665903962,0.0010185458090263833,,0.0028333846627656297,0.18828000156762836,0.14980738022330453,0.1787903498141603,,0.1908222975053896,0.18828000156762836,0.14965005878083093,0.1787903498141603,,0.1908222975053896,1.0001850421172969,,
crmarenapro,query3,8,inf,481.290308495931,405.3625107258558,38030957.0,0.0,0.0,0.0,32191.0,480.7456821556427,404.77679166570306,38006653.0,0.0,56.0,0.0,32191.0,412.35732103820015,332.2999498862773,31508004.0,0.0,5882.0,0.0,32191.0,412.43054878647496,332.2999498862773,31508004.0,0.0,5882.0,0.0,32191.0,0.0,0.0,0.0,0.0,0.0,0.0,0.0,0.0,0.9109090633474655,0.0,0.9109090633474655,0.0,0.9101455162040757,0.0,0.9102335001103448,0.0,0.5218617628432126,0.0,0.5218617628432126,0.0,0.5218617628432126,0.0,0.5218617628432126,0.0,479.85753766974034,0.0,479.31291132945205,0.0,410.92531375915286,0.0,410.9984535235214,0.0,0.0,0.013155467026198233,0.025565936429316125,0.0,0.013154360521847331,0.025565936429316125,0.0,0.010968904213678052,0.024023736133755996,0.0,0.010971424324136189,0.024023846113638832,32191,0.001444926564876381,0.0011315963165563492,0.0006390583334519029,,0.0017396166630424654,0.18024005404138188,0.14322538027651488,0.17151693027340853,,0.18272187878599608,0.18024005404138188,0.14307323146532513,0.17151693027340853,,0.18272187878599608,1.0001775832379802,,
crmarenapro,query3,16,inf,969.9085369367355,817.2543572373688,77402067.0,0.0,0.0,0.0,64668.0,968.6053239081884,815.8528152005747,77343911.0,0.0,134.0,0.0,64668.0,768.5977109643194,604.2139875208959,57657339.0,0.0,16909.0,0.0,64668.0,768.8085581111285,604.2139875208959,57657339.0,0.0,16909.0,0.0,64668.0,0.0,0.0,0.0,0.0,0.0,0.0,0.0,0.0,1.7418786201079821,0.0,1.7418786201079821,0.0,1.7403515258212023,0.0,1.7405274936337405,0.0,0.9057743086178478,0.0,0.9057743086178478,0.0,0.9057743086178478,0.0,0.9057743086178478,0.0,967.2608840080096,0.0,965.9576709794626,0.0,765.9515851298804,0.0,766.162256308877,0.0,0.0,0.013150148383138651,0.026727814212238365,0.0,0.013148486621474798,0.026727814212238365,0.0,0.010440331620747596,0.024210023976306283,0.0,0.010443341927254945,0.024210042830000483,64668,0.0017149398157164653,0.0013436452808869292,0.000751349443936733,,0.0020721222242840354,0.26067816932372256,0.2075565048723218,0.2550930325930443,,0.2614739902270056,0.26067816932372256,0.20733911618176037,0.2550930325930443,,0.2614739902270056,1.000274327055365,,
crmarenapro,query3,50,inf,3026.6093991156085,2549.856519512832,241069200.0,0.0,0.0,0.0,202000.0,3022.7192109706916,2545.6728119403124,240895600.0,0.0,400.0,0.0,202000.0,2060.4967908396748,1528.2801119610667,143413800.0,0.0,80400.0,0.0,202000.0,2061.5023211970356,1528.2801119610667,143413800.0,0.0,80400.0,0.0,202000.0,0.0,0.0,0.0,0.0,0.0,0.0,0.0,0.0,5.327442965477241,0.0,5.327442965477241,0.0,5.3056273328089585,0.0,5.308141158702361,0.0,3.049166718707938,0.0,3.049166718707938,0.0,3.049166718707938,0.0,3.049166718707938,0.0,3018.2327894314235,0.0,3014.342601286507,0.0,2052.141996788158,0.0,2053.1450133196254,0.0,0.0,0.013150756706280584,0.02713712684137928,0.0,0.013146603566391343,0.02713712684137928,0.0,0.008949249403882805,0.022458291857300278,0.0,0.008954277055669608,0.022458291857300278,202000,0.0016407619568018506,0.0012853287728682439,0.0007201251756756566,,0.0019801980198019802,0.4006407418355229,0.31920624067256154,0.4050928115246577,,0.39801980198019804,0.4006407418355229,0.3188740107000865,0.4050928115246577,,0.39801980198019804,1.0004880038453985,,
crmarenapro,query4,1,inf,15.857411408505845,4.486467599868774,13073707.0,11654427.0,0.0,0.0,4726.0,15.884588218962676,4.390397498384118,13036594.0,11654427.0,117.0,0.0,4726.0,15.889979723218557,4.390397498384118,13036594.0,23308854.0,117.0,0.0,4726.0,15.884588218962676,4.390397498384118,13036594.0,11654427.0,117.0,0.0,4726.0,0.0,0.0,0.0,0.0,0.0,0.0,0.0,0.0,7.128911954933352,7271112.0,7.154036147940758,7271112.0,7.157399868121337,14542224.0,7.154036147940758,7271112.0,8.139828953559915,4345079.0,8.14188157100934,4345079.0,8.14389166656536,8690158.0,8.14188157100934,4345079.0,0.5886705000125765,38236.0,0.5886705000125765,38236.0,0.58868818853186,76472.0,0.5886705000125765,38236.0,11654.427,0.0030288232629845854,0.004314239739673041,11654.427,0.0030338853896939304,0.004319961371350668,23308.854,0.00303433840100348,0.004323249815595617,11654.427,0.0030338853896939304,0.004319961371350668,4726,0.021413305534061178,-0.0017138238869336408,0.0028387510902607715,0.0,0.02475666525603047,0.021413305534061178,-0.0020538229017152965,0.0028387510902607715,-1.0,0.02475666525603047,0.021413305534061178,-0.0017138238869336408,0.0028387510902607715,0.0,0.02475666525603047,0.9996606978517409,0.5,0.5
crmarenapro,query4,2,1,32.72565043424353,9.599083198234439,27066265.0,24219231.0,0.0,0.0,9580.0,32.78120777141724,9.389029557816684,26965553.0,24219231.0,255.0,0.0,9580.0,32.37820777634211,9.157745721749961,24105178.0,45183539.0,526.0,0.0,9580.0,32.370409848523295,9.157745721749961,24105178.0,20964308.0,526.0,0.0,9580.0,0.0,0.0,0.0,0.0,0.0,0.0,0.0,0.0,14.441853428929166,15059738.0,14.4947180295748,15059738.0,14.145772979343189,27400662.0,14.141294817254419,12340924.0,16.54581601942724,8789776.0,16.54850875595531,8789776.0,16.494282774751188,17043443.0,16.49113404538175,8253667.0,1.7379809858871238,369717.0,1.7379809858871238,369717.0,1.738152022247725,739434.0,1.7379809858871238,369717.0,24219.231,0.002904487943539345,0.0048957163544669224,24219.231,0.0029114321133904214,0.0049018836036324965,45183.539,0.0029136030060048896,0.004753429130827082,20964.308,0.002913697358474258,0.004750110317567241,9580,0.02188267734322691,-0.0016976694561148253,0.0037209419179188297,0.0,0.02661795407098121,0.04597704461668306,0.010616829712813525,0.10940138951569411,-0.8656058485093931,0.054906054279749476,0.04597704461668306,0.010855111541145157,0.10940138951569411,0.13439415149060674,0.054906054279749476,0.9997591612274318,0.4639810971867432,0.46398109718674324
crmarenapro,query4,2,1/16,32.23064769292691,9.31331645604223,26433427.0,23535055.0,0.0,0.0,9531.0,32.29336990699954,9.081913731992245,26316230.0,23535055.0,283.0,0.0,9531.0,32.099011764724416,8.907237838953733,24732722.0,45325602.0,494.0,0.0,9531.0,32.08081282260084,8.898083606734872,24644045.0,21696922.0,505.0,100.0,9531.0,0.0,0.0,0.0,0.0,0.0,0.0,0.0,0.0,14.303621547555416,14502500.0,14.362312425720472,14502500.0,14.208998017203776,27673336.0,14.204554733830433,13170836.0,16.47397991231057,8820784.0,16.478011248218145,8820784.0,16.436869546172836,17228724.0,16.423211855709486,8314315.0,1.453046233060916,211771.0,1.453046233060916,211771.0,1.4531442013477973,423542.0,1.453046233060916,211771.0,23535.055,0.002899042443634891,0.004928116941668042,23535.055,0.002906738418444876,0.004934216392048616,40001.131,0.0029099000304155243,0.004841797865804598,18990.795,0.0029092178536838597,0.0048419376379923605,9531,0.02484643629819505,-0.001946042619751509,0.004433666508697476,0.0,0.029692582100514113,0.04360193482151509,0.0040841850110067135,0.06433917932775046,-0.9258761876698398,0.051830867694890356,0.044584853447985906,0.0046488321225685025,0.06769390892826721,0.07810192073058675,0.05298499632777253,0.9994330373079094,0.4786902113291292,0.47475645126134053
crmarenapro,query4,2,1/4,32.133473825339095,9.201806557364762,26299724.0,23517921.0,0.0,0.0,9535.0,32.20579142422388,8.950842899270356,26164843.0,23517921.0,311.0,0.0,9535.0,31.871508798943818,8.729687631130219,23665844.0,44219776.0,575.0,0.0,9535.0,31.863947323233457,8.729687631130219,23665844.0,20701855.0,575.0,0.0,9535.0,0.0,0.0,0.0,0.0,0.0,0.0,0.0,0.0,14.401867467127982,14398970.0,14.469062333335506,14398970.0,14.2092894377544,26689472.0,14.205066679854687,12290502.0,16.24118313176833,8914238.0,16.246305864445596,8914238.0,16.171701431591284,17120878.0,16.16845741693599,8206640.0,1.4904232264427755,204713.0,1.4904232264427755,204713.0,1.4905179295981286,409426.0,1.4904232264427755,204713.0,23517.921,0.0029049155002291737,0.004925565860729612,23517.921,0.002913932808166074,0.0049336028217591196,44219.776,0.002915049048858241,0.004804885171480654,20701.855,0.0029150839516351073,0.004801443114177616,9535,0.027273302968268243,-0.0022505378434298784,0.0051286089542232904,0.0,0.03261667540639748,0.051307199655993396,0.008152402937173342,0.10014857950600542,-0.880258718447094,0.060304142632406924,0.051307199655993396,0.008387717542480577,0.10014857950600542,0.11974128155290598,0.060304142632406924,0.9997627512472641,0.4681582964147082,0.46815829641470824
crmarenapro,query4,2,inf,31.67789219487829,9.00828506052494,27020024.0,24256273.0,0.0,0.0,9351.0,31.726846449016126,8.81011623237282,26905490.0,24256273.0,239.0,0.0,9351.0,31.36684279992159,8.594472690485418,24329214.0,45559753.0,492.0,0.0,9351.0,31.358801491614532,8.594472690485418,24329214.0,21303480.0,492.0,0.0,9351.0,0.0,0.0,0.0,0.0,0.0,0.0,0.0,0.0,14.158654132584928,15362684.0,14.20476877091296,15362684.0,13.897027927385487,28283984.0,13.892422187283103,12921300.0,16.216336330754455,8669758.0,16.21917594656426,8669758.0,16.1668095935822,16828107.0,16.163477572792523,8158349.0,1.3029017315389007,223831.0,1.3029017315389007,223831.0,1.3030052789538957,447662.0,1.3029017315389007,223831.0,24256.273,0.0029014654856007035,0.004938812003407575,24256.273,0.002907585398153558,0.0049438215989890495,45559.753,0.002911460167725038,0.004795128592419617,21303.48,0.002911550403893237,0.00479155676403911,9351,0.021998507687163715,-0.0015453759939794143,0.004238856338543595,0.0,0.025558763768580902,0.04593686448188494,0.00981913168474613,0.09958577386903877,-0.8782668301927505,0.05261469361565608,0.04593686448188494,0.010072977750563483,0.09958577386903877,0.12173316980724946,0.05261469361565608,0.9997436366688752,0.46759428217268867,0.4675942821726887
crmarenapro,query4,4,1,65.07899686231859,18.85417217761278,54687586.0,49132960.0,0.0,0.0,19086.0,65.19534482919879,18.43248475715518,54489083.0,49132960.0,515.0,0.0,19086.0,63.62880366282742,17.26364086382091,42674035.0,85014093.0,1919.0,0.0,19086.0,63.62372111210407,17.26364086382091,42674035.0,35881133.0,1919.0,0.0,19086.0,0.0,0.0,0.0,0.0,0.0,0.0,0.0,0.0,28.740419727286493,30746578.0,28.84991147849314,30746578.0,27.61987701586719,51394704.0,27.618599413436872,20648126.0,33.085424981717836,17746067.0,33.09228119739139,17746067.0,32.75547827478874,32338759.0,32.75196954535293,14592692.0,3.2531521533142507,640315.0,3.2531521533142507,640315.0,3.25344837217148,1280630.0,3.2531521533142507,640315.0,49132.96,0.0028871741018089885,0.005484842050664075,49132.96,0.0028951626111257023,0.00549284435685832,85014.093,0.0029117664629742484,0.005064813030218015,35881.133,0.002912097361486524,0.00506152384765661,19086,0.022365735100176254,-0.0017877959478438399,0.0036297634347948193,0.0,0.026983128995074924,0.08435964723396605,0.02228358255981111,0.2196760156866313,-0.7302864105887372,0.10054490202242482,0.08435964723396605,0.02236168073231526,0.2196760156866313,0.2697135894112628,0.10054490202242482,0.9999201218562856,0.4220609987569943,0.4220609987569944
crmarenapro,query4,4,1/16,64.95092147393376,19.023393237031996,54640618.0,49047889.0,0.0,0.0,18966.0,65.04535892210454,18.680932734161615,54456723.0,49047889.0,420.0,0.0,18966.0,64.36055075305977,17.874619595706463,48452581.0,91590857.0,1408.0,0.0,18966.0,64.30134230210304,17.839839750900865,48072247.0,42123894.0,1450.0,212.0,18966.0,0.0,0.0,0.0,0.0,0.0,0.0,0.0,0.0,28.407186777383945,29898922.0,28.49635436002099,29898922.0,28.026040939740827,55247992.0,27.99510028815377,25127126.0,33.06345018137518,18505123.0,33.06872004690891,18505123.0,32.85392744672131,35055177.0,32.825957498774635,16352924.0,3.4802845151746222,643844.0,3.4802845151746222,643844.0,3.4805823665976154,1287688.0,3.4802845151746222,643844.0,49047.889,0.002884992417210662,0.005552195282775856,49047.889,0.0028911405444148877,0.005559269750708352,72440.305,0.002904407350134227,0.005370124259744802,29834.525,0.0029050363754139826,0.005367173401239923,18966,0.01800207242752716,-0.001453981653034342,0.0033655366050215907,0.0,0.022144890857323633,0.0603874202152993,0.009089489532660755,0.11324976229222006,-0.8673761270337241,0.07423811030264685,0.06221568735840255,0.010001077076195353,0.1202104083083394,0.1411680531245697,0.0764525993883792,0.9990800505858953,0.4599137444472214,0.4118497982580278
crmarenapro,query4,4,1/4,63.86023935853021,18.314825786277652,54543303.0,49631057.0,0.0,0.0,18744.0,63.97116734149708,17.934697804041207,54350707.0,49631057.0,471.0,0.0,18744.0,62.375470862307225,16.784238167107105,42374099.0,85742828.0,1858.0,0.0,18744.0,62.36994420960216,16.784238167107105,42374099.0,36111771.0,1858.0,0.0,18744.0,0.0,0.0,0.0,0.0,0.0,0.0,0.0,0.0,28.693378851235515,31601732.0,28.799137939465176,31601732.0,27.506118206463746,52661124.0,27.504369582811933,21059392.0,32.14171354056783,17527838.0,32.14688243530504,17527838.0,31.84397369407346,32078730.0,31.84042766006336,14550892.0,3.0251469667268465,501487.0,3.0251469667268465,501487.0,3.0253789617699978,1002974.0,3.0251469667268465,501487.0,49631.057,0.0028846199468541382,0.005505571053579398,49631.057,0.002891527865506835,0.005514987378592774,85742.828,0.002907332724644362,0.005072384866736483,36111.771,0.002907687190272395,0.005069067142202159,18744,0.020755206010272587,-0.0017370430189602715,0.0035310659495630947,0.0,0.025128040973111394,0.08357096251045626,0.023250280787189936,0.223110873941756,-0.7276043103414058,0.09912505335040546,0.08357096251045626,0.023336823724713796,0.223110873941756,0.2723956896585942,0.09912505335040546,0.9999113970182724,0.42116375027891545,0.4211637502789155
crmarenapro,query4,4,inf,64.1548720378213,18.386856659315526,55024334.0,50154315.0,0.0,0.0,18831.0,64.27437258749593,17.968367707915604,54826400.0,50154315.0,515.0,0.0,18831.0,62.69428535103956,16.803822279907763,42992563.0,86975767.0,1910.0,0.0,18831.0,62.68861718475178,16.803822279907763,42992563.0,36821452.0,1910.0,0.0,18831.0,0.0,0.0,0.0,0.0,0.0,0.0,0.0,0.0,28.719511287545338,31849236.0,28.829319296539794,31849236.0,27.571353075773082,53378076.0,27.56960307540383,21528840.0,32.593624110092236,17836243.0,32.60331665077241,17836243.0,32.280978744858174,32660019.0,32.27727746916421,14823776.0,2.841736640183716,468836.0,2.841736640183716,468836.0,2.84195353040829,937672.0,2.841736640183716,468836.0,50154.315,0.0028844039712864395,0.00547291477739992,50154.315,0.0028921706379047623,0.005481265355499326,86975.767,0.0029093678451769284,0.005031375622348497,36821.452,0.002909699732820954,0.005028046411359581,18831,0.022760222650014428,-0.0018626886139556653,0.003597208464167889,0.0,0.027348521055706017,0.08609597653037304,0.02276657470255239,0.21866272838486334,-0.734163192140098,0.10142849556582231,0.08609597653037304,0.022854926001646847,0.21866272838486334,0.26583680785990194,0.10142849556582231,0.9999095903836204,0.4233530013020753,0.42335300130207526
crmarenapro,query4,8,1,130.11297914358937,37.756667108274996,108561795.0,97643639.0,0.0,0.0,38222.0,130.3434208272377,36.9618198685348,108141667.0,97643639.0,985.0,0.0,38222.0,125.9537119765242,32.86008919402957,72774619.0,156180374.0,5995.0,0.0,38222.0,125.97151197423533,32.86008919402957,72774619.0,58536735.0,5995.0,0.0,38222.0,0.0,0.0,0.0,0.0,0.0,0.0,0.0,0.0,57.215830009841845,60614138.0,57.43105714292996,60614138.0,54.19603035664734,93041388.0,54.21343936350905,32427250.0,66.34817000547689,35769462.0,66.36338455603712,35769462.0,65.20811957958223,60618908.0,65.20909348245563,24849446.0,6.548979128270609,1260039.0,6.548979128270609,1260039.0,6.549562040294605,2520078.0,6.548979128270609,1260039.0,97643.639,0.002883171251306259,0.0055545335118025,97643.639,0.002888370772685503,0.005566585024536958,156180.374,0.002926795111580957,0.004752400053608204,58536.735,0.0029274745530445214,0.004749683627734138,38222,0.02105183800945154,-0.001771089134728232,0.003869943381094587,0.0,0.025770498665689916,0.12968776879070087,0.031966581615774925,0.32964797606745544,-0.5994935829870085,0.1568468421328031,0.12968776879070087,0.0318297774489017,0.32964797606745544,0.4005064170129915,0.1568468421328031,1.0001413217398027,0.37480211822261356,0.37480211822261356
crmarenapro,query4,8,1/16,129.92150318657968,37.78784637711942,109382403.0,98218732.0,0.0,0.0,38074.0,130.16757392791274,36.94238395243883,108922042.0,98218732.0,1050.0,0.0,38074.0,128.47886420534869,34.395475949160755,92963549.0,179511883.0,4174.0,0.0,38074.0,128.34992746332114,34.301799185574055,91961852.0,80186535.0,4288.0,377.0,38074.0,0.0,0.0,0.0,0.0,0.0,0.0,0.0,0.0,57.50196901251066,60458420.0,57.733507823351005,60458420.0,56.62829175659685,109153808.0,56.5956920991655,48362472.0,66.20389364560981,36604977.0,66.21842557610252,36604977.0,65.63439744583332,68047405.0,65.53859483569641,30668728.0,6.215640528459183,1155335.0,6.215640528459183,1155335.0,6.216175002918499,2310670.0,6.215640528459183,1155335.0,98218.732,0.002885829777253741,0.005580375555513373,98218.732,0.0028915172548189603,0.0055915974420299285,127709.265,0.00291675171460728,0.005282957444482522,42689.996,0.0029176245154335866,0.005270385716312131,38074,0.02237392457466214,-0.0018939954918753,0.004208729991057147,0.0,0.027577874665125807,0.08977411398636237,0.011103927724413931,0.15010507677363794,-0.8276746130259551,0.10962861795450964,0.09225313231018561,0.012096348061810924,0.1592628295064975,0.1835922398183678,0.11262278720386616,0.9989964361622822,0.4466920721900065,0.33427485468654133
crmarenapro,query4,8,1/4,129.14522808958674,36.989217848517,109997758.0,99597123.0,0.0,0.0,37973.0,129.38370580992836,36.148243525996804,109583498.0,99597123.0,1035.0,0.0,37973.0,124.63480363924889,32.11343211680651,72483234.0,157897549.0,5936.0,0.0,37973.0,124.65032989227063,32.11343211680651,72483234.0,58300426.0,5936.0,0.0,37973.0,0.0,0.0,0.0,0.0,0.0,0.0,0.0,0.0,57.58754921029975,63076462.0,57.81043018945057,63076462.0,54.14951891921452,95302708.0,54.1645193377767,32226246.0,65.81680336593895,35515631.0,65.83240010712973,35515631.0,64.74394426546507,60584781.0,64.74493504114587,25069150.0,5.740875513348025,1005030.0,5.740875513348025,1005030.0,5.74134045456927,2010060.0,5.740875513348025,1005030.0,99597.123,0.0028862568128685887,0.005497972556326484,99597.123,0.002891998363687395,0.0055093133239303566,157126.64,0.0029264402510747294,0.004704665151796974,57740.843,0.002926943634255399,0.004702349508764592,37973,0.022735661131421114,-0.0018465856142682036,0.00376607675949181,0.0,0.027256208358570563,0.1318164053016324,0.034925211849167304,0.3410480784526535,-0.5853625510849345,0.1563215969241303,0.1318164053016324,0.034804988645790624,0.3410480784526535,0.4146374489150656,0.1563215969241303,1.000124573975875,0.36922945523365913,0.367479652081913
crmarenapro,query4,8,inf,128.5089399226017,37.11794089246541,106550271.0,95733140.0,0.0,0.0,37891.0,128.74370351715436,36.31474140658975,106176908.0,95733140.0,992.0,0.0,37891.0,124.34241392714108,32.328062016516924,71076924.0,152522988.0,5856.0,0.0,37891.0,124.35926265605302,32.328062016516924,71076924.0,56789848.0,5856.0,0.0,37891.0,0.0,0.0,0.0,0.0,0.0,0.0,0.0,0.0,56.659419990364,58684856.0,56.88052865381005,58684856.0,53.59254573392177,88960880.0,53.60964061774151,30276024.0,65.945087216947,35899424.0,65.95874214805357,35899424.0,64.84490399889668,61264388.0,64.84518932302079,25364964.0,5.904432715290692,1148860.0,5.904432715290692,1148860.0,5.904964194322601,2297720.0,5.904432715290692,1148860.0,95733.14,0.0028837109476159747,0.00554263720408263,95733.14,0.002889257432821906,0.005552741721908491,152522.988,0.0029251215090864593,0.00475307788775029,56789.848,0.0029256576215672867,0.004750564837924929,37891,0.02163911754163894,-0.0018268269483354693,0.003504101833771922,0.0,0.02618035945211264,0.12904484356568358,0.03242207116462126,0.33292592001009547,-0.593209916649553,0.15454857353989074,0.12904484356568358,0.032290961773149496,0.33292592001009547,0.40679008335044686,0.15454857353989074,1.0001355026686374,0.37233631955859664,0.3723363195585966
crmarenapro,query4,16,inf,259.77973002432594,75.52139301877469,217133100.0,194954418.0,0.0,0.0,76219.0,260.25506951105757,73.87240700051188,216357790.0,194954418.0,2031.0,0.0,76219.0,249.44380242508612,61.76545065641403,124392107.0,289645301.0,16911.0,0.0,76219.0,249.54064237550435,61.76545065641403,124392107.0,94690883.0,16911.0,0.0,76219.0,0.0,0.0,0.0,0.0,0.0,0.0,0.0,0.0,114.5366559497133,119715856.0,114.97942599446584,119715856.0,107.13112174543826,167743800.0,107.20914822209556,48027944.0,132.34042010991465,73007310.0,132.37298955189374,73007310.0,129.4089945059315,117438997.0,129.42884018871092,44431687.0,12.902653964697972,2231252.0,12.902653964697972,2231252.0,12.903686173716395,4462504.0,12.902653964697972,2231252.0,194954.418,0.0028847788803111254,0.005517348158715239,194954.418,0.0028895837047900495,0.0055298152933292944,289645.301,0.002962796241773698,0.004339819997824999,94690.883,0.002963983480852205,0.0043369273658277465,76219,0.021834687528246022,-0.0018297789696182232,0.0035706670240511773,0.0,0.026646899067161733,0.18214630070370808,0.03978727515912028,0.4271158704039135,-0.4857078078630668,0.22187381099200987,0.18214630070370808,0.039414497997448894,0.4271158704039135,0.5142921921369332,0.22187381099200987,1.000388223517589,0.3269201422328616,0.3269201422328616
crmarenapro,query4,50,inf,808.1419305004467,233.51205382496119,679390200.0,612249000.0,0.0,0.0,237400.0,809.631383116931,228.32746766507626,676790200.0,612249000.0,6400.0,0.0,237400.0,772.8885062503958,169.63505875319242,320025600.0,847267600.0,79200.0,0.0,237400.0,773.5203037505074,169.63505875319242,320025600.0,235018600.0,79200.0,0.0,237400.0,0.0,0.0,0.0,0.0,0.0,0.0,0.0,0.0,358.75873026489813,380646800.0,360.15596523642984,380646800.0,335.41774676337553,506058000.0,335.87262442055413,125411200.0,410.7806093927493,224660800.0,410.8728270377019,224660800.0,398.8649574535136,327326800.0,399.04508848715057,102666000.0,38.602590842802705,6941400.0,38.602590842802705,6941400.0,38.60580203350661,13882800.0,38.602590842802705,6941400.0,612249.0,0.0028838342919777567,0.005304367665929667,612249.0,0.0028874164379965005,0.0053050319656729695,847267.6,0.0030305536660766973,0.003710806353473954,235018.6,0.0030380951437569033,0.0037093481007674607,237400,0.022202648963771554,-0.0018430582058301948,0.0038269612955853516,0.0,0.02695871946082561,0.27354902680805704,0.04362281292373982,0.5289516981551986,-0.38386114146368544,0.33361415332771693,0.27354902680805704,0.042841022651181615,0.5289516981551986,0.6161388585363144,0.33361415332771693,1.0008174497291682,0.277384146401916,0.277384146401916
crmarenapro,query5,1,inf,17.51989809332271,5.188316835090518,12644718.0,4524836.0,0.0,0.0,5359.0,17.511065320932357,4.879831594415009,11768036.0,4524836.0,392.0,0.0,5359.0,17.51315857464197,4.879831594415009,11768036.0,9049672.0,392.0,0.0,5359.0,17.511065320932357,4.879831594415009,11768036.0,4524836.0,392.0,0.0,5359.0,0.0,0.0,0.0,0.0,0.0,0.0,0.0,0.0,10.604019032442647,1885323.0,10.593358143293603,1885323.0,10.594230320619713,3770646.0,10.593358143293603,1885323.0,6.088949354975222,2639513.0,6.090777471733914,2639513.0,6.091998548117417,5279026.0,6.090777471733914,2639513.0,0.8269297059048382,0.0,0.8269297059048382,0.0,0.8269297059048382,0.0,0.8269297059048382,0.0,4524.836,0.0031124412778596815,0.003897171201679804,4524.836,0.0031122368518412095,0.0038974111940463154,9049.672,0.0031124507901241173,0.0038985509057161,4524.836,0.0031122368518412095,0.0038974111940463154,5359,0.059457672012069196,0.0005041566077212956,0.06933187438422905,0.0,0.07314797536853891,0.059457672012069196,0.0003846779613009277,0.06933187438422905,-1.0,0.07314797536853891,0.059457672012069196,0.0005041566077212956,0.06933187438422905,0.0,0.07314797536853891,0.9998804753750905,0.5,0.5
crmarenapro,query5,2,1,35.10582545924055,10.328720295801759,25156663.0,8871493.0,0.0,0.0,10802.0,35.090233485238684,9.933607776649296,23985297.0,8871493.0,502.0,0.0,10802.0,35.11932640583814,9.398741535842419,23106582.0,17717058.0,1124.0,0.0,10802.0,35.123040325095666,9.398741535842419,23106582.0,8845565.0,1124.0,0.0,10802.0,0.0,0.0,0.0,0.0,0.0,0.0,0.0,0.0,20.894742146406994,3402459.0,20.877011910860773,3402459.0,20.93436247009285,6778990.0,20.940392767328937,3376531.0,12.679658482972552,5469034.0,12.681796744516916,5469034.0,12.682836729069908,10938068.0,12.680482643702952,5469034.0,1.531424829860994,0.0,1.531424829860994,0.0,1.5021272066753721,0.0,1.5021649140637732,0.0,8871.493,0.0030221074784937737,0.004086413654575073,8871.493,0.0030207894215398684,0.004086471995433895,17717.058,0.00303265992433118,0.004072918709871435,8845.565,0.003034084938940711,0.004071272634636015,10802,0.03825377276535036,0.00044414207038001585,0.04656285295072726,0.0,0.046472875393445655,0.09003813960741502,-0.00038457852567130857,0.0814925652102586,-0.9970773803236952,0.10405480466580264,0.09003813960741502,-0.0004903706330763313,0.0814925652102586,0.002922619676304805,0.10405480466580264,1.000105751437673,0.4992682758051591,0.4992682758051591
crmarenapro,query5,2,1/16,35.859497957860306,10.48232959676534,25722169.0,9428404.0,0.0,0.0,11056.0,35.841179749947734,9.895351300947368,23993488.0,9428404.0,748.0,0.0,11056.0,35.858082086548144,9.375907504931092,23173512.0,18698280.0,1345.0,0.0,11056.0,35.861619548097195,9.374134710989892,23173508.0,9269876.0,1347.0,8.0,11056.0,0.0,0.0,0.0,0.0,0.0,0.0,0.0,0.0,21.466866393135454,3425280.0,21.445319639774418,3425280.0,21.496266727987944,6746848.0,21.502241953877128,3321568.0,13.03906618192116,6003124.0,13.042294727369628,6003124.0,13.038672640337559,11951432.0,13.036197168609027,5948308.0,1.3535653828036842,0.0,1.3535653828036842,0.0,1.3231427182226365,0.0,1.3231804256110375,0.0,9428.404,0.00303067713443371,0.004085594976490312,9428.404,0.0030298159360034743,0.004085513245814662,18052.751,0.0030412833291613506,0.00406636522808314,9107.64,0.003042439729384567,0.004064565404022381,11056,0.05599693182697696,0.0005108328045779764,0.0672058798773929,0.0,0.06765557163531115,0.10555116413966503,3.9483857633082486e-05,0.09908406246767132,-0.9831861256687771,0.1216534008683068,0.10572028627275909,-5.9163969316600173e-05,0.09908421797555256,0.016813874331222944,0.1218342981186686,1.0000986517221002,0.49576089351533936,0.5045015022918113
crmarenapro,query5,2,1/4,34.91324754749045,10.229087263345718,25167414.0,9059339.0,0.0,0.0,10750.0,34.89735918255421,9.708718424662948,23651298.0,9059339.0,664.0,0.0,10750.0,34.938258481363896,9.204493938013911,22848066.0,18079786.0,1261.0,0.0,10750.0,34.941571272144316,9.204493938013911,22848066.0,9020447.0,1261.0,0.0,10750.0,0.0,0.0,0.0,0.0,0.0,0.0,0.0,0.0,20.828090609638874,3233698.0,20.808134514219617,3233698.0,20.865070728241946,6428504.0,20.870802022841087,3194806.0,12.698963334927846,5825641.0,12.703031065410867,5825641.0,12.706150885190164,11651282.0,12.703707243112506,5825641.0,1.386193602923723,0.0,1.386193602923723,0.0,1.3670368679317837,0.0,1.3670620061907177,0.0,9059.339,0.0030209960679355497,0.004090700377693348,9059.339,0.0030200635825841354,0.004090720497388796,18079.786,0.0030321052793868064,0.004081590353474404,9020.447,0.003033452144000768,0.004079825698261556,10750,0.050871482986309835,0.00045508126720739117,0.060241230982253535,0.0,0.061767441860465115,0.10016468712739135,-0.0007163737443622864,0.09215678654946435,-0.9957069715571965,0.11730232558139535,0.10016468712739135,-0.0008112600987730811,0.09215678654946435,0.004293028442803659,0.11730232558139535,1.0000948184289777,0.49892443417195315,0.49892443417195315
crmarenapro,query5,2,inf,35.11060815451014,10.345958198420703,26039181.0,10057270.0,0.0,0.0,10713.0,35.09337394551926,9.872163474559784,24635310.0,10057270.0,603.0,0.0,10713.0,35.12061439027824,9.37024325504899,23830799.0,20062864.0,1184.0,0.0,10713.0,35.123264417864654,9.37024325504899,23830799.0,10005594.0,1184.0,0.0,10713.0,0.0,0.0,0.0,0.0,0.0,0.0,0.0,0.0,21.351591446628753,4037586.0,21.330528184377496,4037586.0,21.385578093456886,8049244.0,21.390736391923102,4011658.0,12.134509191360795,6019684.0,12.138338244621174,6019684.0,12.138701362090957,12013620.0,12.136155383822755,5993936.0,1.624507516520587,0.0,1.624507516520587,0.0,1.5963349347303908,0.0,1.5963726421187918,0.0,10057.27,0.00303222781725409,0.004168664483802341,10057.27,0.0030308981103166384,0.004168788872361623,20062.864,0.0030401374338363024,0.00415852300554246,10005.594,0.003041341938318593,0.0041565771630642555,10713,0.045795151572644466,0.0004908547557773701,0.05391379244992378,0.0,0.056286754410529265,0.09430880394632324,-0.0002849918099985249,0.08480996387712814,-0.9948618263206617,0.11051992905815365,0.09430880394632324,-0.00036046836041170316,0.08480996387712814,0.0051381736793384425,0.11051992905815365,1.0000754550463429,0.49871214797648034,0.4987121479764802
crmarenapro,query5,4,1,70.25683744275675,20.668058885261416,50840147.0,18420469.0,0.0,0.0,21563.0,70.21821258174049,19.535392528399825,47532526.0,18420469.0,1441.0,0.0,21563.0,70.20409104414787,17.378251018933952,43897760.0,36658150.0,3850.0,0.0,21563.0,70.22584850518753,17.378251018933952,43897760.0,18237681.0,3850.0,0.0,21563.0,0.0,0.0,0.0,0.0,0.0,0.0,0.0,0.0,42.52588270988235,6777578.0,42.480242132465506,6777578.0,42.66733434663617,13451444.0,42.692843988382755,6673866.0,24.774747942113635,11642891.0,24.781763658514222,11642891.0,24.782258144864024,23206706.0,24.778242012438284,11563815.0,2.9562067907607457,0.0,2.9562067907607457,0.0,2.7544985526476697,0.0,2.754762504366477,0.0,18420.469,0.0030111422667111693,0.004234180818248488,18420.469,0.003008874464111808,0.004234164739150502,36658.15,0.0030345568919312583,0.004180105365081339,18237.681,0.003037728899677482,0.004177724028599675,21563,0.05480274481263969,0.0005497665767795201,0.06505923360135057,0.0,0.06682743588554468,0.15917352880552593,0.0007507653422608174,0.1365532440336964,-0.9900769084652514,0.17854658442702778,0.15917352880552593,0.00044108073601334397,0.1365532440336964,0.009923091534748685,0.17854658442702778,1.0003099172814014,0.49750685727457605,0.49750685727457605
crmarenapro,query5,4,1/16,69.74541730376828,20.604510418139398,49649627.0,18117452.0,0.0,0.0,21420.0,69.71891950410182,19.731028076261282,47130826.0,18117452.0,1109.0,0.0,21420.0,69.75339701252264,17.613381415605545,43548575.0,36010242.0,3520.0,0.0,21420.0,69.77883339121769,17.598532730713487,43547931.0,17892790.0,3537.0,18.0,21420.0,0.0,0.0,0.0,0.0,0.0,0.0,0.0,0.0,41.817553400061925,7386555.0,41.78571076935806,7386555.0,41.99263420570078,14643470.0,42.021702522770084,7256915.0,24.78153356132826,10730897.0,24.786878392365676,10730897.0,24.78232739815467,21366772.0,24.778481784579476,10635875.0,3.146330342378073,0.0,3.146330342378073,0.0,2.9784354086671727,0.0,2.978649083868112,0.0,18117.452,0.0029988689327444373,0.004234466804314352,18117.452,0.002997558778018708,0.00423446360756954,33241.166,0.0030231612434712175,0.004180235934910874,16418.703,0.0030269137841663065,0.004177969530687126,21420,0.04239277343416692,0.0003799217309295999,0.050731519090767785,0.0,0.05177404295051354,0.14516865200061158,-0.0001144119436493618,0.1228821316220563,-0.987599691170701,0.16433239962651727,0.145889304158354,-0.0004791151697303153,0.1228951025150703,0.01240030882929899,0.16512605042016806,1.0003646615044495,0.4968805819188885,0.49392680750127727
crmarenapro,query5,4,1/4,70.56632888571659,20.649329745210707,51144670.0,18475162.0,0.0,0.0,21691.0,70.52438871774622,19.470428336411715,47663166.0,18475162.0,1503.0,0.0,21691.0,70.56972063001737,17.368682332336903,44041141.0,36662510.0,3922.0,0.0,21691.0,70.59157848058935,17.368682332336903,44041141.0,18187348.0,3922.0,0.0,21691.0,0.0,0.0,0.0,0.0,0.0,0.0,0.0,0.0,42.80403496802151,7818998.0,42.75681485398881,7818998.0,42.95097692427457,15469464.0,42.976205896338044,7650466.0,24.91310813746121,10656164.0,24.918388083523556,10656164.0,24.91267091725077,21193046.0,24.909111258817266,10536882.0,2.8491857802338485,0.0,2.8491857802338485,0.0,2.7060727884920164,0.0,2.7062613254340215,0.0,18475.162,0.003005511618947559,0.004235688707308792,18475.162,0.0030034387484785107,0.004235668981151603,36662.51,0.003029938844915122,0.004181562330044329,18187.348,0.0030330010484070523,0.004179102119232754,21691,0.057091509668608986,0.0005943368265378668,0.06807168762649163,0.0,0.06929141118436218,0.1588742808291247,-4.806462734197048e-05,0.13889089518027975,-0.9844215709718811,0.18081231847309945,0.1588742808291247,-0.00035781363819631373,0.13889089518027975,0.0155784290281189,0.18081231847309945,1.0003097341235991,0.4960748186635339,0.496074818663534
crmarenapro,query5,4,inf,70.18911117479428,20.85562327504158,50016620.0,18512229.0,0.0,0.0,21493.0,70.15490721962361,19.897043589502573,47188606.0,18512229.0,1219.0,0.0,21493.0,70.21172393907,17.817385983653367,43563934.0,36802124.0,3622.0,0.0,21493.0,70.2333635358473,17.817385983653367,43563934.0,18289895.0,3622.0,0.0,21493.0,0.0,0.0,0.0,0.0,0.0,0.0,0.0,0.0,41.744116136485374,6873481.0,41.70444609174448,6873481.0,41.89938020253028,13617322.0,41.924883185568795,6743841.0,25.099176589768255,11638748.0,25.10464267933848,11638748.0,25.10174747433806,23184802.0,25.09770812026431,11546054.0,3.345818448540633,0.0,3.345818448540633,0.0,3.210596262201632,0.0,3.2107722300141703,0.0,18512.229,0.0030003730014729734,0.004273247237486713,18512.229,0.002998794059400102,0.00427323330294522,36802.124,0.0030243409861536075,0.004220371218662973,18289.895,0.003027378098529483,0.004217993248553063,21493,0.04596264867740307,0.00048731141623215013,0.05654148561018313,0.0,0.05671614013864979,0.14567952495690428,-0.00032216912135285547,0.12901083679784842,-0.9879898849565873,0.16851998325036058,0.14567952495690428,-0.0006304733072175495,0.12901083679784842,0.01201011504341265,0.16851998325036058,1.0003082048917655,0.49697933195377525,0.49697933195377525
crmarenapro,query5,8,1,139.87529593856976,41.44051847513765,98986384.0,35492966.0,0.0,0.0,42959.0,139.81400521179214,39.56495744455606,93490914.0,35492966.0,2385.0,0.0,42959.0,139.3626253478022,32.70515398401767,80480699.0,69737180.0,9888.0,0.0,42959.0,139.44051197358516,32.70515398401767,80480699.0,34244214.0,9888.0,0.0,42959.0,0.0,0.0,0.0,0.0,0.0,0.0,0.0,0.0,82.89182747921237,13048494.0,82.81735692631503,13048494.0,83.18974137557156,25409896.0,83.27087186887982,12361402.0,50.62883790719304,22444472.0,50.64201773331275,22444472.0,50.604789080496374,44327284.0,50.60052711348424,21882812.0,6.354630552164338,0.0,6.354630552164338,0.0,5.568094891734249,0.0,5.569112991221077,0.0,35492.966,0.0029928994931112465,0.0041787462802435685,35492.966,0.0029905409606521866,0.004178745733184688,69737.18,0.00302419735553203,0.0040901831665520515,34244.214,0.0030292825704466967,0.0040877290410963945,42959,0.04525911112108405,0.00043818121253191844,0.05551743358965411,0.0,0.05551805209618473,0.21079283784445857,0.0036651975413349858,0.1869518235962635,-0.9648169161179712,0.23017295560883633,0.21079283784445857,0.0031083685083000967,0.1869518235962635,0.035183083882028954,0.23017295560883633,1.0005588774292145,0.4910467271547258,0.49104672715472586
crmarenapro,query5,8,1/16,140.75317895014246,41.67132395785302,99067759.0,35053919.0,0.0,0.0,43277.0,140.68895770125175,39.76069854572415,93441924.0,35053919.0,2431.0,0.0,43277.0,140.5324664604563,33.47192819416523,81458767.0,69226532.0,9533.0,0.0,43277.0,140.61388485068304,33.43917059712112,81457439.0,34172613.0,9571.0,27.0,43277.0,0.0,0.0,0.0,0.0,0.0,0.0,0.0,0.0,83.86979518550002,12857315.0,83.79322890713217,12857315.0,84.22648021701546,25325710.0,84.3111189034811,12468395.0,50.685448632605976,22196604.0,50.69779366208311,22196604.0,50.65008041379067,43900822.0,50.646143677172155,21704218.0,6.197935132036415,0.0,6.197935132036415,0.0,5.655905829650135,0.0,5.656622270029755,0.0,35053.919,0.002992513409146988,0.0041883998725860795,35053.919,0.0029907085459290944,0.0041883998725860795,58064.768,0.0030256195653937967,0.004119649000152832,26285.464,0.0030305411616458173,0.004117224259089024,43277,0.04584988502072307,0.00045626855016500656,0.056787748676135896,0.0,0.056173024932412136,0.19676350508999374,0.0015680817394847502,0.17774694994362394,-0.9748585600371815,0.22027866996325993,0.19754959955335283,0.0009896337723835913,0.17776035491021858,0.025141439962818368,0.2211567345241121,1.0005793564453638,0.4936346226328368,0.4526921385443235
crmarenapro,query5,8,1/4,137.33550884255146,40.48205162771046,98587920.0,35666512.0,0.0,0.0,42204.0,137.28154528568035,38.753227348439395,93544905.0,35666512.0,2197.0,0.0,42204.0,137.0631424677834,32.12079714797437,80436393.0,70184468.0,9701.0,0.0,42204.0,137.1409613778395,32.12079714797437,80436393.0,34517956.0,9701.0,0.0,42204.0,0.0,0.0,0.0,0.0,0.0,0.0,0.0,0.0,81.90793632056588,13455832.0,81.84223195727911,13455832.0,82.22906054939418,26263464.0,82.31035453795542,12807632.0,49.5650369045836,22210680.0,49.57677771099925,22210680.0,49.54173266952888,43921004.0,49.53751601238517,21710324.0,5.862535617401945,0.0,5.862535617401945,0.0,5.292349248860319,0.0,5.293090827498872,0.0,35666.512,0.0029959712319839234,0.00420624440105813,35666.512,0.0029937353792559218,0.00420624440105813,70184.468,0.003026714639678611,0.004142503444289557,34517.956,0.003031613462141936,0.004139990530899426,42204,0.04270594522160198,0.0003929322964316695,0.051152463709549845,0.0,0.05205667709221875,0.20654226116377727,0.001983218885367233,0.18411512282640718,-0.967797355681991,0.2298597289356459,0.20654226116377727,0.0014165853125065464,0.18411512282640718,0.03220264431800901,0.2298597289356459,1.000567759564351,0.49181759132234215,0.49181759132234215
crmarenapro,query5,8,inf,139.67615260644794,41.46781844552606,98918630.0,34581563.0,0.0,0.0,42844.0,139.61287648674866,39.45775115583092,93060195.0,34581563.0,2556.0,0.0,42844.0,139.19806504252284,32.53162244707346,79977473.0,68029316.0,10159.0,0.0,42844.0,139.27763020928734,32.53162244707346,79977473.0,33447753.0,10159.0,0.0,42844.0,0.0,0.0,0.0,0.0,0.0,0.0,0.0,0.0,83.69180873872442,12941115.0,83.61530123169521,12941115.0,84.0168545911435,25169210.0,84.09985728328233,12228095.0,49.549730097598705,21640448.0,49.5629614849286,21640448.0,49.52978824876803,42860106.0,49.52530748564794,21219658.0,6.434613770124799,0.0,6.434613770124799,0.0,5.651422202611288,0.0,5.65246544035705,0.0,34581.563,0.0029991869728844102,0.00420826201944793,34581.563,0.0029966813975575886,0.00420826201944793,68029.316,0.0030301466232601102,0.004111568881951476,33447.753,0.003035347308158157,0.004108982434403746,42844,0.04847294516676004,0.0004530202079489065,0.05922478910191131,0.0,0.05965829521053123,0.21549713328159714,0.0034228288437480048,0.1914822010777949,-0.967213454174989,0.23711604892166932,0.21549713328159714,0.0028531885345058905,0.1914822010777949,0.03278654582501084,0.23711604892166932,1.0005715967872124,0.4916667543739526,0.49166675437395246
crmarenapro,query5,16,inf,280.0268066301098,82.72184975631535,199509337.0,71317911.0,0.0,0.0,86033.0,279.8990728131979,78.74864358641207,187854296.0,71317911.0,5055.0,0.0,86033.0,277.64640004144303,59.20347029902041,148906467.0,138115734.0,25800.0,0.0,86033.0,277.8741539487969,59.20347029902041,148906467.0,66797823.0,25800.0,0.0,86033.0,0.0,0.0,0.0,0.0,0.0,0.0,0.0,0.0,167.60116172984922,25863171.0,167.44894123148543,25863171.0,168.10969922156897,49237254.0,168.3321990906368,23374083.0,100.32537119760724,45454740.0,100.34985787905916,45454740.0,100.1837310264709,88878480.0,100.18537772459992,43423740.0,12.10027370265327,0.0,12.10027370265327,0.0,9.352969793403116,0.0,9.356577133560148,0.0,71317.911,0.0029932622665371235,0.0041794846638868975,71317.911,0.0029890861698114654,0.0041794846638868975,138115.734,0.0030284737404100434,0.004085746578883479,66797.823,0.0030350776007433676,0.004083337046552251,86033,0.04803091543053828,0.00045614853252462506,0.05841852404130843,0.0,0.058756523659525994,0.28430674031801906,0.008500638268574945,0.25363660047649805,-0.9366205776834939,0.2998849278765125,0.28430674031801906,0.007687309323054725,0.25363660047649805,0.06337942231650617,0.2998849278765125,1.0008203020364026,0.48363659277226156,0.4836365927722616
crmarenapro,query5,50,inf,873.8111843579571,257.907884567976,627014400.0,227312000.0,0.0,0.0,268200.0,873.3938244211391,245.48534229397774,590557600.0,227312000.0,15800.0,0.0,268200.0,857.6150286953991,153.28303053975105,395578400.0,422655600.0,110200.0,0.0,268200.0,858.6963967418109,153.28303053975105,395578400.0,195343600.0,110200.0,0.0,268200.0,0.0,0.0,0.0,0.0,0.0,0.0,0.0,0.0,524.0744380070558,85269000.0,523.5771283780097,85269000.0,524.6620732198854,157574000.0,525.6407260504003,72305000.0,311.2959981600755,142043000.0,311.3759478523035,142043000.0,309.837595278236,265081600.0,309.92019988698587,123038600.0,38.44074819082938,0.0,38.44074819082938,0.0,23.115360197277926,0.0,23.135470804425143,0.0,227312.0,0.0030011176995764907,0.0041275342393498355,227312.0,0.0029887608050890592,0.0041275342393498355,422655.6,0.003040372267300379,0.004016933663546246,195343.6,0.003050427570873987,0.004014608508704179,268200,0.04816658589095635,0.0004776317175714251,0.05814348123424273,0.0,0.05891126025354213,0.40566752816992413,0.01853507479932104,0.36910795031182697,-0.8593633420144999,0.4108873974645787,0.40566752816992413,0.01729754423691887,0.36910795031182697,0.14063665798550007,0.4108873974645787,1.0012609014653775,0.46218150191314156,0.4621815019131416
crmarenapro,query6,1,inf,56.5633092419517,36.02070598304272,400446700.0,400262166.0,0.0,0.0,5690.0,56.130464261582276,35.552362403832376,400442196.0,400262166.0,48.0,0.0,5690.0,56.31563125189909,35.552362403832376,400442196.0,800524332.0,48.0,0.0,5690.0,56.130464261582276,35.552362403832376,400442196.0,400262166.0,48.0,0.0,5690.0,0.0,0.0,0.0,0.0,0.0,0.0,0.0,0.0,3.852761930538456,506810.0,3.852761930538456,506810.0,3.8529963880773743,1013620.0,3.852761930538456,506810.0,18.709059037751032,378769754.0,18.709429365931282,378769754.0,18.884653659728812,757539508.0,18.709429365931282,378769754.0,34.001488273662204,20985602.0,33.568272965112534,20985602.0,33.5779812040929,41971204.0,33.568272965112534,20985602.0,400262.166,0.010807210139232578,0.015757548971889607,400262.166,0.010794826554791808,0.01575702234116868,800524.332,0.010809199592514229,0.015862569511951554,400262.166,0.010794826554791808,0.01575702234116868,5690,0.013002065518394335,0.007652398457061893,1.1247439422046313e-05,0.0,0.00843585237258348,0.013002065518394335,0.0043787747458896575,1.1247439422046313e-05,-1.0,0.00843585237258348,0.013002065518394335,0.007652398457061893,1.1247439422046313e-05,0.0,0.00843585237258348,0.9967119787845657,0.5,0.5
crmarenapro,query6,2,1,113.16169501507409,73.16842360515147,786300801.0,784624555.0,0.0,0.0,11358.0,111.93870157191064,71.85020575299859,786290625.0,784624555.0,129.0,0.0,11358.0,105.53778709994397,65.86806187685579,690727079.0,1473230354.0,862.0,0.0,11358.0,105.18402175496287,65.86806187685579,690727079.0,688605799.0,862.0,0.0,11358.0,0.0,0.0,0.0,0.0,0.0,0.0,0.0,0.0,7.3952357845749015,797207.0,7.3952357845749015,797207.0,7.407514549581992,1594414.0,7.40792503627344,797207.0,38.21585485733566,750248584.0,38.21622518551591,750248584.0,36.92604984407319,1404478412.0,36.58092235704004,654229828.0,67.55060437316351,33578764.0,66.32724060181982,33578764.0,61.20422270628877,67157528.0,61.19517436164938,33578764.0,784624.555,0.011255295246170784,0.015839662255516224,784624.555,0.011199664019143999,0.01583905749682518,1473230.354,0.009513946863606286,0.01592293454974824,688605.799,0.009498394619046792,0.01581707127465116,11358,0.01801621228395678,0.010807486075571138,1.294161215026346e-05,0.0,0.011357633386159536,0.09977475758793986,0.06737180734271031,0.12154854971335582,-0.8776245844103108,0.07589364324705054,0.09977475758793986,0.07049800075059431,0.12154854971335582,0.12237541558968923,0.07589364324705054,0.9966479745814067,0.4674121715795166,0.4674121715795166
crmarenapro,query6,2,1/16,111.1297869205446,71.98837739042938,787452702.0,785355628.0,0.0,0.0,11250.0,110.18155201469023,70.9646566240117,787448092.0,785355628.0,101.0,0.0,11250.0,103.79890991661426,65.07001696992666,687248181.0,1470005476.0,836.0,0.0,11250.0,103.44483150508884,65.07001696992666,687248181.0,684649848.0,836.0,27.0,11250.0,0.0,0.0,0.0,0.0,0.0,0.0,0.0,0.0,7.365148593076673,684072.0,7.365148593076673,684072.0,7.377623213027684,1368144.0,7.378086037584733,684072.0,38.99237942738413,757571288.0,38.99274975556438,757571288.0,37.623331598686136,1414436796.0,37.27496735383052,656865508.0,64.77225890008378,27100268.0,63.82365366604916,27100268.0,58.79795510490043,54200536.0,58.79177811367357,27100268.0,785355.628,0.011292564959993536,0.015604716372333413,785355.628,0.011249142531767375,0.015604085679382033,1451530.032,0.009459468572456872,0.01569367199065417,676769.183,0.009444740970256459,0.01558730582122872,11250,0.014220639546652425,0.008532679960345346,5.854319869991187e-06,0.0,0.008977777777777777,0.09610385275085387,0.06596680518403009,0.12725147903549894,-0.8717704738979728,0.0743111111111111,0.09610385275085387,0.06915297534899745,0.12725147903549894,0.1282295261020272,0.0743111111111111,0.9965888041424532,0.4657464609335918,0.4662453880251511
crmarenapro,query6,2,1/4,111.59476723268956,71.93932117149234,799616641.0,798015654.0,0.0,0.0,11238.0,110.70533706164446,70.97255125269294,799608723.0,798015654.0,102.0,0.0,11238.0,104.1323808327875,64.74678179901093,708936781.0,1504958338.0,851.0,0.0,11238.0,103.77262168036997,64.74678179901093,708936781.0,706942684.0,851.0,0.0,11238.0,0.0,0.0,0.0,0.0,0.0,0.0,0.0,0.0,7.389441231715338,932813.0,7.389441231715338,932813.0,7.399059730115338,1865626.0,7.3993572070180225,932813.0,38.953420216985485,766274214.0,38.95443861948118,766274214.0,37.7569519649446,1441475458.0,37.40434794711698,675201244.0,65.25190578398872,30808627.0,64.36145721044792,30808627.0,58.976369137727566,61617254.0,58.96891652623495,30808627.0,798015.654,0.01132949855251419,0.015557589942805415,798015.654,0.011278297191414752,0.015557402722101606,1504958.338,0.00961853929622697,0.01564443892631418,706942.684,0.009600578657720949,0.015536426392646453,11238,0.013438685590245858,0.007970178110507042,9.90224514352267e-06,0.0,0.009076348104644954,0.09998064000820206,0.06687039710690035,0.11340416813561538,-0.8858757099018011,0.07572521801032212,0.09998064000820206,0.0700941965854851,0.11340416813561538,0.11412429009819902,0.07572521801032212,0.9965451750018544,0.46974236173174383,0.46974236173174383
crmarenapro,query6,2,inf,109.86663075661993,71.39236732851714,768190472.0,766000791.0,0.0,0.0,11146.0,108.80499650453626,70.25080344174057,768174822.0,766000791.0,111.0,0.0,11146.0,102.6806905398869,64.50055119302124,679952133.0,1443366142.0,805.0,0.0,11146.0,102.33505061787129,64.50055119302124,679952133.0,677365351.0,805.0,0.0,11146.0,0.0,0.0,0.0,0.0,0.0,0.0,0.0,0.0,7.381383764348566,943511.0,7.381383764348566,943511.0,7.389740529942723,1887022.0,7.389957643021129,943511.0,36.76791773255071,739469924.0,36.7681954786859,739469924.0,35.587775129419605,1390304408.0,35.24750831303499,650834484.0,65.71732925972064,25587356.0,64.65541726150178,25587356.0,59.70317488052456,51174712.0,59.69758466181515,25587356.0,766000.791,0.011344368614518964,0.015325601585891045,766000.791,0.0112794355616,0.015325085710391349,1443366.142,0.009729284550760034,0.015406931741393586,677365.351,0.009713644829253147,0.015302059332843251,11146,0.015989999064235816,0.009662936278035383,2.0372551561620433e-05,0.0,0.009958729589090257,0.09653435504922692,0.06540603063228134,0.11486518281106717,-0.8842880568252574,0.07222321909205096,0.09653435504922692,0.06855202609637534,0.11486518281106717,0.11571194317474276,0.07222321909205096,0.996633837187905,0.4692955801647175,0.4692955801647175
crmarenapro,query6,4,1,222.79563363032793,143.64864302799106,1598100092.0,1595343338.0,0.0,0.0,22421.0,220.77166638226566,141.45723050367087,1598078702.0,1595343338.0,226.0,0.0,22421.0,193.8666525703675,117.1124818129465,1205742260.0,2796451538.0,3297.0,0.0,22421.0,193.16722377092435,117.1124818129465,1205742260.0,1201108200.0,3297.0,0.0,22421.0,0.0,0.0,0.0,0.0,0.0,0.0,0.0,0.0,14.571307523774038,1862887.0,14.571307523774038,1862887.0,14.634979438094405,3725774.0,14.638215176188334,1862887.0,77.60845071837524,1531683405.0,77.61030235927649,1531683405.0,71.58294248850031,2670076080.0,70.88260923492028,1138392675.0,130.61587538817864,61797046.0,128.5900564992151,61797046.0,107.64873064377277,122649684.0,107.64639935981572,60852638.0,1595343.338,0.011675987534953232,0.01546558047899226,1595343.338,0.011598246156966264,0.015465153136739454,2796451.538,0.007908512827580023,0.015521615619495766,1201108.2,0.007886982432074693,0.015420655025757797,22421,0.015255365300549162,0.009084411642557244,1.3384643494540605e-05,0.0,0.010079835868159314,0.18472963374860274,0.12984536810070801,0.24551518015931628,-0.7528838284464632,0.1470496409615985,0.18472963374860274,0.1329846971263553,0.24551518015931628,0.24711617155353682,0.1470496409615985,0.996392217072045,0.42951153763208894,0.4295115376320889
crmarenapro,query6,4,1/16,222.04905336645172,143.72653338871896,1595381816.0,1591468119.0,0.0,0.0,22379.0,220.14843605260808,141.6558431610465,1595367044.0,1591468119.0,223.0,0.0,22379.0,191.8375634385989,116.121447654441,1186572693.0,2772086424.0,3441.0,0.0,22379.0,191.12218222650344,116.10043934546411,1186572689.0,1180618305.0,3443.0,45.0,22379.0,0.0,0.0,0.0,0.0,0.0,0.0,0.0,0.0,14.71851412360195,2091459.0,14.71851412360195,2091459.0,14.786887727762615,4182918.0,14.790419937330233,2091459.0,78.00417577240036,1534429130.0,78.00686065170717,1534429130.0,71.72233844047773,2659897262.0,71.0209235122692,1125468132.0,129.3263634704494,54947530.0,127.42306127729893,54947530.0,105.32833727035853,108006244.0,105.31083877690398,53058714.0,1591468.119,0.011699438099546308,0.015450051439862646,1591468.119,0.011601426782448694,0.015448423623230257,2554212.736,0.0076353179218288,0.015522213282777293,992894.581,0.00761078206513843,0.015420899800986,22379,0.014407153493865454,0.00855944794642749,9.259225504432145e-06,0.0,0.009964699048214844,0.1920667331453545,0.1360577290009619,0.25624531939631934,-0.7418422592981895,0.1537602216363555,0.1922129017648958,0.13927945501712669,0.2562453219035562,0.2581577407018104,0.15384959113454577,0.9962709012808932,0.4258952010942066,0.3887282241630793
crmarenapro,query6,4,1/4,224.72933454193804,144.98200658150017,1621577975.0,1618127904.0,0.0,0.0,22670.0,222.60763935957414,142.68152055796236,1621557663.0,1618127904.0,238.0,0.0,22670.0,194.16482943988652,116.86705507431179,1215868681.0,2828665202.0,3448.0,0.0,22670.0,193.4566072840387,116.86705507431179,1215868681.0,1210537298.0,3448.0,0.0,22670.0,0.0,0.0,0.0,0.0,0.0,0.0,0.0,0.0,14.945584230688182,2005379.0,14.945584230688182,2005379.0,15.006321658224259,3996484.0,15.009491477485419,1991105.0,78.70161127169393,1556728314.0,78.70355549464024,1556728314.0,72.47784265048995,2706824704.0,71.76602381761487,1150096390.0,131.0821390395559,59394211.0,128.9584996342457,59394211.0,106.6806651311723,117844014.0,106.68109198893839,58449803.0,1618127.904,0.01156870287962439,0.015488352982543356,1618127.904,0.011503276478761757,0.015488331430155731,2828665.202,0.007628184328283494,0.0155377952851695,1210537.298,0.007606449898903856,0.015434507917828804,22670,0.015867389876719762,0.009441113625368591,1.2526070477747453e-05,0.0,0.010498456109395676,0.19392028135149197,0.1360058541727569,0.2501941320459783,-0.7481097724151231,0.1520952801058668,0.19392028135149197,0.13915729925353093,0.2501941320459783,0.251890227584877,0.1520952801058668,0.9963524694050367,0.42795354400517,0.42795354400516994
crmarenapro,query6,4,inf,225.82962690527052,146.4446415323764,1573301927.0,1569015877.0,0.0,0.0,22831.0,223.6671341670226,144.110217561014,1573281625.0,1569015877.0,233.0,0.0,22831.0,195.19637981178204,118.31477282103151,1165292801.0,2728078348.0,3448.0,0.0,22831.0,194.51094042617203,118.31477282103151,1165292801.0,1159062471.0,3448.0,0.0,22831.0,0.0,0.0,0.0,0.0,0.0,0.0,0.0,0.0,14.908104908079062,1800894.0,14.908104908079062,1800894.0,14.967755276031196,3601788.0,14.970969416453789,1800894.0,78.60294479541027,1508647579.0,78.60405577995101,1508647579.0,72.29964588394377,2608286160.0,71.61020814568607,1099638581.0,132.31857720178118,58567404.0,130.1549734789925,58567404.0,107.92897865180704,116190400.0,107.92976286403216,57622996.0,1569015.877,0.01156299643058511,0.015420133985655329,1569015.877,0.011493103260436977,0.015419805929141066,2728078.348,0.007680797760614101,0.015445882060254231,1159062.471,0.0076634599292846415,0.015343200188346154,22831,0.015940658169089184,0.00957577076082683,1.2904071145958262e-05,0.0,0.010205422451929394,0.19208533966827224,0.13564760086300942,0.25933301103749296,-0.7387194023913628,0.15102273225001095,0.19208533966827224,0.13868280662853794,0.25933301103749296,0.2612805976086372,0.15102273225001095,0.996488462612519,0.42486407028952383,0.4248640702895237
crmarenapro,query6,8,1,448.8221083212351,291.0415141340345,3186427309.0,3177739172.0,0.0,0.0,45349.0,444.56150678471346,286.4393659355119,3186388917.0,3177739172.0,462.0,0.0,45349.0,357.17819565518386,207.67148193903267,1933876300.0,5097446648.0,10682.0,0.0,45349.0,355.83658466639423,207.67148193903267,1933876300.0,1919707476.0,10682.0,0.0,45349.0,0.0,0.0,0.0,0.0,0.0,0.0,0.0,0.0,29.902539536870822,3599774.0,29.902539536870822,3599774.0,30.144344602186692,7156726.0,30.160263507484615,3556952.0,156.191090532927,3065002237.0,156.1935902481437,3065002237.0,136.01414444422693,4873904416.0,134.6226761157346,1808902179.0,262.72847825143725,109137161.0,258.46537699969895,109137161.0,191.01970660877024,216385506.0,191.05364504317498,107248345.0,3177739.172,0.011802702612971836,0.015597548700386606,3177739.172,0.011744239247666622,0.01559748217783118,5097446.648,0.005908636602869399,0.01565498451231051,1919707.476,0.005887847296386168,0.015562388529006339,45349,0.015812686421096567,0.009492851304624628,1.2048603742376152e-05,0.0,0.010187655736620433,0.28645409038315783,0.20418760788953605,0.39308946589247296,-0.6041110903358937,0.23555094930428455,0.28645409038315783,0.20717678993720245,0.39308946589247296,0.3958889096641063,0.23555094930428455,0.9962438608932198,0.3766017790011012,0.3766017790011012
crmarenapro,query6,8,1/16,451.66040029863285,293.10226110648364,3175285167.0,3167778908.0,0.0,0.0,45369.0,447.32645650652586,288.4228915506974,3175240147.0,3167778908.0,470.0,0.0,45369.0,367.42307248125377,215.87666771002114,2096463539.0,5251725200.0,9616.0,0.0,45369.0,365.99149552093513,215.79099961183965,2096460217.0,2083946292.0,9624.0,99.0,45369.0,0.0,0.0,0.0,0.0,0.0,0.0,0.0,0.0,29.43169660914023,3537384.0,29.43169660914023,3537384.0,29.628917456062844,7017672.0,29.640805395047312,3480288.0,157.03910281022075,3045540031.0,157.0416951074825,3045540031.0,139.8797136413426,5012026582.0,138.49385514214387,1966486551.0,265.18960087927184,118701493.0,260.8530647899031,118701493.0,197.91444138384833,232680946.0,197.85683498374397,113979453.0,3167778.908,0.011943937400152857,0.015640946056351013,3167778.908,0.011872491340415502,0.015640946056351013,4349978.075,0.006409947158727537,0.015706952409613735,1265249.549,0.006389071953054097,0.015611287026090494,45369,0.0159649725598201,0.009595580638110945,1.4178254119645572e-05,0.0,0.010359496572549538,0.26347662111145076,0.1865058963807371,0.33975582389006886,-0.6578572408374657,0.2119508915779497,0.26376890168908285,0.18967548344077623,0.3397568700953151,0.34214275916253434,0.21212722343450374,0.9961037368974925,0.3968117547353772,0.2908634313059153
crmarenapro,query6,8,1/4,448.89980969933816,290.270293334499,3143360265.0,3137381466.0,0.0,0.0,45231.0,444.5503369004421,285.5635117935017,3143327349.0,3137381466.0,479.0,0.0,45231.0,357.63890086290996,207.2899631233886,1939360917.0,5064873166.0,10551.0,0.0,45231.0,356.31409969371816,207.2899631233886,1939360917.0,1927491700.0,10551.0,0.0,45231.0,0.0,0.0,0.0,0.0,0.0,0.0,0.0,0.0,29.91493197470713,4186250.0,29.91493197470713,4186250.0,30.14262984579176,8215486.0,30.157297046823786,4029236.0,153.7847881727278,3007674370.0,153.78802854430498,3007674370.0,134.44618963478175,4812226844.0,133.0805381244658,1804552474.0,265.2000895519032,125520846.0,260.84737638142997,125520846.0,193.05008138233646,244430836.0,193.07626452242857,118909990.0,3137381.466,0.01186424141403469,0.015510176705086552,3137381.466,0.011781142935885067,0.015510096921289287,5064873.166,0.005883332302753869,0.01556606132708185,1927491.7,0.0058655525825393115,0.015474334161991201,45231,0.016215167893785742,0.009689183877821694,1.047159638889461e-05,0.0,0.010590082023391036,0.2858726232638843,0.20329905886472188,0.38302938463848013,-0.6143631945583756,0.2332692180141938,0.2858726232638843,0.2062502767992519,0.38302938463848013,0.38563680544162426,0.2332692180141938,0.9962957017091951,0.38056070444943496,0.38056070444943496
crmarenapro,query6,8,inf,449.0519664930538,290.5472893426195,3208656446.0,3200329444.0,0.0,0.0,45464.0,445.1845324641119,286.3603915385902,3208626938.0,3200329444.0,428.0,0.0,45464.0,358.0764098327342,208.1680107647553,1941584132.0,5127895534.0,10600.0,0.0,45464.0,356.7237449435068,208.1680107647553,1941584132.0,1927566090.0,10600.0,0.0,45464.0,0.0,0.0,0.0,0.0,0.0,0.0,0.0,0.0,30.060744533379783,3669170.0,30.060744533379783,3669170.0,30.309166210226252,7281244.0,30.324851905872716,3612074.0,158.5631294350731,3085261575.0,158.56618464256016,3085261575.0,138.18471184899093,4900650116.0,136.78412264419885,1815388541.0,260.42809252460086,111398699.0,256.55760328817195,111398699.0,189.58253177351705,219964174.0,189.61477039343526,108565475.0,3200329.444,0.01183531467549684,0.015568713614327781,3200329.444,0.011785590774176593,0.015568682273181103,5127895.534,0.005961090728003843,0.015629484597928085,1927566.09,0.005939328897135081,0.015531673421600781,45464,0.014410383292517981,0.008612442027913336,9.196372530606567e-06,0.0,0.009414041879289108,0.2835313960913288,0.2025947183146939,0.39489186060401305,-0.6023023953405218,0.2331515044870667,0.2835313960913288,0.2056069863597294,0.39489186060401305,0.39769760465947834,0.2331515044870667,0.996222412725096,0.37589808084417187,0.3758980808441719
crmarenapro,query6,16,inf,895.4902946080549,578.7989131249487,6362367309.0,6347128187.0,0.0,0.0,90599.0,887.5867992306428,570.2535765506327,6362295047.0,6347128187.0,867.0,0.0,90599.0,657.2380852439492,365.0555461291224,3047343265.0,9363119870.0,28243.0,0.0,90599.0,654.6459056501501,365.0555461291224,3047343265.0,3015991683.0,28243.0,0.0,90599.0,0.0,0.0,0.0,0.0,0.0,0.0,0.0,0.0,59.40477704971749,7411184.0,59.40477704971749,7411184.0,60.11641747820682,14565436.0,60.165980408552926,7154252.0,311.3353453447424,6107816257.0,311.3409928494912,6107816257.0,256.9254776827888,8905529918.0,254.17223748580267,2797713661.0,524.7501722135963,231900746.0,516.8410293314353,231900746.0,340.19619008295336,443024516.0,340.3076877557945,211123770.0,6347128.187,0.01198347064227047,0.015692667321145482,6347128.187,0.011936198409909332,0.015692648163467594,9363119.87,0.004471383902643988,0.015683372291126787,3015991.683,0.004467278979971668,0.015601487926796026,90599,0.014763912613759977,0.008825886137461048,1.1357722132454562e-05,0.0,0.009569642049029239,0.36928778224862413,0.2660578353541908,0.5210362563177818,-0.4751742196064772,0.31173633263060296,0.36928778224862413,0.2689525396401079,0.5210362563177818,0.5248257803935228,0.31173633263060296,0.9960559504204067,0.3221139668053828,0.32211396680538285
crmarenapro,query6,50,inf,2805.9993554213447,1817.629131861031,19766421000.0,19716683600.0,0.0,0.0,283600.0,2780.514972872993,1790.0665324181318,19766195000.0,19716683600.0,2800.0,0.0,283600.0,1823.1260608965679,943.156598880887,6207877800.0,25804211600.0,121600.0,0.0,283600.0,1815.4980542580397,943.156598880887,6207877800.0,6087528000.0,121600.0,0.0,283600.0,0.0,0.0,0.0,0.0,0.0,0.0,0.0,0.0,186.22041158484524,22997000.0,186.22041158484524,22997000.0,189.41762646603254,43139200.0,189.69356387747962,20142200.0,970.760679981452,18975794400.0,970.7791963904646,18975794400.0,745.133348809618,24514169600.0,736.6665899186816,5538375200.0,1649.0182638550607,717892200.0,1623.5153648976964,717892200.0,888.5750856209199,1246902800.0,889.1379004618817,529010600.0,19716683.6,0.012635919538123482,0.016012505677325598,19716683.6,0.012615574796481007,0.016012505677325598,25804211.6,0.0031951638815132894,0.01583105786921026,6087528.0,0.003183392548135556,0.015744023660926094,283600,0.015164039219969228,0.009082105631676107,1.1433531644344797e-05,0.0,0.009873060648801129,0.48110613856897777,0.3502756665377744,0.6859381979165575,-0.3087500983177516,0.4287729196050776,0.48110613856897777,0.35299412996998814,0.6859381979165575,0.6912499016822484,0.4287729196050776,0.9958159741105468,0.23591218729581337,0.23591218729581337
crmarenapro,query7,1,inf,40.92239672267341,19.51678979769349,416431683.0,412383544.0,0.0,0.0,7058.0,40.89423995845212,19.457245244644582,415719572.0,411668921.0,45.0,0.0,7058.0,41.08468387642297,19.457245244644582,415719572.0,823337842.0,45.0,0.0,7058.0,40.89423995845212,19.457245244644582,415719572.0,411668921.0,45.0,0.0,7058.0,0.0,0.0,0.0,0.0,0.0,0.0,0.0,0.0,2.908455899957475,71370.0,2.9083639118275113,71370.0,2.9083969286080658,142740.0,2.9083639118275113,71370.0,32.557275589992685,412312174.0,32.52921081390135,411597551.0,32.71962171509165,823195102.0,32.52921081390135,411597551.0,5.456665232723253,0.0,5.456665232723253,0.0,5.456665232723253,0.0,5.456665232723253,0.0,412383.544,0.003832196316478723,0.011126492271508968,411668.921,0.003819906230474677,0.011128307605781882,823337.842,0.0038242040787402217,0.011237069760536466,411668.921,0.003819906230474677,0.011128307605781882,7058,0.0030509399171756435,0.000688052667396466,0.0017100307903324952,0.0017329086245012615,0.006375743836780958,0.0030509399171756435,-0.0039657294476020954,0.0017100307903324952,-0.9965341827509975,0.006375743836780958,0.0030509399171756435,0.000688052667396466,0.0017100307903324952,0.0017329086245012615,0.006375743836780958,0.995364600624805,0.5,0.5
crmarenapro,query7,2,1,82.65109449038425,39.14064234215766,854894254.0,846943271.0,0.0,0.0,14228.0,82.58482770404517,39.00939683057368,853278021.0,845320097.0,98.0,0.0,14228.0,81.44797069351223,37.70424476917833,800331444.0,1637705113.0,730.0,0.0,14228.0,81.06485724251182,37.70424476917833,800331444.0,792385016.0,730.0,0.0,14228.0,0.0,0.0,0.0,0.0,0.0,0.0,0.0,0.0,5.713030848503516,114192.0,5.712015652741555,114192.0,5.705685737467887,228384.0,5.706563026199559,114192.0,65.90336297025434,846829079.0,65.8381113796772,845205905.0,65.16317494212225,1637476729.0,64.77864372982309,792270824.0,11.034700671626402,0.0,11.034700671626402,0.0,10.579110013922092,0.0,10.579650486489173,0.0,846943.271,0.0035012216309848665,0.012599220365315623,845320.097,0.003493879666710338,0.012599469936035675,1637705.113,0.003460950077318006,0.012611694704182792,792385.016,0.0034566198602601194,0.012475219215095314,14228,0.003353177253369255,0.0008017653819066828,0.0018905648183242807,0.0019165085261064752,0.006887826820354231,0.036698364846000864,0.01455665898062597,0.06382404577490586,-0.9336656527967149,0.05130728141692437,0.036698364846000864,0.019191969055618263,0.06382404577490586,0.06441783867717865,0.05130728141692437,0.9952962185830011,0.4838386408579284,0.4838386408579284
crmarenapro,query7,2,1/16,81.33046727063208,38.20540564041585,841855162.0,833719434.0,0.0,0.0,14181.0,81.2892592224528,38.10083383042365,840837434.0,832698890.0,85.0,0.0,14181.0,80.25579148961779,36.749704506248236,798187588.0,1622859770.0,732.0,0.0,14181.0,79.87870532604062,36.749704506248236,798187588.0,790160880.0,732.0,0.0,14181.0,0.0,0.0,0.0,0.0,0.0,0.0,0.0,0.0,5.813267652572473,57096.0,5.812341530762678,57096.0,5.806089607249714,114192.0,5.807005878535296,57096.0,64.62286240518266,833662338.0,64.58258047881317,832641794.0,64.07919172597478,1622745578.0,63.70054826550921,790103784.0,10.894337212876936,0.0,10.894337212876936,0.0,10.370510156393287,0.0,10.371151181996105,0.0,833719.434,0.003488106167672151,0.012390364407172373,832698.89,0.003481790457310941,0.012390600068560118,1622580.582,0.0034464821239887627,0.012437425533666096,789881.692,0.003443485832324672,0.012298586880776737,14181,0.002737094613689206,0.000506674184499234,0.0012089110406856562,0.001224085655654794,0.005993935547563642,0.03810196776520258,0.013213692446131464,0.051870649455018736,-0.9465298562297877,0.051618362597842186,0.03810196776520258,0.017850161118104002,0.051870649455018736,0.052246058114557514,0.051618362597842186,0.9953014460816082,0.4868941202479867,0.48680583310468833
crmarenapro,query7,2,1/4,82.80495920090652,39.12649740278721,837402214.0,829091504.0,0.0,0.0,14460.0,82.78097356080274,39.04164945427328,836775445.0,828464633.0,75.0,0.0,14460.0,81.72290013116739,37.632828023284674,793314277.0,1613609303.0,771.0,0.0,14460.0,81.34838868265135,37.632828023284674,793314277.0,785144670.0,771.0,0.0,14460.0,0.0,0.0,0.0,0.0,0.0,0.0,0.0,0.0,5.918539585585136,199836.0,5.918311072349125,199836.0,5.91080655595332,399672.0,5.911870468878734,199836.0,65.9611282934389,828891668.0,65.93737116657111,828264797.0,65.41054280877376,1613209631.0,65.03433899085893,784944834.0,10.925291321882481,0.0,10.925291321882481,0.0,10.40155076644032,0.0,10.40217922291367,0.0,829091.504,0.0034564384299162264,0.01238321951393219,828464.633,0.0034547643938819305,0.012383344754622199,1613609.303,0.0034210136551121022,0.01246454808230869,785144.67,0.0034182505734524434,0.012325577110060791,14460,0.002168554666175715,0.00028966429469023947,0.0007484682862326508,0.000756093865364238,0.005186721991701245,0.038175392091093,0.01306756358775285,0.052648460038583034,-0.9462378943880723,0.053319502074688795,0.038175392091093,0.01759037782654005,0.052648460038583034,0.0530060117465635,0.053319502074688795,0.9954173010512972,0.4865766877646714,0.4865766877646714
crmarenapro,query7,2,inf,83.42563697179013,39.45216551423073,862477032.0,854358824.0,0.0,0.0,14415.0,83.35579234061355,39.321662596426904,860793511.0,852672139.0,95.0,0.0,14415.0,82.34935163187237,38.00591378286481,818149999.0,1662774840.0,720.0,0.0,14415.0,81.96274903741211,38.00591378286481,818149999.0,810102701.0,720.0,0.0,14415.0,0.0,0.0,0.0,0.0,0.0,0.0,0.0,0.0,5.516328390942436,57096.0,5.515494257262605,57096.0,5.510102818062016,114192.0,5.511195057160137,57096.0,66.94114764112143,854301728.0,66.87213714362468,852615043.0,66.36466543071752,1662660648.0,65.9763798480742,810045605.0,10.968160939726243,0.0,10.968160939726243,0.0,10.474583383092812,0.0,10.475174132177761,0.0,854358.824,0.0034677853801119564,0.012473129801155947,852672.139,0.0034570075506607676,0.012473471835866421,1662774.84,0.0034297454764366294,0.012494622341154008,810102.701,0.003426384462628395,0.01235733960259425,14415,0.0033078771748726865,0.0008372082457122065,0.001951960385653484,0.0019742114818960266,0.0065903572667360385,0.036658361144820906,0.012901134219469035,0.05139503007658064,-0.9462253953381068,0.04994797086368366,0.036658361144820906,0.017535232423489755,0.05139503007658064,0.051800393179997184,0.04994797086368366,0.9953053352965243,0.48719927768452403,0.487199277684524
crmarenapro,query7,4,1,164.80123832279068,77.83247606921941,1688646576.0,1672264312.0,0.0,0.0,28585.0,164.69678320014145,77.60301466658711,1686153640.0,1669766040.0,178.0,0.0,28585.0,157.96670938406217,70.5525506939739,1473118419.0,3127281099.0,3233.0,0.0,28585.0,157.2326504744818,70.5525506939739,1473118419.0,1457515059.0,3233.0,0.0,28585.0,0.0,0.0,0.0,0.0,0.0,0.0,0.0,0.0,11.563122674462152,214110.0,11.561677091982904,214110.0,11.527340162828136,428220.0,11.532620699898354,214110.0,130.81490709067594,1672050202.0,130.71189755050594,1669551930.0,127.17820227405292,3126852879.0,126.43506695030331,1457300949.0,22.42320855765259,0.0,22.42320855765259,0.0,19.261166947181096,0.0,19.264962824280133,0.0,1672264.312,0.0033919226134027777,0.01324317207767809,1669766.04,0.0033902373136196697,0.013243190830243638,3127281.099,0.003324706444081875,0.013261724222194937,1457515.059,0.003315543943993983,0.013098570942947864,28585,0.0029481447105476066,0.0006338248651058809,0.0014762923369703307,0.0014939456532514495,0.006227042154976386,0.09353326198656708,0.041471344561998635,0.12763366832539624,-0.8700878064304467,0.1131012768934756,0.09353326198656708,0.045925552048853735,0.12763366832539624,0.12841824791630185,0.1131012768934756,0.9953530784274573,0.4660646142318529,0.46606461423185286
crmarenapro,query7,4,1/16,163.4884302386333,77.2027008952573,1671512376.0,1655144015.0,0.0,0.0,28425.0,163.3914720706626,76.99204027093947,1669203400.0,1652830459.0,163.0,0.0,28425.0,156.80817703595858,70.39240107033402,1437096952.0,3074079829.0,3179.0,0.0,28425.0,156.08146257179504,70.39240107033402,1437096952.0,1421249370.0,3179.0,0.0,28425.0,0.0,0.0,0.0,0.0,0.0,0.0,0.0,0.0,11.628836020718165,271206.0,11.627366712661978,271206.0,11.596148234714207,542412.0,11.601301805324246,271206.0,128.85700652553945,1654872809.0,128.76151766562492,1652559253.0,124.84365199724729,3073537417.0,124.10861654184804,1420978164.0,23.00258769237568,0.0,23.00258769237568,0.0,20.36837680399706,0.0,20.371544224622745,0.0,1655144.015,0.0033832660329360005,0.013156773621478997,1652830.459,0.003381347237213611,0.01315668114459972,3060651.857,0.0033190072107767673,0.0131832570511431,1410316.947,0.0033087487985895485,0.013023940917566305,28425,0.00272866909933156,0.0005930582844865251,0.0013813693713267128,0.0013977973995211723,0.00573438874230431,0.08821323277488657,0.04086070918244178,0.1402415126359794,-0.8572884299738714,0.11183817062445031,0.08821323277488657,0.04530576051177926,0.1402415126359794,0.14131377262660738,0.11183817062445031,0.9953655831098853,0.462333266882771,0.46078973136865337
crmarenapro,query7,4,1/4,164.20645486535653,77.11446783598512,1676251600.0,1660066689.0,0.0,0.0,28761.0,164.14292309452773,76.9066500486806,1674882231.0,1658700954.0,180.0,0.0,28761.0,157.78437637813173,70.36918581649661,1454187978.0,3097173290.0,3188.0,0.0,28761.0,157.05484558616493,70.36918581649661,1454187978.0,1438472336.0,3188.0,0.0,28761.0,0.0,0.0,0.0,0.0,0.0,0.0,0.0,0.0,12.24139966665743,199836.0,12.238517244232327,199836.0,12.199894210050173,399672.0,12.205244196123838,199836.0,129.91904804624477,1659866853.0,129.85839869784107,1658501118.0,126.16975716046844,3096773618.0,125.43168382354335,1438272500.0,22.04600715245434,0.0,22.04600715245434,0.0,19.414725007613114,0.0,19.417917566497735,0.0,1660066.689,0.003384809744806909,0.013259712389420666,1658700.954,0.0033839382979545442,0.013259367634402223,3097173.29,0.003325222050605357,0.013289664207227235,1438472.336,0.003316956667439105,0.013125577462371073,28761,0.0026949260383476448,0.0003869017870271607,0.0008169233067398807,0.0008226988765268617,0.006258475018253886,0.08747103116674637,0.039109780991805065,0.13247630725602288,-0.8656920896748383,0.1108445464344077,0.08747103116674637,0.04355254661003227,0.13247630725602288,0.1334852114486348,0.1108445464344077,0.9953764066588033,0.4644468362956856,0.46444683629568556
crmarenapro,query7,4,inf,167.72736249043595,79.76278356835246,1696141993.0,1679429955.0,0.0,0.0,29012.0,167.59934776334887,79.52053572703153,1693061575.0,1676338265.0,175.0,0.0,29012.0,160.62169674958926,72.34416107367724,1462229746.0,3122607750.0,3394.0,0.0,29012.0,159.88665877216124,72.34416107367724,1462229746.0,1446269485.0,3394.0,0.0,29012.0,0.0,0.0,0.0,0.0,0.0,0.0,0.0,0.0,11.863560601715808,314028.0,11.860586191160742,314028.0,11.824840622663318,628056.0,11.830188058405964,314028.0,132.86289158862166,1679115927.0,132.73785127208964,1676024237.0,128.84423708995962,3121979694.0,128.10020662924353,1445955457.0,23.000910300098457,0.0,23.000910300098457,0.0,19.952619036966304,0.0,19.956264084511737,0.0,1679429.955,0.0033809217841196293,0.01322335661242897,1676338.265,0.003377970768063184,0.01322335661242897,3122607.75,0.0033127557572578447,0.013230210444888538,1446269.485,0.0033031799603723397,0.01307200077986957,29012,0.00303710365264942,0.0007632310267465803,0.0018161321473749714,0.0018409163125829853,0.006031986764097615,0.09300857069911372,0.0423643801186695,0.13790841094988437,-0.8593259818329251,0.11698607472769888,0.09300857069911372,0.046746718018187416,0.13790841094988437,0.13883310185449205,0.11698607472769888,0.9954237939686694,0.463160794051062,0.463160794051062
crmarenapro,query7,8,1,328.8031683117726,155.393892519176,3352226012.0,3320083427.0,0.0,0.0,57029.0,328.5165024649952,154.88197921123356,3345429324.0,3313258147.0,359.0,0.0,57029.0,304.0156864208874,131.56730556860566,2563253288.0,5846313207.0,10260.0,0.0,57029.0,302.60737286790925,131.56730556860566,2563253288.0,2533055060.0,10260.0,0.0,57029.0,0.0,0.0,0.0,0.0,0.0,0.0,0.0,0.0,23.008629210726127,485316.0,23.00416759489353,485316.0,22.885287374362893,970632.0,22.9036274644779,485316.0,260.8208775092857,3319598111.0,260.5386732783409,3312772831.0,246.63364096184677,5845342575.0,245.19433020538034,2532569744.0,44.97366159176073,0.0,44.97366159176073,0.0,34.4967580846778,0.0,34.50941519805108,0.0,3320083.427,0.0033547230970877645,0.013637825331447594,3313258.147,0.0033545574009269533,0.013637822702044567,5846313.207,0.003258425045450805,0.013576571453028695,2533055.06,0.003244256315467071,0.01340346919133509,57029,0.003294294902093875,0.0008718463640398078,0.0020275148440677127,0.0020557555706265385,0.006295042872924301,0.15333026648798365,0.07538699221834022,0.23535785510156704,-0.7608934641388456,0.17990846762173632,0.15333026648798365,0.07967014301706599,0.23535785510156704,0.23705078029052795,0.17990846762173632,0.9953676286590408,0.43327392329358655,0.43327392329358655
crmarenapro,query7,8,1/16,330.54948470391577,156.56814937014133,3352550957.0,3320057808.0,0.0,0.0,57378.0,330.2735672550309,156.06770374439657,3345947919.0,3313432273.0,356.0,0.0,57378.0,307.0990292297681,133.84393921401352,2589451383.0,5872234369.0,10083.0,0.0,57378.0,305.6884480950901,133.84393921401352,2589451383.0,2558802096.0,10083.0,0.0,57378.0,0.0,0.0,0.0,0.0,0.0,0.0,0.0,0.0,23.417317640367223,528138.0,23.413865391940995,528138.0,23.297056946339694,1056276.0,23.315641178105178,528138.0,262.732059054877,3319529670.0,262.4595938544184,3312904135.0,248.9804982252154,5871178093.0,247.5397818287917,2558273958.0,44.4001080086715,0.0,44.4001080086715,0.0,34.8214740582131,0.0,34.83302508819328,0.0,3320057.808,0.003355120314547741,0.013703757248057,3313432.273,0.003354251084307995,0.013703748657304742,5370408.166,0.003260617731208969,0.013649589545646747,2111409.562,0.0032458608877437498,0.01347431109816017,57378,0.0031963437503604863,0.0008347235789279983,0.0019695563422273965,0.001995608324660836,0.006204468611663007,0.14513941850590384,0.07094385730219188,0.22761759143635885,-0.768714494925445,0.17572937362752275,0.14513941850590384,0.07521123994821688,0.22761759143635885,0.2292898967498942,0.17572937362752275,0.9954067548236285,0.43574590781119416,0.39315625493185274
crmarenapro,query7,8,1/4,328.38172485396524,155.024305222556,3362197903.0,3330362892.0,0.0,0.0,57015.0,328.17484985456844,154.5747075639665,3357360131.0,3325511794.0,345.0,0.0,57015.0,303.10335701650155,131.14393047057092,2538443034.0,5833847062.0,10289.0,0.0,57015.0,301.68991522411085,131.14393047057092,2538443034.0,2508335268.0,10289.0,0.0,57015.0,0.0,0.0,0.0,0.0,0.0,0.0,0.0,0.0,22.863972476839937,413946.0,22.85980180844078,413946.0,22.747569076025584,827892.0,22.7655022633898,413946.0,260.8368102191534,3329948946.0,260.6341058881557,3325097848.0,246.07622522513898,5833019170.0,244.63226854678763,2507921322.0,44.68094215797188,0.0,44.68094215797188,0.0,34.279562715337036,0.0,34.292144413933514,0.0,3330362.892,0.003356576005725139,0.01371265796742583,3325511.794,0.0033549728445365122,0.01371265796742583,5833847.062,0.0032565675312813936,0.013630768835166836,2508335.268,0.0032421832179911152,0.013459083944635413,57015,0.002900175285056261,0.0006299832899921975,0.0014388718747588847,0.0014566274479135277,0.006051039200210471,0.15404277876105898,0.0769786072860944,0.2450048726355416,-0.7517151287067607,0.18046128211874068,0.15404277876105898,0.08128287176067583,0.2450048726355416,0.24682824384532565,0.18046128211874068,0.9953367662888876,0.4299624658209801,0.4299624658209801
crmarenapro,query7,8,inf,327.9867133575365,154.99250761419535,3331548961.0,3299070478.0,0.0,0.0,57081.0,327.78339757413016,154.54265958163887,3326929172.0,3294443366.0,350.0,0.0,57081.0,303.4831502124037,131.36812420282513,2541830470.0,5805702502.0,10386.0,0.0,57081.0,302.0852374781086,131.36812420282513,2541830470.0,2511259136.0,10386.0,0.0,57081.0,0.0,0.0,0.0,0.0,0.0,0.0,0.0,0.0,23.257666024660455,442494.0,23.254756962480617,442494.0,23.125568487224136,884988.0,23.145612650756053,442494.0,261.0317143479054,3298627984.0,260.83130762667895,3294000872.0,246.76377461486362,5804817514.0,245.3336256614536,2510816642.0,43.69733298497062,0.0,43.69733298497062,0.0,33.593807110316014,0.0,33.605999165899014,0.0,3299070.478,0.003353767543828064,0.013667239132087625,3294443.366,0.0033540603387020584,0.013667239132087625,5805702.502,0.00325385248256452,0.013602414308685626,2511259.136,0.0032389947721281334,0.013428836375597811,57081,0.0029023856667719228,0.0006198903038632242,0.0013866790054958278,0.0014025502125086797,0.0061316374975911424,0.15242274465405525,0.07470901151541942,0.2370424388909349,-0.7597994770695529,0.18195196299994745,0.15242274465405525,0.07897111323284867,0.2370424388909349,0.23879797271793846,0.18195196299994745,0.9953937715048867,0.4325504338423988,0.4325504338423987
crmarenapro,query7,16,inf,654.7942617133604,308.8332821680233,6701204679.0,6636603230.0,0.0,0.0,113876.0,654.3198905759137,307.9262292403728,6690202618.0,6625568752.0,662.0,0.0,113876.0,581.3106555743967,241.33100010827184,4313497647.0,10879231838.0,29041.0,0.0,113876.0,578.602272238331,241.33100010827184,4313497647.0,4253663086.0,29041.0,0.0,113876.0,0.0,0.0,0.0,0.0,0.0,0.0,0.0,0.0,46.07578870329926,870714.0,46.070436760099554,870714.0,45.744398696647835,1741428.0,45.80061982017396,870714.0,521.4713134612543,6635732516.0,521.0022942670074,6624698038.0,477.47554601974747,10877490410.0,474.67560973722385,4252792372.0,87.24715954880695,0.0,87.24715954880695,0.0,58.09071085800127,0.0,58.12604268093304,0.0,6636603.23,0.0033416900735180315,0.013905652028165705,6625568.752,0.003343111639704203,0.013905652028165705,10879231.838,0.0032181573804514066,0.013714466221588015,4253663.086,0.00320315409424606,0.013545491625631175,113876,0.002937031013247493,0.0007244582996273063,0.001641803455799229,0.001662669534035155,0.005813340826864309,0.21857191551986377,0.11222396168635251,0.356310118310893,-0.6392771212872401,0.25502300748182233,0.21857191551986377,0.11636019728649183,0.356310118310893,0.3590602091787247,0.25502300748182233,0.9953409019599175,0.39098928576394587,0.39098928576394587
crmarenapro,query7,50,inf,2053.641055343692,969.6972427889705,21032730600.0,20831064600.0,0.0,0.0,356600.0,2052.081115242726,966.6884046047926,20995913000.0,20794121400.0,2200.0,0.0,356600.0,1713.0516817932375,660.1946868002415,9918330600.0,30538311400.0,135600.0,0.0,356600.0,1705.1087463420374,660.1946868002415,9918330600.0,9744190000.0,135600.0,0.0,356600.0,0.0,0.0,0.0,0.0,0.0,0.0,0.0,0.0,144.76524539630748,2854800.0,144.7426854904861,2854800.0,143.39371719670254,5709600.0,143.66640354786122,2854800.0,1632.8952001856592,20828209800.0,1631.3578199905141,20791266600.0,1421.9724986655822,30532601800.0,1413.6010196578327,9741335200.0,275.9806097617324,0.0,275.9806097617324,0.0,147.68546593095377,0.0,147.8413231363447,0.0,20831064.6,0.003339726471139067,0.014216268158314695,20794121.4,0.0033495156958531077,0.014216268158314695,30538311.4,0.0031817718207426695,0.013663179040799805,9744190.0,0.003143412546387948,0.013543289064226617,356600,0.0031028635035860175,0.0007595972513829707,0.0017504907327630104,0.001773466729108053,0.0061693774537296695,0.3191744209755212,0.16584659362171472,0.5284335263629536,-0.4659985932740087,0.38025799214806505,0.3191744209755212,0.16971432670512387,0.5284335263629536,0.5322279399968832,0.38025799214806505,0.9953632832356316,0.3190808382417634,0.3190808382417634
crmarenapro,query8,1,inf,13.319694141358442,3.3724929271265864,18221925.0,13626996.0,0.0,0.0,3704.0,13.3140383102714,3.2956372685730457,18019510.0,13626996.0,87.0,0.0,3704.0,13.320342353098118,3.2956372685730457,18019510.0,27253992.0,87.0,0.0,3704.0,13.3140383102714,3.2956372685730457,18019510.0,13626996.0,87.0,0.0,3704.0,0.0,0.0,0.0,0.0,0.0,0.0,0.0,0.0,0.5690474855144936,626223.0,0.5690474855144936,626223.0,0.5693371852114097,1252446.0,0.5690474855144936,626223.0,12.750646655843948,13000773.0,12.744990824756906,13000773.0,12.751005167886708,26001546.0,12.744990824756906,13000773.0,0.0,0.0,0.0,0.0,0.0,0.0,0.0,0.0,13626.996,0.003425635565800541,0.004389547634806433,13626.996,0.003423468172875389,0.004389434855133507,27253.992,0.0034242878548157393,0.004393353028603421,13626.996,0.003423468172875389,0.004389434855133507,3704,0.022788975459475003,0.0004246216937879854,0.011108321431462342,0.0,0.023488120950323974,0.022788975459475003,-4.8665662499169926e-05,0.011108321431462342,-1.0,0.023488120950323974,0.022788975459475003,0.0004246216937879854,0.011108321431462342,0.0,0.023488120950323974,0.9995267356754346,0.5,0.5
crmarenapro,query8,2,1,26.06756490238453,6.567169562913477,35539941.0,26513508.0,0.0,0.0,7270.0,26.053453133685274,6.444579518400133,35149671.0,26513508.0,139.0,0.0,7270.0,25.972047704708135,6.342105305753648,34394048.0,52399409.0,259.0,0.0,7270.0,25.961290473056927,6.342105305753648,34394048.0,25885901.0,259.0,0.0,7270.0,0.0,0.0,0.0,0.0,0.0,0.0,0.0,0.0,1.2034576784469215,1288968.0,1.2034576784469215,1288968.0,1.1978169958280769,2558043.0,1.1972961156126245,1269075.0,24.864107223937605,25224540.0,24.849995455238354,25224540.0,24.774230708880058,49841366.0,24.763994357444304,24616826.0,0.0,0.0,0.0,0.0,0.0,0.0,0.0,0.0,26513.508,0.0032739809395577247,0.004855325096549414,26513.508,0.003270373869945331,0.004855244623847541,52399.409,0.0032599461854848025,0.0048544885974089015,25885.901,0.003259882847760953,0.004849040277476148,7270,0.018667105111103366,0.0005413535461443741,0.010981166232099215,0.0,0.019119669876203577,0.03427112015362388,0.00366421635599945,0.03224240017731039,-0.9763287830490028,0.03562585969738652,0.03427112015362388,0.004076883656972563,0.03224240017731039,0.023671216950997165,0.03562585969738652,0.9995858150357063,0.49401131604365994,0.49401131604366
crmarenapro,query8,2,1/16,26.054996951968118,6.560468882322311,36245653.0,27232412.0,0.0,0.0,7229.0,26.040045188118018,6.446540425531566,35851170.0,27232412.0,130.0,0.0,7229.0,25.917582902781344,6.3300768453627825,34820466.0,53528287.0,265.0,0.0,7229.0,25.907186902924746,6.327408893965185,34820442.0,26295875.0,268.0,36.0,7229.0,0.0,0.0,0.0,0.0,0.0,0.0,0.0,0.0,1.347168037744194,1756674.0,1.347168037744194,1756674.0,1.345875155552062,3513348.0,1.3457894795665724,1756674.0,24.70782891422392,25475738.0,24.692877150373825,25475738.0,24.571707747229283,50014939.0,24.561397423358173,24539201.0,0.0,0.0,0.0,0.0,0.0,0.0,0.0,0.0,27232.412,0.003302143124660426,0.0048771081180609245,27232.412,0.0032981556479929727,0.004877300717190852,51081.062,0.003269094324930831,0.0048728710408713774,25129.512,0.0032690817512331456,0.004867380670020341,7229,0.017365901558916708,0.0005738539857694791,0.010883594785835449,0.0,0.017983123530225482,0.03511822723225444,0.00527399981815746,0.03932021862042323,-0.9656094730059166,0.036657905657767324,0.035524898073234445,0.005673001970250002,0.03932088076879181,0.034390526994083404,0.03707290081615715,0.9995988823535129,0.49125194310813647,0.4919535932906015
crmarenapro,query8,2,1/4,26.39023210887406,6.691100372932851,35439378.0,25937897.0,0.0,0.0,7389.0,26.378483894173012,6.55674422159791,35064956.0,25937897.0,152.0,0.0,7389.0,26.28294109183446,6.441079406999052,34217948.0,51169530.0,287.0,0.0,7389.0,26.272638682988664,6.441079406999052,34217948.0,25231633.0,287.0,0.0,7389.0,0.0,0.0,0.0,0.0,0.0,0.0,0.0,0.0,1.1822281542354538,1291467.0,1.1822281542354538,1291467.0,1.1722406485985657,2537841.0,1.171718612310049,1246374.0,25.208003954638603,24646430.0,25.196255739937556,24646430.0,25.110700443235892,48631689.0,25.100920070678615,23985259.0,0.0,0.0,0.0,0.0,0.0,0.0,0.0,0.0,25937.897,0.003303766447847658,0.004827668132569589,25937.897,0.003300847856486282,0.004827529876663326,51169.53,0.00328888943942697,0.004824201011264179,25231.633,0.00328874903100765,0.004818917091234732,7389,0.02007982900367855,0.00044517284473211127,0.010565140279832241,0.0,0.020571119231289754,0.03736619569259436,0.004065557915404638,0.03446533401348073,-0.9727709613466351,0.03884152118013263,0.03736619569259436,0.004455945116369486,0.03446533401348073,0.027229038653365012,0.03884152118013263,0.9996080191783028,0.49309878359250126,0.4930987835925013
crmarenapro,query8,2,inf,26.74211117341688,6.734710102900863,36802975.0,27294330.0,0.0,0.0,7432.0,26.728869544315266,6.593409109860659,36412515.0,27294330.0,159.0,0.0,7432.0,26.626072557155375,6.4703065771609545,35506702.0,53843942.0,302.0,0.0,7432.0,26.615243196081238,6.4703065771609545,35506702.0,26549612.0,302.0,0.0,7432.0,0.0,0.0,0.0,0.0,0.0,0.0,0.0,0.0,1.2814409651107275,1665153.0,1.2814409651107275,1665153.0,1.2731995971470584,3305106.0,1.2725423957702982,1639953.0,25.46067020830615,25629177.0,25.447428579204537,25629177.0,25.352872960008316,50538836.0,25.34270080031094,24909659.0,0.0,0.0,0.0,0.0,0.0,0.0,0.0,0.0,27294.33,0.003326234867127561,0.004883027823671647,27294.33,0.003322642263183436,0.004882990165681591,53843.942,0.0032997668431677656,0.0048840360659488215,26549.612,0.003299599764952977,0.004878563953707795,7432,0.020981005994503144,0.0004951601994227506,0.010609468392161259,0.0,0.021393972012917116,0.03925982287285401,0.004339171859282898,0.03522196235494546,-0.9727152855556447,0.040635091496232505,0.03925982287285401,0.004744127212430227,0.03522196235494546,0.027284714444355318,0.040635091496232505,0.9995932798180847,0.49308447735865996,0.49308447735865996
crmarenapro,query8,4,1,53.44323256382511,13.44115954823792,74530802.0,56444675.0,0.0,0.0,14791.0,53.4187278893947,13.176895028911531,73762903.0,56444675.0,300.0,0.0,14791.0,52.81334525920896,12.55566879734397,68859031.0,108667113.0,1022.0,0.0,14791.0,52.796308058481266,12.55566879734397,68859031.0,52222438.0,1022.0,0.0,14791.0,0.0,0.0,0.0,0.0,0.0,0.0,0.0,0.0,2.499734428700726,3032757.0,2.499734428700726,3032757.0,2.439011369798002,5814849.0,2.438123707436081,2782092.0,50.943498135124386,53411918.0,50.918993460693976,53411918.0,50.374333889410956,102852264.0,50.35818435104518,49440346.0,0.0,0.0,0.0,0.0,0.0,0.0,0.0,0.0,56444.675,0.003191062869301015,0.0052134047897830086,56444.675,0.0031871408300890155,0.005213339551340952,108667.113,0.0031611776808051933,0.005202322547784205,52222.438,0.0031617530558098366,0.005195768836083054,14791,0.019660842383277366,0.00045851781890526855,0.01030310931042977,0.0,0.020282604286390372,0.06587904471456363,0.011786100398472388,0.07609969097072111,-0.9251968941268596,0.06909607193563654,0.06587904471456363,0.012104891008814844,0.07609969097072111,0.07480310587314043,0.06909607193563654,0.9996774072794655,0.4805726089364314,0.48057260893643144
crmarenapro,query8,4,1/16,52.71150084536918,13.413801761344075,70433518.0,52003053.0,0.0,0.0,14743.0,52.68965927500618,13.16028933506459,69709680.0,52003053.0,287.0,0.0,14743.0,52.21437183419734,12.613545161671937,65709085.0,100656026.0,926.0,0.0,14743.0,52.205320971300885,12.611542042344809,65737743.0,48678173.0,929.0,38.0,14743.0,0.0,0.0,0.0,0.0,0.0,0.0,0.0,0.0,2.5187388233658345,3002877.0,2.5187388233658345,3002877.0,2.496030307152059,5935461.0,2.500918170583151,2957784.0,50.19276202200334,49000176.0,50.17092045164034,49000176.0,49.718341527045276,94720565.0,49.70440280071773,45720389.0,0.0,0.0,0.0,0.0,0.0,0.0,0.0,0.0,52003.053,0.0031858050220477815,0.005111446420924686,52003.053,0.003183215730152551,0.0051113736277171515,91677.676,0.0031622741115783968,0.0051037061314550495,42113.861,0.0031627279365080644,0.005097510910192981,14743,0.018899371765732975,0.0004143606236345354,0.010276896860384022,0.0,0.019466865631146985,0.05965919385944107,0.009431129890044021,0.06707648764612328,-0.9355791668616071,0.06280946890049514,0.059808526566362485,0.009602835547278143,0.0666696075013603,0.0639362462046219,0.06301295530082072,0.9998266595464331,0.48360912837945735,0.45936876715766656
crmarenapro,query8,4,1/4,52.757018842880214,13.24719581194222,73363328.0,54939799.0,0.0,0.0,14636.0,52.732851907582145,12.953730714507401,72564069.0,54939799.0,331.0,0.0,14636.0,52.16124426739914,12.331172212027013,67875026.0,105967904.0,1057.0,0.0,14636.0,52.14495352030369,12.331172212027013,67875026.0,51028105.0,1057.0,0.0,14636.0,0.0,0.0,0.0,0.0,0.0,0.0,0.0,0.0,2.5446891917214023,3496629.0,2.5446891917214023,3496629.0,2.4821244258515502,6717393.0,2.481072446200167,3220764.0,50.21232965115881,51443170.0,50.18816271586074,51443170.0,49.67911984154759,99250511.0,49.663881074103514,47807341.0,0.0,0.0,0.0,0.0,0.0,0.0,0.0,0.0,54939.799,0.003197660696024024,0.0051897440473380905,54939.799,0.0031942510491370503,0.005189856193489072,105967.904,0.0031650784457852746,0.005185825325961977,51028.105,0.003165683040662987,0.005179351524720828,14636,0.022152997630658033,0.00045808000201907895,0.010894530302660188,0.0,0.022615468707297075,0.06914849096511577,0.011292802143642588,0.07480988321576687,-0.9288003583704412,0.07221918556982782,0.06914849096511577,0.011601590385525107,0.07480988321576687,0.07119964162955894,0.07221918556982782,0.9996876848448641,0.48154302457468634,0.48154302457468634
crmarenapro,query8,4,inf,52.65334522617578,13.253628924489021,73635364.0,55950616.0,0.0,0.0,14553.0,52.63084862231233,12.978718739002943,72866585.0,55950616.0,311.0,0.0,14553.0,52.112163042896604,12.392153030261397,68476103.0,108188167.0,998.0,0.0,14553.0,52.094914481381906,12.392153030261397,68476103.0,52237551.0,998.0,0.0,14553.0,0.0,0.0,0.0,0.0,0.0,0.0,0.0,0.0,2.4568732748970445,2909565.0,2.4568732748970445,2909565.0,2.4309169556072217,5759451.0,2.4300485762342294,2849886.0,50.19647195127873,53041051.0,50.17397534741528,53041051.0,49.68124608728938,102428716.0,49.66486590514767,49387665.0,0.0,0.0,0.0,0.0,0.0,0.0,0.0,0.0,55950.616,0.003197767968086475,0.005255803702894546,55950.616,0.003194683228247235,0.005255925523308202,108188.167,0.0031683033247204024,0.005243457301351168,52237.551,0.0031687781504153405,0.005236766207535451,14553,0.02074225761505366,0.00042725877656613065,0.010440350372953988,0.0,0.021370164227307083,0.06499924655622857,0.010278210832654455,0.07006498942546135,-0.9336367449466507,0.06857692571978287,0.06499924655622857,0.010605798024704738,0.07006498942546135,0.06636325505334917,0.06857692571978287,0.9996690108314924,0.4828397822841383,0.4828397822841383
crmarenapro,query8,8,1,105.1858230718093,26.48189883120358,144801630.0,108112735.0,0.0,0.0,29237.0,105.13382735481386,25.92172772437334,143234500.0,108112735.0,631.0,0.0,29237.0,103.1634786557495,23.666072316467762,126986881.0,202930256.0,3271.0,0.0,29237.0,103.14664666340492,23.666072316467762,126986881.0,94817521.0,3271.0,0.0,29237.0,0.0,0.0,0.0,0.0,0.0,0.0,0.0,0.0,4.871532872294423,6180558.0,4.871532872294423,6180558.0,4.652710377369329,11479149.0,4.65215131372541,5298591.0,100.31429019951487,101932177.0,100.26229448251944,101932177.0,98.51076827838017,191451107.0,98.49449534967951,89518930.0,0.0,0.0,0.0,0.0,0.0,0.0,0.0,0.0,108112.735,0.0031754840289074417,0.00540756608311268,108112.735,0.0031715737990000406,0.005407569430821409,202930.256,0.0031375104534205685,0.005400562714567149,94817.521,0.003138512709624317,0.00539335027416872,29237,0.02115298115141917,0.000494322480701026,0.010822599165492774,0.0,0.021582241680062935,0.10633023457585056,0.019226397217799618,0.1230286496084333,-0.8770245336962386,0.11187878373294113,0.10633023457585056,0.01938641870979374,0.1230286496084333,0.12297546630376155,0.11187878373294113,0.99983684155901,0.46724191290627454,0.46724191290627454
crmarenapro,query8,8,1/16,105.34670921132607,26.538115862756968,145472986.0,109848489.0,0.0,0.0,29223.0,105.30201898728288,26.085811911150813,144149390.0,109848489.0,511.0,0.0,29223.0,103.84076660289251,24.258660044521093,131660080.0,209997596.0,2648.0,0.0,29223.0,103.84946356211937,24.262743642553687,131801793.0,100262514.0,2644.0,84.0,29223.0,0.0,0.0,0.0,0.0,0.0,0.0,0.0,0.0,5.263118341912721,6654930.0,5.263118341912721,6654930.0,5.113051871357317,12687837.0,5.1551468283712225,6234507.0,100.08359086941334,103193559.0,100.03890064537016,103193559.0,98.72771473153519,197309759.0,98.69431673374814,94028007.0,0.0,0.0,0.0,0.0,0.0,0.0,0.0,0.0,109848.489,0.00317173657173472,0.0054455009435135345,109848.489,0.0031681197262330733,0.0054455009435135345,167348.76,0.003141314933875838,0.005436584802009764,64634.817,0.0031421268484151227,0.005427303414049645,29223,0.017043559307121314,0.0004242204087604451,0.009098568994795997,0.0,0.017486226602333777,0.08589365688295958,0.01429510821655211,0.09495169089331812,-0.911702180992221,0.09061355781405057,0.08573978017016992,0.014212552631361453,0.09397753752026505,0.08726542428817574,0.09047667932792663,1.000083752841118,0.47744600847716373,0.38622823975510784
crmarenapro,query8,8,1/4,104.69153791946192,26.443925079889596,142740934.0,106996893.0,0.0,0.0,29148.0,104.64532089509173,25.9646027777344,141350547.0,106996893.0,542.0,0.0,29148.0,102.60247143375551,23.694729973562062,124495668.0,200030725.0,3194.0,0.0,29148.0,102.58630647539842,23.694729973562062,124495668.0,93033832.0,3194.0,0.0,29148.0,0.0,0.0,0.0,0.0,0.0,0.0,0.0,0.0,4.7570185444136985,5433015.0,4.7570185444136985,5433015.0,4.615578044238698,10405821.0,4.61477405557016,4972806.0,99.93451937504823,101563878.0,99.88830235067802,101563878.0,97.98689338951681,189624904.0,97.97153241982826,88061026.0,0.0,0.0,0.0,0.0,0.0,0.0,0.0,0.0,106996.893,0.003170963011013293,0.005424859790347464,106996.893,0.0031679514729314605,0.0054248617033238805,200030.725,0.0031315809419169647,0.005408101729876738,93033.832,0.003132575909518277,0.005400894434969111,29148,0.018125989266234876,0.0004414590260938267,0.009740632634504087,0.0,0.01859475778784136,0.1039632013032088,0.019954492284882774,0.12782083939565647,-0.8695003134343349,0.10957870179772197,0.1039632013032088,0.02010889787179393,0.12782083939565647,0.13049968656566502,0.10957870179772197,0.9998424505946961,0.46509770936439887,0.46509770936439887
crmarenapro,query8,8,inf,104.24198570306022,26.414472229778767,142657883.0,106251621.0,0.0,0.0,28971.0,104.19926022279442,25.950734012760222,141350175.0,106251621.0,523.0,0.0,28971.0,102.35418822754589,23.718669616617262,125765591.0,200163207.0,3137.0,0.0,28971.0,102.33789041573237,23.718669616617262,125765591.0,93911586.0,3137.0,0.0,28971.0,0.0,0.0,0.0,0.0,0.0,0.0,0.0,0.0,4.5975763946946575,5181732.0,4.5975763946946575,5181732.0,4.435882911075172,9871413.0,4.4355471051336846,4689681.0,99.64440930836557,101069889.0,99.60168382809975,101069889.0,97.91830531647071,190291794.0,97.9023433105987,89221905.0,0.0,0.0,0.0,0.0,0.0,0.0,0.0,0.0,106251.621,0.0031744023019279776,0.005473477112485043,106251.621,0.0031712373232300815,0.005473490414854507,200163.207,0.0031393481532382157,0.005458231102077779,93911.586,0.0031404076364411415,0.0054508792050111995,28971,0.017556217401752283,0.00040986825008793026,0.009166741945834112,0.0,0.018052535293914606,0.10205778823482792,0.01810976127116226,0.11841120620022094,-0.8838602660000829,0.10828069448759103,0.10205778823482792,0.01826610721664279,0.11841120620022094,0.11613973399991706,0.10828069448759103,0.9998407704452964,0.46917506672442555,0.46917506672442555
crmarenapro,query8,16,inf,209.9834726251179,53.06064988672733,287124754.0,214905362.0,0.0,0.0,58444.0,209.8913252929103,51.99938585329801,284237695.0,214905362.0,1194.0,0.0,58444.0,203.42938944382303,44.86318030860275,230992514.0,386400027.0,9554.0,0.0,58444.0,203.4350490786929,44.86318030860275,230992514.0,171494665.0,9554.0,0.0,58444.0,0.0,0.0,0.0,0.0,0.0,0.0,0.0,0.0,9.882274416913084,11828457.0,9.882274416913084,11828457.0,9.144252390860975,20740455.0,9.146497823336176,8911998.0,200.10119820820483,203076905.0,200.0090508759972,203076905.0,194.28513705296206,365659572.0,194.28855125535677,162582667.0,0.0,0.0,0.0,0.0,0.0,0.0,0.0,0.0,214905.362,0.0031650536868553097,0.005540090863063879,214905.362,0.0031620646918024357,0.005540090863063879,386400.027,0.0031239010044570065,0.005496815006713055,171494.665,0.003125736379819366,0.005489267651207693,58444,0.0200009618369712,0.00043883135684741337,0.010055068257890487,0.0,0.02042981315447266,0.15449244582613209,0.031212376380668094,0.1954977382409877,-0.798000866074249,0.16347272602833482,0.15449244582613209,0.031185423617199892,0.1954977382409877,0.20199913392575097,0.16347272602833482,1.000027821126954,0.443826741761589,0.443826741761589
crmarenapro,query8,50,inf,654.1653084986566,165.4869234189391,890887000.0,662522600.0,0.0,0.0,182200.0,653.8779753400357,162.2965443879366,881927400.0,662522600.0,3600.0,0.0,182200.0,623.8319638770721,127.6705602183938,628649000.0,1123464200.0,44400.0,0.0,182200.0,624.0382919494019,127.6705602183938,628649000.0,460941600.0,44400.0,0.0,182200.0,0.0,0.0,0.0,0.0,0.0,0.0,0.0,0.0,29.97032816069462,34825800.0,29.97032816069462,34825800.0,25.89795171531079,51614400.0,25.92457584340364,16788600.0,624.1949803379626,627696800.0,623.9076471793419,627696800.0,597.9340121617612,1071849800.0,598.1137161059983,444153000.0,0.0,0.0,0.0,0.0,0.0,0.0,0.0,0.0,662522.6,0.003149539691192978,0.005673766949010963,662522.6,0.003144987200183743,0.005673766949010963,1123464.2,0.0031032652925411146,0.005532443492104616,460941.6,0.003105779118434517,0.005523927577568168,182200,0.019278737951553437,0.0004392363136472843,0.010056943248694883,0.0,0.019758507135016465,0.22851571845837715,0.04636954027904827,0.29435607433939437,-0.6957371718338363,0.24368825466520308,0.22851571845837715,0.04605413365376676,0.29435607433939437,0.3042628281661637,0.24368825466520308,1.000330743027413,0.4102859708391242,0.4102859708391242
crmarenapro,query9,1,inf,9.298155168178923,2.1501783253625035,16329870.0,4741221.0,0.0,0.0,2644.0,9.247652028693382,2.065846223384142,15622884.0,4444208.0,107.0,0.0,2644.0,9.249707982739515,2.065846223384142,15622884.0,8888416.0,107.0,0.0,2644.0,9.247652028693382,2.065846223384142,15622884.0,4444208.0,107.0,0.0,2644.0,0.0,0.0,0.0,0.0,0.0,0.0,0.0,0.0,3.8257924648024098,12353.0,3.8122804379410926,12353.0,3.812286152615188,24706.0,3.8122804379410926,12353.0,5.472362703376513,4728868.0,5.43537159075229,4431855.0,5.437421830124328,8863710.0,5.43537159075229,4431855.0,0.0,0.0,0.0,0.0,0.0,0.0,0.0,0.0,4741.221,0.003535794318916225,0.0038166000674310563,4444.208,0.003523891337833098,0.0038122625186704433,8888.416,0.00352458636049356,0.0038138569090189972,4444.208,0.003523891337833098,0.0038122625186704433,2644,0.039220980410610284,0.0054315225517398424,0.04329403724585679,0.0626448334722216,0.04046898638426626,0.039220980410610284,0.005210408361995045,0.04329403724585679,-0.8747103330555568,0.04046898638426626,0.039220980410610284,0.0054315225517398424,0.04329403724585679,0.0626448334722216,0.04046898638426626,0.9997777276807042,0.5,0.5
crmarenapro,query9,2,1,18.92863331993967,4.39549408107996,32653456.0,9162855.0,0.0,0.0,5406.0,18.801206498517416,4.194549000822008,30928038.0,8459099.0,254.0,0.0,5406.0,18.55132296356696,3.7735422551631927,27894460.0,16717884.0,785.0,0.0,5406.0,18.554083871392855,3.7735422551631927,27894460.0,8258785.0,785.0,0.0,5406.0,0.0,0.0,0.0,0.0,0.0,0.0,0.0,0.0,7.8076050548695,172942.0,7.769215662510597,172942.0,7.55119077404784,345884.0,7.557244503790406,172942.0,11.121028265070171,8989913.0,11.03199083600682,8286157.0,11.000132189519121,16372000.0,10.996839367602451,8085843.0,0.0,0.0,0.0,0.0,0.0,0.0,0.0,0.0,9162.855,0.003469899215998077,0.004003351633327031,8459.099,0.0034553060243402507,0.003996658182639578,16717.884,0.003369474992576913,0.003986137272170718,8258.785,0.0033705632542066245,0.003983808239767973,5406,0.045716153076602595,0.006731961006821385,0.05284028741092517,0.07680531886622677,0.04698483166851646,0.1414975914980542,0.019933312141201753,0.14574249047329013,-0.824527835483591,0.14520902700702923,0.1414975914980542,0.019787453336753025,0.14574249047329013,0.09866684565018213,0.14520902700702923,1.0001488253873494,0.4940089906114913,0.4940089906114913
crmarenapro,query9,2,1/16,18.880314846019864,4.359707516618073,33020370.0,10005907.0,0.0,0.0,5381.0,18.75315711668876,4.168848410248756,31348583.0,9224627.0,242.0,0.0,5381.0,18.516489834564133,3.748974290676415,28369722.0,18318334.0,773.0,0.0,5381.0,18.518896598212027,3.748974290676415,28369722.0,9093707.0,773.0,0.0,5381.0,0.0,0.0,0.0,0.0,0.0,0.0,0.0,0.0,7.721582018227429,74118.0,7.686291746558505,74118.0,7.47404387082386,148236.0,7.4800176266645195,74118.0,11.158732827792434,9931789.0,11.066865370130257,9150509.0,11.042445963740272,18170098.0,11.038878971547508,9019589.0,0.0,0.0,0.0,0.0,0.0,0.0,0.0,0.0,10005.907,0.003464542663453096,0.004042641253007525,9224.627,0.0034483991411144448,0.004033188106615046,18290.484,0.0033712236624495527,0.0040235688958717535,9065.857,0.0033724317091407487,0.004021041314012553,5381,0.043777961168681934,0.006734936910117728,0.05062896024484276,0.07808187703523528,0.04497305333581119,0.14008582539395165,0.01927007120500579,0.1408417894772227,-0.8307519748084806,0.14365359598587624,0.14008582539395165,0.019142596442666138,0.1408417894772227,0.0911661481562841,0.14365359598587624,1.0001299794760992,0.4964265309279763,0.49565976493569003
crmarenapro,query9,2,1/4,18.369066659274807,4.243805509991944,32260804.0,9450918.0,0.0,0.0,5222.0,18.27860980837038,4.057859776541591,30793351.0,9009904.0,238.0,0.0,5222.0,18.056696299272105,3.6528966333717108,28002820.0,17986072.0,751.0,0.0,5222.0,18.0589761525138,3.6528966333717108,28002820.0,8976168.0,751.0,0.0,5222.0,0.0,0.0,0.0,0.0,0.0,0.0,0.0,0.0,7.642687363594863,222354.0,7.611770703678485,222354.0,7.396179746721721,444708.0,7.402135202991104,222354.0,10.726379295679944,9228564.0,10.666839104691894,8787550.0,10.660516552550384,17541364.0,10.656840949522698,8753814.0,0.0,0.0,0.0,0.0,0.0,0.0,0.0,0.0,9450.918,0.0034759191165510054,0.004067595425138199,9009.904,0.0034635611039258276,0.004062053234299594,17986.072,0.0033946717478028536,0.004055691571474685,8976.168,0.003395671340948844,0.004053080485663283,5222,0.04381579999661811,0.004924411924802641,0.0454871800467217,0.04666361511125161,0.045576407506702415,0.13924032928204455,0.01700523852391722,0.1319862951958668,-0.9031031694487244,0.14381463040980466,0.13924032928204455,0.016881124801430114,0.1319862951958668,0.050233215440023904,0.14381463040980466,1.00012626081781,0.49906216321162283,0.49906216321162283
crmarenapro,query9,2,inf,18.86063532930661,4.368702365085483,32785423.0,9620816.0,0.0,0.0,5377.0,18.743930443172673,4.16021085344255,31088582.0,8987819.0,265.0,0.0,5377.0,18.51185807006181,3.7512499736621976,28191325.0,17864526.0,783.0,0.0,5377.0,18.514210985787027,3.7512499736621976,28191325.0,8876707.0,783.0,0.0,5377.0,0.0,0.0,0.0,0.0,0.0,0.0,0.0,0.0,7.770235171044799,160589.0,7.73323172857155,160589.0,7.518000150508828,321178.0,7.5239590418897535,160589.0,11.09040015826181,9460227.0,11.010698714601123,8827230.0,10.99385791955298,17543348.0,10.990251943897274,8716118.0,0.0,0.0,0.0,0.0,0.0,0.0,0.0,0.0,9620.816,0.0034617257912475104,0.004047074148088643,8987.819,0.003447487095383503,0.004038044330321202,17864.526,0.0033739784851825683,0.0040296255221275185,8876.707,0.0033749962881597737,0.00402709191790677,5377,0.047723899277091975,0.00618774946316869,0.051755958738125774,0.06579452304253608,0.04928398735354287,0.14133542178518343,0.018492338839872113,0.14012623842004412,-0.8568618295994852,0.14562023433141158,0.14133542178518343,0.01836758611101985,0.14012623842004412,0.07734364735797883,0.14562023433141158,1.0001271031636216,0.49689014978623,0.49689014978623
crmarenapro,query9,4,1,37.056237440646534,8.600723036564887,64005567.0,18196123.0,0.0,0.0,10585.0,36.855895221705644,8.239627856761217,61033614.0,17102546.0,460.0,0.0,10585.0,35.97389892826861,6.6808574153110385,49958138.0,33661538.0,2431.0,0.0,10585.0,35.9907608005902,6.6808574153110385,49958138.0,16558992.0,2431.0,0.0,10585.0,0.0,0.0,0.0,0.0,0.0,0.0,0.0,0.0,15.29500751987838,185295.0,15.234307036013272,185295.0,14.45571795434419,370590.0,14.47748995037589,185295.0,21.761229920768148,18010828.0,21.621588185692367,16917251.0,21.518180973924423,33290948.0,21.51327085021431,16373697.0,0.0,0.0,0.0,0.0,0.0,0.0,0.0,0.0,18196.123,0.0034509988276119766,0.004197741284297728,17102.546,0.003437574356280989,0.00419004127749423,33661.538,0.0032782909315738087,0.004172024729301916,16558.992,0.0032811250920794996,0.00416873033175426,10585,0.04198428181776337,0.005406437155466182,0.04643272670328813,0.06009945085554769,0.04345772319319792,0.22322142139582712,0.029207998089701315,0.219471987491338,-0.8499291305076362,0.22966461974492206,0.22322142139582712,0.028752963431943668,0.219471987491338,0.08997141863681624,0.22966461974492206,1.0004687251819775,0.49192618590392395,0.4919261859039239
crmarenapro,query9,4,1/16,36.82732079865556,8.537186823785305,64285867.0,18259664.0,0.0,0.0,10504.0,36.61817128997154,8.183445058763027,61303036.0,17081420.0,449.0,0.0,10504.0,35.70747278052856,6.560618587769568,49713779.0,33617274.0,2500.0,0.0,10504.0,35.725349956396606,6.560618587769568,49713779.0,16535854.0,2500.0,0.0,10504.0,0.0,0.0,0.0,0.0,0.0,0.0,0.0,0.0,15.249435676351375,111177.0,15.189741947134326,111177.0,14.400074800584058,222354.0,14.42234614245061,111177.0,21.577885122304185,18148487.0,21.42842934283721,16970243.0,21.307397979944504,33394920.0,21.303003813946,16424677.0,0.0,0.0,0.0,0.0,0.0,0.0,0.0,0.0,18259.664,0.003452338428499126,0.00417820356286312,17081.42,0.00343703412902007,0.004170416816633144,32077.211,0.0032756314127645007,0.0041501909325743136,15273.446,0.0032785985433861206,0.004146965195976567,10504,0.04143540165206694,0.005679194254382347,0.0463994831087835,0.06452714573499274,0.04274562071591775,0.23152453809595164,0.030408077314380222,0.2266763859620965,-0.8410675026659855,0.238004569687738,0.23152453809595164,0.029922644883229932,0.2266763859620965,0.09440535159902175,0.238004569687738,1.0005006564306,0.49188562998891583,0.4761463208257102
crmarenapro,query9,4,1/4,37.46818471450882,8.663583090528846,66030916.0,19405826.0,0.0,0.0,10678.0,37.2483807908117,8.288793710060418,62815922.0,18132237.0,477.0,0.0,10678.0,36.36274020886603,6.7312317211180925,51645355.0,35671424.0,2445.0,0.0,10678.0,36.37908802404743,6.7312317211180925,51645355.0,17539187.0,2445.0,0.0,10678.0,0.0,0.0,0.0,0.0,0.0,0.0,0.0,0.0,15.329049836300078,234707.0,15.270966138568829,234707.0,14.508317289023353,469414.0,14.5298653202872,234707.0,22.13913487820874,19171119.0,21.97741465224287,17897530.0,21.854422919842676,35202010.0,21.849222703760223,17304480.0,0.0,0.0,0.0,0.0,0.0,0.0,0.0,0.0,19405.826,0.0034480047191325063,0.004211710865918496,18132.237,0.0034310048273959244,0.004201358250185796,35671.424,0.003278377335001413,0.004180905789322253,17539.187,0.0032811392216097798,0.004177546862542578,10678,0.043260320418482934,0.0058664150764690115,0.04868922309058987,0.06562920846554021,0.04467128675781982,0.22304297762472292,0.02950355118791581,0.21786099408343818,-0.838181173014743,0.22897546356995693,0.22304297762472292,0.029067239279400248,0.21786099408343818,0.09618961851971675,0.22897546356995693,1.0004495759969545,0.4916873237244468,0.49168732372444685
crmarenapro,query9,4,inf,37.26009542936086,8.638551549986005,64703068.0,18554595.0,0.0,0.0,10635.0,37.04192872897475,8.266282371245325,61605887.0,17306515.0,473.0,0.0,10635.0,36.159318597783674,6.676903855055571,50368938.0,34170594.0,2484.0,0.0,10635.0,36.17658887631361,6.676903855055571,50368938.0,16864079.0,2484.0,0.0,10635.0,0.0,0.0,0.0,0.0,0.0,0.0,0.0,0.0,15.501217429917126,333531.0,15.435765795884738,333531.0,14.651557629628218,667062.0,14.673487293901182,333531.0,21.758877999443733,18221064.0,21.606162933090012,16972984.0,21.50776096815546,33503532.0,21.503101582412427,16530548.0,0.0,0.0,0.0,0.0,0.0,0.0,0.0,0.0,18554.595,0.003440501355363005,0.004206492071954482,17306.515,0.0034228833025580947,0.004198189698003182,34170.594,0.0032765850858025723,0.004177246649686358,16864.079,0.003279314698021077,0.004173915687302894,10635,0.04309393497122593,0.005855237295344984,0.04786760652524236,0.06726527849300945,0.044475787494123176,0.22708062614196156,0.029543049176137592,0.22153709929179866,-0.8416243523504554,0.23356840620592384,0.22708062614196156,0.029079543156334764,0.22153709929179866,0.09111036915653503,0.23356840620592384,1.0004776162604734,0.4935260709837236,0.4935260709837237
crmarenapro,query9,8,1,74.34888516027941,17.197890349663794,130457495.0,38139984.0,0.0,0.0,21174.0,73.89194001526295,16.443383676931262,124069133.0,35549225.0,956.0,0.0,21174.0,71.30825283774256,11.892013376578689,91155180.0,68834786.0,6694.0,0.0,21174.0,71.36392892379995,11.892013376578689,91155180.0,33285561.0,6694.0,0.0,21174.0,0.0,0.0,0.0,0.0,0.0,0.0,0.0,0.0,30.640105929362573,284119.0,30.510145822446496,284119.0,28.41284785163721,568238.0,28.472432348230786,284119.0,43.70877923091682,37855865.0,43.38179419281643,35265106.0,42.89540498610534,68266548.0,42.89149657556916,33001442.0,0.0,0.0,0.0,0.0,0.0,0.0,0.0,0.0,38139.984,0.003452808991802805,0.004284328993579322,35549.225,0.0034308275464231255,0.004273970059242048,68834.786,0.0031918898979843425,0.004239462765925279,33285.561,0.0031966282684844018,0.004235752611311101,21174,0.04387204810543999,0.00614595826193487,0.04896891512442425,0.06792763730577334,0.04514971191083404,0.3085190604898136,0.04089681124312672,0.3012652895105796,-0.8047932584345079,0.3161424388400869,0.3085190604898136,0.04014796227333561,0.3012652895105796,0.12727910425971867,0.3161424388400869,1.0007807803983653,0.4835572671061983,0.4835572671061984
crmarenapro,query9,8,1/16,74.01001259686298,17.151849212124944,128800623.0,36095952.0,0.0,0.0,21125.0,73.55965456850112,16.417079356499016,122547092.0,33531871.0,931.0,0.0,21125.0,71.02441447582477,11.996057546697557,90253542.0,64600010.0,6515.0,0.0,21125.0,71.07983344103457,11.996872573159635,90262100.0,31068139.0,6514.0,0.0,21125.0,0.0,0.0,0.0,0.0,0.0,0.0,0.0,0.0,30.597153521686913,345884.0,30.465707482750183,345884.0,28.41839957352276,691768.0,28.476790257406222,345884.0,43.412859075176044,35750068.0,43.09394708575091,33185987.0,42.606014902302,63908242.0,42.603043183628344,30722255.0,0.0,0.0,0.0,0.0,0.0,0.0,0.0,0.0,36095.952,0.0034522699823434887,0.004270996120927804,33531.871,0.003429410165732672,0.004259628923220508,55678.258,0.003196588644992961,0.004211517981057752,23920.167,0.003201523568090306,0.0042079769884068,21125,0.04283910420029258,0.006085095956069986,0.048552024472738764,0.0710351398960194,0.04407100591715976,0.30059683953976624,0.04034046227367827,0.29927713160207303,-0.789674642741103,0.3084023668639053,0.30054932125459477,0.03959165865555614,0.2992106878240799,0.13929021736287772,0.3083550295857988,1.0007802804939512,0.48093086982494276,0.4296141413044927
crmarenapro,query9,8,1/4,74.69060868250821,17.294208484701812,130370881.0,38046151.0,0.0,0.0,21304.0,74.29623021848263,16.601872129365802,124596611.0,35768106.0,882.0,0.0,21304.0,71.69339041686246,12.070761429145932,91551450.0,68764988.0,6597.0,0.0,21304.0,71.74867615546775,12.070761429145932,91551450.0,32996882.0,6597.0,0.0,21304.0,0.0,0.0,0.0,0.0,0.0,0.0,0.0,0.0,30.699496458672975,457061.0,30.583629027111357,457061.0,28.510708282728285,914122.0,28.569295227433432,457061.0,43.991112223835216,37589090.0,43.71260119137126,35311045.0,43.18268213413416,67850866.0,43.17938092803431,32539821.0,0.0,0.0,0.0,0.0,0.0,0.0,0.0,0.0,38046.151,0.00344737995023089,0.004294794170774468,35768.106,0.0034274075803175127,0.004284450091963582,68764.988,0.003198312066165895,0.004244140580761702,32996.882,0.00320304833669325,0.004240416559886136,21304,0.040032844287059444,0.005280161334632938,0.04429110209050435,0.05987583343187597,0.04140067592940293,0.3020344677917154,0.040128448790479276,0.2977615147051127,-0.807409848107894,0.3096601577168607,0.3020344677917154,0.039388252136837054,0.2977615147051127,0.13271431846023007,0.3096601577168607,1.0007711413602263,0.4798500364749573,0.4798500364749573
crmarenapro,query9,8,inf,74.29068250263627,17.203753595240414,129604421.0,37135098.0,0.0,0.0,21185.0,73.85071219893378,16.459301869384944,123292637.0,34482365.0,947.0,0.0,21185.0,71.263729598777,11.920351042412221,90344497.0,66487136.0,6673.0,0.0,21185.0,71.31974839994244,11.920351042412221,90344497.0,32004771.0,6673.0,0.0,21185.0,0.0,0.0,0.0,0.0,0.0,0.0,0.0,0.0,30.708744063703197,457061.0,30.59928610586336,457061.0,28.50369831210573,914122.0,28.56270003808329,457061.0,43.58193843893305,36678037.0,43.25142609307039,34025304.0,42.76003128667127,65573014.0,42.75704836185914,31547710.0,0.0,0.0,0.0,0.0,0.0,0.0,0.0,0.0,37135.098,0.003448460574058765,0.004283288970433124,34482.365,0.003429827082726989,0.00426902635025973,66487.136,0.003194583768080791,0.004229005608241084,32004.771,0.0031994639162828734,0.004225341603841581,21185,0.04327263359906697,0.0059222810839957285,0.04870037573795416,0.07143465731529774,0.044701439697899456,0.3071075462444369,0.04074471793622103,0.30292117890021664,-0.7904122940513043,0.3149870191173,0.3071075462444369,0.03999066912042981,0.30292117890021664,0.13815304863339795,0.3149870191173,1.0007860773142359,0.4813678694176269,0.48136786941762694
crmarenapro,query9,16,inf,148.40629959396796,34.36869757901877,259344526.0,74232792.0,0.0,0.0,42322.0,147.44574652791786,32.81698446441442,246058261.0,68537684.0,1967.0,0.0,42322.0,140.6372276824748,21.23524703644216,159347388.0,126906372.0,16525.0,0.0,42322.0,140.78850255850438,21.23524703644216,159347388.0,58368688.0,16525.0,0.0,42322.0,0.0,0.0,0.0,0.0,0.0,0.0,0.0,0.0,61.104169486700464,679415.0,60.850899966388255,679415.0,55.98745896050128,1358830.0,56.126020964907035,679415.0,87.30213010726746,73553377.0,86.59484656152958,67858269.0,84.64976872197347,125547542.0,84.66248159359729,57689273.0,0.0,0.0,0.0,0.0,0.0,0.0,0.0,0.0,74232.792,0.0034537942942995067,0.004312346157880449,68537.684,0.003426367773304552,0.004299269052484953,126906.372,0.0031106158047881504,0.0042218492007341625,58368.688,0.0031168804172725306,0.00421820044618281,42322,0.04514902291647027,0.00647245479927816,0.05123017325609569,0.07671957158771558,0.046477009593119414,0.3821340774517523,0.05235001433732234,0.3855764358797378,-0.7095729337514343,0.3904588630026936,0.3821340774517523,0.05133068512795946,0.3855764358797378,0.21370749466085015,0.3904588630026936,1.0010756389223707,0.4599350456571243,0.4599350456571243
crmarenapro,query9,50,inf,465.66661492124456,107.8219648450613,812568400.0,235393800.0,0.0,0.0,132800.0,462.86660038405483,103.09965405613184,772757400.0,219137000.0,6000.0,0.0,132800.0,434.2068741816791,54.691131226718426,400843400.0,375586400.0,66600.0,0.0,132800.0,434.8671875237752,54.691131226718426,400843400.0,156449400.0,66600.0,0.0,132800.0,0.0,0.0,0.0,0.0,0.0,0.0,0.0,0.0,191.89679778989063,2470600.0,191.111585557237,2470600.0,174.02200683773125,4941200.0,174.5236290815926,2470600.0,273.76981713135393,232923200.0,271.7550148268177,216666400.0,260.18486734394804,370645200.0,260.34355844218277,153978800.0,0.0,0.0,0.0,0.0,0.0,0.0,0.0,0.0,235393.8,0.0034377207912336524,0.0043359958778898654,219137.0,0.0034022848054598505,0.004325843772647851,375586.4,0.00307191010930587,0.004013768585301518,156449.4,0.0030794515869860765,0.004010938371328585,132800,0.04379729859046211,0.0060129166392211,0.04899402930264085,0.06906214182361647,0.045180722891566265,0.4927644723845569,0.067558505874178,0.5066958055469546,-0.5955662383631175,0.5015060240963856,0.4927644723845569,0.0661405099927086,0.5066958055469546,0.33537161981326613,0.5015060240963856,1.0015207344272026,0.41654703152190814,0.4165470315219081
googlelocal,query1,1,inf,14.716969997119406,4.594887404702604,21767361.0,18575519.0,0.0,0.0,3663.0,14.467225838243289,4.258649100549519,20518405.0,17331601.0,324.0,0.0,3663.0,14.475243684213128,4.258649100549519,20518405.0,34663202.0,324.0,0.0,3663.0,14.467225838243289,4.258649100549519,20518405.0,17331601.0,324.0,0.0,3663.0,0.0,0.0,0.0,0.0,0.0,0.0,0.0,0.0,6.461149915949453,16294362.0,6.195796087470962,15129660.0,6.202795284109288,30259320.0,6.195796087470962,15129660.0,8.255820081169954,2281157.0,8.271429750772327,2201941.0,8.272448400103839,4403882.0,8.271429750772327,2201941.0,0.0,0.0,0.0,0.0,0.0,0.0,0.0,0.0,18575.519,0.0034649488737638528,0.005419238434249483,17331.601,0.0034640864306580113,0.005362831527405805,34663.202,0.0034642985242665115,0.0053684915374259375,17331.601,0.0034640864306580113,0.005362831527405805,3663,0.07317661447132828,0.016969808250271612,0.057377465279323525,0.06696545060194548,0.08845208845208845,0.07317661447132828,0.01642500548370973,0.057377465279323525,-0.866069098796109,0.08845208845208845,0.07317661447132828,0.016969808250271612,0.057377465279323525,0.06696545060194548,0.08845208845208845,0.9994460994132636,0.5,0.5
googlelocal,query1,2,1,29.715162819741664,9.392720015719533,44614740.0,37406314.0,0.0,0.0,7533.0,29.23928726705648,8.722987671382725,42194241.0,35110438.0,636.0,0.0,7533.0,28.98085052816606,8.1588254859671,41068484.0,70095190.0,1060.0,0.0,7533.0,28.969937249364083,8.1588254859671,41068484.0,34984752.0,1060.0,0.0,7533.0,0.0,0.0,0.0,0.0,0.0,0.0,0.0,0.0,12.78132506040238,32644448.0,12.282964001313502,30526808.0,12.063236033887145,60947734.0,12.051715706643918,30420926.0,16.93383775933928,4761866.0,16.956323265742974,4583630.0,16.91761449427891,9147456.0,16.918221542720165,4563826.0,0.0,0.0,0.0,0.0,0.0,0.0,0.0,0.0,37406.314,0.003385981329979324,0.005905990607507475,35110.438,0.0033814393176560117,0.0057662144148088465,70095.19,0.0033221987776362416,0.005741001669072683,34984.752,0.003323192095723812,0.005733796290527268,7533,0.07130334378283953,0.016014569920815958,0.05425334766043688,0.06137669699291948,0.08442851453604142,0.13136711492383502,0.024711703450191247,0.07948619671435941,-0.8738865850294686,0.14071419089340237,0.13136711492383502,0.025078966415169046,0.07948619671435941,0.06473671797761205,0.14071419089340237,0.999623431383031,0.4991034620207178,0.4991034620207178
googlelocal,query1,2,1/16,28.716616608529545,9.233537188731134,36495187.0,28721411.0,0.0,0.0,7488.0,28.4171822525302,8.596102921292186,34677103.0,27146905.0,633.0,19.0,7488.0,28.11641455662808,8.028338144533336,33497186.0,40394918.0,1047.0,19.0,7488.0,28.115366887619146,8.028338144533336,33497186.0,26881957.0,1047.0,19.0,7488.0,0.0,0.0,0.0,0.0,0.0,0.0,0.0,0.0,11.6635081210574,23958702.0,11.339168643364749,22582236.0,11.072043990709183,31285384.0,11.07063188421914,22337092.0,17.053108487472144,4762709.0,17.07801360916545,4564669.0,17.044370565918893,9109534.0,17.044735003400007,4544865.0,0.0,0.0,0.0,0.0,0.0,0.0,0.0,0.0,28721.411,0.0033680445009674365,0.005641885785601981,27146.905,0.003365061161880885,0.005549468410364102,40165.79,0.0033149218683222797,0.005502325863169561,26722.891,0.003315976032263658,0.005498997051115089,7488,0.06903467808814268,0.010427215715600902,0.04981708957951081,0.05481993903433224,0.08453525641025642,0.13052409055856262,0.02090086238513178,0.08214784596116742,-0.4064391892167136,0.13982371794871795,0.13052409055856262,0.020937345408992725,0.08214784596116742,0.06404469474010177,0.13982371794871795,0.9999627381717956,0.6654786871952556,0.6653147118480677
googlelocal,query1,2,1/4,29.018351897467426,9.235134741291404,37976291.0,30398426.0,0.0,0.0,7459.0,28.661690520843646,8.564921013079584,35926414.0,28691372.0,654.0,0.0,7459.0,28.3884906978782,8.0276689697057,34783748.0,57131372.0,1054.0,0.0,7459.0,28.379278904948382,8.023372320458293,34775232.0,28440000.0,1058.0,13.0,7459.0,0.0,0.0,0.0,0.0,0.0,0.0,0.0,0.0,12.186421131579452,25680452.0,11.800650044454493,24092222.0,11.563965622838106,47972680.0,11.555178850402518,23880458.0,16.83193076588797,4717974.0,16.861040476389153,4599150.0,16.824525075040093,9158692.0,16.824100054545863,4559542.0,0.0,0.0,0.0,0.0,0.0,0.0,0.0,0.0,30398.426,0.0033892609111796554,0.005811393608182617,28691.372,0.003387073278734033,0.005696769912380925,54296.156,0.0033341025090719172,0.005659535615942105,28334.118,0.0033348633278249954,0.005653235684207918,7459,0.07257216564639968,0.012290890188526138,0.053977809470651006,0.056155999656034794,0.08767931358090897,0.1307469577229856,0.021705615874214934,0.08406674048289764,-0.8794187567474712,0.14130580506770343,0.1312122080271525,0.022023063018090205,0.08429098565734083,0.06442524359649415,0.1418420699825714,0.9996755095919733,0.49780005283261886,0.5218439036457755
googlelocal,query1,2,inf,29.331116353031746,9.263123686425388,42086539.0,35174372.0,0.0,0.0,7459.0,28.90732268302693,8.581174136139452,39822991.0,33110064.0,658.0,0.0,7459.0,28.560045604728284,7.971447486430407,38467844.0,65796600.0,1102.0,0.0,7459.0,28.550309110076306,7.971447486430407,38467844.0,32686536.0,1102.0,0.0,7459.0,0.0,0.0,0.0,0.0,0.0,0.0,0.0,0.0,12.56032906995244,30954370.0,12.111844468013267,29048494.0,11.804262663324794,57673460.0,11.793715315213406,28624966.0,16.770787283079304,4220002.0,16.79547821501366,4061570.0,16.75578294140349,8123140.0,16.756593794862898,4061570.0,0.0,0.0,0.0,0.0,0.0,0.0,0.0,0.0,35174.372,0.003370428821334564,0.005889458611916699,33110.064,0.0033677404381934352,0.00578574938055309,65796.6,0.003304941634608978,0.0057214739681217324,32686.536,0.003306007489401453,0.005714469431682058,7459,0.07361982559784841,0.014448603486618139,0.053783182313946076,0.05868784238706526,0.08821557849577691,0.13944283199930319,0.0262884896375164,0.08598224244573782,-0.8705835032392333,0.1477409840461188,0.13944283199930319,0.026620440680047097,0.08598224244573782,0.07072865437370135,0.1477409840461188,0.999659086866081,0.49678153582403956,0.4967815358240395
googlelocal,query1,4,1,58.20850714478294,18.47097567189485,81423362.0,67364646.0,0.0,0.0,14830.0,57.49881487498803,17.325098944827914,77615291.0,63706028.0,1116.0,0.0,14830.0,55.966653620332515,14.660142553038895,71289843.0,125227952.0,3090.0,0.0,14830.0,55.96199376416961,14.660142553038895,71289843.0,61521924.0,3090.0,0.0,14830.0,0.0,0.0,0.0,0.0,0.0,0.0,0.0,0.0,24.58382206789165,57686198.0,23.832993128837586,54403856.0,22.490494262035075,106980080.0,22.477405195244856,52576224.0,33.62468507689128,9678448.0,33.66582174615043,9302172.0,33.47615935829743,18247872.0,33.48458856892474,8945700.0,0.0,0.0,0.0,0.0,0.0,0.0,0.0,0.0,67364.646,0.003352336179261976,0.006110598153836972,63706.028,0.003347719288701001,0.005852603979159094,125227.952,0.003209779053786179,0.005639592495674007,61521.924,0.0032118173856565124,0.005633895102499,14830,0.06203661070327127,0.012192243103395284,0.0467687762635004,0.05431065428592918,0.07525286581254215,0.20631466288239764,0.0385141903549292,0.12445468660456438,-0.8589565808747812,0.20836142953472692,0.20631466288239764,0.03859424491037955,0.12445468660456438,0.08673276483928971,0.20836142953472692,0.9999167387031122,0.49127948686727707,0.491279486867277
googlelocal,query1,4,1/16,58.67746766294236,18.51878482569009,86080254.0,72157153.0,0.0,0.0,14892.0,57.9709281402769,17.240609751082957,82107983.0,68683633.0,1249.0,54.0,14892.0,56.352122788103394,14.519618607126176,75586439.0,96115778.0,3273.0,54.0,14892.0,56.363714565819805,14.519618607126176,75586439.0,66181249.0,3273.0,54.0,14892.0,0.0,0.0,0.0,0.0,0.0,0.0,0.0,0.0,25.054593920910595,63093006.0,24.289939861443028,59916546.0,22.8439106451597,78799448.0,22.846247494335877,57632006.0,33.62287374203176,9064147.0,33.68098827883386,8767087.0,33.508212142943684,17316330.0,33.51746707148392,8549243.0,0.0,0.0,0.0,0.0,0.0,0.0,0.0,0.0,72157.153,0.0033366445924918587,0.006124577826198138,68683.633,0.003332747216305173,0.005976596471417643,94291.868,0.003204266937213142,0.0057140168870683985,64473.648,0.003206503553802497,0.0057096023066266835,14892,0.06902046147401597,0.012041070462072478,0.04614613474537377,0.048138262882960525,0.08387053451517594,0.21595187028773566,0.03962926430629754,0.12190734242024892,-0.33203395649492995,0.21978243352135374,0.21595187028773566,0.03943171355678332,0.12190734242024892,0.08281790164309832,0.21978243352135374,1.0002057025918971,0.6885575956114094,0.6837667910025921
googlelocal,query1,4,1/4,59.174456278714274,18.590353081934154,91218107.0,77910443.0,0.0,0.0,14905.0,58.428548786025374,17.275837724097073,87122772.0,74205355.0,1282.0,0.0,14905.0,57.01645722123179,14.498504793271422,81294743.0,147027678.0,3359.0,0.0,14905.0,56.979859419913986,14.474200445227325,81173882.0,72716441.0,3379.0,37.0,14905.0,0.0,0.0,0.0,0.0,0.0,0.0,0.0,0.0,25.63754986821957,69245658.0,24.833679597487112,65857434.0,23.6187831434618,130589288.0,23.577115672979126,64625972.0,33.53690641049469,8664785.0,33.59486918853825,8347921.0,33.397674077769985,16438390.0,33.40274374693485,8090469.0,0.0,0.0,0.0,0.0,0.0,0.0,0.0,0.0,77910.443,0.0033539908242243765,0.006051438209956459,74205.355,0.003351050707746767,0.005803797948250493,136443.229,0.0031993555832970397,0.005637643335078323,70165.208,0.003200822766430007,0.0056314183899033275,14905,0.0707095423117331,0.012605227653899265,0.04489607529347217,0.04755573010924863,0.08601140556860114,0.22010600178643902,0.03646842224148572,0.10878721699409966,-0.8871369785434284,0.22536061724253606,0.22141336523117727,0.037086895204641035,0.11011218419606095,0.06666631326945482,0.22670244884267024,0.9993581186362421,0.4945765449686283,0.5142447046602804
googlelocal,query1,4,inf,58.46109894518834,18.52358379587531,81022888.0,66670891.0,0.0,0.0,14900.0,57.647127358576064,17.19351582042873,76620427.0,62674823.0,1285.0,0.0,14900.0,56.03379981388567,14.382050592452288,70052102.0,123152938.0,3373.0,0.0,14900.0,56.0310498886318,14.382050592452288,70052102.0,60478115.0,3373.0,0.0,14900.0,0.0,0.0,0.0,0.0,0.0,0.0,0.0,0.0,24.87382797058794,57876066.0,24.015629837448788,54276078.0,22.60819304306006,106612900.0,22.595464747303428,52336822.0,33.58727097460039,8794825.0,33.631497521127265,8398745.0,33.4256067708256,16540038.0,33.43558514132837,8141293.0,0.0,0.0,0.0,0.0,0.0,0.0,0.0,0.0,66670.891,0.003344541271479749,0.006116485714476503,62674.823,0.003338278255690717,0.00582370379188279,123152.938,0.0031954253216125383,0.0055782378720974374,60478.115,0.003197518461671136,0.005573042214645019,14900,0.07180403047831119,0.013923302868039444,0.05433601675615418,0.05993722207792307,0.08624161073825504,0.22358163782244056,0.04151990255226712,0.13540354177451686,-0.8471770236278977,0.2263758389261745,0.22358163782244056,0.04156694110103698,0.13540354177451686,0.09288575429417911,0.2263758389261745,0.9999509238127164,0.49108138207794927,0.49108138207794927
googlelocal,query1,8,1,117.16139269762351,37.17759597487748,163785521.0,135146506.0,0.0,0.0,29949.0,115.7578395397432,34.57442626636475,155733855.0,128060838.0,2553.0,0.0,29949.0,110.42058076694639,25.04051285237074,133920034.0,248167014.0,9704.0,0.0,29949.0,110.45121984049115,25.04051285237074,133920034.0,120106176.0,9704.0,0.0,29949.0,0.0,0.0,0.0,0.0,0.0,0.0,0.0,0.0,49.276518314618514,117589552.0,47.77608882569711,111236632.0,43.05143804696266,215825666.0,43.04209754633434,104589034.0,67.88487438300497,17556954.0,67.98175071404606,16824206.0,67.3691427199837,32341348.0,67.40912229415677,15517142.0,0.0,0.0,0.0,0.0,0.0,0.0,0.0,0.0,135146.506,0.003338560637814873,0.006011340350501186,128060.838,0.003332017400008888,0.005599911381427146,248167.014,0.0031293033604315036,0.005097868083787385,120106.176,0.00313224152033633,0.005093785525422491,29949,0.07001985040323211,0.011979655802681344,0.04915981553705229,0.05242953154852559,0.08524491635780827,0.3264622901036499,0.05753441279137217,0.18234509874654914,-0.8362813908041395,0.32401749641056465,0.3264622901036499,0.057272901103611384,0.18234509874654914,0.11128907764733487,0.32401749641056465,1.0002774761129851,0.4839731681664994,0.4839731681664994
googlelocal,query1,8,1/16,117.00567563372287,37.099759539589286,166829250.0,138280909.0,0.0,0.0,29938.0,115.68760490422119,34.51169472653419,159146867.0,131466417.0,2565.0,104.0,29938.0,110.88170313808602,25.244569754227996,139571497.0,182837470.0,9526.0,104.0,29938.0,110.9512397215568,25.26079321652651,139605527.0,125998957.0,9514.0,104.0,29938.0,0.0,0.0,0.0,0.0,0.0,0.0,0.0,0.0,49.36854484863446,120729676.0,47.92776640704256,114588520.0,43.679813574274014,150091680.0,43.711625483809684,110131064.0,67.63713078508839,17551233.0,67.75983849717859,16877897.0,67.20188956381199,32745790.0,67.23961423774709,15867893.0,0.0,0.0,0.0,0.0,0.0,0.0,0.0,0.0,138280.909,0.0033284531932156023,0.005973999295180611,131466.417,0.003324785509184955,0.005656362671527958,170103.012,0.003127343759763203,0.0052655850200276945,114649.673,0.0031305226102959394,0.005261616469437203,29938,0.0697596115223702,0.011265015328212002,0.04604937683289956,0.04928006367097282,0.08567706593626828,0.31954896561285184,0.05233910630803473,0.1633871338509284,-0.32221773289037325,0.3181909279176966,0.31911167268966734,0.05174480536413473,0.16318315283440998,0.08881885495849606,0.31779009953904735,1.000627124056565,0.6891309368916557,0.6740014280287994
googlelocal,query1,8,1/4,115.52816118360177,36.846332288347185,158665363.0,129096610.0,0.0,0.0,29683.0,114.19186710025751,34.28872488066554,151034159.0,122447412.0,2508.0,0.0,29683.0,109.20371219252553,24.96088407561183,130807511.0,238692418.0,9483.0,0.0,29683.0,109.06406992422879,24.888370478525758,130163912.0,115503832.0,9534.0,54.0,29683.0,0.0,0.0,0.0,0.0,0.0,0.0,0.0,0.0,48.411776388625405,111532376.0,46.96140397428734,105497102.0,42.54745341056149,205762194.0,42.37912749119443,99523918.0,67.11638479497633,17564234.0,67.23046312597015,16950310.0,66.65625878196401,32930224.0,66.68494243303434,15979914.0,0.0,0.0,0.0,0.0,0.0,0.0,0.0,0.0,129096.61,0.003339573004545593,0.005833864635957352,122447.412,0.0033332025380538276,0.005534957967774889,211509.393,0.0031305404725482456,0.005149075060933156,104473.646,0.003133426091571861,0.005083902352798678,29683,0.06941280851691445,0.011566825522485114,0.048096218706536464,0.051505597242251344,0.08449280733079541,0.3225680135467426,0.05474378650435874,0.1755761400804282,-0.8489441202212824,0.31947579422565103,0.32453601395770904,0.05595251576020499,0.17963246962728718,0.105291517724594,0.3211939493986457,0.9987212681190677,0.48390239190588785,0.4939432926271978
googlelocal,query1,8,inf,117.77851050953788,37.180773886851966,172294616.0,144882439.0,0.0,0.0,29826.0,116.07836783971005,34.62869272194803,163544378.0,136598541.0,2457.0,0.0,29826.0,110.7501919192054,24.98802497703582,141700935.0,265572522.0,9677.0,0.0,29826.0,110.7777485994301,24.98802497703582,141700935.0,128973981.0,9677.0,0.0,29826.0,0.0,0.0,0.0,0.0,0.0,0.0,0.0,0.0,50.47924329826909,126449012.0,48.66157807868064,118719626.0,43.9662523828724,231042540.0,43.953814647180984,112322914.0,67.29926721126876,18433427.0,67.41678976102939,17878915.0,66.78393953633298,34529982.0,66.82393395224909,16651067.0,0.0,0.0,0.0,0.0,0.0,0.0,0.0,0.0,144882.439,0.003339756748435968,0.006051005887316486,136598.541,0.0033319779120683617,0.00565184977849195,265572.522,0.0031277948471656373,0.005211673925335946,128973.981,0.003130807191870879,0.0052072834697849514,29826,0.06863980757018129,0.014435083806652038,0.050786485400101,0.057176687921439484,0.0823777911888956,0.32793155266001073,0.05967403187496845,0.1775660883100375,-0.8330207845272402,0.3244484677797894,0.32793155266001073,0.05944006151734149,0.1775660883100375,0.10980252755132047,0.3244484677797894,1.0002488183518887,0.48564505103430844,0.48564505103430844
googlelocal,query1,16,inf,234.020864409404,74.14885504264385,320274481.0,263355132.0,0.0,0.0,59710.0,231.1086526179864,68.92528529185802,303907969.0,248872230.0,5110.0,0.0,59710.0,213.9957775260461,41.46100482810289,234341529.0,463254858.0,25795.0,0.0,59710.0,214.14063812370333,41.46100482810289,234341529.0,214382628.0,25795.0,0.0,59710.0,0.0,0.0,0.0,0.0,0.0,0.0,0.0,0.0,99.32782388026793,228336502.0,96.19992405208835,215101252.0,80.70871115646655,399772722.0,80.72794281355743,184671470.0,134.69304052913603,35018630.0,134.90872856589806,33770978.0,133.2870663695796,63482136.0,133.41269531014592,29711158.0,0.0,0.0,0.0,0.0,0.0,0.0,0.0,0.0,263355.132,0.0033433273353445764,0.006166873727815172,248872.23,0.003333231149358134,0.0055646144792735035,463254.858,0.0030911680351378744,0.00445634961827802,214382.628,0.0030951917306001812,0.004453812018858217,59710,0.07044707228158398,0.01244423995598476,0.05110151751366043,0.054993809651675996,0.08558030480656506,0.440840929987952,0.08556966462753224,0.26831033097513635,-0.7590500495733647,0.4320046893317702,0.440840929987952,0.0849506574376272,0.26831033097513635,0.18595614077495937,0.4320046893317702,1.0006769320373137,0.4627747001414068,0.4627747001414068
googlelocal,query1,50,inf,730.4303036765695,231.6022826358676,1024659800.0,846371000.0,0.0,0.0,186400.0,721.1204459070635,215.60271084308624,973494000.0,800057400.0,15600.0,0.0,186400.0,639.3069947631562,91.8883740901947,638937400.0,1397547600.0,110000.0,0.0,186400.0,640.1234026136154,91.8883740901947,638937400.0,597490200.0,110000.0,0.0,186400.0,0.0,0.0,0.0,0.0,0.0,0.0,0.0,0.0,309.34401212271297,732542800.0,299.36779562349363,690190000.0,224.60950368703217,1197616800.0,224.79297712169407,507426800.0,421.08629155385796,113828200.0,421.75265028357074,109867400.0,414.6974910761236,199930800.0,415.33042549192083,90063400.0,0.0,0.0,0.0,0.0,0.0,0.0,0.0,0.0,846371.0,0.0033443014070223508,0.005000554363040203,800057.4,0.003340249688161486,0.004996989679319733,1397547.6,0.003064100171175943,0.004133869443990888,597490.2,0.0030766693006429534,0.004132299332676403,186400,0.06908209889250694,0.01274571676810976,0.04993442701665474,0.05472021134939642,0.08369098712446352,0.6032492726565026,0.12475291407647038,0.3764394777661815,-0.6512233996675216,0.5901287553648069,0.6032492726565026,0.12363520599898525,0.3764394777661815,0.29405638898308184,0.5901287553648069,1.0012770200500647,0.42752762052612736,0.42752762052612725
googlelocal,query2,1,inf,18.673491935707673,5.600206295028329,20563911.0,21403274.0,0.0,0.0,4517.0,18.634185451517446,5.507893966510892,20155917.0,21046802.0,84.0,0.0,4517.0,18.643922002491223,5.507893966510892,20155917.0,42093604.0,84.0,0.0,4517.0,18.634185451517446,5.507893966510892,20155917.0,21046802.0,84.0,0.0,4517.0,0.0,0.0,0.0,0.0,0.0,0.0,0.0,0.0,7.404668771596967,17398237.0,7.399219748564104,17398237.0,7.407268421298536,34796474.0,7.399219748564104,17398237.0,11.268823164110707,4005037.0,11.234965702953343,3648565.0,11.236653581192689,7297130.0,11.234965702953343,3648565.0,0.0,0.0,0.0,0.0,0.0,0.0,0.0,0.0,21403.274,0.003363696068861225,0.006934486346980303,21046.802,0.0033573602032844698,0.0069309679728778535,42093.604,0.003357651792029411,0.006939082075353192,21046.802,0.0033573602032844698,0.0069309679728778535,4517,0.016483737143645705,0.002104934863043195,0.019840292053393882,0.01665502203074165,0.018596413548815586,0.016483737143645705,0.001583524566174277,0.019840292053393882,-0.9666899559385167,0.018596413548815586,0.016483737143645705,0.002104934863043195,0.019840292053393882,0.01665502203074165,0.018596413548815586,0.9994777627275808,0.5,0.5
googlelocal,query2,2,1,36.64230343398022,11.07413186877966,39406437.0,40292674.0,0.0,0.0,8941.0,36.54245136077555,10.849089356139302,38432610.0,39460906.0,200.0,0.0,8941.0,34.24257310685802,9.977049665525556,30167325.0,68389623.0,748.0,0.0,8941.0,34.231205811525626,9.977049665525556,30167325.0,28928717.0,748.0,0.0,8941.0,0.0,0.0,0.0,0.0,0.0,0.0,0.0,0.0,14.449672253219518,32603753.0,14.42896596569464,32603753.0,12.188293989982816,55008716.0,12.175812838341553,22404963.0,22.192631180760692,7688921.0,22.113485395080907,6857153.0,22.054279116875197,13380907.0,22.05539297318407,6523754.0,0.0,0.0,0.0,0.0,0.0,0.0,0.0,0.0,40292.674,0.00324813453693124,0.007757702164940485,39460.906,0.0032409306999387367,0.007748679515749164,68389.623,0.0032167101401488858,0.0070567934134961735,28928.717,0.003216843046529277,0.007048438918613577,8941,0.020321458630522482,0.0027250490238577285,0.02471238391839381,0.020643157115856847,0.02236886254333967,0.09906710668192531,0.06549070615732122,0.23445692387769035,-0.697321527978014,0.08365954591209036,0.09906710668192531,0.06580092943116289,0.23445692387769035,0.2820353149061291,0.08365954591209036,0.9996680361812497,0.4229986324094812,0.42299863240948116
googlelocal,query2,2,1/16,37.00101544500468,11.160912027582526,39690835.0,40755777.0,0.0,0.0,9023.0,36.915408418825635,10.905250811949372,38926960.0,40201265.0,227.0,307.0,9023.0,36.77281888500405,10.366156063973904,38339383.0,47706407.0,670.0,307.0,9023.0,36.77482696539545,10.366156063973904,38339383.0,40010916.0,670.0,307.0,9023.0,0.0,0.0,0.0,0.0,0.0,0.0,0.0,0.0,14.614168316520368,33385890.0,14.583653787536338,33385890.0,14.497216518075033,34266006.0,14.497990862022794,33385890.0,22.38684712848431,7369887.0,22.331754631289293,6815375.0,22.275602366929014,13440401.0,22.276836103372656,6625026.0,0.0,0.0,0.0,0.0,0.0,0.0,0.0,0.0,40755.777,0.003238215419260734,0.007803270495153912,40201.265,0.003232337603640541,0.007795676535444282,47245.216,0.0032117266193139216,0.007778223851168496,39687.008,0.0032120868262789167,0.007776693780806513,9023,0.022906839064883333,0.002313639913647414,0.019245626855670883,0.013605727600286,0.025157929735121355,0.07120887268392595,0.006167305336249651,0.03404947263014246,-0.1705434299535009,0.0742546824781115,0.07120887268392595,0.006113034382675853,0.03404947263014246,0.018276206585387866,0.0742546824781115,1.0000546077361563,0.8386906186416428,0.8400217283375316
googlelocal,query2,2,1/4,37.034199660172035,11.09457876905799,41179737.0,42752484.0,0.0,0.0,8923.0,36.95792158460169,10.888223653659225,40412837.0,42118756.0,187.0,0.0,8923.0,34.35537850760115,10.028024598956108,31252944.0,72292060.0,700.0,0.0,8923.0,34.34234173339601,10.028024598956108,31252944.0,30173304.0,700.0,0.0,8923.0,0.0,0.0,0.0,0.0,0.0,0.0,0.0,0.0,14.860203922596511,35069311.0,14.84276704889135,35069311.0,12.29088036065264,58351602.0,12.277170622787196,23282291.0,22.173995737575524,7683173.0,22.11515453571034,7049445.0,22.06449814694851,13940458.0,22.065171110608816,6891013.0,0.0,0.0,0.0,0.0,0.0,0.0,0.0,0.0,42752.484,0.00324871427498939,0.007933771939791688,42118.756,0.0032394403590045714,0.00792723036392773,72292.06,0.0032179741791999597,0.007149181116086977,30173.304,0.0032180813303324244,0.007140485292885652,8923,0.01859963498337358,0.0020596658296999637,0.01862323695753565,0.014823185478532674,0.0209570772161829,0.09613291250646006,0.07233371254548238,0.2410601359595862,-0.6909440864301593,0.07844895214613919,0.09613291250646006,0.07268573241697318,0.2410601359595862,0.29423272809130807,0.07844895214613919,0.9996205317836258,0.4173806086034898,0.4173806086034898
googlelocal,query2,2,inf,36.80435029899498,11.081161186099052,40308443.0,41381262.0,0.0,0.0,8939.0,36.72639315672167,10.86956778075546,39536737.0,40747534.0,191.0,0.0,8939.0,34.40575090438019,9.99900833889842,31283230.0,70935145.0,734.0,0.0,8939.0,34.39372555092561,9.99900833889842,31283230.0,30187611.0,734.0,0.0,8939.0,0.0,0.0,0.0,0.0,0.0,0.0,0.0,0.0,14.602890903092621,33532417.0,14.58872344320718,33532417.0,12.33259861632526,56794280.0,12.319612436687404,23261863.0,22.201459395902354,7848845.0,22.137669713514484,7215117.0,22.07315228805493,14140865.0,22.0741131142382,6925748.0,0.0,0.0,0.0,0.0,0.0,0.0,0.0,0.0,41381.262,0.003250594964513504,0.007836826876906625,40747.534,0.003241955798414334,0.00783038049296657,70935.145,0.0032169657001956,0.007127575275761393,30187.611,0.003217130596497965,0.007118938979988468,8939,0.019094876591907117,0.002118150208874625,0.019145021304841747,0.015314371031023621,0.02136704329343327,0.09765699000553807,0.06517162713453173,0.2239037861125025,-0.7141851546238489,0.08211209307528806,0.09765699000553807,0.0654983644184911,0.2239037861125025,0.2705004743451275,0.08211209307528806,0.9996504842028299,0.42556635360370376,0.42556635360370376
googlelocal,query2,4,1,74.94709389788555,22.58324422966689,81129038.0,83439614.0,0.0,0.0,18230.0,74.77552442736739,22.115636656060815,79558594.0,82290982.0,415.0,0.0,18230.0,65.63039919892265,18.196679753251374,47053010.0,123460504.0,2998.0,0.0,18230.0,65.62479627765033,18.196679753251374,47053010.0,41169522.0,2998.0,0.0,18230.0,0.0,0.0,0.0,0.0,0.0,0.0,0.0,0.0,29.66153384917531,68499481.0,29.608133423453257,68499481.0,20.733860039936797,96975566.0,20.713294882016942,28476085.0,45.28556004871022,14940133.0,45.16739100391411,13791501.0,44.896539158985846,26484938.0,44.91150139563339,12693437.0,0.0,0.0,0.0,0.0,0.0,0.0,0.0,0.0,83439.614,0.003232537901291573,0.008494866227295199,82290.982,0.003228516950168566,0.008483275200037233,123460.504,0.003173635843900937,0.006085025133105582,41169.522,0.0031732586361018183,0.006079007724329775,18230,0.02070595211434645,0.002289207781050573,0.019357360061387663,0.013766027249359047,0.02276467361492046,0.1942397837885942,0.12431028628884244,0.42002258180357077,-0.4796389638139984,0.16445419637959408,0.1942397837885942,0.12438504464144706,0.42002258180357077,0.5065950089366424,0.16445419637959408,0.9999146291757981,0.3334630968297359,0.3334630968297359
googlelocal,query2,4,1/16,73.45524283244772,22.06095298100263,80362357.0,83091892.0,0.0,0.0,17806.0,73.2789131303198,21.64397087227553,78616219.0,81606592.0,374.0,623.0,17806.0,72.61642462755815,19.193844265304506,75705627.0,96184772.0,2403.0,623.0,17806.0,72.63427986996803,19.19762601237744,75706397.0,80542666.0,2399.0,623.0,17806.0,0.0,0.0,0.0,0.0,0.0,0.0,0.0,0.0,29.32309422295943,68031673.0,29.28713067094254,68031673.0,28.876004002938817,70064742.0,28.88094261445087,67997555.0,44.13214860948828,15060219.0,43.99178245937724,13574919.0,43.74042062461931,26120030.0,43.75333725551714,12545111.0,0.0,0.0,0.0,0.0,0.0,0.0,0.0,0.0,83091.892,0.0032328183681535954,0.008654983794765496,81606.592,0.0032292492876592515,0.008642392135860346,93533.634,0.003188800132842929,0.008605200885960524,78404.299,0.003189580795625034,0.008603602479148605,17806,0.01890136428313749,0.002400505332616487,0.021728307446233774,0.017875390296805405,0.021004155902504772,0.12996304911066536,0.01141944635324299,0.0579466577865555,-0.15757109008903059,0.13495450971582612,0.12979162645833509,0.011176369865828706,0.05793707618605559,0.030679599882019737,0.13472986633718972,1.0002458843505648,0.8373744026757167,0.8382471165399176
googlelocal,query2,4,1/4,74.21524724211895,22.248886707238853,80975184.0,83811996.0,0.0,0.0,17960.0,74.04512334643478,21.835127812810242,79342196.0,82465324.0,369.0,0.0,17960.0,64.58094109634015,17.917473813518882,45845635.0,122304596.0,2924.0,0.0,17960.0,64.57490558634545,17.917473813518882,45845635.0,39839272.0,2924.0,0.0,17960.0,0.0,0.0,0.0,0.0,0.0,0.0,0.0,0.0,29.58530742303864,69565039.0,29.539535629562593,69565039.0,20.34085935043747,97518452.0,20.319939510603888,27953413.0,44.62993981908029,14246957.0,44.50558771687217,12900285.0,44.24008174590267,24786144.0,44.25496607574155,11885859.0,0.0,0.0,0.0,0.0,0.0,0.0,0.0,0.0,83811.996,0.0032342123219575225,0.008522434881731817,82465.324,0.003230024930352294,0.00851484142069886,122198.714,0.0031750337076803105,0.006054930801877577,39733.39,0.0031742369369802946,0.006048851646326428,17960,0.018596835871971584,0.002292303832515219,0.020166524104471284,0.01606777149180416,0.0205456570155902,0.1946799833499404,0.12981572525586216,0.43383104878156253,-0.4592731570311248,0.16280623608017816,0.1946799833499404,0.1298970496496894,0.43383104878156253,0.5246590714770711,0.16280623608017816,0.9999065434802863,0.3257381431520366,0.3251539128308666
googlelocal,query2,4,inf,74.33539405884979,22.28801813814789,82440744.0,85520017.0,0.0,0.0,17940.0,74.16314073447923,21.8777318848297,80772789.0,84094129.0,366.0,0.0,17940.0,64.699697768312,17.884158133529127,46990649.0,125413076.0,2989.0,0.0,17940.0,64.69376345068264,17.884158133529127,46990649.0,41318947.0,2989.0,0.0,17940.0,0.0,0.0,0.0,0.0,0.0,0.0,0.0,0.0,29.909044629369678,69660866.0,29.871991272746214,69660866.0,20.719488530161197,97921870.0,20.698310684188886,28261004.0,44.42634942948009,15859151.0,44.29114946173299,14433263.0,43.9802092381508,27491206.0,43.995452766493734,13057943.0,0.0,0.0,0.0,0.0,0.0,0.0,0.0,0.0,85520.017,0.0032354583049024875,0.008580532180501097,84094.129,0.003231037487072819,0.00857183658693167,125413.076,0.0031749997706381236,0.006074519104036294,41318.947,0.0031743734244998444,0.006068511971022879,17940,0.01840837757646785,0.0023172450560252633,0.020232168210417845,0.0166731491645985,0.02040133779264214,0.1975886764503827,0.129624607665487,0.4300069756769783,-0.4664762753730509,0.16661092530657748,0.1975886764503827,0.1297044393217862,0.4300069756769783,0.5168505754623505,0.16661092530657748,0.9999082790517722,0.32946283049464475,0.32946283049464475
googlelocal,query2,8,1,148.69216917478772,44.69546969886869,163039471.0,168372707.0,0.0,0.0,36055.0,148.34220838596192,43.7516521923244,159817847.0,165917011.0,838.0,0.0,36055.0,124.00606482977568,31.18994405772537,71041367.0,222565984.0,9609.0,0.0,36055.0,124.03955308716436,31.18994405772537,71041367.0,56648973.0,9609.0,0.0,36055.0,0.0,0.0,0.0,0.0,0.0,0.0,0.0,0.0,58.891217176467954,137063985.0,58.7822367158107,137063985.0,35.47212466249457,170616548.0,35.44309347602276,33552563.0,89.80095199831973,31308722.0,89.55997167015119,28853026.0,88.53394016728107,51949436.0,88.59645961114155,23096410.0,0.0,0.0,0.0,0.0,0.0,0.0,0.0,0.0,168372.707,0.003230875468144142,0.008550313044602,165917.011,0.0032261973612773653,0.00853978558851587,222565.984,0.003133622780033451,0.004569216028236013,56648.973,0.003130744480875515,0.004566899887176178,36055,0.021116625754314056,0.0023535925985074257,0.01975977951989305,0.014584881622174084,0.02324226875606712,0.30216766334788436,0.1660215496351628,0.5642689063926121,-0.3218649742324331,0.2665094993759534,0.30216766334788436,0.16579633093282942,0.5642689063926121,0.6635501441453928,0.2665094993759534,1.0002700533835556,0.2545266441074841,0.2545266441074841
googlelocal,query2,8,1/16,148.61725570939095,44.66254422906786,162947165.0,168255815.0,0.0,0.0,36038.0,148.24377811531122,43.67916672024876,159556152.0,165701099.0,869.0,1254.0,36038.0,146.0060878888678,35.37685620598495,149458303.0,194811559.0,7761.0,1254.0,36038.0,146.0779316038016,35.37804579269141,149459861.0,161886488.0,7760.0,1254.0,36038.0,0.0,0.0,0.0,0.0,0.0,0.0,0.0,0.0,58.86815567433449,136732967.0,58.750456776824656,136732967.0,57.33264223360895,140485198.0,57.35203724716898,136528259.0,89.74910003505641,31522848.0,89.49332133848652,28968132.0,88.67344565525882,54326361.0,88.72589435663258,25358229.0,0.0,0.0,0.0,0.0,0.0,0.0,0.0,0.0,168255.815,0.003233163845056617,0.008548015574768135,165701.099,0.0032273431576620277,0.00854116629034462,183008.287,0.0031522275954818154,0.008465404006758978,151947.405,0.0031539314876567357,0.008463882239146108,36038,0.022017946487228768,0.0025130163539692774,0.020810506276681795,0.015183522780475633,0.024113435817747934,0.20790772633681442,0.01756974860058702,0.08278058719217363,-0.1578295763507489,0.2153560130972862,0.20788109134037625,0.01708633424475814,0.08277102581072826,0.03785501856206275,0.21532826460957877,1.0004920597214308,0.8309901570060327,0.8302760901750859
googlelocal,query2,8,1/4,147.7113641745571,44.501315330155194,160450446.0,164784631.0,0.0,0.0,35963.0,147.3622044846719,43.58635888900608,157207906.0,162309131.0,812.0,0.0,35963.0,124.26245419825297,31.413238332606852,72666535.0,221186086.0,9334.0,0.0,35963.0,124.29448179918208,31.413238332606852,72666535.0,58876955.0,9334.0,0.0,35963.0,0.0,0.0,0.0,0.0,0.0,0.0,0.0,0.0,58.20133152879431,133925278.0,58.09780009116992,133925278.0,36.0117904646614,170234408.0,35.9835702632389,36309130.0,89.51003264576275,30859353.0,89.26440439350195,28383853.0,88.25066373359154,50951678.0,88.31091153594313,22567825.0,0.0,0.0,0.0,0.0,0.0,0.0,0.0,0.0,164784.631,0.00323040579006257,0.008544647121133231,162309.131,0.0032256708524953065,0.008533878501115316,220789.224,0.0031362738624701883,0.004660774199401658,58625.583,0.003133349488607505,0.00465823344828742,35963,0.020560211183895505,0.002363797070295659,0.02020898090866008,0.01502263885277022,0.022578761504880016,0.2941053966708156,0.15874817829583865,0.5471091741309339,-0.3422737585278812,0.25954453187998777,0.2941053966708156,0.15853135272450836,0.5471091741309339,0.6427036026193487,0.25954453187998777,1.0002577415771783,0.26618742645502574,0.2655273746512194
googlelocal,query2,8,inf,148.72288870751723,44.57393067423254,164720467.0,170900762.0,0.0,0.0,35888.0,148.36519877645435,43.63476806040853,161427694.0,168385654.0,832.0,0.0,35888.0,124.17032881260147,31.181685712188482,73573423.0,228605099.0,9495.0,0.0,35888.0,124.20131757452478,31.181685712188482,73573423.0,60219445.0,9495.0,0.0,35888.0,0.0,0.0,0.0,0.0,0.0,0.0,0.0,0.0,59.430821708341696,139670179.0,59.32402085689759,139670179.0,36.10206831104634,176498346.0,36.07242221112088,36828167.0,89.2920669991755,31230583.0,89.04117791955672,28715475.0,88.0682605015551,52106753.0,88.12889536340386,23391278.0,0.0,0.0,0.0,0.0,0.0,0.0,0.0,0.0,170900.762,0.0032346722462977704,0.008558359710343131,168385.654,0.003229477580899322,0.008547434183007055,228605.099,0.0031348615100634937,0.004626636557737115,60219.445,0.0031317731521384824,0.004624089489953541,35888,0.021069773287167748,0.002405076543169682,0.019990065958227277,0.014716774639073837,0.0231832367365136,0.30045016805722047,0.16508931549333705,0.5533437687497571,-0.3376482136457648,0.26457311636201514,0.30045016805722047,0.16488094970517475,0.5533437687497571,0.6476350117151614,0.26457311636201514,1.0002495665608655,0.2634212677819579,0.26342126778195796
googlelocal,query2,16,inf,297.41462483900017,89.56367148831487,321300598.0,330469570.0,0.0,0.0,72429.0,296.6786038696653,87.58331275824457,314546806.0,325360138.0,1757.0,0.0,72429.0,242.4725390839642,52.96612116880715,112934738.0,411111555.0,27090.0,0.0,72429.0,242.64043659754924,52.96612116880715,112934738.0,85751417.0,27090.0,0.0,72429.0,0.0,0.0,0.0,0.0,0.0,0.0,0.0,0.0,117.46489036074107,270760073.0,117.23385178414769,270760073.0,65.8082085269318,319052642.0,65.77866497391193,48292569.0,179.94973447825907,59709497.0,179.44475208551762,54600065.0,176.6643305570324,92058913.0,176.86177162363728,37458848.0,0.0,0.0,0.0,0.0,0.0,0.0,0.0,0.0,330469.57,0.003228938343265974,0.008584235772240855,325360.138,0.0032221229465510186,0.008575498651696318,411111.555,0.0030998191962580343,0.004083453842609351,85751.417,0.0031004524381584497,0.004082404248818704,72429,0.02211118299598369,0.0024747302515243375,0.021020166292998965,0.015461127026007215,0.02425823910312168,0.4086204787203538,0.18473229345993947,0.6485075387254648,-0.24402242239731775,0.3740214554943462,0.4086204787203538,0.1841677700654496,0.6485075387254648,0.7405164505766748,0.3740214554943462,1.0006924392932055,0.20858430262316513,0.20858430262316516
googlelocal,query2,50,inf,928.1601544404847,279.128210991621,1012432800.0,1044658400.0,0.0,0.0,225400.0,925.9493636950021,273.2759665697813,991898400.0,1028815200.0,5200.0,0.0,225400.0,735.8029077722947,121.49412855505943,255943800.0,1219188200.0,121000.0,0.0,225400.0,736.7824683703602,121.49412855505943,255943800.0,190373000.0,121000.0,0.0,225400.0,0.0,0.0,0.0,0.0,0.0,0.0,0.0,0.0,367.63933696690214,851805000.0,366.98545420295864,851805000.0,189.72515016245313,955612400.0,189.74084663357735,103807400.0,560.5208174735852,192853400.0,558.963909492046,177010200.0,546.0777576098418,263575800.0,547.0416217367832,86565600.0,0.0,0.0,0.0,0.0,0.0,0.0,0.0,0.0,1044658.4,0.0032363957658241922,0.008596079342795484,1028815.2,0.003223411173356646,0.008596079342795484,1219188.2,0.0030773677527253743,0.003825626059232228,190373.0,0.0030874230562989826,0.003825262089056843,225400,0.020966151723071036,0.0023819065437206133,0.0202822350283397,0.015165914522871748,0.023070097604259095,0.5647371932652608,0.20724574929005346,0.7471992215187022,-0.16706877578354806,0.5368234250221828,0.5647371932652608,0.20619037043826893,0.7471992215187022,0.8177653096935802,0.5368234250221828,1.0013312812272395,0.15614734460192445,0.15614734460192448
googlelocal,query3,1,inf,21.67087101288907,5.102422494441271,66448317.0,74259748.0,0.0,0.0,3443.0,20.9984424444213,4.894715316593647,62584079.0,69658396.0,128.0,0.0,3443.0,21.030667412537866,4.894715316593647,62584079.0,139316792.0,128.0,0.0,3443.0,20.9984424444213,4.894715316593647,62584079.0,69658396.0,128.0,0.0,3443.0,0.0,0.0,0.0,0.0,0.0,0.0,0.0,0.0,12.253603663585677,42858872.0,11.758075233964261,40529468.0,11.776824744275714,81058936.0,11.758075233964261,40529468.0,9.417267349303392,31400876.0,9.24036721045704,29128928.0,9.25384266826215,58257856.0,9.24036721045704,29128928.0,0.0,0.0,0.0,0.0,0.0,0.0,0.0,0.0,74259.748,0.005704981896823221,0.01074726386981266,69658.396,0.00563875983132651,0.010618083919428237,139316.792,0.005647147377341843,0.010640913754531117,69658.396,0.00563875983132651,0.010618083919428237,3443,0.040707561569804596,0.031029143594082265,0.058154038724562485,0.06196293582897694,0.03717688062735986,0.040707561569804596,0.029542125924261753,0.058154038724562485,-0.8760741283420461,0.03717688062735986,0.040707561569804596,0.031029143594082265,0.058154038724562485,0.06196293582897694,0.03717688062735986,0.9984677153851355,0.5,0.5
googlelocal,query3,2,1,43.6165635544823,10.195171827450395,133963646.0,150044962.0,0.0,0.0,6816.0,42.15168075736672,9.741151242516935,126097823.0,140663919.0,264.0,0.0,6816.0,40.2712873461807,8.859786399640143,116572701.0,270516818.0,842.0,0.0,6816.0,40.21347916660383,8.859786399640143,116572701.0,129852899.0,842.0,0.0,6816.0,0.0,0.0,0.0,0.0,0.0,0.0,0.0,0.0,25.007453866677857,88087136.0,23.87655983680841,82898918.0,22.285983930808,159039001.0,22.250486900641675,76140083.0,18.609109687804438,61957826.0,18.275120920558305,57765001.0,17.985303415372695,111477817.0,17.962992265962153,53712816.0,0.0,0.0,0.0,0.0,0.0,0.0,0.0,0.0,150044.962,0.004807248246652954,0.013762772887369563,140663.919,0.004725227923225979,0.013478042906366235,270516.818,0.004381113783404201,0.012962412869506409,129852.899,0.004375684604645362,0.012933743835675094,6816,0.04453290171245705,0.03358547023737357,0.05871610123241944,0.06252154604164584,0.03873239436619718,0.13098214041030087,0.07669738135428639,0.12981839117755878,-0.8029050385577092,0.12353286384976526,0.13098214041030087,0.07802275352636634,0.12981839117755878,0.13457341540064505,0.12353286384976526,0.9985645311241249,0.480017841256731,0.480017841256731
googlelocal,query3,2,1/16,43.44144180566991,10.285932566970587,132795507.0,148138611.0,0.0,0.0,6898.0,42.04267952498912,9.81240778695792,124775598.0,138722316.0,287.0,22.0,6898.0,40.2877497262704,8.939656188711524,115489315.0,251173626.0,883.0,22.0,6898.0,40.2383691440473,8.939656188711524,115489315.0,128237982.0,883.0,22.0,6898.0,0.0,0.0,0.0,0.0,0.0,0.0,0.0,0.0,24.491080103795813,84091255.0,23.46852712925085,79432447.0,22.008064910713586,136895077.0,21.981235845809636,73249302.0,18.950361701874094,64047356.0,18.574152395738267,59289869.0,18.279684815556813,114278549.0,18.25713329823766,54988680.0,0.0,0.0,0.0,0.0,0.0,0.0,0.0,0.0,148138.611,0.0047915305483918124,0.013445203495101948,138722.316,0.004709939560082298,0.013218568702863476,250827.903,0.004399608559545251,0.012751818073288177,127956.433,0.004394322169739736,0.012728458380388821,6898,0.04603615442057385,0.032198799637866204,0.06039292428771703,0.06356408323553131,0.041606262684836186,0.13088520360148226,0.07259639524643713,0.1303221200096777,-0.6955311265879225,0.128008118295158,0.13088520360148226,0.07373311125241133,0.1303221200096777,0.13433789385267014,0.128008118295158,0.998774302795301,0.5105551249238246,0.5101363583141705
googlelocal,query3,2,1/4,43.56744685352739,10.20583612844348,133117770.0,149157910.0,0.0,0.0,6826.0,41.913176162977805,9.756340593099594,124659359.0,138857977.0,254.0,0.0,6826.0,40.08732243834537,8.906980512663722,115483022.0,267205907.0,818.0,0.0,6826.0,40.030173745498594,8.906980512663722,115483022.0,128347930.0,818.0,0.0,6826.0,0.0,0.0,0.0,0.0,0.0,0.0,0.0,0.0,24.93722157511018,86462106.0,23.5995849345927,80215068.0,22.033347575457714,153713290.0,21.999029286956514,73498222.0,18.63022527841721,62695804.0,18.313591228385103,58642909.0,18.053974862887653,113492617.0,18.03114445854208,54849708.0,0.0,0.0,0.0,0.0,0.0,0.0,0.0,0.0,149157.91,0.004824566516356492,0.01354284814417543,138857.977,0.004744427437023778,0.01326034944353806,267205.907,0.0044233998197555045,0.012724325498561456,128347.93,0.004417877765904138,0.012696210857582806,6826,0.04404298968618059,0.03797033817729101,0.06354081051688287,0.06905388390062583,0.037210665104014065,0.12726596816108682,0.07987900752784782,0.13247478529725976,-0.7914296801289318,0.11983592147670671,0.12726596816108682,0.08119073674252741,0.13247478529725976,0.1395164359704424,0.11983592147670671,0.9985743948617504,0.48033343065278866,0.48033343065278866
googlelocal,query3,2,inf,43.04771838743472,10.230326438322663,128723169.0,143695148.0,0.0,0.0,6863.0,41.64295843621281,9.782149976119399,121018921.0,134555084.0,265.0,0.0,6863.0,39.844863417095915,8.917858185246587,111626677.0,258458988.0,842.0,0.0,6863.0,39.78986870264257,8.917858185246587,111626677.0,123903904.0,842.0,0.0,6863.0,0.0,0.0,0.0,0.0,0.0,0.0,0.0,0.0,24.335175667018014,81106570.0,23.26972242914122,76235998.0,21.778838166447798,146119076.0,21.74623496122106,69883078.0,18.712542720416703,62588578.0,18.373236007071586,58319086.0,18.066025250648114,112339912.0,18.043633741421512,54020826.0,0.0,0.0,0.0,0.0,0.0,0.0,0.0,0.0,143695.148,0.004703624272050285,0.01321736705231661,134555.084,0.004618029530918533,0.013024631430145298,258458.988,0.004347528341814806,0.012524475705058628,123903.904,0.0043424465156970075,0.012497542075452669,6863,0.04380861792683377,0.032632622676512124,0.059851292194336825,0.06360732514085998,0.03861285152265773,0.12829192313547189,0.07440243270299995,0.13281596571010457,-0.7986619005396063,0.1226868716304823,0.12829192313547189,0.07567996183842085,0.13281596571010457,0.13773077431953373,0.1226868716304823,0.9986197790696969,0.4793948353616551,0.4793948353616551
googlelocal,query3,4,1,86.75668865693191,20.393128066323698,267178095.0,298651746.0,0.0,0.0,13661.0,83.9323441228733,19.53909708932042,251878104.0,280352677.0,502.0,0.0,13661.0,74.97078628829149,15.576645801775157,207630678.0,509836619.0,3122.0,0.0,13661.0,74.87402225807304,15.576645801775157,207630678.0,229483942.0,3122.0,0.0,13661.0,0.0,0.0,0.0,0.0,0.0,0.0,0.0,0.0,49.282491163848896,173255870.0,47.1065751199655,163197080.0,39.50420872551269,293817730.0,39.44111715802814,130620650.0,37.474197493083004,125395876.0,36.8257690029078,117155597.0,35.46657756277879,216018889.0,35.432905100044884,98863292.0,0.0,0.0,0.0,0.0,0.0,0.0,0.0,0.0,298651.746,0.004527630181780034,0.016244916199875937,280352.677,0.004442853539545818,0.016016430967843102,509836.619,0.004032533706710882,0.013264546842815143,229483.942,0.004027901571273523,0.013235096162074888,13661,0.04187837070535472,0.03255477563496134,0.05726513994345228,0.061272265255733704,0.03674694385476905,0.23618163181656593,0.13585007163247376,0.2228753708270882,-0.7071275350923278,0.22853378229997803,0.23618163181656593,0.13696542114288546,0.2228753708270882,0.23160019965193845,0.22853378229997803,0.9987093101858855,0.4501127095384257,0.4501127095384257
googlelocal,query3,4,1/16,87.15309519456606,20.523993191309273,269103736.0,300378210.0,0.0,0.0,13749.0,84.14888988698827,19.566848083399236,252351189.0,280510479.0,572.0,50.0,13749.0,74.82895155133261,15.469577035866678,206833737.0,472762567.0,3264.0,50.0,13749.0,74.77354246127949,15.474813818000257,206917407.0,228236770.0,3262.0,50.0,13749.0,0.0,0.0,0.0,0.0,0.0,0.0,0.0,0.0,49.451906059485424,173691978.0,47.19602438298935,163315542.0,39.253428549602624,256883366.0,39.23158443023417,129552506.0,37.70118913508062,126686232.0,36.95286550399891,117194937.0,35.57552300172998,215879201.0,35.541958031045304,98684264.0,0.0,0.0,0.0,0.0,0.0,0.0,0.0,0.0,300378.21,0.00454313804747718,0.016159141226887646,280510.479,0.004445773232923649,0.01592646014064731,460466.599,0.00402178214278007,0.013161657521125532,217372.756,0.004018639986696941,0.013149322679315774,13749,0.04663542318437974,0.03447043734787636,0.06225311936955047,0.06614238429611785,0.041603025674594514,0.24626865290438948,0.14140798574875924,0.2313977498996892,-0.5738910189257735,0.23739908356971415,0.24601349874970002,0.1420437530721047,0.23108682890972576,0.24016868600422114,0.2372536184449778,0.9992595233675684,0.4827725076634504,0.47207062677742667
googlelocal,query3,4,1/4,85.22198409796214,20.18420305941254,259584980.0,289551195.0,0.0,0.0,13557.0,82.5208177529865,19.325005752034485,244473670.0,271610799.0,518.0,0.0,13557.0,73.72567264837836,15.315724186599255,200185157.0,492702480.0,3177.0,0.0,13557.0,73.63344293173128,15.315724186599255,200185157.0,221091681.0,3177.0,0.0,13557.0,0.0,0.0,0.0,0.0,0.0,0.0,0.0,0.0,48.047051933228204,164052051.0,46.02898957885746,154734435.0,38.68348493904261,278297573.0,38.62460997101656,123563138.0,37.17493216473392,125499144.0,36.49182817412902,116876364.0,35.04218770933574,214404907.0,35.008832960714706,97528543.0,0.0,0.0,0.0,0.0,0.0,0.0,0.0,0.0,289551.195,0.004516678852757388,0.015968540651194695,271610.799,0.0044356699862608834,0.015694775811146887,492510.359,0.004027592499184964,0.013101781119856153,220953.434,0.004022973033758859,0.013073424438769275,13557,0.042567809333318385,0.03169565193261237,0.05821334500940689,0.06195932294460049,0.038209043298664896,0.24120243234190797,0.13489842522756612,0.2288261169810364,-0.7016074825731595,0.23434388138968798,0.24120243234190797,0.13598065439206275,0.2288261169810364,0.23643319448223998,0.23434388138968798,0.9987490149179519,0.4487326327239108,0.44862697801651724
googlelocal,query3,4,inf,85.35365812728872,20.290810915641487,263418234.0,292762952.0,0.0,0.0,13637.0,82.63379135114717,19.432991796173155,248258808.0,274759592.0,513.0,0.0,13637.0,74.25854161269353,15.4248555470258,205528293.0,501216431.0,3199.0,0.0,13637.0,74.1651945859624,15.4248555470258,205528293.0,226456839.0,3199.0,0.0,13637.0,0.0,0.0,0.0,0.0,0.0,0.0,0.0,0.0,48.015887157583386,166949370.0,45.9721318528762,157525872.0,39.037636504193586,285940753.0,38.977658714515464,128414881.0,37.33777096970532,125813582.0,36.66165949827095,117233720.0,35.22090510849994,215275678.0,35.18753587144692,98041958.0,0.0,0.0,0.0,0.0,0.0,0.0,0.0,0.0,292762.952,0.004496599660517597,0.01566189376738103,274759.592,0.004404094721851699,0.015447328071279394,501216.431,0.004012128680893719,0.013034873298996679,226456.839,0.0040078642906114775,0.013006452349187039,13637,0.042276236422225444,0.03186584893743383,0.05754888630830313,0.06149466616937238,0.037618244481924176,0.23981078867896255,0.1299899354992956,0.21976436528687682,-0.7120213728409188,0.23458238615531274,0.23981078867896255,0.13108358548195864,0.21976436528687682,0.2264839609897088,0.23458238615531274,0.9987429455965079,0.45181447573094424,0.4518144757309443
googlelocal,query3,8,1,173.4040797955604,40.74710047058761,527969628.0,591117803.0,0.0,0.0,27289.0,167.64111905983822,38.97195645887405,496059422.0,553059529.0,1061.0,0.0,27289.0,134.46647397246312,25.458279009908438,338466006.0,922490901.0,9752.0,0.0,27289.0,134.319859045579,25.458279009908438,338466006.0,369431372.0,9752.0,0.0,27289.0,0.0,0.0,0.0,0.0,0.0,0.0,0.0,0.0,98.58725795229287,339143708.0,94.23014319433607,318920246.0,65.64587823587681,514320455.0,65.5425719452143,195400209.0,74.8168218432675,251974095.0,73.41097586550214,234139283.0,68.82059573658631,408170446.0,68.77728710036465,174031163.0,0.0,0.0,0.0,0.0,0.0,0.0,0.0,0.0,591117.803,0.004521461919212663,0.01882903203659872,553059.529,0.004448127105163359,0.018653943419299962,922490.901,0.003667219727548766,0.011290899936036606,369431.372,0.0036649727695903045,0.011266631917405817,27289,0.043564916060589653,0.03323428573604825,0.06043947285543483,0.06438356924262689,0.03888013485287112,0.37521250062234657,0.2245483835732346,0.3589290215762184,-0.5605872405098244,0.3573601084686137,0.37521250062234657,0.2253938938233797,0.3589290215762184,0.37502919024754866,0.3573601084686137,0.9989096544101086,0.40047156194118383,0.40047156194118383
googlelocal,query3,8,1/16,173.66737837707032,40.684925800189376,540489155.0,604040183.0,0.0,0.0,27252.0,168.27385826480483,39.05963278282434,510905221.0,568631211.0,967.0,107.0,27252.0,138.49970968828336,26.420939947478473,367339597.0,894283218.0,9187.0,107.0,27252.0,138.2786394767724,26.40251432545483,366948069.0,401924343.0,9195.0,107.0,27252.0,0.0,0.0,0.0,0.0,0.0,0.0,0.0,0.0,98.78302557116045,353255246.0,94.66674973696846,334090604.0,69.29562019673752,482650527.0,69.12733951331778,224917027.0,74.88435280590984,250784937.0,73.60710852783636,234540607.0,69.20408949154583,411632691.0,69.1512999634546,177007316.0,0.0,0.0,0.0,0.0,0.0,0.0,0.0,0.0,604040.183,0.0045254372333008285,0.01913804349548364,568631.211,0.0044544607368259504,0.018910868576617855,810670.514,0.003716268206693895,0.012465611889653094,325848.787,0.003713209624631902,0.012419025823503675,27252,0.039948285154731034,0.031056610416234642,0.054735481232736305,0.05862022593288296,0.03548363422868046,0.3505963344449434,0.20250014146255013,0.3203571364905555,-0.4805028591947169,0.3371128724497285,0.3510492201676343,0.20377309331785454,0.3210815321539615,0.3346066134146576,0.33740642888595335,0.998403821841876,0.44943742084177185,0.40194972109223653
googlelocal,query3,8,1/4,173.84102130385253,40.71372836083174,532636270.0,596797975.0,0.0,0.0,27262.0,167.99399510380508,38.92633784841746,500649832.0,558578321.0,1061.0,0.0,27262.0,135.36986125858226,25.54434182588011,345062271.0,935843495.0,9706.0,0.0,27262.0,135.2201150798022,25.54434182588011,345062271.0,377265174.0,9706.0,0.0,27262.0,0.0,0.0,0.0,0.0,0.0,0.0,0.0,0.0,98.93955233872084,344851481.0,94.48484523133114,324204491.0,66.48700755921897,527246363.0,66.38043970799022,203041872.0,74.90146896513167,251946494.0,73.50914987247393,234373830.0,68.88285369936328,408597132.0,68.83967537181196,174223302.0,0.0,0.0,0.0,0.0,0.0,0.0,0.0,0.0,596797.975,0.004528636493982696,0.01909799172848644,558578.321,0.00445348758602696,0.018881153171073587,933660.654,0.0036805149343498767,0.011544928912680467,375512.033,0.0036780736257038802,0.011519625321339759,27262,0.0439014205865218,0.03363432955117984,0.060053060224381616,0.0640411924990194,0.03891864133225736,0.37258652414513804,0.22130081701503268,0.3521615210319793,-0.5681076917192958,0.3560267038368425,0.37258652414513804,0.22216221427131266,0.3521615210319793,0.3678511157816847,0.3560267038368425,0.9988937997173979,0.40312848891469827,0.4021932716037962
googlelocal,query3,8,inf,173.3508658952442,40.805290509946644,537503720.0,600054494.0,0.0,0.0,27315.0,168.12087816203004,39.0574309611693,507467344.0,564701534.0,1065.0,0.0,27315.0,136.24330945030167,25.62103485595435,353336393.0,950904147.0,9799.0,0.0,27315.0,136.0918492383232,25.62103485595435,353336393.0,386202613.0,9799.0,0.0,27315.0,0.0,0.0,0.0,0.0,0.0,0.0,0.0,0.0,98.30295371368479,346910901.0,94.49121927612796,329440371.0,67.33114366107544,542015477.0,67.22224160094132,212575106.0,75.0479121815594,253143593.0,73.62965888590207,235261163.0,68.91216578922621,408888670.0,68.86960763738185,173627507.0,0.0,0.0,0.0,0.0,0.0,0.0,0.0,0.0,600054.494,0.004533120280859941,0.018574875998480192,564701.534,0.004468337978033298,0.01844139488076972,950904.147,0.003682858856357186,0.011728997563509418,386202.613,0.0036810055476875644,0.011704015799455288,27315,0.0428341405473216,0.03016995448049642,0.05588124301725761,0.05891624902987558,0.03898956617243273,0.3721148768758551,0.21406040433260143,0.34263451609227935,-0.5846963175981146,0.35874061870766977,0.3721148768758551,0.21493412487155739,0.34263451609227935,0.35638743337200973,0.35874061870766977,0.9988883108272284,0.4061425267924507,0.4061425267924507
googlelocal,query3,16,inf,346.08573447009763,81.61020167730749,1060184412.0,1184105448.0,0.0,0.0,54779.0,335.46633817586263,78.10413380432874,998983934.0,1111962894.0,2142.0,0.0,54779.0,246.28469838507596,41.5427789548412,573777226.0,1729365659.0,25724.0,0.0,54779.0,246.06669369206944,41.5427789548412,573777226.0,617402765.0,25724.0,0.0,54779.0,0.0,0.0,0.0,0.0,0.0,0.0,0.0,0.0,195.60623397514127,679149393.0,187.8785077069367,643573041.0,111.4777416953383,957098403.0,111.30025191432668,313525362.0,150.47950049495637,504956055.0,147.58783046892594,468389853.0,134.8069566897377,772267256.0,134.76644177774284,303877403.0,0.0,0.0,0.0,0.0,0.0,0.0,0.0,0.0,1184105.448,0.004525478965399736,0.020697663683101476,1111962.894,0.0044759879748168824,0.020655021020194456,1729365.659,0.003439907406801474,0.00878234404924586,617402.765,0.0034412690727746646,0.008763947373844628,54779,0.0429611470247554,0.030684293620176772,0.05772625715609936,0.06092578504883295,0.039102575804596654,0.49096095707367216,0.28837084613681074,0.45879488558260373,-0.4604828158851608,0.46959601307070226,0.49096095707367216,0.28900076141875763,0.45879488558260373,0.4785913990660061,0.46959601307070226,0.9991148264815638,0.3570111166408908,0.3570111166408908
googlelocal,query3,50,inf,1086.532273577255,255.34966979175806,3346536400.0,3740991600.0,0.0,0.0,171000.0,1050.4150106363763,244.22913882881403,3148307200.0,3504521600.0,6600.0,0.0,171000.0,689.5705084173699,92.3007071018219,1387286200.0,4976331600.0,105600.0,0.0,171000.0,689.1936105278064,92.3007071018219,1387286200.0,1471810000.0,105600.0,0.0,171000.0,0.0,0.0,0.0,0.0,0.0,0.0,0.0,0.0,617.6453597443382,2163012800.0,590.1773215265185,2035954400.0,286.0237997097026,2762494600.0,285.58470332690257,726540200.0,468.8869138329206,1577978800.0,460.23768910986104,1468567200.0,403.5467087076669,2213837000.0,403.6089072009037,745269800.0,0.0,0.0,0.0,0.0,0.0,0.0,0.0,0.0,3740991.6,0.004518101078255051,0.025518975176645392,3504521.6,0.004488827188296193,0.025518975176645392,4976331.6,0.0030872843629586887,0.005437068030772953,1471810.0,0.0030766693006429534,0.0054218905817549155,171000,0.04355020694568745,0.033240856087935255,0.059234138316857976,0.06321051349059437,0.03859649122807018,0.6385321070628575,0.3653474220815772,0.5854561151643234,-0.33021726111333694,0.6175438596491228,0.6385321070628575,0.36569430353068744,0.5854561151643234,0.6065722253960688,0.6175438596491228,0.9994534309617903,0.295762042867079,0.2957620428670791
googlelocal,query4,1,inf,13.745328382140599,4.283748306334019,17234609.0,17765093.0,0.0,0.0,3267.0,13.301405336501704,3.8437490118667483,15287534.0,15516201.0,277.0,0.0,3267.0,13.308583352523135,3.8437490118667483,15287534.0,31032402.0,277.0,0.0,3267.0,13.301405336501704,3.8437490118667483,15287534.0,15516201.0,277.0,0.0,3267.0,0.0,0.0,0.0,0.0,0.0,0.0,0.0,0.0,10.35775402655571,17765093.0,9.908379090489806,15516201.0,9.915557106511237,31032402.0,9.908379090489806,15516201.0,3.3875743555848885,0.0,3.393026246011897,0.0,3.393026246011897,0.0,3.393026246011897,0.0,0.0,0.0,0.0,0.0,0.0,0.0,0.0,0.0,17765.093,0.0034965384353715418,0.005571082969458723,15516.201,0.0034009934437484067,0.005528529752710684,31032.402,0.0034011227735819783,0.0055340720645235255,15516.201,0.0034009934437484067,0.005528529752710684,3267,0.10271361970932802,0.03229628520302852,0.11297471268422743,0.12659049969510427,0.08478726660544843,0.10271361970932802,0.031774070249564246,0.11297471268422743,-0.7468190006097915,0.08478726660544843,0.10271361970932802,0.03229628520302852,0.11297471268422743,0.12659049969510427,0.08478726660544843,0.9994606476263252,0.5,0.5
googlelocal,query4,2,1,27.17953465065388,8.310133714228868,40525411.0,42213086.0,0.0,0.0,6364.0,26.289758502104785,7.722119650803506,34097685.0,35057014.0,352.0,0.0,6364.0,26.20202751848548,7.1763955326750875,33158488.0,69813054.0,894.0,0.0,6364.0,26.19262211166545,7.1763955326750875,33158488.0,34756040.0,894.0,0.0,6364.0,0.0,0.0,0.0,0.0,0.0,0.0,0.0,0.0,20.446953501795992,42213086.0,19.550698687465548,35057014.0,19.467841485638434,69813054.0,19.453521549196804,34756040.0,6.732581148857889,0.0,6.739059814639236,0.0,6.734186032847043,0.0,6.739100562468644,0.0,0.0,0.0,0.0,0.0,0.0,0.0,0.0,0.0,42213.086,0.0033521131768654523,0.006856664281181938,35057.014,0.0033320335367499846,0.0066834652862271665,69813.054,0.003323602337208056,0.006678682904518116,34756.04,0.0033253328150677506,0.006669229508179877,6364,0.07075867653230972,0.03273698979712625,0.15860976709156638,0.16952259780296564,0.05531112507856694,0.1364283921945274,0.035964822236015936,0.18178527541645417,-0.6538249300228844,0.1404776869893149,0.1364283921945274,0.03631086961839092,0.18178527541645417,0.17665247217415003,0.1404776869893149,0.9996410427852046,0.49784442892299197,0.49784442892299197
googlelocal,query4,2,1/16,27.47510346982903,8.283864490687847,45776230.0,47801117.0,0.0,0.0,6306.0,26.806583489102476,7.696024350821972,43254989.0,44791377.0,367.0,68.0,6306.0,26.39583760448024,7.143476373516023,37614462.0,59964622.0,890.0,59.0,6306.0,27.00864441564356,7.2200509281829,43771385.0,46274714.0,871.0,125.0,6306.0,0.0,0.0,0.0,0.0,0.0,0.0,0.0,0.0,20.761808573508223,47801117.0,20.088777560412094,44791377.0,19.682865694292207,59964622.0,20.291021927552737,46274714.0,6.7132948963208054,0.0,6.717805928690381,0.0,6.712971910188028,0.0,6.7176224880908215,0.0,0.0,0.0,0.0,0.0,0.0,0.0,0.0,0.0,47801.117,0.0033705204779114063,0.006982954890264146,44791.377,0.0033390493221840565,0.0069046593026083035,56263.887,0.0033297264238427403,0.006823405485526546,45098.268,0.0033486940260454693,0.00690341279101453,6306,0.07096206613793421,0.02433184579125136,0.055077515120838916,0.06296380061578899,0.05819854107199492,0.13766378221828357,0.03928159420887911,0.17829707688903174,-0.2544606855107592,0.14113542657786235,0.1284199619272881,0.01697751765330746,0.04379663856110472,0.03193237095275414,0.13812242308912148,1.0232160396023693,0.7717002535261541,0.8015491002248031
googlelocal,query4,2,1/4,27.42883656386561,8.25572645291686,41867809.0,43932184.0,0.0,0.0,6306.0,26.559516282247948,7.730555790476501,36476507.0,37804282.0,314.0,0.0,6306.0,26.420454229659523,7.1681225365027785,35253619.0,74976532.0,873.0,0.0,6306.0,26.40999157265611,7.1681225365027785,35253619.0,37172250.0,873.0,0.0,6306.0,0.0,0.0,0.0,0.0,0.0,0.0,0.0,0.0,20.662369952798134,43932184.0,19.788658491509995,37804282.0,19.65121584948649,74976532.0,19.63575067895521,37172250.0,6.766466611067472,0.0,6.770857790737949,0.0,6.7692383801730305,0.0,6.774240893700901,0.0,0.0,0.0,0.0,0.0,0.0,0.0,0.0,0.0,43932.184,0.0033549096209760246,0.007036264768877945,37804.282,0.0033369678072501597,0.006922468998691459,74043.526,0.003331314336986382,0.006897116455258302,36540.218,0.0033330435806493285,0.006887037057264948,6306,0.06361289529582337,0.031693662237314624,0.12876962345939813,0.13948548517414927,0.04979384712971773,0.13173933543181005,0.03676358389675616,0.15797793478994804,-0.7066424924378902,0.1384395813510942,0.13173933543181005,0.037145031246119675,0.15797793478994804,0.1538720223879605,0.1384395813510942,0.9996039940527719,0.49578513447381106,0.4934964604467918
googlelocal,query4,2,inf,26.556287559302877,8.128376595675945,42636745.0,43790248.0,0.0,0.0,6249.0,25.74240933910395,7.660675317980349,36002427.0,36492102.0,282.0,0.0,6249.0,25.6093003774578,7.129625014960766,34520131.0,72059611.0,802.0,0.0,6249.0,25.5989545575999,7.129625014960766,34520131.0,35567509.0,802.0,0.0,6249.0,0.0,0.0,0.0,0.0,0.0,0.0,0.0,0.0,19.882882860838574,43790248.0,19.066920736010626,36492102.0,18.938121524246874,72059611.0,18.923175403004045,35567509.0,6.673404698464299,0.0,6.6754886030933225,0.0,6.671178853210926,0.0,6.675779154595852,0.0,0.0,0.0,0.0,0.0,0.0,0.0,0.0,0.0,43790.248,0.003368543750869059,0.006733513632353343,36492.102,0.0033359411836017794,0.006598480240245039,72059.611,0.0033257308653316365,0.006579437031764655,35567.509,0.0033274454684753506,0.00656967749422269,6249,0.05753932192861233,0.030647289022663782,0.155600949368907,0.16666144480387501,0.04512722035525684,0.12287220811674571,0.03565962221678609,0.19036664266936887,-0.6455629801411493,0.1283405344855177,0.12287220811674571,0.036049203020759424,0.19036664266936887,0.18777557505497566,0.1283405344855177,0.9995960131785948,0.4935845268440319,0.49358452684403187
googlelocal,query4,4,1,55.047573410395884,16.62008980382234,89469265.0,93280726.0,0.0,0.0,12697.0,53.05456372761275,15.40307008009404,74114031.0,76293468.0,729.0,0.0,12697.0,52.48622423581665,13.05347699392587,69144743.0,149895201.0,3040.0,0.0,12697.0,52.47997704689899,13.05347699392587,69144743.0,73601733.0,3040.0,0.0,12697.0,0.0,0.0,0.0,0.0,0.0,0.0,0.0,0.0,41.56845095902255,93280726.0,39.56737253683941,76293468.0,38.98554595180222,149895201.0,38.95972862830442,73601733.0,13.479122451373328,0.0,13.487191190773338,0.0,13.500678284014425,0.0,13.52024841859456,0.0,0.0,0.0,0.0,0.0,0.0,0.0,0.0,0.0,93280.726,0.0033615423508751626,0.007899027003377622,76293.468,0.0033305271171571718,0.007288674767112304,149895.201,0.0032680768360727167,0.007132140835578544,73601.733,0.00327153563428098,0.0071219283779449215,12697,0.07322582116544307,0.0362052232152843,0.1716257979765453,0.1821089814416753,0.05741513743403954,0.21459648244958396,0.04652973811367889,0.22716764243005683,-0.6069257544157622,0.23942663621327873,0.21459648244958396,0.04664322520367448,0.22716764243005683,0.21096526414256256,0.23942663621327873,0.9998809746936721,0.49102127692533665,0.4910212769253366
googlelocal,query4,4,1/16,53.63379171357865,16.50950623769313,79585153.0,81989116.0,0.0,0.0,12694.0,52.5865737403193,15.469721441157162,75756915.0,77474506.0,665.0,120.0,12694.0,51.657801399286,13.18671205919236,63650890.0,103957434.0,2866.0,103.0,12694.0,52.73531276347716,13.318067640066147,74819410.0,79495192.0,2834.0,220.0,12694.0,0.0,0.0,0.0,0.0,0.0,0.0,0.0,0.0,40.25008125663259,81989116.0,39.18892265838274,77474506.0,38.2488710004873,103957434.0,39.30659680607283,79495192.0,13.383710456946055,0.0,13.397651081936559,0.0,13.408930398798702,0.0,13.428715957404329,0.0,0.0,0.0,0.0,0.0,0.0,0.0,0.0,0.0,81989.116,0.0033578349093738432,0.007290954298509231,77474.506,0.003330317523479701,0.00714734987521725,94426.906,0.003266837997846232,0.006804538319029787,74584.39,0.003273438309238249,0.00713908947341325,12694,0.0629809748132878,0.019525339152820398,0.048102414278200833,0.0550635281883024,0.05238695446667717,0.20126550913524255,0.03684226401230517,0.20021652782397747,-0.2679418814565582,0.22577595714510793,0.19330914878244854,0.016752105741463352,0.05988231247102083,0.03041774471626213,0.2232550811406964,1.0208586377082254,0.7646898248758237,0.7898637492157161
googlelocal,query4,4,1/4,55.19912179055873,16.522039622999728,94514466.0,98991710.0,0.0,0.0,12636.0,53.27538546604136,15.569634525105357,78374413.0,81118356.0,561.0,0.0,12636.0,52.81544874003696,13.297054113820195,73990353.0,160116774.0,2807.0,0.0,12636.0,52.806152495656946,13.297054113820195,73990353.0,78998418.0,2807.0,0.0,12636.0,0.0,0.0,0.0,0.0,0.0,0.0,0.0,0.0,41.71971417107424,98991710.0,39.786305950490494,81118356.0,39.307687326600124,160116774.0,39.27934885107759,78998418.0,13.479407619484485,0.0,13.48907951555086,0.0,13.50776141343683,0.0,13.526803644579351,0.0,0.0,0.0,0.0,0.0,0.0,0.0,0.0,0.0,98991.71,0.0033658684476110573,0.008075840920798428,81118.356,0.0033379861927156237,0.007523611546058153,151976.546,0.0032727687996457772,0.007436478078263886,74034.733,0.0032762686561524385,0.007424978064216619,12636,0.05764452329290881,0.03485085019679435,0.17076807057239263,0.1805540484147612,0.044396961063627734,0.1951929412328819,0.04318316982589143,0.21715313928769375,-0.6174765947572782,0.22214308325419438,0.1951929412328819,0.043351582729547644,0.21715313928769375,0.2019693568279607,0.22214308325419438,0.9998239862653487,0.49338002525581737,0.48714577971787826
googlelocal,query4,4,inf,53.95443478515558,16.45608443301171,77701868.0,80492698.0,0.0,0.0,12607.0,52.550301263336365,15.460213922895491,68498998.0,70193225.0,613.0,0.0,12607.0,51.97007086249852,13.076448645442724,63520641.0,137797705.0,2947.0,0.0,12607.0,51.96693482302977,13.076448645442724,63520641.0,67604480.0,2947.0,0.0,12607.0,0.0,0.0,0.0,0.0,0.0,0.0,0.0,0.0,40.61665771118492,80492698.0,39.20304214108014,70193225.0,38.62253946886357,137797705.0,38.59977044916735,67604480.0,13.337777073970654,0.0,13.347259122256215,0.0,13.347531393634945,0.0,13.367164373862416,0.0,0.0,0.0,0.0,0.0,0.0,0.0,0.0,0.0,80492.698,0.0033674758489075536,0.007567635487468859,70193.225,0.003341942630959375,0.007288559475757127,137797.705,0.003274547941277497,0.007176381767261416,67604.48,0.003278011009150383,0.007166272163607126,12607,0.060516857103531496,0.026024432049198798,0.11843820794630056,0.12795537056044515,0.04862378043943841,0.20537302183436001,0.03677851376923358,0.18250818628967835,-0.7119280186135641,0.23375902276513047,0.20537302183436001,0.03683663761913092,0.18250818628967835,0.1601166108259907,0.23375902276513047,0.9999396568175355,0.4906067194660463,0.4906067194660463
googlelocal,query4,8,1,108.6457423150154,32.935316387563944,168377274.0,175307819.0,0.0,0.0,25248.0,105.24273117952804,30.92308977805078,143803541.0,147862188.0,1212.0,0.0,25248.0,103.10276786430028,23.962997475638986,128338924.0,285473150.0,7941.0,0.0,25248.0,103.11894237810579,23.962997475638986,128338924.0,137610962.0,7941.0,0.0,25248.0,0.0,0.0,0.0,0.0,0.0,0.0,0.0,0.0,81.71039352066677,175307819.0,78.29042796278294,147862188.0,76.03528258194098,285473150.0,75.99803829551169,137610962.0,26.9353487943486,0.0,26.952303216745065,0.0,27.067485282359286,0.0,27.12090408259408,0.0,0.0,0.0,0.0,0.0,0.0,0.0,0.0,0.0,175307.819,0.003377855232248032,0.007879578165460322,147862.188,0.003333287769739661,0.007136776941485648,285473.15,0.0032051488569049386,0.006713858244105866,137610.962,0.003209763629999746,0.006705922354834098,25248,0.06109631939874005,0.031322084630067026,0.14594447585604697,0.15655679910090037,0.04800380228136882,0.27242242966012065,0.05101879128077946,0.23778951309070373,-0.628410824048869,0.3145199619771863,0.27242242966012065,0.05086991739524227,0.23778951309070373,0.21503237685023047,0.3145199619771863,1.000156877590588,0.48204520109859716,0.48204520109859716
googlelocal,query4,8,1/16,109.13560050342271,32.865302885882556,183458804.0,190921483.0,0.0,0.0,25148.0,106.91249949584697,31.130836207419634,174614466.0,180387393.0,1090.0,288.0,25148.0,104.49324425264574,24.646015997044742,144315367.0,233219797.0,7338.0,247.0,25148.0,107.17827811283071,24.971234116703272,171578028.0,185009424.0,7260.0,494.0,25148.0,0.0,0.0,0.0,0.0,0.0,0.0,0.0,0.0,82.33949469581921,190921483.0,80.09873531669479,180387393.0,77.6058876948472,233219797.0,80.23931935329662,185009424.0,26.796105807603475,0.0,26.813764179152166,0.0,26.887356557798533,0.0,26.938958759534074,0.0,0.0,0.0,0.0,0.0,0.0,0.0,0.0,0.0,190921.483,0.003388353185059452,0.008024371518690083,180387.393,0.0033482209669704857,0.0077794983140024735,199119.37,0.003218840709551899,0.0072578525876604225,161759.555,0.0032289008362321094,0.00788612389637338,25148,0.05277500969595417,0.020370080865647622,0.048208850200506026,0.05517498520582931,0.04334340703038015,0.2500901001088429,0.04253750590423866,0.21336363339641085,-0.22154821623714294,0.2917925878797519,0.24019461486753002,0.017934774551688237,0.06475991198547226,0.03096591806800497,0.2886909495784953,1.0256957651127478,0.79328353072874,0.8123747830258804
googlelocal,query4,8,1/4,107.83701183047226,32.671980439685285,177705295.0,184011755.0,0.0,0.0,25123.0,104.35910633979074,31.02903056051582,147639177.0,150806500.0,957.0,0.0,25123.0,102.39285165288882,24.076119551435113,132643174.0,291963962.0,7697.0,0.0,25123.0,102.40715781227344,24.07699633669108,132639084.0,141157462.0,7696.0,0.0,25123.0,0.0,0.0,0.0,0.0,0.0,0.0,0.0,0.0,81.03415692233882,184011755.0,77.54366518958673,150806500.0,75.45477294867698,291963962.0,75.41602832107273,141157462.0,26.80285490813342,0.0,26.815441150203984,0.0,26.938078704211822,0.0,26.991129491200695,0.0,0.0,0.0,0.0,0.0,0.0,0.0,0.0,0.0,184011.755,0.0033738984742965037,0.007854385104851742,150806.5,0.003340006035371293,0.007100317257905323,271118.266,0.0032065418354589557,0.00660249622226081,125809.728,0.0032112596542001404,0.0065947800575587336,25123,0.050286204174321836,0.03225150096099705,0.16919089552171196,0.1804518140702478,0.03809258448433706,0.26309580174115,0.050485080077534605,0.25357781826365955,-0.586659297934526,0.3063726465788321,0.2630689657414901,0.050352415427969754,0.253600833897493,0.23288888799522622,0.30633284241531666,1.000139718341209,0.48347563525665543,0.4640400289370396
googlelocal,query4,8,inf,108.80060890024315,32.857788627035916,175076788.0,182104558.0,0.0,0.0,25165.0,105.22742370237395,30.851926293224096,147163252.0,151106130.0,1202.0,0.0,25165.0,102.75190186506798,23.738834774121642,129663350.0,289798408.0,8037.0,0.0,25165.0,102.76790801273201,23.738834774121642,129663350.0,138692278.0,8037.0,0.0,25165.0,0.0,0.0,0.0,0.0,0.0,0.0,0.0,0.0,81.91410653238545,182104558.0,78.32093950400014,151106130.0,75.75446258536236,289798408.0,75.71677341194334,138692278.0,26.88650236785768,0.0,26.9064841983738,0.0,26.997439279705603,0.0,27.05113460078867,0.0,0.0,0.0,0.0,0.0,0.0,0.0,0.0,0.0,182104.558,0.0033809888030234213,0.00807667208349513,151106.13,0.003336686942671812,0.007416901389120091,289798.408,0.0032025741798574927,0.006862066373372424,138692.278,0.0032068228731656637,0.0068537005588244085,25165,0.06104678426719701,0.03284159191742542,0.1594359613222971,0.1702232406505717,0.047764752632624675,0.27752792363546497,0.055594422644464236,0.25939154195586456,-0.5913847032867787,0.31937214385058615,0.27752792363546497,0.05544730813999754,0.25939154195586456,0.23839205606264946,0.31937214385058615,1.0001557747095042,0.47858191822779095,0.47858191822779095
googlelocal,query4,16,inf,216.03915264642382,65.61197770480067,333584759.0,346174063.0,0.0,0.0,50348.0,209.2323901083531,61.767420437186956,282801866.0,289510609.0,2299.0,0.0,50348.0,201.08874000451445,43.10666077397764,228329971.0,534352173.0,19885.0,0.0,50348.0,201.175848975859,43.10666077397764,228329971.0,244841564.0,19885.0,0.0,50348.0,0.0,0.0,0.0,0.0,0.0,0.0,0.0,0.0,162.31385086147372,346174063.0,155.4666625226088,289510609.0,146.93989097228052,534352173.0,146.89570281721268,244841564.0,53.725301784950034,0.0,53.76572758574426,0.0,54.14884903223391,0.0,54.2801461586463,0.0,0.0,0.0,0.0,0.0,0.0,0.0,0.0,0.0,346174.063,0.0034066516647878525,0.007640972260322367,289510.609,0.003341824044043728,0.006960257508262936,534352.173,0.003144466983867006,0.005481654488212292,244841.564,0.0031497553100070038,0.005477419126436059,50348,0.058595357160410866,0.0315070784841065,0.15223385250643295,0.1636848627795665,0.04566219114959879,0.3430062271873321,0.06920232957207373,0.31552636971642944,-0.5435939029320056,0.3949511400651466,0.3430062271873321,0.06879912038393587,0.31552636971642944,0.2927212342884279,0.3949511400651466,1.0004331867181753,0.4582026168723001,0.45820261687230013
googlelocal,query4,50,inf,676.0671368104605,205.02841230481863,1059428000.0,1099309400.0,0.0,0.0,157200.0,654.9656118479263,193.3458073064685,898627200.0,920407600.0,7000.0,0.0,157200.0,598.1538839824393,109.55545734614134,529246600.0,1486473000.0,81800.0,0.0,157200.0,598.6682611752523,109.55545734614134,529246600.0,566065400.0,81800.0,0.0,157200.0,0.0,0.0,0.0,0.0,0.0,0.0,0.0,0.0,508.5389028737749,1099309400.0,487.33117784137863,920407600.0,428.87298901043295,1486473000.0,428.88208719867197,566065400.0,167.52823393668635,0.0,167.6344340065481,0.0,169.28089497200642,0.0,169.78617397658024,0.0,0.0,0.0,0.0,0.0,0.0,0.0,0.0,0.0,1099309.4,0.0034213117256592447,0.008950044850615735,920407.6,0.0033028591755488797,0.007968060740066629,1486473.0,0.003066613997069345,0.004708710008154385,566065.4,0.0030766693006429534,0.0047067177135329185,157200,0.056980419772170166,0.031212173782158126,0.15178077226578868,0.16274017123841567,0.044529262086514,0.4656571929978969,0.1152448456459505,0.5004411814677354,-0.3521880191327391,0.5203562340966921,0.4656571929978969,0.1144840082012557,0.5004411814677354,0.4850718096288452,0.5203562340966921,1.0008599412401844,0.38081108772241407,0.38081108772241407
music_brainz_20k,query1,1,inf,43.21256283028287,27.799060235731304,50950767.0,61507949.0,0.0,0.0,3006.0,42.974614442013994,27.540812397375703,50942986.0,61507949.0,26.0,0.0,3006.0,43.003068897029586,27.540812397375703,50942986.0,123015898.0,26.0,0.0,3006.0,42.974614442013994,27.540812397375703,50942986.0,61507949.0,26.0,0.0,3006.0,0.0,0.0,0.0,0.0,0.0,0.0,0.0,0.0,13.063374312263864,0.0,12.992743506293902,0.0,12.992743506293902,0.0,12.992743506293902,0.0,0.0,0.0,0.0,0.0,0.0,0.0,0.0,0.0,30.149188518019002,61507949.0,29.98187093572009,61507949.0,30.01032539073568,123015898.0,29.98187093572009,61507949.0,61507.949,0.012493012347986871,0.02270386243083695,61507.949,0.012454449024812117,0.02269522123698326,123015.898,0.012456917657157405,0.0227207948617562,61507.949,0.012454449024812117,0.02269522123698326,3006,0.00928980462525364,0.005506463229302483,0.00015271605234123964,0.0,0.008649367930805056,0.00928980462525364,0.004847986778198532,0.00015271605234123964,-1.0,0.008649367930805056,0.00928980462525364,0.005506463229302483,0.00015271605234123964,0.0,0.008649367930805056,0.9993383157122175,0.5,0.5
music_brainz_20k,query1,2,1,86.53464073617609,55.531835787929595,103684372.0,125306553.0,0.0,0.0,5937.0,86.09650090404716,55.053801943548024,103671430.0,125306553.0,49.0,0.0,5937.0,82.68504877264617,52.039048969745636,99077993.0,245115136.0,432.0,0.0,5937.0,82.63189414950688,52.039048969745636,99077993.0,119808583.0,432.0,0.0,5937.0,0.0,0.0,0.0,0.0,0.0,0.0,0.0,0.0,25.822943831011766,0.0,25.673720385421536,0.0,24.481345322638553,0.0,24.484588158041042,0.0,0.0,0.0,0.0,0.0,0.0,0.0,0.0,0.0,60.71169690516432,125306553.0,60.422780518625615,125306553.0,58.203703450007616,245115136.0,58.14730599146582,119808583.0,125306.553,0.011826827904006416,0.024940100708121384,125306.553,0.011796387163719111,0.024940100414754775,245115.136,0.011415104050354667,0.02471512832296796,119808.583,0.011414987074568873,0.024684994915762863,5937,0.008608284556036128,0.0050631727179027974,0.00012482112540546098,0.0,0.008253326595923868,0.06289701697459726,0.04448613793020095,0.04442693639500461,-0.9561238429406003,0.07276402223345124,0.06289701697459726,0.045100396251343655,0.04442693639500461,0.043876157059399734,0.07276402223345124,0.9993571434748083,0.488784923506315,0.488784923506315
music_brainz_20k,query1,2,1/16,87.29840798472743,56.06921615730971,103526483.0,125140885.0,0.0,0.0,6038.0,86.80135508441525,55.52511467598379,103512145.0,125140885.0,57.0,50.0,6038.0,83.2392012030277,52.45818969607353,98392907.0,225194080.0,442.0,50.0,6038.0,83.18203148693279,52.44387397170067,98391493.0,118996095.0,444.0,55.0,6038.0,0.0,0.0,0.0,0.0,0.0,0.0,0.0,0.0,25.752831744728372,0.0,25.56717544177709,0.0,24.405291280250392,0.0,24.39559114252703,0.0,0.0,0.0,0.0,0.0,0.0,0.0,0.0,0.0,61.54557623999905,125140885.0,61.23417964263815,125140885.0,58.833909922777316,225194080.0,58.78644034440574,118996095.0,125140.885,0.01163124244546699,0.02493717170039373,125140.885,0.011595262844378078,0.024935579883011007,189960.851,0.011130122998860027,0.02466707799382015,84714.635,0.011130062584156835,0.024643336675438977,6038,0.009704103581533507,0.005693722391811984,0.0001384959633952132,0.0,0.009440211990725405,0.0644030130741432,0.04649806193957018,0.0495870800517777,-0.7995244320031778,0.07320304736667771,0.06465833543022359,0.04715293890026939,0.049600738392706734,0.04910297701666411,0.07353428287512422,0.9993131875934816,0.5284157336640466,0.4459583885523865
music_brainz_20k,query1,2,1/4,86.96187892486385,55.82078651152551,104230564.0,125828942.0,0.0,0.0,5978.0,86.58978560156557,55.41794979572296,104219769.0,125828942.0,39.0,0.0,5978.0,82.98922302780107,52.40513902902603,98480333.0,244755378.0,428.0,0.0,5978.0,82.93590215483192,52.40513902902603,98480333.0,118926436.0,428.0,0.0,5978.0,0.0,0.0,0.0,0.0,0.0,0.0,0.0,0.0,25.9973620320481,0.0,25.90188520299516,0.0,24.673992162791336,0.0,24.677360689488495,0.0,0.0,0.0,0.0,0.0,0.0,0.0,0.0,0.0,60.96451689281576,125828942.0,60.687900398570406,125828942.0,58.31523086500973,244755378.0,58.25854146534342,118926436.0,125828.942,0.011793540676852638,0.02504829098743568,125828.942,0.011766609477607484,0.02504824520985777,244755.378,0.011316702727835375,0.024762503657581373,118926.436,0.011316223773198027,0.024732055511774445,5978,0.007216607664948915,0.004278809610585577,0.00010356846960934973,0.0,0.006523921043827367,0.06118952626714136,0.04568272841132148,0.055168376523415885,-0.9451437333073975,0.07159585145533623,0.06118952626714136,0.046295880675605305,0.055168376523415885,0.05485626669260235,0.07159585145533623,0.999357496419128,0.48589917399077537,0.4858991739907754
music_brainz_20k,query1,2,inf,85.9148018376278,55.12786666955799,102805312.0,124176743.0,0.0,0.0,5925.0,85.5212655523161,54.70073673129082,102792799.0,124176743.0,43.0,0.0,5925.0,82.4409160447703,51.89096788316965,98981090.0,243825746.0,416.0,0.0,5925.0,82.38815839656637,51.89096788316965,98981090.0,119649003.0,416.0,0.0,5925.0,0.0,0.0,0.0,0.0,0.0,0.0,0.0,0.0,25.273775830489832,0.0,25.156797687407554,0.0,23.89057796787329,0.0,23.893971632829384,0.0,0.0,0.0,0.0,0.0,0.0,0.0,0.0,0.0,60.641026007137974,124176743.0,60.364467864908534,124176743.0,58.55033807689701,243825746.0,58.494186763736984,119649003.0,124176.743,0.011665113310126537,0.024883927692642385,124176.743,0.011637568486185695,0.02488345811877581,243825.746,0.011256081955816975,0.024694934283784647,119649.003,0.011256189401153482,0.02466464607834997,5925,0.007747985983702743,0.004580541151168127,0.00012171550045969592,0.0,0.007257383966244726,0.058716198937837305,0.04043407793016707,0.03719868093975531,-0.9635379388232144,0.07021097046413502,0.058716198937837305,0.041048147299769355,0.03719868093975531,0.03646206117678574,0.07021097046413502,0.9993600550462675,0.49071521347872754,0.4907152134787275
music_brainz_20k,query1,4,1,173.2959816689651,110.90841277688742,209544436.0,253115248.0,0.0,0.0,11900.0,172.50123167796565,110.04212876595557,209519203.0,253115248.0,89.0,0.0,11900.0,156.01112791286656,96.78661722596735,181982181.0,472965436.0,1681.0,0.0,11900.0,155.9140432409293,96.78661722596735,181982181.0,219850188.0,1681.0,0.0,11900.0,0.0,0.0,0.0,0.0,0.0,0.0,0.0,0.0,51.75267798988032,0.0,51.48494723659552,0.0,46.88747923231139,0.0,46.899834686577464,0.0,0.0,0.0,0.0,0.0,0.0,0.0,0.0,0.0,121.5433036790848,253115248.0,121.01628444137012,253115248.0,109.12364868055516,472965436.0,109.01420855435181,219850188.0,253115.248,0.011547510788572902,0.025813367118529926,253115.248,0.011519558883069034,0.025813367118529926,472965.436,0.010241140670308093,0.02575238777853808,219850.188,0.010241682966083281,0.02571942022245558,11900,0.007810805233274265,0.004586084358941589,0.0001204183727407937,0.0,0.007478991596638655,0.12732844332853854,0.09974180352962003,0.13153417731406625,-0.8685774157707007,0.14126050420168068,0.12732844332853854,0.1003020281291882,0.13153417731406625,0.13142258422929942,0.14126050420168068,0.9993777067492808,0.464833519039645,0.464833519039645
music_brainz_20k,query1,4,1/16,174.6070696929949,111.46689494512975,213014938.0,257484292.0,0.0,0.0,11949.0,173.62140651618003,110.3963366234675,212990211.0,257484292.0,106.0,114.0,11949.0,160.0803984497306,98.18389144260436,197011141.0,452697582.0,1611.0,114.0,11949.0,159.8645940971396,98.08407903742045,196739777.0,238079692.0,1624.0,134.0,11949.0,0.0,0.0,0.0,0.0,0.0,0.0,0.0,0.0,51.787395325950754,0.0,51.50737709696441,0.0,47.09982675453679,0.0,47.03458721569512,0.0,0.0,0.0,0.0,0.0,0.0,0.0,0.0,0.0,122.81967436704416,257484292.0,122.1140294192156,257484292.0,112.9805716951938,452697582.0,112.83000688144446,238079692.0,257484.292,0.011521043203102375,0.025684570281144178,257484.292,0.011480944419076615,0.025684570248547887,323117.031,0.010215041986604693,0.025652348591634348,111949.792,0.010215304458322657,0.025629178583605163,11949,0.00960427149414389,0.005645035900023632,0.00011608106094418424,0.0,0.008871035233073898,0.11916545723341465,0.08319635206527443,0.07512992821188902,-0.758156113072715,0.1348229977403967,0.12006090161834215,0.08443229487658477,0.07640384825969337,0.07536226714754313,0.13591095489162272,0.9986519002033919,0.5259133281608737,0.3464682491465453
music_brainz_20k,query1,4,1/4,171.9482250603205,110.15627032145858,206819583.0,249779530.0,0.0,0.0,11841.0,171.27513805598963,109.42272533010691,206798138.0,249779530.0,76.0,0.0,11841.0,156.1795507701135,96.49619144387543,185470457.0,473954222.0,1661.0,0.0,11841.0,156.0839212650223,96.49619144387543,185470457.0,224174692.0,1661.0,0.0,11841.0,0.0,0.0,0.0,0.0,0.0,0.0,0.0,0.0,51.331477948036834,0.0,51.10226666823432,0.0,46.311040245421644,0.0,46.323823050089594,0.0,0.0,0.0,0.0,0.0,0.0,0.0,0.0,0.0,120.61674711228365,249779530.0,120.1728713877553,249779530.0,109.86851052469184,473954222.0,109.76009821493271,224174692.0,249779.53,0.011399930873682672,0.025762296998297747,249779.53,0.011374168429786289,0.025762296998297747,472168.19,0.010237629462728578,0.025727145691099174,222796.561,0.010237585263571066,0.025694292086811687,11841,0.006659130607917563,0.0039144748606434465,0.00010368940740002053,0.0,0.006418376826281564,0.12400636693417666,0.0917059439530431,0.10322584394728229,-0.8974902466987587,0.14027531458491682,0.12400636693417666,0.09226209685928954,0.10322584394728229,0.10250975330124135,0.14027531458491682,0.9993876950943983,0.47298806845526953,0.47185847271922315
music_brainz_20k,query1,4,inf,174.54895184173122,112.0020104534924,208379248.0,251643538.0,0.0,0.0,12063.0,173.5674689143408,110.93519705347717,208346802.0,251643538.0,109.0,0.0,12063.0,157.3910005641028,97.46413439046592,183728259.0,473634974.0,1731.0,0.0,12063.0,157.294973800099,97.46413439046592,183728259.0,221991436.0,1731.0,0.0,12063.0,0.0,0.0,0.0,0.0,0.0,0.0,0.0,0.0,52.34791224537861,0.0,52.03774141826045,0.0,47.269679081760316,0.0,47.28236133339253,0.0,0.0,0.0,0.0,0.0,0.0,0.0,0.0,0.0,122.2010395963526,251643538.0,121.52972749608033,251643538.0,110.1213214823425,473634974.0,110.01261246670646,221991436.0,251643.538,0.011511220771150613,0.02575765751379723,251643.538,0.011478240476252462,0.02575765751379723,473634.974,0.010179632228482286,0.025746196938770192,221991.436,0.010179151499821048,0.025713384209044225,12063,0.009524948665615374,0.005622966606412927,0.0001557064837857114,0.0,0.009035894885186106,0.12980013487403586,0.09829879295514798,0.1182986753076295,-0.8821662489898707,0.1434966426262124,0.12980013487403586,0.09884893526760863,0.1182986753076295,0.11783375101012927,0.1434966426262124,0.9993898840234853,0.46869730527965614,0.46869730527965614
music_brainz_20k,query1,8,1,347.635627628571,221.80496543459594,424793650.0,513278580.0,0.0,0.0,23831.0,346.01245563351614,220.03483127988875,424740100.0,513278580.0,184.0,0.0,23831.0,289.91257110187706,175.04385397676378,332900831.0,915498078.0,5324.0,0.0,23831.0,289.7397264309951,175.04385397676378,332900831.0,402219498.0,5324.0,0.0,23831.0,0.0,0.0,0.0,0.0,0.0,0.0,0.0,0.0,103.48014801869412,0.0,102.91424243144728,0.0,89.22068647166812,0.0,89.25703639408671,0.0,0.0,0.0,0.0,0.0,0.0,0.0,0.0,0.0,244.15547960987683,513278580.0,243.09821320206885,513278580.0,200.69188463020893,915498078.0,200.4826900369084,402219498.0,513278.58,0.01124171460213321,0.025873914829950728,513278.58,0.011220226159116203,0.02587386982015515,915498.078,0.009133984573097727,0.0258601928182081,402219.498,0.009133953533519035,0.025827362210938655,23831,0.007980588492412122,0.004669176189240121,0.00012606120642344454,0.0,0.007721035625865469,0.2108208504990421,0.16604470870968313,0.2163234290343088,-0.7836280602241379,0.22340648734841173,0.2108208504990421,0.16654190939092806,0.2163234290343088,0.2163719397758621,0.22340648734841173,0.9994038041530072,0.4393449944522986,0.4393449944522986
music_brainz_20k,query1,8,1/16,349.93559346325344,224.58044409379363,417859640.0,504804002.0,0.0,0.0,24140.0,348.13261671009013,222.61472788546234,417802043.0,504804002.0,203.0,225.0,24140.0,307.3645304505631,184.40499629359692,378839788.0,878117324.0,4708.0,225.0,24140.0,307.0399537770598,184.24792099092156,378562768.0,458232962.0,4729.0,261.0,24140.0,0.0,0.0,0.0,0.0,0.0,0.0,0.0,0.0,104.67282486378312,0.0,104.0568129687759,0.0,92.05525495233037,0.0,91.95944764239617,0.0,0.0,0.0,0.0,0.0,0.0,0.0,0.0,0.0,245.26276859947032,504804002.0,244.07580374131422,504804002.0,215.30927549823275,878117324.0,215.08050613466364,458232962.0,504804.002,0.01131116038354295,0.025726603117102707,504804.002,0.011266921295581335,0.025726603117102707,571209.048,0.00969725585382324,0.0257343387611694,157461.662,0.009698602516559922,0.025710954080225848,24140,0.008752837836184524,0.005152310273212168,0.00013783815062873295,0.0,0.008409279204639603,0.1788911227881349,0.1216539952148672,0.09338028434619816,-0.7395213201974575,0.19502899751449876,0.17959053944174952,0.1225815278224851,0.09404323423051819,0.09225568699037379,0.19589892294946148,0.9989440008805586,0.5218356926528419,0.27566380916291094
music_brainz_20k,query1,8,1/4,347.5324911566028,222.1596296550706,421709384.0,509421188.0,0.0,0.0,23877.0,346.02757545006824,220.5241577597335,421662394.0,509421188.0,165.0,0.0,23877.0,290.05579967307955,175.5898806527257,330043303.0,908115982.0,5350.0,0.0,23877.0,289.88530509761347,175.5898806527257,330043303.0,398694794.0,5350.0,0.0,23877.0,0.0,0.0,0.0,0.0,0.0,0.0,0.0,0.0,102.98841736317176,0.0,102.52763201304923,0.0,88.37872939248467,0.0,88.4162482439437,0.0,0.0,0.0,0.0,0.0,0.0,0.0,0.0,0.0,244.54407379343104,509421188.0,243.499943437019,509421188.0,201.6770702805949,908115982.0,201.46905685366977,398694794.0,509421.188,0.01126908805806371,0.025483104871103487,509421.188,0.011233917804697478,0.025483104871103487,783801.986,0.00920438371406786,0.02545706958862744,279875.111,0.009204416545690885,0.025425310883374835,23877,0.007361697072849727,0.004330287799929611,0.00011142744691683415,0.0,0.006910415881392135,0.2096229142740741,0.1653850875704842,0.21736789475853824,-0.782642739233689,0.22406499979059347,0.2096229142740741,0.16587567357266964,0.21736789475853824,0.21735726076631112,0.22406499979059347,0.9994122007708233,0.4390351033377144,0.35707374566412486
music_brainz_20k,query1,8,inf,347.5539738601515,222.37167385593057,420107448.0,507656310.0,0.0,0.0,23878.0,345.6002261127467,220.24116344563663,420045152.0,507656310.0,220.0,0.0,23878.0,289.31787247423506,175.4069735566154,326364379.0,901989668.0,5341.0,0.0,23878.0,289.14738993223324,175.4069735566154,326364379.0,394333358.0,5341.0,0.0,23878.0,0.0,0.0,0.0,0.0,0.0,0.0,0.0,0.0,103.4523771568702,0.0,102.78220438373128,0.0,89.17537542605946,0.0,89.21157451892445,0.0,0.0,0.0,0.0,0.0,0.0,0.0,0.0,0.0,244.10159670328125,507656310.0,242.81802172901544,507656310.0,200.14249704817558,901989668.0,199.9358154133088,394333358.0,507656.31,0.01127369286798122,0.025684329251229713,507656.31,0.011224847486970896,0.025684329251229713,901989.668,0.009161339072992023,0.02566165197102491,394333.358,0.009161843036356091,0.0256294619347732,23878,0.009580853412446078,0.005621422554043076,0.00014828587376058966,0.0,0.009213501968339057,0.2111991131107035,0.1675598777913827,0.22314069756744703,-0.77677229698967,0.22367870005863139,0.2111991131107035,0.16805039884659712,0.22314069756744703,0.22322770301033001,0.22367870005863139,0.9994107431368001,0.43718167955777515,0.4371816795577752
music_brainz_20k,query1,16,inf,694.7440403667399,444.8556211106479,838175483.0,1012314442.0,0.0,0.0,47795.0,691.37520289703,441.1971131488681,838069592.0,1012314442.0,367.0,0.0,47795.0,515.0554290837581,305.8690979378298,522924525.0,1642284040.0,15199.0,0.0,47795.0,514.7735433039393,305.8690979378298,522924525.0,629969598.0,15199.0,0.0,47795.0,0.0,0.0,0.0,0.0,0.0,0.0,0.0,0.0,207.36123683105058,0.0,206.35564315154892,0.0,170.40744515435267,0.0,170.5030333839493,0.0,0.0,0.0,0.0,0.0,0.0,0.0,0.0,0.0,487.38280353568945,1012314442.0,485.01955974548133,1012314442.0,344.64798392940537,1642284040.0,344.27050991998993,629969598.0,1012314.442,0.011105325526354784,0.025340036082530343,1012314.442,0.01108277280794638,0.025340036082530343,1642284.04,0.008000470894247371,0.02522249459159429,629969.598,0.007992787448133016,0.025192006169941227,47795,0.008224034469084263,0.004849033995212859,0.00012633511973048073,0.0,0.007678627471492834,0.31243063272038174,0.2586400182549651,0.3761156993898854,-0.6223062438538243,0.31800397531122504,0.31243063272038174,0.2590457587341062,0.3761156993898854,0.37769375614617573,0.31800397531122504,0.9994527078758877,0.38359357008669465,0.3835935700866946
music_brainz_20k,query1,50,inf,2174.4404412807626,1393.1156566366553,2615814200.0,3159970600.0,0.0,0.0,149600.0,2163.693803974328,1381.4122622832656,2615472800.0,3159970600.0,1200.0,0.0,149600.0,1288.2849274882492,722.6676646620035,999383800.0,4357302000.0,71400.0,0.0,149600.0,1287.7054328798813,722.6676646620035,999383800.0,1197331400.0,71400.0,0.0,149600.0,0.0,0.0,0.0,0.0,0.0,0.0,0.0,0.0,647.8055161382522,0.0,644.2599119841209,0.0,484.82723088202346,0.0,485.249553632115,0.0,0.0,0.0,0.0,0.0,0.0,0.0,0.0,0.0,1526.6349251425158,3159970600.0,1519.4338919902125,3159970600.0,803.4576966062268,4357302000.0,802.4558792477675,1197331400.0,3159970.6,0.010721045725775832,0.02499640439896094,3159970.6,0.01070629916412937,0.02499640439896094,4357302.0,0.0069854555257747196,0.024829303614927585,1197331.4,0.006960560361254993,0.024799380798621054,149600,0.008400877771803095,0.004942254155328563,0.00013051385683282568,0.0,0.008021390374331552,0.48125795498795,0.40753266770119523,0.6179454182946174,-0.3789058670355985,0.4772727272727273,0.48125795498795,0.4077991705666527,0.6179454182946174,0.6210941329644016,0.4772727272727273,0.9995501813333346,0.2747873339970468,0.2747873339970468
music_brainz_20k,query2,1,inf,40.25329325654464,31.874295835383236,2130001.0,613475.0,0.0,0.0,3659.0,40.221968670575464,31.835097794421017,2127091.0,613475.0,9.0,0.0,3659.0,40.22225247286565,31.835097794421017,2127091.0,1226950.0,9.0,0.0,3659.0,40.221968670575464,31.835097794421017,2127091.0,613475.0,9.0,0.0,3659.0,0.0,0.0,0.0,0.0,0.0,0.0,0.0,0.0,19.35895818842573,484605.0,19.327633602456558,484605.0,19.32785778764558,969210.0,19.327633602456558,484605.0,0.0,0.0,0.0,0.0,0.0,0.0,0.0,0.0,20.894335068118906,128870.0,20.894335068118906,128870.0,20.89439468522007,257740.0,20.894335068118906,128870.0,613.475,0.01093978306770506,0.014809753724357062,613.475,0.01093978306770506,0.014809753724357062,1226.95,0.010939953483468615,0.014809936895413833,613.475,0.01093978306770506,0.014809753724357062,3659,0.0012297696289405025,0.0007781869118020923,0.0013661965416917887,0.0,0.0024596884394643345,0.0012297696289405025,0.0007711365000909742,0.0013661965416917887,-1.0,0.0024596884394643345,0.0012297696289405025,0.0007781869118020923,0.0013661965416917887,0.0,0.0024596884394643345,0.9999929441472634,0.5,0.5
music_brainz_20k,query2,2,1,78.30077931312097,62.01238979306072,3856721.0,1277093.0,0.0,0.0,7136.0,78.25203526139917,61.95140633452684,3852111.0,1277093.0,14.0,0.0,7136.0,74.48567424036312,57.819110507145524,3789355.0,2554186.0,445.0,0.0,7136.0,74.49050073371562,57.819110507145524,3789355.0,1277093.0,445.0,0.0,7136.0,0.0,0.0,0.0,0.0,0.0,0.0,0.0,0.0,38.34427834931575,1056173.0,38.29553429759396,1056173.0,37.5871880068353,2112346.0,37.58879845075336,1056173.0,0.0,0.0,0.0,0.0,0.0,0.0,0.0,0.0,39.956500963805205,220920.0,39.956500963805205,220920.0,36.89848623352782,441840.0,36.901702282962255,220920.0,1277.093,0.010791245644243384,0.015527424217836878,1277.093,0.010791245644243384,0.015527424217836878,2554.186,0.010172174416063356,0.015332192006059776,1277.093,0.010172432965222269,0.015331865195214697,7136,0.0009834076502677203,0.0006225232002720071,0.0011953159173297978,0.0,0.001961883408071749,0.06762002399695344,0.048723717774269204,0.017467169650073222,-1.0,0.06235986547085202,0.06762002399695344,0.04866207734878647,0.017467169650073222,0.0,0.06235986547085202,1.0000647976057373,0.5,0.5
music_brainz_20k,query2,2,1/16,78.15659143257923,61.84542383812368,3612796.0,1030053.0,0.0,0.0,7157.0,78.0906563079964,61.76277279201895,3607611.0,1030053.0,19.0,57.0,7157.0,74.39960898798105,57.709661370143294,3544650.0,1030053.0,445.0,57.0,7157.0,74.404963437134,57.709661370143294,3544650.0,1030053.0,445.0,57.0,7157.0,0.0,0.0,0.0,0.0,0.0,0.0,0.0,0.0,38.23012494073589,974823.0,38.16418981615306,974823.0,37.43263303512832,974823.0,37.43478235626718,974823.0,0.0,0.0,0.0,0.0,0.0,0.0,0.0,0.0,39.926466491843335,55230.0,39.926466491843335,55230.0,36.96697595285273,55230.0,36.970181080866816,55230.0,1030.053,0.010777734255215103,0.01548722686281609,1030.053,0.010777734255215103,0.01548722686281609,1030.053,0.010114023473999676,0.0153115414877254,1030.053,0.010114356555930553,0.0153115414877254,7157,0.001336413286148086,0.0008436284563371199,0.0014351765225603108,0.0,0.0026547436076568395,0.06687257053659246,0.048069937234137106,0.018862399094773163,0.0,0.062176889758278606,0.06687257053659246,0.048001427988086265,0.018862399094773163,0.0,0.062176889758278606,1.000071968780828,1.0,1.0
music_brainz_20k,query2,2,1/4,78.88767642357794,62.48483153246343,3892073.0,1322746.0,0.0,0.0,7180.0,78.83572255017553,62.4196323864162,3888473.0,1322746.0,15.0,0.0,7180.0,74.98631177166143,58.20808408316225,3812382.0,2645492.0,445.0,0.0,7180.0,74.99110457615512,58.20808408316225,3812382.0,1322746.0,445.0,0.0,7180.0,0.0,0.0,0.0,0.0,0.0,0.0,0.0,0.0,38.22777208570205,1101826.0,38.17581821229964,1101826.0,37.4673746425001,2203652.0,37.46886341365309,1101826.0,0.0,0.0,0.0,0.0,0.0,0.0,0.0,0.0,40.659904337875886,220920.0,40.659904337875886,220920.0,37.51893712916132,441840.0,37.52224116250203,220920.0,1322.746,0.010850463752897405,0.015558526351146348,1322.746,0.010850463752897405,0.015558526351146348,2645.492,0.010152270322209394,0.015369042828950404,1322.746,0.010152484709386267,0.015368722246756726,7180,0.0010434395748247782,0.000658580348132598,0.0009249569573849259,0.0,0.0020891364902506965,0.06844457037671992,0.049454678205612224,0.020475206914156052,-1.0,0.06197771587743733,0.06844457037671992,0.04939392341207571,0.020475206914156052,0.0,0.06197771587743733,1.0000639157251563,0.5,0.5
music_brainz_20k,query2,2,inf,77.764772096216,61.51498797442764,3699752.0,1164221.0,0.0,0.0,7130.0,77.6813413749167,61.41051223408431,3692492.0,1164221.0,24.0,0.0,7130.0,73.86669414380287,57.239017859101295,3632720.0,2328442.0,443.0,0.0,7130.0,73.87142202379981,57.239017859101295,3632720.0,1164221.0,443.0,0.0,7130.0,0.0,0.0,0.0,0.0,0.0,0.0,0.0,0.0,38.391098944315914,980121.0,38.307668223016606,980121.0,37.72538941982161,1960242.0,37.72669567998464,980121.0,0.0,0.0,0.0,0.0,0.0,0.0,0.0,0.0,39.373673151900086,184100.0,39.373673151900086,184100.0,36.14130472398125,368200.0,36.14472634381517,184100.0,1164.221,0.010754068659881079,0.015534884155431711,1164.221,0.010754068659881079,0.015534884155431711,2328.442,0.00999305072768667,0.015328606771841405,1164.221,0.009993370023642699,0.015328339103825339,7130,0.00169837861931732,0.0010728601016933847,0.0019622936888742393,0.0,0.0033660589060308557,0.06951102903740969,0.05012652705508036,0.018117971150498735,-1.0,0.062131837307152875,0.06951102903740969,0.05006572986029034,0.018117971150498735,0.0,0.062131837307152875,1.0000640055718173,0.5,0.5
music_brainz_20k,query2,4,1,157.1484885945439,124.34792736452073,7942823.0,2489469.0,0.0,0.0,14360.0,157.03709537088378,124.2085478240624,7932393.0,2489469.0,32.0,0.0,14360.0,139.95948893621082,105.47789163980633,7584330.0,4965262.0,1998.0,0.0,14360.0,139.9830481808552,105.47789163980633,7584330.0,2475793.0,1998.0,0.0,14360.0,0.0,0.0,0.0,0.0,0.0,0.0,0.0,0.0,77.25066538153966,2176499.0,77.13927215787953,2176499.0,73.64451451131178,4339322.0,73.65352522799778,2162823.0,0.0,0.0,0.0,0.0,0.0,0.0,0.0,0.0,79.89782321300423,312970.0,79.89782321300423,312970.0,66.314974424899,625940.0,66.3295229528574,312970.0,2489.469,0.010732850621251339,0.01592863821609127,2489.469,0.010732850621251339,0.01592863821609127,4965.262,0.0092480889198235,0.01572235580957083,2475.793,0.00924923499054929,0.015721927738498846,14360,0.0011208835033472697,0.0007088405663736586,0.0013131351409946257,0.0,0.0022284122562674096,0.15175191195103466,0.10938062346041466,0.04513420480350627,-0.9945064590079249,0.13913649025069638,0.15175191195103466,0.10923070636700138,0.04513420480350627,0.005493540992074997,0.13913649025069638,1.000168329027374,0.49862283198751645,0.4986228319875165
music_brainz_20k,query2,4,1/16,159.183862953082,126.03985819779336,7842385.0,2463534.0,0.0,0.0,14518.0,159.0898891951745,125.9222640749067,7833655.0,2463534.0,27.0,137.0,14518.0,141.96467905250293,107.14114009123296,7493991.0,2463534.0,1995.0,137.0,14518.0,141.989415099294,107.14114009123296,7493991.0,2463534.0,1995.0,137.0,14518.0,0.0,0.0,0.0,0.0,0.0,0.0,0.0,0.0,77.0348233985728,2076924.0,76.94084964066528,2076924.0,73.47020657001273,2076924.0,73.48018645880954,2076924.0,0.0,0.0,0.0,0.0,0.0,0.0,0.0,0.0,82.14903955450922,386610.0,82.14903955450922,386610.0,68.49447248249018,386610.0,68.50922864048445,386610.0,2463.534,0.010783356754837508,0.01588839094348433,2463.534,0.010783356754837508,0.01588839094348433,2463.534,0.009285504700316043,0.015717109932174855,2463.534,0.009286673629356475,0.015717109932174855,14518,0.0009329915517845011,0.0005903472636243912,0.0011131817680463119,0.0,0.0018597602975616476,0.1499423942297904,0.1081716675367671,0.04442449586445962,0.0,0.1374156219864995,0.1499423942297904,0.10801627460728169,0.04442449586445962,0.0,0.1374156219864995,1.0001742408531205,1.0,1.0
music_brainz_20k,query2,4,1/4,157.10038142054535,124.3349441671744,7846510.0,2631520.0,0.0,0.0,14354.0,156.9853977203853,124.19115255586803,7835215.0,2631520.0,33.0,0.0,14354.0,140.2122547686182,105.78953123744577,7495023.0,5263040.0,1965.0,0.0,14354.0,140.23532094804085,105.78953123744577,7495023.0,2631520.0,1965.0,0.0,14354.0,0.0,0.0,0.0,0.0,0.0,0.0,0.0,0.0,77.62145482641057,2447420.0,77.5064711262505,2447420.0,74.10713884230371,4894840.0,74.11583569012666,2447420.0,0.0,0.0,0.0,0.0,0.0,0.0,0.0,0.0,79.47892659413476,184100.0,79.47892659413476,184100.0,66.1051159263145,368200.0,66.11948525791418,184100.0,2631.52,0.010764536428527857,0.015928812229011154,2631.52,0.010764536428527857,0.015928812229011154,5197.226,0.009310779644387345,0.01574513690297334,2570.331,0.009311869294383822,0.015744658859662662,14354,0.0011564859120621884,0.0007319122914937193,0.0014394934818154903,0.0,0.002299010728716734,0.14915688468716737,0.10749895384861574,0.04479532938847974,-1.0,0.13689563884631462,0.14915688468716737,0.10735212938381133,0.04479532938847974,0.0,0.13689563884631462,1.000164509011432,0.5,0.49455825088229766
music_brainz_20k,query2,4,inf,159.5038390967131,126.31041340343654,7948967.0,2531748.0,0.0,0.0,14532.0,159.40657938616113,126.1885643163696,7940872.0,2531748.0,28.0,0.0,14532.0,142.17819723866734,107.29953596834093,7576326.0,5036144.0,2003.0,0.0,14532.0,142.20185004660814,107.29953596834093,7576326.0,2504396.0,2003.0,0.0,14532.0,0.0,0.0,0.0,0.0,0.0,0.0,0.0,0.0,77.80708601070772,2126728.0,77.70982630015571,2126728.0,74.18853125043677,4226104.0,74.19756499189766,2099376.0,0.0,0.0,0.0,0.0,0.0,0.0,0.0,0.0,81.6967530860054,405020.0,81.6967530860054,405020.0,67.98966598823056,810040.0,68.00428505471046,405020.0,2531.748,0.010868931816687757,0.015955389195058442,2531.748,0.010868931816687757,0.015955389195058442,5036.144,0.009349904553941642,0.01576056469761967,2504.396,0.00935100960828002,0.01576013502826164,14532,0.0009646796632496457,0.0006097640727820153,0.0010183713179334752,0.0,0.0019267822736030828,0.15050918544914194,0.1086220993561201,0.04687917310513434,-0.9891963971137727,0.1378337462152491,0.15050918544914194,0.10847380945868101,0.04687917310513434,0.01080360288622717,0.1378337462152491,1.0001663603027762,0.49728443031017383,0.49728443031017383
music_brainz_20k,query2,8,1,312.4482433790521,247.12273683398962,15255298.0,4848547.0,0.0,0.0,28620.0,312.2642669945563,246.89215704239905,15240578.0,4848547.0,53.0,0.0,28620.0,258.12735689283954,187.4159314678982,13963397.0,9642390.0,6439.0,0.0,28620.0,258.20538034657784,187.4159314678982,13963397.0,4793843.0,6439.0,0.0,28620.0,0.0,0.0,0.0,0.0,0.0,0.0,0.0,0.0,153.23231156735395,4553987.0,153.04833518285818,4553987.0,140.88736311103943,9053270.0,140.9202613972268,4499283.0,0.0,0.0,0.0,0.0,0.0,0.0,0.0,0.0,159.21593181169814,294560.0,159.21593181169814,294560.0,117.23999378180012,589120.0,117.28511894935103,294560.0,4848.547,0.010689623990824395,0.0160804075647443,4848.547,0.010689623990824395,0.0160804075647443,9642.39,0.008547482485949475,0.015912439006919445,4793.843,0.008549908327936609,0.01591184112614202,28620,0.0009330577774616655,0.0005888219517771187,0.0009649106821774112,0.0,0.001851851851851852,0.24160789950380346,0.17385563093184753,0.08468539913150175,-0.9887174446282567,0.22498252969951082,0.24160789950380346,0.1736059145215566,0.08468539913150175,0.011282555371743275,0.22498252969951082,1.0003022672787476,0.49716335887679297,0.497163358876793
music_brainz_20k,query2,8,1/16,313.49530247209515,248.02205004636198,14972950.0,4553840.0,0.0,0.0,28717.0,313.3076594801356,247.78701890725642,14956990.0,4553840.0,54.0,252.0,28717.0,259.23618233324777,188.42663803882897,13752405.0,4553840.0,6378.0,252.0,28717.0,259.31566950799714,188.42663803882897,13752405.0,4553840.0,6378.0,252.0,28717.0,0.0,0.0,0.0,0.0,0.0,0.0,0.0,0.0,153.77476139321197,4056770.0,153.58711840125238,4056770.0,141.74051142847514,4056770.0,141.77446064716554,4056770.0,0.0,0.0,0.0,0.0,0.0,0.0,0.0,0.0,159.7205410788832,497070.0,159.7205410788832,497070.0,117.49567090477264,497070.0,117.54120886083162,497070.0,4553.84,0.010711577472073908,0.016045434534113803,4553.84,0.010711577472073908,0.016045434534113803,4553.84,0.008581913117154194,0.015841240324528837,4553.84,0.008584294967188193,0.015841240324528837,28717,0.0009476219516031392,0.0005985512078805488,0.0010659222130575685,0.0,0.0018804192638506808,0.24028271678422553,0.17307793676964933,0.08151666839200022,0.0,0.2220984086081415,0.24028271678422553,0.1728243853635435,0.08151666839200022,0.0,0.2220984086081415,1.0003066206809326,1.0,1.0
music_brainz_20k,query2,8,1/4,317.1706053558375,251.15651414450258,15485047.0,4871056.0,0.0,0.0,28919.0,316.9379610505838,250.86499017104506,15466092.0,4871056.0,67.0,0.0,28919.0,261.4019164502605,189.8701877137646,14094565.0,9687408.0,6610.0,0.0,28919.0,261.4819028443405,189.8701877137646,14094565.0,4816352.0,6610.0,0.0,28919.0,0.0,0.0,0.0,0.0,0.0,0.0,0.0,0.0,154.1592416675616,4300346.0,153.92659736230786,4300346.0,141.35822830223762,8545988.0,141.39214890369306,4245642.0,0.0,0.0,0.0,0.0,0.0,0.0,0.0,0.0,163.0113636882759,570710.0,163.0113636882759,570710.0,120.04368814802292,1141420.0,120.08975394064746,570710.0,4871.056,0.010775309305434997,0.016103777409607493,4871.056,0.010775309305434997,0.016103777409607493,9560.405,0.008588229821366372,0.015965744309105898,4697.611,0.008590523687494103,0.01596514544736775,28919,0.0011607263082564767,0.0007334989476489584,0.0012240841115949141,0.0,0.002316815934160932,0.24401647171881424,0.17583183297521987,0.08979514237186359,-0.9887695809697117,0.22856945260901138,0.24401647171881424,0.1755796456894837,0.08979514237186359,0.011230419030288319,0.22856945260901138,1.0003059900828815,0.49717654092818225,0.49136108773634585
music_brainz_20k,query2,8,inf,314.4275871674294,248.63196053821594,15581883.0,4870947.0,0.0,0.0,28834.0,314.1701901814955,248.30974845215678,15558748.0,4870947.0,74.0,0.0,28834.0,258.65912222006,187.36292560119182,14138393.0,9646162.0,6584.0,0.0,28834.0,258.7386938832925,187.36292560119182,14138393.0,4775215.0,6584.0,0.0,28834.0,0.0,0.0,0.0,0.0,0.0,0.0,0.0,0.0,154.66014256799636,4318647.0,154.40274558206244,4318647.0,142.09699253490237,8541562.0,142.1302636444512,4222915.0,0.0,0.0,0.0,0.0,0.0,0.0,0.0,0.0,159.76744459943305,552300.0,159.76744459943305,552300.0,116.56212968515767,1104600.0,116.60843023884135,552300.0,4870.947,0.010689612544869954,0.016112022382749194,4870.947,0.010689612544869954,0.016112022382749194,9646.162,0.008537200603003307,0.015905492920277008,4775.215,0.008539582453037304,0.01590492853017705,28834,0.0012959399321055276,0.000818620873100584,0.001484737114249901,0.0,0.002566414649372269,0.2464246141340577,0.177365050725251,0.09263899619834137,-0.98034632690522,0.22834154123604078,0.2464246141340577,0.17711198239893355,0.09263899619834137,0.019653673094780166,0.22834154123604078,1.0003076313819885,0.49503781918653245,0.49503781918653245
music_brainz_20k,query2,16,inf,633.8415786656487,501.6652360484004,30694486.0,9412568.0,0.0,0.0,57939.0,633.4349680957605,501.15597572922707,30659656.0,9412568.0,117.0,0.0,57939.0,477.3040459735583,329.5486658979207,26315007.0,18647348.0,18795.0,0.0,57939.0,477.53445778545523,329.5486658979207,26315007.0,9234780.0,18795.0,0.0,57939.0,0.0,0.0,0.0,0.0,0.0,0.0,0.0,0.0,309.33579718668494,8418428.0,308.9291866167966,8418428.0,270.6566647647329,16659068.0,270.7609402079899,8240640.0,0.0,0.0,0.0,0.0,0.0,0.0,0.0,0.0,324.50578147896385,994140.0,324.50578147896385,994140.0,206.6473812088254,1988280.0,206.77351757746533,994140.0,9412.568,0.010605113610422188,0.016270419356210104,9412.568,0.010605113610422188,0.016270419356210104,18647.348,0.008181280337271151,0.015943231767525535,9234.78,0.008183813016858754,0.015942445951450564,57939,0.0010151397437557774,0.0006415018887593327,0.0011347314954223142,0.0,0.0020193651944286233,0.3430904870073037,0.24696633663829737,0.1426796656572128,-0.9811116371217716,0.3243928959768032,0.3430904870073037,0.24660282023348534,0.1426796656572128,0.01888836287822837,0.3243928959768032,1.0004827359286825,0.4952328878079607,0.49523288780796065
music_brainz_20k,query2,50,inf,1969.4599020847086,1558.4299644455314,95140600.0,29240400.0,0.0,0.0,180200.0,1968.0693900630536,1556.6887021064758,95019600.0,29240400.0,400.0,0.0,180200.0,1255.0361321489738,772.0355346798897,69003200.0,55745600.0,88000.0,0.0,180200.0,1256.1236608639408,772.0355346798897,69003200.0,26505200.0,88000.0,0.0,180200.0,0.0,0.0,0.0,0.0,0.0,0.0,0.0,0.0,963.0040540986186,25558400.0,961.6135420769635,25558400.0,765.2389242879738,48381600.0,765.7751146521398,22823200.0,0.0,0.0,0.0,0.0,0.0,0.0,0.0,0.0,1006.4558479860971,3682000.0,1006.4558479860971,3682000.0,489.79720786100194,7364000.0,490.3485462118029,3682000.0,29240.4,0.010548736520839805,0.016374877190945616,29240.4,0.010548736520839805,0.016374877190945616,55745.6,0.006406223660666528,0.01497922689549897,26505.2,0.006411251312453333,0.014978088087199203,180200,0.0011173183131620856,0.0007060372339559029,0.0012718019436497308,0.0,0.0022197558268590455,0.504606846445891,0.36275111221076617,0.2747239348921491,-0.9064581879864844,0.48834628190899,0.504606846445891,0.36219891578685537,0.2747239348921491,0.09354181201351552,0.48834628190899,1.0008665317970606,0.47546712206882696,0.47546712206882696
music_brainz_20k,query3,1,inf,1001.158887409949,59.90309447515756,6019760711.0,7267809576.0,0.0,0.0,2498.0,991.2066962322491,59.1066700136289,5959014812.0,7194715067.0,33.0,0.0,2498.0,994.5350741013266,59.1066700136289,5959014812.0,14389430134.0,33.0,0.0,2498.0,991.2066962322491,59.1066700136289,5959014812.0,7194715067.0,33.0,0.0,2498.0,0.0,0.0,0.0,0.0,0.0,0.0,0.0,0.0,479.87621293026615,3778727863.0,472.8825959890064,3723376539.0,474.60508311396455,7446753078.0,472.8825959890064,3723376539.0,0.0,0.0,0.0,0.0,0.0,0.0,0.0,0.0,521.2826744796828,3489081713.0,518.3241002432427,3471338528.0,519.9299909873621,6942677056.0,518.3241002432427,3471338528.0,7267809.576,0.46550717845236245,0.6791149499682778,7194715.067,0.4641550523045888,0.6790495790837789,14389430.134,0.4657419432110307,0.681302665576415,7194715.067,0.4641550523045888,0.6790495790837789,2498,0.013295214020353274,0.009940671059162964,0.010091082007462226,0.01005729556280277,0.01321056845476381,0.013295214020353274,0.006616145940389728,0.010091082007462226,-0.9798854088743945,0.01321056845476381,0.013295214020353274,0.009940671059162964,0.010091082007462226,0.01005729556280277,0.01321056845476381,0.9966533328429015,0.5,0.5
music_brainz_20k,query3,2,1,2058.3770147178457,122.35720943752676,12387305407.0,14955417913.0,0.0,0.0,5027.0,2029.1100520024631,120.19350105989724,12206280048.0,14737911795.0,75.0,0.0,5027.0,1622.6845951477371,99.9203829811886,9700701202.0,26445102751.0,694.0,0.0,5027.0,1615.8744071110018,99.9203829811886,9700701202.0,11707190956.0,694.0,0.0,5027.0,0.0,0.0,0.0,0.0,0.0,0.0,0.0,0.0,984.785682851498,7777029890.0,963.7596411541026,7609204690.0,788.8676747001786,13789414192.0,785.3520351953492,6180209502.0,0.0,0.0,0.0,0.0,0.0,0.0,0.0,0.0,1073.591331866348,7178388023.0,1065.3504108483608,7128707105.0,833.8169204475587,12655688559.0,830.5223719156527,5526981454.0,14955417.913,0.43210429222023294,0.7827454100280832,14737911.795,0.42668923612524,0.7827437513162213,26445102.751,0.30536845339101787,0.751965732765801,11707190.956,0.3039902910976614,0.749461104705532,5027,0.017683538122322595,0.014218465570746908,0.014613780241318985,0.014543633569138348,0.01491943505072608,0.18337151165411292,0.21166793860153532,0.21688366571488693,-0.7682623718600727,0.13805450566938532,0.18337151165411292,0.2149764617671367,0.21688366571488693,0.2171939945707888,0.13805450566938532,0.9958031350903931,0.4426978812006054,0.4426978812006054
music_brainz_20k,query3,2,1/16,2072.6383761439643,123.44911968149245,12451066775.0,15036704634.0,0.0,0.0,5165.0,2048.1056312569253,121.78493370395154,12304634604.0,14859177526.0,62.0,606.0,5165.0,1793.9665183491459,102.57405058480799,10663037419.0,22071040384.0,611.0,606.0,5165.0,1798.6248852037268,103.22054096590728,10716774555.0,12962859420.0,590.0,711.0,5165.0,0.0,0.0,0.0,0.0,0.0,0.0,0.0,0.0,983.3891709201013,7759810656.0,968.2323040460745,7639061740.0,768.7353783656372,13591951269.0,771.2220717158459,6060209798.0,0.0,0.0,0.0,0.0,0.0,0.0,0.0,0.0,1089.2492052238633,7276893978.0,1079.873327210851,7220115786.0,1025.231139983509,8479089115.0,1027.402813487881,6902649622.0,15036704.634,0.43259192186014905,0.7828409566658845,14859177.526,0.42919861373378143,0.7826485677080991,20042317.228,0.3634437088272746,0.7745315521141005,11421951.394,0.36237365037382957,0.7733451968669935,5165,0.013480743984522814,0.011836481061728077,0.011760612455634312,0.011806250925391448,0.012003872216844144,0.16909856587510408,0.13445271543860582,0.1436045110279316,-0.46781099457752373,0.11829622458857696,0.16386166841672378,0.13220516135092764,0.1392886450084917,0.1379188635062205,0.11423039690222653,1.00259668550496,0.5873243487605229,0.5698917577276459
music_brainz_20k,query3,2,1/4,2089.648002939166,125.03497509937733,12553843364.0,15159610562.0,0.0,0.0,5215.0,2054.588097241014,122.54706050269306,12339490576.0,14901265924.0,86.0,0.0,5215.0,1639.6717742508795,101.61352723371238,9777036921.0,26704734998.0,719.0,0.0,5215.0,1629.4238505929213,101.42817867547274,9755533170.0,11777787533.0,724.0,9.0,5215.0,0.0,0.0,0.0,0.0,0.0,0.0,0.0,0.0,994.0449854524088,7839074944.0,970.1307164536278,7648154409.0,788.6625246698654,13815439658.0,783.0937312082399,6150887426.0,0.0,0.0,0.0,0.0,0.0,0.0,0.0,0.0,1095.6030174867574,7320535618.0,1084.4573807873865,7253111515.0,851.0092495810142,12889295340.0,846.3301193846814,5626900107.0,15159610.562,0.4340652932657692,0.7878858734194951,14901265.924,0.4299911700676027,0.7878602930459956,26324144.038,0.3052035913217649,0.7564733057628908,11501399.227,0.3034574552107134,0.7539467629424972,5215,0.01989774936738209,0.016777900224745457,0.01707467440725674,0.017041640808872938,0.016490891658676895,0.18731917087238736,0.2153358977470744,0.22119173885528176,-0.7615713074410837,0.13787152444870565,0.18880154456896558,0.22024003645538515,0.22290466057785685,0.2230811283158608,0.13883029721955897,0.9937500152049393,0.4410374240329318,0.43691446188705135
music_brainz_20k,query3,2,inf,2104.876220463097,125.03198839444667,12629134068.0,15256663908.0,0.0,0.0,5213.0,2063.725383178881,122.11414166912436,12380147808.0,14955903222.0,109.0,0.0,5213.0,1630.7298931648888,101.0485899662599,9727242030.0,26698469312.0,764.0,0.0,5213.0,1623.8193116716282,101.0485899662599,9727242030.0,11742566090.0,764.0,0.0,5213.0,0.0,0.0,0.0,0.0,0.0,0.0,0.0,0.0,996.2199944457532,7858397242.0,969.1868327361124,7642803844.0,791.1198858339019,13831277588.0,787.5888160030884,6188473744.0,0.0,0.0,0.0,0.0,0.0,0.0,0.0,0.0,1108.6562260173441,7398266666.0,1094.538550442769,7313099378.0,839.610007330987,12867191724.0,836.2304956685399,5554092346.0,15256663.908,0.4362770254619251,0.7860451108092272,14955903.222,0.4328289331205021,0.785827467563452,26698469.312,0.29967243000324884,0.755684295454552,11742566.09,0.29825943737116944,0.7531657289149685,5213,0.023336801748022884,0.019550240952012965,0.01971522819057625,0.019713397883943218,0.02090926529829273,0.19181809980118658,0.22526090735819637,0.22977759380612506,-0.7499546082286288,0.1465566852100518,0.19181809980118658,0.2285440369912255,0.22977759380612506,0.2303319938874281,0.1465566852100518,0.9957622770501565,0.4398216973705732,0.43982169737057325
music_brainz_20k,query3,4,1,4174.402281937933,251.43342568352818,25081667771.0,30285647782.0,0.0,0.0,10543.0,4100.598305752718,246.04324313998222,24627249442.0,29739019583.0,189.0,0.0,10543.0,2362.0981023548024,158.0651091998443,13989740073.0,46615893114.0,2879.0,0.0,10543.0,2348.3742184347648,158.0651091998443,13989740073.0,16876873531.0,2879.0,0.0,10543.0,0.0,0.0,0.0,0.0,0.0,0.0,0.0,0.0,2000.8985445345995,15780558545.0,1948.872221805669,15365229915.0,1178.5131761802759,24505938016.0,1171.4247350706066,9140708101.0,0.0,0.0,0.0,0.0,0.0,0.0,0.0,0.0,2173.5037374033345,14505089237.0,2151.726083947049,14373789668.0,1183.5849261745266,22109955098.0,1176.9494833641586,7736165430.0,30285647.782,0.414588121396752,0.8459023477723187,29739019.583,0.4110178726513702,0.8458439950623846,46615893.114,0.1560686105247951,0.7573603358032182,16876873.531,0.15477164245824473,0.7548102460555388,10543,0.02143781213214835,0.017680130279861817,0.01811754836835089,0.018049083940178567,0.01792658636061842,0.3713440893145362,0.43414698852209876,0.4422324623414692,-0.5392073978257692,0.2730721805937589,0.3713440893145362,0.4374346170238891,0.4422324623414692,0.4427435182340522,0.2730721805937589,0.994189960228004,0.36204119246899985,0.36204119246899985
music_brainz_20k,query3,4,1/16,4118.509389493352,245.66928829066455,24737540755.0,29876103807.0,0.0,0.0,10208.0,4071.626770055479,242.28899112902582,24456755465.0,29536275829.0,135.0,1191.0,10208.0,3315.882876453305,185.10567582119256,19592220009.0,42135665802.0,1747.0,1191.0,10208.0,3327.249513773956,186.4474645704031,19711864708.0,23872172178.0,1711.0,1414.0,10208.0,0.0,0.0,0.0,0.0,0.0,0.0,0.0,0.0,1960.6764752303957,15465511741.0,1930.8431763260103,15228594236.0,1332.3009580093114,25538897737.0,1338.2011389537165,10483295694.0,0.0,0.0,0.0,0.0,0.0,0.0,0.0,0.0,2157.832914262956,14410592066.0,2140.783593729469,14307681593.0,1983.5819184439936,16596768065.0,1989.0483748202398,13388876484.0,29876103.807,0.41687799459302977,0.8487146132718603,29536275.829,0.41411322809083567,0.8485313766876067,35074751.634,0.2914130200324578,0.841072910197713,17815700.478,0.2907321083716972,0.8397878412511594,10208,0.013759543104302607,0.011383395059745172,0.011350574124602386,0.011374574817228256,0.013224921630094044,0.24652496407209,0.19488276877251054,0.20799645352620666,-0.41034674649000147,0.17114028213166144,0.24106319569824675,0.19212287769404213,0.20315988952880049,0.2009609977186273,0.16761363636363635,1.0034279369157963,0.5665550009385847,0.5079351855119112
music_brainz_20k,query3,4,1/4,4090.924608801906,246.92815029248595,24594520414.0,29691145363.0,0.0,0.0,10412.0,4037.5550810160207,242.93283109087497,24265343429.0,29295486390.0,141.0,0.0,10412.0,2406.422932910261,160.201968411915,14288097476.0,46525168766.0,2686.0,0.0,10412.0,2388.8625273854886,159.96273575443774,14261946474.0,17198534894.0,2691.0,6.0,10412.0,0.0,0.0,0.0,0.0,0.0,0.0,0.0,0.0,1964.2349221627048,15473191657.0,1926.131491585184,15169797246.0,1200.433848847128,24475902603.0,1190.7221723671096,9284241593.0,0.0,0.0,0.0,0.0,0.0,0.0,0.0,0.0,2126.689686639201,14217953706.0,2111.423589430837,14125689144.0,1205.9890840631333,22049266163.0,1198.1403550183798,7914293301.0,29691145.363,0.41485995015481664,0.8509597618109843,29295486.39,0.4120971780007537,0.8509159972785337,44322449.742,0.15771838010638342,0.76440726158974,15353177.88,0.15641974505684317,0.7617316590494362,10412,0.016180088000815385,0.013045835083603574,0.013384159538749163,0.013325823849593021,0.013542066845946985,0.35122031156773315,0.41176551439430675,0.4190536251372988,-0.566971169255664,0.2579715712639262,0.3521891466608317,0.41605804168434524,0.42011691084321223,0.4207520564217717,0.25845178640030736,0.9927026935770035,0.3696608814145446,0.34639732165912557
music_brainz_20k,query3,4,inf,4085.0220511763596,243.69728883355856,24544641762.0,29639679735.0,0.0,0.0,10193.0,4030.15686154717,239.75247927755117,24211600533.0,29237749116.0,147.0,0.0,10193.0,2292.874169434811,152.4753781883046,13595399203.0,45635402579.0,2824.0,0.0,10193.0,2279.382016987986,152.4753781883046,13595399203.0,16397653463.0,2824.0,0.0,10193.0,0.0,0.0,0.0,0.0,0.0,0.0,0.0,0.0,1940.3543614499315,15302795428.0,1903.727307904311,15010872556.0,1142.167360458069,23870174877.0,1135.2426741520574,8859302321.0,0.0,0.0,0.0,0.0,0.0,0.0,0.0,0.0,2144.6676897264283,14336884307.0,2126.42955364286,14226876560.0,1150.7068089767422,21765227702.0,1144.1393428359288,7538351142.0,29639679.735,0.4128841707387771,0.84872543438825,29237749.116,0.41002012527806864,0.8487253895581996,45635402.579,0.14895752764580597,0.7565701283437218,16397653.463,0.14766815272993386,0.7540268116679596,10193,0.016187334602239423,0.013430818473400885,0.013568795675625411,0.013560558770997155,0.014421661924850388,0.37432468404503705,0.4387119235318364,0.44609502412667557,-0.5396725938678568,0.2770528794270578,0.37432468404503705,0.4420147581990176,0.44609502412667557,0.44676684736114614,0.2770528794270578,0.9941156158385478,0.3593186985611406,0.35931869856114057
music_brainz_20k,query3,8,1,8207.323896712434,493.6089794104919,49332494951.0,59563856244.0,0.0,0.0,20629.0,8091.158287113303,485.03572943620384,48627683152.0,58713550650.0,327.0,0.0,20629.0,3178.615499516418,229.09284068550915,18583024917.0,81123599210.0,8413.0,0.0,20629.0,3151.5554070385488,229.09284068550915,18583024917.0,22410048560.0,8413.0,0.0,20629.0,0.0,0.0,0.0,0.0,0.0,0.0,0.0,0.0,3937.705113890345,31041883712.0,3859.731676589653,30422239523.0,1617.6878240325252,42786874761.0,1603.673991468731,12364635238.0,0.0,0.0,0.0,0.0,0.0,0.0,0.0,0.0,4269.61878282209,28521972532.0,4231.42661052365,28291311127.0,1560.9276754838932,38336724449.0,1547.8814155698192,10045413322.0,59563856.244,0.40440180476874293,0.8892804193813184,58713550.65,0.40318972326934516,0.8892804193813184,81123599.21,0.03166548789206101,0.7068498861098945,22410048.56,0.029955845311379847,0.7044251928431278,20629,0.01736850489334074,0.014153896088548779,0.014286968451525994,0.014275529618444582,0.015851471229822094,0.5358819425061705,0.612709874799792,0.6233106609455334,-0.3619601604987044,0.40782393717582044,0.5358819425061705,0.616006941275834,0.6233106609455334,0.6237643098828509,0.40782393717582044,0.9914868305141071,0.2762457383330391,0.2762457383330391
music_brainz_20k,query3,8,1/16,8269.459553879833,493.72320771124214,49684540409.0,60000326284.0,0.0,0.0,20579.0,8165.249895748594,486.09761158470064,49060759950.0,59245452453.0,312.0,2403.0,20579.0,6349.380936113478,347.0295850634575,37354418474.0,82035247138.0,4252.0,2403.0,20579.0,6371.9940934274155,349.36068649496883,37580831478.0,45556659788.0,4178.0,2882.0,20579.0,0.0,0.0,0.0,0.0,0.0,0.0,0.0,0.0,3937.0833985333693,31059894600.0,3870.5522927581137,30532133537.0,2412.1020170518964,49098835584.0,2418.6469299287837,18907389545.0,0.0,0.0,0.0,0.0,0.0,0.0,0.0,0.0,4332.376155346464,28940431684.0,4294.697602990481,28713318916.0,3937.278919061582,32936411554.0,3953.3471634986317,26649270243.0,60000326.284,0.4051714522287081,0.8912116465776059,59245452.453,0.40358850514728756,0.8912116465776059,64794129.134,0.23744171914118897,0.8886521239902734,30192787.289,0.23645547697010275,0.887559791017493,20579,0.015445083414027727,0.012601749540252172,0.012554819947313112,0.012581162099468468,0.015161086544535692,0.29711713032047615,0.23218912980419615,0.2481681793471211,-0.36724668378805037,0.20661839739540308,0.29239565603062523,0.22945459108777821,0.2436111682097295,0.2407264658467636,0.20302249866368627,1.0035614743455257,0.5553303168742141,0.46598029316141654
music_brainz_20k,query3,8,1/4,8268.942178559191,495.86827483121306,49721313905.0,60030091338.0,0.0,0.0,20673.0,8154.830167126179,487.2585664894432,49014206565.0,59181105002.0,302.0,0.0,20673.0,3768.4437181771664,257.0624200310558,22171564090.0,85925970815.0,7427.0,0.0,20673.0,3713.8076822466924,255.44757695309818,21994918178.0,26534416565.0,7470.0,34.0,20673.0,0.0,0.0,0.0,0.0,0.0,0.0,0.0,0.0,3952.614149984954,31178242291.0,3869.682599298768,30517333716.0,1831.3069560446131,44612572383.0,1799.1796480748978,13949775445.0,0.0,0.0,0.0,0.0,0.0,0.0,0.0,0.0,4316.328028574238,28851849047.0,4285.147567827411,28663771286.0,1937.1367621325535,41313398432.0,1914.6280341717952,12584641120.0,60030091.338,0.40302888689216404,0.8827361417573242,59181105.002,0.40114118996335374,0.8827264163056685,77454694.634,0.04930769490218706,0.7642675871967952,19306130.622,0.04780183252973292,0.7609717186407947,20673,0.017362894096623727,0.01380007369369407,0.014221413001093142,0.014142679397567082,0.014608426449958883,0.4815913155191136,0.5442653199403804,0.5540833025377792,-0.43138164376917243,0.3592608716683597,0.48484791240163705,0.5508726990646584,0.5576360226516826,0.5579814060985229,0.36134087940792337,0.9855016977785986,0.30880554869876337,0.24925707490331075
music_brainz_20k,query3,8,inf,8289.972875632375,497.7417026069015,49761331486.0,60098192700.0,0.0,0.0,21026.0,8159.979704641448,488.42561525385827,48978797162.0,59152063142.0,363.0,0.0,21026.0,3252.117802223272,236.0201813876629,18999605538.0,82066442319.0,8270.0,0.0,21026.0,3224.852597734216,236.0201813876629,18999605538.0,22914379177.0,8270.0,0.0,21026.0,0.0,0.0,0.0,0.0,0.0,0.0,0.0,0.0,3939.437704790418,31037687760.0,3855.3505425346975,30368351888.0,1653.251097670514,42999521777.0,1639.2602963571762,12631169889.0,0.0,0.0,0.0,0.0,0.0,0.0,0.0,0.0,4350.535170841957,29060504940.0,4304.629162106751,28783711254.0,1598.8667045527588,39066920542.0,1585.5923013770412,10283209288.0,60098192.7,0.40582033656237826,0.8897168448694347,59152063.142,0.4053465966547671,0.8897168448694347,82066442.319,0.03250216503496441,0.7107839895516828,22914379.177,0.03087043881849381,0.708349108819926,21026,0.018716710503159817,0.015680771570800944,0.015725751313952707,0.01574306173769513,0.0172643393893275,0.5258179490456255,0.6077046510269559,0.6181853465206131,-0.36553927218180715,0.3933225530295824,0.5258179490456255,0.6109935887470297,0.6181853465206131,0.6187176660804976,0.3933225530295824,0.9916161694787266,0.279217406402603,0.279217406402603
music_brainz_20k,query3,16,inf,16482.732715714603,984.8521953849122,99080321485.0,119635503487.0,0.0,0.0,41095.0,16258.374503638477,968.2043366804719,97704031814.0,117979113457.0,603.0,0.0,41095.0,4236.212108140395,334.60417334455997,24231150468.0,147195043886.0,21139.0,0.0,41095.0,4181.891406163802,334.60417334455997,24231150468.0,29215930429.0,21139.0,0.0,41095.0,0.0,0.0,0.0,0.0,0.0,0.0,0.0,0.0,7857.330486661923,61967673749.0,7700.561684305941,60719376974.0,2188.013514019411,77091574745.0,2160.0755982080473,16372197771.0,0.0,0.0,0.0,0.0,0.0,0.0,0.0,0.0,8625.402229052681,57667829738.0,8557.812819332537,57259736483.0,2048.198594120984,70103469141.0,2021.8158079557584,12843732658.0,119635503.487,0.4083478333086538,0.9104847724694589,117979113.457,0.40827435008323,0.9104847724694589,147195043.886,0.005813870053821497,0.6212291775747905,29215930.429,0.0034636064263783603,0.619110141024442,41095,0.016903915920026713,0.01361171208353229,0.013890645996827544,0.01384530496149905,0.014673317921888307,0.6602493501943347,0.742990911688958,0.7554393233204395,-0.23036255622892665,0.5143934785253681,0.6602493501943347,0.7462865243105716,0.7554393233204395,0.7557921388095742,0.5143934785253681,0.9871770580438572,0.19848447106430586,0.19848447106430586
music_brainz_20k,query3,50,inf,51584.73543125252,3085.4399053379893,310041184600.0,374371413800.0,0.0,0.0,128800.0,50823.23052244109,3029.784970358014,305378670000.0,368756329000.0,2000.0,0.0,128800.0,6414.9699022497425,611.3348415121436,34290584800.0,410069328200.0,84600.0,0.0,128800.0,6245.416171857367,611.3348415121436,34290584800.0,41312999200.0,84600.0,0.0,128800.0,0.0,0.0,0.0,0.0,0.0,0.0,0.0,0.0,24609.889972453308,194097558600.0,24083.455245905396,189901928600.0,3406.05101376821,213620337400.0,3318.8004758087277,23718408800.0,0.0,0.0,0.0,0.0,0.0,0.0,0.0,0.0,26974.84545879908,180273855200.0,26739.77527653556,178854400400.0,3008.9188884815217,196448990800.0,2926.6156960486346,17594590400.0,374371413.8,0.42372512574566706,0.9160870521262119,368756329.0,0.42347718402071105,0.9160870521262119,410069328.2,0.005376783672667289,0.3973618214656478,41312999.2,0.0030766693006429534,0.3960448695465747,128800,0.01803792544579752,0.014762214101617266,0.01503837177636691,0.014998700736802872,0.015527950310559006,0.801864609174692,0.8756420896875775,0.8893999039377944,-0.09535427408213071,0.656832298136646,0.801864609174692,0.8789289870415117,0.8893999039377944,0.8896470251810663,0.656832298136646,0.973569052859794,0.10074637715857335,0.10074637715857336
stockindex,query1,1,inf,566.7155882792032,60.6201993720606,3092895212.0,3725927849.0,0.0,0.0,2446.0,558.9422927277944,60.33605161961168,3044106234.0,3667722061.0,10.0,0.0,2446.0,560.6390332969592,60.33605161961168,3044106234.0,7335444122.0,10.0,0.0,2446.0,558.9422927277944,60.33605161961168,3044106234.0,3667722061.0,10.0,0.0,2446.0,0.0,0.0,0.0,0.0,0.0,0.0,0.0,0.0,1.9264870603741049,0.0,1.927006867291741,0.0,1.927006867291741,0.0,1.927006867291741,0.0,0.0,0.0,0.0,0.0,0.0,0.0,0.0,0.0,564.789101218829,3725927849.0,557.0152858605027,3667722061.0,558.7120264296675,7335444122.0,557.0152858605027,3667722061.0,3725927.849,0.16580514539646826,0.4501171961755678,3667722.061,0.16288878038424603,0.449751907199385,7335444.122,0.16335617870111674,0.45114725160795016,3667722.061,0.16288878038424603,0.449751907199385,2446,0.004687344406522631,0.013716396217389848,0.01577453313345556,0.015621823706441829,0.004088307440719542,0.004687344406522631,0.010722406632037607,0.01577453313345556,-0.9687563525871163,0.004088307440719542,0.004687344406522631,0.013716396217389848,0.01577453313345556,0.015621823706441829,0.004088307440719542,0.9969735596910071,0.5,0.5
stockindex,query1,2,1,1136.9768078827235,130.0102820303291,6110853519.0,7371277980.0,0.0,0.0,5030.0,1128.7623387286872,129.69154352508485,6059568962.0,7310051749.0,11.0,0.0,5030.0,1130.1905432152694,129.21638839319348,6049222452.0,14607747692.0,237.0,0.0,5030.0,1126.8116495743354,129.21638839319348,6049222452.0,7297695943.0,237.0,0.0,5030.0,0.0,0.0,0.0,0.0,0.0,0.0,0.0,0.0,3.8110366027225107,0.0,3.8115564096401466,0.0,3.873857950587587,0.0,3.876396914739923,0.0,0.0,0.0,0.0,0.0,0.0,0.0,0.0,0.0,1133.165771280001,7371277980.0,1124.950782319047,7310051749.0,1126.3166852646818,14607747692.0,1122.9352526595956,7297695943.0,7371277.98,0.10180420287929443,0.6166876476029535,7310051.749,0.10137829450783135,0.6164757452619806,14607747.692,0.10117700553114385,0.6179607876005243,7297695.943,0.10093339220891796,0.616033849856065,5030,0.0024516407492285452,0.007224834400389679,0.008392372168723239,0.00830605373533888,0.002186878727634195,0.0061063911618192135,0.005968692255114205,0.010085508809591914,-0.9817116830533639,0.047117296222664015,0.0061063911618192135,0.008940515090468448,0.010085508809591914,0.00998226321129736,0.047117296222664015,0.9970103327609507,0.49957708038704807,0.49957708038704807
stockindex,query1,2,1/16,1147.745253601473,126.76804139465094,6232859967.0,7510187226.0,0.0,0.0,4906.0,1111.1685585055122,125.68949929531664,5999458694.0,7232341594.0,41.0,0.0,4906.0,1108.0045943581672,125.03699813783169,5962193352.0,14419888620.0,269.0,0.0,4906.0,1104.6616756822325,125.03699813783169,5962193352.0,7187547026.0,269.0,0.0,4906.0,0.0,0.0,0.0,0.0,0.0,0.0,0.0,0.0,3.789571727821801,0.0,3.7924306658688,0.0,3.8542807406132633,0.0,3.8568699812834675,0.0,0.0,0.0,0.0,0.0,0.0,0.0,0.0,0.0,1143.9556818736512,7510187226.0,1107.3761278396435,7232341594.0,1104.1503136175538,14419888620.0,1100.804805700949,7187547026.0,7510187.226,0.10645978769220593,0.6176135764319279,7232341.594,0.10087728872645348,0.6168909090724605,14364451.874,0.09871438390765852,0.6180364436744528,7140327.829,0.09846654421757245,0.6160993507555647,4906,0.008507996869468126,0.03186830438303967,0.037446898251484506,0.03699583294516395,0.008357113738279657,0.013655202350490003,0.03462498243282197,0.04342574940445476,-0.9200438266144499,0.05483081940481044,0.013655202350490003,0.03753757881729414,0.04342574940445476,0.04296034044038621,0.05483081940481044,0.9969829378930769,0.4984467782941863,0.49708320871777667
stockindex,query1,2,1/4,1116.5231873964992,120.01959113497287,6031166269.0,7279891460.0,0.0,0.0,4889.0,1097.9722957232327,119.37840325944126,5914184982.0,7140417876.0,23.0,0.0,4889.0,1099.3962459838306,118.9334931820631,5904044491.0,14268753980.0,247.0,0.0,4889.0,1096.0958022552104,118.9334931820631,5904044491.0,7128336104.0,247.0,0.0,4889.0,0.0,0.0,0.0,0.0,0.0,0.0,0.0,0.0,3.779547668371225,0.0,3.7808471856653156,0.0,3.84222410084518,0.0,3.844800772385917,0.0,0.0,0.0,0.0,0.0,0.0,0.0,0.0,0.0,1112.743639728128,7279891460.0,1094.1914485375676,7140417876.0,1095.5540218829854,14268753980.0,1092.2510014828244,7128336104.0,7279891.46,0.096288224235823,0.6218380156953182,7140417.876,0.09422858345241857,0.6212010739755123,14268753.98,0.09379403649535263,0.6229502025056709,7128336.104,0.09357295224946198,0.6209983669883891,4889,0.005342360105280997,0.016614873638695626,0.01939613033075871,0.019158744984914877,0.0047044385354878294,0.009049338884085656,0.01533953043340297,0.021077478605324163,-0.960022901220563,0.05052157905502148,0.009049338884085656,0.01829553149623453,0.021077478605324163,0.020818353794522126,0.05052157905502148,0.9969979488826918,0.4995766353524304,0.4995766353524304
stockindex,query1,2,inf,1105.9307913244966,121.7079754807055,5995697193.0,7227444017.0,0.0,0.0,4845.0,1087.3798996512303,121.06678760517389,5878715906.0,7087970433.0,23.0,0.0,4845.0,1084.770768822699,120.42878911551088,5845956280.0,14136362382.0,260.0,0.0,4845.0,1081.4947514283951,120.42878911551088,5845956280.0,7048391949.0,260.0,0.0,4845.0,0.0,0.0,0.0,0.0,0.0,0.0,0.0,0.0,3.8306426134842666,0.0,3.8319421307783568,0.0,3.8951241115564397,0.0,3.897725921356111,0.0,0.0,0.0,0.0,0.0,0.0,0.0,0.0,0.0,1102.1001487110125,7227444017.0,1083.547957520452,7087970433.0,1080.8756447111425,14136362382.0,1077.597025507039,7048391949.0,7227444.017,0.10441615897089024,0.6084728548812155,7087970.433,0.1017731630021708,0.6079863344595942,14136362.382,0.09959767329911602,0.6088604679113057,7048391.949,0.09935255178486473,0.6069571305798661,4845,0.005268248633658823,0.01677400775779936,0.019510873086882374,0.01929777438219349,0.004747162022703818,0.0105102920342095,0.01913322485257485,0.02497472907317988,-0.9559283127962277,0.053663570691434466,0.0105102920342095,0.022095451259509735,0.02497472907317988,0.024773912821578925,0.053663570691434466,0.9969799910834072,0.49860011780504454,0.49860011780504454
stockindex,query1,4,1,2220.553925039658,239.825876400806,12035740494.0,14515736903.0,0.0,0.0,9886.0,2174.7964989364614,238.1901713917032,11747997784.0,14172543061.0,58.0,0.0,9886.0,2154.2893035660763,234.7092194100842,11597742541.0,28164299637.0,1100.0,0.0,9886.0,2147.7459799160906,234.7092194100842,11597742541.0,13991756576.0,1100.0,0.0,9886.0,0.0,0.0,0.0,0.0,0.0,0.0,0.0,0.0,7.783267646722358,0.0,7.786386488228175,0.0,8.059362547277091,0.0,8.070322828172324,0.0,0.0,0.0,0.0,0.0,0.0,0.0,0.0,0.0,2212.770657392936,14515736903.0,2167.0101124482335,14172543061.0,2146.2299410187993,28164299637.0,2139.6756570879184,13991756576.0,14515736.903,0.07930021981129605,0.7881474565293004,14172543.061,0.07688743846517238,0.7873943521428682,28164299.637,0.07342340962657018,0.7871376046270135,13991756.576,0.07323454098626898,0.784634893601231,9886,0.006820385830131115,0.02060631159965176,0.02390735411281464,0.02364288112228541,0.005866882460044507,0.021334882905507113,0.029841482670770247,0.036391442073576474,-0.9402597212394517,0.11126846044911996,0.021334882905507113,0.032788190506234716,0.036391442073576474,0.03609739763826303,0.11126846044911996,0.9969626532336422,0.49679050274052444,0.49679050274052444
stockindex,query1,4,1/16,2222.3869860808168,255.23582428973168,11956475689.0,14418349299.0,0.0,0.0,9964.0,2171.5872206899217,253.69275894388556,11632983197.0,14033153420.0,58.0,0.0,9964.0,2155.5328660265204,250.77952994406223,11509106323.0,27916857581.0,1053.0,0.0,9964.0,2149.05343526467,250.77952994406223,11509106323.0,13883704161.0,1053.0,0.0,9964.0,0.0,0.0,0.0,0.0,0.0,0.0,0.0,0.0,7.712150587755741,0.0,7.716049139638012,0.0,7.979784334781856,0.0,7.990505802217216,0.0,0.0,0.0,0.0,0.0,0.0,0.0,0.0,0.0,2214.674835493061,14418349299.0,2163.8711715502836,14033153420.0,2147.5530816917385,27916857581.0,2141.0629294624528,13883704161.0,14418349.299,0.07480059405861604,0.7774345364694778,14033153.42,0.07389432774437207,0.7751168178088326,27547566.276,0.06854003021801876,0.7769521229402526,13578660.123,0.06838282649173275,0.7744916740726974,9964,0.006045645630428864,0.022858199633575382,0.027055839899178147,0.026715671191758106,0.005820955439582497,0.017459517519025414,0.030082123623390022,0.037416491082868264,-0.9362034447962919,0.10568044961862706,0.017459517519025414,0.03299765129810739,0.037416491082868264,0.03708088401194998,0.10568044961862706,0.99699404687167,0.4973233151588359,0.49291686920561123
stockindex,query1,4,1/4,2222.4710753430954,242.29545130580664,12061544367.0,14539462929.0,0.0,0.0,9762.0,2182.8061650287414,240.97477393690497,11810674041.0,14240474196.0,48.0,0.0,9762.0,2164.863874987224,237.93427747581154,11674100275.0,28316438309.0,1102.0,0.0,9762.0,2158.289276254264,237.93427747581154,11674100275.0,14075964113.0,1102.0,0.0,9762.0,0.0,0.0,0.0,0.0,0.0,0.0,0.0,0.0,7.692588532738839,0.0,7.695447470785838,0.0,7.978945837913247,0.0,7.990509437022896,0.0,0.0,0.0,0.0,0.0,0.0,0.0,0.0,0.0,2214.7784868103568,14539462929.0,2175.110717557956,14240474196.0,2156.8849291493107,28316438309.0,2150.2987668172414,14075964113.0,14539462.929,0.07533718647415,0.7808179784646087,14240474.196,0.07365439812130194,0.7801337760569357,28316438.309,0.06804224534836055,0.7793581625574513,14075964.113,0.06787064784536005,0.776882487467799,9762,0.0054506898985685615,0.017847211041084443,0.020799187762918114,0.02056394616912882,0.004917025199754148,0.017999404472891944,0.02592033749954581,0.032122262308302285,-0.9475573786512317,0.11288670354435566,0.017999404472891944,0.02887857565431895,0.032122262308302285,0.03187867517963938,0.11288670354435566,0.9969630428920163,0.4970951487400216,0.4970951487400216
stockindex,query1,4,inf,2181.618903476104,239.18250477313995,11814536948.0,14245091025.0,0.0,0.0,9807.0,2137.1849981807904,237.65057202242315,11534280975.0,13910958512.0,55.0,0.0,9807.0,2117.339190299322,234.91014940291643,11387606583.0,27644658328.0,1073.0,0.0,9807.0,2110.91657773579,234.91014940291643,11387606583.0,13733699816.0,1073.0,0.0,9807.0,0.0,0.0,0.0,0.0,0.0,0.0,0.0,0.0,7.712346712568736,0.0,7.7154655540745525,0.0,7.990394204600846,0.0,8.001656144603288,0.0,0.0,0.0,0.0,0.0,0.0,0.0,0.0,0.0,2173.9065567635357,14245091025.0,2129.469532626716,13910958512.0,2109.3487960947214,27644658328.0,2102.9149215911866,13733699816.0,14245091.025,0.07207712946765307,0.7569865222368684,13910958.512,0.0708218386310916,0.755772130061343,27644658.328,0.0664624441137317,0.7567039446555106,13733699.816,0.06630852704090107,0.7543074867034626,9807,0.006404869587638973,0.02036740020198513,0.023721282876638106,0.023455975985944955,0.005608239012949934,0.017862323894783927,0.02946422634785628,0.036136021824560105,-0.9406445546387796,0.10941164474355053,0.017862323894783927,0.0324081926626415,0.036136021824560105,0.03589946937527555,0.10941164474355053,0.9969666586284532,0.4967939792581834,0.4967939792581834
stockindex,query1,8,1,4604.579804088149,484.70301605854183,25092289197.0,30249802387.0,0.0,0.0,19732.0,4498.652451928027,481.4402207378298,24418414145.0,29447287292.0,122.0,0.0,19732.0,4395.130219527604,468.6320298956707,23769843898.0,58111170983.0,3486.0,0.0,19732.0,4381.549766722089,468.6320298956707,23769843898.0,28663883691.0,3486.0,0.0,19732.0,0.0,0.0,0.0,0.0,0.0,0.0,0.0,0.0,15.444904106167424,0.0,15.452961113390785,0.0,16.332110076593466,0.0,16.366851150440283,0.0,0.0,0.0,0.0,0.0,0.0,0.0,0.0,0.0,4589.134899981982,30249802387.0,4483.199490814637,29447287292.0,4378.7981094510105,58111170983.0,4365.182915571649,28663883691.0,30249802.387,0.07086826589496988,0.956655893258547,29447287.292,0.07002348903127197,0.9500291500486262,58111170.983,0.05590669886631263,0.9454815830221514,28663883.691,0.05572791553272823,0.9424444944477934,19732,0.006731535007238221,0.023004781471281044,0.02685586184303057,0.02652959793697318,0.00618285019258058,0.03315635684208351,0.0454872308597164,0.05270325431918388,-0.9210429952419643,0.1766673423879992,0.03315635684208351,0.048436566821590143,0.05270325431918388,0.052427406821062617,0.1766673423879992,0.9969101136650794,0.4932594405882031,0.49325944058820304
stockindex,query1,8,1/16,4695.317277870023,495.6675931625068,25592444618.0,30850378839.0,0.0,0.0,19912.0,4553.77949246714,491.56468014698476,24688225173.0,29774140091.0,157.0,0.0,19912.0,4456.670782341689,479.14019997324795,24074170536.0,58807007522.0,3401.0,0.0,19912.0,4442.937614471155,479.14019997324795,24074170536.0,29032867431.0,3401.0,0.0,19912.0,0.0,0.0,0.0,0.0,0.0,0.0,0.0,0.0,15.38377380663692,0.0,15.394949655366098,0.0,16.233346294060965,0.0,16.266780178443213,0.0,0.0,0.0,0.0,0.0,0.0,0.0,0.0,0.0,4679.933504063386,30850378839.0,4538.384542811774,29774140091.0,4440.437436047629,58807007522.0,4426.670834292712,29032867431.0,30850378.839,0.07199282129693958,0.959104400173511,29774140.091,0.07072126724690381,0.9516837776551316,54665463.262,0.0572490380759678,0.9449917059658496,25366887.254,0.05707779507732715,0.9419619229270905,19912,0.008277549454755118,0.03014445606689442,0.03533149953029624,0.03488575468121824,0.007884692647649658,0.03334370335532566,0.050826489756746085,0.05932509006709541,-0.9062004985059755,0.17080152671755724,0.03334370335532566,0.05375135448000157,0.05932509006709541,0.058913746812806145,0.17080152671755724,0.9969185141687046,0.4936974121687565,0.46403864049266125
stockindex,query1,8,1/4,4654.05326631706,484.7484156442806,25448485894.0,30666598092.0,0.0,0.0,19709.0,4519.322514612386,480.6912259766832,24589998547.0,29644443153.0,153.0,0.0,19709.0,4431.573009902319,468.64268077909946,24029306590.0,58612335909.0,3422.0,0.0,19709.0,4417.9001559145045,468.64268077909946,24029306590.0,28967892756.0,3422.0,0.0,19709.0,0.0,0.0,0.0,0.0,0.0,0.0,0.0,0.0,15.491235864757181,0.0,15.501632003109904,0.0,16.354488124055436,0.0,16.38832422058063,0.0,0.0,0.0,0.0,0.0,0.0,0.0,0.0,0.0,4638.562030452304,30666598092.0,4503.820882609277,29644443153.0,4415.2185217782635,58612335909.0,4401.511831693924,28967892756.0,30666598.092,0.06784673525372702,0.9656719804959665,29644443.153,0.06735547476567509,0.9586242366421796,58612335.909,0.0548208684993008,0.9558462666089235,28967892.756,0.05465723991478246,0.9527738253695253,19709,0.008369681130788176,0.02894912111981296,0.03373431922731429,0.03333121384815907,0.007762950936120554,0.03322493554470929,0.047803547506622746,0.05576674816377192,-0.9112760969822149,0.17362626211375515,0.03322493554470929,0.050741385388017424,0.05576674816377192,0.05539268916962592,0.17362626211375515,0.9969146725198337,0.49422860063067275,0.49422860063067275
stockindex,query1,8,inf,4398.2841226471155,467.7874438781291,23938617740.0,28856477091.0,0.0,0.0,19596.0,4276.09566147481,464.22565734479576,23158305018.0,27927671720.0,136.0,0.0,19596.0,4185.495147828634,452.2684176871553,22581156823.0,55159689653.0,3474.0,0.0,19596.0,4172.617364076492,452.2684176871553,22581156823.0,27232017933.0,3474.0,0.0,19596.0,0.0,0.0,0.0,0.0,0.0,0.0,0.0,0.0,15.48496555977629,0.0,15.494581987752559,0.0,16.38025572886156,0.0,16.41493395706104,0.0,0.0,0.0,0.0,0.0,0.0,0.0,0.0,0.0,4382.79915708734,28856477091.0,4260.601079487058,27927671720.0,4169.114892099773,55159689653.0,4156.2024301194315,27232017933.0,28856477.091,0.06656407739155176,0.9154704855509397,27927671.72,0.06642280114701199,0.9088958030111449,55159689.653,0.05051156457206196,0.9077121819963652,27232017.933,0.05032645862287174,0.9048030015276574,19596,0.007614113161748981,0.027780938603567562,0.03259639844184248,0.03218706732880028,0.00694019187589304,0.03317537995957187,0.04837999749102484,0.05670590222641647,-0.9115184947577564,0.17728107777097366,0.03317537995957187,0.051307908329215834,0.05670590222641647,0.05629443791344335,0.17728107777097366,0.9969232352930041,0.4936941832760823,0.4936941832760823
stockindex,query1,16,inf,9101.893409520286,984.540463058278,49483999968.0,59642460384.0,0.0,0.0,39582.0,8868.399598308382,977.1315492717549,48001799524.0,57876813509.0,274.0,0.0,39582.0,8470.411476274234,932.6510555846617,45659685304.0,112920956391.0,9569.0,0.0,39582.0,8443.753666416778,932.6510555846617,45659685304.0,55044142882.0,9569.0,0.0,39582.0,0.0,0.0,0.0,0.0,0.0,0.0,0.0,0.0,31.02668871782879,0.0,31.0441022495696,0.0,33.33051052854002,0.0,33.41968850210846,0.0,0.0,0.0,0.0,0.0,0.0,0.0,0.0,0.0,9070.866720802458,59642460384.0,8837.355496058814,57876813509.0,8437.080965745696,112920956391.0,8410.33397791467,55044142882.0,59642460.384,0.06917267163543213,1.0606310418922746,57876813.509,0.0690670877595264,1.0500958360501393,112920956.391,0.03912222344984297,1.0366808543693329,55044142.882,0.03891274480035755,1.0333369104287415,39582,0.007525250677365536,0.025653322963294256,0.029953125150725457,0.029603857111730747,0.006922338436663129,0.05270418984348524,0.06937918352082018,0.07728386279349053,-0.8932980910575039,0.24175130109645798,0.05270418984348524,0.0723080037846977,0.07728386279349053,0.07709805183076535,0.24175130109645798,0.9968528317742149,0.4874572855316971,0.48745728553169704
stockindex,query1,50,inf,28466.331341424346,3061.937750130892,154728732000.0,186526024000.0,0.0,0.0,123400.0,27777.236506809,3040.441125445068,150348950000.0,181309533800.0,800.0,0.0,123400.0,24425.74123274305,2734.657680429518,131231047000.0,339484344000.0,43400.0,0.0,123400.0,24342.40029977085,2734.657680429518,131231047000.0,158174810200.0,43400.0,0.0,123400.0,0.0,0.0,0.0,0.0,0.0,0.0,0.0,0.0,96.33948812812991,0.0,96.39146881989353,0.0,105.55779075406952,0.0,105.91224020503921,0.0,0.0,0.0,0.0,0.0,0.0,0.0,0.0,0.0,28369.991853296204,186526024000.0,27680.845037989096,181309533800.0,24320.183441988986,339484344000.0,24236.488059565814,158174810200.0,186526024.0,0.07447592512963522,1.2341375623576167,181309533.8,0.07439407472757804,1.2280391236699941,339484344.0,0.013496653620746306,1.199411025014999,158174810.2,0.013222221264947239,1.1955320647384797,123400,0.007020594943481506,0.02420736365183007,0.028306197196781735,0.027966554414948552,0.006482982171799027,0.10688658503504289,0.1419427765460387,0.1518637469348615,-0.8200374227673453,0.35170178282009723,0.10688658503504289,0.1448704784677446,0.1518637469348615,0.15199602281770608,0.35170178282009723,0.9965879875587774,0.46592667083345674,0.46592667083345674
stockindex,query2,1,inf,136.52797110783396,26.304430062882602,610849892.0,746165873.0,0.0,0.0,2252.0,136.28156674904582,26.124067588709295,610442896.0,745667093.0,11.0,0.0,2252.0,136.62652298802521,26.124067588709295,610442896.0,1491334186.0,11.0,0.0,2252.0,136.28156674904582,26.124067588709295,610442896.0,745667093.0,11.0,0.0,2252.0,0.0,0.0,0.0,0.0,0.0,0.0,0.0,0.0,2.1112956696380336,0.0,2.1112956696380336,0.0,2.1112956696380336,0.0,2.1112956696380336,0.0,0.0,0.0,0.0,0.0,0.0,0.0,0.0,0.0,134.41667543819594,746165873.0,134.1702710794078,745667093.0,134.51522731838716,1491334186.0,134.1702710794078,745667093.0,746165.873,0.029865677746077852,0.12837838453715372,745667.093,0.029773157068622543,0.1283758449748012,1491334.186,0.029825285190566982,0.12873166232471123,745667.093,0.029773157068622543,0.1283758449748012,2252,0.0068567337799047,0.001804790306255466,0.000666278254822017,0.0006684572667396971,0.004884547069271759,0.0068567337799047,-0.0007218438785221437,0.000666278254822017,-0.9986630854665206,0.004884547069271759,0.0068567337799047,0.001804790306255466,0.000666278254822017,0.0006684572667396971,0.004884547069271759,0.9974751883350671,0.5,0.5
stockindex,query2,2,1,248.43586829910063,53.18083892017603,1075072826.0,1312514535.0,0.0,0.0,4558.0,247.80928456436504,52.731406630948186,1073990072.0,1311187989.0,27.0,0.0,4558.0,241.21731089112518,51.61139297671616,1036845937.0,2577112449.0,338.0,0.0,4558.0,240.614645614112,51.61139297671616,1036845937.0,1265924460.0,338.0,0.0,4558.0,0.0,0.0,0.0,0.0,0.0,0.0,0.0,0.0,4.271023633534257,0.0,4.271023633534257,0.0,4.349859518492461,0.0,4.3530269391181475,0.0,0.0,0.0,0.0,0.0,0.0,0.0,0.0,0.0,244.1648446655664,1312514535.0,243.53826093083077,1311187989.0,236.8674513726327,2577112449.0,236.26161867499385,1265924460.0,1312514.535,0.018086415495663685,0.1668562155566117,1311187.989,0.017988113424834997,0.1668562155566117,2577112.449,0.017764245630314885,0.1648109704118085,1265924.46,0.017744889768688384,0.16434594312164963,4558,0.008451019170691132,0.0025221146166430897,0.0010071447941146783,0.0010106905216100692,0.005923650724001755,0.029511492773094283,0.029056019396059063,0.03555748789803381,-0.9634925025801715,0.0741553312856516,0.029511492773094283,0.03148185782727797,0.03555748789803381,0.035496806898218436,0.0741553312856516,0.9975015670526017,0.4912181695801509,0.4912181695801509
stockindex,query2,2,1/16,267.9397399979471,54.52788019552827,1179453722.0,1440556795.0,0.0,0.0,4616.0,267.3641237223799,54.11298930179328,1178468235.0,1439349344.0,25.0,38.0,4616.0,259.8427496453451,52.829386660829186,1137741713.0,2350355419.0,364.0,38.0,4616.0,259.4026056447568,52.829386660829186,1137741713.0,1389717231.0,364.0,38.0,4616.0,0.0,0.0,0.0,0.0,0.0,0.0,0.0,0.0,4.3058292692753914,0.0,4.3058292692753914,0.0,4.390276104585073,0.0,4.393682338670633,0.0,0.0,0.0,0.0,0.0,0.0,0.0,0.0,0.0,263.6339107286717,1440556795.0,263.0582944531045,1439349344.0,255.45247354076002,2350355419.0,255.0089233060862,1389717231.0,1440556.795,0.02300267555590104,0.17718381759890092,1439349.344,0.022909825505738245,0.17718170107083986,2307928.047,0.022552542889212063,0.17495114048571314,1347380.655,0.022540280763131245,0.17465159597959912,4616,0.007608784574923089,0.0021483049717507807,0.0008355452881431136,0.0008381835441622076,0.005415944540727903,0.03114908425943863,0.030219445434499503,0.03536553255287456,-0.6315603988387004,0.07885615251299827,0.03114908425943863,0.031862143156724976,0.03536553255287456,0.03529160681235066,0.07885615251299827,0.9983061139816715,0.5912796080821171,0.5838053126272356
stockindex,query2,2,1/4,277.8483665840212,53.429021537303925,1245153372.0,1521046467.0,0.0,0.0,4496.0,277.4120342660811,53.113960969261825,1244408497.0,1520133804.0,19.0,0.0,4496.0,270.92558760899016,52.00464961398393,1207277962.0,2995018663.0,335.0,0.0,4496.0,270.2263238616436,52.00464961398393,1207277962.0,1474884859.0,335.0,0.0,4496.0,0.0,0.0,0.0,0.0,0.0,0.0,0.0,0.0,4.267219242284242,0.0,4.267219242284242,0.0,4.348607669410732,0.0,4.35185050481322,0.0,0.0,0.0,0.0,0.0,0.0,0.0,0.0,0.0,273.581147341737,1521046467.0,273.1448150237968,1520133804.0,266.5769799395794,2995018663.0,265.8744733568304,1474884859.0,1521046.467,0.019466995410338087,0.18960494183779508,1520133.804,0.019406945501346796,0.18960427795995397,2995018.663,0.019164395904223013,0.18788079412781872,1474884.859,0.019136852744875567,0.18734207019363353,4496,0.005896805873978561,0.0015703972756959672,0.0005982194778170191,0.0006000230892354574,0.004225978647686833,0.026659142958953552,0.024915672746766426,0.030418268826725714,-0.9690513919059647,0.07451067615658363,0.026659142958953552,0.027432382691631618,0.030418268826725714,0.030348585004799866,0.07451067615658363,0.9974189822618167,0.4924459661038179,0.49244596610381786
stockindex,query2,2,inf,252.4763992239914,53.454935937188566,1096418359.0,1339042265.0,0.0,0.0,4569.0,251.7692203210356,52.93327724095434,1095271599.0,1337636721.0,32.0,0.0,4569.0,247.00159094363258,51.78573398385197,1068760181.0,2643043027.0,354.0,0.0,4569.0,246.3868283661583,51.78573398385197,1068760181.0,1305406306.0,354.0,0.0,4569.0,0.0,0.0,0.0,0.0,0.0,0.0,0.0,0.0,4.23348320723699,0.0,4.23348320723699,0.0,4.3134658610775825,0.0,4.316733834739005,0.0,0.0,0.0,0.0,0.0,0.0,0.0,0.0,0.0,248.2429160167544,1339042265.0,247.5357371137986,1337636721.0,242.688125082555,2643043027.0,242.0700945314193,1305406306.0,1339042.265,0.024281449155868412,0.17137836678172366,1337636.721,0.02410136821261287,0.1713773922292516,2643043.027,0.023867507185531933,0.16985252130962322,1305406.306,0.023836991369900282,0.16937033195236986,4569,0.009758849900169952,0.0028009703288283117,0.0010459146279216958,0.0010496636564343298,0.007003720726636025,0.031226339047491614,0.021684435841077154,0.02522593476565449,-0.9738309208634277,0.07747866053841103,0.031226339047491614,0.02411936670734338,0.02522593476565449,0.025119415480137963,0.07747866053841103,0.9975110987134712,0.4939027827638918,0.4939027827638919
stockindex,query2,4,1,501.7978381499535,107.40577214583755,2172377224.0,2652787240.0,0.0,0.0,9090.0,500.7403663462167,106.65246754791588,2170521445.0,2650513833.0,45.0,0.0,9090.0,462.7203152550637,100.64578097499907,1968739364.0,5055056852.0,1492.0,0.0,9090.0,461.5123372595564,100.64578097499907,1968739364.0,2404543019.0,1492.0,0.0,9090.0,0.0,0.0,0.0,0.0,0.0,0.0,0.0,0.0,8.431133977353854,0.0,8.431133977353854,0.0,8.787327849953895,0.0,8.801455551474815,0.0,0.0,0.0,0.0,0.0,0.0,0.0,0.0,0.0,493.36670417259967,2652787240.0,492.30923236886287,2650513833.0,453.9329874051098,5055056852.0,452.71088170808156,2404543019.0,2652787.24,0.01608048821718164,0.22243783602291525,2650513.833,0.015985568477975665,0.22243734362141854,5055056.852,0.014890233580559607,0.20606926315193103,2404543.019,0.014861581806537525,0.2054782456528308,9090,0.007013632348351062,0.002107366200770233,0.0008542618563193161,0.0008569880636186689,0.0049504950495049506,0.06293880706578447,0.07787503238149096,0.09373964049624928,-0.9055643723618032,0.16413641364136414,0.06293880706578447,0.08028233250052086,0.09373964049624928,0.09357863957457813,0.16413641364136414,0.997389399264129,0.4756708162537595,0.4756708162537595
stockindex,query2,4,1/16,536.7222714077529,110.8508350616321,2354474349.0,2875744192.0,0.0,0.0,9146.0,535.5842044357959,110.02530405670404,2352554564.0,2873391787.0,50.0,80.0,9146.0,503.9271731277431,103.81581130437553,2191479296.0,4542715248.0,1514.0,80.0,9146.0,503.0825309433803,103.81581130437553,2191479296.0,2677136421.0,1514.0,80.0,9146.0,0.0,0.0,0.0,0.0,0.0,0.0,0.0,0.0,8.4689323761657,0.0,8.4689323761657,0.0,8.824618923368359,0.0,8.83865864098301,0.0,0.0,0.0,0.0,0.0,0.0,0.0,0.0,0.0,528.2533390315872,2875744192.0,527.1152720596302,2873391787.0,495.1025542043747,4542715248.0,494.2438723023973,2677136421.0,2875744.192,0.01604894430939514,0.2366071416101195,2873391.787,0.015942088089853777,0.2366071416101195,4277520.81,0.014942691850008212,0.22333877324083437,2423840.322,0.014920165101657895,0.22300718430172098,9146,0.007447224050852297,0.002120401989230025,0.0008153773264998332,0.0008180160831217087,0.005466870763175159,0.06346387695992683,0.06110254786706082,0.06922778881376546,-0.579665973293914,0.1655368467089438,0.06346387695992683,0.0626762522377542,0.06922778881376546,0.06906308688808438,0.1655368467089438,0.9983238804545499,0.5893251667444157,0.5666460619743894
stockindex,query2,4,1/4,558.4148246987157,110.25788061786443,2484946632.0,3035036434.0,0.0,0.0,9166.0,557.2690363965203,109.43928708974272,2482947508.0,3032587334.0,49.0,0.0,9166.0,511.2774305849887,102.72909546084702,2237350531.0,5765672914.0,1524.0,0.0,9166.0,509.89305187079736,102.72909546084702,2237350531.0,2733085580.0,1524.0,0.0,9166.0,0.0,0.0,0.0,0.0,0.0,0.0,0.0,0.0,8.444101738733233,0.0,8.444101738733233,0.0,8.799369730082546,0.0,8.813296325531994,0.0,0.0,0.0,0.0,0.0,0.0,0.0,0.0,0.0,549.9707229599825,3035036434.0,548.824934657787,3032587334.0,502.4780608549061,5765672914.0,501.07975554526536,2733085580.0,3035036.434,0.016058629072344018,0.2483450860954266,3032587.334,0.01595383732896726,0.2483450860954266,5765672.914,0.014751331385510392,0.23138641492363227,2733085.58,0.014731062612431291,0.23071363081081656,9166,0.007424353919506355,0.002051858674800844,0.0008044937361053606,0.0008069425370199612,0.005345843334060659,0.06828341987735942,0.08441286303450002,0.09963839778753047,-0.8997046788005709,0.1662666375736417,0.06828341987735942,0.08689198545919252,0.09963839778753047,0.09948837866240912,0.1662666375736417,0.9972923140522605,0.47402716400432976,0.4740271640043298
stockindex,query2,4,inf,520.6386531330858,107.55259143002331,2281067646.0,2785731919.0,0.0,0.0,9099.0,519.7788953102682,106.92698217462748,2279629085.0,2783969090.0,38.0,0.0,9099.0,479.5660035211533,100.30653569940478,2067796400.0,5309740012.0,1543.0,0.0,9099.0,478.29701622866554,100.30653569940478,2067796400.0,2525770922.0,1543.0,0.0,9099.0,0.0,0.0,0.0,0.0,0.0,0.0,0.0,0.0,8.518780892616236,0.0,8.518780892616236,0.0,8.880605005255273,0.0,8.894921243718198,0.0,0.0,0.0,0.0,0.0,0.0,0.0,0.0,0.0,512.1198722404696,2785731919.0,511.26011441765195,2783969090.0,470.685398515898,5309740012.0,469.4020949849474,2525770922.0,2785731.919,0.01567462566200164,0.23052147642012433,2783969.09,0.015582280463474187,0.23052048961346258,5309740.012,0.014475762541268746,0.2148885217389677,2525770.922,0.014458820889583883,0.21426941324455107,9099,0.00581677528247071,0.001651352272144413,0.0006306524940294933,0.0006328064046567938,0.0041762831080338495,0.06737220957928314,0.07888897484803825,0.09349623908523053,-0.9060484520369958,0.169579074623585,0.06737220957928314,0.08132634150310936,0.09349623908523053,0.0933187415583473,0.169579074623585,0.9973538839634787,0.475686364359039,0.47568636435903894
stockindex,query2,8,1,1063.903606144892,214.95572135504335,4692465898.0,5731523751.0,0.0,0.0,18219.0,1061.8363657916543,213.4544374709949,4688987246.0,5727261123.0,91.0,0.0,18219.0,891.1567487910813,189.02751045953482,3796639891.0,10365234687.0,4881.0,0.0,18219.0,888.5674421893544,189.02751045953482,3796639891.0,4637973564.0,4881.0,0.0,18219.0,0.0,0.0,0.0,0.0,0.0,0.0,0.0,0.0,17.187953473240135,0.0,17.187953473240135,0.0,18.30356694982358,0.0,18.34670420215436,0.0,0.0,0.0,0.0,0.0,0.0,0.0,0.0,0.0,1046.715652671652,5731523751.0,1044.6484123184143,5727261123.0,872.8531818412578,10365234687.0,870.2207379872001,4637973564.0,5731523.751,0.01612681948144644,0.28365524182509166,5727261.123,0.01603970906243346,0.2836448377224568,10365234.687,0.013695516893316032,0.21842860100376357,4637973.564,0.013613715808705618,0.2178061014329589,18219,0.006984154106644103,0.001943071102774363,0.0007413270710145969,0.0007437163632544319,0.004994785663318514,0.12062117133734152,0.16237077904056318,0.190907302572367,-0.8084605660390991,0.267907129919315,0.12062117133734152,0.16480455836678365,0.190907302572367,0.19079571759764657,0.267907129919315,0.9970944431434319,0.4474547566025603,0.44745475660256023
stockindex,query2,8,1/16,1049.2556010590654,217.36711742170155,4591391109.0,5607648553.0,0.0,0.0,18346.0,1047.4269466970843,216.05323140043765,4588240114.0,5603788010.0,79.0,146.0,18346.0,929.0083299968475,194.0396518362686,3992816309.0,8642148064.0,4692.0,146.0,18346.0,927.3247863847404,194.0396518362686,3992816309.0,4877618706.0,4692.0,146.0,18346.0,0.0,0.0,0.0,0.0,0.0,0.0,0.0,0.0,17.176379640325987,0.0,17.176379640325987,0.0,18.267781912187164,0.0,18.31008960197312,0.0,0.0,0.0,0.0,0.0,0.0,0.0,0.0,0.0,1032.0792214187395,5607648553.0,1030.2505670567584,5603788010.0,910.7405480846603,8642148064.0,909.0146967827673,4877618706.0,5607648.553,0.01631462076459714,0.2717130799478915,5603788.01,0.01621552315531211,0.27170100413034337,7725501.354,0.014267014733215793,0.22872224298023952,4008288.067,0.0142043913747197,0.22838245611124058,18346,0.006044548213402945,0.001742811151196455,0.0006862832908796079,0.0006884423949740093,0.004306115774555762,0.1073182819100309,0.1146024581053906,0.130368941741138,-0.5411358223183571,0.25575057233184345,0.1073182819100309,0.11620697049532469,0.130368941741138,0.13018466476638346,0.25575057233184345,0.9981878056872614,0.5643988820694197,0.5188385689589771
stockindex,query2,8,1/4,1045.4404964251619,215.56620828527957,4582356060.0,5596662303.0,0.0,0.0,18174.0,1043.139984946549,213.88884534686804,4578521601.0,5591963392.0,102.0,0.0,18174.0,879.4929285521087,190.0220073638484,3723939520.0,10140931067.0,4763.0,0.0,18174.0,876.9645911939372,190.0220073638484,3723939520.0,4548967675.0,4763.0,0.0,18174.0,0.0,0.0,0.0,0.0,0.0,0.0,0.0,0.0,16.88377533796469,0.0,16.88377533796469,0.0,17.96189222199933,0.0,18.00369714660661,0.0,0.0,0.0,0.0,0.0,0.0,0.0,0.0,0.0,1028.5567210871973,5596662303.0,1026.2562096085844,5591963392.0,861.5310363301093,10140931067.0,858.9608940473306,4548967675.0,5596662.303,0.016265870078463255,0.27717369652037094,5591963.392,0.01615616481552555,0.2771640718027425,10138071.519,0.014060642204939787,0.2147828216221711,4546175.7,0.0139748402583816,0.2141732991488061,18174,0.007781196096336762,0.0022005188114286867,0.0008367876589668866,0.0008395916611729781,0.005612413337735226,0.11849816872793939,0.15873458933387763,0.18733082474608054,-0.8119605075268019,0.2620776934081655,0.11849816872793939,0.16115303148033844,0.18733082474608054,0.1871999008120251,0.2620776934081655,0.9971252328744316,0.44857495282686355,0.44842608295669495
stockindex,query2,8,inf,1071.5240467303038,218.2843842646107,4717377294.0,5761363772.0,0.0,0.0,18321.0,1069.2986214794437,216.6681247483939,4713634991.0,5756778057.0,98.0,0.0,18321.0,899.6591428449894,192.36076788324863,3826368890.0,10430459359.0,4791.0,0.0,18321.0,897.0549620827861,192.36076788324863,3826368890.0,4673681302.0,4791.0,0.0,18321.0,0.0,0.0,0.0,0.0,0.0,0.0,0.0,0.0,16.84940127617331,0.0,16.84940127617331,0.0,17.928976341007548,0.0,17.97088181865056,0.0,0.0,0.0,0.0,0.0,0.0,0.0,0.0,0.0,1054.6746454541305,5761363772.0,1052.4492202032704,5756778057.0,881.7301665039819,10430459359.0,879.0840802641355,4673681302.0,5761363.772,0.016399835573306255,0.27973152867945067,5756778.057,0.01628923646024327,0.27972047276308915,10430459.359,0.01417001857729894,0.217696952016427,4673681.302,0.014084589730989156,0.21707750710957335,18321,0.007404375359519655,0.0020768784962417186,0.0007933016095108547,0.0007959426242596379,0.005349052999290432,0.11876074630211164,0.16039295096526351,0.1888779184851861,-0.8104149940490861,0.26150319305714753,0.11876074630211164,0.16282330310728943,0.1888779184851861,0.18878906332665435,0.26150319305714753,0.9971053695358798,0.4480801028161122,0.44808010281611227
stockindex,query2,16,inf,2132.1459462461103,431.37449461966753,9403356735.0,11485093121.0,0.0,0.0,36394.0,2127.6237265622703,428.1096313269809,9395644334.0,11475643404.0,197.0,0.0,36394.0,1570.1250291357399,349.7063531400636,6506574223.0,19423088778.0,13201.0,0.0,36394.0,1564.9796816824605,349.7063531400636,6506574223.0,7947445374.0,13201.0,0.0,36394.0,0.0,0.0,0.0,0.0,0.0,0.0,0.0,0.0,34.047319430643945,0.0,34.047319430643945,0.0,36.82314232318035,0.0,36.93005533842674,0.0,0.0,0.0,0.0,0.0,0.0,0.0,0.0,0.0,2098.098626815467,11485093121.0,2093.576407131627,11475643404.0,1533.3018868125596,19423088778.0,1528.0496263440336,7947445374.0,11485093.121,0.01666527572207334,0.3360979564947371,11475643.404,0.01653148181576463,0.3360860465566923,19423088.778,0.012243425558392203,0.14423334728790263,7947445.374,0.01197646660656331,0.14387483170603563,36394,0.007568512588036036,0.0021209709831552237,0.0008201753073233675,0.0008227810519638723,0.005412980161565093,0.1893207468179332,0.26359401808298977,0.3080583448693335,-0.6911564036416662,0.36272462493817664,0.1893207468179332,0.26600724287294286,0.3080583448693335,0.3080208153063698,0.36272462493817664,0.9967229695993627,0.40917515565299034,0.40917515565299034
stockindex,query2,50,inf,6650.129769961991,1356.7612808197737,29258944000.0,35735305400.0,0.0,0.0,114200.0,6636.207843352156,1346.7717207968235,29234882800.0,35705826600.0,600.0,0.0,114200.0,3818.7464262031594,954.3139405548573,14734830200.0,53697861200.0,56000.0,0.0,114200.0,3802.924731016218,954.3139405548573,14734830200.0,17992034600.0,56000.0,0.0,114200.0,0.0,0.0,0.0,0.0,0.0,0.0,0.0,0.0,106.55000490927694,0.0,106.55000490927694,0.0,117.23414617590348,0.0,117.64138597063463,0.0,0.0,0.0,0.0,0.0,0.0,0.0,0.0,0.0,6543.579765052717,35735305400.0,6529.657838442882,35705826600.0,3701.512280027258,53697861200.0,3685.283345045586,17992034600.0,35735305.4,0.017090527520311944,0.3958950520798376,35705826.6,0.016869054727984542,0.3958950520798376,53697861.2,0.00812160872954006,0.13095553888953312,17992034.6,0.008120680433831252,0.13066625015137898,114200,0.007362798573463336,0.002093481945678599,0.0008223536707271384,0.0008249208918191808,0.005253940455341506,0.2966235445794504,0.4257636229217545,0.4963991113281464,-0.502655723770588,0.4903677758318739,0.2966235445794504,0.42814277877799156,0.4963991113281464,0.49651935533759284,0.4903677758318739,0.9958568353535135,0.3350605442735958,0.3350605442735958
stockindex,query3,1,inf,1231.3183019994303,81.65033286530524,6956545628.0,8447969662.0,0.0,0.0,2833.0,1217.4495291499156,80.74202175810933,6877634849.0,8351943186.0,23.0,0.0,2833.0,1221.3132572621766,80.74202175810933,6877634849.0,16703886372.0,23.0,0.0,2833.0,1217.4495291499156,80.74202175810933,6877634849.0,8351943186.0,23.0,0.0,2833.0,0.0,0.0,0.0,0.0,0.0,0.0,0.0,0.0,2.549929254955807,0.0,2.5526224563015867,0.0,2.5526224563015867,0.0,2.5526224563015867,0.0,0.0,0.0,0.0,0.0,0.0,0.0,0.0,0.0,1228.7683727444746,8447969662.0,1214.896906693614,8351943186.0,1218.760634805875,16703886372.0,1214.896906693614,8351943186.0,8447969.662,0.40084888370261174,1.0147394728109351,8351943.186,0.39478723802609955,1.0131919839592556,16703886.372,0.39602528627909883,1.0164454369124083,8351943.186,0.39478723802609955,1.0131919839592556,2833,0.011124401766913983,0.011263353128914244,0.01134338552778047,0.011366811179725045,0.008118602188492764,0.011124401766913983,0.008125473909554759,0.01134338552778047,-0.9772663776405499,0.008118602188492764,0.011124401766913983,0.011263353128914244,0.01134338552778047,0.011366811179725045,0.008118602188492764,0.9968364151545179,0.5,0.5
stockindex,query3,2,1,2544.274219942731,173.16097276099026,14340450849.0,17413973333.0,0.0,0.0,5890.0,2515.956388849865,171.2567927343771,14179957047.0,17218598680.0,59.0,0.0,5890.0,2362.535102944571,162.36129719298333,13257133426.0,33313914440.0,675.0,0.0,5890.0,2354.5772760444243,162.36129719298333,13257133426.0,16095315760.0,675.0,0.0,5890.0,0.0,0.0,0.0,0.0,0.0,0.0,0.0,0.0,5.188303112931028,0.0,5.196205681860159,0.0,5.3272824368641265,0.0,5.332335226909865,0.0,0.0,0.0,0.0,0.0,0.0,0.0,0.0,0.0,2539.0859168298,17413973333.0,2510.760183168005,17218598680.0,2357.207820507707,33313914440.0,2349.2449408175144,16095315760.0,17413973.333,0.34627198291246003,1.2102564422937532,17218598.68,0.34222649220721946,1.2102379977891775,33313914.44,0.2872911807130521,1.1785221874244287,16095315.76,0.28611741910559163,1.1747110039890745,5890,0.010996588874800706,0.011130023199112382,0.01119168453558006,0.011219418409798454,0.010016977928692699,0.06236783840960203,0.07143063258419169,0.07554277298579792,-0.9130564749900665,0.11460101867572156,0.06236783840960203,0.0745583720541636,0.07554277298579792,0.07572410660013495,0.11460101867572156,0.9966316577094544,0.4831409346682587,0.4831409346682587
stockindex,query3,2,1/16,2531.7997263135553,167.89011643826962,14340609499.0,17402470073.0,0.0,0.0,5747.0,2499.8061186770606,165.7272262442857,14159889808.0,17182446024.0,61.0,0.0,5747.0,2377.2631379931054,157.81985265668482,13416973506.0,33460709380.0,637.0,0.0,5747.0,2369.321533062397,157.81985265668482,13416973506.0,16278263356.0,637.0,0.0,5747.0,0.0,0.0,0.0,0.0,0.0,0.0,0.0,0.0,5.158469731002693,0.0,5.165681107109474,0.0,5.293304856479916,0.0,5.29820681697205,0.0,0.0,0.0,0.0,0.0,0.0,0.0,0.0,0.0,2526.6412565825526,17402470073.0,2494.6404375699512,17182446024.0,2371.9698331366258,33460709380.0,2364.023326245425,16278263356.0,17402470.073,0.34404516826943043,1.220183074869041,17182446.024,0.34035419214056967,1.220126790951627,33280557.725,0.29292220456728635,1.2010156465044426,16119857.371,0.29176282577027485,1.1971175263870353,5747,0.012882772612640148,0.01263670554348284,0.012601953286058176,0.0126432654719153,0.010614233513137289,0.059981278202802746,0.0610382356528113,0.06440702489419348,-0.9227563236505385,0.11084043848964677,0.059981278202802746,0.06417497859822263,0.06440702489419348,0.06460041087754609,0.11084043848964677,0.9966593496513757,0.48648888973435145,0.484362597051399
stockindex,query3,2,1/4,2534.349256626496,170.82080780528486,14262526405.0,17331382602.0,0.0,0.0,5988.0,2505.740870176897,168.86971801519394,14101036616.0,17134722395.0,51.0,0.0,5988.0,2365.4030073941244,160.67925187572837,13256082138.0,33240134800.0,674.0,0.0,5988.0,2357.4840708443617,160.67925187572837,13256082138.0,16105412405.0,674.0,0.0,5988.0,0.0,0.0,0.0,0.0,0.0,0.0,0.0,0.0,5.260125376801724,0.0,5.264903455021544,0.0,5.404188259278373,0.0,5.409580415819721,0.0,0.0,0.0,0.0,0.0,0.0,0.0,0.0,0.0,2529.089131249694,17331382602.0,2500.4759667218755,17134722395.0,2359.998819134846,33240134800.0,2352.074490428542,16105412405.0,17331382.602,0.3180935059574264,1.2036251655490433,17134722.395,0.3157356562050281,1.2033429474543609,33240134.8,0.270274405325827,1.1771449395610671,16105412.405,0.2691806899012518,1.173345635465377,5988,0.011421850857390448,0.011288257281350411,0.011322663630153662,0.011347058195882553,0.008517034068136272,0.059369558427077807,0.06666257572457002,0.0705656374208129,-0.91791593107893,0.11255845023380094,0.059369558427077807,0.06978721867938664,0.0705656374208129,0.07073701072518734,0.11255845023380094,0.9966521829366883,0.4845170605324982,0.48451706053249816
stockindex,query3,2,inf,2515.5457380040257,167.3970469655469,14195493920.0,17240735461.0,0.0,0.0,5823.0,2486.827134147211,165.45211622398347,14033339118.0,17043324661.0,61.0,0.0,5823.0,2365.0352672178938,158.04017323534936,13295394529.0,33187770115.0,688.0,0.0,5823.0,2357.1586628407767,158.04017323534936,13295394529.0,16144445454.0,688.0,0.0,5823.0,0.0,0.0,0.0,0.0,0.0,0.0,0.0,0.0,5.235160993338314,0.0,5.243500500834473,0.0,5.384377356593257,0.0,5.3898449279114065,0.0,0.0,0.0,0.0,0.0,0.0,0.0,0.0,0.0,2510.3105770106877,17240735461.0,2481.5836336463767,17043324661.0,2359.6508898613006,33187770115.0,2351.768817912865,16144445454.0,17240735.461,0.33182122604156095,1.2078945181682537,17043324.661,0.3290645314828844,1.2068868471935221,33187770.115,0.28618554139658997,1.1852229045537281,16144445.454,0.28505585576807174,1.1813903395138259,5823,0.011618668171391011,0.011416450682229184,0.011422977102018339,0.01145025398983468,0.010475699811093938,0.05589628909118893,0.0598321344399626,0.0634074021004547,-0.9249625510508841,0.11815215524643655,0.05589628909118893,0.06296330564393637,0.0634074021004547,0.06358719495928122,0.11815215524643655,0.9966695615552563,0.4864576739581288,0.4864576739581288
stockindex,query3,4,1,5026.797795148587,327.42725733853877,28417924241.0,34512330974.0,0.0,0.0,11565.0,4980.701378069473,324.2703546853736,28157934692.0,34195745488.0,101.0,0.0,11565.0,4297.895736890332,284.50823666807264,24172866295.0,63539713360.0,2658.0,0.0,11565.0,4282.10843626844,284.50823666807264,24172866295.0,29343967872.0,2658.0,0.0,11565.0,0.0,0.0,0.0,0.0,0.0,0.0,0.0,0.0,10.371012006508279,0.0,10.384035425466656,0.0,10.907095681023566,0.0,10.927357117724387,0.0,0.0,0.0,0.0,0.0,0.0,0.0,0.0,0.0,5016.426783142079,34512330974.0,4970.317342644007,34195745488.0,4286.988641209308,63539713360.0,4271.181079150716,29343967872.0,34512330.974,0.2999647115625273,1.3236516092866022,34195745.488,0.298446790262388,1.3236439838225318,63539713.36,0.18613475723362463,1.2981948442483175,29343967.872,0.1848546951422096,1.293989928111343,11565,0.00964153894463693,0.009170135533122514,0.009148787462277097,0.00917311224902484,0.008733246865542586,0.13107955953126593,0.14500325813020087,0.14937959261202605,-0.8410727866474128,0.2298313878080415,0.13107955953126593,0.14814388587479188,0.14937959261202605,0.14975410110356224,0.2298313878080415,0.996326737178293,0.4618209041288001,0.46182090412880017
stockindex,query3,4,1/16,4981.92110741364,334.5084202066064,28084183319.0,34115526233.0,0.0,0.0,11662.0,4932.896986267821,331.13442208990455,27807940440.0,33779114238.0,107.0,0.0,11662.0,4291.359439884182,293.17837655264884,24067022358.0,63001962670.0,2663.0,0.0,11662.0,4275.7648662553465,293.17837655264884,24067022358.0,29222848432.0,2663.0,0.0,11662.0,0.0,0.0,0.0,0.0,0.0,0.0,0.0,0.0,10.477122186422173,0.0,10.490671061501683,0.0,11.016000152692103,0.0,11.03636214242866,0.0,0.0,0.0,0.0,0.0,0.0,0.0,0.0,0.0,4971.443985227218,34115526233.0,4922.40631520632,33779114238.0,4280.34343973149,63001962670.0,4264.728504112918,29222848432.0,34115526.233,0.2932476770722139,1.3041202238689473,33779114.238,0.29165498282610336,1.3041008373074994,61752588.477,0.17569195952974453,1.2878586853622591,28162228.658,0.1744820400650741,1.283691619827042,11662,0.01008643703084644,0.009840404953997628,0.009836243976270809,0.009860964556208107,0.009175098610872921,0.1235545689057106,0.13861352932743698,0.14303997788969847,-0.846724046984159,0.22834848225004287,0.1235545689057106,0.14174376228227625,0.14303997788969847,0.14341498845963296,0.22834848225004287,0.9963660527981183,0.4638402867711804,0.45604936331517726
stockindex,query3,4,1/4,5032.033469413401,337.14993728511035,28364042050.0,34454750680.0,0.0,0.0,11763.0,4976.254858678696,333.3665755568072,28049353018.0,34071611001.0,110.0,0.0,11763.0,4296.410254424866,293.35159238707274,24094442829.0,63324581092.0,2694.0,0.0,11763.0,4280.680719554736,293.35159238707274,24094442829.0,29252970091.0,2694.0,0.0,11763.0,0.0,0.0,0.0,0.0,0.0,0.0,0.0,0.0,10.435286841660815,0.0,10.448487295727404,0.0,10.975372141985076,0.0,10.995809546498435,0.0,0.0,0.0,0.0,0.0,0.0,0.0,0.0,0.0,5021.59818257174,34454750680.0,4965.80637138297,34071611001.0,4285.4348822828815,63324581092.0,4269.684910008238,29252970091.0,34454750.68,0.3001726450810972,1.3141320639167278,34071611.001,0.2981434347735615,1.3140810204330662,63324581.092,0.17693386814736592,1.2941442138694208,29252970.091,0.17570286254986958,1.2899524251493346,11763,0.011221599976463104,0.01108470582990917,0.011094646928151763,0.011120082758932948,0.00935135594661226,0.12990761692178399,0.14618806084258584,0.15052858874886632,-0.8379056542921994,0.22902320836521295,0.12990761692178399,0.1493139412576785,0.15052858874886632,0.15097426294886773,0.22902320836521295,0.9963389122689272,0.4619528402169821,0.461952840216982
stockindex,query3,4,inf,5030.741928967935,339.05377335846424,28350697016.0,34435104627.0,0.0,0.0,11747.0,4979.351029373358,335.54063419345766,28060865824.0,34082187824.0,109.0,0.0,11747.0,4327.266773174062,297.31413560174406,24255960862.0,63530615522.0,2645.0,0.0,11747.0,4311.531741996451,297.31413560174406,24255960862.0,29448427698.0,2645.0,0.0,11747.0,0.0,0.0,0.0,0.0,0.0,0.0,0.0,0.0,10.367076064195254,0.0,10.380442254963059,0.0,10.897420157008806,0.0,10.91754333328549,0.0,0.0,0.0,0.0,0.0,0.0,0.0,0.0,0.0,5020.374852903739,34435104627.0,4968.970587118396,34082187824.0,4316.369353017054,63530615522.0,4300.6141986631665,29448427698.0,34435104.627,0.3057721234744246,1.3198262827533593,34082187.824,0.3046691030918452,1.3197695705235766,63530615.522,0.18782007891162586,1.2981654493424364,29448427.698,0.18662470225335087,1.2939679052557556,11747,0.01036159878183196,0.01021537187162369,0.010223071123663385,0.010248750710148413,0.009278964842087341,0.12310624755262933,0.1398352699714397,0.14443158669746614,-0.8449374906846279,0.22516387162679832,0.12310624755262933,0.14296304543672556,0.14443158669746614,0.14481375860522372,0.22516387162679832,0.9963637482960014,0.4635312826113311,0.4635312826113311
stockindex,query3,8,1,10014.448275002693,668.9712589643896,56475213478.0,68599880623.0,0.0,0.0,23393.0,9923.96667342384,662.6659308653325,55966801008.0,67980643351.0,221.0,0.0,23393.0,7537.004217345157,524.5980115337297,42188821874.0,119181477667.0,8120.0,0.0,23393.0,7505.654685101658,524.5980115337297,42188821874.0,51200834316.0,8120.0,0.0,23393.0,0.0,0.0,0.0,0.0,0.0,0.0,0.0,0.0,20.875192427687505,0.0,20.90540901935234,0.0,22.37037028580999,0.0,22.427496979237553,0.0,0.0,0.0,0.0,0.0,0.0,0.0,0.0,0.0,9993.573082575007,68599880623.0,9903.061264404487,67980643351.0,7514.633847059347,119181477667.0,7483.2271881224215,51200834316.0,68599880.623,0.290233864375187,1.3620624553789213,67980643.351,0.28995021190520553,1.3620262676487505,119181477.667,0.07571155667559941,1.3352991414966693,51200834.316,0.07421020318910469,1.330953570193687,23393,0.009425409559176146,0.009035105988285608,0.009002400144942357,0.009026798099009858,0.009447270551019536,0.21581382682143757,0.2473869742621313,0.2529674652680204,-0.737342347896756,0.3471123840465096,0.21581382682143757,0.2505174045547067,0.2529674652680204,0.25363085400423413,0.3471123840465096,0.9958405844896102,0.42960395623771436,0.42960395623771436
stockindex,query3,8,1/16,10083.293189719401,668.7052701096982,56936878833.0,69150594207.0,0.0,0.0,23318.0,9980.3902801902,661.7199464756995,56355904089.0,68443259415.0,216.0,0.0,23318.0,7606.818580827911,526.4041634229943,42644761320.0,120187587347.0,7831.0,0.0,23318.0,7575.253545385902,526.3984231008217,42644754896.0,51744327932.0,7839.0,0.0,23318.0,0.0,0.0,0.0,0.0,0.0,0.0,0.0,0.0,20.726129978093063,0.0,20.753470684100414,0.0,22.159668950040754,0.0,22.216386183504394,0.0,0.0,0.0,0.0,0.0,0.0,0.0,0.0,0.0,10062.567059741308,69150594207.0,9959.6368095061,68443259415.0,7584.658911877872,120187587347.0,7553.0371592023985,51744327932.0,69150594.207,0.2946018133100885,1.369888421053236,68443259.415,0.29437596550191,1.3698481340647037,110077653.594,0.08197975255102054,1.3386542157154988,42561204.607,0.08047765659089196,1.3342987675772808,23318,0.010446042443859826,0.010205287855173828,0.010203838986398317,0.010228904033457997,0.009263230122652028,0.21280093495204544,0.2456017654446886,0.25101687703886644,-0.7380557423298846,0.33583497727077793,0.21280951918553248,0.2487321946455564,0.25101698986556387,0.2517153536366574,0.3361780598679132,0.9958504287822026,0.4305297167053216,0.38664709155210303
stockindex,query3,8,1/4,10139.278004708165,675.5427690465003,57236726912.0,69513105685.0,0.0,0.0,23285.0,10028.510311792728,668.0232673073187,56611322210.0,68751649214.0,223.0,0.0,23285.0,7635.828197840012,530.0390613256022,42771208381.0,120657234254.0,8115.0,0.0,23285.0,7604.121899297004,530.0390613256022,42771208381.0,51905585040.0,8115.0,0.0,23285.0,0.0,0.0,0.0,0.0,0.0,0.0,0.0,0.0,20.65769845071431,0.0,20.684436481453417,0.0,22.135315227994088,0.0,22.191700342783097,0.0,0.0,0.0,0.0,0.0,0.0,0.0,0.0,0.0,10118.620306257451,69513105685.0,10007.825875311275,68751649214.0,7613.692882612018,120657234254.0,7581.930198954222,51905585040.0,69513105.685,0.2973986147938128,1.3827367533878716,68751649.214,0.29663823019925684,1.3827083625106436,120657234.254,0.07694706508450125,1.3456948893508813,51905585.04,0.07550371799731136,1.3413164113390552,23285,0.01113105207209164,0.01092461345511997,0.010926632876152143,0.01095414258212768,0.009576980888984324,0.21538785460803667,0.24690612149165636,0.2527314071127855,-0.7357480012583615,0.3485076229332188,0.21538785460803667,0.2500331980476286,0.2527314071127855,0.2532978561595107,0.3485076229332188,0.9958476935675457,0.4301904097248876,0.4301904097248876
stockindex,query3,8,inf,10071.23354980203,664.9787860922515,56904827876.0,69103562798.0,0.0,0.0,23285.0,9970.816813643678,658.0267512975261,56340056529.0,68415735186.0,230.0,0.0,23285.0,7590.014481713638,520.7853883095086,42576963682.0,120075188411.0,8066.0,0.0,23285.0,7558.462877922717,520.7853883095086,42576963682.0,51659453225.0,8066.0,0.0,23285.0,0.0,0.0,0.0,0.0,0.0,0.0,0.0,0.0,20.87110164756789,0.0,20.901589441098533,0.0,22.34998262758518,0.0,22.406380311503657,0.0,0.0,0.0,0.0,0.0,0.0,0.0,0.0,0.0,10050.362448154461,69103562798.0,9949.91522420258,68415735186.0,7567.664499086053,120075188411.0,7536.056497611214,51659453225.0,69103562.798,0.29233529136728675,1.374249576406676,68415735.186,0.2919779902932066,1.3741936951121145,120075188.411,0.08058415098674708,1.3420766045315917,51659453.225,0.07920213202716832,1.3377076570125126,23285,0.01045452116687684,0.009970649142609256,0.00992484061687493,0.009953576691995258,0.009877603607472621,0.2168390944169747,0.24636694758579647,0.2517864428870872,-0.7376121222866272,0.3464032639038007,0.2168390944169747,0.24949979160484326,0.2517864428870872,0.25243430102137754,0.3464032639038007,0.9958430113846374,0.430225876874556,0.43022587687455605
stockindex,query3,16,inf,20114.965289490603,1330.6664388487116,113528074775.0,137902192388.0,0.0,0.0,46698.0,19888.367466771462,1315.1537423515692,112250697401.0,136346701094.0,468.0,0.0,46698.0,12793.022772625061,914.5876382458955,71413660099.0,222961781504.0,21253.0,0.0,46698.0,12730.208092188552,914.5876382458955,71413660099.0,86615080410.0,21253.0,0.0,46698.0,0.0,0.0,0.0,0.0,0.0,0.0,0.0,0.0,41.546038958732815,0.0,41.601694063842665,0.0,45.114001153826344,0.0,45.2511429254409,0.0,0.0,0.0,0.0,0.0,0.0,0.0,0.0,0.0,20073.41925053187,137902192388.0,19846.765772707622,136346701094.0,12747.908771471235,222961781504.0,12684.95694926311,86615080410.0,137902192.388,0.28971323047790853,1.372537652214646,136346701.094,0.28963315560462133,1.3724874356020538,222961781.504,0.012402724711950107,1.3090030842109006,86615080.41,0.010926304813730598,1.3047659192651804,46698,0.01165784004484538,0.011265136154002264,0.011251643054210336,0.01127967051911316,0.010021842477193885,0.31268452292432214,0.36400473038305525,0.37096035284193873,-0.6168109994703879,0.4551158507859009,0.31268452292432214,0.3671275138197897,0.37096035284193873,0.37190933001049886,0.4551158507859009,0.9950899266300907,0.38847501049611993,0.38847501049611993
stockindex,query3,50,inf,62958.29811458277,4191.195175610483,355374627200.0,431599712800.0,0.0,0.0,145800.0,62299.46307017223,4146.087650954723,351660525200.0,427077063000.0,1400.0,0.0,145800.0,29326.10725142248,2322.7643463760614,161731006200.0,623026758800.0,86800.0,0.0,145800.0,29129.60871072226,2322.7643463760614,161731006200.0,195949695800.0,86800.0,0.0,145800.0,0.0,0.0,0.0,0.0,0.0,0.0,0.0,0.0,129.97399315039098,0.0,130.1476387365027,0.0,143.03656407298658,0.0,143.5418430775604,0.0,0.0,0.0,0.0,0.0,0.0,0.0,0.0,0.0,62828.3241214323,431599712800.0,62169.31543143565,427077063000.0,29183.070687349496,623026758800.0,28986.066867644706,195949695800.0,431599712.8,0.23242517969830143,1.4179807283196422,427077063.0,0.23241682200951683,1.4179807283196422,623026758.8,0.006786851401874659,1.1358446093248766,195949695.8,0.0030766693006429534,1.132197003208828,145800,0.010762449078546954,0.010464626016597256,0.0104512300983991,0.010478806324173306,0.009602194787379973,0.44579905037762135,0.5341979035384726,0.5448999624022679,-0.44352913202401933,0.5953360768175583,0.44579905037762135,0.5373189939520444,0.5448999624022679,0.5459920616518075,0.5953360768175583,0.9932995354952646,0.3145124876777604,0.31451248767776047
stockmarket,query1,1,inf,424.8738821523715,420.55501294508576,291042.0,0.0,0.0,0.0,2016.0,423.67855193921383,419.3570121927187,290919.0,0.0,3.0,0.0,2016.0,423.67855193921383,419.3570121927187,290919.0,0.0,3.0,0.0,2016.0,423.67855193921383,419.3570121927187,290919.0,0.0,3.0,0.0,2016.0,0.0,0.0,0.0,0.0,0.0,0.0,0.0,0.0,4.591856563101353,0.0,4.591856563101353,0.0,4.591856563101353,0.0,4.591856563101353,0.0,0.0,0.0,0.0,0.0,0.0,0.0,0.0,0.0,420.2820255892701,0.0,419.0866953761125,0.0,419.0866953761125,0.0,419.0866953761125,0.0,0.0,0.2118945482166316,0.39223968017472133,0.0,0.2118945482166316,0.39223968017472133,0.0,0.2118945482166316,0.39223968017472133,0.0,0.2118945482166316,0.39223968017472133,2016,0.002848618410175807,0.0028133765415332412,0.00042261941575438833,,0.001488095238095238,0.002848618410175807,0.0028133765415332412,0.00042261941575438833,,0.001488095238095238,0.002848618410175807,0.0028133765415332412,0.00042261941575438833,,0.001488095238095238,1.0,,
stockmarket,query1,2,1,847.9708967833155,839.3682537926361,602819.0,0.0,0.0,0.0,4027.0,846.377123165772,837.7709194561467,602655.0,0.0,4.0,0.0,4027.0,777.0321628405014,768.003061699681,564464.0,0.0,430.0,0.0,4027.0,777.0375172896544,768.003061699681,564464.0,0.0,430.0,0.0,4027.0,0.0,0.0,0.0,0.0,0.0,0.0,0.0,0.0,9.133475860900514,0.0,9.133475860900514,0.0,8.783277306943168,0.0,8.786444727568854,0.0,0.0,0.0,0.0,0.0,0.0,0.0,0.0,0.0,838.8374209224149,0.0,837.2436473048715,0.0,768.2488855335582,0.0,768.2510725620855,0.0,0.0,0.21029543472713041,0.42023157565345237,0.0,0.2102850533041935,0.42023157565345237,0.0,0.17469344685890514,0.41020520663455307,0.0,0.17469384907104807,0.41020520663455307,4027,0.0019030197166404195,0.0018795145253089895,0.0002720551276585992,,0.0009932952570151478,0.08502250564099334,0.08365703848081629,0.06362606354477873,,0.10677924012912839,0.08502250564099334,0.08365072405519947,0.06362606354477873,,0.10677924012912839,1.0000068908977118,,
stockmarket,query1,2,1/16,845.7961907143809,837.2108935965225,645556.0,0.0,0.0,0.0,4030.0,843.4055302880656,834.8148920917884,645310.0,0.0,6.0,92.0,4030.0,777.2304928894621,768.229279037565,610312.0,0.0,419.0,92.0,4030.0,777.235683939932,768.229279037565,610312.0,0.0,419.0,92.0,4030.0,0.0,0.0,0.0,0.0,0.0,0.0,0.0,0.0,9.168808225635422,0.0,9.168808225635422,0.0,8.825945723747818,0.0,8.82905029872617,0.0,0.0,0.0,0.0,0.0,0.0,0.0,0.0,0.0,836.6273824887455,0.0,834.2367220624302,0.0,768.4045471657143,0.0,768.4066336412059,0.0,0.0,0.20781611179633247,0.41890015878042386,0.0,0.20781149434650498,0.41890015878042386,0.0,0.1743727230549248,0.40916782280731195,0.0,0.1743731378361972,0.40916782280731195,4030,0.0028618852466686384,0.0028265206825962563,0.00038106686329308914,,0.001488833746898263,0.082394549672692,0.08106645380727773,0.05459479890203178,,0.10397022332506203,0.082394549672692,0.08106031633524036,0.05459479890203178,,0.10397022332506203,1.0000066789073736,,
stockmarket,query1,2,1/4,860.4446851447915,851.7917060544714,679025.0,0.0,0.0,0.0,4049.0,855.264920887775,846.6003694608808,678492.0,0.0,13.0,0.0,4049.0,789.7758185573103,780.6842315141112,642372.0,0.0,441.0,0.0,4049.0,789.7811981447222,780.6842315141112,642372.0,0.0,441.0,0.0,4049.0,0.0,0.0,0.0,0.0,0.0,0.0,0.0,0.0,9.157591450733808,0.0,9.157591450733808,0.0,8.785002977075576,0.0,8.788333796384334,0.0,0.0,0.0,0.0,0.0,0.0,0.0,0.0,0.0,851.2870936940577,0.0,846.1073294370412,0.0,780.9908155802349,0.0,780.992864348338,0.0,0.0,0.21175495216882037,0.4225293603722304,0.0,0.2117375033705327,0.4225293603722304,0.0,0.17845989837156775,0.41300196182544524,0.0,0.17846031315284017,0.41300196182544524,4049,0.006094608055808748,0.006019868965946196,0.0007849490077684873,,0.0032106693010619906,0.083479886027222,0.08213063292452005,0.0539788667574832,,0.10891578167448752,0.083479886027222,0.08212438082313023,0.0539788667574832,,0.10891578167448752,1.0000068115372558,,
stockmarket,query1,2,inf,853.9820574182517,845.3434165706858,653100.0,0.0,0.0,0.0,4039.0,850.3960667787787,841.7494143135846,652731.0,0.0,9.0,0.0,4039.0,778.0586322398069,769.0131302345544,617599.0,0.0,414.0,0.0,4039.0,778.063722737241,769.0131302345544,617599.0,0.0,414.0,0.0,4039.0,0.0,0.0,0.0,0.0,0.0,0.0,0.0,0.0,9.11923028960458,0.0,9.11923028960458,0.0,8.799077571156896,0.0,8.801905625286974,0.0,0.0,0.0,0.0,0.0,0.0,0.0,0.0,0.0,844.862827128647,0.0,841.2768364891741,0.0,769.25955466865,0.0,769.2618171119541,0.0,0.0,0.21008005131760793,0.4210257325941528,0.0,0.2100714019115846,0.4210257325941528,0.0,0.1735513441797346,0.41041109138171367,0.0,0.17355172125361862,0.41041109138171367,4039,0.004251529244388097,0.004199140495192655,0.0005649977032613496,,0.0022282743253280515,0.09029500300100679,0.08890517607357651,0.05435767876282349,,0.10250061896509037,0.09029500300100679,0.08889921517850852,0.05435767876282349,,0.10250061896509037,1.0000065425627622,,
stockmarket,query1,4,1,1694.1450037726536,1676.9133239900693,1227658.0,0.0,0.0,0.0,8072.0,1688.5667961112513,1671.3226538123563,1227084.0,0.0,14.0,0.0,8072.0,1328.8875468928036,1309.7018228890374,1037000.0,0.0,1997.0,0.0,8072.0,1328.9124714765367,1309.7018228890374,1037000.0,0.0,1997.0,0.0,8072.0,0.0,0.0,0.0,0.0,0.0,0.0,0.0,0.0,18.37605292686671,0.0,18.37605292686671,0.0,16.852550987240217,0.0,16.866150785323523,0.0,0.0,0.0,0.0,0.0,0.0,0.0,0.0,0.0,1675.7689508457868,0.0,1670.1907431843845,0.0,1312.0349959055634,0.0,1312.0463206912132,0.0,0.0,0.21424023793989974,0.4271541824150196,0.0,0.2142198801914062,0.4271541824150196,0.0,0.08135825767511369,0.4234602315744217,0.0,0.08135930091285945,0.4234602315744217,8072,0.0033339052756826693,0.003292638852624985,0.0004675569254629641,,0.001734390485629336,0.2189806091034473,0.215599878443974,0.15530220957302443,,0.24739841427155598,0.2189806091034473,0.21558516625364932,0.15530220957302443,,0.24739841427155598,1.0000187559765996,,
stockmarket,query1,4,1/16,1693.4463574980316,1676.2697183713317,1214423.0,0.0,0.0,0.0,8078.0,1687.4697064322434,1670.2797146094963,1213808.0,0.0,15.0,150.0,8078.0,1335.356406473205,1316.2732586627826,1039642.0,0.0,1947.0,150.0,8078.0,1335.3806900313352,1316.2732586627826,1039642.0,0.0,1947.0,150.0,8078.0,0.0,0.0,0.0,0.0,0.0,0.0,0.0,0.0,18.345422671635397,0.0,18.345422671635397,0.0,16.87545117987027,0.0,16.8886236275517,0.0,0.0,0.0,0.0,0.0,0.0,0.0,0.0,0.0,1675.1009348263963,0.0,1669.124283760608,0.0,1318.4809552933348,0.0,1318.4920664037836,0.0,0.0,0.21423560245873588,0.42596960931278943,0.0,0.2141931737393904,0.42596960931278943,0.0,0.08431154623770724,0.4218540107165761,0.0,0.08431267745935928,0.4218540107165761,8078,0.003573412856049951,0.0035292827784745295,0.0005064133337395749,,0.0018568952711067097,0.21476046233080115,0.21145632953728966,0.14392102257615347,,0.2410250061896509,0.21476046233080115,0.2114419898104818,0.14392102257615347,,0.2410250061896509,1.0000181850762933,,
stockmarket,query1,4,1/4,1715.306725703358,1698.0751751204953,1334527.0,0.0,0.0,0.0,8092.0,1705.345640593711,1688.0918355174363,1333502.0,0.0,25.0,0.0,8092.0,1338.4829955102375,1319.3387727029622,1146380.0,0.0,1963.0,0.0,8092.0,1338.5073544831446,1319.3387727029622,1146380.0,0.0,1963.0,0.0,8092.0,0.0,0.0,0.0,0.0,0.0,0.0,0.0,0.0,18.32581406243758,0.0,18.32581406243758,0.0,16.882664983267375,0.0,16.895498064453193,0.0,0.0,0.0,0.0,0.0,0.0,0.0,0.0,0.0,1696.9809116409206,0.0,1687.0198265312736,0.0,1321.6003305269703,0.0,1321.6118564186916,0.0,0.0,0.2178032741390932,0.4316248819866515,0.0,0.21776052975401464,0.4316248819866515,0.0,0.08273325981172991,0.4265413009319286,0.0,0.08273444759446454,0.4265413009319286,8092,0.005879209442155919,0.005807174285731631,0.0007680623921434426,,0.003089471082550667,0.22303865456996508,0.2196830016151221,0.14098403404352255,,0.2425852694018784,0.22303865456996508,0.21966880067219918,0.14098403404352255,,0.2425852694018784,1.000018198940882,,
stockmarket,query1,4,inf,1695.4097331533744,1678.2379604596645,1202410.0,0.0,0.0,0.0,8069.0,1689.4330820875862,1672.247956697829,1201795.0,0.0,15.0,0.0,8069.0,1333.5138354101791,1314.4389467462897,1025550.0,0.0,1945.0,0.0,8069.0,1333.5380938300505,1314.4389467462897,1025550.0,0.0,1945.0,0.0,8069.0,0.0,0.0,0.0,0.0,0.0,0.0,0.0,0.0,18.324891154521804,0.0,18.324891154521804,0.0,16.868983126571717,0.0,16.882055021217408,0.0,0.0,0.0,0.0,0.0,0.0,0.0,0.0,0.0,1677.0848419988527,0.0,1671.1081909330644,0.0,1316.6448522836074,0.0,1316.656038808833,0.0,0.0,0.2161831111067738,0.4262188486703503,0.0,0.21616314568350273,0.4262188486703503,0.0,0.08471294607967257,0.4216591174783948,0.0,0.08471404587850094,0.4216591174783948,8069,0.003569221947640089,0.0035251956792013983,0.0005114727921424755,,0.0018589664146734415,0.21677439212120508,0.21345630537940086,0.14708793173709467,,0.2410459784359896,0.21677439212120508,0.21344199708601497,0.14708793173709467,,0.2410459784359896,1.0000181913522208,,
stockmarket,query1,8,1,3402.205390410602,3367.631535838358,2553537.0,0.0,0.0,0.0,16166.0,3387.064541043939,3352.4568596417084,2551979.0,0.0,38.0,0.0,16166.0,2196.266451662229,2155.710731114261,1939322.0,0.0,6164.0,0.0,16166.0,2196.343450149344,2155.710731114261,1939322.0,0.0,6164.0,0.0,16166.0,0.0,0.0,0.0,0.0,0.0,0.0,0.0,0.0,36.61994361660065,0.0,36.61994361660065,0.0,32.20870827270908,0.0,32.248175339235495,0.0,0.0,0.0,0.0,0.0,0.0,0.0,0.0,0.0,3365.585446794002,0.0,3350.4445974273385,0.0,2164.05774338952,0.0,2164.0952748101085,0.0,0.0,0.23144761657601404,0.4237369332304987,0.0,0.23136982260996658,0.4237369332304987,0.0,0.0177967002381641,0.4223889907710086,0.0,0.017799880227919257,0.4223889907710086,16166,0.00450603815624151,0.004450304325934851,0.0006101341002695548,,0.00235061239638748,0.3598733388219072,0.35445800601792354,0.24053499126897315,,0.38129407398243226,0.3598733388219072,0.3544353740841396,0.24053499126897315,,0.38129407398243226,1.0000350588094886,,
stockmarket,query1,8,1/16,3391.759716329995,3357.3346541561186,2554195.0,0.0,0.0,0.0,16155.0,3379.009527389647,3344.555979464203,2552883.0,0.0,32.0,348.0,16155.0,2360.837734120261,2321.2402296476066,2089543.0,0.0,5312.0,348.0,16155.0,2360.9040991238467,2321.2402296476066,2089543.0,0.0,5312.0,348.0,16155.0,0.0,0.0,0.0,0.0,0.0,0.0,0.0,0.0,36.67643832027639,0.0,36.67643832027639,0.0,32.84747094044712,0.0,32.88169667998579,0.0,0.0,0.0,0.0,0.0,0.0,0.0,0.0,0.0,3355.083278009719,0.0,3342.333089069371,0.0,2327.990263179814,0.0,2328.022402443861,0.0,0.0,0.2320151863477956,0.42454637453144595,0.0,0.23196425923917624,0.42454637453144595,0.0,0.034435760238506107,0.4240830817401707,0.0,0.034438230072446376,0.4240830817401707,16155,0.0038061962861213328,0.0037591663345021287,0.0005136647750073609,,0.0019808108944599197,0.3086062401393045,0.3039490024149555,0.18191719896092506,,0.32881460848034666,0.3086062401393045,0.303929435874535,0.18191719896092506,,0.32881460848034666,1.000028110785687,,
stockmarket,query1,8,1/4,3416.3902989506823,3381.7784344917163,2635343.0,0.0,0.0,0.0,16180.0,3401.2494495840187,3366.6037582950667,2633785.0,0.0,38.0,0.0,16180.0,2231.2904553068224,2190.7819899534807,2002236.0,0.0,6080.0,0.0,16180.0,2231.366397987062,2190.7819899534807,2002236.0,0.0,6080.0,0.0,16180.0,0.0,0.0,0.0,0.0,0.0,0.0,0.0,0.0,36.666141572256635,0.0,36.666141572256635,0.0,32.28709692098525,0.0,32.326212051886586,0.0,0.0,0.0,0.0,0.0,0.0,0.0,0.0,0.0,3379.7241573784263,0.0,3364.5833080117627,0.0,2199.003358385837,0.0,2199.0401859351755,0.0,0.0,0.2333592374238949,0.4263158455196134,0.0,0.2333003002123739,0.4263158455196134,0.0,0.018015603817287666,0.42434301349085934,0.0,0.018018538709018213,0.42434301349085934,16180,0.004487188173500356,0.004431826589401666,0.0005911943910147377,,0.0023485784919653895,0.35218050727124095,0.3468865498206848,0.24023703935313168,,0.3757725587144623,0.35218050727124095,0.34686432089670527,0.24023703935313168,,0.3757725587144623,1.0000340353180193,,
stockmarket,query1,8,inf,3414.027482148364,3379.446254194714,2622467.0,0.0,0.0,0.0,16166.0,3398.488189377315,3363.872244413942,2620868.0,0.0,39.0,0.0,16166.0,2235.2518045962515,2194.729729861021,2006753.0,0.0,6111.0,0.0,16166.0,2235.328124350375,2194.729729861021,2006753.0,0.0,6111.0,0.0,16166.0,0.0,0.0,0.0,0.0,0.0,0.0,0.0,0.0,36.690719565770245,0.0,36.690719565770245,0.0,32.251119512026946,0.0,32.29086309940163,0.0,0.0,0.0,0.0,0.0,0.0,0.0,0.0,0.0,3377.3367625825945,0.0,3361.797469811545,0.0,2203.000685084225,0.0,2203.037261250974,0.0,0.0,0.23040515822105292,0.42974796130790555,0.0,0.2303166478898208,0.42974796130790555,0.0,0.018804438027205318,0.42720615241521215,0.0,0.0188074546182774,0.42720615241521215,16166,0.004608450204361403,0.004551601547527873,0.0006097312187340886,,0.002412470617345045,0.3505652805879579,0.3452742204671234,0.23478426992598955,,0.3780155882716813,0.3505652805879579,0.3452518657103083,0.23478426992598955,,0.3780155882716813,1.0000341436942213,,
stockmarket,query1,16,inf,6791.225241204659,6722.165316794068,5137019.0,0.0,0.0,0.0,32331.0,6766.123306728348,6697.007300994359,5134436.0,0.0,63.0,0.0,32331.0,3488.840708577595,3404.009416738525,3316130.0,0.0,16349.0,0.0,32331.0,3489.0454094200945,3404.009416738525,3316130.0,0.0,16349.0,0.0,32331.0,0.0,0.0,0.0,0.0,0.0,0.0,0.0,0.0,73.41807373875993,0.0,73.41807373875993,0.0,62.01877408586472,0.0,62.120496050641236,0.0,0.0,0.0,0.0,0.0,0.0,0.0,0.0,0.0,6717.8071674659,0.0,6692.7052329895905,0.0,3426.8219344917306,0.0,3426.924913369454,0.0,0.0,0.24913453078435915,0.421896729985794,0.0,0.24901164676042456,0.421896729985794,0.0,0.0037757568577109794,0.4160755874116271,0.0,0.0037825190493642313,0.4160755874116271,32331,0.003742546428731286,0.00369623058943902,0.0005028207993780232,,0.0019485942284494758,0.4936141471804856,0.48627227272486573,0.3544641357176215,,0.5056756673161981,0.4936141471804856,0.48624213076443457,0.3544641357176215,,0.5056756673161981,1.0000586730262566,,
stockmarket,query1,50,inf,21251.40410714873,21035.48134472221,16076000.0,0.0,0.0,0.0,101000.0,21171.715426271552,20955.61462789774,16067800.0,0.0,200.0,0.0,101000.0,6864.357322404564,6581.194936111569,7650800.0,0.0,70000.0,0.0,101000.0,6865.234647641361,6581.194936111569,7650800.0,0.0,70000.0,0.0,101000.0,0.0,0.0,0.0,0.0,0.0,0.0,0.0,0.0,229.31617310321056,0.0,229.31617310321056,0.0,180.57498214498693,0.0,181.0048463727587,0.0,0.0,0.0,0.0,0.0,0.0,0.0,0.0,0.0,21022.087934045525,0.0,20942.399253168347,0.0,6683.782340259581,0.0,6684.229801268607,0.0,0.0,0.27974121877251373,0.42781694227157335,0.0,0.27958888457415804,0.42781694227157335,0.0,0.0033130383714382763,0.40028153947813616,0.0,0.0033230936750118845,0.40028153947813616,101000,0.0037967620286716297,0.0037498077997759616,0.0005100771336152832,,0.0019801980198019802,0.6871383721503104,0.6769927630289863,0.5240855934312019,,0.693069306930693,0.6871383721503104,0.6769514798633012,0.5240855934312019,,0.693069306930693,1.0001278087948502,,
stockmarket,query2,1,inf,2932.102431289179,2891.39229293447,171055845.0,194130460.0,0.0,0.0,7983.0,2889.467966208082,2850.2469268143177,162805704.0,183835525.0,241.0,0.0,7983.0,2889.553011145548,2850.2469268143177,162805704.0,367671050.0,241.0,0.0,7983.0,2889.467966208082,2850.2469268143177,162805704.0,183835525.0,241.0,0.0,7983.0,0.0,0.0,0.0,0.0,0.0,0.0,0.0,0.0,26.75238071115658,185954760.0,24.809719846135458,175659825.0,24.8909825881025,351319650.0,24.809719846135458,175659825.0,0.0,0.0,0.0,0.0,0.0,0.0,0.0,0.0,2905.3500505780225,8175700.0,2864.6582463619466,8175700.0,2864.6620285574454,16351400.0,2864.6582463619466,8175700.0,194130.46,0.25774096191985446,0.4239606667871744,183835.525,0.25768574559392765,0.4239529463568212,367671.05,0.25771022695158485,0.4239746144173127,183835.525,0.25768574559392765,0.4239529463568212,7983,0.014230295287393835,0.01454057833250788,0.04823068746934667,0.0530310132680879,0.030189151947889264,0.014230295287393835,0.014511573569045755,0.04823068746934667,-0.8939379734638242,0.030189151947889264,0.014230295287393835,0.01454057833250788,0.04823068746934667,0.0530310132680879,0.030189151947889264,0.999970568133847,0.5,0.5
stockmarket,query2,2,1,5940.517291905889,5857.843571465462,348659188.0,395983930.0,0.0,0.0,16352.0,5833.47318784161,5754.2807998219505,331900436.0,374376920.0,601.0,0.0,16352.0,5818.877355514923,5742.058442455716,320509215.0,734109310.0,848.0,0.0,16352.0,5818.707267983804,5742.058442455716,320509215.0,359732390.0,848.0,0.0,16352.0,0.0,0.0,0.0,0.0,0.0,0.0,0.0,0.0,55.05943675359652,378735186.0,50.455334293746105,357128176.0,47.72798964819995,700260645.0,47.5655296965954,343132469.0,0.0,0.0,0.0,0.0,0.0,0.0,0.0,0.0,5885.457855152293,17248744.0,5783.0178535478635,17248744.0,5771.149365866723,33848665.0,5771.141738287209,16599921.0,395983.93,0.2902561712370086,0.4726570708267686,374376.92,0.2899857785548694,0.472656776258379,734109.31,0.28787171673405926,0.47244208265454246,359732.39,0.28785638716169937,0.4724299695988102,16352,0.017679333765070693,0.018019323706056634,0.04806628529175605,0.0545653708724998,0.036753913894324856,0.01976582808966676,0.02047632056499582,0.08073779200105291,-0.8538866211060636,0.05185909980430528,0.01976582808966676,0.02050495233606242,0.08073779200105291,0.09154800802143659,0.05185909980430528,0.9999707696999391,0.4900256475428707,0.4900256475428707
stockmarket,query2,2,1/16,5805.801948663914,5722.4047817336395,349015579.0,397102926.0,0.0,0.0,16009.0,5714.936590729757,5635.291170673445,329725706.0,372686422.0,586.0,0.0,16009.0,5687.894699495743,5610.756214897148,316663585.0,728915623.0,863.0,0.0,16009.0,5687.725771087009,5610.756214897148,316663585.0,356229201.0,863.0,0.0,16009.0,0.0,0.0,0.0,0.0,0.0,0.0,0.0,0.0,55.264016226616455,377947140.0,50.3543007235717,353530636.0,47.55636064511604,691530941.0,47.39556496685763,338000305.0,0.0,0.0,0.0,0.0,0.0,0.0,0.0,0.0,5750.537932437298,19155786.0,5664.582290006186,19155786.0,5640.338338850627,37384682.0,5640.330206120151,18228896.0,397102.926,0.2875245000620204,0.4812641777688467,372686.422,0.28716208751858135,0.4812632940636778,728830.619,0.2846823110666891,0.4810247314467965,356186.699,0.2846641448578015,0.48101029142772755,16009,0.015223252178571567,0.01565078497985417,0.05526937523897746,0.06148658798852569,0.036604410019364104,0.01951077756555808,0.020308520719571677,0.09269498540063736,-0.8355836113884489,0.05390717721281779,0.01951077756555808,0.020337617201027336,0.09269498540063736,0.10292980062302537,0.05390717721281779,0.999970300362848,0.48871116184047,0.4887098452157648
stockmarket,query2,2,1/4,5832.303889861237,5749.985436684452,339291963.0,386436835.0,0.0,0.0,16237.0,5723.457692591957,5645.291122713126,320014459.0,361385709.0,676.0,0.0,16237.0,5706.970141044489,5631.008793890476,309277544.0,708943820.0,925.0,0.0,16237.0,5706.80608857124,5631.008793890476,309277544.0,347558111.0,925.0,0.0,16237.0,0.0,0.0,0.0,0.0,0.0,0.0,0.0,0.0,55.753077890784,370256931.0,50.28687850291557,345205805.0,47.6092003883743,676862079.0,47.45223075748505,331656274.0,0.0,0.0,0.0,0.0,0.0,0.0,0.0,0.0,5776.550811970453,16179904.0,5673.170814089042,16179904.0,5659.3609406561145,32081741.0,5659.353857813756,15901837.0,386436.835,0.28911940473344355,0.47956908522241914,361385.709,0.2887641863375841,0.47956908522241914,708943.82,0.2872599669036841,0.479142091129056,347558.111,0.2872443221513266,0.47913108953957445,16237,0.018207752893317664,0.01866264161209008,0.05681686011525122,0.06482592685554933,0.041633306645316254,0.020691642457894677,0.02148957790670436,0.08846192151035415,-0.8345658482582283,0.05696865184455256,0.020691642457894677,0.021517706151793492,0.08846192151035415,0.10060822488622234,0.05696865184455256,0.9999712540158449,0.4902477476988233,0.4902477476988233
stockmarket,query2,2,inf,6068.215754327677,5984.889206689782,346869991.0,393813437.0,0.0,0.0,16703.0,5972.109947088273,5893.173006306402,326120860.0,367017548.0,658.0,0.0,16703.0,5957.3717056285905,5880.975754104555,312296132.0,716742733.0,924.0,0.0,16703.0,5957.205261461448,5880.975754104555,312296132.0,349725185.0,924.0,0.0,16703.0,0.0,0.0,0.0,0.0,0.0,0.0,0.0,0.0,56.053377408959165,378953450.0,50.3455027199648,352157561.0,47.34639330962679,687486204.0,47.18645907978957,335328643.0,0.0,0.0,0.0,0.0,0.0,0.0,0.0,0.0,6012.162376918718,14859987.0,5921.7644443683075,14859987.0,5910.025312318964,29256529.0,5910.018802381658,14396542.0,393813.437,0.2886973519905302,0.4920319877199193,367017.548,0.28841329268312205,0.4920316931515296,716742.733,0.2872513109490438,0.49180075258085776,349725.185,0.2872338838006301,0.49178875621131923,16703,0.015324627944801605,0.01583757254689977,0.059818178390646626,0.06804208917838428,0.03939412081661977,0.017362635964768613,0.018266332837627908,0.0996738256322669,-0.8200057836015382,0.05531940369993414,0.017362635964768613,0.01829376168555974,0.0996738256322669,0.11195212722007752,0.05531940369993414,0.9999720608054412,0.4879368410701417,0.4879368410701417
stockmarket,query2,4,1,11783.331974427387,11619.59784001857,670862764.0,763605391.0,0.0,0.0,32144.0,11626.901072907169,11469.918145868927,638568884.0,722007174.0,1013.0,0.0,32144.0,11529.240583511517,11384.747232368216,571475650.0,1360750578.0,2282.0,0.0,32144.0,11528.922522914021,11384.747232368216,571475650.0,638743404.0,2282.0,0.0,32144.0,0.0,0.0,0.0,0.0,0.0,0.0,0.0,0.0,107.85038061361811,728113584.0,99.10996822381247,686515367.0,85.0760265868111,1293567213.0,84.77190888724942,607051846.0,0.0,0.0,0.0,0.0,0.0,0.0,0.0,0.0,11675.481593813769,35491807.0,11527.791104683356,35491807.0,11444.164556924705,67183365.0,11444.150614026772,31691558.0,763605.391,0.3102956527618523,0.5027650952182074,722007.174,0.31016198266327083,0.5027569255944171,1360750.578,0.3073712150478885,0.5017021609298454,638743.404,0.30736252268494463,0.5016921353361027,32144,0.012881658746754399,0.01327560844926634,0.04813783344815359,0.05447606511201286,0.03151443504230961,0.02021159517599791,0.02156362830711278,0.14814820457079358,-0.7820075578801144,0.07099303135888502,0.02021159517599791,0.021590620723025866,0.14814820457079358,0.1635163770078727,0.07099303135888502,0.9999724127018434,0.4694052049853327,0.4694052049853327
stockmarket,query2,4,1/16,11806.548745606116,11642.332306172699,681521085.0,775222278.0,0.0,0.0,32485.0,11610.998001734803,11455.041616106406,638745105.0,721156435.0,1253.0,0.0,32485.0,11517.437693023827,11373.193665342405,581427537.0,1369508765.0,2495.0,0.0,32485.0,11518.712216114563,11374.789731861092,581427682.0,648352330.0,2491.0,0.0,32485.0,0.0,0.0,0.0,0.0,0.0,0.0,0.0,0.0,110.84411923000808,744523784.0,100.11635409674092,690457941.0,86.38041835900373,1310336313.0,86.07428823150136,619878372.0,0.0,0.0,0.0,0.0,0.0,0.0,0.0,0.0,11695.704626376108,30698494.0,11510.881647638062,30698494.0,11431.057274664823,59172452.0,11432.637927883063,28473958.0,775222.278,0.30930718745969416,0.5041013693646823,721156.435,0.3089719724492433,0.5041011413037141,1297357.225,0.3069206095475602,0.5031376896040336,583836.595,0.3069112437418048,0.5031282354016077,32485,0.016087042109852234,0.016562904883113183,0.06276545354425833,0.0697423752313785,0.03857164845313221,0.023117244358984435,0.02448734671000996,0.14686786689805786,-0.7666014043523139,0.07680467908265354,0.022980152711304824,0.02437939618880358,0.14686765413868308,0.16365622041630745,0.07668154532861321,1.0001106602982979,0.4734196279495882,0.4500199203037544
stockmarket,query2,4,1/4,11860.542472978383,11695.390538087115,666064441.0,760154315.0,0.0,0.0,32602.0,11662.207477142294,11505.07085398119,625490832.0,708557223.0,1229.0,0.0,32602.0,11555.26013151798,11410.132632803172,565282170.0,1341201431.0,2512.0,0.0,32602.0,11554.948469027582,11410.132632803172,565282170.0,632644208.0,2512.0,0.0,32602.0,0.0,0.0,0.0,0.0,0.0,0.0,0.0,0.0,110.31065496040125,728166140.0,99.90488556138037,676569048.0,86.19536017360001,1280469196.0,85.89568038447314,603900148.0,0.0,0.0,0.0,0.0,0.0,0.0,0.0,0.0,11750.231818017981,31988175.0,11562.302591580912,31988175.0,11469.064771344381,60732235.0,11469.052788643108,28744060.0,760154.315,0.30853931317970335,0.5064254753516817,708557.223,0.308233650561416,0.5064160300383174,1341201.431,0.3051089509630993,0.5053240079866912,632644.208,0.3050983150081572,0.5053139394388586,32602,0.016273050778948472,0.016722253327615566,0.060915440762885575,0.0678771283433417,0.03769707379915343,0.024390626747775035,0.02573932365706888,0.15131009073039525,-0.7643804745093106,0.0770504877001411,0.024390626747775035,0.0257656009113435,0.15131009073039525,0.16774239714734762,0.0770504877001411,0.9999730285180212,0.47169962197870635,0.4716996219787063
stockmarket,query2,4,inf,11797.674977229892,11634.222531151026,657697105.0,749764320.0,0.0,0.0,32560.0,11619.229892444742,11463.16182909254,619495316.0,701441336.0,1131.0,0.0,32560.0,11523.366601844384,11380.061426581815,553605894.0,1320277873.0,2452.0,0.0,32560.0,11523.058708891785,11380.061426581815,553605894.0,618836537.0,2452.0,0.0,32560.0,0.0,0.0,0.0,0.0,0.0,0.0,0.0,0.0,108.90866393306868,717332380.0,99.30477059719111,669009396.0,84.67814168877157,1258750797.0,84.38283894160988,589741401.0,0.0,0.0,0.0,0.0,0.0,0.0,0.0,0.0,11688.766313296823,32431940.0,11519.925121847551,32431940.0,11438.688460155612,61527076.0,11438.675869950175,29095136.0,749764.32,0.30822349713443026,0.49719993534687135,701441.336,0.3079489301994187,0.4971965220826974,1320277.873,0.30631978730276016,0.4958868197435305,618836.537,0.3063110590846271,0.49587705629047124,32560,0.014703234496371897,0.015125445066893062,0.05808416778723691,0.06445089838364138,0.03473587223587223,0.021845989612858663,0.023251053780930286,0.1582661839449635,-0.7609238500439712,0.07530712530712531,0.021845989612858663,0.02327715154622667,0.1582661839449635,0.1746252515723874,0.07530712530712531,0.9999732809895548,0.46871688881208723,0.46871688881208723
stockmarket,query2,8,1,23298.834690547712,22966.85658102855,1356983811.0,1547861343.0,0.0,0.0,64639.0,22909.59374069487,22594.912156325765,1277304544.0,1444465554.0,2592.0,0.0,64639.0,22461.77534309637,22189.235657663085,1041105024.0,2598855069.0,7060.0,0.0,64639.0,22461.16327158692,22189.235657663085,1041105024.0,1154389515.0,7060.0,0.0,64639.0,0.0,0.0,0.0,0.0,0.0,0.0,0.0,0.0,224.69032389203818,1481651418.0,202.26440784272222,1378255629.0,155.1031821119197,2479689746.0,154.51003839914998,1101434117.0,0.0,0.0,0.0,0.0,0.0,0.0,0.0,0.0,23074.14436665567,66209925.0,22707.329332852143,66209925.0,22306.672160984454,119165323.0,22306.653233187768,52955398.0,1547861.343,0.32093665651211695,0.4997217113776893,1444465.554,0.3208116203274409,0.4997217113776893,2598855.069,0.3171148739874237,0.493233977729349,1154389.515,0.31711132170303896,0.493222655028274,64639,0.016194833776687845,0.016706455710025603,0.05871792010641752,0.06679912866071236,0.04009963025418091,0.03385839592901929,0.03592709071372291,0.23278007035855497,-0.6789973344531028,0.1092219867262798,0.03385839592901929,0.03595336119109138,0.23278007035855497,0.2542035368861848,0.1092219867262798,0.9999727505283932,0.44419157065353077,0.44419157065353065
stockmarket,query2,8,1/16,23591.898683675765,23259.518946164288,1359719280.0,1549914425.0,0.0,0.0,65271.0,23214.539470419022,22898.19326350931,1285964834.0,1454089808.0,2433.0,0.0,65271.0,22843.912145545277,22566.32934467029,1078214337.0,2650157957.0,6610.0,0.0,65271.0,22845.93414559584,22569.093617880717,1077933102.0,1195643129.0,6613.0,0.0,65271.0,0.0,0.0,0.0,0.0,0.0,0.0,0.0,0.0,223.4564109666429,1482534450.0,202.66583275414433,1386709833.0,157.81418312912797,2524388840.0,157.0743846240692,1137253987.0,0.0,0.0,0.0,0.0,0.0,0.0,0.0,0.0,23368.442272709115,67379975.0,23011.873637664874,67379975.0,22686.097962416152,125769117.0,22688.85976097177,58389142.0,1549914.425,0.3199015680768359,0.4999147162506187,1454089.808,0.3197500852106902,0.4999147162506187,2227489.125,0.3153589295529536,0.4946559127318555,819090.305,0.31535525653425495,0.49464488774871607,65271,0.015534529475492942,0.015995287972216277,0.054242406564978585,0.06182574692793119,0.03727535965436411,0.02980240490349062,0.03170522848371049,0.20703166244726634,-0.7098737286737622,0.10127008931991237,0.029683560089166394,0.03161952109416655,0.20723849558123497,0.22857474598960525,0.1013160515389683,1.0000885137378255,0.45115919443287733,0.3677191039035937
stockmarket,query2,8,1/4,23492.97452331572,23162.240181705914,1368029290.0,1557214302.0,0.0,0.0,64712.0,23109.888137456757,22794.53942759335,1296069600.0,1464109813.0,2385.0,0.0,64712.0,22664.41602417965,22390.449599480256,1068647984.0,2647846557.0,6814.0,0.0,64712.0,22663.794374759582,22390.449599480256,1068647984.0,1183736744.0,6814.0,0.0,64712.0,0.0,0.0,0.0,0.0,0.0,0.0,0.0,0.0,221.79363024262113,1491724762.0,201.78294591005388,1398620273.0,155.5108092357255,2530214693.0,154.90767893718223,1131594420.0,0.0,0.0,0.0,0.0,0.0,0.0,0.0,0.0,23271.18089307309,65489540.0,22908.1051915467,65489540.0,22508.905214943923,117631864.0,22508.8866958224,52142324.0,1557214.302,0.319788417410368,0.5047823750068728,1464109.813,0.31966394100457607,0.5047823750068728,2647846.557,0.31543360470211296,0.5009293182900424,1183736.744,0.3154292709332239,0.5009192523505368,64712,0.015875008256022838,0.016306423244905277,0.052600986342916656,0.05978913042374567,0.036855606379033255,0.03332106809060875,0.03526835217540303,0.2188412983467627,-0.7003739007529357,0.10529731734454197,0.03332106809060875,0.035294813252924384,0.2188412983467627,0.23983696882331873,0.10529731734454197,0.9999725715668384,0.4470563979134687,0.44705639791346863
stockmarket,query2,8,inf,23585.93570725671,23256.679280809127,1354764199.0,1543463232.0,0.0,0.0,64712.0,23216.604795053547,22902.564256644808,1281231349.0,1449121096.0,2325.0,0.0,64712.0,22771.49784528996,22498.415622754954,1064137010.0,2628430256.0,6758.0,0.0,64712.0,22770.88318014081,22498.415622754954,1064137010.0,1179309160.0,6758.0,0.0,64712.0,0.0,0.0,0.0,0.0,0.0,0.0,0.0,0.0,220.40338684982842,1477025073.0,200.66762520476573,1382682937.0,154.7177551813859,2508623087.0,154.12189716888952,1125940150.0,0.0,0.0,0.0,0.0,0.0,0.0,0.0,0.0,23365.532320406874,66438159.0,23015.937169848778,66438159.0,22616.780090108576,119807169.0,22616.76128297192,53369010.0,1543463.232,0.32067944422576755,0.5049168339248575,1449121.096,0.3205610074664298,0.5049168339248575,2628430.256,0.3169372554899294,0.501664934215762,1179309.16,0.3169336867290634,0.5016536073944361,64712,0.015226379479572838,0.015658946788765005,0.05427723145790042,0.06112366919019685,0.03592842131289405,0.03260412412703628,0.03453065725589055,0.21452234212752475,-0.7029432263145741,0.10443194461614538,0.03260412412703628,0.034556717920041446,0.21452234212752475,0.23593310449522908,0.10443194461614538,0.9999730072587527,0.4486743208452855,0.4486743208452855
stockmarket,query2,16,inf,46750.278744349285,46092.8782910509,2701615138.0,3077157747.0,0.0,0.0,129174.0,45992.750902137515,45365.65288446937,2554436738.0,2888388471.0,4720.0,0.0,129174.0,44327.58660169486,43816.89940483775,1841390607.0,4916201846.0,17884.0,0.0,129174.0,44326.41585198695,43816.89940483775,1841390607.0,2027813375.0,17884.0,0.0,129174.0,0.0,0.0,0.0,0.0,0.0,0.0,0.0,0.0,441.0423547033581,2946130793.0,401.5832106929823,2757361517.0,272.49024131147075,4695394543.0,271.33490795287423,1938033026.0,0.0,0.0,0.0,0.0,0.0,0.0,0.0,0.0,46309.23638964589,131026954.0,45591.16769144451,131026954.0,44055.09636038338,220807303.0,44055.08094403408,89780349.0,3077157.747,0.32288100000916226,0.49349570964070194,2888388.471,0.32279448078366174,0.49349570964070194,4916201.846,0.31996088526780053,0.48515724025183493,2027813.375,0.3199592595194177,0.48514463693740006,129174,0.01577739194305705,0.01620370749775113,0.05447792986122957,0.061345336027714525,0.036539860962732436,0.04937810287831479,0.051821982835712155,0.31841120480129614,-0.5976437512158521,0.13844891386811586,0.04937810287831479,0.05184702546089748,0.31841120480129614,0.34101091275643336,0.13844891386811586,0.9999735886882716,0.41247561400472244,0.4124756140047225
stockmarket,query2,50,inf,146611.55911801453,144551.30868833512,8434707000.0,9612526600.0,0.0,0.0,404600.0,144284.05044141196,142321.81212119758,7973779000.0,9017062400.0,15000.0,0.0,404600.0,132418.07109968094,130988.40045575052,4045163400.0,13440773800.0,82600.0,0.0,404600.0,132414.7493510799,130988.40045575052,4045163400.0,4423711400.0,82600.0,0.0,404600.0,0.0,0.0,0.0,0.0,0.0,0.0,0.0,0.0,1384.0135409328352,9200442600.0,1256.579004354496,8604978400.0,670.5614276748922,12820521600.0,667.1035176472814,4215543200.0,0.0,0.0,0.0,0.0,0.0,0.0,0.0,0.0,145227.54557708147,412084000.0,143027.4714370573,412084000.0,131747.50967200592,620252200.0,131747.64583343265,208168200.0,9612526.6,0.3232204484686087,0.4781341640118341,9017062.4,0.32310530645100577,0.4781341640118341,13440773.8,0.3201449035897286,0.4649386579468401,4423711.4,0.3201434850092688,0.464934725540487,404600,0.015423565427169716,0.01587534223498055,0.05464659294033569,0.06194668943750958,0.03707365299060801,0.09382764054960846,0.09681015674151983,0.5204144731998397,-0.39825608388953637,0.2041522491349481,0.09382764054960846,0.09683281354034956,0.5204144731998397,0.539797226672954,0.2041522491349481,0.9999749146882034,0.3291262442047793,0.3291262442047794
stockmarket,query3,1,inf,5314.542858077964,5277.475591111928,22562893.0,12929747.0,0.0,0.0,13576.0,5262.4397339132465,5224.922900645062,19319328.0,12651680.0,637.0,0.0,13576.0,5262.445586760972,5224.922900645062,19319328.0,25303360.0,637.0,0.0,13576.0,5262.4397339132465,5224.922900645062,19319328.0,12651680.0,637.0,0.0,13576.0,0.0,0.0,0.0,0.0,0.0,0.0,0.0,0.0,7.413305767139026,3225680.0,6.969030906670058,3225680.0,6.970523152273219,6451360.0,6.969030906670058,3225680.0,0.0,0.0,0.0,0.0,0.0,0.0,0.0,0.0,5307.129552310826,9704067.0,5255.4707030065765,9426000.0,5255.475063608699,18852000.0,5255.4707030065765,9426000.0,12929.747,0.2809295245273573,0.5216528345639683,12651.68,0.2805009814003407,0.5202581827043662,25303.36,0.28050127629986554,0.5202610038453553,12651.68,0.2805009814003407,0.5202581827043662,13576,0.009957922032907685,0.00980387693845064,0.14375660958016334,0.021505989250988455,0.04692103712433707,0.009957922032907685,0.009802775649425,0.14375660958016334,-0.9569880214980231,0.04692103712433707,0.009957922032907685,0.00980387693845064,0.14375660958016334,0.021505989250988455,0.04692103712433707,0.9999988878084097,0.5,0.5
stockmarket,query3,2,1,10303.347518128528,10233.559612433426,43718360.0,26394471.0,0.0,0.0,25921.0,10187.976940671913,10117.517146697268,39195594.0,25931026.0,976.0,0.0,25921.0,10184.335465043267,10113.830641333014,38991485.0,51862052.0,1019.0,0.0,25921.0,10184.324009453132,10113.830641333014,38991485.0,25931026.0,1019.0,0.0,25921.0,0.0,0.0,0.0,0.0,0.0,0.0,0.0,0.0,13.262349023761242,4838520.0,12.645049859420212,4838520.0,12.613481755461693,9677040.0,12.611695875717764,4838520.0,0.0,0.0,0.0,0.0,0.0,0.0,0.0,0.0,10290.085169104768,21555951.0,10175.331890812493,21092506.0,10171.721983287805,42185012.0,10171.712313577415,21092506.0,26394.471,0.2986396384046245,0.608072858692968,25931.026,0.29860212348656706,0.6062915077553253,51862.052,0.2978057012683595,0.6056999811069643,25931.026,0.2978055695326503,0.6056967050093913,25921,0.011339403895705091,0.011197387766803235,0.10345232529308057,0.017558412138663382,0.03765286833069712,0.011699640754029073,0.01155081422575166,0.10812105028642427,-0.9648831757226732,0.039311754947725784,0.011699640754029073,0.011551926057621231,0.10812105028642427,0.017558412138663382,0.039311754947725784,0.9999988751754915,0.5,0.5
stockmarket,query3,2,1/16,10420.459677713709,10348.0739173349,45322059.0,26316306.0,0.0,0.0,26507.0,10304.616004160142,10231.614943531342,39185906.0,25204038.0,1172.0,14.0,26507.0,10242.100471488628,10168.935889900662,39025985.0,36578648.0,1356.0,14.0,26507.0,10242.09569504605,10168.93257157784,39012045.0,25204038.0,1358.0,65.0,26507.0,0.0,0.0,0.0,0.0,0.0,0.0,0.0,0.0,14.383404867184648,6451360.0,13.591201790309894,6451360.0,13.565725729358697,6451360.0,13.564300836020344,6451360.0,0.0,0.0,0.0,0.0,0.0,0.0,0.0,0.0,10406.076272846523,19864946.0,10291.024802369831,18752678.0,10228.534745759269,30127288.0,10228.53139421003,18752678.0,26316.306,0.2985868773556146,0.615660743860278,25204.038,0.29834350343562976,0.613653211482999,35649.292,0.29597281854779206,0.6132887422184112,25042.644,0.2959727646991091,0.613287450603195,26507,0.011254169107592804,0.011116944658528083,0.13538998746725073,0.04226535441562351,0.04421473573018448,0.017311243509204988,0.017116251273112115,0.13891853412926358,-0.3899613418387824,0.05115629833628853,0.01731156417978086,0.01711670964469325,0.13922611062308532,0.04226535441562351,0.05123175010374618,0.9999995336461899,0.6890368938731688,0.702472408147685
stockmarket,query3,2,1/4,10053.060643473418,9983.104435286485,47177142.0,28387223.0,0.0,0.0,25940.0,9935.05228805443,9864.243543521501,40348302.0,27553022.0,1333.0,0.0,25940.0,9891.148812293815,9820.210676438175,40169874.0,55106044.0,1470.0,0.0,25940.0,9891.137787843352,9820.210676438175,40169874.0,27553022.0,1470.0,8.0,25940.0,0.0,0.0,0.0,0.0,0.0,0.0,0.0,0.0,14.760819261592635,5644940.0,13.856605566593567,5644940.0,13.831947617751881,11289880.0,13.829725830959827,5644940.0,0.0,0.0,0.0,0.0,0.0,0.0,0.0,0.0,10038.299824211826,22742283.0,9921.195682487838,21908082.0,9877.316864676064,43816164.0,9877.308062012393,21908082.0,28387.223,0.29157589118995697,0.6027528195097395,27553.022,0.29132345759089556,0.6001697559572037,53701.93,0.2897415501609561,0.599347560981373,27553.022,0.28974148982437387,0.5993434625128049,25940,0.011906205382852142,0.011738550040041873,0.14474891251360666,0.029386495466640072,0.05138781804163454,0.016316944283638057,0.016105725104196833,0.14853099833813588,-0.9412270090667199,0.0566692367000771,0.016316944283638057,0.01610682173047351,0.14853099833813588,0.029386495466640072,0.0566692367000771,0.9999988854226468,0.5,0.5130732172940525
stockmarket,query3,2,inf,9977.346523020968,9907.302976090461,45628433.0,26271111.0,0.0,0.0,25936.0,9868.439017842307,9797.416284404695,38888026.0,25807666.0,1333.0,0.0,25936.0,9855.310774472355,9784.21824329067,38722361.0,51615332.0,1404.0,0.0,25936.0,9855.299727885944,9784.21824329067,38722361.0,25807666.0,1404.0,0.0,25936.0,0.0,0.0,0.0,0.0,0.0,0.0,0.0,0.0,14.836037311519053,4032100.0,13.880022126446253,4032100.0,13.853442315463944,8064200.0,13.85205463537974,4032100.0,0.0,0.0,0.0,0.0,0.0,0.0,0.0,0.0,9962.510485709448,22239011.0,9854.55899571586,21775566.0,9841.457332156891,43551132.0,9841.447673250563,21775566.0,26271.111,0.2968811476067003,0.5727457173605317,25807.666,0.2968330237046457,0.5698632796865347,51615.332,0.2944434470732898,0.569739030867832,25807.666,0.29444334391154586,0.5697354371983536,25936,0.01109148392362258,0.010915477870531598,0.14772383263742583,0.01764086033514156,0.051395743368291176,0.012423636694752771,0.012231282963565238,0.15135457314521406,-0.9647182793297169,0.05413325107958051,0.012423636694752771,0.012232390130323956,0.15135457314521406,0.01764086033514156,0.05413325107958051,0.9999988791234834,0.5,0.5
stockmarket,query3,4,1,20472.39788522579,20329.644420028664,102687470.0,65643079.0,0.0,0.0,52401.0,20242.974823816803,20098.598509832285,89965095.0,64160055.0,2501.0,0.0,52401.0,20086.407203059858,19941.522455273196,88821296.0,128320110.0,3074.0,0.0,52401.0,20086.384723813942,19941.522455273196,88821296.0,64160055.0,3074.0,0.0,52401.0,0.0,0.0,0.0,0.0,0.0,0.0,0.0,0.0,29.69756052080718,15321980.0,27.99103307097678,15321980.0,27.821652489456792,30643960.0,27.817178701770917,15321980.0,0.0,0.0,0.0,0.0,0.0,0.0,0.0,0.0,20442.700324704983,50321099.0,20214.983790745828,48838075.0,20058.5855505704,97676150.0,20058.567545112168,48838075.0,65643.079,0.3110286091596651,0.6806172617778941,64160.055,0.310976289214653,0.6756688704793635,128320.11,0.3062006434716302,0.6750481908566468,64160.055,0.3062006043524546,0.6750459142768584,52401,0.01136497547240689,0.011206457723965668,0.12389413236103686,0.022592237027760365,0.047728096792045954,0.01909142908437156,0.01885419990027093,0.1350327746900376,-0.9548155259444793,0.058663002614453924,0.01909142908437156,0.018855297927284798,0.1350327746900376,0.022592237027760365,0.058663002614453924,0.999998880872737,0.5,0.5
stockmarket,query3,4,1/16,21191.777378986557,21046.96461133845,87816770.0,48275448.0,0.0,0.0,53941.0,20963.248376934003,20816.896074906923,74824931.0,46514357.0,2511.0,24.0,53941.0,20634.820709335883,20487.67572349403,73752446.0,68595538.0,3445.0,24.0,53941.0,20634.820406727864,20487.672405171208,73738506.0,46514357.0,3447.0,102.0,53941.0,0.0,0.0,0.0,0.0,0.0,0.0,0.0,0.0,29.35000768322982,9677040.0,27.617068607240473,9677040.0,27.45085648355704,9677040.0,27.451505496580744,9677040.0,0.0,0.0,0.0,0.0,0.0,0.0,0.0,0.0,21162.42737130333,38598408.0,20935.631308326763,36837317.0,20607.369852852327,58918498.0,20607.368901231283,36837317.0,48275.448,0.3215718354278076,0.6832816271529362,46514.357,0.32153067733835405,0.6799198507135096,66961.598,0.31772316911950405,0.676972417443088,46034.847,0.3177231394941487,0.6769706999192308,53941,0.010931197950871496,0.010783852527592064,0.14794257406643396,0.036480055037500625,0.046550861126045125,0.02657337521929981,0.026281734641236065,0.16015533251792335,-0.4209197602889154,0.06386607589774013,0.026573532882073647,0.026281748920737646,0.16031407212995874,0.036480055037500625,0.06390315344543111,0.9999999853350788,0.6780959572035138,0.6874813083164474
stockmarket,query3,4,1/4,20761.91455098639,20616.580790486187,100020960.0,63267144.0,0.0,0.0,53013.0,20519.904542592714,20373.12942692917,87115074.0,61227986.0,2506.0,0.0,53013.0,20268.422069467073,20120.97259753663,86132182.0,122455972.0,3278.0,0.0,53013.0,20268.403447894885,20120.97259753663,86132182.0,61227986.0,3278.0,20.0,53013.0,0.0,0.0,0.0,0.0,0.0,0.0,0.0,0.0,29.201213604207126,10483460.0,27.519056164466225,10483460.0,27.372127688934167,20966920.0,27.369540334027956,10483460.0,0.0,0.0,0.0,0.0,0.0,0.0,0.0,0.0,20732.71333738218,52783684.0,20492.385486428248,50744526.0,20241.049941778136,101489052.0,20241.033907560857,50744526.0,63267.144,0.3173219949275087,0.66235192312983,61227.986,0.3172705329015874,0.6596563936282709,118875.868,0.3140770743265006,0.6588921088500247,60741.268,0.31407704788046187,0.6588893984092228,53013,0.011808522762870699,0.011656439862487322,0.12903181493159033,0.0322309159395594,0.04727142399034199,0.024039301084215703,0.023769122077225258,0.1388586752216735,-0.9355381681208812,0.061833889800614945,0.024039301084215703,0.023770018987389396,0.1388586752216735,0.0322309159395594,0.061833889800614945,0.9999990812520025,0.5,0.5109638232042183
stockmarket,query3,4,inf,20536.489687107634,20392.990809801035,103794833.0,66461111.0,0.0,0.0,52753.0,20297.15179399783,20151.9242577767,89416919.0,64607331.0,2767.0,0.0,52753.0,20054.288348535203,19908.411997814663,88423300.0,129214662.0,3505.0,0.0,52753.0,20054.267736279387,19908.411997814663,88423300.0,64607331.0,3505.0,0.0,52753.0,0.0,0.0,0.0,0.0,0.0,0.0,0.0,0.0,30.403573262534724,12902720.0,28.471725314964566,12902720.0,28.31774776685817,25805440.0,28.314104073396923,12902720.0,0.0,0.0,0.0,0.0,0.0,0.0,0.0,0.0,20506.0861138451,53558391.0,20268.68006868286,51704611.0,20025.970600768345,103409222.0,20025.95363220599,51704611.0,66461.111,0.31541831179082574,0.6561483364466406,64607.331,0.31536677881039593,0.6505731004927136,129214.662,0.3119741732869472,0.6480057203359221,64607.331,0.31197414707450927,0.6480026163013946,52753,0.01182104941215767,0.011654274744921755,0.13852244456137808,0.027892702546004733,0.05245199325156863,0.023762027674404607,0.023480222078807733,0.1480953584654835,-0.9442145949079905,0.06644171895437226,0.023762027674404607,0.023481225768149483,0.1480953584654835,0.027892702546004733,0.06644171895437226,0.9999989721771495,0.5,0.5
stockmarket,query3,8,1,40195.40612430975,39916.05148177687,194240175.0,113404374.0,0.0,0.0,104115.0,39732.12280902388,39448.76688303612,164458783.0,110623704.0,5797.0,0.0,104115.0,38674.52769746478,38388.36283289082,159844218.0,221247408.0,9095.0,0.0,104115.0,38674.517974349525,38388.36283289082,159844218.0,110623704.0,9095.0,0.0,104115.0,0.0,0.0,0.0,0.0,0.0,0.0,0.0,0.0,62.13595329785302,31450380.0,58.04911898636587,31450380.0,57.34716244031666,62900760.0,57.34320882182653,31450380.0,0.0,0.0,0.0,0.0,0.0,0.0,0.0,0.0,40133.27017101189,81953994.0,39674.073690037505,79173324.0,38617.180535024454,158346648.0,38617.1747655277,79173324.0,113404.374,0.31524297182986694,0.6114458060046952,110623.704,0.31342483751614214,0.6079230550955345,221247.408,0.3070381170100987,0.6045613946709695,110623.704,0.3070381170100987,0.6045580070002765,104115,0.01170668393776575,0.011525777693428552,0.1533225142532949,0.024519953701256703,0.055678816693079766,0.03827253929621499,0.03783712054411026,0.17707952023828233,-0.9509600925974866,0.08735532824280844,0.03827253929621499,0.03783736244029168,0.17707952023828233,0.024519953701256703,0.08735532824280844,0.9999997485912347,0.5,0.5
stockmarket,query3,8,1/16,40306.84380717048,40023.16892086901,197917013.0,118316334.0,0.0,0.0,104447.0,39851.208261065876,39563.81191012822,167871317.0,114886841.0,5728.0,65.0,104447.0,38776.90926081532,38486.8083317643,163775603.0,163812126.0,8941.0,65.0,104447.0,38776.927011893225,38486.8083317643,163775603.0,114886841.0,8941.0,258.0,104447.0,0.0,0.0,0.0,0.0,0.0,0.0,0.0,0.0,62.340058390622275,26611860.0,58.283167603142246,26611860.0,57.64887326949569,26611860.0,57.65828754746648,26611860.0,0.0,0.0,0.0,0.0,0.0,0.0,0.0,0.0,40244.50374877985,91704474.0,39792.925093462734,88274981.0,38719.26038754582,137200266.0,38719.268724345755,88274981.0,118316.334,0.32197955919828447,0.6267881354462185,114886.841,0.31977331962867667,0.6233870816617102,158775.369,0.31064862892802075,0.6200589608706211,112747.665,0.31064862892802075,0.6200565366637256,104447,0.011477277365242955,0.011304173263587236,0.15180956677029078,0.02898579497907705,0.05484121133206315,0.03838678022078379,0.03795719043828949,0.17250366445253495,-0.3845267213908099,0.08560322460195123,0.03838678022078379,0.037956750039681575,0.17250366445253495,0.02898579497907705,0.08560322460195123,1.0000004577744395,0.7013329464999435,0.7101080331924783
stockmarket,query3,8,1/4,41282.57130543472,40994.82139836624,196733116.0,121406915.0,0.0,0.0,105971.0,40771.7219281541,40480.67494987324,170310636.0,117977422.0,5242.0,0.0,105971.0,39623.16528392405,39329.13481215574,165455293.0,235954844.0,8747.0,0.0,105971.0,39623.154760683705,39329.13481215574,165455293.0,117977422.0,8747.0,32.0,105971.0,0.0,0.0,0.0,0.0,0.0,0.0,0.0,0.0,59.394545205025864,29031120.0,55.84858850846121,29031120.0,55.107247003974734,58062240.0,55.10475193618259,29031120.0,0.0,0.0,0.0,0.0,0.0,0.0,0.0,0.0,41223.17676022969,92375795.0,40715.87333964563,88946302.0,39568.05803692007,177892604.0,39568.050008747516,88946302.0,121406.915,0.3223707162861544,0.6218607953521718,117977.422,0.3211533196387446,0.619651738213917,228341.123,0.3131690205993089,0.6155029754799355,116722.475,0.3131690205993089,0.6154998499565587,105971,0.012541741394523909,0.012374456365642494,0.13430621410988075,0.028247921463122605,0.049466363439054084,0.04063163417701554,0.04019628547924814,0.15898606007948357,-0.9435041570737548,0.08254145001934492,0.04063163417701554,0.04019654038682807,0.15898606007948357,0.028247921463122605,0.08254145001934492,0.9999997344169688,0.5,0.5111758822347563
stockmarket,query3,8,inf,41100.8334144382,40811.91609337274,206098005.0,129967367.0,0.0,0.0,105918.0,40644.62165454148,40351.98496770952,178570325.0,127372075.0,5400.0,0.0,105918.0,39580.78824288341,39285.35856370814,174002580.0,254744150.0,8667.0,0.0,105918.0,39580.77038208971,39285.35856370814,174002580.0,127372075.0,8667.0,0.0,105918.0,0.0,0.0,0.0,0.0,0.0,0.0,0.0,0.0,60.56063468527472,29031120.0,56.78171721305007,29031120.0,56.08374905504039,58062240.0,56.08067580729276,29031120.0,0.0,0.0,0.0,0.0,0.0,0.0,0.0,0.0,41040.272779752915,100936247.0,40587.83993732842,98340955.0,39524.704493828365,196681910.0,39524.68970628241,98340955.0,129967.367,0.322188973317651,0.6174345865084153,127372.075,0.32096675497312555,0.6138124676520765,254744.15,0.3108128933209624,0.6109903894906134,127372.075,0.3108128933209624,0.6109870721806135,105918,0.011269530315875298,0.011099817740835904,0.1335659702285813,0.01996879724431133,0.0509828357786212,0.0374047012684241,0.03698331749693462,0.155728945556751,-0.9600624055113773,0.08182745142468702,0.0374047012684241,0.036983752057312635,0.155728945556751,0.01996879724431133,0.08182745142468702,0.9999995487509346,0.5,0.5
stockmarket,query3,16,inf,82364.09470502743,81793.5976974424,390233220.0,231713284.0,0.0,0.0,212494.0,81427.27050867201,80848.89635357726,334124236.0,226986145.0,11111.0,0.0,212494.0,77367.29877301681,76778.38567199558,316548440.0,453972290.0,23653.0,0.0,212494.0,77367.35140800849,76778.38567199558,316548440.0,226986145.0,23653.0,0.0,212494.0,0.0,0.0,0.0,0.0,0.0,0.0,0.0,0.0,122.35309608035121,53223720.0,114.62030794993589,53223720.0,111.9341971845161,106447440.0,111.94886623077781,53223720.0,0.0,0.0,0.0,0.0,0.0,0.0,0.0,0.0,82241.74160894704,178489564.0,81312.65020072206,173762425.0,77255.36457583228,347524850.0,77255.4025417777,173762425.0,231713.284,0.32348598114846455,0.611343260618934,226986.145,0.32245660288451755,0.6082435477638446,453972.29,0.3138737475828401,0.6020426743884602,226986.145,0.3138737475828401,0.602039024358412,212494,0.011549820162693125,0.011374181913981873,0.14378320738557315,0.0204008113751476,0.052288535205699926,0.061315459481294354,0.06066716267453387,0.18882241752765183,-0.9591983772497048,0.11131137820361987,0.061315459481294354,0.06066652362189984,0.18882241752765183,0.0204008113751476,0.11131137820361987,1.0000006803260875,0.5,0.5
stockmarket,query3,50,inf,256730.97881796455,254948.27253334224,1210426400.0,718536000.0,0.0,0.0,661600.0,253784.24216090568,251978.31905670464,1033423600.0,699998200.0,34600.0,0.0,661600.0,220795.61302688357,218908.8986288756,912439600.0,1399996400.0,131200.0,0.0,661600.0,220796.5033756328,218908.8986288756,912439600.0,699998200.0,131200.0,0.0,661600.0,0.0,0.0,0.0,0.0,0.0,0.0,0.0,0.0,381.1863418709397,161284000.0,357.1304242210485,161284000.0,338.75872556552724,322568000.0,338.945551178283,161284000.0,0.0,0.0,0.0,0.0,0.0,0.0,0.0,0.0,256349.79247609337,557252000.0,253427.11173668454,538714200.0,220456.85430131803,1077428400.0,220457.5578244545,538714200.0,718536.0,0.32004502489490616,0.6032773162916132,699998.2,0.31999515136031614,0.572926429019105,1399996.4,0.31957264141438707,0.5583974401618369,699998.2,0.31957264141438707,0.5583832541599686,661600,0.01164923945993468,0.011477916185363313,0.14623177419130973,0.02579940323101415,0.05229746070133011,0.14135955323938654,0.1399728461151586,0.24618332845351032,-0.9484011935379717,0.19830713422007254,0.14135955323938654,0.1399693780928991,0.24618332845351032,0.02579940323101415,0.19830713422007254,1.0000040324567008,0.5,0.5
stockmarket,query4,1,inf,5401.121556391401,5340.9151355698705,132293508.0,143224559.0,0.0,0.0,14309.0,5065.523324470795,5006.726766347885,105156903.0,114219506.0,1320.0,0.0,14309.0,5065.57616404435,5006.726766347885,105156903.0,228439012.0,1320.0,0.0,14309.0,5065.523324470795,5006.726766347885,105156903.0,114219506.0,1320.0,0.0,14309.0,0.0,0.0,0.0,0.0,0.0,0.0,0.0,0.0,14.159622894322299,94967903.0,12.082882872609101,67857397.0,12.11427467288538,135714794.0,12.082882872609101,67857397.0,0.0,0.0,0.0,0.0,0.0,0.0,0.0,0.0,5386.9619334970785,48256656.0,5053.440441598186,46362109.0,5053.461889371464,92724218.0,5053.440441598186,46362109.0,143224.559,0.2816831501163584,0.47759761914106497,114219.506,0.2752292715902119,0.4763400922081393,228439.012,0.27524089942461644,0.47634970586820063,114219.506,0.2752292715902119,0.4763400922081393,14309,0.06257136852752632,0.06213491557572459,0.2051242378424193,0.20251452127005676,0.09224963309805018,0.06257136852752632,0.062125132501412494,0.2051242378424193,-0.5949709574598865,0.09224963309805018,0.06257136852752632,0.06213491557572459,0.2051242378424193,0.20251452127005676,0.09224963309805018,0.9999895688917029,0.5,0.5
stockmarket,query4,2,1,10338.35574787045,10218.091656218283,265406473.0,288259330.0,0.0,0.0,27571.0,9661.393360095055,9544.343671388924,211312089.0,230219192.0,2616.0,0.0,27571.0,9569.49729612346,9452.814658154733,200250148.0,448725866.0,3059.0,0.0,27571.0,9569.396361564031,9452.814658154733,200250148.0,218506674.0,3059.0,0.0,27571.0,0.0,0.0,0.0,0.0,0.0,0.0,0.0,0.0,27.657612826678644,185458725.0,23.622048846666956,132701097.0,22.806325058534185,253965618.0,22.747675707447485,121264521.0,0.0,0.0,0.0,0.0,0.0,0.0,0.0,0.0,10310.698135043773,102800605.0,9637.771311248387,97518095.0,9546.690971064925,194760248.0,9546.648685856582,97242153.0,288259.33,0.32183795184109537,0.5541645914127881,230219.192,0.315524461905364,0.5494700493161396,448725.866,0.3140178866118075,0.5488433456362647,218506.674,0.3140118217408939,0.5488346300493021,27571,0.06593677249110852,0.06548066291052512,0.20381712393276863,0.20134695380024648,0.09488230387000834,0.07489431723758666,0.07436951005534542,0.24549636737759595,-0.5566742141529295,0.1109499111385151,0.07489431723758666,0.07437927317066961,0.24549636737759595,0.2419788320468239,0.1109499111385151,0.9999894524700405,0.486949138786664,0.486949138786664
stockmarket,query4,2,1/16,11074.121568158384,10946.175438679755,287358942.0,313204069.0,0.0,0.0,29384.0,10392.192883694213,10267.704212346114,226008650.0,247566411.0,2779.0,12.0,29384.0,10312.457750217689,10188.427092003636,213309486.0,462001929.0,3222.0,12.0,29384.0,10311.963398328639,10188.031722329557,213309462.0,234098290.0,3223.0,42.0,29384.0,0.0,0.0,0.0,0.0,0.0,0.0,0.0,0.0,29.345413805128818,195282951.0,24.672712070978655,134355269.0,23.717088643119858,255508728.0,23.65806369147199,121153459.0,0.0,0.0,0.0,0.0,0.0,0.0,0.0,0.0,11044.776154353254,117921118.0,10367.520171623233,113211142.0,10288.74066157457,206493201.0,10288.305334637167,112944831.0,313204.069,0.31597796898594305,0.5466086968168912,247566.411,0.3093167035239989,0.5426265219059603,423112.059,0.3075765759188263,0.5424654863585404,233398.017,0.307570465552274,0.5424560176645166,29384,0.061982491522671324,0.06157858032053143,0.21349706945956115,0.20956834376248157,0.09457527906343588,0.06922494079516717,0.06877871199560603,0.25768975722356324,-0.4750827806135558,0.10965151102640892,0.06926106023033374,0.06882335227574088,0.25768984074280177,0.2525694485789072,0.10968554315273618,0.9999520626507256,0.5067041397569576,0.5516222287580794
stockmarket,query4,2,1/4,10760.0453460357,10631.799324918538,295236316.0,323864483.0,0.0,0.0,28752.0,10109.196269972985,9984.565400198102,236755801.0,261238940.0,2663.0,0.0,28752.0,10007.14292485726,9882.838139638305,225083379.0,510167358.0,3134.0,0.0,28752.0,10007.027992055335,9882.838139638305,225083379.0,248928418.0,3134.0,0.0,28752.0,0.0,0.0,0.0,0.0,0.0,0.0,0.0,0.0,28.805799812348596,192667619.0,24.38830847671383,134833307.0,23.50964205905942,257412938.0,23.450132008491646,122579631.0,0.0,0.0,0.0,0.0,0.0,0.0,0.0,0.0,10731.23954622335,131196864.0,10084.807961496272,126405633.0,9983.633282798202,252754420.0,9983.577860046844,126348787.0,323864.483,0.3149829981585796,0.518583150671033,261238.94,0.30423039009520847,0.5150480544193944,510167.358,0.3028710378434936,0.5132090793646743,248928.418,0.3028646044644829,0.5131971274552362,28752,0.06087717656629077,0.06048757743409572,0.19808035743136698,0.1933695921821721,0.09261964385086255,0.07044538392714372,0.06997204909139443,0.23761621859554705,-0.5752494786530822,0.10900111296605454,0.07044538392714372,0.0699827305335472,0.23761621859554705,0.23138092916474573,0.10900111296605454,0.9999885149235113,0.4879348200086137,0.4879348200086137
stockmarket,query4,2,inf,10221.216533426843,10091.060381825082,317325167.0,350024644.0,0.0,0.0,27586.0,9464.357125963139,9337.742827071808,252023091.0,280125282.0,3026.0,0.0,27586.0,9416.240375899435,9290.250857880339,239149199.0,546586868.0,3390.0,0.0,27586.0,9416.115361109312,9290.250857880339,239149199.0,266461586.0,3390.0,0.0,27586.0,0.0,0.0,0.0,0.0,0.0,0.0,0.0,0.0,29.737642642211526,199193492.0,24.77653328713409,134320244.0,23.81393614346306,255320044.0,23.754902256621115,120999800.0,0.0,0.0,0.0,0.0,0.0,0.0,0.0,0.0,10191.478890784632,150831152.0,9439.580592676006,145805038.0,9392.426439755973,291266824.0,9392.36045885269,145461786.0,350024.644,0.3207673605375755,0.5438915459822693,280125.282,0.31253398833189955,0.5383847778766246,546586.868,0.3100318234162494,0.5382770707924245,266461.586,0.310025187702035,0.5382647982988399,27586,0.07465197176999028,0.07404787923125555,0.20578914876928123,0.19969840180738818,0.10969332269992024,0.07935831257011139,0.07875541574673262,0.24635918020331493,-0.561566813564133,0.12288842166316247,0.07935831257011139,0.0787676466577708,0.24635918020331493,0.23873478462847886,0.12288842166316247,0.9999867234920592,0.4875008925388233,0.48750089253882334
stockmarket,query4,4,1,21420.713422097968,21167.064035435207,582081850.0,636888149.0,0.0,0.0,57342.0,19715.116204121707,19468.15751886554,463833871.0,510149897.0,6305.0,0.0,57342.0,19381.575485000747,19137.130166768096,408695892.0,961884156.0,8226.0,0.0,57342.0,19381.363627675517,19137.130166768096,408695892.0,451734259.0,8226.0,0.0,57342.0,0.0,0.0,0.0,0.0,0.0,0.0,0.0,0.0,57.70399653425252,386119902.0,48.83493444406686,270151536.0,44.5743236563387,483347453.0,44.46329943403683,213195917.0,0.0,0.0,0.0,0.0,0.0,0.0,0.0,0.0,21363.009425563716,250768247.0,19666.28126967764,239998361.0,19337.001161344408,478536703.0,19336.900328241478,238538342.0,636888.149,0.3483485354788433,0.5627312088812996,510149.897,0.3389007792797745,0.553877523633681,961884.156,0.3372606797879534,0.5534542793616787,451734.259,0.3372567783215125,0.5534423354625532,57342,0.08026179321447569,0.07962373541754864,0.2031466519699936,0.1989960909132884,0.10995430923232534,0.09590058712294036,0.09519467895003031,0.29787212571565325,-0.5102874146901422,0.14345505911897038,0.09590058712294036,0.09520456925205034,0.29787212571565325,0.29071649439656944,0.14345505911897038,0.9999890691380897,0.4696347852100394,0.46963478521003943
stockmarket,query4,4,1/16,21074.842553810206,20822.377070146613,588692971.0,643648401.0,0.0,0.0,56547.0,19601.71430249838,19356.657420786098,462533209.0,508462865.0,5836.0,45.0,56547.0,19222.147547086104,18979.425519173965,407746452.0,885208928.0,7871.0,45.0,56547.0,19221.972014132753,18979.425519173965,407746452.0,450481458.0,7871.0,90.0,56547.0,0.0,0.0,0.0,0.0,0.0,0.0,0.0,0.0,58.92440682723201,395754069.0,49.414409920170314,271809163.0,45.161062622653276,486820486.0,45.049271558444445,215011323.0,0.0,0.0,0.0,0.0,0.0,0.0,0.0,0.0,21015.91814698297,247894332.0,19552.299892578212,236653702.0,19176.98648446345,398388442.0,19176.92274257431,235470135.0,643648.401,0.3516368972447532,0.5665099788968281,508462.865,0.343980644345611,0.5539350540248508,826169.388,0.34273857422037163,0.5520731924159095,446958.307,0.34273476398648295,0.5520651908694596,56547,0.07039156213638753,0.06989984611038014,0.21430485535727584,0.21003009685096696,0.10320618246768175,0.08850822097612088,0.087910265616155,0.30736993290854153,-0.3752988846468057,0.13919394486002795,0.08850822097612088,0.0879185946441372,0.30736993290854153,0.30011251903972336,0.13919394486002795,0.9999908681923848,0.5088984574724036,0.5410008086622545
stockmarket,query4,4,1/4,20838.907284735604,20597.475748463534,540210907.0,585022815.0,0.0,0.0,55604.0,19003.063775492017,18767.535115552135,421709232.0,458177491.0,6634.0,0.0,55604.0,18657.65909987519,18424.52652732469,367666454.0,859149371.0,8549.0,0.0,55604.0,18657.47121031192,18424.52652732469,367666454.0,400971880.0,8549.0,0.0,55604.0,0.0,0.0,0.0,0.0,0.0,0.0,0.0,0.0,57.3982934420628,383454486.0,48.44945163792513,266406012.0,44.22903246950951,476489686.0,44.11935133705066,210083674.0,0.0,0.0,0.0,0.0,0.0,0.0,0.0,0.0,20781.50899129354,201568329.0,18954.61432385409,191771479.0,18613.430067405676,382659685.0,18613.351858974867,190888206.0,585022.815,0.35137291747451005,0.5782768624853172,458177.491,0.33550236478686624,0.5674068562640637,859149.371,0.33326889628303324,0.565269417542851,400971.88,0.3332650659659919,0.5652576644345482,55604,0.08884295606212345,0.08809691814255216,0.21936187045553301,0.21682115765006538,0.11930796345586649,0.1054958989963094,0.10467190793915415,0.31940201644244104,-0.4685741290277714,0.15374793180346738,0.1054958989963094,0.1046809242258866,0.31940201644244104,0.31460471332216333,0.15374793180346738,0.9999899296282421,0.4667079945985318,0.4667079945985318
stockmarket,query4,4,inf,20082.906216965595,19837.10149823781,591325897.0,648144791.0,0.0,0.0,54165.0,18684.42508678661,18445.361351413652,471818288.0,520209035.0,5572.0,0.0,54165.0,18416.68442410001,18180.093767058104,416097707.0,981434098.0,7328.0,0.0,54165.0,18416.46583936762,18180.093767058104,416097707.0,461225063.0,7328.0,0.0,54165.0,0.0,0.0,0.0,0.0,0.0,0.0,0.0,0.0,58.081934342641404,388116949.0,49.0456683046052,269894305.0,44.71996275041539,481811180.0,44.609095234233585,211916875.0,0.0,0.0,0.0,0.0,0.0,0.0,0.0,0.0,20024.824282622954,260027842.0,18635.379418482004,250314730.0,18371.964461349595,499622918.0,18371.856744133387,249308188.0,648144.791,0.3468095850723627,0.5496222297102509,520209.035,0.3371778363638973,0.5415658686555286,981434.098,0.33632000929749767,0.539993526384152,461225.063,0.33631620400590656,0.5399804821615236,54165,0.07015844260048731,0.06963539614588143,0.2021010911348603,0.1973876173603315,0.10287085756484815,0.08353073816388468,0.08296716495434298,0.2963309925863098,-0.5142204513991071,0.13529031662512692,0.08353073816388468,0.08297804907290762,0.2963309925863098,0.2883919312405614,0.13529031662512692,0.9999881311571966,0.4699501107001481,0.46995011070014814
stockmarket,query4,8,1,42143.59173877028,41642.362678444944,1167343964.0,1278414530.0,0.0,0.0,112778.0,39059.72860270304,38571.3432473978,926300863.0,1020362536.0,11858.0,0.0,112778.0,37408.557797641646,36928.020208697766,758914851.0,1863404338.0,19227.0,0.0,112778.0,37408.17838528547,36928.020208697766,758914851.0,843041802.0,19227.0,0.0,112778.0,0.0,0.0,0.0,0.0,0.0,0.0,0.0,0.0,115.0209843763558,771116050.0,96.77411711344574,532746416.0,83.86141091280692,894183554.0,83.65721223096462,361437138.0,0.0,0.0,0.0,0.0,0.0,0.0,0.0,0.0,42028.57075439391,507298480.0,38962.95448558959,487616120.0,37324.696386728836,969220784.0,37324.521173054505,481604664.0,1278414.53,0.3770828810402024,0.569615528118314,1020362.536,0.36783914731934847,0.5619461542293724,1863404.338,0.36318992847586407,0.558386927124539,843041.802,0.36318765002381226,0.5583732627207244,112778,0.07374748293609124,0.07317513787583074,0.2064884973354777,0.2018531453956488,0.10514462040468886,0.11321025433044007,0.11235477911989655,0.34987897791537304,-0.45759008073852225,0.1704853783539343,0.11321025433044007,0.11236378196802888,0.34987897791537304,0.34055677386582894,0.1704853783539343,0.999989857605358,0.4524202207798016,0.4524202207798016
stockmarket,query4,8,1/16,41292.47177945268,40788.985765183344,1190944701.0,1307932954.0,0.0,0.0,110406.0,38382.739166033425,37892.40841738973,959565019.0,1060249529.0,11307.0,87.0,110406.0,36971.95618623697,36489.368238962255,792804627.0,1801488690.0,18121.0,87.0,110406.0,36970.48037017562,36488.22771944478,792780418.0,883770859.0,18125.0,216.0,110406.0,0.0,0.0,0.0,0.0,0.0,0.0,0.0,0.0,114.14498763980752,765295712.0,96.65973915578937,536559748.0,83.73898717483047,901897568.0,83.52901322975703,365281662.0,0.0,0.0,0.0,0.0,0.0,0.0,0.0,0.0,41178.32679181286,542637242.0,38286.07942687763,523689781.0,36888.217199062135,899591122.0,36886.95135694586,518489197.0,1307932.954,0.37869147869551734,0.5766796999714633,1060249.529,0.36983379959221546,0.5702049388157033,1608377.249,0.3668128263567203,0.5662429022021704,855443.647,0.36681057500315745,0.5662343956514556,110406,0.07101371346835683,0.07046641889011718,0.19428247323802483,0.18937012347805715,0.10241291234172056,0.10541123897940008,0.10463204083039712,0.33430609638356334,-0.3773555322469533,0.16413057261380723,0.10543920043752608,0.1046677813903043,0.3343264239436756,0.32429957032797574,0.16416680252884808,0.9999600828245626,0.4905780779561819,0.531867537626429
stockmarket,query4,8,1/4,41726.40654984883,41229.120702754706,1165580578.0,1274686835.0,0.0,0.0,111503.0,39157.88498014219,38674.22498591151,929803948.0,1022282467.0,10512.0,0.0,111503.0,37366.19714120935,36889.91997504607,757400176.0,1862131797.0,18366.0,0.0,111503.0,37365.82293669349,36889.91997504607,757400176.0,839849330.0,18366.0,0.0,111503.0,0.0,0.0,0.0,0.0,0.0,0.0,0.0,0.0,116.21619170118882,776809734.0,98.34914786601841,543316722.0,84.98951682321973,909400153.0,84.78182334033897,366083431.0,0.0,0.0,0.0,0.0,0.0,0.0,0.0,0.0,41610.19035814763,497877101.0,39059.53583227617,478965745.0,37281.20762438612,952731644.0,37281.041113353145,473765899.0,1274686.835,0.37866429399492396,0.5790285914931276,1022282.467,0.3661039298418871,0.5730733716469554,1846017.56,0.3628352447803194,0.5702169125412755,824499.905,0.3628329098939312,0.5702053383640309,111503,0.06196823199948798,0.061556260940853647,0.202282565830468,0.1980128460336691,0.09427549034555124,0.1052460167412379,0.10449520505511334,0.35019492406126895,-0.4608543415293058,0.16471305704779243,0.1052460167412379,0.10450417310548721,0.35019492406126895,0.341132812437025,0.16471305704779243,0.9999899854803409,0.45101497721753364,0.4466370867024689
stockmarket,query4,8,inf,41697.949439303025,41199.28818724863,1158385823.0,1269739966.0,0.0,0.0,111492.0,38843.61416659602,38357.08565706946,935184600.0,1030727956.0,10985.0,0.0,111492.0,37239.978342260794,36761.55056639388,764763758.0,1880923083.0,18365.0,0.0,111492.0,37239.59427297382,36761.55056639388,764763758.0,850195127.0,18365.0,0.0,111492.0,0.0,0.0,0.0,0.0,0.0,0.0,0.0,0.0,112.90728445285443,755098627.0,96.05149406483437,535124715.0,82.89644446705796,895883276.0,82.69233961745583,360758561.0,0.0,0.0,0.0,0.0,0.0,0.0,0.0,0.0,41585.04215485016,514641339.0,38747.56267253118,495603241.0,37157.08189779374,985039807.0,37156.90193335637,489436566.0,1269739.966,0.38156052083967434,0.5696516211243642,1030727.956,0.37016666635059,0.5629765857688912,1880923.083,0.3667178609103424,0.5599337492203644,850195.127,0.3667155066228884,0.5599176811041606,111492,0.06898669018895442,0.06845265321408378,0.1926829719151354,0.18823697481378643,0.09852724859182721,0.10771393915073146,0.10691103895963538,0.3398022119958214,-0.4813451047976227,0.16472033867900837,0.10771393915073146,0.10692024970721736,0.3398022119958214,0.33041792038859086,0.16472033867900837,0.9999896866404314,0.4520095131396715,0.4520095131396715
stockmarket,query4,16,inf,83384.39988963978,82386.42743844073,2352338237.0,2573766195.0,0.0,0.0,224118.0,77624.967089322,76654.37304582912,1864591404.0,2051561526.0,22869.0,0.0,224118.0,71493.83385391124,70547.4982503131,1409394608.0,3621155719.0,47134.0,0.0,224118.0,71493.18976219707,70547.4982503131,1409394608.0,1569594193.0,47134.0,0.0,224118.0,0.0,0.0,0.0,0.0,0.0,0.0,0.0,0.0,233.77853295014796,1562269811.0,196.8917273024123,1079734573.0,162.25345069897938,1703634428.0,161.87096867145942,623899855.0,0.0,0.0,0.0,0.0,0.0,0.0,0.0,0.0,83150.62135668957,1011496384.0,77428.07536201958,971826953.0,71331.58040321227,1917521291.0,71331.31879352561,945694338.0,2573766.195,0.3916190330020915,0.5727243168057704,2051561.526,0.38099200804371564,0.5672730672191193,3621155.719,0.37530847583579335,0.5608307212421945,1569594.193,0.37530705265410386,0.5608119457918981,224118,0.06957522702261376,0.06907086706794618,0.20734553616831763,0.20289514642568374,0.10203999678740663,0.14369999472271933,0.14259940770055113,0.40085376081058877,-0.4069482014468684,0.21030885515665854,0.14369999472271933,0.1426071320676393,0.40085376081058877,0.39015665212744777,0.21030885515665854,0.9999909909473383,0.43345117271936906,0.433451172719369
stockmarket,query4,50,inf,259233.6525567303,256129.92234509438,7282278200.0,7969907000.0,0.0,0.0,694200.0,241736.5168026597,238717.96113699675,5794086600.0,6375895000.0,69400.0,0.0,694200.0,202030.04676677813,199156.87874555588,3774365600.0,10611096200.0,207000.0,0.0,694200.0,202028.82669897255,199156.87874555588,3774365600.0,4235201200.0,207000.0,0.0,694200.0,0.0,0.0,0.0,0.0,0.0,0.0,0.0,0.0,721.0344595118652,4821069000.0,608.7263273602265,3352911800.0,460.3869381025064,4772522800.0,459.3561952128165,1419611000.0,0.0,0.0,0.0,0.0,0.0,0.0,0.0,0.0,258512.61809721834,3148838000.0,241127.79047529947,3022983200.0,201569.65982867574,5838573400.0,201569.4705037598,2815590200.0,7969907.0,0.4035095773570071,0.5867268015935848,6375895.0,0.4032356690548192,0.5850821745700965,10611096.2,0.32263161786483824,0.5703522411943215,4235201.2,0.3226264219663869,0.5703414029653945,694200,0.06798097250284485,0.06749561864944043,0.20435797138318612,0.20000383944254307,0.09997118985883031,0.2224380622064781,0.2206642742011815,0.48170538170321475,-0.33139523459934983,0.29818496110630943,0.2224380622064781,0.22066898064185214,0.48170538170321475,0.4686009259581072,0.29818496110630943,0.9999939609586539,0.39912946977146435,0.39912946977146435
stockmarket,query5,1,inf,7008.0814594011235,6923.415115713142,107226948.0,121588974.0,0.0,0.0,18102.0,6803.563959788574,6721.010928195901,95116395.0,108507120.0,926.0,0.0,18102.0,6803.6141567308405,6721.010928195901,95116395.0,217014240.0,926.0,0.0,18102.0,6803.563959788574,6721.010928195901,95116395.0,108507120.0,926.0,0.0,18102.0,0.0,0.0,0.0,0.0,0.0,0.0,0.0,0.0,10.107539970670437,32926680.0,9.169959555198652,23819394.0,9.180978746800564,47638788.0,9.169959555198652,23819394.0,0.0,0.0,0.0,0.0,0.0,0.0,0.0,0.0,6997.973919430453,88662294.0,6794.394000233376,84687726.0,6794.43317798404,169375452.0,6794.394000233376,84687726.0,121588.974,0.28002701841596783,0.47914277412946965,108507.12,0.27373669980594867,0.4663697336636186,217014.24,0.2737444281806344,0.466380258304358,108507.12,0.27373669980594867,0.4663697336636186,18102,0.029234732301096744,0.029183093946231975,0.11294318476732179,0.10759079190848342,0.051154568555960664,0.029234732301096744,0.029175931223801133,0.11294318476732179,-0.7848184161830332,0.051154568555960664,0.029234732301096744,0.029183093946231975,0.11294318476732179,0.10759079190848342,0.051154568555960664,0.9999926220180759,0.5,0.5
stockmarket,query5,2,1,13934.028288559142,13758.379011100158,215562673.0,245452538.0,0.0,0.0,35583.0,13215.987758307483,13044.935662483796,188736158.0,215984071.0,2588.0,0.0,35583.0,13201.823029084824,13031.226192124188,179503535.0,422152306.0,3118.0,0.0,35583.0,13201.729773409788,13031.226192124188,179503535.0,206168235.0,3118.0,0.0,35583.0,0.0,0.0,0.0,0.0,0.0,0.0,0.0,0.0,19.568397985947726,65192060.0,17.660478543949004,46375050.0,16.70130876002827,83557482.0,16.686101857403735,37182432.0,0.0,0.0,0.0,0.0,0.0,0.0,0.0,0.0,13914.459890573195,180260478.0,13198.327279763535,169609021.0,13185.121720324794,338594824.0,13185.043671552385,168985803.0,245452.538,0.3090486569560896,0.5865896177673543,215984.071,0.2976409941152585,0.5736728623187001,422152.306,0.2969904432159564,0.5736804573386928,206168.235,0.29698641366284173,0.5736697822836654,35583,0.051855189338857466,0.05153143910589175,0.12444879545541732,0.12005769930152443,0.07273136048112863,0.05285163451227126,0.05254799576340119,0.16727913742283196,-0.7198938313687349,0.08762611359356996,0.05285163451227126,0.05255468842062172,0.16727913742283196,0.1600484693297406,0.08762611359356996,0.9999929361517095,0.4883740585323251,0.4883740585323251
stockmarket,query5,2,1/16,14257.514596443754,14090.77728757076,212865425.0,242524518.0,0.0,0.0,36034.0,13810.406409673056,13648.622153281234,186202607.0,213427995.0,2031.0,28.0,36034.0,13770.50657022803,13609.326665119268,176900449.0,366480090.0,2606.0,28.0,36034.0,13768.423644295499,13607.331159803085,176776871.0,203387364.0,2615.0,605.0,36034.0,0.0,0.0,0.0,0.0,0.0,0.0,0.0,0.0,19.58119212796642,66189992.0,17.58165641808276,46462178.0,16.648306069763912,83979756.0,16.62523829602661,37435106.0,0.0,0.0,0.0,0.0,0.0,0.0,0.0,0.0,14237.933404315787,176334526.0,13792.824753254974,166965817.0,13753.858264158265,282500334.0,13751.798405999472,165952258.0,242524.518,0.3056134291144851,0.6018084727761631,213427.995,0.29836121003751254,0.5962893502485769,348651.603,0.296720354042026,0.5962166458957991,199735.19,0.2967138529772328,0.5962112925587779,36034,0.031379044978557924,0.03135947599746591,0.12525668741177676,0.11997353191317339,0.056363434534051175,0.034167783126923146,0.03415798896233979,0.1689564005051548,-0.5111053225554705,0.07232058611311538,0.0343094009578957,0.034304082162416205,0.16953694570172684,0.16137401002895713,0.0725703502247877,0.9998487400647239,0.5549752075208233,0.5728790238775985
stockmarket,query5,2,1/4,13838.59939319665,13669.692938111722,201100632.0,227728726.0,0.0,0.0,35587.0,13285.514989221056,13120.58609572053,176200993.0,200728689.0,2203.0,0.0,35587.0,13244.31975481177,13080.2136119036,165853381.0,390393761.0,2827.0,0.0,35587.0,13244.234737992336,13080.2136119036,165853381.0,189665072.0,2827.0,0.0,35587.0,0.0,0.0,0.0,0.0,0.0,0.0,0.0,0.0,19.915189912680614,65447773.0,17.990833988833533,46984881.0,16.970090033163803,84217448.0,16.95496551877003,37232567.0,0.0,0.0,0.0,0.0,0.0,0.0,0.0,0.0,13818.684203283969,162280953.0,13267.524155232222,153743808.0,13227.349664778605,306176313.0,13227.279772473565,152432505.0,227728.726,0.29887015545347884,0.5808212888621089,200728.689,0.2912279429296295,0.5681043207506014,390105.415,0.29019220991157496,0.5680560697302887,189405.56,0.2901882974627363,0.568045149012182,35587,0.040169654496061025,0.03996679058774566,0.12381681127685362,0.1185622801051458,0.0619046280945289,0.043123084686461866,0.042943626121371814,0.17527170675425818,-0.71429300052379,0.07943912102734145,0.043123084686461866,0.04294976957686314,0.17527170675425818,0.16714471937106434,0.07943912102734145,0.9999935808844087,0.4858301821068293,0.48552404739113914
stockmarket,query5,2,inf,13644.627306120034,13469.47539695166,219357886.0,250913224.0,0.0,0.0,35120.0,13151.923586073051,12980.408295398578,197517922.0,227145847.0,1950.0,0.0,35120.0,13091.515332404326,12921.353125138208,186787043.0,442757694.0,2607.0,0.0,35120.0,13091.418509411862,12921.353125138208,186787043.0,215611847.0,2607.0,0.0,35120.0,0.0,0.0,0.0,0.0,0.0,0.0,0.0,0.0,19.541196576634288,63242545.0,17.860533186937612,47005193.0,16.87228365023747,84570352.0,16.85692349489221,37565159.0,0.0,0.0,0.0,0.0,0.0,0.0,0.0,0.0,13625.0861095434,187670679.0,13134.063052886113,180140654.0,13074.64304875409,358187342.0,13074.56158591697,178046688.0,250913.224,0.3005882100530732,0.6117711372549942,227145.847,0.2929613537097159,0.5965497013461607,442757.694,0.29290129517457997,0.5965359554487035,215611.847,0.29289732981857874,0.5965208498145279,35120,0.036309290981278,0.03610972355587827,0.09956315862744958,0.09472349293156423,0.05552391799544419,0.04069366145748332,0.04053697923047117,0.14848266271129185,-0.7645849307647492,0.07423120728929385,0.04069366145748332,0.040544075283026615,0.14848266271129185,0.14069157630368656,0.07423120728929385,0.9999926041416899,0.4869748169751738,0.4869748169751738
stockmarket,query5,4,1,27028.596232501262,26713.449151392095,382612431.0,433274194.0,0.0,0.0,69558.0,26026.353276203085,25720.177985909395,329834602.0,375897105.0,4367.0,0.0,69558.0,25819.93082549131,25516.480956498533,294971197.0,714668636.0,6706.0,0.0,69558.0,25819.786329319762,25516.480956498533,294971197.0,338771531.0,6706.0,0.0,69558.0,0.0,0.0,0.0,0.0,0.0,0.0,0.0,0.0,40.45425919972115,132572308.0,36.346858100776636,92847442.0,32.84453718042179,152753340.0,32.82476210342127,59905898.0,0.0,0.0,0.0,0.0,0.0,0.0,0.0,0.0,26988.14197330154,300701886.0,25990.006418102304,283049663.0,25787.08628831089,561915296.0,25786.96156721634,278865633.0,433274.194,0.33233856957618324,0.6450706702336964,375897.105,0.32411345245275935,0.6372986965410706,714668.636,0.32183783199061516,0.6372447787022194,338771.531,0.3218348421866074,0.6372317947767039,69558,0.03718243794927312,0.037080836447325516,0.13794070637501055,0.13242673991333997,0.06278213864688462,0.044807699227083275,0.04471802370396738,0.22906007985924537,-0.6494604245920079,0.09640875240806233,0.044807699227083275,0.04472336975191982,0.22906007985924537,0.2181128354946521,0.09640875240806233,0.999994403696411,0.474026022599934,0.474026022599934
stockmarket,query5,4,1/16,27690.65758850546,27366.528497093357,403436642.0,458581976.0,0.0,0.0,70811.0,26946.223659520114,26629.859791557305,354313621.0,405281477.0,3631.0,48.0,70811.0,26776.550997035214,26463.16094316356,319252756.0,690222674.0,5885.0,48.0,70811.0,26782.804255550534,26469.288559217937,319414538.0,368039175.0,5878.0,1692.0,70811.0,0.0,0.0,0.0,0.0,0.0,0.0,0.0,0.0,40.18330645149049,130798494.0,36.24428816567088,92947308.0,32.74085099551675,153144654.0,32.70418445453787,60011784.0,0.0,0.0,0.0,0.0,0.0,0.0,0.0,0.0,27650.474282053965,327783482.0,26909.979371354442,312334169.0,26743.810146039697,537078020.0,26750.100071095996,308027391.0,458581.976,0.336712019892672,0.6200724743440109,405281.477,0.3318515272898798,0.6102272073219824,637803.265,0.3269448789893379,0.6098825976373445,353016.099,0.3269430549660827,0.6098763150117883,70811,0.026918602613930198,0.026883938259897544,0.12176142641996313,0.11622894441887088,0.05127734391549336,0.0330099432971831,0.03301137174328772,0.20866693115098855,-0.5051238603411661,0.08310855658019234,0.03278603415010117,0.0327855461739478,0.20826592146778777,0.19744081917428002,0.08300970188247589,1.0002335348759448,0.5332180307365562,0.5534874441258936
stockmarket,query5,4,1/4,27699.023402865994,27372.359091255814,400807364.0,455931584.0,0.0,0.0,71015.0,26749.342128772292,26429.899497532286,352315915.0,403340430.0,4090.0,0.0,71015.0,26498.43187587597,26182.005235000513,316251590.0,768090227.0,6549.0,0.0,71015.0,26498.27619232616,26182.005235000513,316251590.0,364749797.0,6549.0,0.0,71015.0,0.0,0.0,0.0,0.0,0.0,0.0,0.0,0.0,39.80671141994564,129040069.0,35.924907409934626,91643833.0,32.35201202496465,149773634.0,32.333045137254125,58129801.0,0.0,0.0,0.0,0.0,0.0,0.0,0.0,0.0,27659.216691446043,326891515.0,26713.417221362353,311696597.0,26466.079863851006,618316593.0,26465.943147188904,306619996.0,455931.584,0.3369977025029081,0.612768071877427,403340.43,0.33136100211632363,0.6042608401070177,767801.725,0.3290940424629078,0.604139886994791,364469.667,0.3290909928654733,0.6041250401877161,71015,0.034431069334634024,0.034285731315546686,0.12098442632406325,0.1153487844351665,0.0575934661691192,0.04348744119156189,0.04334418255575756,0.21096362391186008,-0.6846611508274014,0.09221995353094417,0.04348744119156189,0.04334980309867509,0.21096362391186008,0.1999900647374322,0.09221995353094417,0.9999941248014019,0.4748788412848794,0.47469243052299737
stockmarket,query5,4,inf,27908.81650136569,27578.495134182274,411700247.0,468618055.0,0.0,0.0,71697.0,26768.825563663933,26446.246828481555,359622679.0,412150296.0,4654.0,0.0,71697.0,26470.519749169624,26150.836172128096,323309911.0,785495241.0,7284.0,0.0,71697.0,26470.36213937121,26150.836172128096,323309911.0,373344945.0,7284.0,0.0,71697.0,0.0,0.0,0.0,0.0,0.0,0.0,0.0,0.0,40.87234014086895,132608687.0,36.74176528961413,92887583.0,33.14623089162084,152090772.0,33.12745534430767,59203189.0,0.0,0.0,0.0,0.0,0.0,0.0,0.0,0.0,27867.94416122482,336009368.0,26732.083798374315,319262713.0,26437.373518278,633404469.0,26437.2346840269,314141756.0,468618.055,0.3350266745470296,0.6330305936934254,412150.296,0.3289798738577861,0.6222386159013784,785495.241,0.32523029275028165,0.621976986890787,373344.945,0.32522728897110925,0.6219607592076954,71697,0.04105547819747968,0.040846982445349234,0.1264938954481608,0.12049847076421327,0.06491206047672846,0.05176710894151215,0.051535569490224864,0.214695853704455,-0.676195000638633,0.1015942089627181,0.05176710894151215,0.051541216802371115,0.214695853704455,0.2033065285971536,0.1015942089627181,0.999994045836655,0.47529879942328,0.47529879942328
stockmarket,query5,8,1,54020.75859444457,53364.411775100976,807094543.0,917250415.0,0.0,0.0,139470.0,52270.82213783897,51631.379439658485,707582790.0,809213942.0,7896.0,0.0,139470.0,50936.172801223984,50313.02368900366,599298104.0,1501351666.0,16327.0,0.0,139470.0,50935.904417636295,50313.02368900366,599298104.0,692137724.0,16327.0,0.0,139470.0,0.0,0.0,0.0,0.0,0.0,0.0,0.0,0.0,80.397297794301,261247030.0,72.6004166599753,186079972.0,63.13838301810274,284575434.0,63.11798603801739,98495462.0,0.0,0.0,0.0,0.0,0.0,0.0,0.0,0.0,53940.361296650255,656003385.0,52198.22172117898,623133970.0,50873.034418205876,1216776232.0,50872.78643159828,593642262.0,917250.415,0.36763607850790203,0.5371034366132987,809213.942,0.36120409472419074,0.5287429646130481,1501351.666,0.3544372009604376,0.5275870781082765,692137.724,0.3544346384870995,0.5275752252287528,139470,0.03247543218027371,0.0323937779130995,0.1232962778190907,0.11778296442635028,0.05661432566143257,0.05718020651960121,0.057100008838783634,0.25746232681441883,-0.6367958427143365,0.11706460170646017,0.05718020651960121,0.057104976995371426,0.25746232681441883,0.24542119285931308,0.11706460170646017,0.9999947309824644,0.4610097285495003,0.46100972854950034
stockmarket,query5,8,1/16,53737.86601716811,53085.785731451586,812151269.0,923557375.0,0.0,0.0,138456.0,51874.33505235251,51238.060996606946,713179319.0,816104387.0,8112.0,82.0,138456.0,50633.90637504394,50007.826940583065,617663171.0,1386517948.0,16029.0,82.0,138456.0,50638.804736598155,50012.65471942816,617347381.0,713337523.0,16052.0,3267.0,138456.0,0.0,0.0,0.0,0.0,0.0,0.0,0.0,0.0,80.00394432818575,261433281.0,72.21170598684658,186112115.0,63.19453738093093,288862798.0,63.102646936662694,102008435.0,0.0,0.0,0.0,0.0,0.0,0.0,0.0,0.0,53657.86207283991,662124094.0,51802.12334636565,629992272.0,50570.71183766301,1097655150.0,50575.70208966149,611329088.0,923557.375,0.3640248592563736,0.5560013066324235,816104.387,0.3595568381578123,0.54603934337672,1187822.653,0.3540480713972843,0.5448347049633843,592935.62,0.35404226625909124,0.5448273547635708,138456,0.03480639326300716,0.03467817207739965,0.12186393567033882,0.1163468463450904,0.05858901022707575,0.057980846444266376,0.05776112585364901,0.23947275024204884,-0.5012797098826698,0.1157696307852314,0.05788990347754608,0.057669972968034666,0.23986158174678662,0.22761969931754378,0.11593574854105275,1.0000967407396524,0.5144812759394587,0.4991785756084583
stockmarket,query5,8,1/4,54710.44996458743,54040.773907202296,847038043.0,965511556.0,0.0,0.0,141042.0,52875.171202312595,52221.425523329526,745919786.0,855971114.0,8337.0,0.0,141042.0,51410.861927010694,50772.5502813505,640033369.0,1597396035.0,16985.0,0.0,141042.0,51410.57464038905,50772.5502813505,640033369.0,741424921.0,16985.0,0.0,141042.0,0.0,0.0,0.0,0.0,0.0,0.0,0.0,0.0,81.45937379584012,264344774.0,73.29766755382526,185971994.0,63.956420506924275,285596708.0,63.93510565603377,99624714.0,0.0,0.0,0.0,0.0,0.0,0.0,0.0,0.0,54628.99059079158,701166782.0,52801.87353475876,669999120.0,51346.905506503776,1311799327.0,51346.63953473301,641800207.0,965511.556,0.36443810948196975,0.5431643342596308,855971.114,0.35467857894207666,0.5358378123753068,1591230.43,0.348758884394928,0.5343316136896745,735437.9,0.3487561523733619,0.5343142222234344,141042,0.033666216309132024,0.033545305576224704,0.11937864873443471,0.11345326870432615,0.05911005232483941,0.06047699523074779,0.060310014626318575,0.24438651334577666,-0.6544556355366915,0.12042512159498589,0.06047699523074779,0.06031526566376799,0.24438651334577666,0.23209109575898235,0.12042512159498589,0.9999944119469919,0.4641459630266329,0.46218189781601904
stockmarket,query5,8,inf,55146.76409003015,54474.75644547865,846716687.0,963576503.0,0.0,0.0,141441.0,53485.867575939345,52829.42024817038,750128314.0,858823127.0,7544.0,0.0,141441.0,51975.30629082397,51332.82457299344,645950888.0,1605227777.0,16312.0,0.0,141441.0,51975.01919311594,51332.82457299344,645950888.0,746404650.0,16312.0,0.0,141441.0,0.0,0.0,0.0,0.0,0.0,0.0,0.0,0.0,80.1942495558299,261637499.0,72.54138517514966,187878939.0,63.175440413591815,289166644.0,63.15331879750622,101287705.0,0.0,0.0,0.0,0.0,0.0,0.0,0.0,0.0,55066.5698404743,701939004.0,53413.326190764186,670944188.0,51912.13085041038,1316061133.0,51911.86587431844,645116945.0,963576.503,0.37152199617706416,0.560105907111365,858823.127,0.36766924927250066,0.5517207718253897,1605227.777,0.3609462967491091,0.5500256250164313,746404.65,0.3609436136938093,0.550011891157489,141441,0.03020364485621896,0.030117751086524258,0.11407401611774304,0.10871308679057734,0.0533367269744982,0.05767684111868998,0.0575094087846858,0.23711095113919733,-0.6659058953827561,0.11532723891940809,0.05767684111868998,0.05751461485094855,0.23711095113919733,0.22538101782666653,0.11532723891940809,0.9999944762671253,0.46498363702312134,0.4649836370231214
stockmarket,query5,16,inf,110622.22632410287,109284.95022977516,1688473776.0,1924155424.0,0.0,0.0,283690.0,106722.43161111571,105417.37846030667,1489783539.0,1708030700.0,16611.0,0.0,283690.0,101367.84206250755,100116.4231881015,1209400523.0,3110144285.0,41986.0,0.0,283690.0,101367.37084478991,100116.4231881015,1209400523.0,1402113585.0,41986.0,0.0,283690.0,0.0,0.0,0.0,0.0,0.0,0.0,0.0,0.0,159.7053494645887,521738006.0,144.1806237915392,371664854.0,122.05723163542112,540061216.0,122.04352694062109,168396362.0,0.0,0.0,0.0,0.0,0.0,0.0,0.0,0.0,110462.52097463823,1402417418.0,106578.25098732415,1336365846.0,101245.78483087214,2570083069.0,101245.3273178493,1233717223.0,1924155.424,0.3811115062998439,0.5433891051600982,1708030.7,0.37663311807484917,0.5337500290248838,3110144.285,0.36412014518161956,0.5301824678738926,1402113.585,0.3641175653087563,0.5301583547695369,283690,0.03538979302581724,0.035253265483569995,0.11767445833283707,0.11232186407827316,0.05855335048820896,0.08389560522648853,0.08365754847928719,0.28373153306231746,-0.6163685356219957,0.14799957700306673,0.08389560522648853,0.08366180818127744,0.28373153306231746,0.2713096002997313,0.14799957700306673,0.9999953514082173,0.45081946575993015,0.45081946575993015
stockmarket,query5,50,inf,342569.8799174361,338450.793668814,5166754400.0,5878020200.0,0.0,0.0,880600.0,330710.7315490875,326694.0278880298,4533306800.0,5189915600.0,51800.0,0.0,880600.0,281205.7184261308,277519.977051951,3192033200.0,8890740200.0,219600.0,0.0,880600.0,281205.426597031,277519.977051951,3192033200.0,3700824600.0,219600.0,0.0,880600.0,0.0,0.0,0.0,0.0,0.0,0.0,0.0,0.0,503.7240980291321,1648075400.0,453.8665844542072,1165855000.0,369.3295389981383,1549430000.0,369.4161404841436,383575000.0,0.0,0.0,0.0,0.0,0.0,0.0,0.0,0.0,342066.1558194072,4229944800.0,330256.8649646336,4024060600.0,280836.3888871328,7341310200.0,280836.01045654714,3317249600.0,5878020.2,0.4010429138250481,0.5136460954349317,5189915.6,0.4009362999282609,0.5102836893152276,8890740.2,0.39988111331205595,0.5025486017674513,3700824.6,0.3998799818500708,0.50249727877116,880600,0.03473700165787941,0.034618187597832084,0.12260067945168829,0.11706400736765077,0.058823529411764705,0.18002858246060416,0.1791288875311947,0.3821976132637541,-0.5125399194783304,0.24937542584601408,0.18002858246060416,0.17912973941315202,0.3821976132637541,0.3703960731540188,0.24937542584601408,0.9999989622220293,0.41625607280707627,0.4162560728070763
yelp,query1,1,inf,19.826372645567595,12.174252172932029,5880395.0,2959246.0,0.0,0.0,3442.0,19.769058325244586,11.950952148996294,5689600.0,2959246.0,169.0,0.0,3442.0,19.770427314676947,11.950952148996294,5689600.0,5918492.0,169.0,0.0,3442.0,19.769058325244586,11.950952148996294,5689600.0,2959246.0,169.0,0.0,3442.0,7.302124261994565,471194.0,7.332304569313614,471194.0,7.33252255038264,942388.0,7.332304569313614,471194.0,0.0,0.0,0.0,0.0,0.0,0.0,0.0,0.0,0.0,0.0,0.0,0.0,0.0,0.0,0.0,0.0,12.524248383573031,2488052.0,12.436753755930974,2488052.0,12.437904764294307,4976104.0,12.436753755930974,2488052.0,2959.246,0.004594043722577662,0.010761401164584506,2959.246,0.00460124735172871,0.0107481364470454,5918.492,0.004601572434515561,0.010749161891344117,2959.246,0.00460124735172871,0.0107481364470454,3442,0.018341991012163827,0.0028908122200468345,0.03244594963433578,0.0,0.04909936083672284,0.018341991012163827,0.002821763309445058,0.03244594963433578,-1.0,0.04909936083672284,0.018341991012163827,0.0028908122200468345,0.03244594963433578,0.0,0.04909936083672284,0.9999307556983685,0.5,0.5
yelp,query1,2,1,39.8159556762071,24.301436335779727,12602545.0,6685407.0,0.0,0.0,6903.0,39.7069592568568,23.84692593663931,12232267.0,6685407.0,350.0,0.0,6903.0,38.27009071533031,21.807068057358265,11777284.0,13370814.0,951.0,0.0,6903.0,38.27455199745127,21.807068057358265,11777284.0,6685407.0,951.0,0.0,6903.0,14.705738228003037,859431.0,14.770292948213408,859431.0,14.853595433273156,1718862.0,14.85875340345164,859431.0,0.0,0.0,0.0,0.0,0.0,0.0,0.0,0.0,0.0,0.0,0.0,0.0,0.0,0.0,0.0,0.0,25.110217448204068,5825976.0,24.936666308643385,5825976.0,23.416495282057152,11651952.0,23.415798593999625,5825976.0,6685.407,0.0039710492312740025,0.012177705468360283,6685.407,0.003977377503993169,0.012181026799420317,13370.814,0.0038420608253102225,0.011861026188841599,6685.407,0.0038438563514494465,0.011859980330102866,6903,0.018703026144641033,0.0027375060449807975,0.029381208319430696,0.0,0.05070259307547443,0.10264283328590451,0.038825263254965825,0.06548367809835232,-1.0,0.13776618861364623,0.10264283328590451,0.03871321565884034,0.06548367809835232,0.0,0.13776618861364623,1.0001165735967061,0.5,0.5
yelp,query1,2,1/16,39.24231988777814,24.003039576113224,11393145.0,5234120.0,0.0,0.0,6914.0,39.078685313266675,23.41908781323582,10957904.0,5234120.0,423.0,29.0,6914.0,37.7637435351638,21.512647691182792,10502809.0,6703054.0,1015.0,29.0,6914.0,37.77050490997603,21.512647691182792,10502809.0,5234120.0,1015.0,29.0,6914.0,14.813396526034317,1129094.0,14.901656774274665,1129094.0,14.985145691577785,2258188.0,14.990229188321852,1129094.0,0.0,0.0,0.0,0.0,0.0,0.0,0.0,0.0,0.0,0.0,0.0,0.0,0.0,0.0,0.0,0.0,24.42892336174382,4105026.0,24.17702853899201,4105026.0,22.778597843586013,4444866.0,22.78027572165418,4105026.0,5234.12,0.003895953233150714,0.011972678363632357,5234.12,0.003903266737549051,0.011977237063180886,6647.589,0.0037327274759684,0.01167261359839521,5182.048,0.003734680973650784,0.0116730940451681,6914,0.02432824230555064,0.0041698496668751694,0.03820200655745187,0.0,0.061180214058432165,0.10375318830073343,0.03767810763590551,0.078146639931292,-0.2806458392241675,0.14680358692507955,0.10375318830073343,0.03750580959563743,0.078146639931292,0.0,0.14680358692507955,1.0001790440824792,0.7808560098128405,0.7795379648170186
yelp,query1,2,1/4,39.5066125320651,24.301655649207532,11477395.0,5279299.0,0.0,0.0,6866.0,39.28818745716395,23.751127373427153,11144978.0,5279299.0,335.0,0.0,6866.0,37.86427926108652,21.76876121107489,10729348.0,10558598.0,892.0,0.0,6866.0,37.868837987138946,21.76876121107489,10729348.0,5279299.0,892.0,0.0,6866.0,14.597814430554207,898051.0,14.661202352997822,898051.0,14.74146965002092,1796102.0,14.746081850598625,898051.0,0.0,0.0,0.0,0.0,0.0,0.0,0.0,0.0,0.0,0.0,0.0,0.0,0.0,0.0,0.0,0.0,24.908798101510893,4381248.0,24.626985104166124,4381248.0,23.1228096110656,8762496.0,23.122756136540318,4381248.0,5279.299,0.003908361852431619,0.01206750769548299,5279.299,0.0039166756765069725,0.012068052453350303,10558.598,0.003709944591622751,0.011764261036592807,5279.299,0.0037114270290639533,0.0117636376244053,6866,0.0226539411029113,0.00552882317419312,0.028962756792808797,0.0,0.048791144771337024,0.10422723762918762,0.041571098247048965,0.06517567793040147,-1.0,0.12991552577920187,0.10422723762918762,0.04145570677812149,0.06517567793040147,0.0,0.12991552577920187,1.0001203964829488,0.5,0.5
yelp,query1,2,inf,39.04615295407966,23.801590710878372,11770280.0,5587656.0,0.0,0.0,6886.0,38.894922224316986,23.3140019858256,11395765.0,5587656.0,343.0,0.0,6886.0,37.7334014701779,21.596439946442842,10902214.0,11175312.0,904.0,0.0,6886.0,37.73786782239929,21.596439946442842,10902214.0,5587656.0,904.0,0.0,6886.0,14.830901969097846,1298482.0,14.89229149793975,1298482.0,14.967539491786741,2596964.0,14.972368659412057,1298482.0,0.0,0.0,0.0,0.0,0.0,0.0,0.0,0.0,0.0,0.0,0.0,0.0,0.0,0.0,0.0,0.0,24.215250984981807,4289174.0,24.002630726377234,4289174.0,22.765861978391158,8578348.0,22.76549916298723,4289174.0,5587.656,0.003915050722921216,0.012047087554803066,5587.656,0.003919700082573197,0.012051111713359207,11175.312,0.003803804428398835,0.011779488878699127,5587.656,0.0038053986822683614,0.011778695371093903,6886,0.020485552036231147,0.0038731275252783526,0.03181869930027148,0.0,0.04981121115306419,0.09264720124053216,0.03362050764503288,0.07375066693400667,-1.0,0.13128085971536452,0.09264720124053216,0.03350612115920826,0.07375066693400667,0.0,0.13128085971536452,1.0001183660112094,0.5,0.5
yelp,query1,4,1,79.33034267252049,48.74586502928287,23041818.0,10455624.0,0.0,0.0,13849.0,78.9730564607117,47.66582785360515,22243516.0,10455624.0,735.0,0.0,13849.0,72.10546978810156,38.1732333926484,20126154.0,20911248.0,3392.0,0.0,13849.0,72.13402904421599,38.1732333926484,20126154.0,10455624.0,3392.0,0.0,13849.0,29.54044153070559,2002458.0,29.678615800362884,2002458.0,30.021887331609516,4004916.0,30.044905157595373,2002458.0,0.0,0.0,0.0,0.0,0.0,0.0,0.0,0.0,0.0,0.0,0.0,0.0,0.0,0.0,0.0,0.0,49.78990114181488,8453166.0,49.294440660348805,8453166.0,42.08358245649203,16906332.0,42.089123886620605,8453166.0,10455.624,0.003630433075858229,0.012640173209674603,10455.624,0.003631039521171438,0.012642860558977894,20911.248,0.003267593151964558,0.012262768938930904,10455.624,0.0032732229722690254,0.012262142290356748,13849,0.022156488043219902,0.004503777492600558,0.034645790536146026,0.0,0.053072424001732975,0.21689289194649075,0.09107325949975476,0.12653793203296715,-1.0,0.24492743158350783,0.21689289194649075,0.09071325530523955,0.12653793203296715,0.0,0.24492743158350783,1.0003960761395545,0.5,0.5
yelp,query1,4,1/16,79.60978421695688,48.88367911055684,21880386.0,9405286.0,0.0,0.0,13998.0,79.33054036626477,47.76184640266001,21014313.0,9405286.0,848.0,55.0,13998.0,72.71481811558661,38.48844480980188,18931583.0,11669702.0,3531.0,55.0,13998.0,72.74749353878849,38.48844480980188,18931583.0,9405286.0,3531.0,55.0,13998.0,29.855332570089626,1773536.0,30.032480081819703,1773536.0,30.38690686157113,3547072.0,30.410671615744057,1773536.0,0.0,0.0,0.0,0.0,0.0,0.0,0.0,0.0,0.0,0.0,0.0,0.0,0.0,0.0,0.0,0.0,49.75445164686724,7631750.0,49.29806028444505,7631750.0,42.32791125401547,8122630.0,42.33682192304441,7631750.0,9405.286,0.003636415101850354,0.012648805539106897,9405.286,0.00364097080128231,0.012651346467827082,11411.482,0.003318221534391492,0.01230140806524735,9192.25,0.0033243188494686627,0.012301594325153055,13998,0.02294902364774254,0.0035076574247595582,0.03958216276440463,0.0,0.06058008286898128,0.2126524535365839,0.08660953134327987,0.1347692403598364,-0.2407599301073886,0.25225032147449633,0.2126524535365839,0.08619908652769248,0.1347692403598364,0.0,0.25225032147449633,1.000449364023024,0.8059576842664877,0.8055263987622291
yelp,query1,4,1/4,78.68077709656114,48.04085192177445,22822621.0,10579988.0,0.0,0.0,13882.0,78.39772912285363,46.95619986951351,22003193.0,10579988.0,806.0,0.0,13882.0,71.44965047321575,37.42108637653291,19820575.0,21030142.0,3438.0,0.0,13882.0,71.47783796853226,37.42108637653291,19820575.0,10450154.0,3438.0,0.0,13882.0,29.78174667217515,2114920.0,29.944911890922153,2114920.0,30.276430981970595,4229840.0,30.299007138416776,2114920.0,0.0,0.0,0.0,0.0,0.0,0.0,0.0,0.0,0.0,0.0,0.0,0.0,0.0,0.0,0.0,0.0,48.89903042438598,8465068.0,48.452817231931455,8465068.0,41.17321949124514,16800302.0,41.178830830115466,8335234.0,10579.988,0.0036542637262325225,0.012630252387357823,10579.988,0.003655791918829202,0.012633322656391851,21030.142,0.0032416192730198522,0.012301152169321088,10450.154,0.0032474353308728186,0.012300337075513822,13882,0.022577702286110335,0.0035974221932268957,0.03590420223864732,0.0,0.05806079815588532,0.22105697797644885,0.09190461622501489,0.13153817872189177,-0.9877283414688183,0.24765883878403688,0.22105697797644885,0.09154636486608492,0.13153817872189177,0.012271658531181728,0.24765883878403688,1.0003945085123553,0.49691314495166033,0.49691314495166033
yelp,query1,4,inf,79.28703117937553,48.357110667042434,23688660.0,11716565.0,0.0,0.0,13939.0,79.01712765413703,47.29952702205628,22845258.0,11716565.0,797.0,0.0,13939.0,72.64026327098303,38.330959177576005,20820022.0,23433130.0,3403.0,0.0,13939.0,72.66759817219257,38.330959177576005,20820022.0,11716565.0,3403.0,0.0,13939.0,29.87272251161815,2082991.0,30.02888128400217,2082991.0,30.37762105507549,4165982.0,30.400589056216756,2082991.0,0.0,0.0,0.0,0.0,0.0,0.0,0.0,0.0,0.0,0.0,0.0,0.0,0.0,0.0,0.0,0.0,49.41430866775737,9633574.0,48.98824637013484,9633574.0,42.26264221590752,19267148.0,42.2670091159758,9633574.0,11716.565,0.0036307500268164513,0.01268026571705187,11716.565,0.003633269368518983,0.012682686518302226,23433.13,0.0032472820291558854,0.012432871543506996,11716.565,0.003253283788476383,0.012431870089043562,13939,0.02187028195849061,0.003404132065783716,0.035603617933644194,0.0,0.05717770284812397,0.2073356193363245,0.08383171635415565,0.12109752092351367,-1.0,0.2441351603414879,0.2073356193363245,0.08348695756065638,0.12109752092351367,0.0,0.2441351603414879,1.0003763050955303,0.5,0.5
yelp,query1,8,1,160.143354580048,98.46770872548223,45810791.0,20434996.0,0.0,0.0,27991.0,159.31011592054557,96.00352019350976,44035117.0,20434996.0,1659.0,0.0,27991.0,134.6257107095877,63.00088189262897,36592512.0,40220822.0,10240.0,0.0,27991.0,134.72411288875733,63.00088189262897,36592512.0,19785826.0,10240.0,0.0,27991.0,59.69263684986691,4295766.0,60.00433573333535,4295766.0,61.04769245822311,8591532.0,61.119988730714695,4295766.0,0.0,0.0,0.0,0.0,0.0,0.0,0.0,0.0,0.0,0.0,0.0,0.0,0.0,0.0,0.0,0.0,100.45071773018108,16139230.0,99.30578018721019,16139230.0,73.57801825136457,31629290.0,73.60412415804258,15490060.0,20434.996,0.003340484318120354,0.012734324556991406,20434.996,0.003336471372261879,0.012734919784009464,40220.822,0.0030804191020235997,0.012016819958073712,19785.826,0.0030907634955749494,0.012016885343731552,27991,0.025025346520881953,0.005203079838607572,0.038761042130881385,0.0,0.05926905076631774,0.36018738825061014,0.159342508700261,0.2012250563409831,-0.9682324381174334,0.3658318745310993,0.36018738825061014,0.15872804561855736,0.2012250563409831,0.031767561882566575,0.3658318745310993,1.0007309315482975,0.4919299262456645,0.4919299262456645
yelp,query1,8,1/16,159.18441693097068,97.7014098726213,45494656.0,20850331.0,0.0,0.0,27911.0,158.58843998364372,95.53971891198307,43778651.0,20850331.0,1587.0,116.0,27911.0,135.7315327495327,64.43175355251878,37363842.0,26639918.0,9939.0,116.0,27911.0,135.84371997129657,64.44223184138536,37366035.0,20850331.0,9938.0,116.0,27911.0,59.55502841438383,4316947.0,59.87060152128116,4316947.0,60.94070847979811,8633894.0,61.012316220665596,4316947.0,0.0,0.0,0.0,0.0,0.0,0.0,0.0,0.0,0.0,0.0,0.0,0.0,0.0,0.0,0.0,0.0,99.62938851658683,16533384.0,98.71783846236254,16533384.0,74.79082426973454,18006024.0,74.83140375063093,16533384.0,20850.331,0.003357117023581588,0.01271973825980159,20850.331,0.003356365746295975,0.012720269898631838,25324.363,0.0030734370742295496,0.0121188982250109,19733.581,0.003083982487017024,0.012118957950420893,27911,0.022125483792470813,0.00374394026009095,0.03771882570119889,0.0,0.05685930278384866,0.34052380987621356,0.14733153303321256,0.17872019957684704,-0.2776736254211025,0.3560961628031959,0.3404165617937116,0.14662677044446926,0.1786719961131259,0.0,0.3560603346350901,1.000826537647452,0.7826724917096216,0.7792330650133232
yelp,query1,8,1/4,158.68124613333686,97.33034349512309,45711099.0,21428695.0,0.0,0.0,27805.0,158.10950395714525,95.20869051199406,44019977.0,21428695.0,1570.0,0.0,27805.0,134.67171151100595,63.68042618781328,36816029.0,42078386.0,9915.0,0.0,27805.0,134.76668767628243,63.68042618781328,36816029.0,20649691.0,9915.0,0.0,27805.0,59.32031992046092,4040787.0,59.63082595921069,4040787.0,60.66873184535721,8081574.0,60.739838885308544,4040787.0,0.0,0.0,0.0,0.0,0.0,0.0,0.0,0.0,0.0,0.0,0.0,0.0,0.0,0.0,0.0,0.0,99.36092621287591,17387908.0,98.47867799793454,17387908.0,74.00297966564871,33996812.0,74.02684879097383,16608904.0,21428.695,0.0033750547345559536,0.012778938903037407,21428.695,0.003372281804292668,0.012779503114050635,41780.04,0.003073264438427335,0.011961865322174527,20405.783,0.0030834699967061704,0.011961950741769286,27805,0.021798474216165986,0.003603085998651556,0.03699587270916416,0.0,0.05646466462866391,0.34572894843421464,0.15130669318134893,0.19459322122183065,-0.9636466896374232,0.35659054126955586,0.34572894843421464,0.15070815890215206,0.19459322122183065,0.03635331036257694,0.35659054126955586,1.000705242134453,0.4907434187233322,0.4884098483390633
yelp,query1,8,inf,158.3287002939061,97.14091461896896,45785118.0,21913261.0,0.0,0.0,27649.0,157.6508912045369,95.00803925096989,44310444.0,21913261.0,1468.0,0.0,27649.0,133.92436493536238,63.19601525273174,36926090.0,43047518.0,9839.0,0.0,27649.0,134.01944373085792,63.19601525273174,36926090.0,21134257.0,9839.0,0.0,27649.0,58.90278622172744,4095493.0,59.19348730432156,4095493.0,60.20289592183974,8190986.0,60.273965084885276,4095493.0,0.0,0.0,0.0,0.0,0.0,0.0,0.0,0.0,0.0,0.0,0.0,0.0,0.0,0.0,0.0,0.0,99.42591407217864,17817768.0,98.4574039002153,17817768.0,73.7214690135226,34856532.0,73.7454786459726,17038764.0,21913.261,0.003372258155403608,0.012688616940874555,21913.261,0.003368638956563602,0.012689557035154436,43047.518,0.0030674709780884727,0.012064185258180394,21134.257,0.003077840509898756,0.01206425591585792,27649,0.021956509019553594,0.004281024780163012,0.032208587952093914,0.0,0.05309414445368729,0.3494397751903472,0.15413715462352617,0.19349143099292654,-0.9644505671702628,0.355853737929039,0.3494397751903472,0.15353663939590756,0.19349143099292654,0.035549432829737215,0.355853737929039,1.0007099439712963,0.49095181283157835,0.4909518128315784
yelp,query1,16,inf,319.3560488735562,195.42963708937168,94966208.0,45513311.0,0.0,0.0,55898.0,318.01471451103816,190.86197552084923,91452791.0,45513311.0,3272.0,0.0,55898.0,250.55599848203678,101.33692487422377,70804757.0,88949278.0,26214.0,0.0,55898.0,250.82330434305896,101.33692487422377,70804757.0,43435967.0,26214.0,0.0,55898.0,119.44789791218419,8527719.0,120.07555651921933,8527719.0,122.84311740225873,17055438.0,123.03606777084705,8527719.0,0.0,0.0,0.0,0.0,0.0,0.0,0.0,0.0,0.0,0.0,0.0,0.0,0.0,0.0,0.0,0.0,199.90815096137194,36985592.0,197.9391579918188,36985592.0,127.71288107977807,71893840.0,127.78723657221192,34908248.0,45513.311,0.0031348801667633887,0.012824531785661304,45513.311,0.0031251112991810535,0.012824531785661304,88949.278,0.0030647735238842023,0.011398036164048716,43435.967,0.003076909018384601,0.011398043077069922,55898,0.023372409817419948,0.004200121986883354,0.0369964966906966,0.0,0.058535189094421985,0.48146593125032766,0.2154336848611239,0.2544215622466467,-0.9543574406177568,0.46896132240867294,0.48146593125032766,0.2145966696802153,0.2544215622466467,0.04564255938224315,0.46896132240867294,1.001066850774444,0.48832287317722806,0.48832287317722795
yelp,query1,50,inf,993.840580885765,609.234088100493,291623000.0,137811200.0,0.0,0.0,173800.0,989.8936699908845,595.6347109749913,281119400.0,137811200.0,9800.0,0.0,173800.0,694.9224790141355,209.65423174202442,172586000.0,249655600.0,108200.0,0.0,173800.0,696.0955279258025,209.65423174202442,172586000.0,111844400.0,108200.0,0.0,173800.0,371.0013553025964,26392000.0,372.8737232436294,26392000.0,384.18186111749924,52784000.0,385.01178347593657,26392000.0,0.0,0.0,0.0,0.0,0.0,0.0,0.0,0.0,0.0,0.0,0.0,0.0,0.0,0.0,0.0,0.0,622.8392255831702,111419200.0,617.0199467472563,111419200.0,310.7406178966352,196871600.0,311.0837444498647,85452400.0,137811.2,0.0030346201665531333,0.01287179013973283,137811.2,0.0029955752126704393,0.01287179013973283,249655.6,0.003064100171175943,0.010777482982323497,111844.4,0.0030766693006429534,0.010777482982323497,173800,0.022322088325527845,0.003971372240971216,0.03601773522664531,0.0,0.05638665132336018,0.6558724538942049,0.3007706745132276,0.4081879687130302,-0.8115769980959457,0.622554660529344,0.6558724538942049,0.2995903555222065,0.4081879687130302,0.18842300190405425,0.622554660529344,1.0016880284450305,0.4479947575780395,0.44799475757803947
yelp,query2,1,inf,43.42075787396551,16.26449777930975,139998702.0,153644324.0,0.0,0.0,4980.0,42.651124121441306,14.855094956234097,134760452.0,150021612.0,1317.0,0.0,4980.0,42.72052626017984,14.855094956234097,134760452.0,300043224.0,1317.0,0.0,4980.0,42.651124121441306,14.855094956234097,134760452.0,150021612.0,1317.0,0.0,4980.0,14.257746259374862,32253379.0,14.234027327242222,31487015.0,14.248593669746876,62974030.0,14.234027327242222,31487015.0,0.0,0.0,0.0,0.0,0.0,0.0,0.0,0.0,0.0,0.0,0.0,0.0,0.0,0.0,0.0,0.0,29.16301161459065,121390945.0,28.41709679419908,118534597.0,28.471932590432957,237069194.0,28.41709679419908,118534597.0,153644.324,0.008672756422587649,0.020817750370460648,150021.612,0.008668712457083694,0.020670128176381027,300043.224,0.008682663143907927,0.020711460578279318,150021.612,0.008668712457083694,0.020670128176381027,4980,0.08665517018721414,0.017725018866740494,0.037416418332221424,0.023578560572143248,0.2644578313253012,0.08665517018721414,0.01612665573038108,0.037416418332221424,-0.9528428788557135,0.2644578313253012,0.08665517018721414,0.017725018866740494,0.037416418332221424,0.023578560572143248,0.2644578313253012,0.9983754381133825,0.5,0.5
yelp,query2,2,1,90.60765700616636,34.24310010485351,297776599.0,326034537.0,0.0,0.0,10312.0,88.43690167589057,31.228004060685635,284920090.0,315925550.0,2656.0,0.0,10312.0,80.50757686584616,27.596673379652202,254266247.0,595949493.0,3491.0,0.0,10312.0,80.37192042080248,27.596673379652202,254266247.0,280023943.0,3491.0,0.0,10312.0,29.343318717164532,66385930.0,29.248379304372264,64586319.0,29.10889010526576,127984626.0,29.085886866173794,63398307.0,0.0,0.0,0.0,0.0,0.0,0.0,0.0,0.0,0.0,0.0,0.0,0.0,0.0,0.0,0.0,0.0,61.26433828900181,259648607.0,59.188522371518296,251339231.0,51.39868676058039,467964867.0,51.28603355462868,216625636.0,326034.537,0.006538575466519172,0.025115261532628854,315925.55,0.006517167617367003,0.02479342151218431,595949.493,0.004489322581770915,0.023357920025628514,280023.943,0.004481324840306695,0.02331299916784803,10312,0.08804973950768336,0.02395774708232512,0.04317501456855577,0.03100587776073549,0.2575640031031808,0.19409535657839772,0.1114704923849078,0.14611743214919315,-0.8278722815184454,0.3385376260667184,0.19409535657839772,0.11296767760662085,0.14611743214919315,0.14112184072081913,0.3385376260667184,0.9983149853675297,0.4698786495989183,0.4698786495989183
yelp,query2,2,1/16,86.19995027376459,32.982599205337465,277132305.0,304404050.0,0.0,0.0,9634.0,84.65869401692798,30.60483960621059,267628565.0,297505348.0,2148.0,64.0,9634.0,77.34392264689438,27.316474036313593,242115277.0,467576891.0,2956.0,64.0,9634.0,77.26131736585293,27.316474036313593,242115277.0,267061811.0,2956.0,64.0,9634.0,26.97892784743683,60942684.0,26.908327119447012,59886512.0,26.758826497065414,118349362.0,26.738010024894216,58462850.0,0.0,0.0,0.0,0.0,0.0,0.0,0.0,0.0,0.0,0.0,0.0,0.0,0.0,0.0,0.0,0.0,59.22102242632774,243461366.0,57.750366897480966,237618836.0,50.58509614982896,349227529.0,50.5233073409587,208598961.0,304404.05,0.006335373935086603,0.024811690563458895,297505.348,0.006319647238394512,0.02460342148660492,467447.057,0.00455760796683791,0.023382429342278827,266931.977,0.00454929999179363,0.02334855114779516,9634,0.0720913347163401,0.0178800132939948,0.034293151063713,0.022662977053031996,0.22296034876479137,0.1717913477269839,0.10273819878949031,0.12635491196163506,-0.5360403089249306,0.30682997716421007,0.1717913477269839,0.1036964972662191,0.12635491196163506,0.12267326600943718,0.30682997716421007,0.9989319745079575,0.5711612702433577,0.5710421597541474
yelp,query2,2,1/4,88.1081753545153,33.444051777012646,288417557.0,316173163.0,0.0,0.0,9910.0,86.0689446184148,30.641571970656514,276662411.0,306932833.0,2430.0,0.0,9910.0,79.06689608514738,27.43978585768491,249740300.0,582274183.0,3217.0,0.0,9910.0,78.93479648111268,27.43978585768491,249740300.0,275341350.0,3217.0,0.0,9910.0,28.141321671249745,64644497.0,28.052329161288046,63064373.0,27.893031666076794,124608753.0,27.87059424050068,61544380.0,0.0,0.0,0.0,0.0,0.0,0.0,0.0,0.0,0.0,0.0,0.0,0.0,0.0,0.0,0.0,0.0,59.96685368326554,251528666.0,58.01661545712675,243868460.0,51.173864419070576,457665430.0,51.06420224061199,213796970.0,316173.163,0.00655302904525953,0.025041967717820725,306932.833,0.006536693721846794,0.024716366032992924,576905.586,0.00469236232494505,0.023518918055072446,270276.307,0.00468405698573608,0.02347538212259881,9910,0.08379606110651883,0.023144625659257678,0.04075738704076193,0.02922553550188567,0.24520686175580222,0.17953165362142798,0.10261566798982158,0.13410160394639226,-0.8416306351719043,0.3246215943491423,0.17953165362142798,0.10411495682996796,0.13410160394639226,0.12914382932621005,0.3246215943491423,0.9983292678658786,0.4728723306628211,0.4684931357208248
yelp,query2,2,inf,87.54123663915006,33.892330914735794,265333298.0,290908280.0,0.0,0.0,10247.0,86.01551653229822,30.98436593078077,255157062.0,284042613.0,2695.0,0.0,10247.0,78.50093008067596,27.53593989741057,227626298.0,535546920.0,3536.0,0.0,10247.0,78.38009855208132,27.53593989741057,227626298.0,251504307.0,3536.0,0.0,10247.0,28.79889587954899,63045959.0,28.8114933399209,61892988.0,28.63071729811621,121923468.0,28.609249122360346,60030480.0,0.0,0.0,0.0,0.0,0.0,0.0,0.0,0.0,0.0,0.0,0.0,0.0,0.0,0.0,0.0,0.0,58.74234075960106,227862321.0,57.204023192377306,222149625.0,49.87021278255975,413623452.0,49.77084942972097,191473827.0,290908.28,0.006657290434727395,0.02441361270778062,284042.613,0.006646951261404501,0.024135426157861316,535546.92,0.004583696263362398,0.022846247534333747,251504.307,0.004575315187115157,0.022805171622655517,10247,0.08580008826394092,0.017428587548299568,0.038352653348468935,0.0236007960997191,0.26300380599199763,0.18754658784951184,0.10326912099424357,0.14211182796966548,-0.8409476691416278,0.34507660778764515,0.18754658784951184,0.10464940225635,0.14211182796966548,0.13545153475865312,0.34507660778764515,0.9984607630957945,0.46962142364669,0.46962142364668996
yelp,query2,4,1,176.98036113933222,67.6727801123634,569780789.0,623919964.0,0.0,0.0,20182.0,173.22439505110756,61.94653944950551,546534041.0,606488137.0,5163.0,0.0,20182.0,142.4411314358104,47.61877360101789,430556994.0,1077292423.0,8668.0,0.0,20182.0,142.20461616694533,47.61877360101789,430556994.0,470804286.0,8668.0,0.0,20182.0,57.08330754388365,128757196.0,56.93213058336534,125607109.0,56.01867088114848,242353499.0,55.99061602848396,116746390.0,0.0,0.0,0.0,0.0,0.0,0.0,0.0,0.0,0.0,0.0,0.0,0.0,0.0,0.0,0.0,0.0,119.89705359544854,495162768.0,116.29226446774223,480881028.0,86.42246055466194,834938924.0,86.21400013846137,354057896.0,623919.964,0.005254536587541872,0.027179735837208053,606488.137,0.0052380374690133924,0.026727820197073007,1077292.423,0.0037555996413617377,0.021857355430669963,470804.286,0.0037475150059705724,0.021823232019585855,20182,0.08461660143635419,0.021222502112919095,0.040799459105666736,0.02793920375338399,0.25582201962144485,0.29633785516197175,0.1951585446044487,0.2443462427793437,-0.7266516302722443,0.4294916262015658,0.29633785516197175,0.19649493733945322,0.2443462427793437,0.24540916597437168,0.4294916262015658,0.9983395577774411,0.4370255243130026,0.4370255243130027
yelp,query2,4,1/16,176.95281791263787,67.31338166818023,567680103.0,623790918.0,0.0,0.0,19873.0,173.39743675226853,61.842712263576686,545951186.0,607664529.0,4912.0,124.0,19873.0,142.68289759593898,47.41000886261463,441620458.0,896776594.0,8380.0,124.0,19873.0,142.53532808521825,47.40827561169863,441615827.0,483823385.0,8382.0,124.0,19873.0,55.821804656709915,125643842.0,55.70296772073747,123020189.0,54.88447177194115,238349590.0,54.85673831383571,115329401.0,0.0,0.0,0.0,0.0,0.0,0.0,0.0,0.0,0.0,0.0,0.0,0.0,0.0,0.0,0.0,0.0,121.13101325592794,498147076.0,117.69446903153107,484644340.0,87.79842582399785,658427004.0,87.67858977138255,368493984.0,623790.918,0.0052811528120953076,0.027798937320738976,607664.529,0.005264780449532284,0.027405120094422333,893208.69,0.003778173556695552,0.023013575542164322,480901.356,0.0037702888353288136,0.022980734899560377,19873,0.08127164716773672,0.0200922551124596,0.03827669295642022,0.025852234353947456,0.247169526493232,0.29568225978719676,0.19366699395325848,0.22206105927232045,-0.4376236782594516,0.42167765309716704,0.29570800876716263,0.19450094230435844,0.2220692170357783,0.22438212702545313,0.4217782921551854,0.9989657519351854,0.5395138412811876,0.5383975339514443
yelp,query2,4,1/4,180.10037773780877,68.71358556952327,590327046.0,646047054.0,0.0,0.0,20354.0,176.24028518279408,62.81075160764158,566867014.0,628761970.0,5222.0,0.0,20354.0,145.6839719241686,48.37946100439876,456198573.0,1127581075.0,8764.0,0.0,20354.0,145.4370709309726,48.37762737739831,456191845.0,498819105.0,8766.0,0.0,20354.0,57.16983090807596,126024926.0,56.96900003285176,122632080.0,56.12128100642267,237223469.0,56.09442036029083,114591389.0,0.0,0.0,0.0,0.0,0.0,0.0,0.0,0.0,0.0,0.0,0.0,0.0,0.0,0.0,0.0,0.0,122.93054682973279,520022128.0,119.27128514994232,506129890.0,89.56269091774593,890357606.0,89.34265057068178,384227716.0,646047.054,0.005243663579022461,0.027238988588314448,628761.97,0.005224305063858812,0.02689117504585049,1096482.112,0.003719482250545754,0.022309306351536093,469827.424,0.003710938961815702,0.022275275347721904,20354,0.0859049038549925,0.021433006435079394,0.03974073720484761,0.026755147156819925,0.2565589073400806,0.29592582597149986,0.19109568922583708,0.22721044869761908,-0.745354410361571,0.430578756018473,0.29595251104382225,0.19246659691796553,0.22722184576987858,0.22789044248160906,0.43067701680259407,0.9983052288461457,0.44237981291057055,0.4284861730603408
yelp,query2,4,inf,178.7744114406977,67.79895084351301,578480269.0,634316454.0,0.0,0.0,20274.0,173.99212150123856,61.6670804284513,551348715.0,612301247.0,5275.0,0.0,20274.0,143.35500258375532,47.283810479566455,440943539.0,1094689739.0,8823.0,0.0,20274.0,143.11633855980975,47.283810479566455,440943539.0,482388492.0,8823.0,0.0,20274.0,57.39664997100021,128651278.0,57.184345814323514,125072499.0,56.272504827113146,241342177.0,56.245162350454564,116269678.0,0.0,0.0,0.0,0.0,0.0,0.0,0.0,0.0,0.0,0.0,0.0,0.0,0.0,0.0,0.0,0.0,121.37776146969748,505665176.0,116.80777568691504,487228748.0,87.0824977566422,853347562.0,86.8711762093552,366118814.0,634316.454,0.005162584107166105,0.02735066508998344,612301.247,0.0051456816797928896,0.0268604865615953,1094689.739,0.0037283882068619677,0.022132536411909397,482388.492,0.003720404153699612,0.022097214921963256,20274,0.09044196611854216,0.026750416353883533,0.04690143372893496,0.034706977662603666,0.2601854592088389,0.30258787353948324,0.19812348183113193,0.23775526559921445,-0.7257785638333765,0.4351879254217224,0.30258787353948324,0.19945848286412227,0.23775526559921445,0.23951445850401987,0.4351879254217224,0.99833515385132,0.44066229435991816,0.44066229435991816
yelp,query2,8,1,354.5214942598612,135.7409841939807,1119001641.0,1229045142.0,0.0,0.0,40234.0,346.2678076475885,124.10784230194986,1070247950.0,1190968970.0,10191.0,0.0,40234.0,254.40794274143272,80.41006178874522,723407756.0,1976910412.0,20869.0,0.0,40234.0,253.9911966634943,80.41006178874522,723407756.0,785941442.0,20869.0,0.0,40234.0,113.51821437405879,257570072.0,113.16129385610873,250524226.0,109.94397377289573,466736347.0,109.91959352225115,216212121.0,0.0,0.0,0.0,0.0,0.0,0.0,0.0,0.0,0.0,0.0,0.0,0.0,0.0,0.0,0.0,0.0,241.0032798858024,971475070.0,233.1065137914797,940444744.0,144.46396896853696,1510174065.0,144.0716031412431,569729321.0,1229045.142,0.004517854363454455,0.029428705131990782,1190968.97,0.004496515010376905,0.028901456330525592,1976910.412,0.003440032608584202,0.01895845861950905,785941.442,0.0034295036420589828,0.018935058095285222,40234,0.0857010280359135,0.023281202256873135,0.04356891823360609,0.030980287622340286,0.25329323457772035,0.40762134394255456,0.2823906396068784,0.353523954304907,-0.6084929222233564,0.5186906596410996,0.40762134394255456,0.28356615670439167,0.353523954304907,0.36052679015430333,0.5186906596410996,0.998361898321854,0.3975604747839226,0.3975604747839226
yelp,query2,8,1/16,358.2403459207803,136.85194375179708,1165195443.0,1275274127.0,0.0,0.0,40680.0,350.24888383601944,125.18465565610677,1117658633.0,1239319087.0,10282.0,284.0,40680.0,262.0787968073449,82.37159453798085,817610128.0,1693238297.0,20859.0,284.0,40680.0,261.86426727911476,82.39619975630194,817672212.0,885042184.0,20863.0,284.0,40680.0,114.5132102817715,253886531.0,114.1369463876298,247533643.0,111.1583384206673,464092742.0,111.15381887675089,216753647.0,0.0,0.0,0.0,0.0,0.0,0.0,0.0,0.0,0.0,0.0,0.0,0.0,0.0,0.0,0.0,0.0,243.72713563900882,1021387596.0,236.1119374483896,991785444.0,150.92045838667752,1229145555.0,150.71044840236385,668288537.0,1275274.127,0.0044222492331470785,0.029220848277520337,1239319.087,0.004397231530062069,0.028753752781157094,1657051.782,0.003430083074418314,0.018966968046202987,853016.21,0.0034195903284602227,0.018943429484179368,40680,0.08525482193260481,0.02230754345722996,0.04079728451186537,0.028193969624853876,0.25275319567354965,0.3980970070299116,0.2684274683418829,0.2983064490065981,-0.32774456969752364,0.5127581120943953,0.39791721259187485,0.2690263107968798,0.29825316695818904,0.3059984788666539,0.5128564405113077,0.9991814311922844,0.52269204256015,0.5147794530418603
yelp,query2,8,1/4,351.98541677283856,133.86762311123312,1137769581.0,1247880074.0,0.0,0.0,39849.0,344.76717891417803,122.63177280966192,1094189261.0,1215649176.0,9973.0,0.0,39849.0,254.81430445002644,79.86769215762615,754665171.0,2034948936.0,20492.0,0.0,39849.0,254.38393525814797,79.85823479760438,754642516.0,819299760.0,20503.0,0.0,39849.0,112.17206080365472,249557716.0,111.97713494810372,244072622.0,108.86482274486899,455217440.0,108.84215151546728,211144818.0,0.0,0.0,0.0,0.0,0.0,0.0,0.0,0.0,0.0,0.0,0.0,0.0,0.0,0.0,0.0,0.0,239.81335596918382,998322358.0,232.79004396607428,971576554.0,145.94948170515747,1579731496.0,145.54178374268068,608154942.0,1247880.074,0.004414066553378427,0.029027501932421644,1215649.176,0.004393556810778651,0.02863369757128469,1913199.144,0.0033951621184911476,0.018909730200626106,710343.869,0.0033849812272410554,0.018885619980194966,39849,0.08393254500556202,0.020507207158866447,0.03830329156954315,0.02582852204433872,0.250269768375618,0.40338305632525806,0.276065733670789,0.3367152861155637,-0.6307247614565243,0.5142412607593666,0.40345370343022613,0.2772884240760458,0.33673519788010575,0.34344671649913694,0.5145173028181385,0.9983110477537462,0.40261440742117965,0.37128590153707486
yelp,query2,8,inf,357.2697567237949,135.59990009572357,1186216717.0,1296258709.0,0.0,0.0,40739.0,350.13193552328,123.8404464488849,1141381351.0,1264065331.0,10633.0,0.0,40739.0,259.0822189117198,80.3435832215473,790206262.0,2120204062.0,21241.0,0.0,40739.0,258.63077757492835,80.3435832215473,790206262.0,856138731.0,21241.0,0.0,40739.0,115.07477422886907,253949229.0,114.85052402621412,248112153.0,111.92743265939744,466193899.0,111.90355238080258,218081746.0,0.0,0.0,0.0,0.0,0.0,0.0,0.0,0.0,0.0,0.0,0.0,0.0,0.0,0.0,0.0,0.0,242.19498249492582,1042309480.0,235.28141149706582,1015953178.0,147.15478625232234,1654010163.0,146.72722519412574,638056985.0,1296258.709,0.004400901783985966,0.02914337489975797,1264065.331,0.00437228823172859,0.02872757795218769,2120204.062,0.003424093859784076,0.01851351401590206,856138.731,0.0034139094451222074,0.018490748373735676,40739,0.08672169845654276,0.019978800517484463,0.03779694330509087,0.024835611731269025,0.26100297012690543,0.4074952624240089,0.274827454505151,0.3338432592667635,-0.6356334173720872,0.5213922776700459,0.4074952624240089,0.2760910412719997,0.3338432592667635,0.33953097089664375,0.5213922776700459,0.9982575363964084,0.40380015600592695,0.40380015600592695
yelp,query2,16,inf,717.0577646335729,273.2795787928626,2307688059.0,2527819200.0,0.0,0.0,81945.0,701.6600678722194,249.2598280776292,2213896604.0,2458379774.0,21418.0,0.0,81945.0,464.7658287739254,135.04214871115983,1259199084.0,3814062378.0,49315.0,0.0,81945.0,463.9791882105473,135.04214871115983,1259199084.0,1355682604.0,49315.0,0.0,81945.0,231.02013910592152,510721039.0,230.56036393626067,498538407.0,220.84225850546062,888552350.0,220.8510820089879,390013943.0,0.0,0.0,0.0,0.0,0.0,0.0,0.0,0.0,0.0,0.0,0.0,0.0,0.0,0.0,0.0,0.0,486.0376255276527,2017098161.0,471.09970393595927,1959841367.0,243.92357026846452,2925510028.0,243.12810620155918,965668661.0,2527819.2,0.004191320572311008,0.030229450225487297,2458379.774,0.004157089882442349,0.029744935682352577,3814062.378,0.0032716348937298642,0.014500625930696035,1355682.604,0.0032604480068319946,0.014489001299274424,81945,0.08789442233969336,0.021473439827015772,0.04064303866123187,0.027470092006580238,0.26137043138690585,0.5058461766236929,0.3518432521103406,0.45434605899652925,-0.5088351168469645,0.601806089450241,0.5058461766236929,0.35294029143154526,0.45434605899652925,0.4636947911464554,0.601806089450241,0.998307447504363,0.3554432176620264,0.3554432176620264
yelp,query2,50,inf,2224.2188582112353,848.9257603883743,7107449000.0,7793860000.0,0.0,0.0,253400.0,2175.8222389402895,775.6919667124748,6814383000.0,7573774200.0,65200.0,0.0,253400.0,1230.8205541668563,313.00685461610556,2507295400.0,10253456600.0,179200.0,0.0,253400.0,1228.7496988923647,313.00685461610556,2507295400.0,2679682400.0,179200.0,0.0,253400.0,714.3052728432922,1591293400.0,712.6047703615108,1552975200.0,661.5337608472038,2501953600.0,661.8007521066748,948978400.0,0.0,0.0,0.0,0.0,0.0,0.0,0.0,0.0,0.0,0.0,0.0,0.0,0.0,0.0,0.0,0.0,1509.913585367953,6202566600.0,1463.2174685787868,6020799000.0,569.2867933196517,7751503000.0,566.9489467856896,1730704000.0,7793860.0,0.004167750191671723,0.029800219259021755,7573774.2,0.004128262752998653,0.029800219259021755,10253456.6,0.003084169540953538,0.010029562729940836,2679682.4,0.0030766693006429534,0.010023043810186852,253400,0.08626642881280433,0.02175892857498185,0.04123364093080373,0.028238356860400327,0.2573007103393844,0.6312906625982131,0.44662794777456893,0.6472299132923782,-0.31558131657484223,0.7071823204419889,0.6312906625982131,0.4475589961140103,0.6472299132923782,0.6561803265647574,0.7071823204419889,0.9983175002501535,0.2613442963224714,0.2613442963224714
yelp,query3,1,inf,12.931422324908834,4.772629031911492,25305310.0,24084307.0,0.0,0.0,2596.0,12.661849393118253,4.568927030079067,23834883.0,22582711.0,152.0,0.0,2596.0,12.672296477515093,4.568927030079067,23834883.0,45165422.0,152.0,0.0,2596.0,12.661849393118253,4.568927030079067,23834883.0,22582711.0,152.0,0.0,2596.0,8.829363535738677,17224389.0,8.852600344657779,17224389.0,8.860568592826345,34448778.0,8.852600344657779,17224389.0,0.0,0.0,0.0,0.0,0.0,0.0,0.0,0.0,0.0,0.0,0.0,0.0,0.0,0.0,0.0,0.0,4.102058789170156,6859918.0,3.8092490484604724,5358322.0,3.8117278846887466,10716644.0,3.8092490484604724,5358322.0,24084.307,0.003916058986513002,0.006249199569412976,22582.711,0.003801378048512877,0.00621348680495365,45165.422,0.0038041854358669366,0.0062211601271727505,22582.711,0.003801378048512877,0.00621348680495365,2596,0.0426812979744291,0.02084634814465247,0.05810744859478112,0.062347486269793806,0.05855161787365177,0.0426812979744291,0.020038464515585885,0.05810744859478112,-0.8753050274604124,0.05855161787365177,0.0426812979744291,0.02084634814465247,0.05810744859478112,0.062347486269793806,0.05855161787365177,0.9991755965925058,0.5,0.5
yelp,query3,2,1,25.72523794694204,9.455711753107607,49624434.0,46864884.0,0.0,0.0,5253.0,25.52916029065969,9.193850617855787,48241233.0,45696976.0,251.0,0.0,5253.0,25.289348256007152,8.845431444235146,46089509.0,89709488.0,572.0,0.0,5253.0,25.27224287330593,8.845431444235146,46089509.0,44012512.0,572.0,0.0,5253.0,17.834451875840237,33907946.0,17.86611512899875,33907946.0,17.712452819463316,66298272.0,17.700725795509953,32390326.0,0.0,0.0,0.0,0.0,0.0,0.0,0.0,0.0,0.0,0.0,0.0,0.0,0.0,0.0,0.0,0.0,7.890786071101802,12956938.0,7.6630451616609365,11789030.0,7.576895436543835,23411216.0,7.571517077795975,11622186.0,46864.884,0.003648868845265336,0.007445055566298547,45696.976,0.003634240541474177,0.007398057463282108,89709.488,0.003614329503931154,0.007357635603126993,44012.512,0.0036120935690044905,0.007347983013046505,5253,0.02769343462333862,0.007621995827084671,0.027873385921137195,0.02492074876361583,0.0477822196839901,0.06454091715220633,0.016944048946559986,0.07123355804924647,-0.9142155136882446,0.10889015800494956,0.06454091715220633,0.01760897506839032,0.07123355804924647,0.06086373754813945,0.10889015800494956,0.9993236131462123,0.49061156162211067,0.4906115616221107
yelp,query3,2,1/16,24.91192761864355,9.189242707565427,48465483.0,46078461.0,0.0,0.0,5057.0,24.67574986206361,8.96385704446584,47039072.0,44743709.0,191.0,0.0,5057.0,24.439092367014336,8.647967948578298,44952517.0,87785312.0,483.0,0.0,5057.0,24.3932123945884,8.634777469560504,44842829.0,42924493.0,487.0,16.0,5057.0,17.172457901592978,33547256.0,17.196555470088313,33547256.0,17.062360997607502,65726094.0,17.054119664986693,32228572.0,0.0,0.0,0.0,0.0,0.0,0.0,0.0,0.0,0.0,0.0,0.0,0.0,0.0,0.0,0.0,0.0,7.73946971705057,12531205.0,7.479194391975295,11196453.0,7.3767313694068335,22059218.0,7.339092729601703,10695921.0,46078.461,0.003626587170783794,0.007440820606895365,44743.709,0.0036031566575533383,0.007383189665330426,83669.751,0.003578868577365872,0.007339832323086596,41047.394,0.0035790446620194982,0.0073152261062583,5057,0.024527120489921228,0.009480509103726997,0.029431482195277026,0.02896693967274644,0.0377694285149298,0.05890308659945409,0.018980275587961892,0.07248387476093032,-0.905126822703562,0.09551117263199525,0.06033851272079649,0.020821962555276352,0.07474709372028754,0.06844777215975162,0.09630215542811944,0.9981226810007126,0.4889712415671542,0.49058821747897874
yelp,query3,2,1/4,25.900330202638695,9.635692289099097,49507116.0,46979398.0,0.0,0.0,5253.0,25.686818220810068,9.34076103195548,47981914.0,45644646.0,286.0,0.0,5253.0,25.444863361989352,9.014654903672636,45692337.0,89405892.0,597.0,0.0,5253.0,25.427656496598285,9.014654903672636,45692337.0,43761246.0,597.0,0.0,5253.0,17.85130274603125,35037264.0,17.898066089277897,35037264.0,17.727200156570053,68357972.0,17.714837571827672,33320708.0,0.0,0.0,0.0,0.0,0.0,0.0,0.0,0.0,0.0,0.0,0.0,0.0,0.0,0.0,0.0,0.0,8.04902745660744,11942134.0,7.788752131532167,10607382.0,7.717663205419295,21047920.0,7.712818924770609,10440538.0,46979.398,0.003643805742193492,0.007527634986669065,45644.646,0.0036287373845777025,0.007471368758738237,89405.892,0.0035939126303781905,0.0074269039419312625,43761.246,0.003591615672047942,0.0074173693146946254,5253,0.030608206270479776,0.00824360076331676,0.03080773277118387,0.028411432602861386,0.05444507900247478,0.06445176607902314,0.017585368104802823,0.07705516516049937,-0.9030872213390218,0.11364934323243861,0.06445176607902314,0.018249717372030072,0.07705516516049937,0.06850134605811675,0.11364934323243861,0.9993237587820271,0.48946713713230444,0.4894671371323044
yelp,query3,2,inf,25.80413123199264,9.496407927013934,47200604.0,44253703.0,0.0,0.0,5365.0,25.58400763239941,9.321560045704246,45966330.0,43085795.0,134.0,0.0,5365.0,25.427348079852575,9.015411466360092,44064895.0,84798784.0,461.0,0.0,5365.0,25.41152608152412,9.015411466360092,44064895.0,41712989.0,461.0,0.0,5365.0,18.11179663158781,33449943.0,18.119413941435447,33449943.0,17.98027206478537,65527080.0,17.968882610850848,32077137.0,0.0,0.0,0.0,0.0,0.0,0.0,0.0,0.0,0.0,0.0,0.0,0.0,0.0,0.0,0.0,0.0,7.692334600404825,10803760.0,7.46459369096396,9635852.0,7.4470760150672035,19271704.0,7.442643470673268,9635852.0,44253.703,0.0035682542182336983,0.00729603438368143,43085.795,0.003556168787092434,0.007246967592232197,84798.784,0.0035372176953849936,0.007221093296954893,41712.989,0.0035352717275196712,0.0072123962760253435,5365,0.018412001954160706,0.008530556507181042,0.02614953825590871,0.026391192619519277,0.024976700838769805,0.05065035794066686,0.014601660050190701,0.06643366258618211,-0.9161963463260916,0.0859273066169618,0.05065035794066686,0.015214817617334009,0.06643366258618211,0.05741246105438902,0.0859273066169618,0.999377756646947,0.49190550892805257,0.49190550892805257
yelp,query3,4,1,51.43482956250548,19.294046074151993,100192681.0,95325979.0,0.0,0.0,10228.0,51.033406302188155,18.809434985741973,97488777.0,92990163.0,450.0,0.0,10228.0,49.711582352450016,17.184343008324504,87743282.0,177919488.0,1770.0,0.0,10228.0,49.68515502683734,17.184343008324504,87743282.0,84929325.0,1770.0,0.0,10228.0,34.81258187755067,69744264.0,34.86664043611508,69744264.0,34.07893310893166,131928222.0,34.06274433364114,62183958.0,0.0,0.0,0.0,0.0,0.0,0.0,0.0,0.0,0.0,0.0,0.0,0.0,0.0,0.0,0.0,0.0,16.622247684954804,25581715.0,16.166765866073074,23245899.0,15.63264924351835,45991266.0,15.622410693196194,22745367.0,95325.979,0.003345710444526696,0.008591572372225992,92990.163,0.0033477814348739014,0.00840828688567549,177919.488,0.003295189130795854,0.008260012402683415,84929.325,0.003294316729515887,0.008250124291263584,10228,0.025117131292603623,0.007804502585733286,0.02698704109933936,0.024503456712466565,0.043996871333594055,0.10934477183890601,0.03350350773421562,0.12425457504226278,-0.8664323185183338,0.17305436057880327,0.10934477183890601,0.03401730987641105,0.12425457504226278,0.10906422476919964,0.17305436057880327,0.9994683869560759,0.47734695032395774,0.47734695032395774
yelp,query3,4,1/16,52.20666663673958,19.535237251780927,97398687.0,91638784.0,0.0,0.0,10641.0,51.86983236998336,19.003905202262104,94804527.0,89469812.0,533.0,0.0,10641.0,50.949866382068016,17.766445759683847,86851601.0,172553098.0,1656.0,0.0,10641.0,50.79665438169974,17.649125386029482,86707877.0,82998268.0,1680.0,32.0,10641.0,35.66251775043358,65884769.0,35.74863088692468,65884769.0,35.0912315597038,125549856.0,35.09400369113399,59913757.0,0.0,0.0,0.0,0.0,0.0,0.0,0.0,0.0,0.0,0.0,0.0,0.0,0.0,0.0,0.0,0.0,16.544148886305994,25754015.0,16.121201483058673,23585043.0,15.858634822364213,47003242.0,15.702650690565738,23084511.0,91638.784,0.003317751158652672,0.008549545802542524,89469.812,0.003322312988996552,0.008367103117878999,150025.161,0.003284732997747851,0.008282123900515697,65119.372,0.0032816827403930144,0.008234019408226134,10641,0.027198648404967996,0.006451939732140977,0.026634445287748054,0.02366871214703159,0.05008927732355981,0.09054364015649863,0.024073558716485977,0.10828776367385728,-0.8829701843271949,0.1556244713842684,0.09654921726530341,0.02700827970594022,0.10976338931550489,0.09428885481500937,0.15787989850577952,0.9969928871016195,0.4810013205326513,0.4340563380565211
yelp,query3,4,1/4,53.30076796082338,19.684206269681454,101410872.0,95814958.0,0.0,0.0,10854.0,52.69632943097631,18.931085449643433,97310687.0,92144390.0,708.0,0.0,10854.0,51.484920351178395,17.433670807629824,87538387.0,176159280.0,2001.0,0.0,10854.0,51.45854492573033,17.433670807629824,87538387.0,84014890.0,2001.0,0.0,10854.0,36.540677300789845,68144115.0,36.651995914899786,68144115.0,35.83426434574,128492418.0,35.81857700875347,60348303.0,0.0,0.0,0.0,0.0,0.0,0.0,0.0,0.0,0.0,0.0,0.0,0.0,0.0,0.0,0.0,0.0,16.76009066003353,27670843.0,16.044333516076524,24000275.0,15.650656005438385,47666862.0,15.639967916976849,23666587.0,95814.958,0.003342620327865654,0.008640636467171779,92144.39,0.0033460247286591764,0.008363034631977254,176159.28,0.0033026464911170782,0.008262132427479177,84014.89,0.003301754129331531,0.008251974723263623,10854,0.03826015688516804,0.01134014673655992,0.040431414493704354,0.038308924583570714,0.0652294085129906,0.11433204017568188,0.034067944592836796,0.13679484976719258,-0.8385363170539615,0.1843559977888336,0.11433204017568188,0.03456278597049678,0.13679484976719258,0.12315475836246781,0.1843559977888336,0.9994877058123396,0.476925711776297,0.476925711776297
yelp,query3,4,inf,51.75419764481113,19.16740029025823,99459179.0,94033414.0,0.0,0.0,10502.0,51.31050073910768,18.595443638972938,96377675.0,91363910.0,543.0,0.0,10502.0,49.93226293102469,16.94623272214085,86540523.0,174590740.0,1857.0,0.0,10502.0,49.90651251848202,16.94623272214085,86540523.0,83226830.0,1857.0,0.0,10502.0,35.58793492389555,68102821.0,35.66478866834265,68102821.0,34.89020517370668,128902782.0,34.874662631208544,60799961.0,0.0,0.0,0.0,0.0,0.0,0.0,0.0,0.0,0.0,0.0,0.0,0.0,0.0,0.0,0.0,0.0,16.166262720915572,25930593.0,15.645712070765022,23261089.0,15.042057757318,45687958.0,15.031849887273463,22426869.0,94033.414,0.003309295551880444,0.008489613242351503,91363.91,0.0033076025240599315,0.00831589686692456,174590.74,0.0032570220207899423,0.008177765419827947,83226.83,0.0032562873844563366,0.008168027211881519,10502,0.02984007442970693,0.008573157847959312,0.03098260040935985,0.02838888737996903,0.05170443725004761,0.115882568031215,0.035203612396628614,0.12988902713544415,-0.8566883044361231,0.17682346219767664,0.115882568031215,0.03570116455113004,0.12988902713544415,0.11492280818390788,0.17682346219767664,0.999484293099669,0.47669670224205474,0.4766967022420548
yelp,query3,8,1,101.83716301063019,37.89237704873085,197415621.0,187150846.0,0.0,0.0,20640.0,100.64164585790596,36.76756840199232,190255760.0,180310242.0,948.0,0.0,20640.0,95.87010113817118,31.63089908659458,157574087.0,332132872.0,4813.0,0.0,20640.0,95.83526673232171,31.63089908659458,157574087.0,151822630.0,4813.0,0.0,20640.0,69.82767545631535,133997180.0,69.96606934460189,133997180.0,67.15552320096015,241342032.0,67.14024107825627,107344852.0,0.0,0.0,0.0,0.0,0.0,0.0,0.0,0.0,0.0,0.0,0.0,0.0,0.0,0.0,0.0,0.0,32.009487554314845,53153666.0,30.675576513304065,46313062.0,28.714577937211033,90790840.0,28.695025654065436,44477778.0,187150.846,0.0031618176631461317,0.00945459437699238,180310.242,0.003166930016103523,0.009007013227607346,332132.872,0.0030990756092111925,0.008826201935244795,151822.63,0.0031001801700886954,0.008815135137424544,20640,0.029684298910358398,0.01173949781573791,0.03626795571562191,0.03655128548016284,0.045930232558139536,0.16524373633471978,0.058594148698311144,0.20181550881426957,-0.7746800460629497,0.23318798449612402,0.16524373633471978,0.05893620855956072,0.20181550881426957,0.18876866845688745,0.23318798449612402,0.9996366499520088,0.45711413352665675,0.4571141335266568
yelp,query3,8,1/16,104.00260228360492,38.70155664533377,199464825.0,187938372.0,0.0,0.0,21066.0,103.12524278178208,37.60188030451536,193464890.0,182766208.0,1034.0,0.0,21066.0,100.458825377933,34.02647057082504,171941377.0,348549436.0,4161.0,0.0,21066.0,100.24744318470952,33.893891053274274,171618813.0,165545816.0,4201.0,69.0,21066.0,71.40834651109252,137093411.0,71.53955389393637,137093411.0,69.75566015990594,257704374.0,69.77865352853925,121207771.0,0.0,0.0,0.0,0.0,0.0,0.0,0.0,0.0,0.0,0.0,0.0,0.0,0.0,0.0,0.0,0.0,32.59425577251239,50844961.0,31.585688887845702,45672797.0,30.703165218027042,90845062.0,30.46878965617027,44338045.0,187938.372,0.0032040166075173256,0.009304665725940785,182766.208,0.0032103336972047402,0.009030966649662752,269621.233,0.0031556567890371435,0.008963741985157096,97702.478,0.003154320375284435,0.008920522194340691,21066,0.028414266405250466,0.008435937972305352,0.03008016576356254,0.027520532102938478,0.04908383176682806,0.12079839881769716,0.034073925342833156,0.13798647455760682,-0.854594313501875,0.19752207348333808,0.12422408835173171,0.03610639557513606,0.13960362184159536,0.11914839828451851,0.1994208677489794,0.9978958325221479,0.4749564879513964,0.36236937615369486
yelp,query3,8,1/4,103.94770880463092,38.68232526257634,196668670.0,185834667.0,0.0,0.0,21113.0,103.09903321275519,37.59351271297783,190791423.0,180662503.0,1033.0,0.0,21113.0,97.62640229550847,32.17862789705396,155212545.0,329355412.0,4905.0,0.0,21113.0,97.59149291259938,32.17862789705396,155212545.0,148692909.0,4905.0,0.0,21113.0,71.22075784359926,135246779.0,71.38064913639023,135246779.0,68.4633634820056,242861908.0,68.44720161786351,107615129.0,0.0,0.0,0.0,0.0,0.0,0.0,0.0,0.0,0.0,0.0,0.0,0.0,0.0,0.0,0.0,0.0,32.72695096103165,50587888.0,31.71838407636496,45415724.0,29.163038813502858,86493504.0,29.14429129473586,41077780.0,185834.667,0.003166227997077578,0.009241985007172398,180662.503,0.003173719418903502,0.008970624570772362,329355.412,0.00310697984715955,0.008735221462769118,148692.909,0.00310780914503125,0.008725246166117294,21113,0.02814754651401219,0.00816444731331989,0.02988400236804367,0.027832072903814065,0.048927201250414436,0.1681309828552231,0.06081236981378113,0.2107917087149671,-0.7723033991284307,0.2323213186188604,0.1681309828552231,0.06114820581546454,0.2107917087149671,0.19986452796775533,0.2323213186188604,0.9996424186276636,0.4514664207187827,0.4514664207187827
yelp,query3,8,inf,103.30294755827524,38.69721008837223,200233651.0,190729480.0,0.0,0.0,20629.0,102.30112356144174,37.63625131454319,193926255.0,184889940.0,941.0,0.0,20629.0,97.02312032953456,32.36383678764105,158541613.0,337925642.0,4777.0,0.0,20629.0,96.98580278527677,32.36383678764105,158541613.0,153035702.0,4777.0,0.0,20629.0,69.88002020744118,137328572.0,70.01690075781201,137328572.0,67.04892960581749,246139786.0,67.03150301541616,108811214.0,0.0,0.0,0.0,0.0,0.0,0.0,0.0,0.0,0.0,0.0,0.0,0.0,0.0,0.0,0.0,0.0,33.42292735083405,53400908.0,32.284222803629724,47561368.0,29.974190723717065,91785856.0,29.954299769860594,44224488.0,190729.48,0.0031990650107915934,0.009435774793831578,184889.94,0.003204265054918816,0.009065571228970094,337925.642,0.003133740136704891,0.008865466818178671,153035.702,0.00313464251312366,0.008855187981682798,20629,0.02741693190300143,0.009697922668357006,0.031500179757497415,0.03061687160264892,0.045615395802026275,0.16366485558694677,0.060790397342709857,0.20821693951932185,-0.771753595721018,0.23156721120752338,0.16366485558694677,0.06115164109363713,0.20821693951932185,0.197629532676333,0.23156721120752338,0.9996153747258278,0.4528679773877592,0.45286797738775914
yelp,query3,16,inf,206.91965137690377,76.35406383499503,396927792.0,375634249.0,0.0,0.0,42147.0,204.7725001625964,74.134537528269,383542311.0,363287793.0,1948.0,0.0,42147.0,187.7480708987855,58.796257122419775,278386138.0,627971456.0,11946.0,0.0,42147.0,187.70567493750792,58.796257122419775,278386138.0,264683663.0,11946.0,0.0,42147.0,143.16375589285104,275969499.0,143.42415143549,275969499.0,134.4131109355738,465347636.0,134.4038698446871,189378137.0,0.0,0.0,0.0,0.0,0.0,0.0,0.0,0.0,0.0,0.0,0.0,0.0,0.0,0.0,0.0,0.0,63.75589548405271,99664750.0,61.34834872710642,87318294.0,53.334959963211794,162623820.0,53.30180509282091,75305526.0,375634.249,0.0031047606210056183,0.009370472564345173,363287.793,0.003117319827687574,0.009240378939274787,627971.456,0.0030364614570291197,0.008881943371161792,264683.663,0.003040820941938885,0.008869598149720596,42147,0.02906886936001918,0.010376738990325984,0.03372271045208142,0.03286829151726256,0.04621918523263815,0.22995248491970988,0.09265229450438839,0.29864790621665516,-0.67176304522754,0.2834365435262296,0.22995248491970988,0.09285718544150079,0.29864790621665516,0.2953686632551975,0.2834365435262296,0.9997741869672768,0.4214899586136603,0.4214899586136603
yelp,query3,50,inf,648.0359113510198,240.6011212617159,1240337400.0,1173617800.0,0.0,0.0,131400.0,642.3391311943138,234.04066376388073,1202950800.0,1140249000.0,6000.0,0.0,131400.0,545.4274085546343,153.57860829681158,699096000.0,1787346400.0,48200.0,0.0,131400.0,545.4303303577251,153.57860829681158,699096000.0,647097400.0,48200.0,0.0,131400.0,444.9841341386101,853880600.0,445.7942371087858,853880600.0,405.2948624881995,1314716000.0,405.3799858821571,460835400.0,0.0,0.0,0.0,0.0,0.0,0.0,0.0,0.0,0.0,0.0,0.0,0.0,0.0,0.0,0.0,0.0,203.0517772124113,319737200.0,196.54489408552945,286368400.0,140.13254606643432,472630400.0,140.0503444755674,186262000.0,1173617.8,0.003061089937372082,0.009789390426857345,1140249.0,0.0030821894626775663,0.009808318811739129,1787346.4,0.003012657165294101,0.008850790461885015,647097.4,0.0030189417300276063,0.0088414501224554,131400,0.027266944823166384,0.008790840224933372,0.030142282253199815,0.028432424934250355,0.045662100456621,0.36168789450588157,0.1583376800561378,0.43636626614661467,-0.5229373651285794,0.3668188736681887,0.36168789450588157,0.15833317135061764,0.43636626614661467,0.4486302099371704,0.3668188736681887,1.000005356905511,0.362043641903998,0.36204364190399807
yelp,query4,1,inf,40.7315568945226,14.130321034230292,186200653.0,195336350.0,0.0,0.0,5336.0,39.74722485707272,13.04967839922756,168543321.0,179336814.0,1097.0,0.0,5336.0,39.83018862662717,13.04967839922756,168543321.0,358673628.0,1097.0,0.0,5336.0,39.74722485707272,13.04967839922756,168543321.0,179336814.0,1097.0,0.0,5336.0,17.19566532340331,41448711.0,17.196781752571898,41001652.0,17.215749701940506,82003304.0,17.196781752571898,41001652.0,0.0,0.0,0.0,0.0,0.0,0.0,0.0,0.0,0.0,0.0,0.0,0.0,0.0,0.0,0.0,0.0,23.535891571119283,153887639.0,22.550443104500822,138335162.0,22.614438924686656,276670324.0,22.550443104500822,138335162.0,195336.35,0.005556818237727224,0.016720837122075487,179336.814,0.00553139534340977,0.0163726491112989,358673.628,0.005539979516303087,0.016413547478279087,179336.814,0.00553139534340977,0.0163726491112989,5336,0.07647686364555395,0.02416632489641568,0.09482959224638166,0.08190762241641147,0.20558470764617692,0.07647686364555395,0.022129482313420712,0.09482959224638166,-0.836184755167177,0.20558470764617692,0.07647686364555395,0.02416632489641568,0.09482959224638166,0.08190762241641147,0.20558470764617692,0.9979170631017553,0.5,0.5
yelp,query4,2,1,80.5124688748537,27.41580068040639,370715395.0,389052295.0,0.0,0.0,10733.0,78.20659427545117,25.183826906606555,329857779.0,351028495.0,2219.0,0.0,10733.0,73.71700702391118,22.8764819316566,310289628.0,679927063.0,2957.0,0.0,10733.0,73.56389224998196,22.8764819316566,310289628.0,328898568.0,2957.0,0.0,10733.0,35.27960963037628,88726977.0,35.19339357394017,86646066.0,35.14616089830668,172618892.0,35.1132667336644,85972826.0,0.0,0.0,0.0,0.0,0.0,0.0,0.0,0.0,0.0,0.0,0.0,0.0,0.0,0.0,0.0,0.0,45.23285924447741,300325318.0,43.013200701510996,264382429.0,38.5708461256045,507308171.0,38.450625516317544,242925742.0,389052.295,0.004717001783458465,0.01947761860502133,351028.495,0.00465084857753733,0.018570105492113926,679927.063,0.0042066818828953145,0.01763088769951571,328898.568,0.004202222522065114,0.01758831655526071,10733,0.08141194925578044,0.028639968834972773,0.11021289256142164,0.09773441896802071,0.20674555110407156,0.1655730869094758,0.08440260180699699,0.16299772767731968,-0.7476495364202902,0.27550545047982855,0.1655730869094758,0.08630435412025939,0.16299772767731968,0.15461604461168899,0.27550545047982855,0.9979229382728526,0.48372624932565744,0.4837262493256575
yelp,query4,2,1/16,80.01660628522886,27.742655345238745,348571736.0,366401578.0,0.0,0.0,10752.0,79.62443123120931,25.905217717401683,340582337.0,362654811.0,2165.0,122.0,10752.0,74.27603891542142,23.43693088181317,309909270.0,489254146.0,2883.0,112.0,10752.0,75.13683930470366,23.61131055187434,325628480.0,345181171.0,2873.0,122.0,10752.0,35.19427169888056,88560822.0,35.076099264018175,85982561.0,35.05817951308546,171499736.0,35.02517751405296,85517175.0,0.0,0.0,0.0,0.0,0.0,0.0,0.0,0.0,0.0,0.0,0.0,0.0,0.0,0.0,0.0,0.0,44.82233458634829,277840756.0,44.54833196719113,276672250.0,39.217859402335954,317754410.0,40.11166179065068,259663996.0,366401.578,0.004555912221304748,0.01890100992705084,362654.811,0.00454137010618113,0.01883444037645117,489254.146,0.004134700380325922,0.01757645550050275,345181.171,0.004145263466232759,0.017943394389822398,10752,0.06623149820993635,0.004901170797241616,0.02292038675218344,0.010225848426886452,0.20135788690476192,0.15520231967141296,0.07174219997964537,0.11091681283074539,-0.33529486600628133,0.2681361607142857,0.14891670396912582,0.06098442819645067,0.06582075834169188,0.05791570853987971,0.26720610119047616,1.0115892069885746,0.7055252854208822,0.7055252854208822
yelp,query4,2,1/4,78.88895639959253,26.896025967784226,357848974.0,376464461.0,0.0,0.0,10383.0,77.09402246689349,24.895228411071002,327010774.0,348525786.0,2034.0,0.0,10383.0,72.53266702104351,22.602865513414145,305948078.0,673333276.0,2765.0,0.0,10383.0,72.38062205210872,22.602865513414145,305948078.0,324807490.0,2765.0,0.0,10383.0,33.87475437957912,83879987.0,33.8034205191426,82208331.0,33.77146928457646,163940810.0,33.74056523383081,81732479.0,0.0,0.0,0.0,0.0,0.0,0.0,0.0,0.0,0.0,0.0,0.0,0.0,0.0,0.0,0.0,0.0,45.0142020200134,292584474.0,43.290601947750886,266317455.0,38.76119773646705,509392466.0,38.64005681827791,243075011.0,376464.461,0.004576917272323691,0.01928824085619481,348525.786,0.004563202822158503,0.018741017318119346,673333.276,0.004149874170075333,0.017707946508438648,324807.49,0.004145483851580679,0.017667296806676946,10383,0.07439008123764301,0.022752664182895788,0.08617657794374445,0.07421331332521186,0.1958971395550419,0.15962062423320023,0.08057261331171384,0.14503575466448038,-0.7885706242003014,0.26630068381007416,0.15962062423320023,0.08249994225449564,0.14503575466448038,0.1372160624744868,0.26630068381007416,0.9979037725320279,0.4823874024607095,0.48238740246070955
yelp,query4,2,inf,79.6338699900225,27.557140856981277,339061420.0,355816043.0,0.0,0.0,10811.0,78.42912790605766,25.588166461326182,315727922.0,336206289.0,2161.0,0.0,10811.0,73.27843835919272,23.061773965135217,289167224.0,642776658.0,2930.0,0.0,10811.0,73.13257019230707,23.061773965135217,289167224.0,306570369.0,2930.0,0.0,10811.0,35.699132947159256,89404818.0,35.57282673661249,87003464.0,35.538228883991174,173490059.0,35.50535791887551,86486595.0,0.0,0.0,0.0,0.0,0.0,0.0,0.0,0.0,0.0,0.0,0.0,0.0,0.0,0.0,0.0,0.0,43.93473704286325,266411225.0,42.85630116944516,249202825.0,37.74020947520154,469286599.0,37.62721227343156,220083774.0,355816.043,0.004650606627838635,0.01872370279248053,336206.289,0.004626727500480123,0.01811350583887249,642776.658,0.004126923840523667,0.017003803554875383,306570.369,0.00412270604152492,0.01696712844239783,10811,0.07145060533942438,0.015128513584933057,0.06881790915640007,0.05511205687822229,0.199889001942466,0.16312892963666126,0.0798081473577269,0.14715385784675827,-0.8064858812451017,0.27102025714549993,0.16312892963666126,0.08163988260937205,0.14715385784675827,0.13840206187667603,0.27102025714549993,0.9980093985331587,0.4769469537893518,0.4769469537893518
yelp,query4,4,1,161.2983553952312,55.16052306164056,728518555.0,766181200.0,0.0,0.0,21505.0,157.73756437658645,50.98290647007525,663018817.0,706736433.0,4360.0,0.0,21505.0,138.04266099437257,40.88607127778232,573024659.0,1312674411.0,7379.0,0.0,21505.0,137.75366083616743,40.88607127778232,573024659.0,605937978.0,7379.0,0.0,21505.0,70.85672917937944,180908723.0,70.65486637490932,176141334.0,70.34539809250573,349055005.0,70.29264562756505,172913671.0,0.0,0.0,0.0,0.0,0.0,0.0,0.0,0.0,0.0,0.0,0.0,0.0,0.0,0.0,0.0,0.0,90.44162621585174,585272477.0,87.08269800167713,530595099.0,67.69726290186682,963619406.0,67.46101520860239,433024307.0,766181.2,0.004168045529426956,0.021161692547082844,706736.433,0.004156630365439199,0.020031809130164,1312674.411,0.0036922869596552705,0.016121336413590984,605937.978,0.003690217076231185,0.016087920791245814,21505,0.0757356232263593,0.02207580486434413,0.08990812595020314,0.07758578127471671,0.2027435480120902,0.25878021076607416,0.14417812471723557,0.21343848407539878,-0.7132688860024234,0.3431295047663334,0.25878021076607416,0.1459698364646802,0.21343848407539878,0.20914533272285984,0.3431295047663334,0.9979064431522591,0.4616056905827808,0.4616056905827807
yelp,query4,4,1/16,162.89282388069856,55.915278161875904,727120279.0,763589731.0,0.0,0.0,21935.0,162.01802893013598,51.95745235867798,709861862.0,755522868.0,4647.0,261.0,21935.0,141.7589874542879,41.80844373255968,596824397.0,955198075.0,7766.0,225.0,21935.0,144.98277044286138,42.43614655267447,653413553.0,691484338.0,7730.0,261.0,21935.0,72.15559042576785,181296327.0,71.92013491990534,175955978.0,71.4942769843507,347726900.0,71.4431437015359,171770922.0,0.0,0.0,0.0,0.0,0.0,0.0,0.0,0.0,0.0,0.0,0.0,0.0,0.0,0.0,0.0,0.0,90.73723345493069,582293404.0,90.09789401023066,579566890.0,70.26471046993719,607471175.0,73.53962674132549,519713416.0,763589.731,0.004131816256122613,0.020905109337467642,755522.868,0.004137252782996821,0.02081010056719708,954718.482,0.0036713047527337805,0.016628596849284846,691004.745,0.003670083295218317,0.0177691220698937,21935,0.07078254697651565,0.005370371325892576,0.023735298682269312,0.010564394297754132,0.21185320264417598,0.25228944383459273,0.12974074561988636,0.17919439983051277,-0.25093101206202584,0.35404604513334853,0.24106348125782473,0.10994992296870221,0.10136799664199714,0.09442949541184964,0.3524048324595396,1.0227412952537702,0.7239172231372012,0.7237785357966916
yelp,query4,4,1/4,156.8027579399998,54.76222839951515,662034177.0,695759998.0,0.0,0.0,21124.0,153.94311023982604,50.9145671017468,608435691.0,648516276.0,4106.0,0.0,21124.0,135.42471276922916,41.06217929627746,528180575.0,1207341619.0,7212.0,0.0,21124.0,135.16395428575632,41.0614360710606,528179084.0,558825343.0,7213.0,0.0,21124.0,69.24528874317788,174453774.0,69.03691806013029,170036301.0,68.65696032217011,336065606.0,68.60871740572443,166029305.0,0.0,0.0,0.0,0.0,0.0,0.0,0.0,0.0,0.0,0.0,0.0,0.0,0.0,0.0,0.0,0.0,87.55746919682191,521306224.0,84.90619217969574,478479975.0,66.76775244705907,871276013.0,66.55523688003188,392796038.0,695759.998,0.004221722883434915,0.020297024692112524,648516.276,0.0042159064726096105,0.019596857563548346,1195510.812,0.0037206132477623417,0.01629537609606263,547233.882,0.0037184459631616415,0.01626377594704027,21124,0.07026122585257,0.01823722833540975,0.08096030063414683,0.0679023257097342,0.19437606513917818,0.2501733312108786,0.13633717577181192,0.2021853352141969,-0.7352846131863993,0.3414126112478697,0.25018690306941305,0.13800014705432362,0.2021875873637865,0.19681306110386643,0.3414599507669002,0.9980745132986386,0.46285602534173886,0.45774063814991245
yelp,query4,4,inf,163.13109819657976,55.57097838725895,749343248.0,786141506.0,0.0,0.0,21790.0,159.27781100609107,51.152948695234954,680045311.0,723438907.0,4556.0,0.0,21790.0,139.5472235821228,40.969527586363256,571966175.0,1328704081.0,7657.0,0.0,21790.0,139.2515272896929,40.969527586363256,571966175.0,605265174.0,7657.0,0.0,21790.0,71.44796688926344,176359938.0,71.26014104443371,172165899.0,70.97371621100129,341584778.0,70.92403461371462,169418879.0,0.0,0.0,0.0,0.0,0.0,0.0,0.0,0.0,0.0,0.0,0.0,0.0,0.0,0.0,0.0,0.0,91.68313130731629,609781568.0,88.01766996165738,551273008.0,68.57350737112152,987119303.0,68.32749267597826,435846295.0,786141.506,0.004163699626719528,0.021187714694283846,723438.907,0.004153250084318298,0.020193482366862307,1328704.081,0.00369278842254137,0.016222947774745637,605265.174,0.003690617498103437,0.016190598504304453,21790,0.07950246370031411,0.02362080089625407,0.09247822968306774,0.07975993955469896,0.2090867370353373,0.2627531712532065,0.14457007201678618,0.23671004372618298,-0.6901589228644545,0.3513997246443323,0.2627531712532065,0.14638270183230784,0.23671004372618298,0.2300811375808467,0.3513997246443323,0.9978810306300656,0.45553045456477376,0.45553045456477376
yelp,query4,8,1,316.86823756572255,109.20612516254187,1392378973.0,1463513222.0,0.0,0.0,42576.0,310.35213637827644,101.1597465518862,1275959813.0,1359119817.0,8412.0,0.0,42576.0,255.3955499961132,71.38595997635275,991061580.0,2408198448.0,17566.0,0.0,42576.0,254.88185958328688,71.38595997635275,991061580.0,1049078631.0,17566.0,0.0,42576.0,140.0754290068944,354090297.0,139.74865093790024,345446681.0,138.400058784966,677696462.0,138.32897570521482,332249781.0,0.0,0.0,0.0,0.0,0.0,0.0,0.0,0.0,0.0,0.0,0.0,0.0,0.0,0.0,0.0,0.0,176.7928085588281,1109422925.0,170.60348544037623,1013673136.0,116.99549121114718,1730501986.0,116.55288387807205,716828850.0,1463513.222,0.0041337611761707305,0.02012791171626368,1359119.817,0.004132085912119072,0.019038879527367592,2408198.448,0.003440373871865248,0.013129740261987953,1049078.631,0.0034409178412596153,0.013111134528910684,42576,0.07368065297326021,0.020564071796860373,0.08361169068013496,0.07133068798472397,0.197576099210823,0.34631908356694974,0.19400078733627923,0.2882242555956782,-0.6454914187307561,0.41257985719654267,0.34631908356694974,0.1956219356620712,0.2882242555956782,0.28317789328452003,0.41257985719654267,0.9979886477550837,0.43562798234973366,0.4356279823497337
yelp,query4,8,1/16,319.5552120808337,109.11046617291868,1450739228.0,1525100021.0,0.0,0.0,42521.0,318.46150960934943,101.94984868261963,1421729297.0,1513534252.0,8565.0,527.0,42521.0,265.45991506243274,73.02327722962946,1169575554.0,1878337570.0,17554.0,465.0,42521.0,271.0181043957956,74.10277114529163,1267029801.0,1340141965.0,17494.0,527.0,42521.0,139.89857718196612,353768864.0,139.68777203887714,345968281.0,138.26949492354726,677687284.0,138.19675446861586,331719003.0,0.0,0.0,0.0,0.0,0.0,0.0,0.0,0.0,0.0,0.0,0.0,0.0,0.0,0.0,0.0,0.0,179.6566348988676,1171331157.0,178.7737375704723,1167565971.0,127.19042013888544,1200650286.0,132.82134992717974,1008422962.0,1525100.021,0.004159409527929449,0.020334501316381558,1513534.252,0.0041665939574810785,0.020185646392714172,1872434.922,0.003418104877175742,0.014152902723103296,1334597.574,0.003418914119681749,0.01500249473278591,42521,0.06562722845442592,0.0034225774768700257,0.01999665442285814,0.00758361342911551,0.2014298817055102,0.3307399391557736,0.16928310030104343,0.19380717676436887,-0.23161598854898968,0.4128313068836575,0.32084635191775945,0.15188958230091487,0.1266315981909879,0.12127601695180878,0.4114202394111145,1.0209379609424483,0.71347237387154,0.7127604587584166
yelp,query4,8,1/4,325.6907539877049,111.42492081224918,1482952762.0,1559208277.0,0.0,0.0,43212.0,317.53327320149583,102.79871264100075,1342089820.0,1429681548.0,8724.0,0.0,43212.0,260.7360113083436,72.85520034935325,1027436748.0,2517308599.0,17917.0,0.0,43212.0,260.18988352773033,72.85263682436198,1027428209.0,1087627051.0,17920.0,0.0,43212.0,142.293910883806,362054819.0,141.8380046867593,352369639.0,140.30944620909895,689293990.0,140.23535339703926,336924351.0,0.0,0.0,0.0,0.0,0.0,0.0,0.0,0.0,0.0,0.0,0.0,0.0,0.0,0.0,0.0,0.0,183.39684310389887,1197153458.0,175.6952685147365,1077311909.0,120.42656509924467,1828014609.0,119.95453013069105,750702700.0,1559208.277,0.004126917086338573,0.02104636547140026,1429681.548,0.004120061373024891,0.019882769349433425,2411354.628,0.0034051632699705734,0.013404396686409536,990977.232,0.003405130488769048,0.013382750588359254,43212,0.0774172250549191,0.025046706688262366,0.09498815175341369,0.0830721148102268,0.20188836434323798,0.34614985751603855,0.1994368642157197,0.30716825624685673,-0.6144787300920671,0.4146301953161159,0.34617286426329563,0.2011136934591864,0.30717401435339853,0.3024491550977061,0.4146996204757938,0.997905437849291,0.43205948266813987,0.41096287559409117
yelp,query4,8,inf,327.750615394197,112.39736270625144,1509672805.0,1586531581.0,0.0,0.0,43102.0,319.83301742635535,103.90149337612092,1366198362.0,1455036283.0,8691.0,0.0,43102.0,261.87157830311867,73.59942748956382,1032769873.0,2548642031.0,17820.0,0.0,43102.0,261.3132013360161,73.59942748956382,1032769873.0,1093605748.0,17820.0,0.0,43102.0,141.36037986240655,356692434.0,140.93278518964044,347929110.0,139.53013031387587,681988333.0,139.45723266317964,334059223.0,0.0,0.0,0.0,0.0,0.0,0.0,0.0,0.0,0.0,0.0,0.0,0.0,0.0,0.0,0.0,0.0,186.3902355317904,1229839147.0,178.90023223671488,1107107173.0,122.34144798924278,1866653698.0,121.85596867283647,759546525.0,1586531.581,0.004146748491825485,0.021125855689898075,1455036.283,0.004148748562696196,0.019760065003234836,2548642.031,0.0034451972357490124,0.013592219780095113,1093605.748,0.003445320154905182,0.013571746454697043,43102,0.07558779962065765,0.024157385511904717,0.09503678050291164,0.0828822442457261,0.2016379750359612,0.3451854588268708,0.20100354964045852,0.31589820683032044,-0.6064237620744846,0.41343789151315485,0.3451854588268708,0.20270721377067225,0.31589820683032044,0.3106939936797892,0.41343789151315485,0.9978677450576319,0.4290935073259019,0.42909350732590185
yelp,query4,16,inf,644.5603710950047,221.087844889611,2904019970.0,3052107862.0,0.0,0.0,85817.0,629.3321181374694,203.86670806538314,2626327231.0,2799104585.0,17814.0,0.0,85817.0,477.54977482681244,123.91351951472461,1700146125.0,4600581680.0,41723.0,0.0,85817.0,476.55538441491103,123.91351951472461,1700146125.0,1801477095.0,41723.0,0.0,85817.0,282.06755533533993,711111593.0,281.2658344465563,692370305.0,275.83001012332113,1328337884.0,275.7399259144113,635967579.0,0.0,0.0,0.0,0.0,0.0,0.0,0.0,0.0,0.0,0.0,0.0,0.0,0.0,0.0,0.0,0.0,362.49281575966586,2340996269.0,348.0662836909136,2106734280.0,201.71976470349114,3272243796.0,200.81545850049957,1165509516.0,3052107.862,0.004185438446497494,0.02003325507462205,2799104.585,0.004188747533246824,0.018894763698225785,4600581.68,0.0032413256409586327,0.011840002166737204,1801477.095,0.0032432924783480596,0.011824828401191105,85817,0.07789273459527535,0.023625797738177745,0.09562356384209025,0.0828946054462868,0.20758124847058276,0.43952812251349893,0.25910776361331067,0.414554258385489,-0.507345705988683,0.4861857207779344,0.43952812251349893,0.2606505057000016,0.414554258385489,0.4097596885650301,0.4861857207779344,0.9979177240482167,0.39157593980594213,0.39157593980594213
yelp,query4,50,inf,2005.3921212121363,688.3874339982867,8949843000.0,9405407600.0,0.0,0.0,268000.0,1959.8097107406963,635.8333950862288,8128556400.0,8660857400.0,54400.0,0.0,268000.0,1315.8637081644888,294.0664507448673,3931240200.0,12823379800.0,156000.0,0.0,268000.0,1313.1340954820225,294.0664507448673,3931240200.0,4162522400.0,156000.0,0.0,268000.0,881.4177499473947,2222735000.0,878.9727744126769,2166520800.0,844.2479742890049,3948496400.0,844.2210752941513,1781975600.0,0.0,0.0,0.0,0.0,0.0,0.0,0.0,0.0,0.0,0.0,0.0,0.0,0.0,0.0,0.0,0.0,1123.9743712647498,7182672600.0,1080.8369363280265,6494336600.0,471.6157338754835,8874883400.0,468.9130201878713,2380546800.0,9405407.6,0.004181931067986363,0.019684002457914823,8660857.4,0.004206507965520946,0.01966220541184949,12823379.8,0.003120054550403845,0.01056587611828228,4162522.4,0.003122568376297247,0.010549781110865946,268000,0.07634369297942278,0.02272992398309026,0.09176547566253401,0.07916192808060762,0.20298507462686566,0.5728183923450305,0.34383720059240586,0.560747579594413,-0.3634050054353839,0.582089552238806,0.5728183923450305,0.3451983372267795,0.560747579594413,0.5574330664840086,0.582089552238806,0.9979256113946072,0.3246041577899767,0.3246041577899767
yelp,query5,1,inf,28.58426718762841,10.989239612594247,82883910.0,84249710.0,0.0,0.0,4593.0,28.22719895698455,10.033634698018432,78946257.0,82097785.0,957.0,0.0,4593.0,28.265178563980747,10.033634698018432,78946257.0,164195570.0,957.0,0.0,4593.0,28.22719895698455,10.033634698018432,78946257.0,82097785.0,957.0,0.0,4593.0,15.382521341574115,42543550.0,15.33168396790694,41148432.0,15.350719819798313,82296864.0,15.33168396790694,41148432.0,0.0,0.0,0.0,0.0,0.0,0.0,0.0,0.0,0.0,0.0,0.0,0.0,0.0,0.0,0.0,0.0,13.201745846054294,41706160.0,12.895514989077608,40949353.0,12.914458744182433,81898706.0,12.895514989077608,40949353.0,84249.71,0.005740930428433562,0.01153703085308491,82097.785,0.005740371643655059,0.011453437533637142,164195.57,0.005749392233333911,0.01147170498761799,82097.785,0.005740371643655059,0.011453437533637142,4593,0.0869582380823366,0.012491774873920836,0.047508050718167105,0.0255422244183392,0.20836054866100587,0.0869582380823366,0.011163085677626472,0.047508050718167105,-0.9489155511633216,0.20836054866100587,0.0869582380823366,0.012491774873920836,0.047508050718167105,0.0255422244183392,0.20836054866100587,0.998656311089271,0.5,0.5
yelp,query5,2,1,56.66817879341172,22.042466565966606,161235196.0,162891801.0,0.0,0.0,9172.0,56.24405974170773,20.21284429728985,154822628.0,160323547.0,1911.0,0.0,9172.0,54.40672279399896,19.058633035048842,148373854.0,313775248.0,2331.0,0.0,9172.0,54.337833867481926,19.058633035048842,148373854.0,153451701.0,2331.0,0.0,9172.0,30.53440944127298,82249302.0,30.536158327416974,80435890.0,30.484087221894466,160434868.0,30.45116250439119,79998978.0,0.0,0.0,0.0,0.0,0.0,0.0,0.0,0.0,0.0,0.0,0.0,0.0,0.0,0.0,0.0,0.0,26.13376935213873,80642499.0,25.707901414290752,79887657.0,23.92263557210449,153340380.0,23.886671363090738,73452723.0,162891.801,0.005033151189593547,0.01386934515338572,160323.547,0.005025645984685684,0.013772944584646342,313775.248,0.004481221052849168,0.013566144364723386,153451.701,0.004474287070076039,0.01354755196559368,9172,0.0830044252625376,0.0074842541393495,0.03977151489926556,0.015766625356422925,0.20835150457915394,0.13536749718948327,0.03990698214701893,0.07976758374765769,-0.9262801815298243,0.25414304404709986,0.13536749718948327,0.04112263664631344,0.07976758374765769,0.0579531931137528,0.25414304404709986,0.9987338159150319,0.4890497321828266,0.4890497321828266
yelp,query5,2,1/16,57.84981535823883,22.017794543877244,173051710.0,175827311.0,0.0,0.0,9252.0,57.17946520590684,20.012804105877876,164917038.0,171559981.0,2032.0,32.0,9252.0,55.14115570095716,18.855093424208462,157376305.0,287598495.0,2459.0,32.0,9252.0,55.08902411710963,18.855093424208462,157376305.0,163307902.0,2459.0,32.0,9252.0,30.7588133130953,82535298.0,30.691006491194784,79651748.0,30.613828980547783,158543290.0,30.58134243310136,78891542.0,0.0,0.0,0.0,0.0,0.0,0.0,0.0,0.0,0.0,0.0,0.0,0.0,0.0,0.0,0.0,0.0,27.091002045143526,93292013.0,26.48845871471205,91908233.0,24.527326720409366,129055205.0,24.50768168400827,84416360.0,175827.311,0.004997035141365552,0.014151802891476026,171559.981,0.004974736821751173,0.01401488789351656,287598.495,0.004372052803338891,0.013759815588499723,163307.902,0.0043655660413893845,0.01374275893254029,9252,0.0910622739259287,0.011587766498143526,0.04700717490743089,0.024270006608927752,0.21962818849978383,0.14364295721654252,0.04682226970834935,0.09058220227930713,-0.6356872738615675,0.2657803718115002,0.14364295721654252,0.04772342355862014,0.09058220227930713,0.0712028690468911,0.2657803718115002,0.9990545794119686,0.5678329505861983,0.5678329505861983
yelp,query5,2,1/4,56.19083353329625,21.41410742420703,167692701.0,168877554.0,0.0,0.0,9113.0,55.58132726394417,19.5399548150599,160014952.0,165131419.0,1938.0,0.0,9113.0,53.90026468546762,18.527349605225027,153489545.0,323316843.0,2345.0,0.0,9113.0,53.82898817006497,18.527349605225027,153489545.0,158185424.0,2345.0,0.0,9113.0,30.050483170025185,76701599.0,29.96961072164092,74304675.0,29.885369485291267,147802087.0,29.855281155348372,73497412.0,0.0,0.0,0.0,0.0,0.0,0.0,0.0,0.0,0.0,0.0,0.0,0.0,0.0,0.0,0.0,0.0,26.14035036327106,92175955.0,25.611716542303245,90826744.0,24.014895200176348,175514756.0,23.973707014716588,84688012.0,168877.554,0.004913106736523979,0.013984283949278241,165131.419,0.004896138611730643,0.013843034312909858,323316.843,0.004319890610412178,0.013648218364564814,158185.424,0.0043134461444799856,0.013628082011585965,9113,0.08751952962692922,0.010847076489636231,0.04578463435924973,0.02218255127025348,0.2126632283550971,0.13480635740711489,0.04076410161225563,0.08469752061540237,-0.9145045350431829,0.2573247009766268,0.13480635740711489,0.04203257390427839,0.08469752061540237,0.06331291368656367,0.2573247009766268,0.9986776221634794,0.48925822277684433,0.48925822277684433
yelp,query5,2,inf,58.55791156897188,22.280553786084056,174423230.0,176764839.0,0.0,0.0,9518.0,57.80833202022477,20.098459185101092,165705907.0,172033857.0,2174.0,0.0,9518.0,56.11024886200305,19.03944832459092,159311968.0,337298935.0,2597.0,0.0,9518.0,56.03598028634521,19.03944832459092,159311968.0,165265078.0,2597.0,0.0,9518.0,31.68370261970187,85020336.0,31.6076012143925,81673134.0,31.545218426781403,162752755.0,31.51187217210005,81079621.0,0.0,0.0,0.0,0.0,0.0,0.0,0.0,0.0,0.0,0.0,0.0,0.0,0.0,0.0,0.0,0.0,26.87420894927001,91744503.0,26.200730805832265,90360723.0,24.565030435221644,174546180.0,24.524108114245152,84185457.0,176764.839,0.004993903629744375,0.014169572094764507,172033.857,0.00498096268446056,0.013979278492645504,337298.935,0.0044491811603703585,0.013780095349523964,165265.078,0.0044422016016140015,0.013759391796449107,9518,0.09793717974576788,0.012800653723181843,0.04997799318359142,0.026764270692996806,0.22840932969111158,0.1454679041019823,0.04179900958533811,0.08663560467261155,-0.908178894106876,0.2728514393780206,0.1454679041019823,0.043067302351728176,0.08663560467261155,0.06505683520012706,0.2728514393780206,0.9986763812821344,0.48996620164246885,0.4899662016424689
yelp,query5,4,1,114.57254603177745,43.433819632045925,350672970.0,355598345.0,0.0,0.0,18442.0,113.48821929839204,39.51877264957875,335025536.0,348056977.0,4125.0,0.0,18442.0,105.20640393547092,34.674953115172684,303696096.0,662099328.0,5862.0,0.0,18442.0,105.06722038851395,34.674953115172684,303696096.0,314042351.0,5862.0,0.0,18442.0,61.61672684666094,166232805.0,61.489084415568314,160870523.0,61.05213417601901,317643726.0,60.99532252660538,156773203.0,0.0,0.0,0.0,0.0,0.0,0.0,0.0,0.0,0.0,0.0,0.0,0.0,0.0,0.0,0.0,0.0,52.955819185116496,189365540.0,51.99913488282372,187186454.0,44.15426975945191,344455602.0,44.07189786190856,157269148.0,355598.345,0.004518354174477928,0.015248636836122667,348056.977,0.00451056322100407,0.015023196322690847,662099.328,0.004100054234685921,0.013937338816282997,314042.351,0.004093758486495815,0.013920948280188207,18442,0.09013821523489984,0.009464106113908466,0.04462115799800592,0.021207545271336947,0.2236742218848281,0.2016600564047758,0.08174857259180368,0.13396206157549018,-0.8619302854179482,0.3178614033185121,0.2016600564047758,0.08296337973171286,0.13396206157549018,0.11686216931071491,0.3178614033185121,0.9986770430149638,0.4743130489931565,0.47431304899315657
yelp,query5,4,1/16,114.98928033769188,43.21706468053162,336252401.0,340986611.0,0.0,0.0,18933.0,113.80775891650131,38.99504245817661,320176537.0,333005389.0,4357.0,57.0,18933.0,105.90129473572945,34.25234959088266,291862062.0,553219293.0,6062.0,57.0,18933.0,105.80666663601616,34.25234959088266,291862062.0,302344055.0,6062.0,57.0,18933.0,63.53507478819504,171115494.0,63.50836643435227,165569096.0,63.08223776578352,327123467.0,63.02291312294898,161554371.0,0.0,0.0,0.0,0.0,0.0,0.0,0.0,0.0,0.0,0.0,0.0,0.0,0.0,0.0,0.0,0.0,51.45420554949683,169871117.0,50.29939248214904,167436293.0,42.819056969945926,226095826.0,42.783753513067175,140789684.0,340986.611,0.004468785347679579,0.015278437899688205,333005.389,0.004465776513037991,0.015025319659964146,547470.158,0.004116503647135549,0.01397963398870951,297432.439,0.004110316882324263,0.013962533716273456,18933,0.0976934054537244,0.010275057098546592,0.047808919585974996,0.023406262130333366,0.23012729097343262,0.207434613061247,0.07903332880485481,0.13201493541156906,-0.6224076698424972,0.32018169333967145,0.207434613061247,0.07985625855478795,0.13201493541156906,0.11332572820579168,0.32018169333967145,0.9991064500207535,0.5465175542965021,0.5432852086158821
yelp,query5,4,1/4,112.46150028351164,43.02587975654751,330485461.0,333744097.0,0.0,0.0,18219.0,111.26021826484944,39.14264459628612,316663863.0,327786207.0,3871.0,0.0,18219.0,103.06058801883785,34.30304781999439,286303561.0,622703025.0,5600.0,0.0,18219.0,102.9306814663406,34.30304781999439,286303561.0,294916818.0,5600.0,0.0,18219.0,60.665552895019296,161432677.0,60.63917013769497,157909611.0,60.27221091892489,312700771.0,60.21665590749379,154791160.0,0.0,0.0,0.0,0.0,0.0,0.0,0.0,0.0,0.0,0.0,0.0,0.0,0.0,0.0,0.0,0.0,51.79594738849234,172311420.0,50.62104812715446,169876596.0,42.78837709991295,310002254.0,42.7140255588468,140125658.0,333744.097,0.004538387541456097,0.015196764053899742,327786.207,0.004527331363719408,0.014979549761386669,622703.025,0.004120827942705645,0.013873173968058346,294916.818,0.004114604843397725,0.01385744871313211,18219,0.09025347493726621,0.010681717882420227,0.04182210605627823,0.017851671545819126,0.2124704978319337,0.20273453990736157,0.08359227149712933,0.1336878780274089,-0.865809854308824,0.30737142543498547,0.20273453990736157,0.08474739171311219,0.1336878780274089,0.11633847414535692,0.30737142543498547,0.9987395127953907,0.4736074921107056,0.47360749211070563
yelp,query5,4,inf,117.91142654534109,44.537497414276004,355619726.0,362159409.0,0.0,0.0,18892.0,116.46281125195786,40.1745928991586,339080067.0,353755566.0,4378.0,0.0,18892.0,107.42789835316162,35.354795140214264,297244969.0,661891658.0,6072.0,0.0,18892.0,107.28553808503898,35.354795140214264,297244969.0,308136092.0,6072.0,0.0,18892.0,62.454163286550404,164261655.0,62.4301714720658,159256275.0,62.01234147437027,314677128.0,61.95574869568149,155420853.0,0.0,0.0,0.0,0.0,0.0,0.0,0.0,0.0,0.0,0.0,0.0,0.0,0.0,0.0,0.0,0.0,55.457263258790675,197897754.0,54.03263977989206,194499291.0,45.41555687879135,347214530.0,45.32978938935749,152715239.0,362159.409,0.004585342678969675,0.015739754496358282,353755.566,0.004568863421483231,0.015376137776173407,661891.658,0.004099313118083864,0.01410106603050321,308136.092,0.004092999101697145,0.014084745965800562,18892,0.09796025300961175,0.012285622656139972,0.04650939695060674,0.023204817522772148,0.23173830192674147,0.20617912561737983,0.08891019725003646,0.16414937848526434,-0.8276251881115699,0.32140588608935,0.20617912561737983,0.09011754646371006,0.16414937848526434,0.14916999436565792,0.32140588608935,0.9986748296270802,0.46553856401677146,0.4655385640167714
yelp,query5,8,1,235.5567724181075,88.89196114242077,712794828.0,722877595.0,0.0,0.0,38089.0,232.73818624429094,80.13524898327887,680244966.0,707225975.0,8814.0,0.0,38089.0,205.68547751408036,63.923724971711636,565158495.0,1290721768.0,14276.0,0.0,38089.0,205.42695727004747,63.923724971711636,565158495.0,583495793.0,14276.0,0.0,38089.0,126.82985125928228,335250230.0,126.77947603795948,326135868.0,125.02765837213654,634876954.0,124.93110704272141,308741086.0,0.0,0.0,0.0,0.0,0.0,0.0,0.0,0.0,0.0,0.0,0.0,0.0,0.0,0.0,0.0,0.0,108.72692115882519,387627365.0,105.95871020633146,381090107.0,80.65781914194383,655844814.0,80.49585022732607,274754707.0,722877.595,0.004345107633417421,0.015844378164114378,707225.975,0.004347778028578492,0.015490557919065692,1290721.768,0.003872117055651372,0.013132420925023723,583495.793,0.003867257282837779,0.013120991457002308,38089,0.09850960701735545,0.011965634207339315,0.04566512090348673,0.021651826129705953,0.23140539263304366,0.2808829488046233,0.12681144590912596,0.20712318215642267,-0.7855329545799521,0.37480637454383153,0.2808829488046233,0.12790893184162133,0.20712318215642267,0.19281521929034195,0.37480637454383153,0.998743128357153,0.4520693827796356,0.4520693827796356
yelp,query5,8,1/16,233.35302734395424,88.94419638998806,684239002.0,692044263.0,0.0,0.0,37930.0,230.42736215755684,80.62320558261126,650605083.0,673929005.0,8392.0,125.0,37930.0,205.47165327576477,65.1890930654481,563436978.0,1070336668.0,13689.0,125.0,37930.0,205.3095707713663,65.18114942871034,563407770.0,579700282.0,13698.0,125.0,37930.0,125.81864835523244,330122196.0,125.58445657157056,318751028.0,124.00753748959954,622058991.0,123.91127125374773,303307963.0,0.0,0.0,0.0,0.0,0.0,0.0,0.0,0.0,0.0,0.0,0.0,0.0,0.0,0.0,0.0,0.0,107.53437898872178,361922067.0,104.8429055859863,355177977.0,81.46411578616524,448277677.0,81.39829951761858,276392319.0,692044.263,0.004356325324887359,0.01596311728263455,673929.005,0.0043644922862994704,0.0156527355320679,1006585.661,0.003927821600798588,0.013256530824292522,522360.405,0.003922850451070972,0.01324521104846633,37930,0.09355293706733014,0.012537506882587257,0.04915522047367893,0.02617644415036502,0.2212496704455576,0.2670787335059214,0.11948151856240241,0.17654945661808386,-0.5466303605496401,0.3609016609543897,0.2671680438494871,0.12017609924234174,0.17659214345691454,0.16233640968713592,0.36113894015291326,0.9992111685392392,0.5416055520953151,0.5189428234861375
yelp,query5,8,1/4,231.069709563409,87.81096399202943,693259623.0,705080908.0,0.0,0.0,37037.0,228.19436021455286,79.71925169415772,661404706.0,688670661.0,8089.0,0.0,37037.0,200.96823320598492,63.33450034074485,550438255.0,1257648268.0,13616.0,0.0,37037.0,200.7191139084352,63.33450034074485,550438255.0,568977607.0,13616.0,0.0,37037.0,124.1381856305566,340610346.0,123.95202050379211,330925922.0,122.10419031247912,643629443.0,122.00597607741908,312703521.0,0.0,0.0,0.0,0.0,0.0,0.0,0.0,0.0,0.0,0.0,0.0,0.0,0.0,0.0,0.0,0.0,106.93152393285237,364470562.0,104.24233971076075,357744739.0,78.86404289350581,614018825.0,78.71313783101613,256274086.0,705080.908,0.00438410495573836,0.015954241234419814,688670.661,0.004389713815621158,0.015719720832919802,1245698.922,0.00392147956719536,0.01325339799332253,560397.704,0.003916326558187519,0.013242260424369191,37037,0.09214922522210545,0.012443644622607275,0.045949476852772064,0.023274275070854666,0.2184032184032184,0.27874040482582896,0.13027010945873796,0.20601425968233544,-0.7836935502443076,0.3676323676323676,0.27874040482582896,0.13134822263082102,0.20601425968233544,0.1930321746848377,0.3676323676323676,0.9987604045993956,0.4524139391571126,0.44986609051589116
yelp,query5,8,inf,235.33703050810107,89.31921107321978,699518325.0,709680720.0,0.0,0.0,37931.0,232.38038890874142,81.1062832782045,665996130.0,692021702.0,8223.0,0.0,37931.0,205.5224062323367,64.73071858752519,559462749.0,1269730828.0,13796.0,0.0,37931.0,205.2723148753516,64.73071858752519,559462749.0,577709126.0,13796.0,0.0,37931.0,127.1980961499784,344077111.0,126.7821776706009,332326413.0,125.03210666010573,647849887.0,124.93398611656059,315523474.0,0.0,0.0,0.0,0.0,0.0,0.0,0.0,0.0,0.0,0.0,0.0,0.0,0.0,0.0,0.0,0.0,108.13893435812264,365603609.0,105.59821123814054,359695289.0,80.490299572231,621880941.0,80.33832875879105,262185652.0,709680.72,0.004354758839851194,0.015951636414864977,692021.702,0.004356071364606427,0.015669723141189827,1269730.828,0.003909308215001562,0.013240241732562141,577709.126,0.0039041270577763704,0.013229338369175099,37931,0.09195029486190487,0.012563435482193963,0.0479218253503223,0.024883045998487896,0.21678837889852628,0.2752878377478959,0.1266890476666317,0.2002171651471747,-0.789157845516784,0.36371305792096176,0.2752878377478959,0.12775174211996576,0.2002171651471747,0.18595910848472819,0.36371305792096176,0.998783143105563,0.4549855081568516,0.4549855081568517
yelp,query5,16,inf,464.89605295416214,176.26566678006202,1393691375.0,1415208727.0,0.0,0.0,75006.0,459.4066417662354,159.97804735600948,1326981920.0,1379747845.0,16619.0,0.0,75006.0,385.12593571340324,112.61705839447677,1008520965.0,2420553748.0,32053.0,0.0,75006.0,384.6816366134849,112.61705839447677,1008520965.0,1040805903.0,32053.0,0.0,75006.0,250.83023035401956,679501259.0,250.29518957118535,656323517.0,244.25387691680945,1248616043.0,244.1019365455588,592292526.0,0.0,0.0,0.0,0.0,0.0,0.0,0.0,0.0,0.0,0.0,0.0,0.0,0.0,0.0,0.0,0.0,214.06582260014272,735707468.0,209.11145219505005,723424328.0,140.8720587965937,1171937705.0,140.579700067926,448513377.0,1415208.727,0.004344518753496879,0.015870660904684985,1379747.845,0.004359848858591013,0.015791430155463634,2420553.748,0.003654325147902529,0.012571377720153896,1040805.903,0.003652966619899058,0.012562083843180458,75006,0.09240381136943498,0.01180782489557508,0.04786529944622786,0.025056997828985295,0.22156894115137454,0.361094758544236,0.17158699613357242,0.27636707588866294,-0.7103863916463822,0.4273391462016372,0.361094758544236,0.17254269170701309,0.27636707588866294,0.26455661052463253,0.4273391462016372,0.9988463537281764,0.4299866936893979,0.4299866936893979
yelp,query5,50,inf,1446.525283074906,549.9021848663688,4296300800.0,4352869000.0,0.0,0.0,234000.0,1429.5074995141722,498.80513846874237,4096051800.0,4251750000.0,51600.0,0.0,234000.0,1091.596849923187,274.60653614252806,2371570600.0,6699408200.0,126600.0,0.0,234000.0,1090.5726144045345,274.60653614252806,2371570600.0,2447658200.0,126600.0,0.0,234000.0,780.6247066300234,2087413600.0,779.2980214408692,2023221600.0,738.4670500627269,3583117800.0,738.2776851665822,1559896200.0,0.0,0.0,0.0,0.0,0.0,0.0,0.0,0.0,0.0,0.0,0.0,0.0,0.0,0.0,0.0,0.0,665.9005764448882,2265455400.0,650.2094780733073,2228528400.0,353.1297998604604,3116290400.0,352.29492923795345,887762000.0,4352869.0,0.0043187556721101935,0.015905053925497407,4251750.0,0.004358720626280633,0.015886740584654682,6699408.2,0.003343911837668872,0.011787933340672541,2447658.2,0.0033462574369554636,0.011779856470210423,234000,0.09292024618895345,0.01176459461846302,0.046609632174730464,0.023230425726113002,0.2205128205128205,0.5006265774171093,0.2453662146832587,0.44799707692720214,-0.5390787547247573,0.541025641025641,0.5006265774171093,0.24607428078527338,0.44799707692720214,0.4376908195491296,0.541025641025641,0.9990617089828314,0.36535439055646735,0.3653543905564674
yelp,query6,1,inf,28.061279038880834,19.16397302225232,21431628.0,21577596.0,0.0,0.0,3009.0,26.43646915249712,17.5738006811589,20275292.0,20410586.0,168.0,0.0,3009.0,26.445911380869568,17.5738006811589,20275292.0,40821172.0,168.0,0.0,3009.0,26.43646915249712,17.5738006811589,20275292.0,20410586.0,168.0,0.0,3009.0,4.457640853906248,2897507.0,4.461358457262852,2897507.0,4.462698885352705,5795014.0,4.461358457262852,2897507.0,0.0,0.0,0.0,0.0,0.0,0.0,0.0,0.0,0.0,0.0,0.0,0.0,0.0,0.0,0.0,0.0,23.603638184974585,18680089.0,21.975110695234267,17513079.0,21.983212495516863,35026158.0,21.975110695234267,17513079.0,21577.596,0.00846723068418054,0.014355847606188434,20410.586,0.008291276577618674,0.014292150560091947,40821.172,0.008292352033070154,0.014298094265812964,20410.586,0.008291276577618674,0.014292150560091947,3009,0.08297717489202194,0.05790220339323904,0.05395465057530857,0.0540843382182149,0.05583250249252243,0.08297717489202194,0.05756571736352656,0.05395465057530857,-0.8918313235635702,0.05583250249252243,0.08297717489202194,0.05790220339323904,0.05395465057530857,0.0540843382182149,0.05583250249252243,0.9996429607497181,0.5,0.5
yelp,query6,2,1,56.71777699043886,39.00098340772092,44498372.0,44615444.0,0.0,0.0,6035.0,53.232151596497005,35.46540857106447,42717320.0,43020111.0,368.0,0.0,6035.0,52.29107421346301,34.12319458741695,42038342.0,85911562.0,854.0,0.0,6035.0,52.277281093075615,34.12319458741695,42038342.0,42891451.0,854.0,0.0,6035.0,8.741024208483507,5258910.0,8.747550517141402,5258910.0,8.705460827710215,10517820.0,8.708005356160832,5258910.0,0.0,0.0,0.0,0.0,0.0,0.0,0.0,0.0,0.0,0.0,0.0,0.0,0.0,0.0,0.0,0.0,47.97675278195534,39356534.0,44.4846010793556,37761201.0,43.585613385752794,75393742.0,43.56927573691478,37632541.0,44615.444,0.008537358603702808,0.015937500316539725,43020.111,0.008208344765228493,0.01583774216332906,85911.562,0.007853376631786178,0.01577626548577925,42891.451,0.007852634338167396,0.015766895320419756,6035,0.09065347916218247,0.061455606670364316,0.040025104738663275,0.0357574161987495,0.06097763048881524,0.12506835454149945,0.0780478892485873,0.055283595543675124,-0.9256014128201884,0.14150787075393537,0.12506835454149945,0.07829107791216494,0.055283595543675124,0.03864117098106212,0.14150787075393537,0.9997362241913201,0.4992512067234908,0.4992512067234908
yelp,query6,2,1/16,60.07987281214287,42.03013608790934,36847869.0,35723119.0,0.0,0.0,6387.0,53.8953233620454,35.731298454105854,33669693.0,33035269.0,677.0,9.0,6387.0,53.26566820698147,34.75193977821618,33180210.0,58088161.0,1098.0,9.0,6387.0,53.60156157424091,34.852514452300966,34699788.0,34878865.0,1089.0,27.0,6387.0,8.83277634077486,4980141.0,8.848115518720292,4980141.0,8.808320276620918,9960282.0,8.81055384805803,4980141.0,0.0,0.0,0.0,0.0,0.0,0.0,0.0,0.0,0.0,0.0,0.0,0.0,0.0,0.0,0.0,0.0,51.247096471368,30742978.0,45.047207843325104,28055128.0,44.457347930360555,48127879.0,44.79100772618288,29898724.0,35723.119,0.00867955391135248,0.01564894114353875,33035.269,0.008163897238353085,0.015418491115574098,57127.864,0.007940420436810489,0.015366281075883736,34532.277,0.007951593680906187,0.015489077694373438,6387,0.1498647927436868,0.10293879065681866,0.08625128362239887,0.07524119044588462,0.10599655550336622,0.17316613713717788,0.11341909172258036,0.09953517257673705,-0.6260663297625271,0.171911695631752,0.17077321902065257,0.10782831145728744,0.05829593564827318,0.023633266736871383,0.17050258337247534,1.0063060011930052,0.6004470515084821,0.6044734492436126
yelp,query6,2,1/4,60.607660054815256,41.56526772771031,50907905.0,51133833.0,0.0,0.0,6355.0,55.4558919573075,36.3224006081,48203548.0,48930164.0,571.0,10.0,6355.0,54.43569247226379,34.97997253574431,47292255.0,80827080.0,1026.0,10.0,6355.0,54.42643617012241,34.97997253574431,47292255.0,48456146.0,1026.0,10.0,6355.0,8.904152987442073,4840292.0,8.91610523549214,4840292.0,8.879298685807845,9680584.0,8.881596953388206,4840292.0,0.0,0.0,0.0,0.0,0.0,0.0,0.0,0.0,0.0,0.0,0.0,0.0,0.0,0.0,0.0,0.0,51.703507067373174,46293541.0,46.539786721815354,44089872.0,45.556393786455935,71146496.0,45.544839216734196,43615854.0,51133.833,0.008574598887732203,0.01628389251272375,48930.164,0.008205472613903544,0.01608688830896317,80827.08,0.00787572856724767,0.015991979224998527,48456.146,0.007874907929152599,0.01598549128490938,6355,0.1261357716725363,0.08500193033105641,0.0531225356847822,0.043096104295564985,0.08985051140833988,0.15843264225087095,0.10183477760021364,0.07102335089216494,-0.5806966788505763,0.16144767899291895,0.15843264225087095,0.10198750255499678,0.07102335089216494,0.052366248389789205,0.16144767899291895,0.9998299589530142,0.5995038544012724,0.5995038544012724
yelp,query6,2,inf,57.84109144185154,39.73496245406568,45817822.0,45971000.0,0.0,0.0,6134.0,54.131788848168156,36.060687366873026,43371939.0,43636980.0,394.0,0.0,6134.0,53.30690883673541,34.94476364646107,42308825.0,86627263.0,840.0,0.0,6134.0,53.29232757876631,34.94476364646107,42308825.0,42990283.0,840.0,0.0,6134.0,8.849285181638502,5404731.0,8.858621545482585,5404731.0,8.81599545981205,10809462.0,8.81820857766818,5404731.0,0.0,0.0,0.0,0.0,0.0,0.0,0.0,0.0,0.0,0.0,0.0,0.0,0.0,0.0,0.0,0.0,48.99180626021303,40566269.0,45.27316730268557,38232249.0,44.49091337692336,75817801.0,44.47411900109813,37585552.0,45971.0,0.008509841513151253,0.01599923315768311,43636.98,0.008135297841045887,0.015836944711768646,86627.263,0.00788996334015463,0.01574232204778229,42990.283,0.007889020495189646,0.01573287963243215,6134,0.09246957491000984,0.06412919433604392,0.05338278628783355,0.050771573383219804,0.06423214867949135,0.12055375195439444,0.07839033621408076,0.07658585342620605,-0.8843893541580561,0.13694163677861101,0.12055375195439444,0.07864242789502274,0.07658585342620605,0.064839072458724,0.13694163677861101,0.9997264658880567,0.4962673586951489,0.4962673586951489
yelp,query6,4,1,118.51500451243831,82.15536948852241,86499070.0,85738463.0,0.0,0.0,12489.0,108.8667581129083,72.47587866336107,80814249.0,80685566.0,1031.0,0.0,12489.0,103.95863306300613,66.43532403744757,76253200.0,158225670.0,2878.0,0.0,12489.0,103.94452195079934,66.43532403744757,76253200.0,77540104.0,2878.0,0.0,12489.0,17.511386328472575,10063004.0,17.530102677577272,10063004.0,17.404212856007582,20126008.0,17.417217193644582,10063004.0,0.0,0.0,0.0,0.0,0.0,0.0,0.0,0.0,0.0,0.0,0.0,0.0,0.0,0.0,0.0,0.0,101.00361818396571,75675459.0,91.33665543533101,70622562.0,86.55442020699854,138099662.0,86.52730475715474,67477100.0,85738.463,0.008870075891988302,0.016813072515401935,80685.566,0.008298150176134684,0.016521184694843313,158225.67,0.007186743284692656,0.016186240359744426,77540.104,0.007186766761685772,0.016177830430673584,12489,0.11781933287408097,0.08140949274078979,0.06572118058610343,0.05893384162951465,0.08255264632876931,0.19134531983659353,0.12282302573683379,0.11845063767737618,-0.8454456082330284,0.2304427896548963,0.19134531983659353,0.12294209177631832,0.11845063767737618,0.09562055013745696,0.2304427896548963,0.9998642622378631,0.4900602032527339,0.4900602032527339
yelp,query6,4,1/16,122.37312878018558,84.92592843808234,90262374.0,88970454.0,0.0,0.0,12798.0,110.53894528487115,72.85612807236612,84277131.0,84246556.0,1291.0,32.0,12798.0,106.16734497839532,67.29587772022933,80373701.0,136759602.0,3105.0,32.0,12798.0,106.81116147493509,67.4858521046117,83244015.0,85453768.0,3088.0,66.0,12798.0,17.550125158013294,9394894.0,17.573927253004676,9394894.0,17.44390877940832,18776408.0,17.457385592949294,9381514.0,0.0,0.0,0.0,0.0,0.0,0.0,0.0,0.0,0.0,0.0,0.0,0.0,0.0,0.0,0.0,0.0,104.82300362217228,79575560.0,92.96501803186645,74851662.0,88.72343619898699,117983194.0,89.35377588198578,76072254.0,88970.454,0.008879355510959351,0.016903616937465914,84246.556,0.00829349166119976,0.01656591490929196,132587.994,0.007266444990484228,0.01626354722418893,82676.264,0.007280041111963852,0.016586021457180574,12798,0.142121500320318,0.09670573608174837,0.06630939044435058,0.053095132008655344,0.10087513674011564,0.20759326441402048,0.13242926746524664,0.10955476309541778,-0.5371350358625797,0.24261603375527427,0.2053563223178163,0.12716817376798373,0.07775508984507762,0.03952644773510994,0.24128770120331303,1.0060641668742003,0.6248465683601507,0.6235576955783794
yelp,query6,4,1/4,115.2579970861521,79.64813404995948,92512977.0,91698948.0,0.0,0.0,12251.0,106.78913831927716,70.92825451120734,88697679.0,88843477.0,937.0,20.0,12251.0,101.98783125677271,64.97649362776428,84131269.0,141491479.0,2819.0,20.0,12251.0,101.98570717028811,64.97649362776428,84131269.0,85766462.0,2819.0,20.0,12251.0,17.529280520844736,10105578.0,17.547312123741946,10105578.0,17.419573560319865,20197776.0,17.433136382572354,10092198.0,0.0,0.0,0.0,0.0,0.0,0.0,0.0,0.0,0.0,0.0,0.0,0.0,0.0,0.0,0.0,0.0,97.72871656530735,81593370.0,89.2418261955352,78737899.0,84.56825769645283,121293703.0,84.55257078771574,75674264.0,91698.948,0.008735527214391107,0.016704759815178757,88843.477,0.008213021663104217,0.01657353457746277,141491.479,0.00705847663866296,0.01624485575248348,85766.462,0.007058337824115068,0.016237860344690328,12251,0.10948002288769976,0.07347740704312877,0.041240679131966496,0.031139626596370595,0.0764835523630724,0.18420570170535788,0.11513444762935032,0.09060034896509706,-0.5430000243841402,0.2301036650069382,0.18420570170535788,0.11515287660207496,0.09060034896509706,0.06469524601307308,0.2301036650069382,0.9999791731380261,0.6061599087532331,0.6061599087532331
yelp,query6,4,inf,118.88864334056397,82.0444020126015,96860638.0,96595039.0,0.0,0.0,12485.0,108.58659264937826,71.9104093844071,89642328.0,89822701.0,1084.0,0.0,12485.0,104.03871678344282,66.07359396014363,86036465.0,177695148.0,2933.0,0.0,12485.0,104.0204038404437,66.07359396014363,86036465.0,87872447.0,2933.0,0.0,12485.0,17.44517374579797,9722434.0,17.465937513250676,9722434.0,17.34384453152389,19444868.0,17.357270373422125,9722434.0,0.0,0.0,0.0,0.0,0.0,0.0,0.0,0.0,0.0,0.0,0.0,0.0,0.0,0.0,0.0,0.0,101.44346959476599,86872605.0,91.12065513612757,80100267.0,86.69487225191891,158250280.0,86.66313346702157,78150013.0,96595.039,0.008840150861797805,0.016875436170801467,89822.701,0.008206474879873376,0.016455878139270415,177695.148,0.00711003965803973,0.01617595329350487,87872.447,0.007110060680351268,0.016166450793881897,12485,0.12351839223153671,0.0866529417925549,0.07452263529381253,0.07011061924205031,0.0868241890268322,0.19466054551783873,0.12490618228843442,0.11174996596656739,-0.8395887598326865,0.23492190628754506,0.19466054551783873,0.12506021670656353,0.11174996596656739,0.09030062092526303,0.23492190628754506,0.9998239795379519,0.49451236001109045,0.4945123600110905
yelp,query6,8,1,237.035597220649,163.83114770241082,178642905.0,177068511.0,0.0,0.0,25072.0,217.32115468305233,143.91629402246326,167684865.0,167775897.0,2134.0,0.0,25072.0,199.47842976073744,122.344581970945,155368778.0,327901129.0,7795.0,0.0,25072.0,199.4719680782911,122.344581970945,155368778.0,160125232.0,7795.0,0.0,25072.0,35.336217455970434,20385468.0,35.37788308193363,20385468.0,35.10403241365359,40704036.0,35.144790339188184,20318568.0,0.0,0.0,0.0,0.0,0.0,0.0,0.0,0.0,0.0,0.0,0.0,0.0,0.0,0.0,0.0,0.0,201.69937976467855,156683043.0,181.94327160111868,147390429.0,164.37439734708383,287197093.0,164.3271777391029,139806664.0,177068.511,0.009161613635050083,0.016670167051425145,167775.897,0.008157074248495717,0.016416457528790403,327901.129,0.00578155640681526,0.01593402238612054,160125.232,0.0057828516167663475,0.015928412373184056,25072,0.12155718835664664,0.08317080965372947,0.061340471372204775,0.05248033062185742,0.0851148691767709,0.2532275840905638,0.15844526265373882,0.13028296309892629,-0.8518319668933116,0.31090459476707083,0.2532275840905638,0.15847252304214499,0.13028296309892629,0.09568770248483083,0.31090459476707083,0.9999676071119364,0.4883338843276749,0.4883338843276748
yelp,query6,8,1/16,233.96544059961303,162.19054259173572,170651829.0,167761192.0,0.0,0.0,24897.0,213.91576213713046,141.69984411913902,160589377.0,159741108.0,2216.0,58.0,24897.0,196.9485367050357,120.97640021238476,149305855.0,255525679.0,7748.0,58.0,24897.0,198.03555821604854,121.29023982957006,154036795.0,158806529.0,7719.0,114.0,24897.0,35.210888884887986,19584420.0,35.25668067829971,19584420.0,34.99756217324689,39128700.0,35.03827687981737,19544280.0,0.0,0.0,0.0,0.0,0.0,0.0,0.0,0.0,0.0,0.0,0.0,0.0,0.0,0.0,0.0,0.0,198.754551714725,148176772.0,178.65908145883074,140156688.0,161.9509745317888,216396979.0,162.99728133623114,139262249.0,167761.192,0.009189096877613986,0.016648236460920368,159741.108,0.008123341246984052,0.016363416428940316,232594.283,0.005711506226571322,0.015947672563491725,141335.708,0.005734930293273337,0.01621395528319381,24897,0.1263371966402238,0.08569504287085605,0.058964806055492036,0.04780655111225007,0.0890067076354581,0.25410940564577034,0.15821526375737116,0.12508494122263403,-0.5231513078424002,0.31120215286982367,0.25217439999026003,0.15356918650670115,0.09736217945838721,0.05337744023659541,0.31003735389806003,1.0055193175293342,0.6214895098664428,0.6076491054597417
yelp,query6,8,1/4,233.48825580321838,161.303133206442,169591466.0,167890949.0,0.0,0.0,24823.0,216.53610234117642,144.55457192659378,158167844.0,157151988.0,1804.0,26.0,24823.0,198.68785966870468,123.24409312568605,144385920.0,261839711.0,7474.0,26.0,24823.0,198.7063432742638,123.24409312568605,144385920.0,147741721.0,7474.0,26.0,24823.0,35.484587783674876,20363139.0,35.52298545986201,20363139.0,35.25380342208115,40712898.0,35.29499902773169,20349759.0,0.0,0.0,0.0,0.0,0.0,0.0,0.0,0.0,0.0,0.0,0.0,0.0,0.0,0.0,0.0,0.0,198.00366801954348,147527810.0,181.01311688131437,136788849.0,163.4340562466235,221126813.0,163.41134424653208,127391962.0,167890.949,0.009241833696870084,0.016714698749484436,157151.988,0.008216007333027495,0.016384454129293506,261839.711,0.005766366477669364,0.015752252273560727,147741.721,0.00576764673365068,0.015747227264960067,24823,0.10383283292093748,0.07260388066939472,0.06735965122207266,0.06396390671423269,0.07267453571284696,0.23594730817811527,0.14904559552598284,0.14862508470797697,-0.5595820534673372,0.3010917294444668,0.23594730817811527,0.14896643263406129,0.14862508470797697,0.1200137834708409,0.3010917294444668,1.0000930283591052,0.5642448979024423,0.5642448979024423
yelp,query6,8,inf,237.66040621291577,164.73817661125213,173166017.0,170973342.0,0.0,0.0,25154.0,216.20854703739298,142.94977792166173,161909904.0,161637262.0,2331.0,0.0,25154.0,198.41976377721855,121.56735186744481,149070078.0,314793529.0,7947.0,0.0,25154.0,198.4155763041045,121.56735186744481,149070078.0,153156267.0,7947.0,0.0,25154.0,35.19859844216451,18501107.0,35.24196423400392,18501107.0,34.978380549890296,36908554.0,35.0195828573142,18407447.0,0.0,0.0,0.0,0.0,0.0,0.0,0.0,0.0,0.0,0.0,0.0,0.0,0.0,0.0,0.0,0.0,202.46180777075122,152472235.0,180.96658280338903,143136155.0,163.44138322732823,277884975.0,163.39599344679027,134748820.0,170973.342,0.009084297462629105,0.01683857466381224,161637.262,0.007982651343512313,0.016604085805250277,314793.529,0.005665394194350495,0.016069154441638655,153156.267,0.005666934216772759,0.0160630927788053,25154,0.13226077365786615,0.09026265467334282,0.06500185888089116,0.05460547176997921,0.09266915798680131,0.262057196648968,0.16511224171073002,0.1391493516883281,-0.8411848614388084,0.3159338474994037,0.262057196648968,0.16512986127631424,0.1391493516883281,0.10420966679121235,0.3159338474994037,0.9999788958870107,0.48652927360523984,0.48652927360523984
yelp,query6,16,inf,465.6629865535422,321.1656433856115,357540489.0,355251816.0,0.0,0.0,49461.0,430.90045101957116,286.21353419683874,337053276.0,337101107.0,3781.0,0.0,49461.0,372.08101595979497,218.88029300887138,292901022.0,639849243.0,19301.0,0.0,49461.0,372.1201410661,218.88029300887138,292901022.0,302748136.0,19301.0,0.0,49461.0,70.5166117751017,39678193.0,70.5970931613882,39678193.0,70.09626673239546,79128926.0,70.20490951818262,39450733.0,0.0,0.0,0.0,0.0,0.0,0.0,0.0,0.0,0.0,0.0,0.0,0.0,0.0,0.0,0.0,0.0,395.14637477844053,315573623.0,360.30335785818295,297422914.0,301.98474922739956,560720317.0,301.9152315479174,263297403.0,355251.816,0.009639900652488643,0.016439268508629815,337101.107,0.008090962920070402,0.016153843967040945,639849.243,0.003912087505760358,0.015387661101157983,302748.136,0.0039153848967656574,0.015384301676258393,49461,0.10882891712924303,0.07465170421049572,0.057300399899604115,0.051092515738188404,0.07644406704272053,0.3184816074922744,0.20096501825572333,0.18078922244803441,-0.801114629629367,0.39022664321384526,0.3184816074922744,0.20088099803630532,0.18078922244803441,0.14779285463244474,0.39022664321384526,1.0001051521164124,0.47315541795522603,0.47315541795522603
yelp,query6,50,inf,1466.8269180676982,1013.5863864794374,1113483600.0,1104496000.0,0.0,0.0,155400.0,1349.1634143858041,894.6096630766988,1048154400.0,1048628600.0,12800.0,0.0,155400.0,1012.6790653958068,528.6321152001619,784016400.0,1861972600.0,84200.0,0.0,155400.0,1013.0913906839309,528.6321152001619,784016400.0,813344000.0,84200.0,0.0,155400.0,219.76086361650195,122664800.0,220.01945395033835,122664800.0,218.77645105610267,242653600.0,219.232525051271,119988800.0,0.0,0.0,0.0,0.0,0.0,0.0,0.0,0.0,0.0,0.0,0.0,0.0,0.0,0.0,0.0,0.0,1247.0660544511993,981831200.0,1129.1439604354682,925963800.0,793.9026143397039,1619319000.0,793.8588656326597,693355200.0,1104496.0,0.010778679691983336,0.01579518244860875,1048628.6,0.007459293525264589,0.01576868114320742,1861972.6,0.003066613997069345,0.014937209454693836,813344.0,0.0030766693006429534,0.014934572738392226,155400,0.1173819271744454,0.08021635152216611,0.058671003326856375,0.05058180382726596,0.08236808236808237,0.47845381286512934,0.3096124342128628,0.2958886866407372,-0.6858119902652431,0.5418275418275418,0.47845381286512934,0.3093313340482522,0.2958886866407372,0.26360620590749084,0.5418275418275418,1.0004071628438007,0.43681845801597724,0.43681845801597724
yelp,query7,1,inf,42.902497345466635,24.94545824173838,82069380.0,79376437.0,0.0,0.0,5157.0,40.55136475521515,22.214620403945446,80495120.0,79145552.0,594.0,0.0,5157.0,40.587978617092865,22.214620403945446,80495120.0,158291104.0,594.0,0.0,5157.0,40.55136475521515,22.214620403945446,80495120.0,79145552.0,594.0,0.0,5157.0,11.82672371153374,25684780.0,11.815057532382589,25684780.0,11.826939678169882,51369560.0,11.815057532382589,25684780.0,0.0,0.0,0.0,0.0,0.0,0.0,0.0,0.0,0.0,0.0,0.0,0.0,0.0,0.0,0.0,0.0,31.07577363393289,53691657.0,28.73630722283255,53460772.0,28.761038938922983,106921544.0,28.73630722283255,53460772.0,79376.437,0.0074285783015883965,0.012351341528008203,79145.552,0.007004678081093576,0.012351341528008203,158291.104,0.007008497978558355,0.012369108915010108,79145.552,0.007004678081093576,0.012351341528008203,5157,0.10947234608116896,0.05480176529863301,0.019182062786388787,0.0029087347420242438,0.11518324607329843,0.10947234608116896,0.05394834500510348,0.019182062786388787,-0.9941825305159515,0.11518324607329843,0.10947234608116896,0.05480176529863301,0.019182062786388787,0.0029087347420242438,0.11518324607329843,0.9990979136403138,0.5,0.5
yelp,query7,2,1,85.37848303304375,50.682438403367996,125566897.0,116919303.0,0.0,0.0,10688.0,80.13472284556511,44.60365352407098,121972096.0,116415673.0,1326.0,0.0,10688.0,78.79341072578126,42.90450626146048,119885649.0,231718709.0,1913.0,0.0,10688.0,78.74693325302707,42.90450626146048,119885649.0,115303036.0,1913.0,0.0,10688.0,24.37067167698085,50324403.0,24.355511663799593,50324403.0,24.237201560936718,99840369.0,24.21971514259054,49515966.0,0.0,0.0,0.0,0.0,0.0,0.0,0.0,0.0,0.0,0.0,0.0,0.0,0.0,0.0,0.0,0.0,61.00781135606289,66594900.0,55.77921118176551,66091270.0,54.55620916484454,131878340.0,54.527218110436515,65787070.0,116919.303,0.0069463610322458985,0.013486082973477892,116415.673,0.006470744601463068,0.013485847105210877,231718.709,0.006003740064920081,0.01346201678609515,115303.036,0.0060002454958612075,0.01344794052369787,10688,0.11993868232853344,0.061417818649333045,0.02862857238560257,0.004307500875197712,0.12406437125748503,0.1534640476451632,0.07712800782269569,0.04524479091013933,-0.9818687167507318,0.17898577844311378,0.1534640476451632,0.0776723776815067,0.04524479091013933,0.013823782374070448,0.17898577844311378,0.9994101350312662,0.4975991645111401,0.49759916451114006
yelp,query7,2,1/16,87.60502882662817,51.78439632616937,147346172.0,140311080.0,0.0,0.0,10574.0,81.68089120663876,44.94148138910532,143645709.0,140019585.0,1427.0,39.0,10574.0,80.39077405879132,43.2877946048975,141755484.0,227379710.0,2008.0,39.0,10574.0,80.35725001847207,43.2877946048975,141755484.0,139127559.0,2008.0,39.0,10574.0,23.81665895514661,50222535.0,23.762169074679036,50222535.0,23.65420072326912,99748578.0,23.63674886138408,49526043.0,0.0,0.0,0.0,0.0,0.0,0.0,0.0,0.0,0.0,0.0,0.0,0.0,0.0,0.0,0.0,0.0,63.78836987148155,90088545.0,57.91872213195972,89797050.0,56.736573335522195,127631132.0,56.72050115708799,89601516.0,140311.08,0.007116514420865053,0.013933155457984604,140019.585,0.006640990397942522,0.013933140792448022,227379.71,0.00621456735610755,0.013914395839377832,139127.559,0.006210938439633922,0.013903314093579021,10574,0.13214241011835393,0.06762325975274064,0.02511407625845885,0.0020774909579486245,0.13495365992055985,0.16407648488852022,0.08234977905336893,0.03794253983062412,-0.620539945954375,0.1898997541138642,0.16407648488852022,0.08273245160959397,0.03794253983062412,0.008434978905443535,0.1898997541138642,0.9995829864718714,0.6118732361827711,0.6118732361827711
yelp,query7,2,1/4,86.04833971393322,51.5148462317884,124457282.0,116184180.0,0.0,0.0,10597.0,80.04407736643319,44.608741329051554,120804380.0,115839139.0,1408.0,0.0,10597.0,78.63500343924103,42.81774799525738,118699980.0,230551052.0,2014.0,0.0,10597.0,78.58903149280309,42.81774799525738,118699980.0,114711913.0,2014.0,0.0,10597.0,23.718092829344698,49467710.0,23.711588665808414,49467710.0,23.566227266783,97902863.0,23.549287996398483,48435153.0,0.0,0.0,0.0,0.0,0.0,0.0,0.0,0.0,0.0,0.0,0.0,0.0,0.0,0.0,0.0,0.0,62.33024688458851,66716470.0,56.332488700624765,66371429.0,55.06877617245803,132648189.0,55.0397434964046,66276760.0,116184.18,0.007215041886758887,0.013580586070751547,115839.139,0.0066665888654304445,0.0135802810601845,230518.436,0.00616678974468847,0.013555290023659352,114695.605,0.006163745316560239,0.013541220154528619,10597,0.13406047786036634,0.06977778266798795,0.02935064900421014,0.002969776091719223,0.13286779277153912,0.16882702507542924,0.08615315878653484,0.046259261872680146,-0.9843583868302896,0.19005378880815324,0.16882702507542924,0.0866874160027784,0.046259261872680146,0.012671837077991133,0.19005378880815324,0.999415375539807,0.4975553657417274,0.4975550198509936
yelp,query7,2,inf,86.43415836642538,51.493143300525844,144886267.0,137561453.0,0.0,0.0,10367.0,80.84307299786819,44.997510220855474,141270971.0,137272400.0,1394.0,0.0,10367.0,79.39401910828637,43.10251391865313,139624153.0,273972787.0,2010.0,0.0,10367.0,79.33825752072059,43.10251391865313,139624153.0,136700387.0,2010.0,0.0,10367.0,23.202536623850833,50854911.0,23.18617514007868,50854911.0,23.09489055493079,101193797.0,23.077296976436827,50338886.0,0.0,0.0,0.0,0.0,0.0,0.0,0.0,0.0,0.0,0.0,0.0,0.0,0.0,0.0,0.0,0.0,63.23162174257453,86706542.0,57.65689785778951,86417489.0,56.29912855335558,172778990.0,56.260960544283755,86361501.0,137561.453,0.007256302394235456,0.01367516296820896,137272.4,0.006817274666806982,0.013675147196121461,273972.787,0.006318870824858969,0.013652248707861369,136700.387,0.006314911305896439,0.013637157115388763,10367,0.12614559266192704,0.06468606248069853,0.024952647858613175,0.002101264516303103,0.13446512973859362,0.16294653703509743,0.08145089153634533,0.036318928694601516,-0.9916392348661802,0.19388444101475838,0.16294653703509743,0.08209602522677117,0.036318928694601516,0.006259500617516789,0.19388444101475838,0.9992976600984297,0.49895607697709043,0.4989560769770904
yelp,query7,4,1,172.2885180580976,101.96623724326491,267757793.0,252278536.0,0.0,0.0,21258.0,160.69145408854004,88.5364885693416,260236693.0,251581390.0,2862.0,0.0,21258.0,153.13491584834065,79.72304244711995,249279633.0,496375912.0,5329.0,0.0,21258.0,153.04953874928822,79.72304244711995,249279633.0,244794522.0,5329.0,0.0,21258.0,48.594243837202335,105583092.0,48.522388274651526,105583092.0,47.93605321900004,207061822.0,47.90935577993691,101478730.0,0.0,0.0,0.0,0.0,0.0,0.0,0.0,0.0,0.0,0.0,0.0,0.0,0.0,0.0,0.0,0.0,123.69427422089524,146695444.0,112.16906581388851,145998298.0,105.19886262934064,289314090.0,105.14018296935132,143315792.0,252278.536,0.00707866646282556,0.015192001294793506,251581.39,0.006389171962747654,0.015191910421365817,496375.912,0.005187248326933962,0.01512348835496234,244794.522,0.005184301183194607,0.015109966974132635,21258,0.13170779894410956,0.06731187951623618,0.028089191786847434,0.0027633979927645935,0.13463166807790009,0.21814274408379397,0.11117166962512348,0.06901072716863932,-0.9675709232750582,0.2506820961520369,0.21814274408379397,0.1116672168619024,0.06901072716863932,0.02966567873217718,0.2506820961520369,0.9994424713751304,0.49316358042773034,0.49316358042773034
yelp,query7,4,1/16,172.326557475087,101.55612480547279,287226248.0,274547455.0,0.0,0.0,20831.0,162.3716286553918,90.01046328432858,280816469.0,273850309.0,2465.0,70.0,20831.0,155.10005485054484,81.43116620369256,271591707.0,450875647.0,4925.0,70.0,20831.0,155.0468245815222,81.43116620369256,271591707.0,268973936.0,4925.0,70.0,20831.0,47.13327231113867,101314097.0,47.08842889733375,101314097.0,46.523355864787895,198922441.0,46.49887213719643,97608344.0,0.0,0.0,0.0,0.0,0.0,0.0,0.0,0.0,0.0,0.0,0.0,0.0,0.0,0.0,0.0,0.0,125.19328516394832,173233358.0,115.28319975805805,172536212.0,108.57669898575693,251953206.0,108.54795244432577,171365592.0,274547.455,0.007082600699534589,0.01564527740076365,273850.309,0.006407795580192923,0.015644989049930072,449021.793,0.005174911696144619,0.015617151095880678,267577.962,0.005172074444463864,0.01560260980914482,20831,0.11368749588722027,0.057767815742122974,0.022316132472684047,0.0025392550078455756,0.11833325332437233,0.1981658776398656,0.0999642938206583,0.05443284208482224,-0.6422503242654354,0.23642647976573375,0.1981658776398656,0.10027318566996202,0.05443284208482224,0.020300749100005344,0.23642647976573375,0.9996568004500455,0.5965590241781233,0.595913085225242
yelp,query7,4,1/4,174.12973410846624,102.59752335399389,276945107.0,262456281.0,0.0,0.0,21341.0,163.3271504922795,90.05711257643998,269665292.0,261668220.0,2730.0,0.0,21341.0,156.52407124312722,81.92172601539642,260866253.0,518786827.0,5134.0,0.0,21341.0,156.43296268285894,81.92080920189619,260862889.0,257118607.0,5135.0,0.0,21341.0,48.291155021188864,99628706.0,48.243412780263725,99628706.0,47.726453056139256,195969905.0,47.70223690646987,96341199.0,0.0,0.0,0.0,0.0,0.0,0.0,0.0,0.0,0.0,0.0,0.0,0.0,0.0,0.0,0.0,0.0,125.83857908727735,162827575.0,115.08373771201578,162039514.0,108.79761818698798,322816922.0,108.73072577638906,160777408.0,262456.281,0.007095195857139253,0.015488913596218398,261668.22,0.006402530918019196,0.01548823266619066,514845.301,0.005251832693804364,0.015463104149644712,253738.018,0.005249097879319631,0.01544843144350561,21341,0.12222917637383446,0.06203755878624251,0.026286129691397653,0.003002637227797922,0.12792277775174546,0.20152335712100422,0.1011065855896407,0.05805790964922153,-0.9766599794195818,0.2405697952298393,0.20153229314080512,0.10162980789130416,0.05807005646068342,0.020337383352620142,0.2406166533901879,0.9994179262042912,0.49561514213235797,0.49284322398817043
yelp,query7,4,inf,171.02478024686874,101.63552501425147,258892289.0,242437230.0,0.0,0.0,21270.0,160.45676458218077,89.32957306969911,252040978.0,241747148.0,2665.0,0.0,21270.0,153.44896085362444,80.96013339888304,242093865.0,477837584.0,5107.0,0.0,21270.0,153.3678189870335,80.96013339888304,242093865.0,236090436.0,5107.0,0.0,21270.0,48.041784280894326,98293510.0,47.997050559615815,98293510.0,47.50363539907781,193414849.0,47.4805616072702,95121339.0,0.0,0.0,0.0,0.0,0.0,0.0,0.0,0.0,0.0,0.0,0.0,0.0,0.0,0.0,0.0,0.0,122.98299596597441,144143720.0,112.45971402256495,143453638.0,105.94532545454663,284422735.0,105.88725737976331,140969097.0,242437.23,0.0069754407720472155,0.015122803769383525,241747.148,0.006273838374384711,0.015122036746872534,477837.584,0.005004812726387248,0.015073652764786725,236090.436,0.005002442882664345,0.0150605396520308,21270,0.12107923821741273,0.06179230664371205,0.0264639438527271,0.0028464357557623776,0.12529384109073813,0.2034268196328921,0.10276767710430135,0.06488576413336122,-0.9709744415080142,0.24010343206393983,0.2034268196328921,0.10324212219040996,0.06488576413336122,0.02617912273622336,0.24010343206393983,0.9994712126681109,0.4940809260411797,0.4940809260411797
yelp,query7,8,1,347.48156282264614,205.34203512221575,563732178.0,534831175.0,0.0,0.0,42344.0,325.03598006787155,179.5434330906719,549746487.0,533397203.0,5292.0,0.0,42344.0,299.23754568536714,150.67371984757483,506788959.0,1036767380.0,12997.0,0.0,42344.0,299.0876336694462,150.67371984757483,506788959.0,503370177.0,12997.0,0.0,42344.0,95.48642436698552,201391616.0,95.38115148559037,201391616.0,93.12112519256715,385701248.0,93.09549248947955,184309632.0,0.0,0.0,0.0,0.0,0.0,0.0,0.0,0.0,0.0,0.0,0.0,0.0,0.0,0.0,0.0,0.0,251.99513845566074,333439559.0,229.65482858228114,332005587.0,206.11642049279993,651066132.0,205.99214117996658,319060545.0,534831.175,0.007042252124084109,0.015791707401053925,533397.203,0.005983451170442213,0.015791292769771013,1036767.38,0.004004954132916063,0.015695802714081376,503370.177,0.004004283500165643,0.01568419083229447,42344,0.12563721800160887,0.06459503224414465,0.02480910536208558,0.0026811675665689982,0.12497638390326847,0.2662305126278862,0.13883907032472587,0.1010111205679659,-0.9384946660972036,0.30693840921972415,0.2662305126278862,0.13927049469931196,0.1010111205679659,0.05882416633622756,0.30693840921972415,0.9994990200324708,0.48551891842893435,0.4855189184289344
yelp,query7,8,1/16,347.7415531682905,206.28821410704404,551288839.0,522688006.0,0.0,0.0,42378.0,326.51684168231947,181.73867910448462,537647040.0,521153875.0,5194.0,127.0,42378.0,301.79596488853537,153.77797365374863,503798681.0,853252300.0,12685.0,127.0,42378.0,301.69896066926754,153.74811480846256,503794658.0,500095814.0,12688.0,127.0,42378.0,94.66658382348545,195565084.0,94.59381114092417,195565084.0,92.54110165402041,376013059.0,92.51652977231568,180447975.0,0.0,0.0,0.0,0.0,0.0,0.0,0.0,0.0,0.0,0.0,0.0,0.0,0.0,0.0,0.0,0.0,253.07496934480517,327122922.0,231.9230305413953,325588791.0,209.25486323451491,477239241.0,209.1824308969518,319647839.0,522688.006,0.007071395084058815,0.015686416922818816,521153.875,0.006068403593126332,0.015686001888086967,813963.225,0.00406497790586713,0.01554346552632239,466337.698,0.004063808611890537,0.015532450774062371,42378,0.11900599900399811,0.06103587935520405,0.024745284204819584,0.0029350797844784893,0.1225635943178064,0.25454794245321044,0.13212567742089676,0.08614387711193983,-0.6324313743675227,0.2993298409552126,0.2546926857940519,0.13240463234700206,0.08615117455697308,0.043223092438819055,0.29940063240360565,0.9996785768182698,0.5861054391532259,0.5729223184499521
yelp,query7,8,1/4,351.27395189217367,207.71805192623287,577032856.0,547711771.0,0.0,0.0,42866.0,328.6562986621505,181.73647421225905,562744665.0,546009676.0,5353.0,0.0,42866.0,303.5204056226394,153.78033536300063,520128375.0,1061622120.0,12838.0,0.0,42866.0,303.34284994481635,153.76120145060122,520124458.0,515612444.0,12839.0,0.0,42866.0,95.8903742040356,194851465.0,95.80091636837619,194851465.0,93.63602382001578,373558570.0,93.61175922217151,178707105.0,0.0,0.0,0.0,0.0,0.0,0.0,0.0,0.0,0.0,0.0,0.0,0.0,0.0,0.0,0.0,0.0,255.38357768813822,352860306.0,232.85538229377428,351158211.0,209.88438180262352,688063550.0,209.73109072264475,336905339.0,547711.771,0.007105842326099002,0.015647040558682702,546009.676,0.005985857419265021,0.01564683071750397,1029202.947,0.004106107337586015,0.01548416522133062,490652.901,0.004102375131501004,0.015473615697475095,42866,0.1250809810367406,0.06438750470449295,0.02476148602532957,0.0031076472884494777,0.12487752531143563,0.25966792998033317,0.1359438865657555,0.09861566877571348,-0.9382861136281841,0.2994914384360565,0.2597600448072438,0.13644934868973757,0.09862245695070093,0.058606239083366374,0.29951476694816404,0.9994150123862059,0.48568359144589035,0.47673095226766776
yelp,query7,8,inf,348.0873296832694,205.84913190361112,542056898.0,512147175.0,0.0,0.0,42989.0,325.9154427176892,180.25652634631842,528106733.0,510748130.0,5343.0,0.0,42989.0,300.67764878081636,152.09656669106334,486934377.0,992767492.0,12936.0,0.0,42989.0,300.5368068068002,152.09656669106334,486934377.0,482019362.0,12936.0,0.0,42989.0,97.47157407477957,204521723.0,97.39587258001345,204521723.0,95.09034969489691,391211711.0,95.06265307229604,186689988.0,0.0,0.0,0.0,0.0,0.0,0.0,0.0,0.0,0.0,0.0,0.0,0.0,0.0,0.0,0.0,0.0,250.61575560848993,307625452.0,228.5195701376757,306226407.0,205.58729908591937,601555781.0,205.47415373450409,295329374.0,512147.175,0.00698069872128027,0.015559778903314789,510748.13,0.006041263849069883,0.015559292916983311,992767.492,0.004027578080807568,0.01544798113859168,482019.362,0.00402670981824175,0.015437638683753202,42989,0.124327002599537,0.06369633443927647,0.02573561013884562,0.002731724528208135,0.12428760845797762,0.26112602329417367,0.13620053607119775,0.1016913929208959,-0.9384418004453505,0.3009141873502524,0.26112602329417367,0.13660515284982144,0.1016913929208959,0.05882647502644134,0.3009141873502524,0.999531584823191,0.485530968614754,0.485530968614754
yelp,query7,16,inf,699.2961752514052,414.9555110698566,1124431268.0,1065924078.0,0.0,0.0,84847.0,654.3158109925444,363.12179546710104,1096002876.0,1062757575.0,10786.0,0.0,84847.0,572.8696991146452,277.8579501332715,934843302.0,1994039344.0,31586.0,0.0,84847.0,572.6394901862624,277.8579501332715,934843302.0,931281769.0,31586.0,0.0,84847.0,191.05921533866817,410583391.0,190.890578945389,410583391.0,182.87228160645083,753609409.0,182.85563045811176,343026018.0,0.0,0.0,0.0,0.0,0.0,0.0,0.0,0.0,0.0,0.0,0.0,0.0,0.0,0.0,0.0,0.0,508.23695991273837,655340687.0,463.42523204715616,652174184.0,389.9974175081945,1240429935.0,389.78385972815084,588255751.0,1065924.078,0.00716257705519157,0.01572814635027381,1062757.575,0.005720505223705292,0.01572793894799607,1994039.344,0.003331445976809799,0.01532538049011767,931281.769,0.0033330236931404557,0.015317321957630982,84847,0.12491391057589663,0.06432233701648649,0.025282463062917926,0.002970664670546963,0.12712293893714569,0.3303909871762255,0.18079103048334022,0.1686078743943289,-0.8707142329887401,0.3722700861550791,0.3303909871762255,0.1811202313806568,0.1686078743943289,0.12631510234071286,0.3722700861550791,0.9995981478358192,0.46703279541709986,0.46703279541709986
yelp,query7,50,inf,2175.9707925722,1286.903722770512,3497716600.0,3319627200.0,0.0,0.0,265000.0,2038.2400819005902,1127.9972849413753,3410386600.0,3310766800.0,33200.0,0.0,265000.0,1606.1150619575194,709.4134801998734,2372797600.0,5672497600.0,124600.0,0.0,265000.0,1605.7322724196486,709.4134801998734,2372797600.0,2361730800.0,124600.0,0.0,265000.0,598.2001784971542,1271734400.0,597.6209167776905,1271734400.0,553.1992666081667,2130187200.0,553.3198430271605,858452800.0,0.0,0.0,0.0,0.0,0.0,0.0,0.0,0.0,0.0,0.0,0.0,0.0,0.0,0.0,0.0,0.0,1577.7706140750545,2047892800.0,1440.6191651229099,2039032400.0,1052.9157953493566,3542310400.0,1052.4124293924929,1503278000.0,3319627.2,0.007057456944866055,0.014945094886032812,3310766.8,0.005259558831138485,0.014945094886032812,5672497.6,0.0031812575309817905,0.014157692515228323,2361730.8,0.003188799008661997,0.014155659510550969,265000,0.12347966286633705,0.06329621295550536,0.024967717510332332,0.0026690948911372026,0.12528301886792453,0.44874393659176626,0.2618857443123389,0.3216152503607639,-0.7087754914166264,0.470188679245283,0.44874393659176626,0.2620616609832692,0.3216152503607639,0.28855541369223625,0.470188679245283,0.9997616674253684,0.41634760674028315,0.41634760674028315
