dataset,query,N,budget,S0_time,S0_exec,S0_payload,S0_written,S0_hits,S0_bypass,S0_calls,S1_time,S1_exec,S1_payload,S1_written,S1_hits,S1_bypass,S1_calls,S2_time,S2_exec,S2_payload,S2_written,S2_hits,S2_bypass,S2_calls,S3_time,S3_exec,S3_payload,S3_written,S3_hits,S3_bypass,S3_calls,S0_time_sqlite,S0_written_sqlite,S1_time_sqlite,S1_written_sqlite,S2_time_sqlite,S2_written_sqlite,S3_time_sqlite,S3_written_sqlite,S0_time_mongo,S0_written_mongo,S1_time_mongo,S1_written_mongo,S2_time_mongo,S2_written_mongo,S3_time_mongo,S3_written_mongo,S0_time_postgres,S0_written_postgres,S1_time_postgres,S1_written_postgres,S2_time_postgres,S2_written_postgres,S3_time_postgres,S3_written_postgres,S0_time_duckdb,S0_written_duckdb,S1_time_duckdb,S1_written_duckdb,S2_time_duckdb,S2_written_duckdb,S3_time_duckdb,S3_written_duckdb,S0_peak_foot,S0_p50,S0_p95,S1_peak_foot,S1_p50,S1_p95,S2_peak_foot,S2_p50,S2_p95,S3_peak_foot,S3_p50,S3_p95,admitted_calls,S1_exec_saving,S1_time_saving,S1_payload_saving,S1_written_saving,S1_hit_rate,S2_exec_saving,S2_time_saving,S2_payload_saving,S2_written_saving,S2_hit_rate,S3_exec_saving,S3_time_saving,S3_payload_saving,S3_written_saving,S3_hit_rate,S3_over_S2_time,S3_over_S2_written,S3_over_S2_peak_foot
DEPS_DEV_V1,query1,1,inf,93.45413342304528,93.13877786044031,150227.0,100925.0,0.0,0.0,620.0,93.45413342304528,93.13877786044031,150227.0,100925.0,0.0,0.0,620.0,93.45423434804528,93.13877786044031,150227.0,201850.0,0.0,0.0,620.0,93.45413342304528,93.13877786044031,150227.0,100925.0,0.0,0.0,620.0,87.52847019210458,0.0,87.52847019210458,0.0,87.52847019210458,0.0,87.52847019210458,0.0,0.0,0.0,0.0,0.0,0.0,0.0,0.0,0.0,0.0,0.0,0.0,0.0,0.0,0.0,0.0,0.0,5.9256632309407,100925.0,5.9256632309407,100925.0,5.9257641559406995,201850.0,5.9256632309407,100925.0,100.925,0.06606520707285417,0.2964960675961847,100.925,0.06606520707285417,0.2964960675961847,201.85,0.06606561567609304,0.29649647619942354,100.925,0.06606520707285417,0.2964960675961847,620,0.0,0.0,0.0,0.0,0.0,0.0,-1.0799415317563898e-06,0.0,-1.0,0.0,0.0,0.0,0.0,0.0,0.0,0.9999989200596345,0.5,0.5
DEPS_DEV_V1,query1,2,1,201.7590997852385,201.11980668641627,234335.0,100925.0,0.0,0.0,1274.0,201.7590997852385,201.11980668641627,234335.0,100925.0,0.0,0.0,1274.0,173.17488807136772,172.63847854547203,228763.0,201850.0,218.0,0.0,1274.0,173.18568714636774,172.63847854547203,228763.0,100925.0,218.0,0.0,1274.0,189.92827539145947,0.0,189.92827539145947,0.0,163.4613157051775,0.0,163.46476570517748,0.0,0.0,0.0,0.0,0.0,0.0,0.0,0.0,0.0,0.0,0.0,0.0,0.0,0.0,0.0,0.0,0.0,11.83082439377904,100925.0,11.83082439377904,100925.0,9.713572366190242,201850.0,9.720921441190242,100925.0,100.925,0.09389887597339536,0.3385204963206726,100.925,0.09389887597339536,0.3385204963206726,201.85,0.08885812128092957,0.3212007926945451,100.925,0.08886251988125321,0.3212005281338655,1274,0.0,0.0,0.0,0.0,0.0,0.1416137406364556,0.14167495664035534,0.02377792476582674,-1.0,0.17111459968602827,0.1416137406364556,0.14162143204091215,0.02377792476582674,0.0,0.17111459968602827,1.0000623593589133,0.5,0.5
DEPS_DEV_V1,query1,2,1/16,198.08848566189408,197.43924480304122,243758.0,181665.0,0.0,0.0,1287.0,198.08848566189408,197.43924480304122,243758.0,181665.0,0.0,13.0,1287.0,168.83599814607473,168.29571796488017,237862.0,181665.0,231.0,13.0,1287.0,168.84754814607473,168.29571796488017,237862.0,181665.0,231.0,13.0,1287.0,186.03782464563847,0.0,186.03782464563847,0.0,159.05264012551874,0.0,159.05619012551875,0.0,0.0,0.0,0.0,0.0,0.0,0.0,0.0,0.0,0.0,0.0,0.0,0.0,0.0,0.0,0.0,0.0,12.050661016255617,181665.0,12.050661016255617,181665.0,9.783358020555973,181665.0,9.791358020555974,181665.0,181.665,0.08583474745158645,0.3463385928212116,181.665,0.08583474745158645,0.3463385928212116,181.665,0.08102213739899573,0.3267748627653314,181.665,0.08102752460438294,0.3267748627653314,1287,0.0,0.0,0.0,0.0,0.0,0.14760756843065148,0.14767384090031743,0.02418792408864534,0.0,0.1794871794871795,0.14760756843065148,0.1476155336243472,0.02418792408864534,0.0,0.1794871794871795,1.0000684095816463,1.0,1.0
DEPS_DEV_V1,query1,2,1/4,193.99072567373514,193.34693567920476,282109.0,161480.0,0.0,0.0,1270.0,193.99072567373514,193.34693567920476,282109.0,161480.0,0.0,18.0,1270.0,165.58480751066386,165.04448879975826,276526.0,161480.0,219.0,18.0,1270.0,165.59575751066387,165.04448879975826,276526.0,161480.0,219.0,18.0,1270.0,181.88348578009754,0.0,181.88348578009754,0.0,155.60687535322936,0.0,155.61032535322934,0.0,0.0,0.0,0.0,0.0,0.0,0.0,0.0,0.0,0.0,0.0,0.0,0.0,0.0,0.0,0.0,0.0,12.107239893637598,161480.0,12.107239893637598,161480.0,9.977932157434523,161480.0,9.985432157434524,161480.0,161.48,0.07781581064150517,0.3261854409859546,161.48,0.07781581064150517,0.3261854409859546,161.48,0.07251033627872373,0.3092895817165293,161.48,0.07251499314146884,0.3092895817165293,1270,0.0,0.0,0.0,0.0,0.0,0.1463816676484858,0.1464292587411936,0.01979022292801713,0.0,0.17244094488188977,0.1463816676484858,0.1463728127437781,0.01979022292801713,0.0,0.17244094488188977,1.0000661292552415,1.0,1.0
DEPS_DEV_V1,query1,2,inf,206.23394002206624,205.57625669520348,301706.0,201850.0,0.0,0.0,1296.0,206.23394002206624,205.57625669520348,301706.0,201850.0,0.0,0.0,1296.0,183.94753111093638,183.37510946858674,297110.0,403700.0,180.0,0.0,1296.0,183.95632926093637,183.37510946858674,297110.0,201850.0,180.0,0.0,1296.0,194.22408493049443,0.0,194.22408493049443,0.0,173.72572110702276,0.0,173.72842110702277,0.0,0.0,0.0,0.0,0.0,0.0,0.0,0.0,0.0,0.0,0.0,0.0,0.0,0.0,0.0,0.0,0.0,12.009855091571808,201850.0,12.009855091571808,201850.0,10.221810003913617,403700.0,10.227908153913617,201850.0,201.85,0.09755701618564744,0.3477675493312851,201.85,0.09755701618564744,0.3477675493312851,403.7,0.09476732290739809,0.3345307754019695,201.85,0.09477046106612824,0.33453043578133457,1296,0.0,0.0,0.0,0.0,0.0,0.10799470514502629,0.10806373048366968,0.015233372886187202,-1.0,0.1388888888888889,0.10799470514502629,0.10802106946483325,0.015233372886187202,0.0,0.1388888888888889,1.0000478296715747,0.5,0.5
DEPS_DEV_V1,query1,4,1,401.4034187318757,400.107152861543,583582.0,322960.0,0.0,0.0,2558.0,401.4034187318757,400.107152861543,583582.0,322960.0,0.0,0.0,2558.0,294.2323232114076,293.3298145569861,562348.0,645920.0,831.0,0.0,2558.0,294.27355025140764,293.3298145569861,562348.0,322960.0,831.0,0.0,2558.0,377.6060808962211,0.0,377.6060808962211,0.0,278.59227876317203,0.0,278.605278763172,0.0,0.0,0.0,0.0,0.0,0.0,0.0,0.0,0.0,0.0,0.0,0.0,0.0,0.0,0.0,0.0,0.0,23.797337835654616,322960.0,23.797337835654616,322960.0,15.640044448235592,645920.0,15.668271488235593,322960.0,322.96,0.10431059479498711,0.35140519631057776,322.96,0.10431059479498711,0.35140519631057776,645.92,0.10102218744106325,0.34277006263713067,322.96,0.10102747738744394,0.3427697650030824,2558,0.0,0.0,0.0,0.0,0.0,0.26687185555392257,0.2669909884152104,0.036385632181938465,-1.0,0.3248631743549648,0.26687185555392257,0.2668882811683956,0.036385632181938465,0.0,0.3248631743549648,1.0001401173044147,0.5,0.5
DEPS_DEV_V1,query1,4,1/16,382.1327646980062,380.84472485631704,563211.0,403700.0,0.0,0.0,2529.0,382.1327646980062,380.84472485631704,563211.0,403700.0,0.0,32.0,2529.0,272.44281141740083,271.55764138512313,541466.0,403700.0,850.0,32.0,2529.0,272.48531141740085,271.55764138512313,541466.0,403700.0,850.0,32.0,2529.0,358.0925938067958,0.0,358.0925938067958,0.0,256.78152964869855,0.0,256.79482964869857,0.0,0.0,0.0,0.0,0.0,0.0,0.0,0.0,0.0,0.0,0.0,0.0,0.0,0.0,0.0,0.0,0.0,24.040170891210437,403700.0,24.040170891210437,403700.0,15.661281768702269,403700.0,15.690481768702268,403700.0,403.7,0.09735584294428481,0.33972050494042466,403.7,0.09735584294428481,0.33972050494042466,403.7,0.09375466824102514,0.33280272068081773,403.7,0.09376194586905748,0.33280272068081773,2529,0.0,0.0,0.0,0.0,0.0,0.28695968813123285,0.2870467110227821,0.03860897603207325,0.0,0.3361012257809411,0.28695968813123285,0.28693549313223143,0.03860897603207325,0.0,0.3361012257809411,1.0001559960410733,1.0,1.0
DEPS_DEV_V1,query1,4,1/4,405.78468355722725,404.4965016953647,612124.0,423885.0,0.0,0.0,2543.0,405.78468355722725,404.4965016953647,612124.0,423885.0,0.0,36.0,2543.0,284.04533247082264,283.19238257966936,588541.0,423885.0,924.0,36.0,2543.0,284.09153247082264,283.19238257966936,588541.0,423885.0,924.0,36.0,2543.0,382.3126717051491,0.0,382.3126717051491,0.0,269.5060789860767,0.0,269.5208789860767,0.0,0.0,0.0,0.0,0.0,0.0,0.0,0.0,0.0,0.0,0.0,0.0,0.0,0.0,0.0,0.0,0.0,23.47201185207814,423885.0,23.47201185207814,423885.0,14.53925348474592,423885.0,14.57065348474592,423885.0,423.885,0.10730811516354467,0.3517849010908875,423.885,0.10730811516354467,0.3517849010908875,423.885,0.1028350331659441,0.3429842025486995,423.885,0.1028429815355093,0.3429842025486995,2543,0.0,0.0,0.0,0.0,0.0,0.29988916741498095,0.3000097244164118,0.038526507701054036,0.0,0.36335037357451827,0.29988916741498095,0.2998958709323547,0.038526507701054036,0.0,0.36335037357451827,1.0001626500939063,1.0,1.0
DEPS_DEV_V1,query1,4,inf,404.13456043135375,402.8566015427932,429970.0,242220.0,0.0,0.0,2548.0,404.13456043135375,402.8566015427932,429970.0,242220.0,0.0,0.0,2548.0,284.75287948602494,283.8992113964632,406993.0,484440.0,900.0,0.0,2548.0,284.79763726602494,283.8992113964632,406993.0,242220.0,900.0,0.0,2548.0,380.49713799729943,0.0,380.49713799729943,0.0,269.82641662137183,0.0,269.8409666213718,0.0,0.0,0.0,0.0,0.0,0.0,0.0,0.0,0.0,0.0,0.0,0.0,0.0,0.0,0.0,0.0,0.0,23.637422434054315,242220.0,23.637422434054315,242220.0,14.926462864653141,484440.0,14.956670644653142,242220.0,242.22,0.10789573732051042,0.3562777121277791,242.22,0.10789573732051042,0.3562777121277791,484.44,0.10326558253735625,0.348361499854179,242.22,0.10327313440211036,0.34836122134529923,2548,0.0,0.0,0.0,0.0,0.0,0.2952846985522063,0.29540082099859655,0.053438611996185825,-1.0,0.3532182103610675,0.2952846985522063,0.2952900713018811,0.053438611996185825,0.0,0.3532182103610675,1.000157181132218,0.5,0.5
DEPS_DEV_V1,query1,8,1,806.508613708429,803.912453985773,1177392.0,686290.0,0.0,0.0,5126.0,806.508613708429,803.912453985773,1177392.0,686290.0,0.0,0.0,5126.0,448.8891271590565,447.5611585788429,1108893.0,1372580.0,2677.0,0.0,5126.0,449.02229086905663,447.5611585788429,1108893.0,686290.0,2677.0,0.0,5126.0,758.6668301075697,0.0,758.6668301075697,0.0,427.1316855120483,0.0,427.1751355120483,0.0,0.0,0.0,0.0,0.0,0.0,0.0,0.0,0.0,0.0,0.0,0.0,0.0,0.0,0.0,0.0,0.0,47.841783600859344,686290.0,47.841783600859344,686290.0,21.75744164700828,1372580.0,21.84715535700828,686290.0,686.29,0.11937571975362997,0.37200411658334315,686.29,0.11937571975362997,0.37200411658334315,1372.58,0.11213585780050353,0.3671533552594474,686.29,0.1121550751354092,0.36715326718810304,5126,0.0,0.0,0.0,0.0,0.0,0.4432712711939608,0.4434168221775,0.05817858453259406,-1.0,0.5222395630120952,0.4432712711939608,0.4432517108473335,0.05817858453259406,0.0,0.5222395630120952,1.0002966516717455,0.5,0.5
DEPS_DEV_V1,query1,8,1/16,789.2143534142524,786.6454204665497,1166303.0,726660.0,0.0,0.0,5070.0,789.2143534142524,786.6454204665497,1166303.0,726660.0,0.0,72.0,5070.0,457.6647077548897,456.2716858210042,1102659.0,726660.0,2488.0,72.0,5070.0,457.78910775488976,456.2716858210042,1102659.0,726660.0,2488.0,72.0,5070.0,741.6232498539612,0.0,741.6232498539612,0.0,434.30152799565286,0.0,434.34187799565285,0.0,0.0,0.0,0.0,0.0,0.0,0.0,0.0,0.0,0.0,0.0,0.0,0.0,0.0,0.0,0.0,0.0,47.59110356029123,726660.0,47.59110356029123,726660.0,23.363179759236875,726660.0,23.447229759236873,726660.0,726.66,0.11590772860167588,0.35758103792426094,726.66,0.11590772860167588,0.35758103792426094,726.66,0.10906797644610779,0.35109846535355416,726.66,0.10908398364035239,0.35109846535355416,5070,0.0,0.0,0.0,0.0,0.0,0.41997795455238895,0.42010088162364534,0.054569009939955615,0.0,0.49072978303747533,0.41997795455238895,0.419943256512721,0.054569009939955615,0.0,0.49072978303747533,1.0002718147104028,1.0,1.0
DEPS_DEV_V1,query1,8,1/4,801.9125762581825,799.2958049429581,1463863.0,1069805.0,0.0,0.0,5117.0,801.9125762581825,799.2958049429581,1463863.0,1069805.0,0.0,86.0,5117.0,442.5402249100744,441.1995791057125,1394926.0,1069805.0,2695.0,86.0,5117.0,442.6749749100745,441.1995791057125,1394926.0,1069805.0,2695.0,86.0,5117.0,754.1670741429552,0.0,754.1670741429552,0.0,421.0592107997122,0.0,421.1029107997123,0.0,0.0,0.0,0.0,0.0,0.0,0.0,0.0,0.0,0.0,0.0,0.0,0.0,0.0,0.0,0.0,0.0,47.74550211522728,1069805.0,47.74550211522728,1069805.0,21.481014110362235,1069805.0,21.572064110362234,1069805.0,1069.805,0.11009695415961601,0.3679646771902307,1069.805,0.11009695415961601,0.3679646771902307,1069.805,0.10131040520105795,0.36402026629330403,1069.805,0.10133135758201034,0.36402026629330403,5117,0.0,0.0,0.0,0.0,0.0,0.44801464441915995,0.44814405209228836,0.047092521636246,0.0,0.5266757865937073,0.44801464441915995,0.4479760163188268,0.047092521636246,0.0,0.5266757865937073,1.0003044920945379,1.0,1.0
DEPS_DEV_V1,query1,8,inf,803.3573753237724,800.8106559831649,936135.0,484440.0,0.0,0.0,5067.0,803.3573753237724,800.8106559831649,936135.0,484440.0,0.0,0.0,5067.0,448.0340657695262,446.74197334237397,868294.0,968880.0,2654.0,0.0,5067.0,448.1662813295263,446.74197334237397,868294.0,484440.0,2654.0,0.0,5067.0,756.464756407775,0.0,756.464756407775,0.0,426.897125877957,0.0,426.9403758779571,0.0,0.0,0.0,0.0,0.0,0.0,0.0,0.0,0.0,0.0,0.0,0.0,0.0,0.0,0.0,0.0,0.0,46.892618915997446,484440.0,46.892618915997446,484440.0,21.136939891569263,968880.0,21.22590545156926,484440.0,484.44,0.11436546905675814,0.3602024592147652,484.44,0.11436546905675814,0.3602024592147652,968.88,0.10632964498309183,0.3560419218635208,484.44,0.10634927197118707,0.35604180892363985,5067,0.0,0.0,0.0,0.0,0.0,0.4421378262082396,0.4422979367196851,0.07246924855923553,-1.0,0.5237813301756463,0.4421378262082396,0.442133357960516,0.07246924855923553,0.0,0.5237813301756463,1.0002951015784325,0.5,0.5
DEPS_DEV_V1,query1,16,inf,1599.0000133896247,1593.8607210591435,2179739.0,1372580.0,0.0,0.0,10168.0,1599.0000133896247,1593.8607210591435,2179739.0,1372580.0,0.0,0.0,10168.0,701.1794761257398,699.1858293330297,2009702.0,2745160.0,6641.0,0.0,10168.0,701.5101535457401,699.1858293330297,2009702.0,1372580.0,6641.0,0.0,10168.0,1504.2922815829515,0.0,1504.2922815829515,0.0,671.0004743047732,0.0,671.1096743047732,0.0,0.0,0.0,0.0,0.0,0.0,0.0,0.0,0.0,0.0,0.0,0.0,0.0,0.0,0.0,0.0,0.0,94.70773180667311,1372580.0,94.70773180667311,1372580.0,30.17900182096675,2745160.0,30.40047924096674,1372580.0,1372.58,0.13067946619826828,0.39417779105815165,1372.58,0.13067946619826828,0.39417779105815165,2745.16,0.12314185514944585,0.38529657861715566,1372.58,0.12316309553488483,0.3852965699726161,10168,0.0,0.0,0.0,0.0,0.0,0.5613256415099994,0.56148876156708,0.07800796333873006,-1.0,0.6531274586939417,0.5613256415099994,0.5612819589296622,0.07800796333873006,0.0,0.6531274586939417,1.0004716016815371,0.5,0.5
DEPS_DEV_V1,query1,50,inf,4164.906006120145,4151.065277867019,720400.0,0.0,0.0,0.0,28000.0,4164.906006120145,4151.065277867019,720400.0,0.0,0.0,0.0,28000.0,845.9871453309672,843.4301005676389,109000.0,0.0,23800.0,0.0,28000.0,847.1771453309659,843.4301005676389,109000.0,0.0,23800.0,0.0,28000.0,3898.2644617557526,0.0,3898.2644617557526,0.0,809.2637891805177,0.0,809.6637891805174,0.0,0.0,0.0,0.0,0.0,0.0,0.0,0.0,0.0,0.0,0.0,0.0,0.0,0.0,0.0,0.0,0.0,266.64154436439276,0.0,266.64154436439276,0.0,36.7233561504483,0.0,37.51335615044823,0.0,0.0,0.13230508984997869,0.41827347222715616,0.0,0.13230508984997869,0.41827347222715616,0.0,0.12386069439187646,0.41385428109206257,0.0,0.12388569439187647,0.41385428109206257,28000,0.0,0.0,0.0,,0.0,0.7968159871961766,0.7968772538713175,0.8486951693503609,,0.85,0.7968159871961766,0.7965915331375842,0.8486951693503609,,0.85,1.0014066407587472,,
DEPS_DEV_V1,query2,1,inf,87.60408853925765,87.31696345936507,104044.0,0.0,0.0,0.0,554.0,86.6572839858526,86.37089879345149,103996.0,0.0,2.0,0.0,554.0,86.6572839858526,86.37089879345149,103996.0,0.0,2.0,0.0,554.0,86.6572839858526,86.37089879345149,103996.0,0.0,2.0,0.0,554.0,82.05186527222395,0.0,81.1050607188189,0.0,81.1050607188189,0.0,81.1050607188189,0.0,0.0,0.0,0.0,0.0,0.0,0.0,0.0,0.0,0.0,0.0,0.0,0.0,0.0,0.0,0.0,0.0,5.552223267033696,0.0,5.552223267033696,0.0,5.552223267033696,0.0,5.552223267033696,0.0,0.0,0.08099127849316702,0.2942521897251759,0.0,0.07783082264384865,0.2940806316739294,0.0,0.07783082264384865,0.2940806316739294,0.0,0.07783082264384865,0.2940806316739294,554,0.010834832413221251,0.010807766728612833,0.000461343277843973,,0.0036101083032490976,0.010834832413221251,0.010807766728612833,0.000461343277843973,,0.0036101083032490976,0.010834832413221251,0.010807766728612833,0.000461343277843973,,0.0036101083032490976,1.0,,
DEPS_DEV_V1,query2,2,1,184.25327573530376,183.6701740603894,185587.0,0.0,0.0,0.0,1122.0,181.4128620750886,180.83198006264865,185443.0,0.0,6.0,0.0,1122.0,178.25348841200412,177.72104968689382,183002.0,0.0,102.0,0.0,1122.0,178.2582884120041,177.72104968689382,183002.0,0.0,102.0,0.0,1122.0,173.20051330141723,0.0,170.36009964120208,0.0,168.41598099927603,0.0,168.41618099927604,0.0,0.0,0.0,0.0,0.0,0.0,0.0,0.0,0.0,0.0,0.0,0.0,0.0,0.0,0.0,0.0,0.0,11.052762433886528,0.0,11.052762433886528,0.0,9.83750741272807,0.0,9.84210741272807,0.0,0.0,0.06929208412561018,0.3586356812571038,0.0,0.0658892235985738,0.3582415152296615,0.0,0.06240616437800393,0.3578035753687693,0.0,0.06240625628976864,0.3578035753687693,1122,0.015452666783054125,0.015415810920483497,0.0007759164165593857,,0.0053475935828877,0.03239025826555564,0.032562717267067054,0.013928777338929943,,0.09090909090909091,0.03239025826555564,0.03253666616984319,0.013928777338929943,,0.09090909090909091,1.0000269279442593,,
DEPS_DEV_V1,query2,2,1/16,191.27234744187444,190.68515263777226,190112.0,0.0,0.0,0.0,1128.0,187.48512922825427,186.90089397411793,189920.0,0.0,8.0,27.0,1128.0,182.82056738832205,182.2889370545745,187242.0,0.0,113.0,27.0,1128.0,182.8136161572817,182.27717504557222,187217.0,0.0,114.0,33.0,1128.0,180.37204605620354,0.0,176.58482784258337,0.0,173.23743308920115,0.0,173.23778308920114,0.0,0.0,0.0,0.0,0.0,0.0,0.0,0.0,0.0,0.0,0.0,0.0,0.0,0.0,0.0,0.0,0.0,10.9003013856709,0.0,10.9003013856709,0.0,9.583134299120903,0.0,9.575833068080545,0.0,0.0,0.08053815768803016,0.3537106892011642,0.0,0.07573091178049841,0.3533780831255234,0.0,0.07383395934851754,0.3518558774190528,0.0,0.07383450086476301,0.3518558774190528,1128,0.01984558635691447,0.01980013454255891,0.0010099309880491347,,0.0070921985815602835,0.04403182663700789,0.044187150764805616,0.015096364248443073,,0.10017730496453901,0.04409350951498536,0.04422349282435223,0.015227865679178554,,0.10106382978723404,0.999961977849978,,
DEPS_DEV_V1,query2,2,1/4,187.46171405445784,186.87842751387507,205697.0,0.0,0.0,0.0,1120.0,183.20109356413514,182.62113651726395,205481.0,0.0,9.0,17.0,1120.0,176.88336591232508,176.34678846411407,203253.0,0.0,97.0,17.0,1120.0,176.88776591232508,176.34678846411407,203253.0,0.0,97.0,17.0,1120.0,176.58695635013282,0.0,172.32633585981011,0.0,167.03172802417578,0.0,167.03227802417575,0.0,0.0,0.0,0.0,0.0,0.0,0.0,0.0,0.0,0.0,0.0,0.0,0.0,0.0,0.0,0.0,0.0,10.87475770432502,0.0,10.87475770432502,0.0,9.851637888149321,0.0,9.855487888149321,0.0,0.0,0.07602387175133282,0.34758467212048444,0.0,0.06948267528787255,0.3471402188023044,0.0,0.06670189660667669,0.3451771649635312,0.0,0.0667019875157676,0.3451771649635312,1120,0.022781072450403728,0.022727950140715047,0.0010500882365810371,,0.008035714285714285,0.05635556329249969,0.05642937916944335,0.01188155393612933,,0.08660714285714285,0.05635556329249969,0.056405907710099235,0.01188155393612933,,0.08660714285714285,1.0000248751485326,,
DEPS_DEV_V1,query2,2,inf,207.534653079696,206.92505703587085,148005.0,0.0,0.0,0.0,1198.0,200.90702120586067,200.30260437447578,147669.0,0.0,14.0,0.0,1198.0,197.8190685456282,197.26941351313144,144897.0,0.0,123.0,0.0,1198.0,197.8245185456282,197.26941351313144,144897.0,0.0,123.0,0.0,1198.0,196.27172750420868,0.0,189.64409563037336,0.0,187.9393964096284,0.0,187.9395964096284,0.0,0.0,0.0,0.0,0.0,0.0,0.0,0.0,0.0,0.0,0.0,0.0,0.0,0.0,0.0,0.0,0.0,11.262925575487316,0.0,11.262925575487316,0.0,9.8796721359998,0.0,9.8849221359998,0.0,0.0,0.07582816355759003,0.3662381412588087,0.0,0.06382031999836567,0.365888004566488,0.0,0.06289790989974295,0.36571284663993586,0.0,0.06289800181150765,0.36571284663993586,1198,0.03200411180868756,0.03193506132824109,0.0022701935745413904,,0.011686143572621035,0.046662514733851634,0.04681427602520383,0.020999290564508,,0.10267111853088481,0.046662514733851634,0.04678801535056887,0.020999290564508,,0.10267111853088481,1.0000275504279748,,
DEPS_DEV_V1,query2,4,1,405.3746077492833,404.17907998524606,273711.0,0.0,0.0,0.0,2337.0,398.746975875448,397.556627323851,273375.0,0.0,14.0,0.0,2337.0,371.19384672113864,370.2328578867018,261665.0,0.0,473.0,0.0,2337.0,371.2167967211387,370.2328578867018,261665.0,0.0,473.0,0.0,2337.0,383.1825927114114,0.0,376.5549608375761,0.0,354.5633433519882,0.0,354.5656933519882,0.0,0.0,0.0,0.0,0.0,0.0,0.0,0.0,0.0,0.0,0.0,0.0,0.0,0.0,0.0,0.0,0.0,22.192015037871897,0.0,22.192015037871897,0.0,16.63050336915046,0.0,16.65110336915046,0.0,0.0,0.0760811054898936,0.3848726270067605,0.0,0.07336767806000785,0.38453746998926536,0.0,0.07042339923474139,0.38335004638231884,0.0,0.07042362244902711,0.38335004638231884,2337,0.01638494664700807,0.016349400646067047,0.001227572147264766,,0.00599058622165169,0.08398807305856448,0.08431894937357509,0.044009922874857055,,0.20239623448866068,0.08398807305856448,0.08426233507272518,0.044009922874857055,,0.20239623448866068,1.0000618275335185,,
DEPS_DEV_V1,query2,4,1/16,368.45512988232076,367.2916052304208,430380.0,0.0,0.0,0.0,2247.0,362.30090028518794,361.14218490198255,430068.0,0.0,13.0,50.0,2247.0,347.92178006686123,346.9357264060527,421219.0,0.0,360.0,50.0,2247.0,347.45926285332087,346.4565731976181,421173.0,0.0,362.0,65.0,2247.0,346.54750070907176,0.0,340.39327111193893,0.0,330.340282912949,0.0,329.8679306362465,0.0,0.0,0.0,0.0,0.0,0.0,0.0,0.0,0.0,0.0,0.0,0.0,0.0,0.0,0.0,0.0,0.0,21.907629173249006,0.0,21.907629173249006,0.0,17.581497153912185,0.0,17.591332217074335,0.0,0.0,0.057078775563136196,0.3734738734878148,0.0,0.055535609840951634,0.3731856994702001,0.0,0.05493570387961422,0.37262049919248297,0.0,0.0549368025313557,0.3724442622852935,2247,0.01674261061474691,0.016702792546539946,0.0007249407500348193,,0.005785491766800178,0.05542157385164803,0.055728223466498084,0.02128584042009385,,0.1602136181575434,0.056726131869340723,0.056983511223485106,0.021392722710163126,,0.16110369381397419,0.9986706287446233,,
DEPS_DEV_V1,query2,4,1/4,370.0721783004701,368.89957053400576,337834.0,0.0,0.0,0.0,2275.0,362.0243395965272,360.8580208737403,337426.0,0.0,17.0,28.0,2275.0,340.3765513910511,339.4251814512536,326465.0,0.0,447.0,28.0,2275.0,340.3980513910511,339.4251814512536,326465.0,0.0,447.0,28.0,2275.0,347.6704339729622,0.0,339.6225952690193,0.0,323.2807403933698,0.0,323.2824903933698,0.0,0.0,0.0,0.0,0.0,0.0,0.0,0.0,0.0,0.0,0.0,0.0,0.0,0.0,0.0,0.0,0.0,22.401744327507913,0.0,22.401744327507913,0.0,17.09581099768132,0.0,17.11556099768132,0.0,0.0,0.06683771423995495,0.3664249275246744,0.0,0.06369781645891422,0.3661772582927883,0.0,0.0615445094317807,0.3650061218087178,0.0,0.061544582961192466,0.3650061218087178,2275,0.021798750398719036,0.021746673151443074,0.0012076937194006598,,0.0074725274725274725,0.07989813878093188,0.08024279762340969,0.03365262229378929,,0.19648351648351647,0.07989813878093188,0.08018470084861629,0.03365262229378929,,0.19648351648351647,1.000063165338247,,
DEPS_DEV_V1,query2,4,inf,404.22894298657775,403.0236246427521,422098.0,0.0,0.0,0.0,2330.0,396.18110428263486,394.98207498248667,421690.0,0.0,17.0,0.0,2330.0,368.500986949445,367.533342926763,409870.0,0.0,481.0,0.0,2330.0,368.52418694944504,367.533342926763,409870.0,0.0,481.0,0.0,2330.0,382.19092189054936,0.0,374.1430831866065,0.0,352.0659214380059,0.0,352.06827143800587,0.0,0.0,0.0,0.0,0.0,0.0,0.0,0.0,0.0,0.0,0.0,0.0,0.0,0.0,0.0,0.0,0.0,22.038021096028388,0.0,22.038021096028388,0.0,16.435065511439145,0.0,16.455915511439144,0.0,0.0,0.06407802189303578,0.3673099740187488,0.0,0.060772447753979,0.36716701961839937,0.0,0.05650593099033229,0.36592008370802004,0.0,0.056506233105135924,0.36592008370802004,2330,0.019953047832850124,0.01990911052653177,0.0009666001734194296,,0.007296137339055794,0.088060052924809,0.08838544754653821,0.028969575785718016,,0.20643776824034335,0.088060052924809,0.08832805432815893,0.028969575785718016,,0.20643776824034335,1.0000629577689657,,
DEPS_DEV_V1,query2,8,1,772.3788833888248,769.9585985420272,772360.0,0.0,0.0,0.0,4653.0,758.1768150877491,755.7676285533234,771640.0,0.0,30.0,0.0,4653.0,667.8134322449384,666.1269718687981,734594.0,0.0,1476.0,0.0,4653.0,667.8857322449384,666.1269718687981,734594.0,0.0,1476.0,0.0,4653.0,726.9509123750031,0.0,712.7488440739274,0.0,640.07017357149,0.0,640.07787357149,0.0,0.0,0.0,0.0,0.0,0.0,0.0,0.0,0.0,0.0,0.0,0.0,0.0,0.0,0.0,0.0,0.0,45.42797101382166,0.0,45.42797101382166,0.0,27.743258673448267,0.0,27.807858673448266,0.0,0.0,0.06008440027308228,0.361564914508314,0.0,0.06004027182423918,0.36156043537894633,0.0,0.05869344429795226,0.36060549801883307,0.0,0.05869422367445106,0.36060549801883307,4653,0.018430822144950842,0.01838743731413761,0.0009322077787560223,,0.006447453255963894,0.13485351922797117,0.1353810330560874,0.04889688746180543,,0.31721470019342357,0.13485351922797117,0.13528742614689437,0.04889688746180543,,0.31721470019342357,1.0001082637702523,,
DEPS_DEV_V1,query2,8,1/16,762.9769105892628,760.5982704991475,735774.0,0.0,0.0,0.0,4587.0,748.7748422881872,746.4073005104437,735054.0,0.0,30.0,99.0,4587.0,714.1398408599977,712.1550928838551,715429.0,0.0,799.0,99.0,4587.0,713.2429588949975,711.2203104849905,715387.0,0.0,801.0,129.0,4587.0,718.2137169353664,0.0,704.0116486342907,0.0,678.9348568806088,0.0,677.9907023272037,0.0,0.0,0.0,0.0,0.0,0.0,0.0,0.0,0.0,0.0,0.0,0.0,0.0,0.0,0.0,0.0,0.0,44.76319365389645,0.0,44.76319365389645,0.0,35.20498397938877,0.0,35.252256567793786,0.0,0.0,0.05906480885247087,0.35483568420951683,0.0,0.05858427406197823,0.3548311286072088,0.0,0.05818363161856736,0.3545754763951934,0.0,0.05818822178405342,0.35457307117911646,4587,0.018657641673824443,0.018614021084998655,0.0009785613517193648,,0.006540222367560497,0.06369088583846139,0.06400858145438149,0.0276511537510159,,0.17418792238936123,0.06491989520532615,0.06518408487073979,0.027708236496532868,,0.17462393721386527,0.9987441087673808,,
DEPS_DEV_V1,query2,8,1/4,793.4544179756194,791.031040889211,741820.0,0.0,0.0,0.0,4693.0,776.8853382910311,774.4749092357233,740980.0,0.0,35.0,61.0,4693.0,679.1854320582906,677.5195652619004,702786.0,0.0,1527.0,61.0,4693.0,679.2600320582906,677.5195652619004,702786.0,0.0,1527.0,61.0,4693.0,748.2679657684639,0.0,731.6988860838755,0.0,652.0948503143219,0.0,652.1034003143218,0.0,0.0,0.0,0.0,0.0,0.0,0.0,0.0,0.0,0.0,0.0,0.0,0.0,0.0,0.0,0.0,0.0,45.186452207155526,0.0,45.186452207155526,0.0,27.09058174396873,0.0,27.156631743968724,0.0,0.0,0.05618522338731707,0.3648703348393473,0.0,0.05613748005477114,0.36485461222792026,0.0,0.05475919489091262,0.36352336765234006,0.0,0.05475990243808243,0.36352336765234006,4693,0.02092981286154927,0.0208822073571181,0.0011323501658083712,,0.007457916045173663,0.143498130616607,0.14401455626004211,0.052619233776387775,,0.3253782228851481,0.143498130616607,0.14392053699654084,0.052619233776387775,,0.3253782228851481,1.0001098374559858,,
DEPS_DEV_V1,query2,8,inf,779.6163416905329,777.2177218943834,747267.0,0.0,0.0,0.0,4645.0,763.0472620059445,760.6615902408957,746427.0,0.0,35.0,0.0,4645.0,658.9545956712465,657.3205255530775,707683.0,0.0,1547.0,0.0,4645.0,659.0301956712464,657.3205255530775,707683.0,0.0,1547.0,0.0,4645.0,734.7173892436549,0.0,718.1483095590665,0.0,632.2913210325611,0.0,632.3003710325611,0.0,0.0,0.0,0.0,0.0,0.0,0.0,0.0,0.0,0.0,0.0,0.0,0.0,0.0,0.0,0.0,0.0,44.898952446877956,0.0,44.898952446877956,0.0,26.66327463868529,0.0,26.729824638685287,0.0,0.0,0.05583677370412406,0.3491405628237097,0.0,0.055782468769627176,0.34913381623672474,0.0,0.05424167293905563,0.3469651088412833,0.0,0.05424288359280865,0.3469651088412833,4645,0.021301793805130864,0.02125286349008504,0.001124096206576719,,0.007534983853606028,0.15426461976326222,0.1547706731719367,0.052971695525160345,,0.33304628632938643,0.15426461976326222,0.15467370239803535,0.052971695525160345,,0.33304628632938643,1.0001147271761917,,
DEPS_DEV_V1,query2,16,inf,1548.3291152501479,1543.5679173963144,1520466.0,0.0,0.0,0.0,9235.0,1519.9249786479966,1515.185977418907,1519026.0,0.0,60.0,0.0,9235.0,1172.4725000069873,1169.782134979032,1412854.0,0.0,4196.0,0.0,9235.0,1172.679300006987,1169.782134979032,1412854.0,0.0,4196.0,0.0,9235.0,1459.2018076051027,0.0,1430.7976710029513,0.0,1131.9835449975562,0.0,1132.0153449975562,0.0,0.0,0.0,0.0,0.0,0.0,0.0,0.0,0.0,0.0,0.0,0.0,0.0,0.0,0.0,0.0,0.0,89.12730764504522,0.0,89.12730764504522,0.0,40.48895500943065,0.0,40.66395500943063,0.0,0.0,0.05351381939645781,0.38071285048081555,0.0,0.05349872400889135,0.38071244923549946,0.0,0.04944687315619478,0.37729264310846217,0.0,0.04945513846231723,0.37729264310846217,9235,0.018387231075184585,0.018345025177390895,0.0009470780668557888,,0.006497022198159177,0.24215700404539575,0.2427498207849933,0.07077567009061692,,0.4543584190579318,0.24215700404539575,0.242616257450194,0.07077567009061692,,0.4543584190579318,1.0001763794033536,,
DEPS_DEV_V1,query2,50,inf,4864.286405034363,4849.2959244176745,4769200.0,0.0,0.0,0.0,29000.0,4769.605949693859,4754.689457826316,4764400.0,0.0,200.0,0.0,29000.0,2628.1218417381588,2621.996191330254,4302400.0,0.0,18200.0,0.0,29000.0,2629.0218417381566,2621.996191330254,4302400.0,0.0,18200.0,0.0,29000.0,4584.120604582131,0.0,4489.440149241626,0.0,2542.765529918252,0.0,2542.9755299182516,0.0,0.0,0.0,0.0,0.0,0.0,0.0,0.0,0.0,0.0,0.0,0.0,0.0,0.0,0.0,0.0,0.0,280.16580045223236,0.0,280.16580045223236,0.0,85.35631181991101,0.0,86.04631181991095,0.0,0.0,0.016749845817685127,0.5127468599472194,0.0,0.016749845817685127,0.5127468599472194,0.0,0.011120248845616975,0.49705782285891464,0.0,0.011136915512283643,0.49705782285891464,29000,0.019509320129337926,0.019464408025504754,0.0010064581061813849,,0.006896551724137931,0.4593037355943347,0.4597107113145833,0.09787805082613432,,0.6275862068965518,0.4593037355943347,0.45952568931442594,0.09787805082613432,,0.6275862068965518,1.0003424498764497,,
GITHUB_REPOS,query1,1,inf,921.8658859012648,873.5576349368785,232873872.0,288345294.0,0.0,0.0,898.0,773.7603956211899,725.464087683009,232872833.0,288345294.0,31.0,0.0,898.0,774.0487409151899,725.464087683009,232872833.0,576690588.0,31.0,0.0,898.0,773.7603956211899,725.464087683009,232872833.0,288345294.0,31.0,0.0,898.0,901.9362795490306,288345294.0,753.8307892689556,288345294.0,754.1191345629557,576690588.0,753.8307892689556,288345294.0,0.0,0.0,0.0,0.0,0.0,0.0,0.0,0.0,0.0,0.0,0.0,0.0,0.0,0.0,0.0,0.0,19.92960635223426,0.0,19.92960635223426,0.0,19.92960635223426,0.0,19.92960635223426,0.0,288345.294,0.9064263363921673,1.7961356202428216,288345.294,0.698313607532995,1.7806387734290714,576690.588,0.6988535799936691,1.781664545830195,288345.294,0.698313607532995,1.7806387734290714,898,0.16952922318007146,0.16065839136164495,4.461642652664466e-06,0.0,0.034521158129175944,0.16952922318007146,0.16034560693344357,4.461642652664466e-06,-1.0,0.034521158129175944,0.16952922318007146,0.16065839136164495,4.461642652664466e-06,0.0,0.034521158129175944,0.9996274843188052,0.5,0.5
GITHUB_REPOS,query1,2,1,2258.8814245958347,2162.194032452535,465768620.0,576690588.0,0.0,0.0,1931.0,1945.0787618893642,1848.423016272951,465765897.0,576690588.0,83.0,0.0,1931.0,1930.6982217926814,1833.4973696488887,465764034.0,1153381176.0,154.0,0.0,1931.0,1930.1250812046815,1833.4973696488887,465764034.0,576690588.0,154.0,4.0,1931.0,2217.3933704637457,576690588.0,1903.5907077572751,576690588.0,1889.8083632167425,1153381176.0,1889.2336726287424,576690588.0,0.0,0.0,0.0,0.0,0.0,0.0,0.0,0.0,0.0,0.0,0.0,0.0,0.0,0.0,0.0,0.0,41.48805413208902,0.0,41.48805413208902,0.0,40.88985857593909,0.0,40.89140857593909,0.0,576690.588,1.1899092851549613,2.9553305139210746,576690.588,0.887504376163014,2.9326541594731164,1153173.184,0.8818973027695932,2.9306500522237897,576690.588,0.8815075415655391,2.929267016547304,1931,0.14511695595777752,0.13891949320120556,5.846250440866285e-06,0.0,0.04298291040911445,0.15201996577097754,0.14528571496924536,9.84609053311658e-06,-1.0,0.0797514241325738,0.15201996577097754,0.1455394425805131,9.84609053311658e-06,0.0,0.0797514241325738,0.9997031433594693,0.5,0.5000901824647356
GITHUB_REPOS,query1,2,1/16,2875.4476611590944,2682.9367636374664,931483784.0,1153381176.0,0.0,0.0,2109.0,2407.021655601093,2214.5526117028203,931480219.0,1153381176.0,109.0,8.0,2109.0,2394.196750252592,2201.7652910775505,931478050.0,1153589168.0,193.0,8.0,2109.0,2394.2007422605925,2201.7652910775505,931478050.0,1153381176.0,193.0,8.0,2109.0,2832.3134083074983,1153381176.0,2363.8874027494967,1153381176.0,2351.762690552374,1153589168.0,2351.764232560374,1153381176.0,0.0,0.0,0.0,0.0,0.0,0.0,0.0,0.0,0.0,0.0,0.0,0.0,0.0,0.0,0.0,0.0,43.1342528515961,0.0,43.1342528515961,0.0,42.43405970021851,0.0,42.436509700218515,0.0,1153381.176,1.0240830456964334,3.386315333284127,1153381.176,0.6500019220770906,3.348713230050665,1153589.168,0.6471393561111108,3.345908186920884,1153381.176,0.6471390449528661,3.34590811085998,2109,0.17457890110671903,0.16290541882761267,3.827227120001275e-06,0.0,0.051683262209578,0.1793450666006582,0.1673655609897311,6.155770071902822e-06,-0.00018033240382964166,0.09151256519677572,0.1793450666006582,0.16736417268138037,6.155770071902822e-06,0.0,0.09151256519677572,1.0000016673683982,0.9998197001100828,0.9998197001100828
GITHUB_REPOS,query1,2,1/4,2811.3959461587947,2499.235028529307,1513570421.0,1874244411.0,0.0,0.0,2064.0,2369.953392765317,2057.8239470326807,1513567840.0,1874244411.0,82.0,13.0,2064.0,2339.341707550855,2027.2467163149267,1513565737.0,1874582398.0,161.0,13.0,2064.0,2339.345319563855,2027.2467163149267,1513565737.0,1874244411.0,161.0,13.0,2064.0,2768.603059838526,1874244411.0,2327.160506445048,1874244411.0,2297.1863243737284,1874582398.0,2297.1881863867284,1874244411.0,0.0,0.0,0.0,0.0,0.0,0.0,0.0,0.0,0.0,0.0,0.0,0.0,0.0,0.0,0.0,0.0,42.792886320268735,0.0,42.792886320268735,0.0,42.15538317712657,0.0,42.157133177126575,0.0,1874244.411,1.537400799046107,3.6005805494405037,1874244.411,1.126087705354911,3.568585145219411,1874582.398,1.1226167603383188,3.562549581024951,1874244.411,1.1226162684653458,3.5625495318376537,2064,0.1766184758367354,0.1570189905113223,1.7052394550853833e-06,0.0,0.03972868217054264,0.18885311178281827,0.16790741953402422,3.094669355996338e-06,-0.00018033240382964166,0.07800387596899225,0.18885311178281827,0.16790613475839355,3.094669355996338e-06,0.0,0.07800387596899225,1.000001544029668,0.9998197001100828,0.9998197001100829
GITHUB_REPOS,query1,2,inf,1859.514081692556,1667.1704963345546,931436157.0,1153381176.0,0.0,0.0,1763.0,1660.804276304175,1468.4814969983418,931434303.0,1153381176.0,54.0,0.0,1763.0,1635.9408370894091,1442.4916531220078,931432752.0,2306762352.0,114.0,0.0,1763.0,1634.7904559134092,1442.4916531220078,931432752.0,1153381176.0,114.0,0.0,1763.0,1820.0615322093945,1153381176.0,1621.3517268210135,1153381176.0,1597.092129800119,2306762352.0,1595.940248624119,1153381176.0,0.0,0.0,0.0,0.0,0.0,0.0,0.0,0.0,0.0,0.0,0.0,0.0,0.0,0.0,0.0,0.0,39.45254948316142,0.0,39.45254948316142,0.0,38.848707289290054,0.0,38.850207289290054,0.0,1153381.176,0.9843060488935508,2.8169147986951018,1153381.176,0.8063847841866341,2.8047827764904483,2306762.352,0.8051151403965848,2.802641332473089,1153381.176,0.8045142404854737,2.799838434041561,1763,0.11917737254411054,0.10686114579326689,1.9904745870436003e-06,0.0,0.030629608621667612,0.13476656629092598,0.12023207933959135,3.655645074984726e-06,-1.0,0.06466250709018719,0.13476656629092598,0.12085072546189057,3.655645074984726e-06,0.0,0.06466250709018719,0.9992968075923536,0.5,0.5
GITHUB_REPOS,query1,4,1,4677.343030958902,4412.112934636418,1280829533.0,1585899117.0,0.0,0.0,3979.0,3937.837744733339,3672.6754772062413,1280823636.0,1585899117.0,176.0,0.0,3979.0,3765.6604240825577,3499.08083667187,1280813821.0,3171798234.0,551.0,0.0,3979.0,3764.093274965558,3499.08083667187,1280813821.0,1585899117.0,551.0,11.0,3979.0,4592.260476235533,1585899117.0,3852.75519000997,1585899117.0,3684.0094023803717,3171798234.0,3682.4321532633717,1585899117.0,0.0,0.0,0.0,0.0,0.0,0.0,0.0,0.0,0.0,0.0,0.0,0.0,0.0,0.0,0.0,0.0,85.08255472336896,0.0,85.08255472336896,0.0,81.65102170218617,0.0,81.66112170218616,0.0,1585899.117,1.1917880707171105,3.9100680597950164,1585899.117,0.8840860943864582,3.860942228073456,3171226.256,0.8759754801548988,3.785236929822172,1585899.117,0.8759752655405121,3.782755098384908,3979,0.16759259529042636,0.15810371001888157,4.6040474926956065e-06,0.0,0.04423221915054033,0.20693760823685403,0.19491463440718404,1.226705006029949e-05,-1.0,0.13847700427243026,0.20693760823685403,0.19524968554767697,1.226705006029949e-05,0.0,0.13847700427243026,0.9995838315353723,0.5,0.5000901824647355
GITHUB_REPOS,query1,4,1/16,4604.4889247575775,4363.240736151114,1164362471.0,1441726470.0,0.0,0.0,3882.0,3895.0780336811886,3653.8942439593375,1164356826.0,1441726470.0,167.0,10.0,3882.0,3800.3807068868578,3559.370427722577,1164346723.0,1441986460.0,552.0,10.0,3882.0,3800.399696896858,3559.370427722577,1164346723.0,1441726470.0,552.0,10.0,3882.0,4523.213169919327,1441726470.0,3813.802278842938,1441726470.0,3722.611819903,1441986460.0,3722.620259913,1441726470.0,0.0,0.0,0.0,0.0,0.0,0.0,0.0,0.0,0.0,0.0,0.0,0.0,0.0,0.0,0.0,0.0,81.27575483825058,0.0,81.27575483825058,0.0,77.76888698385775,0.0,77.77943698385775,0.0,1441726.47,1.2837070655124816,4.136498113316094,1441726.47,0.8865667813174826,4.092144335405345,1441986.46,0.8795345043652599,4.077755616318648,1441726.47,0.8795342877069267,4.077755594652816,3882,0.1625733107766827,0.15406940980181394,4.8481466387029215e-06,0.0,0.04301906233900051,0.1842369827931255,0.17463571549649348,1.3524997921399162e-05,-0.00018033240382964166,0.14219474497681608,0.1842369827931255,0.17463159125810124,1.3524997921399162e-05,0.0,0.14219474497681608,1.000004996870436,0.9998197001100828,0.9998197001100829
GITHUB_REPOS,query1,4,1/4,4453.387208434753,4236.134558053222,1047950084.0,1297553823.0,0.0,0.0,3765.0,3672.3555045246258,3455.165652113501,1047944665.0,1297553823.0,163.0,9.0,3765.0,3534.743233920916,3317.71041023219,1047935471.0,1297787814.0,513.0,9.0,3765.0,3534.760499929916,3317.71041023219,1047935471.0,1297553823.0,513.0,9.0,3765.0,4372.078192495275,1297553823.0,3591.046488585148,1297553823.0,3456.485047256252,1297787814.0,3456.493063265252,1297553823.0,0.0,0.0,0.0,0.0,0.0,0.0,0.0,0.0,0.0,0.0,0.0,0.0,0.0,0.0,0.0,0.0,81.30901593947783,0.0,81.30901593947783,0.0,78.25818666466401,0.0,78.267436664664,0.0,1297553.823,1.2483201174390555,3.7782691581576135,1297553.823,0.852795055655835,3.7216050522731123,1297787.814,0.8462678887678912,3.672886918989772,1297553.823,0.8462677354719007,3.6728868239462575,3765,0.18435885244840433,0.1753792489525381,5.1710478224942236e-06,0.0,0.04329349269588313,0.21680712338918406,0.20627983409435358,1.3944366457074864e-05,-0.00018033240382964166,0.1362549800796813,0.21680712338918406,0.2062759570434276,1.3944366457074864e-05,0.0,0.1362549800796813,1.0000048846572036,0.9998197001100828,0.9998197001100829
GITHUB_REPOS,query1,4,inf,4885.504224474542,4524.51869618264,1746464124.0,2162589705.0,0.0,0.0,4022.0,4104.793787367184,3743.8812626714353,1746457721.0,2162589705.0,190.0,0.0,4022.0,3992.36639704987,3629.476945877541,1746446901.0,4325179410.0,603.0,0.0,4022.0,3990.22445734487,3629.476945877541,1746446901.0,2162589705.0,603.0,0.0,4022.0,4802.402277686866,2162589705.0,4021.691840579509,2162589705.0,3913.069412881674,4325179410.0,3910.916223176674,2162589705.0,0.0,0.0,0.0,0.0,0.0,0.0,0.0,0.0,0.0,0.0,0.0,0.0,0.0,0.0,0.0,0.0,83.10194678767584,0.0,83.10194678767584,0.0,79.2969841681961,0.0,79.3082341681961,0.0,2162589.705,1.1633922148082665,4.295648702887554,2162589.705,0.9310079414526583,4.2451748375837965,4325179.41,0.9234539988539894,4.230435789255273,2162589.705,0.9229411979890605,4.226490426263567,4022,0.17253491165144985,0.15980140457074854,3.666264833057653e-06,0.0,0.04724017901541522,0.1978203230898904,0.18281384814905832,9.861639734487504e-06,-1.0,0.14992541024365988,0.1978203230898904,0.18325227571079683,9.861639734487504e-06,0.0,0.14992541024365988,0.9994634911999604,0.5,0.5
GITHUB_REPOS,query1,8,1,9636.764334208332,9058.393744973699,2794467297.0,3460143528.0,0.0,0.0,8042.0,8059.430459869779,7481.205270280363,2794454575.0,3460143528.0,377.0,0.0,8042.0,7678.398512067778,7097.384560288163,2794415792.0,6920287056.0,1860.0,0.0,8042.0,7675.012518539778,7097.384560288163,2794415792.0,3460143528.0,1860.0,24.0,8042.0,9466.689132180996,3460143528.0,7889.355257842443,3460143528.0,7523.493963033493,6920287056.0,7520.066069505493,3460143528.0,0.0,0.0,0.0,0.0,0.0,0.0,0.0,0.0,0.0,0.0,0.0,0.0,0.0,0.0,0.0,0.0,170.07520202733576,0.0,170.07520202733576,0.0,154.90454903428466,0.0,154.94644903428465,0.0,3460143.528,1.5571464441940528,5.181405415404208,3460143.528,1.3274140752850967,5.08672300870909,6919039.104,1.3095506909275678,5.036575029776977,3460143.528,1.309550823690951,5.0342290851876825,8042,0.1741134818265636,0.16367878466627794,4.5525671434898385e-06,0.0,0.04687888584929122,0.21648531073995936,0.2032181917315129,1.8431061997170595e-05,-1.0,0.23128574981347924,0.21648531073995936,0.20356955380809494,1.8431061997170595e-05,0.0,0.23128574981347924,0.9995590234704961,0.5,0.5000901824647355
GITHUB_REPOS,query1,8,1/16,8921.227543712826,8103.624222318409,3958662478.0,4901869998.0,0.0,0.0,7815.0,7686.196992303438,6868.72005387838,3958651385.0,4901869998.0,329.0,34.0,7815.0,7296.3499952059165,6479.516631153412,3958613977.0,4902753964.0,1755.0,34.0,7815.0,7296.4204112399175,6479.516631153412,3958613977.0,4901869998.0,1755.0,34.0,7815.0,8756.791915012524,4901869998.0,7521.761363603135,4901869998.0,7145.803399697835,4902753964.0,7145.834015731835,4901869998.0,0.0,0.0,0.0,0.0,0.0,0.0,0.0,0.0,0.0,0.0,0.0,0.0,0.0,0.0,0.0,0.0,164.4356287003029,0.0,164.4356287003029,0.0,150.5465955080819,0.0,150.58639550808192,0.0,4901869.998,1.3779635361886855,5.428072789368267,4901869.998,1.25340155438458,5.353316435512502,4902753.964,1.236788151366581,5.275015058009559,4901869.998,1.2367879526842667,5.275014723087943,7815,0.1523891205417628,0.13843728851863757,2.802209094987518e-06,0.0,0.04209852847088932,0.20041743627400666,0.1821360951220251,1.2251865439294463e-05,-0.00018033240382964166,0.22456813819577734,0.20041743627400666,0.1821282020340329,1.2251865439294463e-05,0.0,0.22456813819577734,1.00000965085749,0.9998197001100828,0.9998197001100828
GITHUB_REPOS,query1,8,1/4,8974.426179697039,8348.306341446936,3027268471.0,3748488822.0,0.0,0.0,7819.0,7624.030536253076,6998.047130239196,3027256422.0,3748488822.0,355.0,26.0,7819.0,7114.517388664987,6489.225694806781,3027216108.0,3749164796.0,1884.0,26.0,7819.0,7114.593162690987,6489.225694806781,3027216108.0,3748488822.0,1884.0,26.0,7819.0,8810.733598088613,3748488822.0,7460.33795464465,3748488822.0,6966.31124728728,3749164796.0,6966.34357131328,3748488822.0,0.0,0.0,0.0,0.0,0.0,0.0,0.0,0.0,0.0,0.0,0.0,0.0,0.0,0.0,0.0,0.0,163.69258160842583,0.0,163.69258160842583,0.0,148.20614137770713,0.0,148.24959137770713,0.0,3748488.822,1.0554933365582806,5.060356712913329,3748488.822,0.8896096167817282,4.993465972784342,3749164.796,0.8640630620924644,4.869882549183108,3748488.822,0.8640629763814753,4.8698823006212395,7819,0.16174049633326126,0.1504715305920038,3.980155746208247e-06,0.0,0.04540222534851004,0.22268955769032528,0.20724542759510878,1.7297111406411325e-05,-0.00018033240382964166,0.24095152832843075,0.22268955769032528,0.20723698426686887,1.7297111406411325e-05,0.0,0.24095152832843075,1.000010650620676,0.9998197001100828,0.9998197001100829
GITHUB_REPOS,query1,8,inf,8554.983696152456,7904.954294503899,3143701856.0,3892661469.0,0.0,0.0,7755.0,7296.160549066834,6646.251575261587,3143691325.0,3892661469.0,313.0,0.0,7755.0,6861.638278761074,6208.533471419476,3143650668.0,7785322938.0,1849.0,0.0,7755.0,6857.822417292074,6208.533471419476,3143650668.0,3892661469.0,1849.0,0.0,7755.0,8388.509447047953,3892661469.0,7129.686299962331,3892661469.0,6711.048420291434,7785322938.0,6707.188708822434,3892661469.0,0.0,0.0,0.0,0.0,0.0,0.0,0.0,0.0,0.0,0.0,0.0,0.0,0.0,0.0,0.0,0.0,166.47424910450354,0.0,166.47424910450354,0.0,150.58985846963986,0.0,150.63370846963988,0.0,3892661.469,1.4556604615154787,5.264844327204914,3892661.469,1.2423368628978009,5.1757917903125845,7785322.938,1.2245047112634975,5.061993773428655,3892661.469,1.2245045994398414,5.058258145031773,7755,0.15922960112716322,0.14714500831272992,3.3498723741587355e-06,0.0,0.040361057382333976,0.2146022304346401,0.19793672057527734,1.6282714565440948e-05,-1.0,0.2384268214055448,0.2146022304346401,0.19838276017097134,1.6282714565440948e-05,0.0,0.2384268214055448,0.9994438847817421,0.5,0.5
GITHUB_REPOS,query1,16,inf,18151.96464522835,16636.40437369165,7335155782.0,9082876761.0,0.0,0.0,15672.0,15538.994145461014,14023.685840031365,7335133680.0,9082876761.0,655.0,0.0,15672.0,13909.395383054607,12387.23905116599,7335003610.0,18165753522.0,5553.0,0.0,15672.0,13900.557406293608,12387.23905116599,7335003610.0,9082876761.0,5553.0,0.0,15672.0,17812.522377746645,9082876761.0,15199.551877979311,9082876761.0,13624.78556741071,18165753522.0,13615.801440649711,9082876761.0,0.0,0.0,0.0,0.0,0.0,0.0,0.0,0.0,0.0,0.0,0.0,0.0,0.0,0.0,0.0,0.0,339.4422674817033,0.0,339.4422674817033,0.0,284.60981564389635,0.0,284.75596564389645,0.0,9082876.761,1.7563990095155242,6.37760251233606,9082876.761,1.6884811994925342,6.245593668862991,18165753.522,1.6390393846724671,6.034617428485155,9082876.761,1.6390402483960755,6.033040160176229,15672,0.15704827046594072,0.14394973496459584,3.0131602731797713e-06,0.0,0.04179428279734559,0.2554136835748698,0.23372507302062184,2.0745571671865193e-05,-1.0,0.3543261868300153,0.2554136835748698,0.23421196118582777,2.0745571671865193e-05,0.0,0.3543261868300153,0.9993646038150755,0.5,0.5
GITHUB_REPOS,query1,50,inf,55208.188596973196,50397.6664758753,23286239400.0,28834529400.0,0.0,0.0,48200.0,47324.38504011869,42514.63188393973,23286172000.0,28834529400.0,2000.0,0.0,48200.0,37442.284237147425,32614.478656928986,23285548200.0,57669058800.0,25400.0,0.0,48200.0,37414.61970774742,32614.478656928986,23285548200.0,28834529400.0,25400.0,0.0,48200.0,54172.22358128056,28834529400.0,46288.42002442605,28834529400.0,36708.518570513676,57669058800.0,36680.114041113666,28834529400.0,0.0,0.0,0.0,0.0,0.0,0.0,0.0,0.0,0.0,0.0,0.0,0.0,0.0,0.0,0.0,0.0,1035.9650156926364,0.0,1035.9650156926364,0.0,733.7656666337556,0.0,734.5056666337551,0.0,28834529.4,3.6406107866205275,7.7720322299865074,28834529.4,3.639810638152994,7.7720322299865074,57669058.8,3.558672130768299,7.14967182552209,28834529.4,3.5586846307682993,7.14967182552209,48200,0.15641665861075293,0.1428013444600995,2.894413255960515e-06,0.0,0.04149377593360996,0.35285736547859603,0.32179835657205014,2.9682766209182532e-05,-1.0,0.5269709543568465,0.35285736547859603,0.3222994512484568,2.9682766209182532e-05,0.0,0.5269709543568465,0.9992611420493263,0.5,0.5
GITHUB_REPOS,query2,1,inf,35.64425148977898,35.41917010652833,68281.0,0.0,0.0,0.0,426.0,35.64425148977898,35.41917010652833,68281.0,0.0,0.0,0.0,426.0,35.64425148977898,35.41917010652833,68281.0,0.0,0.0,0.0,426.0,35.64425148977898,35.41917010652833,68281.0,0.0,0.0,0.0,426.0,23.94135698932223,0.0,23.94135698932223,0.0,23.94135698932223,0.0,23.94135698932223,0.0,0.0,0.0,0.0,0.0,0.0,0.0,0.0,0.0,0.0,0.0,0.0,0.0,0.0,0.0,0.0,0.0,11.70289450045675,0.0,11.70289450045675,0.0,11.70289450045675,0.0,11.70289450045675,0.0,0.0,0.09539548268557752,0.10815336080388455,0.0,0.09539548268557752,0.10815336080388455,0.0,0.09539548268557752,0.10815336080388455,0.0,0.09539548268557752,0.10815336080388455,426,0.0,0.0,0.0,,0.0,0.0,0.0,0.0,,0.0,0.0,0.0,0.0,,0.0,1.0,,
GITHUB_REPOS,query2,2,1,78.7571976967156,75.00005296664312,16191510.0,19927962.0,0.0,0.0,923.0,78.7571976967156,75.00005296664312,16191510.0,19927962.0,0.0,0.0,923.0,78.55334716319449,74.7833190120291,16191108.0,39855924.0,15.0,0.0,923.0,78.5341692011945,74.7833190120291,16191108.0,19927962.0,15.0,0.0,923.0,55.58710325718857,19927962.0,55.58710325718857,19927962.0,55.60703121918857,39855924.0,55.58710325718857,19927962.0,0.0,0.0,0.0,0.0,0.0,0.0,0.0,0.0,0.0,0.0,0.0,0.0,0.0,0.0,0.0,0.0,23.17009443952702,0.0,23.17009443952702,0.0,22.94631594400592,0.0,22.94706594400592,0.0,19927.962,0.10615532102111189,0.13980707379072776,19927.962,0.10615532102111189,0.13980707379072776,39855.924,0.10614165374045799,0.1398489060996746,19927.962,0.10610052495927637,0.13980554231170958,923,0.0,0.0,0.0,0.0,0.0,0.0028897840206916214,0.002588341630768931,2.482782643498105e-05,-1.0,0.016251354279523293,0.0028897840206916214,0.002831849050545787,2.482782643498105e-05,0.0,0.016251354279523293,0.9997558606642166,0.5,0.5
GITHUB_REPOS,query2,2,1/16,87.33989184885286,83.96778041310608,14416240.0,17713744.0,0.0,0.0,878.0,87.33989184885286,83.96778041310608,14416240.0,17713744.0,0.0,8.0,878.0,87.16168325964756,83.79567788843997,14415894.0,17713744.0,13.0,8.0,878.0,87.16233325964757,83.79567788843997,14415894.0,17713744.0,13.0,8.0,878.0,64.58356741676107,17713744.0,64.58356741676107,17713744.0,64.58356741676107,17713744.0,64.58356741676107,17713744.0,0.0,0.0,0.0,0.0,0.0,0.0,0.0,0.0,0.0,0.0,0.0,0.0,0.0,0.0,0.0,0.0,22.756324432091787,0.0,22.756324432091787,0.0,22.578115842886493,0.0,22.578765842886494,0.0,17713.744,0.118991523268706,0.160306839436515,17713.744,0.118991523268706,0.160306839436515,17713.744,0.1189658565859432,0.16030409884553082,17713.744,0.1189658565859432,0.16030409884553082,878,0.0,0.0,0.0,0.0,0.0,0.0020496257471545043,0.002040403135759483,2.4000710310057016e-05,0.0,0.014806378132118452,0.0020496257471545043,0.0020329609465576937,2.4000710310057016e-05,0.0,0.014806378132118452,1.000007457405315,1.0,1.0
GITHUB_REPOS,query2,2,1/4,86.53290291316807,80.60656904568896,26909053.0,33213270.0,0.0,0.0,896.0,86.53290291316807,80.60656904568896,26909053.0,33213270.0,0.0,15.0,896.0,86.2967686398898,80.37542984005995,26908769.0,33213270.0,11.0,15.0,896.0,86.29731863988981,80.37542984005995,26908769.0,33213270.0,11.0,15.0,896.0,63.659394974121824,33213270.0,63.659394974121824,33213270.0,63.659394974121824,33213270.0,63.659394974121824,33213270.0,0.0,0.0,0.0,0.0,0.0,0.0,0.0,0.0,0.0,0.0,0.0,0.0,0.0,0.0,0.0,0.0,22.87350793904625,0.0,22.87350793904625,0.0,22.63737366576798,0.0,22.637923665767982,0.0,33213.27,0.11072096336744641,0.15802589291951624,33213.27,0.11072096336744641,0.15802589291951624,33213.27,0.11059389604051172,0.15800919593778032,33213.27,0.11059389604051172,0.15800919593778032,896,0.0,0.0,0.0,0.0,0.0,0.0028674983734637838,0.0027288379948979813,1.055406892247479e-05,0.0,0.012276785714285714,0.0028674983734637838,0.0027224820310797204,1.055406892247479e-05,0.0,0.012276785714285714,1.0000063733556734,1.0,1.0
GITHUB_REPOS,query2,2,inf,76.95123164867982,73.58314124145545,14401345.0,17713744.0,0.0,0.0,885.0,76.95123164867982,73.58314124145545,14401345.0,17713744.0,0.0,0.0,885.0,76.82170711131181,73.44091870333068,14401051.0,35427488.0,11.0,0.0,885.0,76.80454336731181,73.44091870333068,14401051.0,17713744.0,11.0,0.0,885.0,56.06057999888435,17713744.0,56.06057999888435,17713744.0,56.07829374288435,35427488.0,56.06057999888435,17713744.0,0.0,0.0,0.0,0.0,0.0,0.0,0.0,0.0,0.0,0.0,0.0,0.0,0.0,0.0,0.0,0.0,20.890651649795473,0.0,20.890651649795473,0.0,20.743413368427454,0.0,20.743963368427455,0.0,17713.744,0.11027995453956205,0.1397241234599278,17713.744,0.11027995453956205,0.1397241234599278,35427.488,0.11030602755541087,0.13976134416855124,17713.744,0.11026648794826802,0.1397218045614084,885,0.0,0.0,0.0,0.0,0.0,0.0019328141708178093,0.001683202914273707,2.0414759871356658e-05,-1.0,0.012429378531073447,0.0019328141708178093,0.0019062499485091866,2.0414759871356658e-05,0.0,0.012429378531073447,0.9997765768993504,0.5,0.5
GITHUB_REPOS,query2,4,1,180.9741536374204,175.28690337366425,23487647.0,28784834.0,0.0,0.0,1829.0,180.9741536374204,175.28690337366425,23487647.0,28784834.0,0.0,0.0,1829.0,179.9989362519474,174.31665781023912,23485711.0,57569668.0,73.0,0.0,1829.0,179.9738014179474,174.31665781023912,23485711.0,28784834.0,73.0,0.0,1829.0,133.51028256071731,28784834.0,133.51028256071731,28784834.0,133.5390673947173,57569668.0,133.51028256071731,28784834.0,0.0,0.0,0.0,0.0,0.0,0.0,0.0,0.0,0.0,0.0,0.0,0.0,0.0,0.0,0.0,0.0,47.46387107670307,0.0,47.46387107670307,0.0,46.4598688572301,0.0,46.4635188572301,0.0,28784.834,0.1217305003917969,0.2062043524597358,28784.834,0.1217305003917969,0.2062043524597358,57569.668,0.12169970225319059,0.206247513185102,28784.834,0.12167080544405517,0.20620236192082794,1829,0.0,0.0,0.0,0.0,0.0,0.0055351857141136,0.005388710851090939,8.242630690080688e-05,-1.0,0.03991252050300711,0.0055351857141136,0.005527597169909471,8.242630690080688e-05,0.0,0.03991252050300711,0.9998603612081084,0.5,0.5
GITHUB_REPOS,query2,4,1/16,179.65699163614772,170.68006348772906,39552460.0,48712796.0,0.0,0.0,1859.0,179.65699163614772,170.68006348772906,39552460.0,48712796.0,0.0,22.0,1859.0,177.9939559513043,169.06011109380051,39550002.0,48712796.0,94.0,22.0,1859.0,177.9986559513043,169.06011109380051,39550002.0,48712796.0,94.0,22.0,1859.0,132.31804560753517,48712796.0,132.31804560753517,48712796.0,131.99546917675667,48712796.0,131.99551917675666,48712796.0,0.0,0.0,0.0,0.0,0.0,0.0,0.0,0.0,0.0,0.0,0.0,0.0,0.0,0.0,0.0,0.0,47.338946028612554,0.0,47.338946028612554,0.0,45.99848677454762,0.0,46.00313677454762,0.0,48712.796,0.12796857178694843,0.2112956732587503,48712.796,0.12796857178694843,0.2112956732587503,48712.796,0.12784044292094943,0.21129361032514848,48712.796,0.12784048486725813,0.21129361451977932,1859,0.0,0.0,0.0,0.0,0.0,0.00949116353032653,0.00925672677527356,6.214531283266211e-05,0.0,0.05056481979558903,0.00949116353032653,0.009230565811777502,6.214531283266211e-05,0.0,0.05056481979558903,1.0000264053909858,1.0,1.0
GITHUB_REPOS,query2,4,1/4,174.37879958259873,166.14417297556065,35978720.0,44284360.0,0.0,0.0,1824.0,174.37879958259873,166.14417297556065,35978720.0,44284360.0,0.0,20.0,1824.0,172.88726264042594,164.69854854024015,35976112.0,44284360.0,100.0,20.0,1824.0,172.89226264042594,164.69854854024015,35976112.0,44284360.0,100.0,20.0,1824.0,125.26790386042558,44284360.0,125.26790386042558,44284360.0,125.26790386042558,44284360.0,125.26790386042558,44284360.0,0.0,0.0,0.0,0.0,0.0,0.0,0.0,0.0,0.0,0.0,0.0,0.0,0.0,0.0,0.0,0.0,49.110895722173154,0.0,49.110895722173154,0.0,47.61935878000036,0.0,47.62435878000036,0.0,44284.36,0.12614024851705585,0.20920092634280893,44284.36,0.12614024851705585,0.20920092634280893,44284.36,0.12596474939398267,0.20918279392663078,44284.36,0.12596487565660894,0.20918279813538498,1824,0.0,0.0,0.0,0.0,0.0,0.00870102399277728,0.008553430495811365,7.248729248843233e-05,0.0,0.05482456140350877,0.00870102399277728,0.0085247572854672,7.248729248843233e-05,0.0,0.05482456140350877,1.0000289205805195,1.0,1.0
GITHUB_REPOS,query2,4,inf,185.81046317098662,178.68783890129998,30579272.0,37641706.0,0.0,0.0,1803.0,185.81046317098662,178.68783890129998,30579272.0,37641706.0,0.0,0.0,1803.0,183.98090067891482,176.85772593831643,30577226.0,75283412.0,79.0,0.0,1803.0,183.9472089729148,176.85772593831643,30577226.0,37641706.0,79.0,0.0,1803.0,140.30657202401198,37641706.0,140.30657202401198,37641706.0,139.69906086845498,75283412.0,139.66151916245497,37641706.0,0.0,0.0,0.0,0.0,0.0,0.0,0.0,0.0,0.0,0.0,0.0,0.0,0.0,0.0,0.0,0.0,45.50389114697464,0.0,45.50389114697464,0.0,44.281839810459836,0.0,44.285689810459836,0.0,37641.706,0.11952373596417552,0.2176481306735881,37641.706,0.11952373596417552,0.2176481306735881,75283.412,0.11909260306383554,0.21768692265136297,37641.706,0.11904825420764825,0.21762620663932286,1803,0.0,0.0,0.0,0.0,0.0,0.010241955883715348,0.009846391106555719,6.690806766096458e-05,-1.0,0.043815862451469775,0.010241955883715348,0.010027714081726424,6.690806766096458e-05,0.0,0.043815862451469775,0.9998168738935634,0.5,0.5
GITHUB_REPOS,query2,8,1,320.42930434527807,310.5634925919585,39629360.0,48712796.0,0.0,0.0,3609.0,320.42930434527807,310.5634925919585,39629360.0,48712796.0,0.0,0.0,3609.0,314.45742629663994,304.71546840504743,39619675.0,97425592.0,372.0,0.0,3609.0,314.42731350063997,304.71546840504743,39619675.0,48712796.0,372.0,0.0,3609.0,227.9101565068122,48712796.0,227.9101565068122,48712796.0,227.6362928720337,97425592.0,227.5876300760337,48712796.0,0.0,0.0,0.0,0.0,0.0,0.0,0.0,0.0,0.0,0.0,0.0,0.0,0.0,0.0,0.0,0.0,92.51914783846587,0.0,92.51914783846587,0.0,86.82113342460624,0.0,86.83968342460625,0.0,48712.796,0.1237816818966374,0.2391526559530444,48712.796,0.1237816818966374,0.2391526559530444,97425.592,0.12353863605025141,0.2391496445445847,48712.796,0.12351188710796954,0.2390885677930411,3609,0.0,0.0,0.0,0.0,0.0,0.018830365855637243,0.018637115793264436,0.00024438951322958147,-1.0,0.10307564422277639,0.018830365855637243,0.018731092204259392,0.00024438951322958147,0.0,0.10307564422277639,0.9999042388778837,0.5,0.5
GITHUB_REPOS,query2,8,1/16,345.8484396398999,332.3260863884352,57634638.0,70854976.0,0.0,0.0,3603.0,345.8484396398999,332.3260863884352,57634638.0,70854976.0,0.0,32.0,3603.0,338.6851446905265,325.32684547128156,57625291.0,70854976.0,358.0,32.0,3603.0,338.7030446905265,325.32684547128156,57625291.0,70854976.0,358.0,32.0,3603.0,254.6525650883559,70854976.0,254.6525650883559,70854976.0,252.7171065036849,70854976.0,252.71740650368488,70854976.0,0.0,0.0,0.0,0.0,0.0,0.0,0.0,0.0,0.0,0.0,0.0,0.0,0.0,0.0,0.0,0.0,91.19587455154397,0.0,91.19587455154397,0.0,85.96803818684161,0.0,85.98563818684161,0.0,70854.976,0.13455559070760273,0.267052877264104,70854.976,0.13455559070760273,0.267052877264104,70854.976,0.13425316750020136,0.2670174788970881,70854.976,0.13425316750020136,0.2670174788970881,3603,0.0,0.0,0.0,0.0,0.0,0.02106136473732212,0.020712237293398994,0.00016217677987329093,0.0,0.0993616430752151,0.02106136473732212,0.02066048051803626,0.00016217677987329093,0.0,0.0993616430752151,1.000052851447076,1.0,1.0
GITHUB_REPOS,query2,8,1/4,338.9007985459175,328.3379865034949,43293015.0,53141232.0,0.0,0.0,3528.0,338.9007985459175,328.3379865034949,43293015.0,53141232.0,0.0,24.0,3528.0,331.7894415608775,321.3881821951363,43283851.0,53141232.0,350.0,24.0,3528.0,331.8069415608775,321.3881821951363,43283851.0,53141232.0,350.0,24.0,3528.0,251.1471387995407,53141232.0,251.1471387995407,53141232.0,249.2116802148697,53141232.0,249.21198021486967,53141232.0,0.0,0.0,0.0,0.0,0.0,0.0,0.0,0.0,0.0,0.0,0.0,0.0,0.0,0.0,0.0,0.0,87.7536597463768,0.0,87.7536597463768,0.0,82.5777613460078,0.0,82.5949613460078,0.0,53141.232,0.12582717259733966,0.2673025451552662,53141.232,0.12582717259733966,0.2673025451552662,53141.232,0.1256036420071722,0.2673015880244859,53141.232,0.1256036420071722,0.2673015880244859,3528,0.0,0.0,0.0,0.0,0.0,0.021166616699967555,0.02098359465528521,0.00021167386932974264,0.0,0.0992063492063492,0.021166616699967555,0.02093195712573359,0.00021167386932974264,0.0,0.0992063492063492,1.0000527442944467,1.0,1.0
GITHUB_REPOS,query2,8,inf,331.0258286027238,318.98853933345526,50405366.0,61998104.0,0.0,0.0,3567.0,331.0258286027238,318.98853933345526,50405366.0,61998104.0,0.0,0.0,3567.0,322.89049123979896,310.96990134660155,50395242.0,123996208.0,388.0,0.0,3567.0,322.8478931357989,310.96990134660155,50395242.0,61998104.0,388.0,0.0,3567.0,240.90698155318387,61998104.0,240.90698155318387,61998104.0,238.71094464173433,123996208.0,238.64929653773436,61998104.0,0.0,0.0,0.0,0.0,0.0,0.0,0.0,0.0,0.0,0.0,0.0,0.0,0.0,0.0,0.0,0.0,90.11884704953991,0.0,90.11884704953991,0.0,84.1795465980646,0.0,84.1985965980646,0.0,61998.104,0.14674789785248063,0.26357464742377656,61998.104,0.14674789785248063,0.26357464742377656,123996.208,0.14640098123693573,0.2636021980067447,61998.104,0.14635903394058933,0.2635226479554592,3567,0.0,0.0,0.0,0.0,0.0,0.025137699315496143,0.024576140772049282,0.00020085163155048047,-1.0,0.1087748808522568,0.025137699315496143,0.024704825908734462,0.00020085163155048047,0.0,0.1087748808522568,0.9998680725968843,0.5,0.5
GITHUB_REPOS,query2,16,inf,655.1975142506417,631.4243789098691,99072924.0,121781990.0,0.0,0.0,7242.0,655.1975142506417,631.4243789098691,99072924.0,121781990.0,0.0,0.0,7242.0,629.0081166163901,605.7167335618287,99039403.0,243563980.0,1297.0,0.0,7242.0,628.9511846263902,605.7167335618287,99039403.0,121781990.0,1297.0,0.0,7242.0,469.50397065933794,121781990.0,469.50397065933794,121781990.0,463.81937689532487,243563980.0,463.6984949053249,121781990.0,0.0,0.0,0.0,0.0,0.0,0.0,0.0,0.0,0.0,0.0,0.0,0.0,0.0,0.0,0.0,0.0,185.69354359130375,0.0,185.69354359130375,0.0,165.1887397210653,0.0,165.2526897210653,0.0,121781.99,0.1201255424544643,0.3259795861263173,121781.99,0.1201255424544643,0.3259795861263173,243563.98,0.11963706793854195,0.3256398902411191,121781.99,0.11962141975479637,0.3255175736048412,7242,0.0,0.0,0.0,0.0,0.0,0.040713735811758966,0.039971759758894665,0.00033834673134303106,-1.0,0.17909417288041976,0.040713735811758966,0.0400586526251856,0.00033834673134303106,0.0,0.17909417288041976,0.9999094892601605,0.5,0.5
GITHUB_REPOS,query2,50,inf,2125.818668399006,2041.3959776051342,359872000.0,442843600.0,0.0,0.0,22400.0,2125.818668399006,2041.3959776051342,359872000.0,442843600.0,0.0,0.0,22400.0,1938.1323162628962,1856.6167175769806,359689200.0,885687200.0,7200.0,0.0,22400.0,1938.049472662896,1856.6167175769806,359689200.0,442843600.0,7200.0,0.0,22400.0,1552.6925592683256,442843600.0,1552.6925592683256,442843600.0,1488.6201167126248,885687200.0,1488.1872731126248,442843600.0,0.0,0.0,0.0,0.0,0.0,0.0,0.0,0.0,0.0,0.0,0.0,0.0,0.0,0.0,0.0,0.0,573.1261091306806,0.0,573.1261091306806,0.0,449.51219955027113,0.0,449.8621995502711,0.0,442843.6,0.12992393034510313,0.44903340739198017,442843.6,0.12992393034510313,0.44903340739198017,885687.2,0.12663472149734945,0.4358673259356486,442843.6,0.12664472149734943,0.43562376195564856,22400,0.0,0.0,0.0,0.0,0.0,0.09051612820601695,0.08828897540798253,0.0005079583852036773,-1.0,0.32142857142857145,0.09051612820601695,0.08832794561801571,0.0005079583852036773,0.0,0.32142857142857145,0.9999572559627096,0.5,0.5
GITHUB_REPOS,query3,1,inf,697.6826858394779,696.968122301856,37560.0,0.0,0.0,0.0,1378.0,696.6896829361438,695.9861431634054,37031.0,0.0,23.0,0.0,1378.0,696.6896829361438,695.9861431634054,37031.0,0.0,23.0,0.0,1378.0,696.6896829361438,695.9861431634054,37031.0,0.0,23.0,0.0,1378.0,631.4551019202918,0.0,631.4551019202918,0.0,631.4551019202918,0.0,631.4551019202918,0.0,0.0,0.0,0.0,0.0,0.0,0.0,0.0,0.0,0.0,0.0,0.0,0.0,0.0,0.0,0.0,0.0,66.22758391918615,0.0,65.23458101585194,0.0,65.23458101585194,0.0,65.23458101585194,0.0,0.0,0.3032253867539636,0.8500307315837399,0.0,0.3028463472097308,0.849974224140301,0.0,0.3028463472097308,0.849974224140301,0.0,0.3028463472097308,0.849974224140301,1378,0.0014089297731545436,0.0014232872959135667,0.014084132055378062,,0.016690856313497822,0.0014089297731545436,0.0014232872959135667,0.014084132055378062,,0.016690856313497822,0.0014089297731545436,0.0014232872959135667,0.014084132055378062,,0.016690856313497822,1.0,,
GITHUB_REPOS,query3,2,1,1414.1370717601385,1398.0020213762764,71864723.0,89186835.0,0.0,0.0,2738.0,1412.5035083466958,1396.382680186769,71864033.0,89186835.0,30.0,0.0,2738.0,1411.7065542988325,1395.513591218274,71862973.0,178373670.0,66.0,0.0,2738.0,1411.6191674638324,1395.513591218274,71862973.0,89186835.0,66.0,15.0,2738.0,1285.3162496779114,89186835.0,1285.3162496779114,89186835.0,1285.0864667300843,178373670.0,1284.9973298950845,89186835.0,0.0,0.0,0.0,0.0,0.0,0.0,0.0,0.0,0.0,0.0,0.0,0.0,0.0,0.0,0.0,0.0,128.8208220822271,0.0,127.18725866878442,0.0,126.62008756874799,0.0,126.62183756874799,0.0,89186.835,0.22831158385370984,1.144924518234271,89186.835,0.2279907465220692,1.1448948618455161,177626.61,0.22758719404192934,1.1449272302003826,89186.835,0.22758747772987262,1.1448712258039286,2738,0.0011583253562919005,0.0011551662466563473,9.601372846002043e-06,0.0,0.01095690284879474,0.0017799903862459887,0.001718728339594966,2.4351307942871436e-05,-1.0,0.02410518626734843,0.0017799903862459887,0.001780523505527043,2.4351307942871436e-05,0.0,0.02410518626734843,0.999938098442106,0.5,0.5021028943805211
GITHUB_REPOS,query3,2,1/16,1544.3807299218606,1534.1122730413917,43150382.0,53512101.0,0.0,0.0,2786.0,1542.2095892344569,1531.9582884889096,43149554.0,53512101.0,36.0,9.0,2786.0,1541.6183905540247,1531.3845127844252,43148484.0,53960337.0,74.0,9.0,2786.0,1541.6198423180247,1531.3845127844252,43148484.0,53512101.0,74.0,9.0,2786.0,1421.0057358751073,53512101.0,1421.0057358751073,53512101.0,1421.0061841111074,53960337.0,1421.0057358751073,53512101.0,0.0,0.0,0.0,0.0,0.0,0.0,0.0,0.0,0.0,0.0,0.0,0.0,0.0,0.0,0.0,0.0,123.37499404675327,0.0,121.20385335934952,0.0,120.61220644291744,0.0,120.61410644291743,0.0,53512.101,0.20027652691622772,1.262101066537841,53512.101,0.19983159351692178,1.2620782082061293,53960.337,0.19971569410029755,1.2620723275134704,53512.101,0.1997159127591897,1.2620723493793595,2786,0.0014040592662829532,0.0014058325420270856,1.9188706139372513e-05,0.0,0.012921751615218953,0.0017780708132650869,0.0017886388468313363,4.398570561903181e-05,-0.00837634837024992,0.02656137832017229,0.0017780708132650869,0.0017876988169721608,4.398570561903181e-05,0.0,0.02656137832017229,1.0000009417142457,0.9916932320122464,0.9916932320122464
GITHUB_REPOS,query3,2,1/4,1359.758392856922,1351.4298938009888,33577353.0,41620523.0,0.0,0.0,2810.0,1357.5443480826666,1349.2378656533547,33576295.0,41620523.0,46.0,7.0,2810.0,1356.6875101255553,1348.394879359519,33575452.0,41969151.0,76.0,7.0,2810.0,1356.6886614975554,1348.394879359519,33575452.0,41620523.0,76.0,7.0,2810.0,1226.437478550477,41620523.0,1226.437478550477,41620523.0,1226.11885739565,41969151.0,1226.11855876765,41620523.0,0.0,0.0,0.0,0.0,0.0,0.0,0.0,0.0,0.0,0.0,0.0,0.0,0.0,0.0,0.0,0.0,133.32091430644505,0.0,131.1068695321896,0.0,130.5686527299054,0.0,130.5701027299054,0.0,41620.523,0.18983040370927198,1.144242280050987,41620.523,0.18918487004933962,1.1441742012569744,41969.151,0.18889876484915358,1.1441624476275412,41620.523,0.18889890956695385,1.1441624620993214,2810,0.0016220065559368058,0.0016282633634667754,3.1509333091261915e-05,0.0,0.016370106761565837,0.0022457801587720816,0.002258403218909133,5.661554083791209e-05,-0.00837634837024992,0.02704626334519573,0.0022457801587720816,0.0022575564714235608,5.661554083791209e-05,0.0,0.02704626334519573,1.0000008486641112,0.9916932320122464,0.9916932320122464
GITHUB_REPOS,query3,2,inf,1474.1071643582545,1464.7712440651376,38365462.0,47566312.0,0.0,0.0,2870.0,1471.318713330115,1462.011457671877,38364082.0,47566312.0,60.0,0.0,2870.0,1470.7330715857743,1461.3953425120562,38363053.0,95132624.0,96.0,0.0,2870.0,1470.6873052737744,1461.3953425120562,38363053.0,47566312.0,96.0,0.0,2870.0,1340.159391014371,47566312.0,1340.159391014371,47566312.0,1340.2069573263711,95132624.0,1340.159391014371,47566312.0,0.0,0.0,0.0,0.0,0.0,0.0,0.0,0.0,0.0,0.0,0.0,0.0,0.0,0.0,0.0,0.0,133.94777334388345,0.0,131.15932231574394,0.0,130.52611425940327,0.0,130.52791425940327,0.0,47566.312,0.21725446863756823,1.2573830955174192,47566.312,0.21649602815937938,1.2572851845653512,95132.624,0.21636253054115995,1.2573024699147697,47566.312,0.216362818725598,1.2572778577296113,2870,0.0018841074361901633,0.0018916202943449756,3.596985225928773e-05,0.0,0.020905923344947737,0.002304729538321837,0.002288906026685744,6.279085079174962e-05,-1.0,0.033449477351916376,0.002304729538321837,0.002319952827831817,6.279085079174962e-05,0.0,0.033449477351916376,0.9999688819726135,0.5,0.5
GITHUB_REPOS,query3,4,1,2660.364922114415,2643.852212251397,67148160.0,83241046.0,0.0,0.0,5363.0,2656.038407297766,2639.567078322638,67146159.0,83241046.0,87.0,0.0,5363.0,2632.603805819286,2616.132667523809,67141218.0,166482092.0,263.0,0.0,5363.0,2632.5293647732865,2616.132667523809,67141218.0,83241046.0,263.0,14.0,5363.0,2413.691277220845,83241046.0,2413.691277220845,83241046.0,2393.5737597415314,166482092.0,2393.4907186955315,83241046.0,0.0,0.0,0.0,0.0,0.0,0.0,0.0,0.0,0.0,0.0,0.0,0.0,0.0,0.0,0.0,0.0,246.67364489356987,0.0,242.34713007692076,0.0,239.03004607775503,0.0,239.03864607775503,0.0,83241.046,0.093158183651895,1.5672101060875818,83241.046,0.09237848173674293,1.5671318975312016,165784.836,0.09160048949236027,1.5610618709467234,83241.046,0.09160086355719818,1.5610416230517732,5363,0.001620791778338515,0.0016262862213693996,2.9799774111438637e-05,0.0,0.016222263658400148,0.010484528824696748,0.010435078309882662,0.00010338332427872743,-1.0,0.04903971657654298,0.010484528824696748,0.010463059826771981,0.00010338332427872743,0.0,0.04903971657654298,0.9999717234147291,0.5,0.502102894380521
GITHUB_REPOS,query3,4,1/16,2839.78780650883,2822.203414511634,71941907.0,89186835.0,0.0,0.0,5541.0,2836.733835227379,2819.1736393989995,71940734.0,89186835.0,51.0,15.0,5541.0,2822.5390279012686,2805.080648311414,71934628.0,89933895.0,268.0,15.0,5541.0,2822.5491308412684,2805.080648311414,71934628.0,89186835.0,268.0,15.0,5541.0,2582.6397311061155,89186835.0,2582.6397311061155,89186835.0,2572.2211291206318,89933895.0,2572.2205320606317,89186835.0,0.0,0.0,0.0,0.0,0.0,0.0,0.0,0.0,0.0,0.0,0.0,0.0,0.0,0.0,0.0,0.0,257.1480754027143,0.0,254.09410412126377,0.0,250.31789878063685,0.0,250.32859878063687,0.0,89186.835,0.09468021485379598,1.6144284033878125,89186.835,0.09416123012185865,1.61440913948664,89933.895,0.09337025432966489,1.6114072420468462,89186.835,0.09337065359256416,1.6114072084195734,5541,0.0010735495170388631,0.0010754223517865924,1.6304822167190203e-05,0.0,0.009204114780725501,0.006067162314444041,0.006073967416870607,0.00010117885810279059,-0.00837634837024992,0.04836672080851832,0.006067162314444041,0.006070409777818697,0.00010117885810279059,0.0,0.04836672080851832,1.00000357938009,0.9916932320122464,0.9916932320122464
GITHUB_REPOS,query3,4,1/4,2957.000803248724,2942.3465356724337,57585934.0,71349468.0,0.0,0.0,5562.0,2951.8470174146096,2937.2457350275945,57583381.0,71349468.0,111.0,12.0,5562.0,2938.073146632129,2923.5578902780544,57578243.0,71947116.0,294.0,12.0,5562.0,2938.081698984129,2923.5578902780544,57578243.0,71349468.0,294.0,12.0,5562.0,2697.8862370392308,71349468.0,2697.8862370392308,71349468.0,2687.467485641747,71947116.0,2687.467037993747,71349468.0,0.0,0.0,0.0,0.0,0.0,0.0,0.0,0.0,0.0,0.0,0.0,0.0,0.0,0.0,0.0,0.0,259.1145662094932,0.0,253.96078037537865,0.0,250.60566099038243,0.0,250.61466099038245,0.0,71349.468,0.10568806068426101,1.6760658089771567,71349.468,0.10466089155675821,1.675982434497727,71947.116,0.10391430316802278,1.6723574026124335,71349.468,0.10391470194102892,1.6723573293054395,5562,0.0017335825617404987,0.0017429098525952869,4.4333743028257544e-05,0.0,0.019956850053937433,0.0063855991014618585,0.00640096431350301,0.00013355692034100475,-0.00837634837024992,0.05285868392664509,0.0063855991014618585,0.006398072074856764,0.00013355692034100475,0.0,0.05285868392664509,1.0000029108710278,0.9916932320122464,0.9916932320122464
GITHUB_REPOS,query3,4,inf,2611.3186925135087,2593.802976491628,71937012.0,89186835.0,0.0,0.0,5406.0,2607.7560276663953,2590.273210652871,71935425.0,89186835.0,69.0,0.0,5406.0,2604.173124665335,2586.6946511280257,71929795.0,178373670.0,266.0,0.0,5406.0,2604.093787830335,2586.6946511280257,71929795.0,89186835.0,266.0,0.0,5406.0,2361.425531457877,89186835.0,2361.425531457877,89186835.0,2361.1957485100497,178373670.0,2361.10661167505,89186835.0,0.0,0.0,0.0,0.0,0.0,0.0,0.0,0.0,0.0,0.0,0.0,0.0,0.0,0.0,0.0,0.0,249.89316105563194,0.0,246.33049620851867,0.0,242.97737615528516,0.0,242.98717615528517,0.0,89186.835,0.09852722348136013,1.4914859684828838,89186.835,0.09795962121490501,1.4914402327708505,178373.67,0.09767103247498991,1.4914166751859241,89186.835,0.09767131372498991,1.4913831293202366,5406,0.0013608457815602604,0.0013643163729220031,2.2060966335391008e-05,0.0,0.012763596004439512,0.0027405032024511167,0.002736382912074231,0.0001003238777834703,-1.0,0.049204587495375506,0.0027405032024511167,0.0027667648165224934,0.0001003238777834703,0.0,0.049204587495375506,0.9999695347309099,0.5,0.5
GITHUB_REPOS,query3,8,1,5587.851119747385,5557.670378400944,119947240.0,148644725.0,0.0,0.0,10920.0,5581.703678704136,5551.578794651665,119944549.0,148644725.0,117.0,0.0,10920.0,5519.49863922034,5489.5436979527585,119925264.0,297289450.0,788.0,0.0,10920.0,5519.38354449534,5489.5436979527585,119925264.0,148644725.0,788.0,25.0,10920.0,5077.200372397434,148644725.0,5077.200372397434,148644725.0,5027.166090591976,297289450.0,5027.017895866977,148644725.0,0.0,0.0,0.0,0.0,0.0,0.0,0.0,0.0,0.0,0.0,0.0,0.0,0.0,0.0,0.0,0.0,510.6507473499514,0.0,504.5033063067017,0.0,492.33254862836407,0.0,492.36564862836406,0.0,148644.725,0.0527536443969379,1.8862942913837737,148644.725,0.05180534421272365,1.886271382294331,296044.35,0.05108958787110707,1.8736948736779016,148644.725,0.05108996955049638,1.87365697239824,10920,0.0010960678367960552,0.0011001440288064268,2.243486386177551e-05,0.0,0.010714285714285714,0.01225813619910776,0.012232337451777986,0.0001832138863719912,-1.0,0.07216117216117215,0.01225813619910776,0.01225293476593925,0.0001832138863719912,0.0,0.07216117216117215,0.9999791476123969,0.5,0.5021028943805211
GITHUB_REPOS,query3,8,1/16,5921.34586460446,5883.1935139331035,158239552.0,196211037.0,0.0,0.0,11160.0,5912.733741955796,5874.659075921169,158235803.0,196211037.0,163.0,33.0,11160.0,5848.628973718568,5810.8899332797155,158215597.0,197854569.0,872.0,33.0,11160.0,5848.662780186568,5810.8899332797155,158215597.0,196211037.0,872.0,33.0,11160.0,5405.182840652764,196211037.0,5405.182840652764,196211037.0,5354.363618088652,197854569.0,5354.362524556652,196211037.0,0.0,0.0,0.0,0.0,0.0,0.0,0.0,0.0,0.0,0.0,0.0,0.0,0.0,0.0,0.0,0.0,516.1630239516962,0.0,507.5509013030323,0.0,494.2653556299162,0.0,494.3002556299162,0.0,196211.037,0.05376552938807594,2.046679316625104,196211.037,0.052535107197701526,2.0466451193293915,197854.569,0.051507639950685975,2.04246869534211,196211.037,0.05150799321155554,2.042468178354936,11160,0.0014506471683657374,0.0014544197967127914,2.3691927540370195e-05,0.0,0.01460573476702509,0.012289852523489575,0.012280466729796324,0.0001513844023016686,-0.00837634837024992,0.07813620071684588,0.012289852523489575,0.012274757475722486,0.0001513844023016686,0.0,0.07813620071684588,1.0000057802380955,0.9916932320122464,0.9916932320122465
GITHUB_REPOS,query3,8,1/4,5718.016199141974,5671.095575227635,201308361.0,249723138.0,0.0,0.0,11032.0,5711.51742967171,5664.657915568678,201305417.0,249723138.0,128.0,42.0,11032.0,5650.124564071841,5603.577877538046,201286344.0,251814906.0,792.0,42.0,11032.0,5650.155672303841,5603.577877538046,201286344.0,249723138.0,792.0,42.0,11032.0,5200.082625276642,249723138.0,5200.082625276642,249723138.0,5150.220760297011,251814906.0,5150.219068529012,249723138.0,0.0,0.0,0.0,0.0,0.0,0.0,0.0,0.0,0.0,0.0,0.0,0.0,0.0,0.0,0.0,0.0,517.9335738653317,0.0,511.43480439506754,0.0,499.9038037748299,0.0,499.9366037748299,0.0,249723.138,0.05692807935503786,1.9004008447443659,249723.138,0.05585448404082798,1.9003666444923388,251814.906,0.05533373808492206,1.8813286135350507,249723.138,0.055334119764311386,1.8813279454988456,11032,0.0011351703693864845,0.0011365426826246416,1.4624330481716186e-05,0.0,0.011602610587382161,0.011905582756269961,0.011873284843145537,0.00010936952588869175,-0.00837634837024992,0.07179115300942712,0.011905582756269961,0.011867844454220955,0.00010936952588869175,0.0,0.07179115300942712,1.0000055057603858,0.9916932320122464,0.9916932320122464
GITHUB_REPOS,query3,8,inf,5368.220525718294,5334.06715647853,139090471.0,172427881.0,0.0,0.0,10992.0,5359.3624965489835,5325.293411280494,139086400.0,172427881.0,177.0,0.0,10992.0,5344.809854719347,5310.890274480917,139067001.0,344855762.0,852.0,0.0,10992.0,5344.671176838347,5310.890274480917,139067001.0,172427881.0,852.0,0.0,10992.0,4857.509598621633,172427881.0,4857.509598621633,172427881.0,4856.087177588498,344855762.0,4855.914999707498,172427881.0,0.0,0.0,0.0,0.0,0.0,0.0,0.0,0.0,0.0,0.0,0.0,0.0,0.0,0.0,0.0,0.0,510.7109270966612,0.0,501.8528979273507,0.0,488.7226771308491,0.0,488.75617713084904,0.0,172427.881,0.05595962988024296,1.8145264746282332,172427.881,0.0547235221566596,1.8144746739609563,344855.762,0.05383605406304846,1.8144585448556436,172427.881,0.053836492659539686,1.8144145736899089,10992,0.0016448509065694061,0.0016500866771164135,2.926871963793154e-05,0.0,0.016102620087336244,0.004345067528717439,0.004360974160206421,0.00016873909356451833,-1.0,0.07751091703056769,0.004345067528717439,0.004386807279456284,0.00016873909356451833,0.0,0.07751091703056769,0.999974053729736,0.5,0.5
GITHUB_REPOS,query3,16,inf,10898.179792684969,10829.05965977558,282962331.0,350801551.0,0.0,0.0,21699.0,10884.423595745828,10815.43022850831,282956213.0,350801551.0,266.0,0.0,21699.0,10694.175047566925,10625.812190888682,282896767.0,701603102.0,2322.0,0.0,21699.0,10693.927046015926,10625.812190888682,282896767.0,350801551.0,2322.0,0.0,21699.0,9886.521019593347,350801551.0,9886.521019593347,350801551.0,9735.68510198732,701603102.0,9735.33575043632,350801551.0,0.0,0.0,0.0,0.0,0.0,0.0,0.0,0.0,0.0,0.0,0.0,0.0,0.0,0.0,0.0,0.0,1011.6587730916217,0.0,997.9025761524802,0.0,958.4899455796069,0.0,958.5912955796069,0.0,350801.551,0.05448441067011078,2.107273538022935,350801.551,0.05340164351011302,2.107268011851436,701603.102,0.05212765248483753,2.056563866110089,350801.551,0.052128645356527954,2.0565070232024003,21699,0.001258597855721022,0.0012622472009843344,2.1621252476844433e-05,0.0,0.012258629429927646,0.0187687089435713,0.018719157602352543,0.00023170575308839592,-1.0,0.10700953961012029,0.0187687089435713,0.01874191383832191,0.00023170575308839592,0.0,0.10700953961012029,0.9999768096604089,0.5,0.5
GITHUB_REPOS,query3,50,inf,34700.990967219695,34469.121814426035,959070400.0,1189157800.0,0.0,0.0,68800.0,34650.64080774568,34419.24835587852,959047400.0,1189157800.0,1000.0,0.0,68800.0,32370.23200466685,32142.936088936403,958733000.0,2378315600.0,12000.0,0.0,68800.0,32369.592846866843,32142.936088936403,958733000.0,1189157800.0,12000.0,0.0,68800.0,31485.423777019605,1189157800.0,31485.423777019605,1189157800.0,29466.537082288218,2378315600.0,29465.36792448822,1189157800.0,0.0,0.0,0.0,0.0,0.0,0.0,0.0,0.0,0.0,0.0,0.0,0.0,0.0,0.0,0.0,0.0,3215.5671902000904,0.0,3165.2170307260753,0.0,2903.6949223786296,0.0,2904.2249223786293,0.0,1189157.8,0.058750992990098894,3.821830922693475,1189157.8,0.05516424793750048,3.821830922693475,2378315.6,0.05210591772785038,3.0473543686908524,1189157.8,0.05211591772785038,3.0473543686908524,68800,0.0014469025006214054,0.00145097180428011,2.3981555472896154e-05,0.0,0.014534883720930232,0.06748607458041112,0.06716692802100654,0.00035179899202397724,-1.0,0.1744186046511628,0.06748607458041112,0.06718534702813561,0.00035179899202397724,0.0,0.1744186046511628,0.9999802547661717,0.5,0.5
GITHUB_REPOS,query4,1,inf,34.97804971574806,34.8526145440992,12067.0,0.0,0.0,0.0,252.0,34.97804971574806,34.8526145440992,12067.0,0.0,0.0,0.0,252.0,34.97804971574806,34.8526145440992,12067.0,0.0,0.0,0.0,252.0,34.97804971574806,34.8526145440992,12067.0,0.0,0.0,0.0,252.0,32.48931401432492,0.0,32.48931401432492,0.0,32.48931401432492,0.0,32.48931401432492,0.0,0.0,0.0,0.0,0.0,0.0,0.0,0.0,0.0,0.0,0.0,0.0,0.0,0.0,0.0,0.0,0.0,2.4887357014231384,0.0,2.4887357014231384,0.0,2.4887357014231384,0.0,2.4887357014231384,0.0,0.0,0.12771730916773033,0.18609990660658118,0.0,0.12771730916773033,0.18609990660658118,0.0,0.12771730916773033,0.18609990660658118,0.0,0.12771730916773033,0.18609990660658118,252,0.0,0.0,0.0,,0.0,0.0,0.0,0.0,,0.0,0.0,0.0,0.0,,0.0,1.0,,
GITHUB_REPOS,query4,2,1,67.67441010125913,67.39037955389358,26896.0,0.0,0.0,0.0,566.0,67.67441010125913,67.39037955389358,26896.0,0.0,0.0,0.0,566.0,63.90432159213722,63.64394298987463,25237.0,0.0,50.0,0.0,566.0,63.90682159213722,63.64394298987463,25237.0,0.0,50.0,0.0,566.0,61.76657145284116,0.0,61.76657145284116,0.0,58.573266976619884,0.0,58.573766976619886,0.0,0.0,0.0,0.0,0.0,0.0,0.0,0.0,0.0,0.0,0.0,0.0,0.0,0.0,0.0,0.0,0.0,5.907838648417965,0.0,5.907838648417965,0.0,5.331054615517333,0.0,5.333054615517333,0.0,0.0,0.09855423926449819,0.18617098672563726,0.0,0.09855423926449819,0.18617098672563726,0.0,0.09463641128885295,0.18449075506715476,0.0,0.09463757022925029,0.18449082129232033,566,0.0,0.0,0.0,,0.0,0.05559304738776316,0.05570921864676526,0.06168203450327181,,0.08833922261484099,0.05559304738776316,0.05567227706136757,0.06168203450327181,,0.08833922261484099,1.000039120984899,,
GITHUB_REPOS,query4,2,1/16,63.3300173797179,63.075400891015306,23609.0,0.0,0.0,0.0,514.0,63.3300173797179,63.075400891015306,23609.0,0.0,0.0,514.0,514.0,63.3300173797179,63.075400891015306,23609.0,0.0,0.0,514.0,514.0,63.3300173797179,63.075400891015306,23609.0,0.0,0.0,514.0,514.0,58.087852710392326,0.0,58.087852710392326,0.0,58.087852710392326,0.0,58.087852710392326,0.0,0.0,0.0,0.0,0.0,0.0,0.0,0.0,0.0,0.0,0.0,0.0,0.0,0.0,0.0,0.0,0.0,5.242164669325575,0.0,5.242164669325575,0.0,5.242164669325575,0.0,5.242164669325575,0.0,0.0,0.09726724496078012,0.1865099472293098,0.0,0.09726724496078012,0.1865099472293098,0.0,0.09726724496078012,0.1865099472293098,0.0,0.09726724496078012,0.1865099472293098,514,0.0,0.0,0.0,,0.0,0.0,0.0,0.0,,0.0,0.0,0.0,0.0,,0.0,1.0,,
GITHUB_REPOS,query4,2,1/4,82.66458917758428,82.38206099160016,32172.0,0.0,0.0,0.0,566.0,82.66458917758428,82.38206099160016,32172.0,0.0,0.0,14.0,566.0,81.46063221965879,81.18767356779426,31485.0,0.0,20.0,14.0,566.0,78.60514327299319,78.33403509203345,31296.0,0.0,28.0,186.0,566.0,76.94425116642378,0.0,76.94425116642378,0.0,75.98734181794286,0.0,73.11721377250008,0.0,0.0,0.0,0.0,0.0,0.0,0.0,0.0,0.0,0.0,0.0,0.0,0.0,0.0,0.0,0.0,0.0,5.720338011160493,0.0,5.720338011160493,0.0,5.473290401715934,0.0,5.4879295004931095,0.0,0.0,0.14204953765852613,0.23317849640289492,0.0,0.14204953765852613,0.23317849640289492,0.0,0.14023894122374966,0.23268613117119472,0.0,0.13756031533842555,0.23108681488989996,566,0.0,0.0,0.0,,0.0,0.014498149347437095,0.014564361474525445,0.02135397239835879,,0.0353356890459364,0.04913722539643006,0.04910743457359201,0.027228646027601666,,0.04946996466431095,0.9649463935049538,,
GITHUB_REPOS,query4,2,inf,71.57782710762694,71.30043426598422,26973.0,0.0,0.0,0.0,557.0,71.57782710762694,71.30043426598422,26973.0,0.0,0.0,0.0,557.0,68.60463468772338,68.34476024168544,25729.0,0.0,37.0,0.0,557.0,68.60648468772337,68.34476024168544,25729.0,0.0,37.0,0.0,557.0,65.8803735517431,0.0,65.8803735517431,0.0,63.328615289127306,0.0,63.329015289127305,0.0,0.0,0.0,0.0,0.0,0.0,0.0,0.0,0.0,0.0,0.0,0.0,0.0,0.0,0.0,0.0,0.0,5.69745355588384,0.0,5.69745355588384,0.0,5.2760193985960635,0.0,5.277469398596064,0.0,0.0,0.1075151757484454,0.19675525055761087,0.0,0.1075151757484454,0.19675525055761087,0.0,0.10409348626133434,0.1953973310540809,0.0,0.104094421635484,0.19539739057789043,557,0.0,0.0,0.0,,0.0,0.04145380115460073,0.04153789714003153,0.04612019426834246,,0.06642728904847396,0.04145380115460073,0.0415120511472884,0.04612019426834246,,0.06642728904847396,1.0000269661081707,,
GITHUB_REPOS,query4,4,1,137.30462994263507,136.78157820994966,54789.0,0.0,0.0,0.0,1046.0,137.30462994263507,136.78157820994966,54789.0,0.0,0.0,0.0,1046.0,123.17861180066504,122.73824999597855,48965.0,0.0,175.0,0.0,1046.0,123.18736180066504,122.73824999597855,48965.0,0.0,175.0,0.0,1046.0,126.56213932321407,0.0,126.56213932321407,0.0,114.41964768807985,0.0,114.42154768807985,0.0,0.0,0.0,0.0,0.0,0.0,0.0,0.0,0.0,0.0,0.0,0.0,0.0,0.0,0.0,0.0,0.0,10.742490619421005,0.0,10.742490619421005,0.0,8.758964112585186,0.0,8.765814112585186,0.0,0.0,0.11844854084404025,0.25163541498065706,0.0,0.11844854084404025,0.25163541498065706,0.0,0.11361640094060489,0.24730271198408357,0.0,0.11361868553590515,0.24730279684048045,1046,0.0,0.0,0.0,,0.0,0.10266973372990063,0.10288085804442126,0.10629870959499166,,0.16730401529636713,0.10266973372990063,0.10281713113292779,0.10629870959499166,,0.16730401529636713,1.0000710350593507,,
GITHUB_REPOS,query4,4,1/16,132.05187832633965,131.54624013788998,52647.0,0.0,0.0,0.0,1013.0,132.05187832633965,131.54624013788998,52647.0,0.0,0.0,1013.0,1013.0,132.05187832633965,131.54624013788998,52647.0,0.0,0.0,1013.0,1013.0,132.05187832633965,131.54624013788998,52647.0,0.0,0.0,1013.0,1013.0,121.5597240049392,0.0,121.5597240049392,0.0,121.5597240049392,0.0,121.5597240049392,0.0,0.0,0.0,0.0,0.0,0.0,0.0,0.0,0.0,0.0,0.0,0.0,0.0,0.0,0.0,0.0,0.0,10.492154321400449,0.0,10.492154321400449,0.0,10.492154321400449,0.0,10.492154321400449,0.0,0.0,0.10157122436602474,0.2454620316721398,0.0,0.10157122436602474,0.2454620316721398,0.0,0.10157122436602474,0.2454620316721398,0.0,0.10157122436602474,0.2454620316721398,1013,0.0,0.0,0.0,,0.0,0.0,0.0,0.0,,0.0,0.0,0.0,0.0,,0.0,1.0,,
GITHUB_REPOS,query4,4,1/4,137.5674363882281,137.02792325173505,49725.0,0.0,0.0,0.0,1087.0,137.5674363882281,137.02792325173505,49725.0,0.0,0.0,13.0,1087.0,135.25767479160427,134.75463662459515,47069.0,0.0,75.0,13.0,1087.0,129.05756441696525,128.55227825208567,47037.0,0.0,82.0,345.0,1087.0,126.49824415519834,0.0,126.49824415519834,0.0,125.22236502389043,0.0,118.82974277554482,0.0,0.0,0.0,0.0,0.0,0.0,0.0,0.0,0.0,0.0,0.0,0.0,0.0,0.0,0.0,0.0,0.0,11.069192233029753,0.0,11.069192233029753,0.0,10.035309767713844,0.0,10.227821641420425,0.0,0.0,0.09073534235810629,0.23577680686775865,0.0,0.09073534235810629,0.23577680686775865,0.0,0.08957385443291314,0.23531660846442504,0.0,0.08877960532915802,0.23224897208494352,1087,0.0,0.0,0.0,,0.0,0.01658995169155142,0.016790031545731887,0.05341377576671691,,0.06899724011039558,0.06185341497206165,0.06185963913180148,0.054057315233785874,,0.07543698252069918,0.9541607499597214,,
GITHUB_REPOS,query4,4,inf,138.89916163659655,138.3569975697901,55174.0,0.0,0.0,0.0,1077.0,138.89916163659655,138.3569975697901,55174.0,0.0,0.0,0.0,1077.0,123.71498234913007,123.2497396748513,49812.0,0.0,164.0,0.0,1077.0,123.72318234913007,123.2497396748513,49812.0,0.0,164.0,0.0,1077.0,127.88853312772699,0.0,127.88853312772699,0.0,114.46655571333334,0.0,114.46865571333333,0.0,0.0,0.0,0.0,0.0,0.0,0.0,0.0,0.0,0.0,0.0,0.0,0.0,0.0,0.0,0.0,0.0,11.010628508869559,0.0,11.010628508869559,0.0,9.248426635796726,0.0,9.254526635796726,0.0,0.0,0.09695163030313417,0.2374145942860663,0.0,0.09695163030313417,0.2374145942860663,0.0,0.09425754132225181,0.2321787588628731,0.0,0.09425955643560194,0.23217880924070686,1077,0.0,0.0,0.0,,0.0,0.10919041436497201,0.10931800529648272,0.09718345597564071,,0.1522748375116063,0.10919041436497201,0.10925896966298154,0.09718345597564071,,0.1522748375116063,1.000066281381966,,
GITHUB_REPOS,query4,8,1,274.5576954144053,273.5004326121416,103384.0,0.0,0.0,0.0,2123.0,274.5576954144053,273.5004326121416,103384.0,0.0,0.0,0.0,2123.0,216.4013989583905,215.62689234898426,83712.0,0.0,604.0,0.0,2123.0,216.4315989583905,215.62689234898426,83712.0,0.0,604.0,0.0,2123.0,253.00310609745793,0.0,253.00310609745793,0.0,201.2290151368452,0.0,201.23711513684518,0.0,0.0,0.0,0.0,0.0,0.0,0.0,0.0,0.0,0.0,0.0,0.0,0.0,0.0,0.0,0.0,0.0,21.554589316947386,0.0,21.554589316947386,0.0,15.172383821545317,0.0,15.194483821545319,0.0,0.0,0.07802117442481839,0.29696744667859604,0.0,0.07802117442481839,0.29696744667859604,0.0,0.0756247125851923,0.2874933684009782,0.0,0.07562945672165285,0.28749338972293986,2123,0.0,0.0,0.0,,0.0,0.2116031031849569,0.21181812576127668,0.1902808945291341,,0.28450306170513423,0.2116031031849569,0.2117081306655122,0.1902808945291341,,0.28450306170513423,1.000139555474897,,
GITHUB_REPOS,query4,8,1/16,290.74169010925107,289.6915723050479,106457.0,0.0,0.0,0.0,2113.0,290.74169010925107,289.6915723050479,106457.0,0.0,0.0,2113.0,2113.0,290.74169010925107,289.6915723050479,106457.0,0.0,0.0,2113.0,2113.0,290.74169010925107,289.6915723050479,106457.0,0.0,0.0,2113.0,2113.0,269.5172198144719,0.0,269.5172198144719,0.0,269.5172198144719,0.0,269.5172198144719,0.0,0.0,0.0,0.0,0.0,0.0,0.0,0.0,0.0,0.0,0.0,0.0,0.0,0.0,0.0,0.0,0.0,21.224470294779167,0.0,21.224470294779167,0.0,21.224470294779167,0.0,21.224470294779167,0.0,0.0,0.09413269655936941,0.3252824307902343,0.0,0.09413269655936941,0.3252824307902343,0.0,0.09413269655936941,0.3252824307902343,0.0,0.09413269655936941,0.3252824307902343,2113,0.0,0.0,0.0,,0.0,0.0,0.0,0.0,,0.0,0.0,0.0,0.0,,0.0,1.0,,
GITHUB_REPOS,query4,8,1/4,266.35119775519706,265.3105307575315,106499.0,0.0,0.0,0.0,2077.0,266.35119775519706,265.3105307575315,106499.0,0.0,0.0,32.0,2077.0,260.1818285671757,259.22454098355956,100465.0,0.0,172.0,32.0,2077.0,246.59752860846288,245.63347598910332,100517.0,0.0,184.0,649.0,2077.0,244.91172766918316,0.0,244.91172766918316,0.0,241.07327033140487,0.0,227.01615335135727,0.0,0.0,0.0,0.0,0.0,0.0,0.0,0.0,0.0,0.0,0.0,0.0,0.0,0.0,0.0,0.0,0.0,21.4394700860139,0.0,21.4394700860139,0.0,19.108558235770836,0.0,19.581375257105606,0.0,0.0,0.08132627652621992,0.29536051456317225,0.0,0.08132627652621992,0.29536051456317225,0.0,0.08082475716537614,0.29518356792720984,0.0,0.07982326744775466,0.29116205930104894,2077,0.0,0.0,0.0,,0.0,0.02293911876243604,0.023162535930067785,0.056657808993511694,,0.08281174771304767,0.07416612794164268,0.07416399593175382,0.05616954149804221,,0.08858931150698122,0.9477892055970175,,
GITHUB_REPOS,query4,8,inf,273.4233489369508,272.36895000888035,99991.0,0.0,0.0,0.0,2129.0,273.4233489369508,272.36895000888035,99991.0,0.0,0.0,0.0,2129.0,211.56943435936913,210.7882374851033,81091.0,0.0,586.0,0.0,2129.0,211.59873435936913,210.7882374851033,81091.0,0.0,586.0,0.0,2129.0,251.92661305470392,0.0,251.92661305470392,0.0,196.02034150914662,0.0,196.0290915091466,0.0,0.0,0.0,0.0,0.0,0.0,0.0,0.0,0.0,0.0,0.0,0.0,0.0,0.0,0.0,0.0,0.0,21.496735882246867,0.0,21.496735882246867,0.0,15.549092850222513,0.0,15.569642850222513,0.0,0.0,0.08941467228414969,0.3024709008911174,0.0,0.08941467228414969,0.3024709008911174,0.0,0.08648030649371027,0.29161699589162077,0.0,0.08648441016541653,0.29161700669075685,2129,0.0,0.0,0.0,,0.0,0.22609299819883744,0.22622030934104564,0.18901701153103778,,0.27524659464537343,0.22609299819883744,0.22611314950954653,0.18901701153103778,,0.27524659464537343,1.0001384888137963,,
GITHUB_REPOS,query4,16,inf,556.1865137529094,554.1084533534013,206913.0,0.0,0.0,0.0,4178.0,556.1865137529094,554.1084533534013,206913.0,0.0,0.0,0.0,4178.0,371.78632162219236,370.48705373029225,153529.0,0.0,1678.0,0.0,4178.0,371.8702216221924,370.48705373029225,153529.0,0.0,1678.0,0.0,4178.0,514.090829773806,0.0,514.090829773806,0.0,346.26742234653983,0.0,346.2936723465398,0.0,0.0,0.0,0.0,0.0,0.0,0.0,0.0,0.0,0.0,0.0,0.0,0.0,0.0,0.0,0.0,0.0,42.09568397910334,0.0,42.09568397910334,0.0,25.518899275652544,0.0,25.576549275652543,0.0,0.0,0.052298641907344755,0.37796983781301696,0.0,0.052298641907344755,0.37796983781301696,0.0,0.048500690151523196,0.3682183037943592,0.0,0.04851241623032244,0.3682183037943592,4178,0.0,0.0,0.0,,0.0,0.33138169705199993,0.3315438033304029,0.2580021554953048,,0.4016275730014361,0.33138169705199993,0.33139295465298013,0.2580021554953048,,0.4016275730014361,1.0002256672586392,,
GITHUB_REPOS,query4,50,inf,1748.3505302574486,1741.783271310851,653600.0,0.0,0.0,0.0,13200.0,1748.3505302574486,1741.783271310851,653600.0,0.0,0.0,0.0,13200.0,906.4488189828095,903.3983425237238,416200.0,0.0,7600.0,0.0,13200.0,906.8288189828099,903.3983425237238,416200.0,0.0,7600.0,0.0,13200.0,1614.9358777794987,0.0,1614.9358777794987,0.0,847.2444102238417,0.0,847.3644102238417,0.0,0.0,0.0,0.0,0.0,0.0,0.0,0.0,0.0,0.0,0.0,0.0,0.0,0.0,0.0,0.0,0.0,133.41465247794986,0.0,133.41465247794986,0.0,59.20440875896813,0.0,59.464408758968105,0.0,0.0,0.014847620079914728,0.4404524899708727,0.0,0.014847620079914728,0.4404524899708727,0.0,0.01000354930649201,0.39738005253796715,0.0,0.010020215973158678,0.39738005253796715,13200,0.0,0.0,0.0,,0.0,0.4813371115662203,0.4815405702142963,0.3632190942472461,,0.5757575757575758,0.4813371115662203,0.481323222495161,0.3632190942472461,,0.5757575757575758,1.0004192183739915,,
PANCANCER_ATLAS,query1,1,inf,29.041144219227135,28.889824107289314,152376.0,0.0,0.0,0.0,349.0,29.041144219227135,28.889824107289314,152376.0,0.0,0.0,0.0,349.0,29.041144219227135,28.889824107289314,152376.0,0.0,0.0,0.0,349.0,29.041144219227135,28.889824107289314,152376.0,0.0,0.0,0.0,349.0,0.0,0.0,0.0,0.0,0.0,0.0,0.0,0.0,0.0,0.0,0.0,0.0,0.0,0.0,0.0,0.0,1.3109800554811954,0.0,1.3109800554811954,0.0,1.3109800554811954,0.0,1.3109800554811954,0.0,27.73016416374594,0.0,27.73016416374594,0.0,27.73016416374594,0.0,27.73016416374594,0.0,0.0,0.09622939975994675,0.14274541476335606,0.0,0.09622939975994675,0.14274541476335606,0.0,0.09622939975994675,0.14274541476335606,0.0,0.09622939975994675,0.14274541476335606,349,0.0,0.0,0.0,,0.0,0.0,0.0,0.0,,0.0,0.0,0.0,0.0,,0.0,1.0,,
PANCANCER_ATLAS,query1,2,1,57.2886610860005,56.95252694003284,336556.0,0.0,0.0,0.0,778.0,57.2886610860005,56.95252694003284,336556.0,0.0,0.0,0.0,778.0,57.28579743656933,56.95043353457004,332070.0,0.0,1.0,0.0,778.0,57.285847436569334,56.95043353457004,332070.0,0.0,1.0,0.0,778.0,0.0,0.0,0.0,0.0,0.0,0.0,0.0,0.0,0.0,0.0,0.0,0.0,0.0,0.0,0.0,0.0,2.991946089081466,0.0,2.991946089081466,0.0,2.9890824396502973,0.0,2.989132439650297,0.0,54.296714996919036,0.0,54.296714996919036,0.0,54.296714996919036,0.0,54.296714996919036,0.0,0.0,0.08127423026966231,0.1495729959945926,0.0,0.08127423026966231,0.1495729959945926,0.0,0.08127423026966231,0.1495729959945926,0.0,0.08127423026966231,0.1495729959945926,778,0.0,0.0,0.0,,0.0,3.675702510985701e-05,4.998632149688653e-05,0.013329133933134507,,0.0012853470437017994,3.675702510985701e-05,4.911354843750715e-05,0.013329133933134507,,0.0012853470437017994,1.0000008728166883,,
PANCANCER_ATLAS,query1,2,1/16,58.33765381015837,58.02971831243485,291794.0,0.0,0.0,0.0,710.0,58.33765381015837,58.02971831243485,291794.0,0.0,0.0,68.0,710.0,58.33765381015837,58.02971831243485,291794.0,0.0,0.0,68.0,710.0,58.33765381015837,58.02971831243485,291794.0,0.0,0.0,118.0,710.0,0.0,0.0,0.0,0.0,0.0,0.0,0.0,0.0,0.0,0.0,0.0,0.0,0.0,0.0,0.0,0.0,2.577577314339578,0.0,2.577577314339578,0.0,2.577577314339578,0.0,2.577577314339578,0.0,55.760076495818794,0.0,55.760076495818794,0.0,55.760076495818794,0.0,55.760076495818794,0.0,0.0,0.09202332692409589,0.15809955805322984,0.0,0.09202332692409589,0.15809955805322984,0.0,0.09202332692409589,0.15809955805322984,0.0,0.09202332692409589,0.15809955805322984,710,0.0,0.0,0.0,,0.0,0.0,0.0,0.0,,0.0,0.0,0.0,0.0,,0.0,1.0,,
PANCANCER_ATLAS,query1,2,1/4,58.75919828657061,58.417203329503536,299835.0,0.0,0.0,0.0,810.0,58.75919828657061,58.417203329503536,299835.0,0.0,0.0,0.0,810.0,57.21759354385823,56.876719299703836,299785.0,0.0,2.0,0.0,810.0,57.21769354385823,56.876719299703836,299785.0,0.0,2.0,0.0,810.0,0.0,0.0,0.0,0.0,0.0,0.0,0.0,0.0,0.0,0.0,0.0,0.0,0.0,0.0,0.0,0.0,3.144102959893644,0.0,3.144102959893644,0.0,3.144102959893644,0.0,3.144102959893644,0.0,55.615095326676965,0.0,55.615095326676965,0.0,54.073490583964585,0.0,54.07359058396459,0.0,0.0,0.06755684713444,0.1460578867163556,0.0,0.06755684713444,0.1460578867163556,0.0,0.06755549363980565,0.14461710917162177,0.0,0.06755549363980565,0.14461710917162177,810,0.0,0.0,0.0,,0.0,0.026370383072098935,0.02623597305044767,0.0001667583837777764,,0.0024691358024691358,0.026370383072098935,0.02623427118924271,0.0001667583837777764,,0.0024691358024691358,1.0000017477141874,,
PANCANCER_ATLAS,query1,2,inf,50.98611300159246,50.683370320126414,291217.0,0.0,0.0,0.0,714.0,50.98611300159246,50.683370320126414,291217.0,0.0,0.0,0.0,714.0,50.98324935216129,50.68127691466361,286731.0,0.0,1.0,0.0,714.0,50.98329935216129,50.68127691466361,286731.0,0.0,1.0,0.0,714.0,0.0,0.0,0.0,0.0,0.0,0.0,0.0,0.0,0.0,0.0,0.0,0.0,0.0,0.0,0.0,0.0,2.844312531873584,0.0,2.844312531873584,0.0,2.841448882442415,0.0,2.8414988824424148,0.0,48.14180046971887,0.0,48.14180046971887,0.0,48.14180046971887,0.0,48.14180046971887,0.0,0.0,0.07817483906576742,0.13769512082855154,0.0,0.07817483906576742,0.13769512082855154,0.0,0.07817483906576742,0.13769512082855154,0.0,0.07817483906576742,0.13769512082855154,714,0.0,0.0,0.0,,0.0,4.130359622056545e-05,5.6165282320663756e-05,0.015404320489531886,,0.0014005602240896359,4.130359622056545e-05,5.51846231361397e-05,0.015404320489531886,,0.0014005602240896359,1.0000009807142667,,
PANCANCER_ATLAS,query1,4,1,104.9468469908461,104.32253254763782,640772.0,0.0,0.0,0.0,1434.0,104.9468469908461,104.32253254763782,640772.0,0.0,0.0,0.0,1434.0,104.15803238642901,103.53759090788662,627215.0,0.0,7.0,0.0,1434.0,104.15838238642901,103.53759090788662,627215.0,0.0,7.0,0.0,1434.0,0.0,0.0,0.0,0.0,0.0,0.0,0.0,0.0,0.0,0.0,0.0,0.0,0.0,0.0,0.0,0.0,5.3678733091801405,0.0,5.3678733091801405,0.0,5.349861076119244,0.0,5.350161076119244,0.0,99.57897368166596,0.0,99.57897368166596,0.0,98.80817131030977,0.0,98.80822131030976,0.0,0.0,0.0777582543007299,0.16723246910104078,0.0,0.0777582543007299,0.16723246910104078,0.0,0.07775778839190152,0.1667365151749668,0.0,0.07775778839190152,0.1667365151749668,1434,0.0,0.0,0.0,,0.0,0.007524181215527559,0.007516324949580322,0.021157291517107435,,0.0048814504881450485,0.007524181215527559,0.007512989927995206,0.021157291517107435,,0.0048814504881450485,1.0000033602785303,,
PANCANCER_ATLAS,query1,4,1/16,99.05573510657996,98.47116221208125,514924.0,0.0,0.0,0.0,1395.0,99.05573510657996,98.47116221208125,514924.0,0.0,0.0,111.0,1395.0,98.26593684452534,97.68246466387063,514863.0,0.0,3.0,111.0,1395.0,98.26608684452533,97.68246466387063,514863.0,0.0,3.0,237.0,1395.0,0.0,0.0,0.0,0.0,0.0,0.0,0.0,0.0,0.0,0.0,0.0,0.0,0.0,0.0,0.0,0.0,5.450342936441302,0.0,5.450342936441302,0.0,5.43134704574287,0.0,5.431447045742869,0.0,93.60539217013866,0.0,93.60539217013866,0.0,92.83458979878247,0.0,92.83463979878246,0.0,0.0,0.0786534629316846,0.15616833181150955,0.0,0.0786534629316846,0.15616833181150955,0.0,0.07863225813364651,0.1556692212294072,0.0,0.07863236730395219,0.1556692321464378,1395,0.0,0.0,0.0,,0.0,0.00800942662291293,0.007973271423454942,0.0001184640840201645,,0.002150537634408602,0.00800942662291293,0.007971757124461298,0.0001184640840201645,,0.002150537634408602,1.0000015264699529,,
PANCANCER_ATLAS,query1,4,1/4,95.20112954452634,94.61039068643004,546164.0,0.0,0.0,0.0,1394.0,95.20112954452634,94.61039068643004,546164.0,0.0,0.0,0.0,1394.0,95.17640635496556,94.58774834219366,537156.0,0.0,4.0,0.0,1394.0,95.17660635496557,94.58774834219366,537156.0,0.0,4.0,0.0,1394.0,0.0,0.0,0.0,0.0,0.0,0.0,0.0,0.0,0.0,0.0,0.0,0.0,0.0,0.0,0.0,0.0,5.393563034944236,0.0,5.393563034944236,0.0,5.368839845383465,0.0,5.369039845383465,0.0,89.8075665095821,0.0,89.8075665095821,0.0,89.8075665095821,0.0,89.8075665095821,0.0,0.0,0.07702806991377725,0.15838349933854254,0.0,0.07702806991377725,0.15838349933854254,0.0,0.07700691636066095,0.15838138398323093,0.0,0.07700702771923557,0.1583813951190884,1394,0.0,0.0,0.0,,0.0,0.00023932196106679626,0.0002596942880725983,0.016493214492350305,,0.0028694404591104736,0.00023932196106679626,0.00025759347266252064,0.016493214492350305,,0.0028694404591104736,1.0000021013611216,,
PANCANCER_ATLAS,query1,4,inf,125.77736690454185,125.17029933817685,549614.0,0.0,0.0,0.0,1393.0,125.77736690454185,125.17029933817685,549614.0,0.0,0.0,0.0,1393.0,124.95470586188912,124.35095194727182,544967.0,0.0,9.0,0.0,1393.0,124.95515586188912,124.35095194727182,544967.0,0.0,9.0,0.0,1393.0,0.0,0.0,0.0,0.0,0.0,0.0,0.0,0.0,0.0,0.0,0.0,0.0,0.0,0.0,0.0,0.0,5.112304212525487,0.0,5.112304212525487,0.0,5.06044554122895,0.0,5.06084554122895,0.0,120.66506269201636,0.0,120.66506269201636,0.0,119.89426032066018,0.0,119.89431032066017,0.0,0.0,0.094789284826479,0.19083809322056025,0.0,0.094789284826479,0.19083809322056025,0.0,0.09474811437641012,0.19036087400821555,0.0,0.09474832227661803,0.19036089479823634,1393,0.0,0.0,0.0,,0.0,0.006545861080761384,0.006540612694468928,0.008455024799222777,,0.006460875807609476,0.006545861080761384,0.006537034944265718,0.008455024799222777,,0.006460875807609476,1.000003601304944,,
PANCANCER_ATLAS,query1,8,1,228.69052679650486,227.45758022740483,1189602.0,0.0,0.0,0.0,2865.0,228.69052679650486,227.45758022740483,1189602.0,0.0,0.0,0.0,2865.0,221.29038102346124,220.07636692840606,1144101.0,0.0,38.0,0.0,2865.0,221.29228102346121,220.07636692840606,1144101.0,0.0,38.0,0.0,2865.0,0.0,0.0,0.0,0.0,0.0,0.0,0.0,0.0,0.0,0.0,0.0,0.0,0.0,0.0,0.0,0.0,11.045687871053815,0.0,11.045687871053815,0.0,10.923409719564914,0.0,10.924759719564914,0.0,217.64483892545104,0.0,217.64483892545104,0.0,210.36697130389632,0.0,210.3675213038963,0.0,0.0,0.0766996493525456,0.22367505270912544,0.0,0.0766996493525456,0.22367505270912544,0.0,0.07588206576454297,0.22076668226783006,0.0,0.07588222104404607,0.22076669779578037,2865,0.0,0.0,0.0,,0.0,0.03245094444256058,0.03235877706306778,0.03824892695203941,,0.013263525305410123,0.03245094444256058,0.03235046889207971,0.03824892695203941,,0.013263525305410123,1.0000085860035632,,
PANCANCER_ATLAS,query1,8,1/16,202.51982458122075,201.35371864307672,1066387.0,0.0,0.0,0.0,2764.0,202.51982458122075,201.35371864307672,1066387.0,0.0,0.0,234.0,2764.0,198.26778129244565,197.10802031308413,1066040.0,0.0,16.0,234.0,2764.0,198.26858129244567,197.10802031308413,1066040.0,0.0,16.0,461.0,2764.0,0.0,0.0,0.0,0.0,0.0,0.0,0.0,0.0,0.0,0.0,0.0,0.0,0.0,0.0,0.0,0.0,10.653232091106474,0.0,10.653232091106474,0.0,10.595846938461364,0.0,10.596296938461363,0.0,191.86659249011427,0.0,191.86659249011427,0.0,187.67193435398428,0.0,187.6722843539843,0.0,0.0,0.07169828619838849,0.21449212905245013,0.0,0.07169828619838849,0.21449212905245013,0.0,0.07026643897231959,0.21305507857700284,0.0,0.0702664804316894,0.2130550827229398,2764,0.0,0.0,0.0,,0.0,0.021085770645828505,0.02099568917545558,0.0003253978152396586,,0.005788712011577424,0.021085770645828505,0.02099173894489581,0.0003253978152396586,,0.005788712011577424,1.000004034947054,,
PANCANCER_ATLAS,query1,8,1/4,242.14661283418536,240.9140766877681,1134211.0,0.0,0.0,0.0,2864.0,242.14661283418536,240.9140766877681,1134211.0,0.0,0.0,0.0,2864.0,236.2742836312011,235.06374999787658,1057452.0,0.0,40.0,0.0,2864.0,236.2762836312011,235.06374999787658,1057452.0,0.0,40.0,0.0,2864.0,0.0,0.0,0.0,0.0,0.0,0.0,0.0,0.0,0.0,0.0,0.0,0.0,0.0,0.0,0.0,0.0,10.951539378613234,0.0,10.951539378613234,0.0,10.815473054471314,0.0,10.817023054471314,0.0,231.19507345557213,0.0,231.19507345557213,0.0,225.45881057672977,0.0,225.45926057672978,0.0,0.0,0.08586423903425026,0.24126782812456793,0.0,0.08586423903425026,0.24126782812456793,0.0,0.08467751405229203,0.2395014337233695,0.0,0.0846775927924495,0.2395014415973852,2864,0.0,0.0,0.0,,0.0,0.024283872367797388,0.024251130892363415,0.06767612022807046,,0.013966480446927373,0.024283872367797388,0.02424287143344883,0.06767612022807046,,0.013966480446927373,1.0000084647383933,,
PANCANCER_ATLAS,query1,8,inf,237.17341385874897,235.90771553572267,1168573.0,0.0,0.0,0.0,2956.0,237.17341385874897,235.90771553572267,1168573.0,0.0,0.0,0.0,2956.0,230.62801549780488,229.38178008515388,1114175.0,0.0,36.0,0.0,2956.0,230.62981549780488,229.38178008515388,1114175.0,0.0,36.0,0.0,2956.0,0.0,0.0,0.0,0.0,0.0,0.0,0.0,0.0,0.0,0.0,0.0,0.0,0.0,0.0,0.0,0.0,11.328129451721907,0.0,11.328129451721907,0.0,11.230123132537603,0.0,11.231323132537604,0.0,225.84528440702707,0.0,225.84528440702707,0.0,219.39789236526727,0.0,219.3984923652673,0.0,0.0,0.07734207189822381,0.2239910656264297,0.0,0.07734207189822381,0.2239910656264297,0.0,0.07496262377101762,0.22241504612919058,0.0,0.07496266253070752,0.22241505000515957,2956,0.0,0.0,0.0,,0.0,0.027663086117166835,0.02759752138510041,0.046550793146855174,,0.012178619756427604,0.027663086117166835,0.027589932001574113,0.046550793146855174,,0.012178619756427604,1.0000078047759988,,
PANCANCER_ATLAS,query1,16,inf,468.626928194426,466.1166807683185,2290180.0,0.0,0.0,0.0,5890.0,468.626928194426,466.1166807683185,2290180.0,0.0,0.0,0.0,5890.0,444.6522521939799,442.2222409956157,2050215.0,0.0,150.0,0.0,5890.0,444.6597521939799,442.2222409956157,2050215.0,0.0,150.0,0.0,5890.0,0.0,0.0,0.0,0.0,0.0,0.0,0.0,0.0,0.0,0.0,0.0,0.0,0.0,0.0,0.0,0.0,22.256366851739585,0.0,22.256366851739585,0.0,21.818525112702847,0.0,21.823875112702847,0.0,446.3705613426864,0.0,446.3705613426864,0.0,422.83372708127706,0.0,422.8358770812771,0.0,0.0,0.062103998445720496,0.3009638527055506,0.0,0.062103998445720496,0.3009638527055506,0.0,0.057589190976557195,0.29544073725214387,0.0,0.057589190976557195,0.29544073725214387,5890,0.0,0.0,0.0,,0.0,0.05126278624767644,0.051159407533020285,0.10477997362652713,,0.025466893039049237,0.05126278624767644,0.05114340333106615,0.10477997362652713,,0.025466893039049237,1.000016867113487,,
PANCANCER_ATLAS,query1,50,inf,1423.7637097015977,1416.0665242001414,7104200.0,0.0,0.0,0.0,18000.0,1423.7637097015977,1416.0665242001414,7104200.0,0.0,0.0,0.0,18000.0,1191.0999748586416,1184.109627082944,5287000.0,0.0,1400.0,0.0,18000.0,1191.1699748586416,1184.109627082944,5287000.0,0.0,1400.0,0.0,18000.0,0.0,0.0,0.0,0.0,0.0,0.0,0.0,0.0,0.0,0.0,0.0,0.0,0.0,0.0,0.0,0.0,68.83346252143383,0.0,68.83346252143383,0.0,64.42677866339683,0.0,64.47677866339684,0.0,1354.9302471801639,0.0,1354.9302471801639,0.0,1126.6731961952448,0.0,1126.6931961952448,0.0,0.0,0.006252350634895265,0.5065182575490326,0.0,0.006252350634895265,0.5065182575490326,0.0,0.005533384392037988,0.44987696869065985,0.0,0.005533384392037988,0.44987696869065985,18000,0.0,0.0,0.0,,0.0,0.16380367246391714,0.16341457030936635,0.2557923481883956,,0.07777777777777778,0.16380367246391714,0.16336540484776418,0.2557923481883956,,0.07777777777777778,1.000058769206177,,
PANCANCER_ATLAS,query2,1,inf,3.160263616591692,2.95196629781276,163163.0,85929.0,0.0,0.0,511.0,3.147922330199182,2.9409394711256027,163153.0,85929.0,5.0,0.0,511.0,3.148008259199182,2.9409394711256027,163153.0,171858.0,5.0,0.0,511.0,3.147922330199182,2.9409394711256027,163153.0,85929.0,5.0,0.0,511.0,0.0,0.0,0.0,0.0,0.0,0.0,0.0,0.0,0.0,0.0,0.0,0.0,0.0,0.0,0.0,0.0,2.178174610249698,85929.0,2.1658333238571883,85929.0,2.1659192528571882,171858.0,2.1658333238571883,85929.0,0.9820890063419938,0.0,0.9820890063419938,0.0,0.9820890063419938,0.0,0.9820890063419938,0.0,85.929,0.007344509830787843,0.008760788172328901,85.929,0.007340143371666233,0.008760788172328901,171.858,0.007340143371666233,0.008761107122765583,85.929,0.007340143371666233,0.008760788172328901,511,0.003735417540277286,0.0039051445986078015,6.128840484664888e-05,0.0,0.009784735812133072,0.003735417540277286,0.0038779541453972666,6.128840484664888e-05,-1.0,0.009784735812133072,0.003735417540277286,0.0039051445986078015,6.128840484664888e-05,0.0,0.009784735812133072,0.9999727036929624,0.5,0.5
PANCANCER_ATLAS,query2,2,1,5.6721555748954415,5.268442438915372,330453.0,114572.0,0.0,0.0,1012.0,5.654877773945928,5.253004881553352,330439.0,114572.0,7.0,0.0,1012.0,5.636388173874411,5.23567218054086,330364.0,229144.0,11.0,0.0,1012.0,5.636473601874411,5.23567218054086,330364.0,114572.0,11.0,0.0,1012.0,0.0,0.0,0.0,0.0,0.0,0.0,0.0,0.0,0.0,0.0,0.0,0.0,0.0,0.0,0.0,0.0,4.245176691561937,114572.0,4.2278988906124235,114572.0,4.209409290540907,229144.0,4.209494718540907,114572.0,1.4269788833335042,0.0,1.4269788833335042,0.0,1.4269788833335042,0.0,1.4269788833335042,0.0,114.572,0.00654807881216273,0.00845104583439371,114.572,0.006545206981737838,0.00845104583439371,229.144,0.0065425410149400134,0.008451231478902312,114.572,0.0065425410149400134,0.008450980946134688,1012,0.0029301937984537174,0.003046073176480535,4.2366085343470417e-05,0.0,0.00691699604743083,0.006220103712712977,0.006305786318579587,0.00026932725682626835,-1.0,0.010869565217391304,0.006220103712712977,0.006290725377659956,0.00026932725682626835,0.0,0.010869565217391304,1.0000151565146624,0.5,0.5
PANCANCER_ATLAS,query2,2,1/16,6.331107227131724,5.88992275763303,424811.0,286430.0,0.0,0.0,1015.0,6.308892911625207,5.8700744695961475,424793.0,286430.0,9.0,27.0,1015.0,6.291211564741134,5.8535550171509385,424721.0,286430.0,13.0,27.0,1015.0,6.291411564741135,5.8535550171509385,424721.0,286430.0,13.0,78.0,1015.0,0.0,0.0,0.0,0.0,0.0,0.0,0.0,0.0,0.0,0.0,0.0,0.0,0.0,0.0,0.0,0.0,4.46041274163872,286430.0,4.438198426132202,286430.0,4.42051707924813,286430.0,4.4207170792481305,286430.0,1.8706944854930043,0.0,1.8706944854930043,0.0,1.8706944854930043,0.0,1.8706944854930043,0.0,286.43,0.006419113389999857,0.009485074356641797,286.43,0.00641649990790972,0.009485074356641797,286.43,0.006414965193018948,0.009485008610072471,286.43,0.006414965193018948,0.009485008610072471,1015,0.003369872382648964,0.003508756795544299,4.2371784158112824e-05,0.0,0.008866995073891626,0.006174570020457626,0.006301530041951997,0.00021185892079067514,0.0,0.012807881773399015,0.006174570020457626,0.006269939990982132,0.00021185892079067514,0.0,0.012807881773399015,1.0000317903789981,1.0,1.0
PANCANCER_ATLAS,query2,2,1/4,5.67552085686475,5.2710206266492605,398966.0,286430.0,0.0,0.0,908.0,5.6631795704722405,5.259993799962103,398956.0,286430.0,5.0,10.0,908.0,5.659059529635012,5.256139979697764,398937.0,286430.0,6.0,10.0,908.0,5.659109529635012,5.256139979697764,398937.0,286430.0,6.0,10.0,908.0,0.0,0.0,0.0,0.0,0.0,0.0,0.0,0.0,0.0,0.0,0.0,0.0,0.0,0.0,0.0,0.0,3.979784452356398,286430.0,3.9674431659638882,286430.0,3.96332312512666,286430.0,3.96337312512666,286430.0,1.6957364045083523,0.0,1.6957364045083523,0.0,1.6957364045083523,0.0,1.6957364045083523,0.0,286.43,0.006997923592382035,0.009393032652740718,286.43,0.0069956753509907,0.009393032652740718,286.43,0.006989904985672452,0.009392455616208894,286.43,0.006989975013683657,0.009392462619010014,908,0.0020919718339571514,0.0021744764407979345,2.5064792488538323e-05,0.0,0.005506607929515419,0.0028231054297649383,0.002900408199509541,7.268789821690547e-05,0.0,0.006607929515418502,0.0028231054297649383,0.0028915984353908852,7.268789821690547e-05,0.0,0.006607929515418502,1.0000088353903573,1.0,1.0
PANCANCER_ATLAS,query2,2,inf,5.767296318896115,5.338089719414711,347671.0,171858.0,0.0,0.0,1059.0,5.735208974275589,5.309419970028102,347645.0,171858.0,13.0,0.0,1059.0,5.731204452941855,5.30551075655967,347629.0,343716.0,14.0,0.0,1059.0,5.731082594941855,5.30551075655967,347629.0,171858.0,14.0,0.0,1059.0,0.0,0.0,0.0,0.0,0.0,0.0,0.0,0.0,0.0,0.0,0.0,0.0,0.0,0.0,0.0,0.0,4.342421192675829,171858.0,4.310333848055303,171858.0,4.306329326721569,343716.0,4.306207468721569,171858.0,1.424875126220286,0.0,1.424875126220286,0.0,1.424875126220286,0.0,1.424875126220286,0.0,171.858,0.00670718724307205,0.00872052446618755,171.858,0.006701709309632264,0.00872052446618755,343.716,0.0067016347878114885,0.008720893511021456,171.858,0.0067016347878114885,0.008720507057846853,1059,0.005370788220800504,0.005563671926374525,7.478334402355458e-05,0.0,0.012275731822474031,0.006103112642815045,0.006258021776340494,0.00012080386342261384,-1.0,0.013220018885741265,0.006103112642815045,0.006279150914373588,0.00012080386342261384,0.0,0.013220018885741265,0.999978737802673,0.5,0.5
PANCANCER_ATLAS,query2,4,1,12.273418687283993,11.499813130125403,666588.0,372359.0,0.0,0.0,1833.0,12.238863085384965,11.468938015401363,666560.0,372359.0,14.0,0.0,1833.0,12.180701616189035,11.414609042927623,666337.0,744718.0,29.0,0.0,1833.0,12.181079257189035,11.414609042927623,666337.0,372359.0,29.0,0.0,1833.0,0.0,0.0,0.0,0.0,0.0,0.0,0.0,0.0,0.0,0.0,0.0,0.0,0.0,0.0,0.0,0.0,8.019306687638164,372359.0,7.984751085739136,372359.0,7.926589616543207,744718.0,7.926967257543207,372359.0,4.254111999645829,0.0,4.254111999645829,0.0,4.254111999645829,0.0,4.254111999645829,0.0,372.359,0.007468750574882275,0.012115326243765524,372.359,0.007465704570416594,0.012115326243765524,744.718,0.007460407053719945,0.012115419673770637,372.359,0.007460454492050115,0.012114845578988854,1833,0.002684836212091035,0.0028154830189920377,4.200495658490677e-05,0.0,0.007637752318603383,0.007409171456410513,0.007554298721269781,0.00037654443224299783,-1.0,0.015821058374249863,0.007409171456410513,0.007523529706570442,0.00037654443224299783,0.0,0.015821058374249863,1.0000310032223019,0.5,0.5
PANCANCER_ATLAS,query2,4,1/16,11.900068373419344,11.047092971391976,809402.0,544217.0,0.0,0.0,1963.0,11.850703227849305,11.002985664643347,809362.0,544217.0,20.0,49.0,1963.0,11.795295747090876,10.951887834817171,809152.0,544217.0,35.0,49.0,1963.0,11.793577489812375,10.94968246947974,809150.0,544217.0,36.0,155.0,1963.0,0.0,0.0,0.0,0.0,0.0,0.0,0.0,0.0,0.0,0.0,0.0,0.0,0.0,0.0,0.0,0.0,8.54991997871548,544217.0,8.50055483314544,544217.0,8.44514735238701,544217.0,8.44342909510851,544217.0,3.350148394703865,0.0,3.350148394703865,0.0,3.350148394703865,0.0,3.350148394703865,0.0,544.217,0.0069108789869634256,0.0108792031651228,544.217,0.006907839769521704,0.0108792031651228,544.217,0.0069055043615345495,0.010879157057139115,544.217,0.006905204707200264,0.010879157057139115,1963,0.003992661857997515,0.004148307725718947,4.941920084211571e-05,0.0,0.010188487009679063,0.008618116713722923,0.00880437179356841,0.0003088700052631399,0.0,0.01782985226693836,0.008817749806622865,0.008948762331889903,0.00031134096530527344,0.0,0.018339276617422313,0.9998543269015595,1.0,1.0
PANCANCER_ATLAS,query2,4,1/4,12.095971953123808,11.25166466832161,743681.0,458288.0,0.0,0.0,1986.0,12.056479836667776,11.216378822922707,743649.0,458288.0,16.0,16.0,1986.0,11.983465261206925,11.149498418904841,743362.0,458288.0,37.0,16.0,1986.0,11.984515261206925,11.149498418904841,743362.0,458288.0,37.0,16.0,1986.0,0.0,0.0,0.0,0.0,0.0,0.0,0.0,0.0,0.0,0.0,0.0,0.0,0.0,0.0,0.0,0.0,8.669801914133132,458288.0,8.6303097976771,458288.0,8.557295222216249,458288.0,8.558345222216248,458288.0,3.4261700389906764,0.0,3.4261700389906764,0.0,3.4261700389906764,0.0,3.4261700389906764,0.0,458.288,0.007003886991976526,0.011224161622633037,458.288,0.007002409356793656,0.011224161622633037,458.288,0.006990184217050977,0.011223068050182508,458.288,0.006990323881855446,0.011223082016662955,1986,0.003136055547251382,0.0032648981503162755,4.302920203691496e-05,0.0,0.008056394763343404,0.009080100805386793,0.009301170038495954,0.00042894735780529825,0.0,0.01863041289023162,0.009080100805386793,0.009214364281664778,0.00042894735780529825,0.0,0.01863041289023162,1.0000876207321598,1.0,1.0
PANCANCER_ATLAS,query2,4,inf,12.2326775547117,11.418545898981392,685712.0,343716.0,0.0,0.0,1955.0,12.190717180977165,11.381054688245058,685678.0,343716.0,17.0,0.0,1955.0,12.167891833963075,11.359931186772883,685617.0,687432.0,23.0,0.0,1955.0,12.167848117963075,11.359931186772883,685617.0,343716.0,23.0,0.0,1955.0,0.0,0.0,0.0,0.0,0.0,0.0,0.0,0.0,0.0,0.0,0.0,0.0,0.0,0.0,0.0,0.0,8.389687684364617,343716.0,8.347727310630082,343716.0,8.324901963615993,687432.0,8.324858247615992,343716.0,3.8429898703470826,0.0,3.8429898703470826,0.0,3.8429898703470826,0.0,3.8429898703470826,0.0,343.716,0.007838042357880692,0.011417552933082931,343.716,0.007835807714764768,0.011417552933082931,687.432,0.007832138632574164,0.011417961952700638,343.716,0.007832138632574164,0.01141744434043472,1955,0.0032833612149931746,0.003430187180759381,4.958349861161615e-05,0.0,0.008695652173913044,0.005133290414302105,0.005296119386688947,0.00013854212847375091,-1.0,0.011764705882352941,0.005133290414302105,0.005299693093247071,0.00013854212847375091,0.0,0.011764705882352941,0.9999964072658931,0.5,0.5
PANCANCER_ATLAS,query2,8,1,24.856501903384924,23.232550537213683,1480819.0,945219.0,0.0,0.0,3764.0,24.77751767047286,23.161978846415877,1480755.0,945219.0,32.0,0.0,3764.0,24.530757430089135,22.93431916087866,1479773.0,1890438.0,104.0,0.0,3764.0,24.533412211089136,22.93431916087866,1479773.0,945219.0,104.0,0.0,3764.0,0.0,0.0,0.0,0.0,0.0,0.0,0.0,0.0,0.0,0.0,0.0,0.0,0.0,0.0,0.0,0.0,16.28316207882017,945219.0,16.204177845908106,945219.0,15.957417605524379,1890438.0,15.960072386524379,945219.0,8.573339824564755,0.0,8.573339824564755,0.0,8.573339824564755,0.0,8.573339824564755,0.0,945.219,0.008815439213733558,0.01561060024890324,945.219,0.008814124405691124,0.01561060024890324,1890.438,0.00880097906709204,0.015611610161530913,945.219,0.00880097906709204,0.01561047201433029,3764,0.0030376213186220635,0.0031776085476173943,4.3219326602339514e-05,0.0,0.008501594048884165,0.012836790168919254,0.013105000637737785,0.0007063658691575103,-1.0,0.02763018065887354,0.012836790168919254,0.012998196349253366,0.0007063658691575103,0.0,0.02763018065887354,1.0001082225450058,0.5,0.5
PANCANCER_ATLAS,query2,8,1/16,24.696825069375336,23.018598535098135,1533576.0,916576.0,0.0,0.0,3921.0,24.612904321906267,22.943616113625467,1533508.0,916576.0,34.0,97.0,3921.0,24.365351757275164,22.71533716097474,1532557.0,916576.0,103.0,97.0,3921.0,24.366333499996664,22.71313179563731,1532555.0,916576.0,104.0,302.0,3921.0,0.0,0.0,0.0,0.0,0.0,0.0,0.0,0.0,0.0,0.0,0.0,0.0,0.0,0.0,0.0,0.0,16.87275935523212,916576.0,16.78883860776305,916576.0,16.541286043131947,916576.0,16.542267785853447,916576.0,7.824065714143217,0.0,7.824065714143217,0.0,7.824065714143217,0.0,7.824065714143217,0.0,916.576,0.00889002737765223,0.014937838805745719,916.576,0.00888803198567319,0.014937838805745719,916.576,0.008879772172360568,0.014937838805745719,916.576,0.008879768441391473,0.014937838805745719,3921,0.003257471186107974,0.0033980378948844647,4.43408086719943e-05,0.0,0.008671257332313186,0.01317462371399325,0.01342169737077692,0.0006644600593644912,0.0,0.02626880897730171,0.013270431690055262,0.01338194559220851,0.0006657642007960041,0.0,0.026523845957663862,1.0000402925732934,1.0,1.0
PANCANCER_ATLAS,query2,8,1/4,23.828992954455316,22.233676565811038,1425726.0,802004.0,0.0,0.0,3763.0,23.72285789147973,22.138845856301486,1425640.0,802004.0,43.0,28.0,3763.0,23.465014640825093,21.90145282447338,1424570.0,802004.0,118.0,28.0,3763.0,23.468764640825093,21.90145282447338,1424570.0,802004.0,118.0,28.0,3763.0,0.0,0.0,0.0,0.0,0.0,0.0,0.0,0.0,0.0,0.0,0.0,0.0,0.0,0.0,0.0,0.0,15.906849165447056,802004.0,15.80071410247147,802004.0,15.542870851816833,802004.0,15.546620851816833,802004.0,7.92214378900826,0.0,7.92214378900826,0.0,7.92214378900826,0.0,7.92214378900826,0.0,802.004,0.008616044716313255,0.014465415039988482,802.004,0.00861259959155421,0.014465415039988482,802.004,0.00860875718022742,0.014465296839951377,802.004,0.008608795289983519,0.014465300650926985,3763,0.004265183458473709,0.004454030565976597,6.0320145666148406e-05,0.0,0.011427052883337762,0.014942366385257255,0.015274599070380313,0.0008108149812796617,0.0,0.03135795907520595,0.014942366385257255,0.01511722775354929,0.0008108149812796617,0.0,0.03135795907520595,1.0001598123869684,1.0,1.0
PANCANCER_ATLAS,query2,8,inf,25.049364384263754,23.38489626068622,1307026.0,572860.0,0.0,0.0,4094.0,24.938292806731166,23.285654820501804,1306936.0,572860.0,45.0,0.0,4094.0,24.644995527127847,23.017270823940635,1306032.0,1145720.0,135.0,0.0,4094.0,24.64892266712785,23.017270823940635,1306032.0,572860.0,135.0,0.0,4094.0,0.0,0.0,0.0,0.0,0.0,0.0,0.0,0.0,0.0,0.0,0.0,0.0,0.0,0.0,0.0,0.0,16.78554578963667,572860.0,16.674474212104084,572860.0,16.381176932500765,1145720.0,16.385104072500766,572860.0,8.263818594627082,0.0,8.263818594627082,0.0,8.263818594627082,0.0,8.263818594627082,0.0,572.86,0.00986602296767933,0.015558948064513432,572.86,0.009863202593257988,0.015558948064513432,1145.72,0.009857224604536407,0.01555946520736152,572.86,0.009857224604536407,0.015558821396811062,4094,0.004243826403081186,0.004434107621603567,6.885861490135703e-05,0.0,0.010991695163654128,0.015720635774793768,0.01614287895424349,0.0007605051467989288,-1.0,0.03297508549096238,0.015720635774793768,0.01598610292033864,0.0007605051467989288,0.0,0.03297508549096238,1.0001593483754412,0.5,0.5
PANCANCER_ATLAS,query2,16,inf,47.99723602551967,44.719441844150424,3166588.0,2005010.0,0.0,0.0,7514.0,47.85901361792356,44.595941385254264,3166476.0,2005010.0,56.0,0.0,7514.0,46.6294533561681,43.45968253724277,3161788.0,4010020.0,394.0,0.0,7514.0,46.6443483461681,43.45968253724277,3161788.0,2005010.0,394.0,0.0,7514.0,0.0,0.0,0.0,0.0,0.0,0.0,0.0,0.0,0.0,0.0,0.0,0.0,0.0,0.0,0.0,0.0,32.5740469135344,2005010.0,32.43582450593829,2005010.0,31.206264244182833,4010020.0,31.221159234182835,2005010.0,15.423189111985266,0.0,15.423189111985266,0.0,15.423189111985266,0.0,15.423189111985266,0.0,2005.01,0.010074916745824882,0.019016182999047594,2005.01,0.010073375756695598,0.019016182999047594,4010.02,0.010048118102596102,0.019017762125593887,2005.01,0.010048118102596102,0.01901607700890404,7514,0.0027616726372964306,0.002879799318498688,3.536929970049396e-05,0.0,0.007452754857599149,0.02817028243102815,0.028497113221776615,0.0015158271300212967,-1.0,0.05243545381953686,0.02817028243102815,0.028186783060429765,0.0015158271300212967,0.0,0.05243545381953686,1.0003194330820528,0.5,0.5
PANCANCER_ATLAS,query2,50,inf,150.6374204531312,140.41675720363855,9444200.0,5728600.0,0.0,0.0,23800.0,150.1437689974308,139.97568413615227,9443800.0,5728600.0,200.0,0.0,23800.0,141.3245480487095,131.89639803022146,9412600.0,11457200.0,2800.0,0.0,23800.0,141.4488194487095,131.89639803022146,9412600.0,5728600.0,2800.0,0.0,23800.0,0.0,0.0,0.0,0.0,0.0,0.0,0.0,0.0,0.0,0.0,0.0,0.0,0.0,0.0,0.0,0.0,102.92067676782608,5728600.0,102.42702531212568,5728600.0,93.60780436340437,11457200.0,93.73207576340435,5728600.0,47.71674368530512,0.0,47.71674368530512,0.0,47.71674368530512,0.0,47.71674368530512,0.0,5728.6,0.007325156242586672,0.03000929952831938,5728.6,0.007325156242586672,0.03000929952831938,11457.2,0.007216427708044648,0.03001037364081938,5728.6,0.007216427708044648,0.03000929952831938,23800,0.00314117115556678,0.0032770838362435883,4.235403739860644e-05,0.0,0.008403361344537815,0.060679076650805186,0.061823100637329875,0.0033459689544905746,-1.0,0.11764705882352941,0.060679076650805186,0.06099813032367096,0.0033459689544905746,0.0,0.11764705882352941,1.0008793334329797,0.5,0.5
PANCANCER_ATLAS,query3,1,inf,3.3973702751100063,3.2158687375485897,161288.0,125253.0,0.0,0.0,425.0,3.3973702751100063,3.2158687375485897,161288.0,125253.0,0.0,0.0,425.0,3.3974955281100065,3.2158687375485897,161288.0,250506.0,0.0,0.0,425.0,3.3973702751100063,3.2158687375485897,161288.0,125253.0,0.0,0.0,425.0,0.0,0.0,0.0,0.0,0.0,0.0,0.0,0.0,0.0,0.0,0.0,0.0,0.0,0.0,0.0,0.0,1.7857838198542595,125253.0,1.7857838198542595,125253.0,1.7859090728542595,250506.0,1.7857838198542595,125253.0,1.6115864552557468,0.0,1.6115864552557468,0.0,1.6115864552557468,0.0,1.6115864552557468,0.0,125.253,0.006928908459387474,0.011868286008198916,125.253,0.006928908459387474,0.011868286008198916,250.506,0.006929093079105785,0.011868833708198915,125.253,0.006928908459387474,0.011868286008198916,425,0.0,0.0,0.0,0.0,0.0,0.0,-3.6867632862369604e-05,0.0,-1.0,0.0,0.0,0.0,0.0,0.0,0.0,0.9999631337263098,0.5,0.5
PANCANCER_ATLAS,query3,2,1,6.849545793607831,6.45447731949389,413518.0,323327.0,0.0,0.0,886.0,6.849545793607831,6.45447731949389,413518.0,323327.0,0.0,0.0,886.0,6.835114749212422,6.441058438271284,413451.0,646654.0,4.0,0.0,886.0,6.834991422212422,6.441058438271284,413451.0,323327.0,4.0,0.0,886.0,0.0,0.0,0.0,0.0,0.0,0.0,0.0,0.0,0.0,0.0,0.0,0.0,0.0,0.0,0.0,0.0,3.783760480582714,323327.0,3.783760480582714,323327.0,3.769329436187305,646654.0,3.769206109187305,323327.0,3.065785313025117,0.0,3.065785313025117,0.0,3.065785313025117,0.0,3.065785313025117,0.0,323.327,0.0065002482791077084,0.012501086918243639,323.327,0.0065002482791077084,0.012501086918243639,646.654,0.006489117546026488,0.012501027636435463,323.327,0.006489088815040572,0.012500299832210113,886,0.0,0.0,0.0,0.0,0.0,0.0020790035441100585,0.0021068615102736166,0.00016202438587920032,-1.0,0.004514672686230248,0.0020790035441100585,0.0021248666457550636,0.00016202438587920032,0.0,0.004514672686230248,0.9999819568501006,0.5,0.5
PANCANCER_ATLAS,query3,2,1/16,8.041524848900735,7.590902598574758,518030.0,386440.0,0.0,0.0,1013.0,8.041524848900735,7.590902598574758,518030.0,386440.0,0.0,36.0,1013.0,8.036233835549057,7.586323601193726,518008.0,386440.0,2.0,36.0,1013.0,8.036333835549057,7.586323601193726,518008.0,386440.0,2.0,84.0,1013.0,0.0,0.0,0.0,0.0,0.0,0.0,0.0,0.0,0.0,0.0,0.0,0.0,0.0,0.0,0.0,0.0,4.030794207006693,386440.0,4.030794207006693,386440.0,4.025503193655014,386440.0,4.025603193655014,386440.0,4.0107306418940425,0.0,4.0107306418940425,0.0,4.0107306418940425,0.0,4.0107306418940425,0.0,386.44,0.007406147846795598,0.014604515036149075,386.44,0.007406147846795598,0.014604515036149075,386.44,0.007402342059985813,0.014604139166325894,386.44,0.00740240981066332,0.014604145941393644,1013,0.0,0.0,0.0,0.0,0.0,0.0006032217277944785,0.0006579614502343345,4.2468582900578866e-05,0.0,0.0019743336623889436,0.0006032217277944785,0.0006455259977700134,4.2468582900578866e-05,0.0,0.0019743336623889436,1.0000124436398998,1.0,1.0
PANCANCER_ATLAS,query3,2,1/4,8.074881289154291,7.6510837730020285,423308.0,334008.0,0.0,0.0,965.0,8.074881289154291,7.6510837730020285,423308.0,334008.0,0.0,16.0,965.0,8.074881289154291,7.6510837730020285,423308.0,334008.0,0.0,16.0,965.0,8.074881289154291,7.6510837730020285,423308.0,334008.0,0.0,16.0,965.0,0.0,0.0,0.0,0.0,0.0,0.0,0.0,0.0,0.0,0.0,0.0,0.0,0.0,0.0,0.0,0.0,4.158666702918708,334008.0,4.158666702918708,334008.0,4.158666702918708,334008.0,4.158666702918708,334008.0,3.916214586235583,0.0,3.916214586235583,0.0,3.916214586235583,0.0,3.916214586235583,0.0,334.008,0.0075085056132082354,0.015226466104838202,334.008,0.0075085056132082354,0.015226466104838202,334.008,0.0075085056132082354,0.015226466104838202,334.008,0.0075085056132082354,0.015226466104838202,965,0.0,0.0,0.0,0.0,0.0,0.0,0.0,0.0,0.0,0.0,0.0,0.0,0.0,0.0,0.0,1.0,1.0,1.0
PANCANCER_ATLAS,query3,2,inf,8.206692737527192,7.814006008207798,303768.0,221863.0,0.0,0.0,936.0,8.206692737527192,7.814006008207798,303768.0,221863.0,0.0,0.0,936.0,8.201333934678937,7.809168988838792,303712.0,443726.0,2.0,0.0,936.0,8.201212071678937,7.809168988838792,303712.0,221863.0,2.0,0.0,936.0,0.0,0.0,0.0,0.0,0.0,0.0,0.0,0.0,0.0,0.0,0.0,0.0,0.0,0.0,0.0,0.0,3.918504768051207,221863.0,3.918504768051207,221863.0,3.913145965202952,443726.0,3.913024102202952,221863.0,4.288187969475985,0.0,4.288187969475985,0.0,4.288187969475985,0.0,4.288187969475985,0.0,221.863,0.007607157592674796,0.01595540154226859,221.863,0.007607157592674796,0.01595540154226859,443.726,0.007603430627992926,0.01595554598115251,221.863,0.007603297968837997,0.015955015579884907,936,0.0,0.0,0.0,0.0,0.0,0.0006190191514986454,0.0006529795886899281,0.0001843512154012794,-1.0,0.002136752136752137,0.0006190191514986454,0.0006678288104041696,0.0001843512154012794,0.0,0.002136752136752137,0.9999851410757115,0.5,0.5
PANCANCER_ATLAS,query3,4,1,16.09653137344867,15.258794160559773,838224.0,626265.0,0.0,0.0,1919.0,16.09653137344867,15.258794160559773,838224.0,626265.0,0.0,0.0,1919.0,16.031895235162274,15.199627790600061,837733.0,1252530.0,18.0,0.0,1919.0,16.03216897016227,15.199627790600061,837733.0,626265.0,18.0,0.0,1919.0,0.0,0.0,0.0,0.0,0.0,0.0,0.0,0.0,0.0,0.0,0.0,0.0,0.0,0.0,0.0,0.0,7.85865662433207,626265.0,7.85865662433207,626265.0,7.794020486045673,1252530.0,7.794294221045673,626265.0,8.2378747491166,0.0,8.2378747491166,0.0,8.2378747491166,0.0,8.2378747491166,0.0,626.265,0.0067768766446254,0.01787530924309976,626.265,0.0067768766446254,0.01787530924309976,1252.53,0.006758004794694645,0.01787196397933077,626.265,0.006757980503348491,0.01787122876211923,1919,0.0,0.0,0.0,0.0,0.0,0.0038775259261732975,0.004015532091156793,0.00058576227834084,-1.0,0.009379885356956748,0.0038775259261732975,0.00399852625346131,0.00058576227834084,0.0,0.009379885356956748,1.0000170744004986,0.5,0.5
PANCANCER_ATLAS,query3,4,1/16,16.408556860871613,15.537442137487233,772713.0,553444.0,0.0,0.0,2065.0,16.408556860871613,15.537442137487233,772713.0,553444.0,0.0,59.0,2065.0,16.360359740174115,15.493925352580845,772421.0,553444.0,14.0,59.0,2065.0,16.361059740174113,15.493925352580845,772421.0,553444.0,14.0,139.0,2065.0,0.0,0.0,0.0,0.0,0.0,0.0,0.0,0.0,0.0,0.0,0.0,0.0,0.0,0.0,0.0,0.0,8.517032572068274,553444.0,8.517032572068274,553444.0,8.468835451370776,553444.0,8.469535451370776,553444.0,7.891524288803339,0.0,7.891524288803339,0.0,7.891524288803339,0.0,7.891524288803339,0.0,553.444,0.006476494419946549,0.017098026767261822,553.444,0.006476494419946549,0.017098026767261822,553.444,0.00646064581000736,0.017096883658330158,553.444,0.00646074214912104,0.017096888475285843,2065,0.0,0.0,0.0,0.0,0.0,0.002800768911724205,0.0029373162494521488,0.00037788933277949077,0.0,0.006779661016949152,0.002800768911724205,0.0028946555812451313,0.00037788933277949077,0.0,0.006779661016949152,1.0000427863452341,1.0,1.0
PANCANCER_ATLAS,query3,4,1/4,16.30375953298062,15.451206913217902,885860.0,654908.0,0.0,0.0,1927.0,16.30375953298062,15.451206913217902,885860.0,654908.0,0.0,31.0,1927.0,16.249364927446248,15.40110297780484,885549.0,654908.0,12.0,31.0,1927.0,16.249964927446246,15.40110297780484,885549.0,654908.0,12.0,31.0,1927.0,0.0,0.0,0.0,0.0,0.0,0.0,0.0,0.0,0.0,0.0,0.0,0.0,0.0,0.0,0.0,0.0,8.045760726556182,654908.0,8.045760726556182,654908.0,7.991366121021807,654908.0,7.991966121021807,654908.0,8.257998806424439,0.0,8.257998806424439,0.0,8.257998806424439,0.0,8.257998806424439,0.0,654.908,0.0059879286847646955,0.017800016841371946,654.908,0.0059879286847646955,0.017800016841371946,654.908,0.005973293379850179,0.01779813494795517,654.908,0.005973341923539499,0.01779813494795517,1927,0.0,0.0,0.0,0.0,0.0,0.0032427198531785884,0.0033363228538999534,0.00035107127537081784,0.0,0.006227296315516347,0.0032427198531785884,0.0032995215260354094,0.00035107127537081784,0.0,0.006227296315516347,1.0000369245199845,1.0,1.0
PANCANCER_ATLAS,query3,4,inf,17.169246195815504,16.30134014878422,902332.0,712194.0,0.0,0.0,1935.0,17.169246195815504,16.30134014878422,902332.0,712194.0,0.0,0.0,1935.0,17.12482780236315,16.260926568880677,902097.0,1424388.0,14.0,0.0,1935.0,17.12481560836315,16.260926568880677,902097.0,712194.0,14.0,0.0,1935.0,0.0,0.0,0.0,0.0,0.0,0.0,0.0,0.0,0.0,0.0,0.0,0.0,0.0,0.0,0.0,0.0,8.156958458013833,712194.0,8.156958458013833,712194.0,8.11254006456148,1424388.0,8.11252787056148,712194.0,9.012287737801671,0.0,9.012287737801671,0.0,9.012287737801671,0.0,9.012287737801671,0.0,712.194,0.007696090871205101,0.019428347521101993,712.194,0.007696090871205101,0.019428347521101993,1424.388,0.00768607812939725,0.019428251249184094,712.194,0.007685915383634539,0.01942741373402402,1935,0.0,0.0,0.0,0.0,0.0,0.00247915689965883,0.0025870904840993303,0.00026043629174188343,-1.0,0.007235142118863049,0.00247915689965883,0.0025878007074755516,0.00026043629174188343,0.0,0.007235142118863049,0.9999992879344458,0.5,0.5
PANCANCER_ATLAS,query3,8,1,32.18584920745343,30.508137442171574,1600026.0,1069991.0,0.0,0.0,3938.0,32.18584920745343,30.508137442171574,1600026.0,1069991.0,0.0,0.0,3938.0,31.962513837307398,30.305019206367433,1598687.0,2139982.0,66.0,0.0,3938.0,31.964743846307396,30.305019206367433,1598687.0,1069991.0,66.0,0.0,3938.0,0.0,0.0,0.0,0.0,0.0,0.0,0.0,0.0,0.0,0.0,0.0,0.0,0.0,0.0,0.0,0.0,16.25935148447752,1069991.0,16.25935148447752,1069991.0,16.03601611433149,2139982.0,16.038246123331486,1069991.0,15.92649772297591,0.0,15.92649772297591,0.0,15.92649772297591,0.0,15.92649772297591,0.0,1069.991,0.004890274665048045,0.021605906251727803,1069.991,0.004890274665048045,0.021605906251727803,2126.874,0.004856910050482789,0.021603996628137157,1056.883,0.004856914737579563,0.021603239168137157,3938,0.0,0.0,0.0,0.0,0.0,0.0066578379682847855,0.0069389304817321085,0.0008368614010022535,-1.0,0.01675977653631285,0.0066578379682847855,0.006869645095299526,0.0008368614010022535,0.0,0.01675977653631285,1.0000697695122276,0.5,0.49691848224201346
PANCANCER_ATLAS,query3,8,1/16,32.35963479522616,30.651376181282103,1910993.0,1414680.0,0.0,0.0,3817.0,32.35963479522616,30.651376181282103,1910993.0,1414680.0,0.0,142.0,3817.0,32.14973297763228,30.460917679592967,1909724.0,1414680.0,58.0,142.0,3817.0,32.14672186932385,30.4556123316288,1909718.0,1414680.0,61.0,298.0,3817.0,0.0,0.0,0.0,0.0,0.0,0.0,0.0,0.0,0.0,0.0,0.0,0.0,0.0,0.0,0.0,0.0,16.016029025427997,1414680.0,16.016029025427997,1414680.0,15.806127207834125,1414680.0,15.80311609952569,1414680.0,16.34360576979816,0.0,16.34360576979816,0.0,16.34360576979816,0.0,16.34360576979816,0.0,1414.68,0.005228944038681698,0.023203693897645355,1414.68,0.005228944038681698,0.023203693897645355,1414.68,0.005202902640643084,0.023201745363221494,1414.68,0.005202943691546205,0.023201745363221494,3817,0.0,0.0,0.0,0.0,0.0,0.0062137014848110406,0.006486532339507134,0.0006640526679061454,0.0,0.015195179460309143,0.006386788263453291,0.006579583708210435,0.0006671923968324389,0.0,0.015981137018600995,0.999906341109877,1.0,1.0
PANCANCER_ATLAS,query3,8,1/4,30.820661731995642,29.122959290631115,1648622.0,1177282.0,0.0,0.0,3956.0,30.820661731995642,29.122959290631115,1648622.0,1177282.0,0.0,59.0,3956.0,30.579404408815204,28.907699225470424,1647310.0,1177282.0,81.0,59.0,3956.0,30.583454408815204,28.907699225470424,1647310.0,1177282.0,81.0,59.0,3956.0,0.0,0.0,0.0,0.0,0.0,0.0,0.0,0.0,0.0,0.0,0.0,0.0,0.0,0.0,0.0,0.0,16.119839581660926,1177282.0,16.119839581660926,1177282.0,15.878582258480488,1177282.0,15.88263225848049,1177282.0,14.700822150334716,0.0,14.700822150334716,0.0,14.700822150334716,0.0,14.700822150334716,0.0,1177.282,0.00513077894388472,0.02027569241817244,1177.282,0.00513077894388472,0.02027569241817244,1177.282,0.005109525617583863,0.020274036815802365,1177.282,0.005109646976807164,0.020274044906417252,3956,0.0,0.0,0.0,0.0,0.0,0.00739142142158411,0.007827778821827946,0.000795816142208472,0.0,0.020475227502527806,0.00739142142158411,0.007696373466705597,0.000795816142208472,0.0,0.020475227502527806,1.0001324420824504,1.0,1.0
PANCANCER_ATLAS,query3,8,inf,30.546815529465675,28.840828839689493,1735810.0,1320497.0,0.0,0.0,3875.0,30.546815529465675,28.840828839689493,1735810.0,1320497.0,0.0,0.0,3875.0,30.285485749363385,28.60241967625916,1734067.0,2640994.0,71.0,0.0,3875.0,30.287715252363384,28.60241967625916,1734067.0,1320497.0,71.0,0.0,3875.0,0.0,0.0,0.0,0.0,0.0,0.0,0.0,0.0,0.0,0.0,0.0,0.0,0.0,0.0,0.0,0.0,16.072598566301167,1320497.0,16.072598566301167,1320497.0,15.811268786198875,2640994.0,15.813498289198876,1320497.0,14.474216963164508,0.0,14.474216963164508,0.0,14.474216963164508,0.0,14.474216963164508,0.0,1320.497,0.0045772562175384396,0.020411128580627665,1320.497,0.0045772562175384396,0.020411128580627665,2640.994,0.0045473100629235645,0.02040898525291766,1320.497,0.0045471079103261616,0.020408017295125452,3875,0.0,0.0,0.0,0.0,0.0,0.008266376973960043,0.008555058050165987,0.0010041421584159327,-1.0,0.01832258064516129,0.008266376973960043,0.008482071620603548,0.0010041421584159327,0.0,0.01832258064516129,1.0000736162206032,0.5,0.5
PANCANCER_ATLAS,query3,16,inf,62.20131400972605,58.907651423476636,3506445.0,2498752.0,0.0,0.0,7542.0,62.20131400972605,58.907651423476636,3506445.0,2498752.0,0.0,0.0,7542.0,61.25025169590261,58.04828687105328,3500571.0,4997504.0,282.0,0.0,7542.0,61.26185294390261,58.04828687105328,3500571.0,2498752.0,282.0,0.0,7542.0,0.0,0.0,0.0,0.0,0.0,0.0,0.0,0.0,0.0,0.0,0.0,0.0,0.0,0.0,0.0,0.0,31.517823619768023,2498752.0,31.517823619768023,2498752.0,30.56676130594459,4997504.0,30.578362553944586,2498752.0,30.683490389958024,0.0,30.683490389958024,0.0,30.683490389958024,0.0,30.683490389958024,0.0,2498.752,0.004671508591811441,0.02487612156822485,2498.752,0.004671508591811441,0.02487612156822485,4997.504,0.004597890587286206,0.024875441165554263,2498.752,0.0045978318070171486,0.024874372067422722,7542,0.0,0.0,0.0,0.0,0.0,0.014588334989720453,0.015290067886262415,0.0016752009513909538,-1.0,0.03739061256961018,0.014588334989720453,0.015103556585260192,0.0016752009513909538,0.0,0.03739061256961018,1.0001894073522766,0.5,0.5
PANCANCER_ATLAS,query3,50,inf,196.88629917800426,186.28046810626984,10976600.0,8350200.0,0.0,0.0,24000.0,196.88629917800426,186.28046810626984,10976600.0,8350200.0,0.0,0.0,24000.0,189.40227478671332,179.5156391337514,10928000.0,16700400.0,2200.0,0.0,24000.0,189.50392458671334,179.5156391337514,10928000.0,8350200.0,2200.0,0.0,24000.0,0.0,0.0,0.0,0.0,0.0,0.0,0.0,0.0,0.0,0.0,0.0,0.0,0.0,0.0,0.0,0.0,100.17391443252563,8350200.0,100.17391443252563,8350200.0,92.68989004123469,16700400.0,92.79153984123468,8350200.0,96.71238474547863,0.0,96.71238474547863,0.0,96.71238474547863,0.0,96.71238474547863,0.0,8350.2,0.005312841152772307,0.01546129718190059,8350.2,0.005312841152772307,0.01546129718190059,16700.4,0.005274436669424176,0.01546165521940059,8350.2,0.005274436669424176,0.01546129718190059,24000,0.0,0.0,0.0,0.0,0.0,0.03631528866815614,0.038011910541955296,0.004427600532040832,-1.0,0.09166666666666666,0.03631528866815614,0.037495623728579175,0.004427600532040832,0.0,0.09166666666666666,1.000536687323922,0.5,0.5
PATENTS,query1,1,inf,1926.1614146395586,1925.8838646546938,381637.0,528112.0,0.0,0.0,283.0,1925.3595094683978,1925.1775839910842,164997.0,203120.0,16.0,0.0,283.0,1925.359712588398,1925.1775839910842,164997.0,406240.0,16.0,0.0,283.0,1925.3595094683978,1925.1775839910842,164997.0,203120.0,16.0,0.0,283.0,1922.1835565948859,0.0,1922.1835565948859,0.0,1922.1835565948859,0.0,1922.1835565948859,0.0,0.0,0.0,0.0,0.0,0.0,0.0,0.0,0.0,3.9778580446727574,528112.0,3.1759528735120597,203120.0,3.1761559935120594,406240.0,3.1759528735120597,203120.0,0.0,0.0,0.0,0.0,0.0,0.0,0.0,0.0,528.112,8.104000694908871,9.241039912844172,203.12,8.104000694908871,9.241039912844172,406.24,8.104001736549895,9.241039933676992,203.12,8.104000694908871,9.241039912844172,283,0.00036673066147530076,0.00041632293382376506,0.5676598443023082,0.6153846153846154,0.05653710247349823,0.00036673066147530076,0.000416217480563863,0.5676598443023082,0.23076923076923073,0.05653710247349823,0.00036673066147530076,0.00041632293382376506,0.5676598443023082,0.6153846153846154,0.05653710247349823,0.9999998945028304,0.5,0.5
PATENTS,query1,2,1,4064.930533034494,4064.5214425707236,427284.0,528112.0,0.0,0.0,543.0,4064.930533034494,4064.5214425707236,427284.0,528112.0,0.0,26.0,543.0,3592.9967857678644,3592.669538553804,290632.0,324992.0,62.0,16.0,543.0,3593.5005764998396,3593.11096396856,426032.0,528112.0,52.0,26.0,543.0,4059.6312995431945,0.0,4059.6312995431945,0.0,3588.2407798354147,0.0,3588.2433298354144,0.0,0.0,0.0,0.0,0.0,0.0,0.0,0.0,0.0,5.299233491299674,528112.0,5.299233491299674,528112.0,4.756005932449624,324992.0,5.25724666442506,528112.0,0.0,0.0,0.0,0.0,0.0,0.0,0.0,0.0,528.112,8.543881512404724,9.360936821277042,528.112,8.543881512404724,9.360936821277042,324.992,7.595576407533607,9.262890972411215,528.112,7.595579244413039,9.262891247233911,543,0.0,0.0,0.0,0.0,0.0,0.11609039604881088,0.1160988468145675,0.3198153921045487,0.3846153846153846,0.1141804788213628,0.11598179152525434,0.11597491093721823,0.0029301354602558893,0.0,0.09576427255985268,1.0001402146347502,1.625,1.6249999999999998
PATENTS,query1,2,1/16,3989.7783050737344,3989.3602092482615,451956.0,589048.0,0.0,0.0,542.0,3989.7783050737344,3989.3602092482615,451956.0,589048.0,0.0,38.0,542.0,3504.0533396632604,3503.741393969627,261135.0,304680.0,67.0,24.0,542.0,3504.757656688026,3504.3593895502854,450695.0,589048.0,53.0,52.0,542.0,3983.841243430972,0.0,3983.841243430972,0.0,3498.8599818721386,0.0,3498.8625818721384,0.0,0.0,0.0,0.0,0.0,0.0,0.0,0.0,0.0,5.9370616427622736,589048.0,5.9370616427622736,589048.0,5.193357791122049,304680.0,5.89507481588766,589048.0,0.0,0.0,0.0,0.0,0.0,0.0,0.0,0.0,589.048,8.466368338439528,9.310459077728389,589.048,8.466368338439528,9.310459077728389,304.68,7.385446620052968,9.192744876495802,589.048,7.385449270229645,9.192745132679548,542,0.0,0.0,0.0,0.0,0.0,0.1217284952491523,0.12174234462922051,0.42221145421235695,0.48275862068965514,0.12361623616236163,0.12157358429896403,0.12156581426314228,0.0027900946109797875,0.0,0.09778597785977859,1.0002010006573796,1.9333333333333333,1.9333333333333333
PATENTS,query1,2,1/4,3987.7131089060567,3987.2366330833174,581715.0,771856.0,0.0,0.0,554.0,3987.7131089060567,3987.2366330833174,581715.0,771856.0,0.0,38.0,554.0,3549.7553684509994,3549.418415183667,309787.0,365616.0,67.0,18.0,554.0,3550.7600999149504,3550.301266013179,580587.0,771856.0,47.0,38.0,554.0,3981.26458548801,0.0,3981.26458548801,0.0,3544.3092264969036,0.0,3544.311576496904,0.0,0.0,0.0,0.0,0.0,0.0,0.0,0.0,0.0,6.448523418046534,771856.0,6.448523418046534,771856.0,5.446141954095662,365616.0,6.448523418046534,771856.0,0.0,0.0,0.0,0.0,0.0,0.0,0.0,0.0,771.856,8.371875994028457,9.367443122881994,771.856,8.371875994028457,9.367443122881994,365.616,7.443425177388873,9.272971730050395,771.856,7.443427865560914,9.272971998867602,554,0.0,0.0,0.0,0.0,0.0,0.10980492461042801,0.10982679257365169,0.46745915095880286,0.5263157894736843,0.12093862815884476,0.10958350538935979,0.10957483576620064,0.0019390938861814089,0.0,0.08483754512635379,1.0002830424521307,2.111111111111111,2.111111111111111
PATENTS,query1,2,inf,4306.239058983745,4305.8093180337455,449640.0,589048.0,0.0,0.0,573.0,4305.437153812584,4305.103037370136,233000.0,264056.0,16.0,0.0,573.0,3824.4913496492068,3824.179059698945,231737.0,528112.0,68.0,0.0,573.0,3824.4936855932065,3824.179059698945,231737.0,264056.0,68.0,0.0,573.0,4300.490838365164,0.0,4300.490838365164,0.0,3819.544770145786,0.0,3819.547370145786,0.0,0.0,0.0,0.0,0.0,0.0,0.0,0.0,0.0,5.748220618581399,589048.0,4.946315447420702,264056.0,4.946579503420701,528112.0,4.946315447420702,264056.0,0.0,0.0,0.0,0.0,0.0,0.0,0.0,0.0,589.048,8.514717611501476,9.350725130073535,264.056,8.514717611501476,9.350725130073535,528.112,7.5363059973222795,9.254413915913766,264.056,7.536307704514198,9.254414151604001,573,0.00016402971228923757,0.00018621938080465306,0.4818076683569078,0.5517241379310345,0.027923211169284468,0.11185591900635716,0.11187203096156695,0.48461658215461256,0.10344827586206895,0.11867364746945899,0.11185591900635716,0.11187148850584916,0.48461658215461256,0.5517241379310345,0.11867364746945899,1.0000006107855361,0.5,0.5
PATENTS,query1,4,1,7747.653972072294,7746.895552655915,751834.0,954664.0,0.0,0.0,1046.0,7747.653972072294,7746.895552655915,751834.0,954664.0,0.0,47.0,1046.0,5857.237786562954,5856.710148681188,421933.0,467176.0,230.0,23.0,1046.0,5858.450944319696,5857.769569676602,746893.0,954664.0,206.0,47.0,1046.0,7736.456228149589,0.0,7736.456228149589,0.0,5847.3690108776145,0.0,5847.379160877615,0.0,0.0,0.0,0.0,0.0,0.0,0.0,0.0,0.0,11.19774392270483,954664.0,11.19774392270483,954664.0,9.868775685339942,467176.0,11.071783442080989,954664.0,0.0,0.0,0.0,0.0,0.0,0.0,0.0,0.0,954.664,8.46035015773149,9.414145915777695,954.664,8.46035015773149,9.414145915777695,467.176,6.54291081076443,9.30559902808215,954.664,6.542914719319002,9.305599264070352,1046,0.0,0.0,0.0,0.0,0.0,0.24399262790198628,0.24399853069376343,0.4387949999600975,0.5106382978723405,0.2198852772466539,0.243855873638525,0.24384194680900106,0.00657192944187146,0.0,0.19694072657743786,1.0002071211381454,2.0434782608695654,2.0434782608695654
PATENTS,query1,4,1/16,7755.135231283959,7754.272825410357,975200.0,1279656.0,0.0,0.0,1082.0,7755.135231283959,7754.272825410357,975200.0,1279656.0,0.0,80.0,1082.0,5851.322983192263,5850.727517317748,564045.0,670296.0,237.0,50.0,1082.0,5852.83690538819,5852.0517935620155,970245.0,1279656.0,207.0,110.0,1082.0,7742.078707742039,0.0,7742.078707742039,0.0,5839.896142326893,0.0,5839.9063423268935,0.0,0.0,0.0,0.0,0.0,0.0,0.0,0.0,0.0,13.056523541919887,1279656.0,13.056523541919887,1279656.0,11.426840865369737,670296.0,12.930563061296045,1279656.0,0.0,0.0,0.0,0.0,0.0,0.0,0.0,0.0,1279.656,8.369888503699148,9.4759683619604,1279.656,8.369888503699148,9.4759683619604,670.296,6.142103931296683,9.367978366876802,1279.656,6.142108223465359,9.36797864549126,1082,0.0,0.0,0.0,0.0,0.0,0.24548340649748457,0.24549052870306898,0.4216109515996719,0.47619047619047616,0.21903881700554528,0.24531262630002648,0.24529531325539766,0.00508100902378994,0.0,0.1913123844731978,1.0002587316065572,1.9090909090909092,1.909090909090909
PATENTS,query1,4,1/4,8058.038116094889,8057.090397737222,1127849.0,1523400.0,0.0,0.0,1136.0,8058.038116094889,8057.090397737222,1127849.0,1523400.0,0.0,75.0,1136.0,5997.970276779046,5997.332512079971,635052.0,792168.0,260.0,39.0,1136.0,5999.785763414158,5998.921643573092,1122492.0,1523400.0,224.0,75.0,1136.0,8043.472359709907,0.0,8043.472359709907,0.0,5985.376954336674,0.0,5985.387954336675,0.0,0.0,0.0,0.0,0.0,0.0,0.0,0.0,0.0,14.565756384981796,1523400.0,14.565756384981796,1523400.0,12.59332244237177,792168.0,14.397809077483341,1523400.0,0.0,0.0,0.0,0.0,0.0,0.0,0.0,0.0,1523.4,8.203505890526646,9.3999833843965,1523.4,8.203505890526646,9.3999833843965,792.168,6.0907517406011715,9.276624095576711,1523.4,6.090756110228679,9.276624346293044,1136,0.0,0.0,0.0,0.0,0.0,0.25564537369913587,0.25565377200203654,0.4369352634971525,0.48,0.22887323943661972,0.25544813978283676,0.2554284706806782,0.004749749301546591,0.0,0.19718309859154928,1.0003026834998068,1.9230769230769231,1.9230769230769231
PATENTS,query1,4,inf,8038.305071767652,8037.449607146205,925090.0,1198408.0,0.0,0.0,1111.0,8036.701261425331,8036.037045818986,491810.0,548424.0,32.0,0.0,1111.0,6359.947131719404,6359.359563281992,487429.0,1096848.0,214.0,0.0,1111.0,6359.955683295404,6359.359563281992,487429.0,548424.0,214.0,0.0,1111.0,8025.001562732272,0.0,8025.001562732272,0.0,6348.330958256094,0.0,6348.339958256094,0.0,0.0,0.0,0.0,0.0,0.0,0.0,0.0,0.0,13.303509035380557,1198408.0,11.699698693059162,548424.0,11.616173463309934,1096848.0,11.615725039309934,548424.0,0.0,0.0,0.0,0.0,0.0,0.0,0.0,0.0,1198.408,8.22953510364382,9.496240102045997,548.424,8.22953510364382,9.496240102045997,1096.848,6.602612485472171,9.406082352703356,548.424,6.602614658547801,9.406082487069742,1111,0.00017574745675086323,0.00019952095970510175,0.4683652401387973,0.5423728813559322,0.0288028802880288,0.20878389612199877,0.2087950040541534,0.4731009955788086,0.0847457627118644,0.1926192619261926,0.20878389612199877,0.2087939402010246,0.4731009955788086,0.5423728813559322,0.1926192619261926,1.0000013445985985,0.5,0.5
PATENTS,query1,8,1,16054.429918840295,16052.671360298758,1947873.0,2539000.0,0.0,0.0,2241.0,16054.429918840295,16052.671360298758,1947873.0,2539000.0,0.0,125.0,2241.0,9808.419700683628,9807.31030141632,1119089.0,1320280.0,747.0,65.0,2241.0,9811.46119507548,9809.958853904856,1931489.0,2539000.0,687.0,125.0,2241.0,16026.992566498462,0.0,16026.992566498462,0.0,9784.788192444264,0.0,9784.821592444267,0.0,0.0,0.0,0.0,0.0,0.0,0.0,0.0,0.0,27.437352341832593,2539000.0,27.437352341832593,2539000.0,23.631508239362315,1320280.0,26.63960263121493,2539000.0,0.0,0.0,0.0,0.0,0.0,0.0,0.0,0.0,2539.0,8.033373780119236,9.667236230807092,2539.0,8.033373780119236,9.667236230807092,1320.28,4.023197121270717,9.597208313736013,2539.0,4.023205497229796,9.597208326523736,2241,0.0,0.0,0.0,0.0,0.0,0.38905431493030984,0.38905213388030746,0.4254815380674202,0.48,0.3333333333333333,0.38888932354482075,0.38886268496139664,0.008411225988552595,0.0,0.30655957161981257,1.0003100901556692,1.9230769230769231,1.9230769230769231
PATENTS,query1,8,1/16,16210.265724594938,16208.298044385388,2417579.0,3128048.0,0.0,0.0,2266.0,16210.265724594938,16208.298044385388,2417579.0,3128048.0,0.0,208.0,2266.0,9945.116863067771,9943.956862016581,1236524.0,1381216.0,780.0,122.0,2266.0,9949.461803362761,9947.753120583482,2400964.0,3128048.0,694.0,294.0,2266.0,16182.901782345027,0.0,16182.901782345027,0.0,9922.945934477217,0.0,9922.979584477216,0.0,0.0,0.0,0.0,0.0,0.0,0.0,0.0,0.0,27.363942249910906,3128048.0,27.363942249910906,3128048.0,22.170928590555267,1381216.0,26.482218885544018,3128048.0,0.0,0.0,0.0,0.0,0.0,0.0,0.0,0.0,3128.048,8.066642981790697,9.754195999543748,3128.048,8.066642981790697,9.754195999543748,1381.216,4.020265386961225,9.67669167283205,3128.048,4.020275567373596,9.676691711491843,2266,0.0,0.0,0.0,0.0,0.0,0.38648975760529014,0.3864926687797229,0.4885279860554712,0.5584415584415585,0.3442188879082083,0.3862555406284981,0.3862246324397388,0.006872577897144239,0.0,0.3062665489849956,1.000436891828906,2.264705882352941,2.264705882352941
PATENTS,query1,8,1/4,16177.32931967033,16175.528142527211,2044813.0,2721808.0,0.0,0.0,2246.0,16177.32931967033,16175.528142527211,2044813.0,2721808.0,0.0,134.0,2246.0,9837.6180724813,9836.51726853894,1107475.0,1340592.0,763.0,66.0,2246.0,9841.060919458734,9839.518961359281,2028195.0,2721808.0,695.0,134.0,2246.0,16150.181788886432,0.0,16150.181788886432,0.0,9814.593264731702,0.0,9814.627164731703,0.0,0.0,0.0,0.0,0.0,0.0,0.0,0.0,0.0,27.14753078389913,2721808.0,27.14753078389913,2721808.0,23.024807749597727,1340592.0,26.433754727030696,2721808.0,0.0,0.0,0.0,0.0,0.0,0.0,0.0,0.0,2721.808,7.989989739950727,9.702544362514134,2721.808,7.989989739950727,9.702544362514134,1340.592,3.876808866213098,9.635156947815203,2721.808,3.8768191110584587,9.6351569735884,2246,0.0,0.0,0.0,0.0,0.0,0.39188895831613224,0.3918886190615192,0.45839790729029994,0.5074626865671642,0.3397150489759573,0.3917033883122417,0.3916757998186514,0.008126904514006883,0.0,0.30943900267141583,1.0003499675380836,2.0303030303030303,2.0303030303030303
PATENTS,query1,8,inf,16142.224142273422,16140.45287128142,1998614.0,2660872.0,0.0,0.0,2216.0,16138.916283442384,16137.539463544032,1104974.0,1320280.0,66.0,0.0,2216.0,9758.623887976275,9757.54195786058,1088164.0,2640560.0,766.0,0.0,2216.0,9758.657567696277,9757.54195786058,1088164.0,1320280.0,766.0,0.0,2216.0,16117.249128348194,0.0,16117.249128348194,0.0,9737.585965005204,0.0,9737.620215005205,0.0,0.0,0.0,0.0,0.0,0.0,0.0,0.0,0.0,24.975013925228268,2660872.0,21.667155094190388,1320280.0,21.037922971071183,2640560.0,21.03735269107118,1320280.0,0.0,0.0,0.0,0.0,0.0,0.0,0.0,0.0,2660.872,8.266306047404406,9.846731777269712,1320.28,8.266306047404406,9.846731777269712,2640.56,4.044339923038731,9.758619455409937,1320.28,4.044348354396626,9.758619494883622,2216,0.00018050346917919402,0.00020491964439861565,0.4471298609936686,0.5038167938931297,0.029783393501805054,0.39546045977296607,0.39545977047733527,0.4555406896979607,0.007633587786259555,0.3456678700361011,0.39546045977296607,0.39545768404118464,0.4555406896979607,0.5038167938931297,0.3456678700361011,1.000003451277597,0.5,0.5
PATENTS,query1,16,inf,32080.035876042908,32076.75626425189,3412726.0,4448328.0,0.0,0.0,4395.0,32075.023968723155,32072.34201010433,2058726.0,2417128.0,100.0,0.0,4395.0,15397.407851006898,15395.499871617416,2014511.0,4834256.0,1940.0,0.0,4395.0,15397.497433878902,15395.499871617416,2014511.0,2417128.0,1940.0,0.0,4395.0,32029.01291102171,0.0,32029.01291102171,0.0,15353.706401655558,0.0,15353.79565165556,0.0,0.0,0.0,0.0,0.0,0.0,0.0,0.0,0.0,51.022965021198615,4448328.0,46.01105770144425,2417128.0,43.70144935134049,4834256.0,43.701782223340494,2417128.0,0.0,0.0,0.0,0.0,0.0,0.0,0.0,0.0,4448.328,8.215512047411176,10.04394408969197,2417.128,8.215512047411176,10.04394408969197,4834.256,3.2108769247614,9.955254193058236,2417.128,3.2108949716414004,9.955254193058236,4395,0.00013761535334788633,0.00015623135021169965,0.39675028115354116,0.45662100456621,0.022753128555176336,0.5200418725388698,0.52003146410115,0.40970619967732536,-0.08675799086757996,0.44141069397042093,0.5200418725388698,0.5200286716207316,0.40970619967732536,0.45662100456621,0.44141069397042093,1.0000058180489126,0.5,0.5
PATENTS,query1,50,inf,99936.65430531837,99925.69876452908,12303000.0,16249600.0,0.0,0.0,13800.0,99916.60667603934,99908.04174793884,6887000.0,8124800.0,400.0,0.0,13800.0,34548.840309072846,34543.37715329602,6709800.0,16249600.0,7800.0,0.0,13800.0,34549.202184272835,34543.37715329602,6709800.0,8124800.0,7800.0,0.0,13800.0,99773.98322671652,0.0,99773.98322671652,0.0,34423.02346569986,0.0,34423.37346569984,0.0,0.0,0.0,0.0,0.0,0.0,0.0,0.0,0.0,162.67107860185206,16249600.0,142.62344932283463,8124800.0,125.81684337298911,16249600.0,125.82871857298912,8124800.0,0.0,0.0,0.0,0.0,0.0,0.0,0.0,0.0,16249.6,8.853523116093129,10.20527922938345,8124.8,8.853523116093129,10.20527922938345,16249.6,2.1071423852520437,10.120949226862285,8124.8,2.1071673852520436,10.120949226862285,13800,0.00017670145726822462,0.00020060336638627607,0.44021783304884987,0.5,0.028985507246376812,0.6543093760625471,0.6542926061590773,0.4546208241892221,0.0,0.5652173913043478,0.6543093760625471,0.6542889851133007,0.4546208241892221,0.5,0.5652173913043478,1.0000104743081606,0.5,0.5
PATENTS,query2,1,inf,2283.6145904629957,2283.480679868022,57523.0,0.0,0.0,0.0,276.0,2283.6145904629957,2283.480679868022,57523.0,0.0,0.0,0.0,276.0,2283.6145904629957,2283.480679868022,57523.0,0.0,0.0,0.0,276.0,2283.6145904629957,2283.480679868022,57523.0,0.0,0.0,0.0,276.0,2281.128758183215,0.0,2281.128758183215,0.0,2281.128758183215,0.0,2281.128758183215,0.0,0.0,0.0,0.0,0.0,0.0,0.0,0.0,0.0,2.4858322797808796,0.0,2.4858322797808796,0.0,2.4858322797808796,0.0,2.4858322797808796,0.0,0.0,0.0,0.0,0.0,0.0,0.0,0.0,0.0,0.0,8.308936901941717,8.694516368001427,0.0,8.308936901941717,8.694516368001427,0.0,8.308936901941717,8.694516368001427,0.0,8.308936901941717,8.694516368001427,276,0.0,0.0,0.0,,0.0,0.0,0.0,0.0,,0.0,0.0,0.0,0.0,,0.0,1.0,,
PATENTS,query2,2,1,4612.315581847681,4612.040310754208,154500.0,0.0,0.0,0.0,549.0,4612.315581847681,4612.040310754208,154500.0,0.0,0.0,0.0,549.0,4584.863370937384,4584.58975563827,154130.0,0.0,4.0,0.0,549.0,4584.863570937385,4584.58975563827,154130.0,0.0,4.0,0.0,549.0,4607.945631375769,0.0,4607.945631375769,0.0,4580.554702970907,0.0,4580.554852970907,0.0,0.0,0.0,0.0,0.0,0.0,0.0,0.0,0.0,4.369950471911579,0.0,4.369950471911579,0.0,4.30866796647802,0.0,4.30871796647802,0.0,0.0,0.0,0.0,0.0,0.0,0.0,0.0,0.0,0.0,8.349784370856538,8.987029728503211,0.0,8.349784370856538,8.987029728503211,0.0,8.302219544128283,8.987029728503211,0.0,8.302219544128283,8.987029728503211,549,0.0,0.0,0.0,,0.0,0.0059519330418534855,0.005951936814197589,0.0023948220064724524,,0.007285974499089253,0.0059519330418534855,0.005951893452030177,0.0023948220064724524,,0.007285974499089253,1.0000000436218017,,
PATENTS,query2,2,1/16,4599.11664493056,4598.861822400708,101065.0,0.0,0.0,0.0,525.0,4599.11664493056,4598.861822400708,101065.0,0.0,0.0,32.0,525.0,4578.756018022236,4578.502028091345,101019.0,0.0,2.0,32.0,525.0,4578.7561180222365,4578.502028091345,101019.0,0.0,2.0,92.0,525.0,4596.239374382654,0.0,4596.239374382654,0.0,4575.87874747433,0.0,4575.8788474743305,0.0,0.0,0.0,0.0,0.0,0.0,0.0,0.0,0.0,2.877270547905937,0.0,2.877270547905937,0.0,2.877270547905937,0.0,2.877270547905937,0.0,0.0,0.0,0.0,0.0,0.0,0.0,0.0,0.0,0.0,8.631105208223378,9.064324359251053,0.0,8.631105208223378,9.064324359251053,0.0,8.610906795561442,9.061925552087967,0.0,8.610906885489499,9.061925561080772,525,0.0,0.0,0.0,,0.0,0.004427137647448287,0.004427073388270419,0.0004551526245485382,,0.0038095238095238095,0.004427137647448287,0.004427051644964597,0.0004551526245485382,,0.0038095238095238095,1.0000000218399931,,
PATENTS,query2,2,1/4,4260.543750471203,4260.298840565141,97918.0,0.0,0.0,0.0,510.0,4260.543750471203,4260.298840565141,97918.0,0.0,0.0,6.0,510.0,4233.091539560906,4232.848285449203,97548.0,0.0,4.0,6.0,510.0,4233.091739560907,4232.848285449203,97548.0,0.0,4.0,6.0,510.0,4256.528782849433,0.0,4256.528782849433,0.0,4229.137854444571,0.0,4229.1380044445705,0.0,0.0,0.0,0.0,0.0,0.0,0.0,0.0,0.0,4.014967621769756,0.0,4.014967621769756,0.0,3.953685116336197,0.0,3.9537351163361967,0.0,0.0,0.0,0.0,0.0,0.0,0.0,0.0,0.0,0.0,8.478847335777592,8.916006614368142,0.0,8.478847335777592,8.916006614368142,0.0,8.461622249913969,8.914387765171636,0.0,8.46162233856645,8.914387774036884,510,0.0,0.0,0.0,,0.0,0.006443340278048826,0.006443358528417931,0.003778671949998924,,0.00784313725490196,0.006443340278048826,0.0064433115860528245,0.003778671949998924,,0.00784313725490196,1.0000000472467931,,
PATENTS,query2,2,inf,4542.663355003577,4542.396759870928,113431.0,0.0,0.0,0.0,551.0,4542.663355003577,4542.396759870928,113431.0,0.0,0.0,0.0,551.0,4494.658558096441,4494.394051817711,113316.0,0.0,5.0,0.0,551.0,4494.658808096441,4494.394051817711,113316.0,0.0,5.0,0.0,551.0,4537.758046247065,0.0,4537.758046247065,0.0,4489.753249339929,0.0,4489.7534993399295,0.0,0.0,0.0,0.0,0.0,0.0,0.0,0.0,0.0,4.905308756511658,0.0,4.905308756511658,0.0,4.905308756511658,0.0,4.905308756511658,0.0,0.0,0.0,0.0,0.0,0.0,0.0,0.0,0.0,0.0,8.295514111593851,8.91170418305523,0.0,8.295514111593851,8.91170418305523,0.0,8.244178040251427,8.910676388056082,0.0,8.244178040251427,8.910676388056082,551,0.0,0.0,0.0,,0.0,0.010567704802294853,0.010567544445982402,0.0010138321975473596,,0.009074410163339383,0.010567704802294853,0.010567489412188213,0.0010138321975473596,,0.009074410163339383,1.0000000556215776,,
PATENTS,query2,4,1,9219.414222876774,9218.86868410674,260284.0,0.0,0.0,0.0,1110.0,9219.414222876774,9218.86868410674,260284.0,0.0,0.0,0.0,1110.0,8869.342725621418,8868.81364538637,258820.0,0.0,39.0,0.0,1110.0,8869.344675621418,8868.81364538637,258820.0,0.0,39.0,0.0,1110.0,9210.028281961102,0.0,9210.028281961102,0.0,8860.079349716612,0.0,8860.081199716613,0.0,0.0,0.0,0.0,0.0,0.0,0.0,0.0,0.0,9.385940915672109,0.0,9.385940915672109,0.0,9.26337590480499,0.0,9.26347590480499,0.0,0.0,0.0,0.0,0.0,0.0,0.0,0.0,0.0,0.0,8.441801180657942,9.226014246616481,0.0,8.441801180657942,9.226014246616481,0.0,8.334266883422414,9.222648995638842,0.0,8.334266946236482,9.22264900192025,1110,0.0,0.0,0.0,,0.0,0.0379715831427192,0.037971121460916635,0.005624625409168416,,0.03513513513513514,0.0379715831427192,0.03797090995073249,0.005624625409168416,,0.03513513513513514,1.0000002198584563,,
PATENTS,query2,4,1/16,8971.71948863985,8971.199016597122,221619.0,0.0,0.0,0.0,1061.0,8971.71948863985,8971.199016597122,221619.0,0.0,0.0,75.0,1061.0,8716.606898868537,8716.097926936112,220999.0,0.0,27.0,75.0,1061.0,8718.140102873134,8717.629803587683,220996.0,0.0,27.0,216.0,1061.0,8963.574213294545,0.0,8963.574213294545,0.0,8708.461623523232,0.0,8709.99482752783,0.0,0.0,0.0,0.0,0.0,0.0,0.0,0.0,0.0,8.14527534530498,0.0,8.14527534530498,0.0,8.14527534530498,0.0,8.14527534530498,0.0,0.0,0.0,0.0,0.0,0.0,0.0,0.0,0.0,0.0,8.370291407477735,9.066444301862386,0.0,8.370291407477735,9.066444301862386,0.0,8.274852460900176,9.062065948451115,0.0,8.24207491962764,9.06263441440033,1061,0.0,0.0,0.0,,0.0,0.02843556242471723,0.028435194623989468,0.0027975940691006285,,0.02544769085768143,0.02826480747337401,0.028264301630005595,0.0028111308145962743,,0.02544769085768143,1.0001758945909098,,
PATENTS,query2,4,1/4,9017.167573568411,9016.632099210983,262333.0,0.0,0.0,0.0,1089.0,9017.167573568411,9016.632099210983,262333.0,0.0,0.0,21.0,1089.0,8650.648388166408,8650.12978550489,260870.0,0.0,40.0,21.0,1089.0,8650.650388166408,8650.12978550489,260870.0,0.0,40.0,21.0,1089.0,9007.771068341797,0.0,9007.771068341797,0.0,8641.375908887514,0.0,8641.377808887513,0.0,0.0,0.0,0.0,0.0,0.0,0.0,0.0,0.0,9.396505226613954,0.0,9.396505226613954,0.0,9.272479278895036,0.0,9.272579278895035,0.0,0.0,0.0,0.0,0.0,0.0,0.0,0.0,0.0,0.0,8.115537167666421,8.823047184813714,0.0,8.115537167666421,8.823047184813714,0.0,7.96412091492547,8.817860017357447,0.0,7.964121042802708,8.817860030145171,1089,0.0,0.0,0.0,,0.0,0.040647362526653796,0.04064681979254359,0.0055768812920982125,,0.03673094582185491,0.040647362526653796,0.04064659799340509,0.0055768812920982125,,0.03673094582185491,1.0000002311965428,,
PATENTS,query2,4,inf,9138.118405918358,9137.581816392485,245291.0,0.0,0.0,0.0,1098.0,9138.118405918358,9137.581816392485,245291.0,0.0,0.0,0.0,1098.0,8791.943348710467,8791.42396692885,242975.0,0.0,41.0,0.0,1098.0,8791.945398710468,8791.42396692885,242975.0,0.0,41.0,0.0,1098.0,9129.199649785645,0.0,9129.199649785645,0.0,8783.333926978627,0.0,8783.335726978627,0.0,0.0,0.0,0.0,0.0,0.0,0.0,0.0,0.0,8.918756132712588,0.0,8.918756132712588,0.0,8.609421731841191,0.0,8.60967173184119,0.0,0.0,0.0,0.0,0.0,0.0,0.0,0.0,0.0,0.0,8.280307536997022,9.051651014299477,0.0,8.280307536997022,9.051651014299477,0.0,8.095752774542818,9.046841745730406,0.0,8.095752956581654,9.04684176393429,1098,0.0,0.0,0.0,,0.0,0.03788287277960567,0.03788253137360187,0.009441846622990635,,0.037340619307832425,0.03788287277960567,0.03788230703857909,0.009441846622990635,,0.037340619307832425,1.0000002331680176,,
PATENTS,query2,8,1,18174.83127162885,18173.75960953976,489076.0,0.0,0.0,0.0,2191.0,18174.83127162885,18173.75960953976,489076.0,0.0,0.0,0.0,2191.0,16625.530470238155,16624.537939874223,477545.0,0.0,189.0,0.0,2191.0,16625.539920238156,16624.537939874223,477545.0,0.0,189.0,0.0,2191.0,18156.425051324302,0.0,18156.425051324302,0.0,16608.729282569697,0.0,16608.737432569695,0.0,0.0,0.0,0.0,0.0,0.0,0.0,0.0,0.0,18.406220304546878,0.0,18.406220304546878,0.0,16.80118766845994,0.0,16.802487668459936,0.0,0.0,0.0,0.0,0.0,0.0,0.0,0.0,0.0,0.0,8.43966297995245,9.571723100179913,0.0,8.43966297995245,9.571723100179913,0.0,8.156769353931818,9.565044300984281,0.0,8.156769613267919,9.56504431654445,2191,0.0,0.0,0.0,,0.0,0.085244974234848,0.08524430176191922,0.023577112759571084,,0.08626198083067092,0.085244974234848,0.08524378181211278,0.023577112759571084,,0.08626198083067092,1.000000568402916,,
PATENTS,query2,8,1/16,17389.654536627,17388.63779707835,463884.0,0.0,0.0,0.0,2081.0,17389.654536627,17388.63779707835,463884.0,0.0,0.0,170.0,2081.0,16821.258611116045,16820.268531521084,461597.0,0.0,63.0,170.0,2081.0,16891.300993412453,16890.305210982682,461753.0,0.0,56.0,406.0,2081.0,17372.85198132461,0.0,17372.85198132461,0.0,16804.642825203657,0.0,16874.685057500068,0.0,0.0,0.0,0.0,0.0,0.0,0.0,0.0,0.0,16.80255530239083,0.0,16.80255530239083,0.0,16.615785912386553,0.0,16.61593591238655,0.0,0.0,0.0,0.0,0.0,0.0,0.0,0.0,0.0,0.0,8.361796137618377,9.37029452524073,0.0,8.361796137618377,9.37029452524073,0.0,8.327275651088033,9.36953556968686,0.0,8.331483927809225,9.369964789341834,2081,0.0,0.0,0.0,,0.0,0.03268624444249246,0.03268586643361826,0.004930111838304385,,0.03027390677558866,0.02865851781554729,0.02865804735596611,0.00459382086901039,,0.02691013935607881,1.0041639204244872,,
PATENTS,query2,8,1/4,17652.7453581125,17651.703333598794,482208.0,0.0,0.0,0.0,2127.0,17652.7453581125,17651.703333598794,482208.0,0.0,0.0,39.0,2127.0,16351.316578469168,16350.342163613299,471877.0,0.0,161.0,39.0,2127.0,16351.324628469167,16350.342163613299,471877.0,0.0,161.0,39.0,2127.0,17635.07610514504,0.0,17635.07610514504,0.0,16335.135636874333,0.0,16335.142486874332,0.0,0.0,0.0,0.0,0.0,0.0,0.0,0.0,0.0,17.669252967461944,0.0,17.669252967461944,0.0,16.180941594834923,0.0,16.182141594834924,0.0,0.0,0.0,0.0,0.0,0.0,0.0,0.0,0.0,0.0,8.310000161190906,9.352479095505547,0.0,8.310000161190906,9.352479095505547,0.0,8.174582571968445,9.34845134670025,0.0,8.17458267442746,9.3484513518232,2127,0.0,0.0,0.0,,0.0,0.07372439618948523,0.07372387428934657,0.021424364589554767,,0.07569346497414198,0.07372439618948523,0.07372341826962647,0.021424364589554767,,0.07569346497414198,1.0000004923150965,,
PATENTS,query2,8,inf,17853.88464511768,17852.83531587897,487156.0,0.0,0.0,0.0,2138.0,17853.88464511768,17852.83531587897,487156.0,0.0,0.0,0.0,2138.0,16496.165940234063,16495.184920209926,477907.0,0.0,163.0,0.0,2138.0,16496.17409023406,16495.184920209926,477907.0,0.0,163.0,0.0,2138.0,17836.485068817623,0.0,17836.485068817623,0.0,16479.996396853232,0.0,16480.00354685323,0.0,0.0,0.0,0.0,0.0,0.0,0.0,0.0,0.0,17.39957630005665,0.0,17.39957630005665,0.0,16.169543380830063,0.0,16.170543380830065,0.0,0.0,0.0,0.0,0.0,0.0,0.0,0.0,0.0,0.0,8.52567411835657,9.621995170222549,0.0,8.52567411835657,9.621995170222549,0.0,8.266824319808933,9.613898408562966,0.0,8.266824426418742,9.613898413893455,2138,0.0,0.0,0.0,,0.0,0.07604676633416874,0.07604612283942913,0.018985704784504343,,0.07623947614593078,0.07604676633416874,0.07604566635613941,0.018985704784504343,,0.07623947614593078,1.0000004940541958,,
PATENTS,query2,16,inf,35015.33315732842,35013.304150738986,878027.0,0.0,0.0,0.0,4150.0,35015.33315732842,35013.304150738986,878027.0,0.0,0.0,0.0,4150.0,30427.606115965853,30425.80671666772,846360.0,0.0,549.0,0.0,4150.0,30427.633565965847,30425.80671666772,846360.0,0.0,549.0,0.0,4150.0,34983.281824479345,0.0,34983.281824479345,0.0,30399.805190044466,0.0,30399.829190044464,0.0,0.0,0.0,0.0,0.0,0.0,0.0,0.0,0.0,32.05133284907788,0.0,32.05133284907788,0.0,27.80092592138529,0.0,27.804375921385287,0.0,0.0,0.0,0.0,0.0,0.0,0.0,0.0,0.0,0.0,8.419269502906316,9.555973207004707,0.0,8.419269502906316,9.555973207004707,0.0,8.161136260931466,9.554618998986841,0.0,8.161136260931466,9.554618998986841,4150,0.0,0.0,0.0,,0.0,0.13102155153141815,0.13102051666192405,0.03606608908382092,,0.13228915662650603,0.13102155153141815,0.1310197327196474,0.03606608908382092,,0.13228915662650603,1.0000009021412952,,
PATENTS,query2,50,inf,111129.73141972907,111123.28033121303,2844800.0,0.0,0.0,0.0,13200.0,111129.73141972907,111123.28033121303,2844800.0,0.0,0.0,0.0,13200.0,80218.67931320205,80213.8140774332,2593400.0,0.0,3800.0,0.0,13200.0,80218.86931320201,80213.8140774332,2593400.0,0.0,3800.0,0.0,13200.0,111027.98872296698,0.0,111027.98872296698,0.0,80153.99830707046,0.0,80154.15830707044,0.0,0.0,0.0,0.0,0.0,0.0,0.0,0.0,0.0,101.74269676208496,0.0,101.74269676208496,0.0,64.68100613158941,0.0,64.71100613158941,0.0,0.0,0.0,0.0,0.0,0.0,0.0,0.0,0.0,0.0,8.046104099640312,10.335224964054456,0.0,8.046104099640312,10.335224964054456,0.0,6.299815087928437,10.335224964054456,0.0,6.299815087928437,10.335224964054456,13200,0.0,0.0,0.0,,0.0,0.27815473194861917,0.27815285533066014,0.08837176602924635,,0.2878787878787879,0.27815473194861917,0.278151145617179,0.08837176602924635,,0.2878787878787879,1.000002368525655,,
PATENTS,query3,1,inf,3461.542015216546,3461.368302991148,8208.0,0.0,0.0,0.0,365.0,3364.3258357611735,3364.155935653951,8016.0,0.0,10.0,0.0,365.0,3364.3258357611735,3364.155935653951,8016.0,0.0,10.0,0.0,365.0,3364.3258357611735,3364.155935653951,8016.0,0.0,10.0,0.0,365.0,3461.3728915948886,0.0,3364.156712139516,0.0,3364.156712139516,0.0,3364.156712139516,0.0,0.0,0.0,0.0,0.0,0.0,0.0,0.0,0.0,0.16912362165749073,0.0,0.16912362165749073,0.0,0.16912362165749073,0.0,0.16912362165749073,0.0,0.0,0.0,0.0,0.0,0.0,0.0,0.0,0.0,0.0,9.54988146221558,9.65294063299948,0.0,9.466527441149012,9.644605230892823,0.0,9.466527441149012,9.644605230892823,0.0,9.466527441149012,9.644605230892823,365,0.028084953355928866,0.02808464523267995,0.023391812865497075,,0.0273972602739726,0.028084953355928866,0.02808464523267995,0.023391812865497075,,0.0273972602739726,0.028084953355928866,0.02808464523267995,0.023391812865497075,,0.0273972602739726,1.0,,
PATENTS,query3,2,1,7096.04436669033,7095.687346171122,17149.0,0.0,0.0,0.0,770.0,6878.004853817017,6877.6565183349885,16714.0,0.0,23.0,0.0,770.0,6211.509145338066,6211.191353618633,15043.0,0.0,94.0,0.0,770.0,6193.252176401492,6192.931589945685,14995.0,0.0,96.0,24.0,770.0,7095.00226415135,0.0,6876.962751278036,0.0,6210.467042799086,0.0,6192.210073862511,0.0,0.0,0.0,0.0,0.0,0.0,0.0,0.0,0.0,1.0421025389805436,0.0,1.0421025389805436,0.0,1.0421025389805436,0.0,1.0421025389805436,0.0,0.0,0.0,0.0,0.0,0.0,0.0,0.0,0.0,0.0,9.379787953431,9.764518592730216,0.0,9.310614206723773,9.757752247008407,0.0,8.744236579649774,9.708064770681434,0.0,8.744082960323023,9.708064968852167,770,0.030727231513911657,0.030726909473229425,0.02536591054872006,,0.02987012987012987,0.12465261635714098,0.12465187302159164,0.12280599451863083,,0.12207792207792208,0.12722597715816353,0.12722471050584905,0.1256049915446965,,0.12467532467532468,0.9970607836985514,,
PATENTS,query3,2,1/16,7050.870387014467,7050.518619269598,16948.0,0.0,0.0,0.0,757.0,7050.870387014467,7050.518619269598,16948.0,0.0,0.0,757.0,757.0,6856.786567381633,6856.442553811241,16552.0,0.0,20.0,737.0,757.0,7050.870387014467,7050.518619269598,16948.0,0.0,0.0,757.0,757.0,7050.027248289902,0.0,7050.027248289902,0.0,6855.943428657068,0.0,7050.027248289902,0.0,0.0,0.0,0.0,0.0,0.0,0.0,0.0,0.0,0.843138724565506,0.0,0.843138724565506,0.0,0.843138724565506,0.0,0.843138724565506,0.0,0.0,0.0,0.0,0.0,0.0,0.0,0.0,0.0,0.0,9.464026643194018,9.783509129908705,0.0,9.464026643194018,9.783509129908705,0.0,9.294919530280092,9.768112832323844,0.0,9.464026643194018,9.783509129908705,757,0.0,0.0,0.0,,0.0,0.027526494991153228,0.02752622144214656,0.023365588860042474,,0.026420079260237782,0.0,0.0,0.0,,0.0,1.028305361079213,,
PATENTS,query3,2,1/4,7432.046859228285,7431.677455984522,17687.0,0.0,0.0,0.0,794.0,7432.046859228285,7431.677455984522,17687.0,0.0,0.0,794.0,794.0,7171.972764808962,7171.613558080513,17177.0,0.0,27.0,767.0,794.0,7432.046859228285,7431.677455984522,17687.0,0.0,0.0,794.0,794.0,7431.427565743448,0.0,7431.427565743448,0.0,7171.353471324125,0.0,7431.427565743448,0.0,0.0,0.0,0.0,0.0,0.0,0.0,0.0,0.0,0.6192934848368168,0.0,0.6192934848368168,0.0,0.6192934848368168,0.0,0.6192934848368168,0.0,0.0,0.0,0.0,0.0,0.0,0.0,0.0,0.0,0.0,9.497810938037848,9.770975113139933,0.0,9.497810938037848,9.770975113139933,0.0,9.39390856111361,9.761061130309466,0.0,9.497810938037848,9.770975113139933,794,0.0,0.0,0.0,,0.0,0.034993969994565166,0.03499360261653783,0.02883473737773501,,0.03400503778337532,0.0,0.0,0.0,,0.0,1.0362625602394142,,
PATENTS,query3,2,inf,7206.162744199159,7205.803105993196,17416.0,0.0,0.0,0.0,774.0,7061.222997551006,7060.869075773284,17128.0,0.0,15.0,0.0,774.0,6158.596794041774,6158.284643109888,14878.0,0.0,111.0,0.0,774.0,6158.601594041775,6158.284643109888,14878.0,0.0,111.0,0.0,774.0,7205.374327092664,0.0,7060.434580444512,0.0,6157.80837693528,0.0,6157.81317693528,0.0,0.0,0.0,0.0,0.0,0.0,0.0,0.0,0.0,0.7884171064943075,0.0,0.7884171064943075,0.0,0.7884171064943075,0.0,0.7884171064943075,0.0,0.0,0.0,0.0,0.0,0.0,0.0,0.0,0.0,0.0,9.454491300213247,9.771913615593741,0.0,9.404153705545427,9.767005085854601,0.0,8.704280535297837,9.716698805914588,0.0,8.704283211138815,9.716698974110308,774,0.020113515188802222,0.020113304652302877,0.01653651814423518,,0.01937984496124031,0.145371507863165,0.1453708426167113,0.1457280661460726,,0.1434108527131783,0.145371507863165,0.14537017652018103,0.1457280661460726,,0.1434108527131783,1.000000779398321,,
PATENTS,query3,4,1,14759.250282102497,14758.522652386222,35377.0,0.0,0.0,0.0,1570.0,14365.761957978164,14365.04986948939,34597.0,0.0,41.0,0.0,1570.0,11269.208529640522,11268.639197306242,26864.0,0.0,371.0,0.0,1570.0,11168.785175977622,11168.203596291598,26606.0,0.0,382.0,51.0,1570.0,14758.54394742311,0.0,14365.055623298776,0.0,11268.502194961135,0.0,11168.078841298235,0.0,0.0,0.0,0.0,0.0,0.0,0.0,0.0,0.0,0.7063346793875098,0.0,0.7063346793875098,0.0,0.7063346793875098,0.0,0.7063346793875098,0.0,0.0,0.0,0.0,0.0,0.0,0.0,0.0,0.0,0.0,9.481036224416309,9.928574518377138,0.0,9.410240474014463,9.922403536650187,0.0,8.215408040764297,9.88556652606729,0.0,8.214623584334145,9.885566631608187,1570,0.0266607161275193,0.02666045473878098,0.022048223421997304,,0.026114649681528664,0.23646563665474474,0.23646470421970567,0.2406365717839274,,0.23630573248407644,0.2432708978167355,0.24326880007440344,0.2479294456850496,,0.24331210191082803,0.9910886950579746,,
PATENTS,query3,4,1/16,14534.137581417104,14533.414719724562,34735.0,0.0,0.0,0.0,1547.0,14534.137581417104,14533.414719724562,34735.0,0.0,0.0,1547.0,1547.0,14147.745574391314,14147.038054252509,33958.0,0.0,40.0,1507.0,1547.0,14534.137581417104,14533.414719724562,34735.0,0.0,0.0,1547.0,1547.0,14533.151440188056,0.0,14533.151440188056,0.0,14146.759433162266,0.0,14533.151440188056,0.0,0.0,0.0,0.0,0.0,0.0,0.0,0.0,0.0,0.9861412290483713,0.0,0.9861412290483713,0.0,0.9861412290483713,0.0,0.9861412290483713,0.0,0.0,0.0,0.0,0.0,0.0,0.0,0.0,0.0,0.0,9.582076761883062,9.937798497543483,0.0,9.582076761883062,9.937798497543483,0.0,9.495393308150755,9.929498126552518,0.0,9.582076761883062,9.937798497543483,1547,0.0,0.0,0.0,,0.0,0.026585401498772865,0.026585134815279243,0.0223693680725493,,0.025856496444731737,0.0,0.0,0.0,,0.0,1.0273112069335764,,
PATENTS,query3,4,1/4,14674.963847603649,14674.229740680661,35219.0,0.0,0.0,0.0,1569.0,14674.963847603649,14674.229740680661,35219.0,0.0,0.0,1569.0,1569.0,14214.05815573086,14213.342329109553,34298.0,0.0,48.0,1521.0,1569.0,14674.963847603649,14674.229740680661,35219.0,0.0,0.0,1569.0,1569.0,14673.581018437631,0.0,14673.581018437631,0.0,14212.675326564842,0.0,14673.581018437631,0.0,0.0,0.0,0.0,0.0,0.0,0.0,0.0,0.0,1.3828291660174727,0.0,1.3828291660174727,0.0,1.3828291660174727,0.0,1.3828291660174727,0.0,0.0,0.0,0.0,0.0,0.0,0.0,0.0,0.0,0.0,9.546954746009156,9.972068740009346,0.0,9.546954746009156,9.972068740009346,0.0,9.499819370997853,9.96803175663006,0.0,9.546954746009156,9.972068740009346,1569,0.0,0.0,0.0,,0.0,0.03140794574678163,0.03140762026122834,0.02615065731565347,,0.030592734225621414,0.0,0.0,0.0,,0.0,1.032426045174647,,
PATENTS,query3,4,inf,14388.600497358246,14387.888127602637,34361.0,0.0,0.0,0.0,1537.0,14019.938839360075,14019.241100604646,33632.0,0.0,39.0,0.0,1537.0,10411.363889338263,10410.832043951377,24661.0,0.0,422.0,0.0,1537.0,10411.383039338263,10410.832043951377,24661.0,0.0,422.0,0.0,1537.0,14387.39175058133,0.0,14018.730092583159,0.0,10410.155142561347,0.0,10410.174292561347,0.0,0.0,0.0,0.0,0.0,0.0,0.0,0.0,0.0,1.2087467769160867,0.0,1.2087467769160867,0.0,1.2087467769160867,0.0,1.2087467769160867,0.0,0.0,0.0,0.0,0.0,0.0,0.0,0.0,0.0,0.0,9.470589238840791,9.957163287924544,0.0,9.443336435363266,9.954701541923198,0.0,8.297076278842336,9.926912325249893,0.0,8.297080885888407,9.926912352350163,1537,0.025622038740401032,0.025621787057459655,0.021215913390180696,,0.025374105400130124,0.27641694516802806,0.2764158063009815,0.28229678996536767,,0.2745608327911516,0.27641694516802806,0.2764144753862755,0.28229678996536767,,0.2745608327911516,1.0000018393363448,,
PATENTS,query3,8,1,30074.197994689224,30072.69660502998,72116.0,0.0,0.0,0.0,3228.0,29059.070235245938,29057.60901465593,70100.0,0.0,106.0,0.0,3228.0,21548.86478734639,21547.749872904737,51481.0,0.0,905.0,0.0,3228.0,21055.174518536445,21054.04102378199,50251.0,0.0,959.0,120.0,3228.0,30071.321653429186,0.0,29056.1938939859,0.0,21545.98844608635,0.0,21052.298177276407,0.0,0.0,0.0,0.0,0.0,0.0,0.0,0.0,0.0,2.8763412600383162,0.0,2.8763412600383162,0.0,2.8763412600383162,0.0,2.8763412600383162,0.0,0.0,0.0,0.0,0.0,0.0,0.0,0.0,0.0,0.0,9.522146685770132,10.056879792384338,0.0,9.496960749941644,10.054924377682328,0.0,8.204859796925625,10.033663436010567,0.0,8.099883872476246,10.033663436010567,3228,0.03375445852781522,0.033754109074581096,0.02795496145099563,,0.03283767038413878,0.283477961557307,0.2834766602536938,0.2861362249708802,,0.28035935563816605,0.2998951407550039,0.2998924020432877,0.30319207942758886,,0.29708798017348204,0.9770897319333572,,
PATENTS,query3,8,1/16,29410.055868698284,29408.586879679002,70603.0,0.0,0.0,0.0,3157.0,29410.055868698284,29408.586879679002,70603.0,0.0,0.0,3157.0,3157.0,28499.95744587493,28498.524384117685,68803.0,0.0,95.0,3062.0,3157.0,29410.055868698284,29408.586879679002,70603.0,0.0,0.0,3157.0,3157.0,29407.42949379515,0.0,29407.42949379515,0.0,28497.331070971795,0.0,29407.42949379515,0.0,0.0,0.0,0.0,0.0,0.0,0.0,0.0,0.0,2.6263749031350017,0.0,2.6263749031350017,0.0,2.6263749031350017,0.0,2.6263749031350017,0.0,0.0,0.0,0.0,0.0,0.0,0.0,0.0,0.0,0.0,9.487405173927405,10.056307305061548,0.0,9.487405173927405,10.056307305061548,0.0,9.466817148480217,10.05334820072592,0.0,9.487405173927405,10.056307305061548,3157,0.0,0.0,0.0,,0.0,0.03094546838597534,0.030945144303244576,0.025494667365409396,,0.030091859360152042,0.0,0.0,0.0,,0.0,1.0319333256743188,,
PATENTS,query3,8,1/4,28797.06209424627,28795.62978159869,69189.0,0.0,0.0,0.0,3075.0,28797.06209424627,28795.62978159869,69189.0,0.0,0.0,3075.0,3075.0,27980.990300016572,27979.590239447076,67569.0,0.0,85.0,2990.0,3075.0,28797.06209424627,28795.62978159869,69189.0,0.0,0.0,3075.0,3075.0,28794.834886663826,0.0,28794.834886663826,0.0,27978.76309243413,0.0,28794.834886663826,0.0,0.0,0.0,0.0,0.0,0.0,0.0,0.0,0.0,2.2272075824439526,0.0,2.2272075824439526,0.0,2.2272075824439526,0.0,2.2272075824439526,0.0,0.0,0.0,0.0,0.0,0.0,0.0,0.0,0.0,0.0,9.523693423008371,10.063670952115935,0.0,9.523693423008371,10.063670952115935,0.0,9.491131169294738,10.060563621596598,0.0,9.523693423008371,10.063670952115935,3075,0.0,0.0,0.0,,0.0,0.028339006590267002,0.02833871703852564,0.023414126523002232,,0.027642276422764227,0.0,0.0,0.0,,0.0,1.0291652220125038,,
PATENTS,query3,8,inf,29282.10690858867,29280.64081256278,70210.0,0.0,0.0,0.0,3142.0,28351.611019483753,28350.181588904932,68374.0,0.0,97.0,0.0,3142.0,16399.027677282276,16398.149844717234,38938.0,0.0,1364.0,0.0,3142.0,16399.091027282277,16398.149844717234,38938.0,0.0,1364.0,0.0,3142.0,29279.06640247442,0.0,28348.5705133695,0.0,16395.987171168024,0.0,16396.050521168025,0.0,0.0,0.0,0.0,0.0,0.0,0.0,0.0,0.0,3.0405061142519116,0.0,3.0405061142519116,0.0,3.0405061142519116,0.0,3.0405061142519116,0.0,0.0,0.0,0.0,0.0,0.0,0.0,0.0,0.0,0.0,9.512275457762161,10.0594403004986,0.0,9.481048919005149,10.058437950236474,0.0,5.416038604189971,9.98294166418891,0.0,5.416058516250272,9.982941670470316,3142,0.03177728348276565,0.031776944603395196,0.026150121065375287,,0.030872056015276893,0.4399661554646832,0.4399642167663723,0.4454066372311637,,0.4341183959261617,0.4399661554646832,0.43996205332915117,0.4454066372311637,,0.4341183959261617,1.0000038630339094,,
PATENTS,query3,16,inf,58570.16779714124,58567.24095973838,140373.0,0.0,0.0,0.0,6281.0,56739.6451852048,56736.79121450707,136710.0,0.0,192.0,0.0,6281.0,25958.53209695794,25957.09267921513,61640.0,0.0,3439.0,0.0,6281.0,25958.69444695794,25957.09267921513,61640.0,0.0,3439.0,0.0,6281.0,58564.25218945881,0.0,56733.72957752237,0.0,25952.61648927551,0.0,25952.77883927551,0.0,0.0,0.0,0.0,0.0,0.0,0.0,0.0,0.0,5.915607682429254,0.0,5.915607682429254,0.0,5.915607682429254,0.0,5.915607682429254,0.0,0.0,0.0,0.0,0.0,0.0,0.0,0.0,0.0,0.0,9.498568826016854,10.11523165132926,0.0,9.484585772575228,10.113110069245042,0.0,4.648102332740819,10.040337931761519,0.0,4.648127332740819,10.040337931761519,6281,0.0312538155329809,0.031253497826342125,0.026094761813169165,,0.030568380831077855,0.5567984379346274,0.5567960094144556,0.560884215625512,,0.5475242795733164,0.5567984379346274,0.5567932375255213,0.560884215625512,,0.5475242795733164,1.0000062542057229,,
PATENTS,query3,50,inf,184780.47234308906,184771.26155793667,443000.0,0.0,0.0,0.0,19800.0,179032.46843647826,179023.48490413278,431600.0,0.0,600.0,0.0,19800.0,51790.4572981554,51787.32075234875,122800.0,0.0,14000.0,0.0,19800.0,51791.1272981553,51787.32075234875,122800.0,0.0,14000.0,0.0,19800.0,184763.5599809233,0.0,179015.5560743125,0.0,51773.54493598965,0.0,51774.21493598955,0.0,0.0,0.0,0.0,0.0,0.0,0.0,0.0,0.0,16.912362165749073,0.0,16.912362165749073,0.0,16.912362165749073,0.0,16.912362165749073,0.0,0.0,0.0,0.0,0.0,0.0,0.0,0.0,0.0,0.0,9.445185548742302,10.110934311081655,0.0,9.445185548742302,10.110934311081655,0.0,2.1581795184577257,10.030242130509576,0.0,2.1582045184577257,10.030242130509576,19800,0.03110752508447656,0.03110720431506564,0.025733634311512432,,0.030303030303030304,0.7197219940173956,0.7197189906409913,0.7227990970654627,,0.7070707070707071,0.7197219940173956,0.719715364716718,0.7227990970654627,,0.7070707070707071,1.000012936746166,,
agnews,query1,1,inf,0.14166604820638895,0.1305610639974475,878.0,0.0,0.0,0.0,38.0,0.14166604820638895,0.1305610639974475,878.0,0.0,0.0,0.0,38.0,0.14166604820638895,0.1305610639974475,878.0,0.0,0.0,0.0,38.0,0.14166604820638895,0.1305610639974475,878.0,0.0,0.0,0.0,38.0,0.14166604820638895,0.0,0.14166604820638895,0.0,0.14166604820638895,0.0,0.14166604820638895,0.0,0.0,0.0,0.0,0.0,0.0,0.0,0.0,0.0,0.0,0.0,0.0,0.0,0.0,0.0,0.0,0.0,0.0,0.0,0.0,0.0,0.0,0.0,0.0,0.0,0.0,0.0037280539001681304,0.0037280539001681304,0.0,0.0037280539001681304,0.0037280539001681304,0.0,0.0037280539001681304,0.0037280539001681304,0.0,0.0037280539001681304,0.0037280539001681304,38,0.0,0.0,0.0,,0.0,0.0,0.0,0.0,,0.0,0.0,0.0,0.0,,0.0,1.0,,
agnews,query1,2,1,0.35309950076043606,0.3253562590107322,2132.0,0.0,0.0,0.0,95.0,0.35309950076043606,0.3253562590107322,2132.0,0.0,0.0,95.0,95.0,0.35309950076043606,0.3253562590107322,2132.0,0.0,0.0,95.0,95.0,0.35309950076043606,0.3253562590107322,2132.0,0.0,0.0,95.0,95.0,0.35309950076043606,0.0,0.35309950076043606,0.0,0.35309950076043606,0.0,0.35309950076043606,0.0,0.0,0.0,0.0,0.0,0.0,0.0,0.0,0.0,0.0,0.0,0.0,0.0,0.0,0.0,0.0,0.0,0.0,0.0,0.0,0.0,0.0,0.0,0.0,0.0,0.0,0.0037156621731080854,0.0037168250746697513,0.0,0.0037156621731080854,0.0037168250746697513,0.0,0.0037156621731080854,0.0037168250746697513,0.0,0.0037156621731080854,0.0037168250746697513,95,0.0,0.0,0.0,,0.0,0.0,0.0,0.0,,0.0,0.0,0.0,0.0,,0.0,1.0,,
agnews,query1,2,1/16,0.3196310019120574,0.29453514609485865,1977.0,0.0,0.0,0.0,86.0,0.3196310019120574,0.29453514609485865,1977.0,0.0,0.0,86.0,86.0,0.3196310019120574,0.29453514609485865,1977.0,0.0,0.0,86.0,86.0,0.3196310019120574,0.29453514609485865,1977.0,0.0,0.0,86.0,86.0,0.3196310019120574,0.0,0.3196310019120574,0.0,0.3196310019120574,0.0,0.3196310019120574,0.0,0.0,0.0,0.0,0.0,0.0,0.0,0.0,0.0,0.0,0.0,0.0,0.0,0.0,0.0,0.0,0.0,0.0,0.0,0.0,0.0,0.0,0.0,0.0,0.0,0.0,0.003716720634007028,0.0037180042725854685,0.0,0.003716720634007028,0.0037180042725854685,0.0,0.003716720634007028,0.0037180042725854685,0.0,0.003716720634007028,0.0037180042725854685,86,0.0,0.0,0.0,,0.0,0.0,0.0,0.0,,0.0,0.0,0.0,0.0,,0.0,1.0,,
agnews,query1,2,1/4,0.3013988025486469,0.27774245757609606,1855.0,0.0,0.0,0.0,81.0,0.3013988025486469,0.27774245757609606,1855.0,0.0,0.0,81.0,81.0,0.3013988025486469,0.27774245757609606,1855.0,0.0,0.0,81.0,81.0,0.3013988025486469,0.27774245757609606,1855.0,0.0,0.0,81.0,81.0,0.3013988025486469,0.0,0.3013988025486469,0.0,0.3013988025486469,0.0,0.3013988025486469,0.0,0.0,0.0,0.0,0.0,0.0,0.0,0.0,0.0,0.0,0.0,0.0,0.0,0.0,0.0,0.0,0.0,0.0,0.0,0.0,0.0,0.0,0.0,0.0,0.0,0.0,0.003719944174268416,0.0037240571360551305,0.0,0.003719944174268416,0.0037240571360551305,0.0,0.003719944174268416,0.0037240571360551305,0.0,0.003719944174268416,0.0037240571360551305,81,0.0,0.0,0.0,,0.0,0.0,0.0,0.0,,0.0,0.0,0.0,0.0,,0.0,1.0,,
agnews,query1,2,inf,0.31510142982006073,0.2903194511309266,1928.0,0.0,0.0,0.0,85.0,0.31510142982006073,0.2903194511309266,1928.0,0.0,0.0,0.0,85.0,0.31510142982006073,0.2903194511309266,1928.0,0.0,0.0,0.0,85.0,0.31510142982006073,0.2903194511309266,1928.0,0.0,0.0,0.0,85.0,0.31510142982006073,0.0,0.31510142982006073,0.0,0.31510142982006073,0.0,0.31510142982006073,0.0,0.0,0.0,0.0,0.0,0.0,0.0,0.0,0.0,0.0,0.0,0.0,0.0,0.0,0.0,0.0,0.0,0.0,0.0,0.0,0.0,0.0,0.0,0.0,0.0,0.0,0.0037062891947460316,0.003707513336779638,0.0,0.0037062891947460316,0.003707513336779638,0.0,0.0037062891947460316,0.003707513336779638,0.0,0.0037062891947460316,0.003707513336779638,85,0.0,0.0,0.0,,0.0,0.0,0.0,0.0,,0.0,0.0,0.0,0.0,,0.0,1.0,,
agnews,query1,4,1,0.6659270562231541,0.613812318071723,4067.0,0.0,0.0,0.0,178.0,0.6659270562231541,0.613812318071723,4067.0,0.0,0.0,178.0,178.0,0.6659270562231541,0.613812318071723,4067.0,0.0,0.0,178.0,178.0,0.6659270562231541,0.613812318071723,4067.0,0.0,0.0,178.0,178.0,0.6659270562231541,0.0,0.6659270562231541,0.0,0.6659270562231541,0.0,0.6659270562231541,0.0,0.0,0.0,0.0,0.0,0.0,0.0,0.0,0.0,0.0,0.0,0.0,0.0,0.0,0.0,0.0,0.0,0.0,0.0,0.0,0.0,0.0,0.0,0.0,0.0,0.0,0.003740138718596017,0.0037551085349880687,0.0,0.003740138718596017,0.0037551085349880687,0.0,0.003740138718596017,0.0037551085349880687,0.0,0.003740138718596017,0.0037551085349880687,178,0.0,0.0,0.0,,0.0,0.0,0.0,0.0,,0.0,0.0,0.0,0.0,,0.0,1.0,,
agnews,query1,4,1/16,0.5762210162356496,0.5309882555156946,3579.0,0.0,0.0,0.0,155.0,0.5762210162356496,0.5309882555156946,3579.0,0.0,0.0,155.0,155.0,0.5762210162356496,0.5309882555156946,3579.0,0.0,0.0,155.0,155.0,0.5762210162356496,0.5309882555156946,3579.0,0.0,0.0,155.0,155.0,0.5762210162356496,0.0,0.5762210162356496,0.0,0.5762210162356496,0.0,0.5762210162356496,0.0,0.0,0.0,0.0,0.0,0.0,0.0,0.0,0.0,0.0,0.0,0.0,0.0,0.0,0.0,0.0,0.0,0.0,0.0,0.0,0.0,0.0,0.0,0.0,0.0,0.0,0.003714049616618488,0.003722126780890096,0.0,0.003714049616618488,0.003722126780890096,0.0,0.003714049616618488,0.003722126780890096,0.0,0.003714049616618488,0.003722126780890096,155,0.0,0.0,0.0,,0.0,0.0,0.0,0.0,,0.0,0.0,0.0,0.0,,0.0,1.0,,
agnews,query1,4,1/4,0.5575592219829559,0.5139195369556546,3453.0,0.0,0.0,0.0,149.0,0.5575592219829559,0.5139195369556546,3453.0,0.0,0.0,149.0,149.0,0.5575592219829559,0.5139195369556546,3453.0,0.0,0.0,149.0,149.0,0.5575592219829559,0.5139195369556546,3453.0,0.0,0.0,149.0,149.0,0.5575592219829559,0.0,0.5575592219829559,0.0,0.5575592219829559,0.0,0.5575592219829559,0.0,0.0,0.0,0.0,0.0,0.0,0.0,0.0,0.0,0.0,0.0,0.0,0.0,0.0,0.0,0.0,0.0,0.0,0.0,0.0,0.0,0.0,0.0,0.0,0.0,0.0,0.0037381825263075757,0.003746889590172831,0.0,0.0037381825263075757,0.003746889590172831,0.0,0.0037381825263075757,0.003746889590172831,0.0,0.0037381825263075757,0.003746889590172831,149,0.0,0.0,0.0,,0.0,0.0,0.0,0.0,,0.0,0.0,0.0,0.0,,0.0,1.0,,
agnews,query1,4,inf,0.637733232229948,0.587739928625524,3982.0,0.0,0.0,0.0,171.0,0.637733232229948,0.587739928625524,3982.0,0.0,0.0,0.0,171.0,0.6106614972048998,0.5626169834285975,3814.0,0.0,7.0,0.0,171.0,0.6110114972048998,0.5626169834285975,3814.0,0.0,7.0,0.0,171.0,0.637733232229948,0.0,0.637733232229948,0.0,0.6106614972048998,0.0,0.6110114972048998,0.0,0.0,0.0,0.0,0.0,0.0,0.0,0.0,0.0,0.0,0.0,0.0,0.0,0.0,0.0,0.0,0.0,0.0,0.0,0.0,0.0,0.0,0.0,0.0,0.0,0.0,0.003723301787411781,0.0037340754968040496,0.0,0.003723301787411781,0.0037340754968040496,0.0,0.003650347217054461,0.003726780039768318,0.0,0.0036512464976300014,0.003726869967825872,171,0.0,0.0,0.0,,0.0,0.04274500331409947,0.04244993620669113,0.04218985434455047,,0.04093567251461988,0.04274500331409947,0.04190111738667113,0.04218985434455047,,0.04093567251461988,1.0005731489566674,,
agnews,query1,8,1,1.1801480576395988,1.0875667603686452,7302.0,0.0,0.0,0.0,317.0,1.1801480576395988,1.0875667603686452,7302.0,0.0,0.0,317.0,317.0,1.1801480576395988,1.0875667603686452,7302.0,0.0,0.0,317.0,317.0,1.1801480576395988,1.0875667603686452,7302.0,0.0,0.0,317.0,317.0,1.1801480576395988,0.0,1.1801480576395988,0.0,1.1801480576395988,0.0,1.1801480576395988,0.0,0.0,0.0,0.0,0.0,0.0,0.0,0.0,0.0,0.0,0.0,0.0,0.0,0.0,0.0,0.0,0.0,0.0,0.0,0.0,0.0,0.0,0.0,0.0,0.0,0.0,0.003719366966850228,0.0037388655237025684,0.0,0.003719366966850228,0.0037388655237025684,0.0,0.003719366966850228,0.0037388655237025684,0.0,0.003719366966850228,0.0037388655237025684,317,0.0,0.0,0.0,,0.0,0.0,0.0,0.0,,0.0,0.0,0.0,0.0,,0.0,1.0,,
agnews,query1,8,1/16,1.2158949319273233,1.120580654591322,7454.0,0.0,0.0,0.0,326.0,1.2158949319273233,1.120580654591322,7454.0,0.0,0.0,326.0,326.0,1.2158949319273233,1.120580654591322,7454.0,0.0,0.0,326.0,326.0,1.2158949319273233,1.120580654591322,7454.0,0.0,0.0,326.0,326.0,1.2158949319273233,0.0,1.2158949319273233,0.0,1.2158949319273233,0.0,1.2158949319273233,0.0,0.0,0.0,0.0,0.0,0.0,0.0,0.0,0.0,0.0,0.0,0.0,0.0,0.0,0.0,0.0,0.0,0.0,0.0,0.0,0.0,0.0,0.0,0.0,0.0,0.0,0.0037252852090096946,0.0037473066525312245,0.0,0.0037252852090096946,0.0037473066525312245,0.0,0.0037252852090096946,0.0037473066525312245,0.0,0.0037252852090096946,0.0037473066525312245,326,0.0,0.0,0.0,,0.0,0.0,0.0,0.0,,0.0,0.0,0.0,0.0,,0.0,1.0,,
agnews,query1,8,1/4,1.2144558997824788,1.1190379448235035,7470.0,0.0,0.0,0.0,327.0,1.2144558997824788,1.1190379448235035,7470.0,0.0,0.0,327.0,327.0,1.2144558997824788,1.1190379448235035,7470.0,0.0,0.0,327.0,327.0,1.2144558997824788,1.1190379448235035,7470.0,0.0,0.0,327.0,327.0,1.2144558997824788,0.0,1.2144558997824788,0.0,1.2144558997824788,0.0,1.2144558997824788,0.0,0.0,0.0,0.0,0.0,0.0,0.0,0.0,0.0,0.0,0.0,0.0,0.0,0.0,0.0,0.0,0.0,0.0,0.0,0.0,0.0,0.0,0.0,0.0,0.0,0.0,0.003707204931573469,0.0037235928113351306,0.0,0.003707204931573469,0.0037235928113351306,0.0,0.003707204931573469,0.0037235928113351306,0.0,0.003707204931573469,0.0037235928113351306,327,0.0,0.0,0.0,,0.0,0.0,0.0,0.0,,0.0,0.0,0.0,0.0,,0.0,1.0,,
agnews,query1,8,inf,1.2798640495166183,1.1795628648251295,7907.0,0.0,0.0,0.0,343.0,1.2798640495166183,1.1795628648251295,7907.0,0.0,0.0,0.0,343.0,1.2025162351593375,1.1077830214053392,7427.0,0.0,20.0,0.0,343.0,1.2035162351593376,1.1077830214053392,7427.0,0.0,20.0,0.0,343.0,1.2798640495166183,0.0,1.2798640495166183,0.0,1.2025162351593375,0.0,1.2035162351593376,0.0,0.0,0.0,0.0,0.0,0.0,0.0,0.0,0.0,0.0,0.0,0.0,0.0,0.0,0.0,0.0,0.0,0.0,0.0,0.0,0.0,0.0,0.0,0.0,0.0,0.0,0.0037248868865366928,0.0037453863367788555,0.0,0.0037248868865366928,0.0037453863367788555,0.0,0.0036410879171181183,0.0037375363988315954,0.0,0.0036420494555796565,0.0037376218689170655,343,0.0,0.0,0.0,,0.0,0.06085291895861067,0.06043439878360024,0.06070570380675355,,0.05830903790087463,0.06085291895861067,0.05965306579719609,0.06070570380675355,,0.05830903790087463,1.0008315896041666,,
agnews,query1,16,inf,2.404570860788226,2.2158709578216076,14797.0,0.0,0.0,0.0,646.0,2.404570860788226,2.2158709578216076,14797.0,0.0,0.0,0.0,646.0,2.191864371305704,2.0184763884171844,13477.0,0.0,55.0,0.0,646.0,2.194614371305704,2.0184763884171844,13477.0,0.0,55.0,0.0,646.0,2.404570860788226,0.0,2.404570860788226,0.0,2.191864371305704,0.0,2.194614371305704,0.0,0.0,0.0,0.0,0.0,0.0,0.0,0.0,0.0,0.0,0.0,0.0,0.0,0.0,0.0,0.0,0.0,0.0,0.0,0.0,0.0,0.0,0.0,0.0,0.0,0.0,0.0037062854375801094,0.0037435509863176517,0.0,0.0037062854375801094,0.0037435509863176517,0.0,0.0035640759249475035,0.0037296325943861155,0.0,0.0035657128297094075,0.0037297739634337347,646,0.0,0.0,0.0,,0.0,0.08908215918786133,0.0884592311048783,0.08920727174427245,,0.08513931888544891,0.08908215918786133,0.08731557589186523,0.08920727174427245,,0.08513931888544891,1.001254639673878,,
agnews,query1,50,inf,7.448983378708363,6.864666007459164,46000.0,0.0,0.0,0.0,2000.0,7.448983378708363,6.864666007459164,46000.0,0.0,0.0,0.0,2000.0,5.902027091562748,5.429069139063358,36400.0,0.0,400.0,0.0,2000.0,5.922027091562748,5.429069139063358,36400.0,0.0,400.0,0.0,2000.0,7.448983378708363,0.0,7.448983378708363,0.0,5.902027091562748,0.0,5.922027091562748,0.0,0.0,0.0,0.0,0.0,0.0,0.0,0.0,0.0,0.0,0.0,0.0,0.0,0.0,0.0,0.0,0.0,0.0,0.0,0.0,0.0,0.0,0.0,0.0,0.0,0.0,0.0036582271568477154,0.0037736362777650357,0.0,0.0036582271568477154,0.0037736362777650357,0.0,0.003655192907899618,0.003739360300824046,0.0,0.003655192907899618,0.003739360300824046,2000,0.0,0.0,0.0,,0.0,0.2091284363778051,0.2076734781778844,0.20869565217391306,,0.2,0.2091284363778051,0.2049885480359851,0.20869565217391306,,0.2,1.0033886662480067,,
agnews,query2,1,inf,2.7051021978259087,2.675217973999679,2022.0,0.0,0.0,0.0,103.0,2.7051021978259087,2.675217973999679,2022.0,0.0,0.0,0.0,103.0,2.7051021978259087,2.675217973999679,2022.0,0.0,0.0,0.0,103.0,2.7051021978259087,2.675217973999679,2022.0,0.0,0.0,0.0,103.0,2.7051021978259087,0.0,2.7051021978259087,0.0,2.7051021978259087,0.0,2.7051021978259087,0.0,0.0,0.0,0.0,0.0,0.0,0.0,0.0,0.0,0.0,0.0,0.0,0.0,0.0,0.0,0.0,0.0,0.0,0.0,0.0,0.0,0.0,0.0,0.0,0.0,0.0,0.026263128134232122,0.026263128134232122,0.0,0.026263128134232122,0.026263128134232122,0.0,0.026263128134232122,0.026263128134232122,0.0,0.026263128134232122,0.026263128134232122,103,0.0,0.0,0.0,,0.0,0.0,0.0,0.0,,0.0,0.0,0.0,0.0,,0.0,1.0,,
agnews,query2,2,1,5.006169770844281,4.946990689262748,4140.0,0.0,0.0,0.0,204.0,5.006169770844281,4.946990689262748,4140.0,0.0,0.0,204.0,204.0,5.006169770844281,4.946990689262748,4140.0,0.0,0.0,204.0,204.0,5.006169770844281,4.946990689262748,4140.0,0.0,0.0,204.0,204.0,5.006169770844281,0.0,5.006169770844281,0.0,5.006169770844281,0.0,5.006169770844281,0.0,0.0,0.0,0.0,0.0,0.0,0.0,0.0,0.0,0.0,0.0,0.0,0.0,0.0,0.0,0.0,0.0,0.0,0.0,0.0,0.0,0.0,0.0,0.0,0.0,0.0,0.02395968204090262,0.02450413700494477,0.0,0.02395968204090262,0.02450413700494477,0.0,0.02395968204090262,0.02450413700494477,0.0,0.02395968204090262,0.02450413700494477,204,0.0,0.0,0.0,,0.0,0.0,0.0,0.0,,0.0,0.0,0.0,0.0,,0.0,1.0,,
agnews,query2,2,1/16,4.872895719483495,4.818331941962242,3717.0,0.0,0.0,0.0,188.0,4.872895719483495,4.818331941962242,3717.0,0.0,0.0,188.0,188.0,4.872895719483495,4.818331941962242,3717.0,0.0,0.0,188.0,188.0,4.872895719483495,4.818331941962242,3717.0,0.0,0.0,188.0,188.0,4.872895719483495,0.0,4.872895719483495,0.0,4.872895719483495,0.0,4.872895719483495,0.0,0.0,0.0,0.0,0.0,0.0,0.0,0.0,0.0,0.0,0.0,0.0,0.0,0.0,0.0,0.0,0.0,0.0,0.0,0.0,0.0,0.0,0.0,0.0,0.0,0.0,0.02536230315812505,0.02582428213208914,0.0,0.02536230315812505,0.02582428213208914,0.0,0.02536230315812505,0.02582428213208914,0.0,0.02536230315812505,0.02582428213208914,188,0.0,0.0,0.0,,0.0,0.0,0.0,0.0,,0.0,0.0,0.0,0.0,,0.0,1.0,,
agnews,query2,2,1/4,5.018084581010044,4.960072904825211,4035.0,0.0,0.0,0.0,200.0,5.018084581010044,4.960072904825211,4035.0,0.0,0.0,200.0,200.0,5.018084581010044,4.960072904825211,4035.0,0.0,0.0,200.0,200.0,5.018084581010044,4.960072904825211,4035.0,0.0,0.0,200.0,200.0,5.018084581010044,0.0,5.018084581010044,0.0,5.018084581010044,0.0,5.018084581010044,0.0,0.0,0.0,0.0,0.0,0.0,0.0,0.0,0.0,0.0,0.0,0.0,0.0,0.0,0.0,0.0,0.0,0.0,0.0,0.0,0.0,0.0,0.0,0.0,0.0,0.0,0.02452205739000581,0.024888000621587126,0.0,0.02452205739000581,0.024888000621587126,0.0,0.02452205739000581,0.024888000621587126,0.0,0.02452205739000581,0.024888000621587126,200,0.0,0.0,0.0,,0.0,0.0,0.0,0.0,,0.0,0.0,0.0,0.0,,0.0,1.0,,
agnews,query2,2,inf,5.060254937969148,5.00073856394738,4110.0,0.0,0.0,0.0,205.0,5.060254937969148,5.00073856394738,4110.0,0.0,0.0,0.0,205.0,4.749115477655828,4.6922993725165725,3930.0,0.0,10.0,0.0,205.0,4.749615477655828,4.6922993725165725,3930.0,0.0,10.0,0.0,205.0,5.060254937969148,0.0,5.060254937969148,0.0,4.749115477655828,0.0,4.749615477655828,0.0,0.0,0.0,0.0,0.0,0.0,0.0,0.0,0.0,0.0,0.0,0.0,0.0,0.0,0.0,0.0,0.0,0.0,0.0,0.0,0.0,0.0,0.0,0.0,0.0,0.0,0.024242256554168496,0.02460225706589733,0.0,0.024242256554168496,0.02460225706589733,0.0,0.023337781378839077,0.024511809548364388,0.0,0.02333923486721117,0.024511954897201597,205,0.0,0.0,0.0,,0.0,0.061678727549263845,0.06148691402457096,0.04379562043795615,,0.04878048780487805,0.061678727549263845,0.06138810477362833,0.04379562043795615,,0.04878048780487805,1.0001052827631487,,
agnews,query2,4,1,10.039987184107304,9.925358172506094,8010.0,0.0,0.0,0.0,395.0,10.039987184107304,9.925358172506094,8010.0,0.0,0.0,395.0,395.0,10.039987184107304,9.925358172506094,8010.0,0.0,0.0,395.0,395.0,10.039987184107304,9.925358172506094,8010.0,0.0,0.0,395.0,395.0,10.039987184107304,0.0,10.039987184107304,0.0,10.039987184107304,0.0,10.039987184107304,0.0,0.0,0.0,0.0,0.0,0.0,0.0,0.0,0.0,0.0,0.0,0.0,0.0,0.0,0.0,0.0,0.0,0.0,0.0,0.0,0.0,0.0,0.0,0.0,0.0,0.0,0.023879012899196222,0.024562347464817613,0.0,0.023879012899196222,0.024562347464817613,0.0,0.023879012899196222,0.024562347464817613,0.0,0.023879012899196222,0.024562347464817613,395,0.0,0.0,0.0,,0.0,0.0,0.0,0.0,,0.0,0.0,0.0,0.0,,0.0,1.0,,
agnews,query2,4,1/16,10.251462753862143,10.137410575523973,7809.0,0.0,0.0,0.0,393.0,10.251462753862143,10.137410575523973,7809.0,0.0,0.0,393.0,393.0,10.251462753862143,10.137410575523973,7809.0,0.0,0.0,393.0,393.0,10.251462753862143,10.137410575523973,7809.0,0.0,0.0,393.0,393.0,10.251462753862143,0.0,10.251462753862143,0.0,10.251462753862143,0.0,10.251462753862143,0.0,0.0,0.0,0.0,0.0,0.0,0.0,0.0,0.0,0.0,0.0,0.0,0.0,0.0,0.0,0.0,0.0,0.0,0.0,0.0,0.0,0.0,0.0,0.0,0.0,0.0,0.024753082428191207,0.02542086630804926,0.0,0.024753082428191207,0.02542086630804926,0.0,0.024753082428191207,0.02542086630804926,0.0,0.024753082428191207,0.02542086630804926,393,0.0,0.0,0.0,,0.0,0.0,0.0,0.0,,0.0,0.0,0.0,0.0,,0.0,1.0,,
agnews,query2,4,1/4,9.17842267639935,9.07393999490887,7260.0,0.0,0.0,0.0,360.0,9.17842267639935,9.07393999490887,7260.0,0.0,0.0,360.0,360.0,9.17842267639935,9.07393999490887,7260.0,0.0,0.0,360.0,360.0,9.17842267639935,9.07393999490887,7260.0,0.0,0.0,360.0,360.0,9.17842267639935,0.0,9.17842267639935,0.0,9.17842267639935,0.0,9.17842267639935,0.0,0.0,0.0,0.0,0.0,0.0,0.0,0.0,0.0,0.0,0.0,0.0,0.0,0.0,0.0,0.0,0.0,0.0,0.0,0.0,0.0,0.0,0.0,0.0,0.0,0.0,0.02414912630610906,0.024803452315606045,0.0,0.02414912630610906,0.024803452315606045,0.0,0.02414912630610906,0.024803452315606045,0.0,0.02414912630610906,0.024803452315606045,360,0.0,0.0,0.0,,0.0,0.0,0.0,0.0,,0.0,0.0,0.0,0.0,,0.0,1.0,,
agnews,query2,4,inf,9.170772691257298,9.063445975072682,7443.0,0.0,0.0,0.0,370.0,9.170772691257298,9.063445975072682,7443.0,0.0,0.0,0.0,370.0,7.335439768947959,7.244040308520198,6336.0,0.0,59.0,0.0,370.0,7.338389768947959,7.244040308520198,6336.0,0.0,59.0,0.0,370.0,9.170772691257298,0.0,9.170772691257298,0.0,7.335439768947959,0.0,7.338389768947959,0.0,0.0,0.0,0.0,0.0,0.0,0.0,0.0,0.0,0.0,0.0,0.0,0.0,0.0,0.0,0.0,0.0,0.0,0.0,0.0,0.0,0.0,0.0,0.0,0.0,0.0,0.023369497861550494,0.024005999334978028,0.0,0.023369497861550494,0.024005999334978028,0.0,0.019968279294011116,0.023662722207194203,0.0,0.019972864446849543,0.023663169805447477,370,0.0,0.0,0.0,,0.0,0.2007410505404258,0.20012849343207506,0.14873035066505447,,0.15945945945945947,0.2007410505404258,0.1998068193377196,0.14873035066505447,,0.15945945945945947,1.0004021572111448,,
agnews,query2,8,1,18.623119428753853,18.405751556158066,15012.0,0.0,0.0,0.0,749.0,18.623119428753853,18.405751556158066,15012.0,0.0,0.0,749.0,749.0,18.623119428753853,18.405751556158066,15012.0,0.0,0.0,749.0,749.0,18.623119428753853,18.405751556158066,15012.0,0.0,0.0,749.0,749.0,18.623119428753853,0.0,18.623119428753853,0.0,18.623119428753853,0.0,18.623119428753853,0.0,0.0,0.0,0.0,0.0,0.0,0.0,0.0,0.0,0.0,0.0,0.0,0.0,0.0,0.0,0.0,0.0,0.0,0.0,0.0,0.0,0.0,0.0,0.0,0.0,0.0,0.02233579744363404,0.022781202291420596,0.0,0.02233579744363404,0.022781202291420596,0.0,0.02233579744363404,0.022781202291420596,0.0,0.02233579744363404,0.022781202291420596,749,0.0,0.0,0.0,,0.0,0.0,0.0,0.0,,0.0,0.0,0.0,0.0,,0.0,1.0,,
agnews,query2,8,1/16,18.222889135591686,18.018651818856597,14151.0,0.0,0.0,0.0,704.0,18.222889135591686,18.018651818856597,14151.0,0.0,0.0,704.0,704.0,18.222889135591686,18.018651818856597,14151.0,0.0,0.0,704.0,704.0,18.222889135591686,18.018651818856597,14151.0,0.0,0.0,704.0,704.0,18.222889135591686,0.0,18.222889135591686,0.0,18.222889135591686,0.0,18.222889135591686,0.0,0.0,0.0,0.0,0.0,0.0,0.0,0.0,0.0,0.0,0.0,0.0,0.0,0.0,0.0,0.0,0.0,0.0,0.0,0.0,0.0,0.0,0.0,0.0,0.0,0.0,0.023652427086377877,0.023990894183679893,0.0,0.023652427086377877,0.023990894183679893,0.0,0.023652427086377877,0.023990894183679893,0.0,0.023652427086377877,0.023990894183679893,704,0.0,0.0,0.0,,0.0,0.0,0.0,0.0,,0.0,0.0,0.0,0.0,,0.0,1.0,,
agnews,query2,8,1/4,19.388764336705208,19.168475252576172,15222.0,0.0,0.0,0.0,759.0,19.388764336705208,19.168475252576172,15222.0,0.0,0.0,759.0,759.0,19.388764336705208,19.168475252576172,15222.0,0.0,0.0,759.0,759.0,19.388764336705208,19.168475252576172,15222.0,0.0,0.0,759.0,759.0,19.388764336705208,0.0,19.388764336705208,0.0,19.388764336705208,0.0,19.388764336705208,0.0,0.0,0.0,0.0,0.0,0.0,0.0,0.0,0.0,0.0,0.0,0.0,0.0,0.0,0.0,0.0,0.0,0.0,0.0,0.0,0.0,0.0,0.0,0.0,0.0,0.0,0.02261360588285034,0.02302850167831925,0.0,0.02261360588285034,0.02302850167831925,0.0,0.02261360588285034,0.02302850167831925,0.0,0.02261360588285034,0.02302850167831925,759,0.0,0.0,0.0,,0.0,0.0,0.0,0.0,,0.0,0.0,0.0,0.0,,0.0,1.0,,
agnews,query2,8,inf,19.05442713946104,18.83705232385546,15123.0,0.0,0.0,0.0,749.0,19.05442713946104,18.83705232385546,15123.0,0.0,0.0,0.0,749.0,12.988143407845497,12.823413441888988,11505.0,0.0,195.0,0.0,749.0,12.997893407845497,12.823413441888988,11505.0,0.0,195.0,0.0,749.0,19.05442713946104,0.0,19.05442713946104,0.0,12.988143407845497,0.0,12.997893407845497,0.0,0.0,0.0,0.0,0.0,0.0,0.0,0.0,0.0,0.0,0.0,0.0,0.0,0.0,0.0,0.0,0.0,0.0,0.0,0.0,0.0,0.0,0.0,0.0,0.0,0.0,0.022681776226354426,0.023209567374124773,0.0,0.022681776226354426,0.023209567374124773,0.0,0.016952119985283322,0.022876485797570054,0.0,0.01695916696514909,0.022876871703610323,749,0.0,0.0,0.0,,0.0,0.3192452183376233,0.3183661039618707,0.2392382463796866,,0.260347129506008,0.3192452183376233,0.3178544118533313,0.2392382463796866,,0.260347129506008,1.0007506846586027,,
agnews,query2,16,inf,38.66111442260444,38.218351228162646,30732.0,0.0,0.0,0.0,1526.0,38.66111442260444,38.218351228162646,30732.0,0.0,0.0,0.0,1526.0,19.21887506712228,18.944834505207837,19023.0,0.0,625.0,0.0,1526.0,19.25012506712228,18.944834505207837,19023.0,0.0,625.0,0.0,1526.0,38.66111442260444,0.0,38.66111442260444,0.0,19.21887506712228,0.0,19.25012506712228,0.0,0.0,0.0,0.0,0.0,0.0,0.0,0.0,0.0,0.0,0.0,0.0,0.0,0.0,0.0,0.0,0.0,0.0,0.0,0.0,0.0,0.0,0.0,0.0,0.0,0.0,0.02104068103357942,0.021054513335829823,0.0,0.02104068103357942,0.021054513335829823,0.0,0.00975940040753952,0.020890900279600846,0.0,0.009772422691662083,0.020890969917483855,1526,0.0,0.0,0.0,,0.0,0.5043000575271386,0.5028887461173297,0.3810035142522452,,0.40956749672346004,0.5043000575271386,0.5020804403955028,0.3810035142522452,,0.40956749672346004,1.001626005678837,,
agnews,query2,50,inf,122.07484878599644,120.68199720233679,96600.0,0.0,0.0,0.0,4800.0,122.07484878599644,120.68199720233679,96600.0,0.0,0.0,0.0,4800.0,41.20978058767318,40.51865246146917,46200.0,0.0,2600.0,0.0,4800.0,41.33978058767317,40.51865246146917,46200.0,0.0,2600.0,0.0,4800.0,122.07484878599644,0.0,122.07484878599644,0.0,41.20978058767318,0.0,41.33978058767317,0.0,0.0,0.0,0.0,0.0,0.0,0.0,0.0,0.0,0.0,0.0,0.0,0.0,0.0,0.0,0.0,0.0,0.0,0.0,0.0,0.0,0.0,0.0,0.0,0.0,0.0,0.019741797354072332,0.01976322862319648,0.0,0.019741797354072332,0.01976322862319648,0.0,0.004184824338406324,0.01976322862319648,0.0,0.004209824338406325,0.01976322862319648,4800,0.0,0.0,0.0,,0.0,0.664252718708863,0.6624220222470554,0.5217391304347826,,0.5416666666666666,0.664252718708863,0.6613571018208348,0.5217391304347826,,0.5416666666666666,1.0031545909283215,,
agnews,query3,1,inf,0.5695928065106273,0.5532026588916779,1403.0,0.0,0.0,0.0,61.0,0.5695928065106273,0.5532026588916779,1403.0,0.0,0.0,0.0,61.0,0.5695928065106273,0.5532026588916779,1403.0,0.0,0.0,0.0,61.0,0.5695928065106273,0.5532026588916779,1403.0,0.0,0.0,0.0,61.0,0.5642388118430972,0.0,0.5642388118430972,0.0,0.5642388118430972,0.0,0.5642388118430972,0.0,0.00535399466753006,0.0,0.00535399466753006,0.0,0.00535399466753006,0.0,0.00535399466753006,0.0,0.0,0.0,0.0,0.0,0.0,0.0,0.0,0.0,0.0,0.0,0.0,0.0,0.0,0.0,0.0,0.0,0.0,0.009103573497612866,0.009285057727627609,0.0,0.009103573497612866,0.009285057727627609,0.0,0.009103573497612866,0.009285057727627609,0.0,0.009103573497612866,0.009285057727627609,61,0.0,0.0,0.0,,0.0,0.0,0.0,0.0,,0.0,0.0,0.0,0.0,,0.0,1.0,,
agnews,query3,2,1,1.2072611330077052,1.1739219510927796,2942.0,0.0,0.0,0.0,121.0,1.2072611330077052,1.1739219510927796,2942.0,0.0,0.0,0.0,121.0,1.2072611330077052,1.1739219510927796,2942.0,0.0,0.0,0.0,121.0,1.2072611330077052,1.1739219510927796,2942.0,0.0,0.0,27.0,121.0,1.1998993903398514,0.0,1.1998993903398514,0.0,1.1998993903398514,0.0,1.1998993903398514,0.0,0.007361742667853832,0.0,0.007361742667853832,0.0,0.007361742667853832,0.0,0.007361742667853832,0.0,0.0,0.0,0.0,0.0,0.0,0.0,0.0,0.0,0.0,0.0,0.0,0.0,0.0,0.0,0.0,0.0,0.0,0.009856425179680297,0.010120819484467034,0.0,0.009856425179680297,0.010120819484467034,0.0,0.009856425179680297,0.010120819484467034,0.0,0.009856425179680297,0.010120819484467034,121,0.0,0.0,0.0,,0.0,0.0,0.0,0.0,,0.0,0.0,0.0,0.0,,0.0,1.0,,
agnews,query3,2,1/16,0.9381793504580855,0.9106029598042369,2510.0,0.0,0.0,0.0,97.0,0.9381793504580855,0.9106029598042369,2510.0,0.0,0.0,97.0,97.0,0.9381793504580855,0.9106029598042369,2510.0,0.0,0.0,97.0,97.0,0.9381793504580855,0.9106029598042369,2510.0,0.0,0.0,97.0,97.0,0.9355023531243205,0.0,0.9355023531243205,0.0,0.9355023531243205,0.0,0.9355023531243205,0.0,0.00267699733376503,0.0,0.00267699733376503,0.0,0.00267699733376503,0.0,0.00267699733376503,0.0,0.0,0.0,0.0,0.0,0.0,0.0,0.0,0.0,0.0,0.0,0.0,0.0,0.0,0.0,0.0,0.0,0.0,0.009053839637587468,0.009525601429243883,0.0,0.009053839637587468,0.009525601429243883,0.0,0.009053839637587468,0.009525601429243883,0.0,0.009053839637587468,0.009525601429243883,97,0.0,0.0,0.0,,0.0,0.0,0.0,0.0,,0.0,0.0,0.0,0.0,,0.0,1.0,,
agnews,query3,2,1/4,1.2525009475648403,1.2178564108908176,3041.0,0.0,0.0,0.0,123.0,1.2525009475648403,1.2178564108908176,3041.0,0.0,0.0,123.0,123.0,1.2525009475648403,1.2178564108908176,3041.0,0.0,0.0,123.0,123.0,1.2525009475648403,1.2178564108908176,3041.0,0.0,0.0,123.0,123.0,1.2478162022307515,0.0,1.2478162022307515,0.0,1.2478162022307515,0.0,1.2478162022307515,0.0,0.004684745334088802,0.0,0.004684745334088802,0.0,0.004684745334088802,0.0,0.004684745334088802,0.0,0.0,0.0,0.0,0.0,0.0,0.0,0.0,0.0,0.0,0.0,0.0,0.0,0.0,0.0,0.0,0.0,0.0,0.009902620890542217,0.010179292486028989,0.0,0.009902620890542217,0.010179292486028989,0.0,0.009902620890542217,0.010179292486028989,0.0,0.009902620890542217,0.010179292486028989,123,0.0,0.0,0.0,,0.0,0.0,0.0,0.0,,0.0,0.0,0.0,0.0,,0.0,1.0,,
agnews,query3,2,inf,1.1873216247186065,1.1529326485469937,2833.0,0.0,0.0,0.0,124.0,1.1873216247186065,1.1529326485469937,2833.0,0.0,0.0,0.0,124.0,1.1873216247186065,1.1529326485469937,2833.0,0.0,0.0,0.0,124.0,1.1873216247186065,1.1529326485469937,2833.0,0.0,0.0,0.0,124.0,1.180629131384194,0.0,1.180629131384194,0.0,1.180629131384194,0.0,1.180629131384194,0.0,0.006692493334412575,0.0,0.006692493334412575,0.0,0.006692493334412575,0.0,0.006692493334412575,0.0,0.0,0.0,0.0,0.0,0.0,0.0,0.0,0.0,0.0,0.0,0.0,0.0,0.0,0.0,0.0,0.0,0.0,0.009315129089042206,0.009678326241820204,0.0,0.009315129089042206,0.009678326241820204,0.0,0.009315129089042206,0.009678326241820204,0.0,0.009315129089042206,0.009678326241820204,124,0.0,0.0,0.0,,0.0,0.0,0.0,0.0,,0.0,0.0,0.0,0.0,,0.0,1.0,,
agnews,query3,4,1,2.1718009589239955,2.110704089514911,5279.0,0.0,0.0,0.0,221.0,2.1718009589239955,2.110704089514911,5279.0,0.0,0.0,0.0,221.0,2.1718009589239955,2.110704089514911,5279.0,0.0,0.0,0.0,221.0,2.1718009589239955,2.110704089514911,5279.0,0.0,0.0,45.0,221.0,2.1590852215886116,0.0,2.1590852215886116,0.0,2.1590852215886116,0.0,2.1590852215886116,0.0,0.012715737335383892,0.0,0.012715737335383892,0.0,0.012715737335383892,0.0,0.012715737335383892,0.0,0.0,0.0,0.0,0.0,0.0,0.0,0.0,0.0,0.0,0.0,0.0,0.0,0.0,0.0,0.0,0.0,0.0,0.00932171528499263,0.010302156175667834,0.0,0.00932171528499263,0.010302156175667834,0.0,0.00932171528499263,0.010302156175667834,0.0,0.00932171528499263,0.010302156175667834,221,0.0,0.0,0.0,,0.0,0.0,0.0,0.0,,0.0,0.0,0.0,0.0,,0.0,1.0,,
agnews,query3,4,1/16,2.4277516724541783,2.3645582459867,5364.0,0.0,0.0,0.0,228.0,2.4277516724541783,2.3645582459867,5364.0,0.0,0.0,228.0,228.0,2.4277516724541783,2.3645582459867,5364.0,0.0,0.0,228.0,228.0,2.4277516724541783,2.3645582459867,5364.0,0.0,0.0,228.0,228.0,2.4150359351187944,0.0,2.4150359351187944,0.0,2.4150359351187944,0.0,2.4150359351187944,0.0,0.012715737335383892,0.0,0.012715737335383892,0.0,0.012715737335383892,0.0,0.012715737335383892,0.0,0.0,0.0,0.0,0.0,0.0,0.0,0.0,0.0,0.0,0.0,0.0,0.0,0.0,0.0,0.0,0.0,0.0,0.010751379456921112,0.011804789653510455,0.0,0.010751379456921112,0.011804789653510455,0.0,0.010751379456921112,0.011804789653510455,0.0,0.010751379456921112,0.011804789653510455,228,0.0,0.0,0.0,,0.0,0.0,0.0,0.0,,0.0,0.0,0.0,0.0,,0.0,1.0,,
agnews,query3,4,1/4,2.315969587303698,2.254962233826518,5254.0,0.0,0.0,0.0,217.0,2.315969587303698,2.254962233826518,5254.0,0.0,0.0,217.0,217.0,2.315969587303698,2.254962233826518,5254.0,0.0,0.0,217.0,217.0,2.315969587303698,2.254962233826518,5254.0,0.0,0.0,217.0,217.0,2.3072693459689617,0.0,2.3072693459689617,0.0,2.3072693459689617,0.0,2.3072693459689617,0.0,0.008700241334736347,0.0,0.008700241334736347,0.0,0.008700241334736347,0.0,0.008700241334736347,0.0,0.0,0.0,0.0,0.0,0.0,0.0,0.0,0.0,0.0,0.0,0.0,0.0,0.0,0.0,0.0,0.0,0.0,0.010830500157167897,0.011569655967506174,0.0,0.010830500157167897,0.011569655967506174,0.0,0.010830500157167897,0.011569655967506174,0.0,0.010830500157167897,0.011569655967506174,217,0.0,0.0,0.0,,0.0,0.0,0.0,0.0,,0.0,0.0,0.0,0.0,,0.0,1.0,,
agnews,query3,4,inf,1.9669018173590302,1.9133372325450182,4617.0,0.0,0.0,0.0,195.0,1.9669018173590302,1.9133372325450182,4617.0,0.0,0.0,0.0,195.0,1.9669018173590302,1.9133372325450182,4617.0,0.0,0.0,0.0,195.0,1.9669018173590302,1.9133372325450182,4617.0,0.0,0.0,0.0,195.0,1.9541860800236464,0.0,1.9541860800236464,0.0,1.9541860800236464,0.0,1.9541860800236464,0.0,0.012715737335383892,0.0,0.012715737335383892,0.0,0.012715737335383892,0.0,0.012715737335383892,0.0,0.0,0.0,0.0,0.0,0.0,0.0,0.0,0.0,0.0,0.0,0.0,0.0,0.0,0.0,0.0,0.0,0.0,0.009864665418863296,0.010430491538097462,0.0,0.009864665418863296,0.010430491538097462,0.0,0.009864665418863296,0.010430491538097462,0.0,0.009864665418863296,0.010430491538097462,195,0.0,0.0,0.0,,0.0,0.0,0.0,0.0,,0.0,0.0,0.0,0.0,,0.0,1.0,,
agnews,query3,8,1,4.187662836164236,4.074150558561087,9679.0,0.0,0.0,0.0,408.0,4.187662836164236,4.074150558561087,9679.0,0.0,0.0,0.0,408.0,4.187662836164236,4.074150558561087,9679.0,0.0,0.0,0.0,408.0,4.187662836164236,4.074150558561087,9679.0,0.0,0.0,69.0,408.0,4.166916106827557,0.0,4.166916106827557,0.0,4.166916106827557,0.0,4.166916106827557,0.0,0.020746729336678982,0.0,0.020746729336678982,0.0,0.020746729336678982,0.0,0.020746729336678982,0.0,0.0,0.0,0.0,0.0,0.0,0.0,0.0,0.0,0.0,0.0,0.0,0.0,0.0,0.0,0.0,0.0,0.0,0.009882354311125933,0.011181791966254288,0.0,0.009882354311125933,0.011181791966254288,0.0,0.009882354311125933,0.011181791966254288,0.0,0.009882354311125933,0.011181791966254288,408,0.0,0.0,0.0,,0.0,0.0,0.0,0.0,,0.0,0.0,0.0,0.0,,0.0,1.0,,
agnews,query3,8,1/16,4.887062476016581,4.752031713724136,11506.0,0.0,0.0,0.0,481.0,4.887062476016581,4.752031713724136,11506.0,0.0,0.0,481.0,481.0,4.887062476016581,4.752031713724136,11506.0,0.0,0.0,481.0,481.0,4.887062476016581,4.752031713724136,11506.0,0.0,0.0,481.0,481.0,4.867654245346785,0.0,4.867654245346785,0.0,4.867654245346785,0.0,4.867654245346785,0.0,0.019408230669796467,0.0,0.019408230669796467,0.0,0.019408230669796467,0.0,0.019408230669796467,0.0,0.0,0.0,0.0,0.0,0.0,0.0,0.0,0.0,0.0,0.0,0.0,0.0,0.0,0.0,0.0,0.0,0.0,0.009463262171834236,0.010932569732528784,0.0,0.009463262171834236,0.010932569732528784,0.0,0.009463262171834236,0.010932569732528784,0.0,0.009463262171834236,0.010932569732528784,481,0.0,0.0,0.0,,0.0,0.0,0.0,0.0,,0.0,0.0,0.0,0.0,,0.0,1.0,,
agnews,query3,8,1/4,5.009229334071279,4.875888108275831,11470.0,0.0,0.0,0.0,474.0,5.009229334071279,4.875888108275831,11470.0,0.0,0.0,474.0,474.0,5.009229334071279,4.875888108275831,11470.0,0.0,0.0,474.0,474.0,5.009229334071279,4.875888108275831,11470.0,0.0,0.0,474.0,474.0,4.990490352734923,0.0,4.990490352734923,0.0,4.990490352734923,0.0,4.990490352734923,0.0,0.01873898133635521,0.0,0.01873898133635521,0.0,0.01873898133635521,0.0,0.01873898133635521,0.0,0.0,0.0,0.0,0.0,0.0,0.0,0.0,0.0,0.0,0.0,0.0,0.0,0.0,0.0,0.0,0.0,0.0,0.010047659602412206,0.01173744796056623,0.0,0.010047659602412206,0.01173744796056623,0.0,0.010047659602412206,0.01173744796056623,0.0,0.010047659602412206,0.01173744796056623,474,0.0,0.0,0.0,,0.0,0.0,0.0,0.0,,0.0,0.0,0.0,0.0,,0.0,1.0,,
agnews,query3,8,inf,4.5386500945314765,4.416671519167721,10716.0,0.0,0.0,0.0,432.0,4.5386500945314765,4.416671519167721,10716.0,0.0,0.0,0.0,432.0,4.5386500945314765,4.416671519167721,10716.0,0.0,0.0,0.0,432.0,4.5386500945314765,4.416671519167721,10716.0,0.0,0.0,0.0,432.0,4.523257359862328,0.0,4.523257359862328,0.0,4.523257359862328,0.0,4.523257359862328,0.0,0.015392734669148922,0.0,0.015392734669148922,0.0,0.015392734669148922,0.0,0.015392734669148922,0.0,0.0,0.0,0.0,0.0,0.0,0.0,0.0,0.0,0.0,0.0,0.0,0.0,0.0,0.0,0.0,0.0,0.0,0.009903925982439239,0.011548285096541494,0.0,0.009903925982439239,0.011548285096541494,0.0,0.009903925982439239,0.011548285096541494,0.0,0.009903925982439239,0.011548285096541494,432,0.0,0.0,0.0,,0.0,0.0,0.0,0.0,,0.0,0.0,0.0,0.0,,0.0,1.0,,
agnews,query3,16,inf,8.914974343031645,8.670949136838317,21282.0,0.0,0.0,0.0,867.0,8.914974343031645,8.670949136838317,21282.0,0.0,0.0,0.0,867.0,8.914974343031645,8.670949136838317,21282.0,0.0,0.0,0.0,867.0,8.914974343031645,8.670949136838317,21282.0,0.0,0.0,0.0,867.0,8.881511876359582,0.0,8.881511876359582,0.0,8.881511876359582,0.0,8.881511876359582,0.0,0.033462466672062874,0.0,0.033462466672062874,0.0,0.033462466672062874,0.0,0.033462466672062874,0.0,0.0,0.0,0.0,0.0,0.0,0.0,0.0,0.0,0.0,0.0,0.0,0.0,0.0,0.0,0.0,0.0,0.0,0.009002079288366922,0.011751494995659476,0.0,0.009002079288366922,0.011751494995659476,0.0,0.009002079288366922,0.011751494995659476,0.0,0.009002079288366922,0.011751494995659476,867,0.0,0.0,0.0,,0.0,0.0,0.0,0.0,,0.0,0.0,0.0,0.0,,0.0,1.0,,
agnews,query3,50,inf,28.43655962496996,27.655272372066975,67200.0,0.0,0.0,0.0,2800.0,28.43655962496996,27.655272372066975,67200.0,0.0,0.0,0.0,2800.0,28.43655962496996,27.655272372066975,67200.0,0.0,0.0,0.0,2800.0,28.43655962496996,27.655272372066975,67200.0,0.0,0.0,0.0,2800.0,28.302709758281708,0.0,28.302709758281708,0.0,28.302709758281708,0.0,28.302709758281708,0.0,0.1338498666882515,0.0,0.1338498666882515,0.0,0.1338498666882515,0.0,0.1338498666882515,0.0,0.0,0.0,0.0,0.0,0.0,0.0,0.0,0.0,0.0,0.0,0.0,0.0,0.0,0.0,0.0,0.0,0.0,0.008949836871276299,0.012107106251642108,0.0,0.008949836871276299,0.012107106251642108,0.0,0.008949836871276299,0.012107106251642108,0.0,0.008949836871276299,0.012107106251642108,2800,0.0,0.0,0.0,,0.0,0.0,0.0,0.0,,0.0,0.0,0.0,0.0,,0.0,1.0,,
agnews,query4,1,inf,1.2620721505954862,1.24118488188833,3765.0,0.0,0.0,0.0,62.0,1.2620721505954862,1.24118488188833,3765.0,0.0,0.0,0.0,62.0,1.2620721505954862,1.24118488188833,3765.0,0.0,0.0,0.0,62.0,1.2620721505954862,1.24118488188833,3765.0,0.0,0.0,0.0,62.0,1.2620721505954862,0.0,1.2620721505954862,0.0,1.2620721505954862,0.0,1.2620721505954862,0.0,0.0,0.0,0.0,0.0,0.0,0.0,0.0,0.0,0.0,0.0,0.0,0.0,0.0,0.0,0.0,0.0,0.0,0.0,0.0,0.0,0.0,0.0,0.0,0.0,0.0,0.017084340028956813,0.01896987630950533,0.0,0.017084340028956813,0.01896987630950533,0.0,0.017084340028956813,0.01896987630950533,0.0,0.017084340028956813,0.01896987630950533,62,0.0,0.0,0.0,,0.0,0.0,0.0,0.0,,0.0,0.0,0.0,0.0,,0.0,1.0,,
agnews,query4,2,1,2.2934731002897024,2.256116922944784,6734.0,0.0,0.0,0.0,115.0,2.2934731002897024,2.256116922944784,6734.0,0.0,0.0,0.0,115.0,2.2934731002897024,2.256116922944784,6734.0,0.0,0.0,0.0,115.0,2.2934731002897024,2.256116922944784,6734.0,0.0,0.0,10.0,115.0,2.2934731002897024,0.0,2.2934731002897024,0.0,2.2934731002897024,0.0,2.2934731002897024,0.0,0.0,0.0,0.0,0.0,0.0,0.0,0.0,0.0,0.0,0.0,0.0,0.0,0.0,0.0,0.0,0.0,0.0,0.0,0.0,0.0,0.0,0.0,0.0,0.0,0.0,0.016552152548064577,0.018697462313154594,0.0,0.016552152548064577,0.018697462313154594,0.0,0.016552152548064577,0.018697462313154594,0.0,0.016552152548064577,0.018697462313154594,115,0.0,0.0,0.0,,0.0,0.0,0.0,0.0,,0.0,0.0,0.0,0.0,,0.0,1.0,,
agnews,query4,2,1/16,2.021096938289702,1.9889383390545845,6254.0,0.0,0.0,0.0,96.0,2.021096938289702,1.9889383390545845,6254.0,0.0,0.0,96.0,96.0,2.021096938289702,1.9889383390545845,6254.0,0.0,0.0,96.0,96.0,2.021096938289702,1.9889383390545845,6254.0,0.0,0.0,96.0,96.0,2.021096938289702,0.0,2.021096938289702,0.0,2.021096938289702,0.0,2.021096938289702,0.0,0.0,0.0,0.0,0.0,0.0,0.0,0.0,0.0,0.0,0.0,0.0,0.0,0.0,0.0,0.0,0.0,0.0,0.0,0.0,0.0,0.0,0.0,0.0,0.0,0.0,0.01706716915168151,0.019555744686152173,0.0,0.01706716915168151,0.019555744686152173,0.0,0.01706716915168151,0.019555744686152173,0.0,0.01706716915168151,0.019555744686152173,96,0.0,0.0,0.0,,0.0,0.0,0.0,0.0,,0.0,0.0,0.0,0.0,,0.0,1.0,,
agnews,query4,2,1/4,1.9427020065486431,1.9104158580303192,5368.0,0.0,0.0,0.0,99.0,1.9427020065486431,1.9104158580303192,5368.0,0.0,0.0,99.0,99.0,1.9427020065486431,1.9104158580303192,5368.0,0.0,0.0,99.0,99.0,1.9427020065486431,1.9104158580303192,5368.0,0.0,0.0,99.0,99.0,1.9427020065486431,0.0,1.9427020065486431,0.0,1.9427020065486431,0.0,1.9427020065486431,0.0,0.0,0.0,0.0,0.0,0.0,0.0,0.0,0.0,0.0,0.0,0.0,0.0,0.0,0.0,0.0,0.0,0.0,0.0,0.0,0.0,0.0,0.0,0.0,0.0,0.0,0.01682725440286383,0.019025718417207273,0.0,0.01682725440286383,0.019025718417207273,0.0,0.01682725440286383,0.019025718417207273,0.0,0.01682725440286383,0.019025718417207273,99,0.0,0.0,0.0,,0.0,0.0,0.0,0.0,,0.0,0.0,0.0,0.0,,0.0,1.0,,
agnews,query4,2,inf,1.8594993436709046,1.8253987729549408,5019.0,0.0,0.0,0.0,108.0,1.8594993436709046,1.8253987729549408,5019.0,0.0,0.0,0.0,108.0,1.8594993436709046,1.8253987729549408,5019.0,0.0,0.0,0.0,108.0,1.8594993436709046,1.8253987729549408,5019.0,0.0,0.0,0.0,108.0,1.8594993436709046,0.0,1.8594993436709046,0.0,1.8594993436709046,0.0,1.8594993436709046,0.0,0.0,0.0,0.0,0.0,0.0,0.0,0.0,0.0,0.0,0.0,0.0,0.0,0.0,0.0,0.0,0.0,0.0,0.0,0.0,0.0,0.0,0.0,0.0,0.0,0.0,0.0147470023385004,0.01601499936592422,0.0,0.0147470023385004,0.01601499936592422,0.0,0.0147470023385004,0.01601499936592422,0.0,0.0147470023385004,0.01601499936592422,108,0.0,0.0,0.0,,0.0,0.0,0.0,0.0,,0.0,0.0,0.0,0.0,,0.0,1.0,,
agnews,query4,4,1,3.918887642212212,3.8476119190454483,11134.0,0.0,0.0,0.0,220.0,3.918887642212212,3.8476119190454483,11134.0,0.0,0.0,0.0,220.0,3.881061839414239,3.8105895277112722,11089.0,0.0,3.0,0.0,220.0,3.881211839414239,3.8105895277112722,11089.0,0.0,3.0,13.0,220.0,3.918887642212212,0.0,3.918887642212212,0.0,3.881061839414239,0.0,3.881211839414239,0.0,0.0,0.0,0.0,0.0,0.0,0.0,0.0,0.0,0.0,0.0,0.0,0.0,0.0,0.0,0.0,0.0,0.0,0.0,0.0,0.0,0.0,0.0,0.0,0.0,0.0,0.015177840702235698,0.017266476501311575,0.0,0.015177840702235698,0.017266476501311575,0.0,0.015177840702235698,0.017266476501311575,0.0,0.015177840702235698,0.017266476501311575,220,0.0,0.0,0.0,,0.0,0.009622173990811667,0.009652178437200787,0.004041674151248453,,0.013636363636363636,0.009622173990811667,0.00961390226965153,0.004041674151248453,,0.013636363636363636,1.0000386492166853,,
agnews,query4,4,1/16,3.969331154599786,3.8994045006111264,11623.0,0.0,0.0,0.0,215.0,3.969331154599786,3.8994045006111264,11623.0,0.0,0.0,215.0,215.0,3.969331154599786,3.8994045006111264,11623.0,0.0,0.0,215.0,215.0,3.969331154599786,3.8994045006111264,11623.0,0.0,0.0,215.0,215.0,3.969331154599786,0.0,3.969331154599786,0.0,3.969331154599786,0.0,3.969331154599786,0.0,0.0,0.0,0.0,0.0,0.0,0.0,0.0,0.0,0.0,0.0,0.0,0.0,0.0,0.0,0.0,0.0,0.0,0.0,0.0,0.0,0.0,0.0,0.0,0.0,0.0,0.015667604082929238,0.017710098184379082,0.0,0.015667604082929238,0.017710098184379082,0.0,0.015667604082929238,0.017710098184379082,0.0,0.015667604082929238,0.017710098184379082,215,0.0,0.0,0.0,,0.0,0.0,0.0,0.0,,0.0,0.0,0.0,0.0,,0.0,1.0,,
agnews,query4,4,1/4,3.7196031846106052,3.654473996721208,11031.0,0.0,0.0,0.0,200.0,3.7196031846106052,3.654473996721208,11031.0,0.0,0.0,200.0,200.0,3.7196031846106052,3.654473996721208,11031.0,0.0,0.0,200.0,200.0,3.7196031846106052,3.654473996721208,11031.0,0.0,0.0,200.0,200.0,3.7196031846106052,0.0,3.7196031846106052,0.0,3.7196031846106052,0.0,3.7196031846106052,0.0,0.0,0.0,0.0,0.0,0.0,0.0,0.0,0.0,0.0,0.0,0.0,0.0,0.0,0.0,0.0,0.0,0.0,0.0,0.0,0.0,0.0,0.0,0.0,0.0,0.0,0.015414160125457295,0.017531474098199752,0.0,0.015414160125457295,0.017531474098199752,0.0,0.015414160125457295,0.017531474098199752,0.0,0.015414160125457295,0.017531474098199752,200,0.0,0.0,0.0,,0.0,0.0,0.0,0.0,,0.0,0.0,0.0,0.0,,0.0,1.0,,
agnews,query4,4,inf,4.173148828558624,4.099382851272821,12356.0,0.0,0.0,0.0,227.0,4.173148828558624,4.099382851272821,12356.0,0.0,0.0,0.0,227.0,4.160540227625966,4.087042054161429,12341.0,0.0,1.0,0.0,227.0,4.160590227625966,4.087042054161429,12341.0,0.0,1.0,0.0,227.0,4.173148828558624,0.0,4.173148828558624,0.0,4.160540227625966,0.0,4.160590227625966,0.0,0.0,0.0,0.0,0.0,0.0,0.0,0.0,0.0,0.0,0.0,0.0,0.0,0.0,0.0,0.0,0.0,0.0,0.0,0.0,0.0,0.0,0.0,0.0,0.0,0.0,0.01553390468729453,0.017763145501052752,0.0,0.01553390468729453,0.017763145501052752,0.0,0.01553390468729453,0.017763145501052752,0.0,0.01553390468729453,0.017763145501052752,227,0.0,0.0,0.0,,0.0,0.003010403653213367,0.003021363831160695,0.0012139851084493891,,0.004405286343612335,0.003010403653213367,0.0030093824707889683,0.0012139851084493891,,0.004405286343612335,1.0000120176701255,,
agnews,query4,8,1,8.63742112275213,8.48969354480505,25220.0,0.0,0.0,0.0,451.0,8.63742112275213,8.48969354480505,25220.0,0.0,0.0,0.0,451.0,8.574378118088841,8.42798955924809,25145.0,0.0,5.0,0.0,451.0,8.57462811808884,8.42798955924809,25145.0,0.0,5.0,33.0,451.0,8.63742112275213,0.0,8.63742112275213,0.0,8.574378118088841,0.0,8.57462811808884,0.0,0.0,0.0,0.0,0.0,0.0,0.0,0.0,0.0,0.0,0.0,0.0,0.0,0.0,0.0,0.0,0.0,0.0,0.0,0.0,0.0,0.0,0.0,0.0,0.0,0.0,0.01666051774749878,0.01970126564289877,0.0,0.01666051774749878,0.01970126564289877,0.0,0.01666051774749878,0.01970126564289877,0.0,0.01666051774749878,0.01970126564289877,451,0.0,0.0,0.0,,0.0,0.007268105171442607,0.007298822619314582,0.0029738302934179117,,0.011086474501108648,0.007268105171442607,0.007269878794943119,0.0029738302934179117,,0.011086474501108648,1.0000291566334674,,
agnews,query4,8,1/16,7.4072181191295385,7.262798670679331,21727.0,0.0,0.0,0.0,445.0,7.4072181191295385,7.262798670679331,21727.0,0.0,0.0,445.0,445.0,7.4072181191295385,7.262798670679331,21727.0,0.0,0.0,445.0,445.0,7.4072181191295385,7.262798670679331,21727.0,0.0,0.0,445.0,445.0,7.4072181191295385,0.0,7.4072181191295385,0.0,7.4072181191295385,0.0,7.4072181191295385,0.0,0.0,0.0,0.0,0.0,0.0,0.0,0.0,0.0,0.0,0.0,0.0,0.0,0.0,0.0,0.0,0.0,0.0,0.0,0.0,0.0,0.0,0.0,0.0,0.0,0.0,0.014546117544054023,0.01691117194721535,0.0,0.014546117544054023,0.01691117194721535,0.0,0.014546117544054023,0.01691117194721535,0.0,0.014546117544054023,0.01691117194721535,445,0.0,0.0,0.0,,0.0,0.0,0.0,0.0,,0.0,0.0,0.0,0.0,,0.0,1.0,,
agnews,query4,8,1/4,8.705456709489226,8.560123399831355,25984.0,0.0,0.0,0.0,441.0,8.705456709489226,8.560123399831355,25984.0,0.0,0.0,441.0,441.0,8.705456709489226,8.560123399831355,25984.0,0.0,0.0,441.0,441.0,8.705456709489226,8.560123399831355,25984.0,0.0,0.0,441.0,441.0,8.705456709489226,0.0,8.705456709489226,0.0,8.705456709489226,0.0,8.705456709489226,0.0,0.0,0.0,0.0,0.0,0.0,0.0,0.0,0.0,0.0,0.0,0.0,0.0,0.0,0.0,0.0,0.0,0.0,0.0,0.0,0.0,0.0,0.0,0.0,0.0,0.0,0.01648823465175711,0.01978734077727033,0.0,0.01648823465175711,0.01978734077727033,0.0,0.01648823465175711,0.01978734077727033,0.0,0.01648823465175711,0.01978734077727033,441,0.0,0.0,0.0,,0.0,0.0,0.0,0.0,,0.0,0.0,0.0,0.0,,0.0,1.0,,
agnews,query4,8,inf,10.224433551542461,10.062267450615764,29830.0,0.0,0.0,0.0,493.0,10.224433551542461,10.062267450615764,29830.0,0.0,0.0,0.0,493.0,10.148781945946515,9.988222667947412,29740.0,0.0,6.0,0.0,493.0,10.149081945946515,9.988222667947412,29740.0,0.0,6.0,0.0,493.0,10.224433551542461,0.0,10.224433551542461,0.0,10.148781945946515,0.0,10.149081945946515,0.0,0.0,0.0,0.0,0.0,0.0,0.0,0.0,0.0,0.0,0.0,0.0,0.0,0.0,0.0,0.0,0.0,0.0,0.0,0.0,0.0,0.0,0.0,0.0,0.0,0.0,0.01726787987994568,0.02125529309488425,0.0,0.01726787987994568,0.02125529309488425,0.0,0.01726787987994568,0.02125529309488425,0.0,0.01726787987994568,0.02125529309488425,493,0.0,0.0,0.0,,0.0,0.007358657780838551,0.0073990999319989426,0.0030170968823332034,,0.012170385395537525,0.007358657780838551,0.007369758453227848,0.0030170968823332034,,0.012170385395537525,1.0000295601976275,,
agnews,query4,16,inf,17.854133846238256,17.55518531613052,53357.0,0.0,0.0,0.0,908.0,17.854133846238256,17.55518531613052,53357.0,0.0,0.0,0.0,908.0,17.677613433181047,17.38241415657103,53147.0,0.0,14.0,0.0,908.0,17.678313433181046,17.38241415657103,53147.0,0.0,14.0,0.0,908.0,17.854133846238256,0.0,17.854133846238256,0.0,17.677613433181047,0.0,17.678313433181046,0.0,0.0,0.0,0.0,0.0,0.0,0.0,0.0,0.0,0.0,0.0,0.0,0.0,0.0,0.0,0.0,0.0,0.0,0.0,0.0,0.0,0.0,0.0,0.0,0.0,0.0,0.016843888039324614,0.022986376589168075,0.0,0.016843888039324614,0.022986376589168075,0.0,0.016843888039324614,0.022986376589168075,0.0,0.016843888039324614,0.022986376589168075,908,0.0,0.0,0.0,,0.0,0.009841602720122689,0.00988680910412243,0.0039357535093802465,,0.015418502202643172,0.009841602720122689,0.009847602497628505,0.0039357535093802465,,0.015418502202643172,1.0000395981054029,,
agnews,query4,50,inf,52.94155087321997,52.02507954090834,155200.0,0.0,0.0,0.0,2800.0,52.94155087321997,52.02507954090834,155200.0,0.0,0.0,0.0,2800.0,50.41983068668842,49.55692011862993,152200.0,0.0,200.0,0.0,2800.0,50.429830686688426,49.55692011862993,152200.0,0.0,200.0,0.0,2800.0,52.94155087321997,0.0,52.94155087321997,0.0,50.41983068668842,0.0,50.429830686688426,0.0,0.0,0.0,0.0,0.0,0.0,0.0,0.0,0.0,0.0,0.0,0.0,0.0,0.0,0.0,0.0,0.0,0.0,0.0,0.0,0.0,0.0,0.0,0.0,0.0,0.0,0.013647522311657667,0.03411052478477358,0.0,0.013647522311657667,0.03411052478477358,0.0,0.013647522311657667,0.03411052478477358,0.0,0.013647522311657667,0.03411052478477358,2800,0.0,0.0,0.0,,0.0,0.04744172318540407,0.047632155555290656,0.019329896907216537,,0.07142857142857142,0.04744172318540407,0.04744326800222376,0.019329896907216537,,0.07142857142857142,1.0001983346604661,,
bookreview,query1,1,inf,0.6679608793929219,0.5176369035616517,24813.0,0.0,0.0,0.0,519.0,0.6679608793929219,0.5176369035616517,24813.0,0.0,0.0,0.0,519.0,0.6679608793929219,0.5176369035616517,24813.0,0.0,0.0,0.0,519.0,0.6679608793929219,0.5176369035616517,24813.0,0.0,0.0,0.0,519.0,0.4166382411494851,0.0,0.4166382411494851,0.0,0.4166382411494851,0.0,0.4166382411494851,0.0,0.0,0.0,0.0,0.0,0.0,0.0,0.0,0.0,0.2513226382434368,0.0,0.2513226382434368,0.0,0.2513226382434368,0.0,0.2513226382434368,0.0,0.0,0.0,0.0,0.0,0.0,0.0,0.0,0.0,0.0,0.0012777932306497002,0.0015410992464305257,0.0,0.0012777932306497002,0.0015410992464305257,0.0,0.0012777932306497002,0.0015410992464305257,0.0,0.0012777932306497002,0.0015410992464305257,519,0.0,0.0,0.0,,0.0,0.0,0.0,0.0,,0.0,0.0,0.0,0.0,,0.0,1.0,,
bookreview,query1,2,1,1.2778130313381553,0.9919651728123426,41199.0,0.0,0.0,0.0,991.0,1.2778130313381553,0.9919651728123426,41199.0,0.0,0.0,0.0,991.0,1.0740313211974502,0.8322046147659421,37852.0,0.0,166.0,0.0,991.0,1.0823313211974501,0.8322046147659421,37852.0,0.0,166.0,0.0,991.0,0.8172815665602684,0.0,0.8172815665602684,0.0,0.6900550776672363,0.0,0.6941050776672363,0.0,0.0,0.0,0.0,0.0,0.0,0.0,0.0,0.0,0.46053146477788687,0.0,0.46053146477788687,0.0,0.3839762435302138,0.0,0.38822624353021384,0.0,0.0,0.0,0.0,0.0,0.0,0.0,0.0,0.0,0.0,0.001300753451895471,0.0015884750370858793,0.0,0.001300753451895471,0.0015884750370858793,0.0,0.001101662715643551,0.00156336771567661,0.0,0.0011079323081200397,0.0015633833896578013,991,0.0,0.0,0.0,,0.0,0.16105460395697135,0.15947693844325583,0.08123983591834749,,0.16750756811301715,0.16105460395697135,0.15298146547777192,0.08123983591834749,,0.16750756811301715,1.0077278938110912,,
bookreview,query1,2,1/16,1.2952329330146313,1.0062971077859402,25380.0,0.0,0.0,0.0,1009.0,1.2952329330146313,1.0062971077859402,25380.0,0.0,0.0,1009.0,1009.0,1.2952329330146313,1.0062971077859402,25380.0,0.0,0.0,1009.0,1009.0,1.2952329330146313,1.0062971077859402,25380.0,0.0,0.0,1009.0,1009.0,0.820985515601933,0.0,0.820985515601933,0.0,0.820985515601933,0.0,0.820985515601933,0.0,0.0,0.0,0.0,0.0,0.0,0.0,0.0,0.0,0.47424741741269827,0.0,0.47424741741269827,0.0,0.47424741741269827,0.0,0.47424741741269827,0.0,0.0,0.0,0.0,0.0,0.0,0.0,0.0,0.0,0.0,0.00129928737681843,0.001563612259840002,0.0,0.00129928737681843,0.001563612259840002,0.0,0.00129928737681843,0.001563612259840002,0.0,0.00129928737681843,0.001563612259840002,1009,0.0,0.0,0.0,,0.0,0.0,0.0,0.0,,0.0,0.0,0.0,0.0,,0.0,1.0,,
bookreview,query1,2,1/4,1.324304766021669,1.0287581691518426,34850.0,0.0,0.0,0.0,1029.0,1.324304766021669,1.0287581691518426,34850.0,0.0,0.0,6.0,1029.0,1.1566641578429937,0.8974292539060116,32090.0,0.0,137.0,6.0,1029.0,1.1635141578429937,0.8974292539060116,32090.0,0.0,137.0,43.0,1029.0,0.837262187153101,0.0,0.837262187153101,0.0,0.7336064858433604,0.0,0.7369064858433604,0.0,0.0,0.0,0.0,0.0,0.0,0.0,0.0,0.0,0.48704257886856794,0.0,0.48704257886856794,0.0,0.4230576719996333,0.0,0.4266076719996333,0.0,0.0,0.0,0.0,0.0,0.0,0.0,0.0,0.0,0.0,0.0012918415390133502,0.0015831331435234067,0.0,0.0012918415390133502,0.0015831331435234067,0.0,0.0011366548069753869,0.0015634259048476367,0.0,0.001141594926735866,0.001563433389877577,1029,0.0,0.0,0.0,,0.0,0.12765771313787466,0.12658763487069724,0.07919655667144909,,0.13313896987366375,0.12765771313787466,0.12141510950059076,0.07919655667144909,,0.13313896987366375,1.0059222030470576,,
bookreview,query1,2,inf,1.3179517276585102,1.0231458591297269,42322.0,0.0,0.0,0.0,1023.0,1.3179517276585102,1.0231458591297269,42322.0,0.0,0.0,0.0,1023.0,1.102458568495214,0.8542907647788525,38767.0,0.0,176.0,0.0,1023.0,1.111258568495214,0.8542907647788525,38767.0,0.0,176.0,0.0,1023.0,0.8365844255313277,0.0,0.8365844255313277,0.0,0.7030910049572587,0.0,0.7073410049572587,0.0,0.0,0.0,0.0,0.0,0.0,0.0,0.0,0.0,0.4813673021271825,0.0,0.4813673021271825,0.0,0.3993675635379553,0.0,0.40391756353795527,0.0,0.0,0.0,0.0,0.0,0.0,0.0,0.0,0.0,0.0,0.0012859757416308283,0.0015760583026955524,0.0,0.0012859757416308283,0.0015760583026955524,0.0,0.0010909501196851243,0.0015515958831586816,0.0,0.0010970312007662054,0.0015515958831586816,1023,0.0,0.0,0.0,,0.0,0.16503521256930087,0.1635061092458554,0.08399886583809835,,0.17204301075268819,0.16503521256930087,0.15682908169217225,0.08399886583809835,,0.17204301075268819,1.007982159376757,,
bookreview,query1,4,1,2.5906883738934994,2.013681552372873,76057.0,0.0,0.0,0.0,2002.0,2.5906883738934994,2.013681552372873,76057.0,0.0,0.0,0.0,2002.0,1.707603443661332,1.3215032303705812,61549.0,0.0,720.0,0.0,2002.0,1.7436034436613321,1.3215032303705812,61549.0,0.0,720.0,0.0,2002.0,1.6609982689842582,0.0,1.6609982689842582,0.0,1.11126296107471,0.0,1.1287629610747099,0.0,0.0,0.0,0.0,0.0,0.0,0.0,0.0,0.0,0.9296901049092412,0.0,0.9296901049092412,0.0,0.5963404825866223,0.0,0.6148404825866223,0.0,0.0,0.0,0.0,0.0,0.0,0.0,0.0,0.0,0.0,0.0013290651781022256,0.0016293741221464163,0.0,0.0013290651781022256,0.0016293741221464163,0.0,0.0010039724495703084,0.0016145680147217957,0.0,0.001013616184214043,0.0016145864422402233,2002,0.0,0.0,0.0,,0.0,0.34373772813613246,0.3408688359167624,0.1907516730872898,,0.3596403596403596,0.34373772813613246,0.3269729152947478,0.1907516730872898,,0.3596403596403596,1.0210821781448338,,
bookreview,query1,4,1/16,2.5662049343809485,1.992695881985128,64382.0,0.0,0.0,0.0,1996.0,2.5662049343809485,1.992695881985128,64382.0,0.0,0.0,1996.0,1996.0,2.5662049343809485,1.992695881985128,64382.0,0.0,0.0,1996.0,1996.0,2.5662049343809485,1.992695881985128,64382.0,0.0,0.0,1996.0,1996.0,1.6205749418586493,0.0,1.6205749418586493,0.0,1.6205749418586493,0.0,1.6205749418586493,0.0,0.0,0.0,0.0,0.0,0.0,0.0,0.0,0.0,0.9456299925222993,0.0,0.9456299925222993,0.0,0.9456299925222993,0.0,0.9456299925222993,0.0,0.0,0.0,0.0,0.0,0.0,0.0,0.0,0.0,0.0,0.0012967320096681342,0.001599267580969347,0.0,0.0012967320096681342,0.001599267580969347,0.0,0.0012967320096681342,0.001599267580969347,0.0,0.0012967320096681342,0.001599267580969347,1996,0.0,0.0,0.0,,0.0,0.0,0.0,0.0,,0.0,0.0,0.0,0.0,,0.0,1.0,,
bookreview,query1,4,1/4,2.589921939186752,2.0120311994105577,76588.0,0.0,0.0,0.0,2007.0,2.589921939186752,2.0120311994105577,76588.0,0.0,0.0,18.0,2007.0,1.9993767142480612,1.549569790251553,66836.0,0.0,483.0,18.0,2007.0,2.0187769371831417,1.5456724343821406,66756.0,0.0,487.0,57.0,2007.0,1.6584928799420595,0.0,1.6584928799420595,0.0,1.2941002520391345,0.0,1.302660662752688,0.0,0.0,0.0,0.0,0.0,0.0,0.0,0.0,0.0,0.9314290592446923,0.0,0.9314290592446923,0.0,0.7052764622089267,0.0,0.7161162744304538,0.0,0.0,0.0,0.0,0.0,0.0,0.0,0.0,0.0,0.0,0.0013189657781301277,0.0016408202438955416,0.0,0.0013189657781301277,0.0016408202438955416,0.0,0.0010907430663618543,0.0016267262547202312,0.0,0.0010959950054179812,0.0016267577408663272,2007,0.0,0.0,0.0,,0.0,0.22984803083296468,0.2280166116219413,0.12733065232151253,,0.2406576980568012,0.23178505639725722,0.22052595229296856,0.12837520238157418,,0.24265072247135028,1.0097031353805561,,
bookreview,query1,4,inf,2.628360121510923,2.042658234015107,85801.0,0.0,0.0,0.0,2028.0,2.628360121510923,2.042658234015107,85801.0,0.0,0.0,0.0,2028.0,1.7539210666406155,1.3574058478698134,71445.0,0.0,714.0,0.0,2028.0,1.7896210666406154,1.3574058478698134,71445.0,0.0,714.0,0.0,2028.0,1.6783156134188175,0.0,1.6783156134188175,0.0,1.136483672620356,0.0,1.1537336726203562,0.0,0.0,0.0,0.0,0.0,0.0,0.0,0.0,0.0,0.9500445080921054,0.0,0.9500445080921054,0.0,0.6174373940202594,0.0,0.6358873940202594,0.0,0.0,0.0,0.0,0.0,0.0,0.0,0.0,0.0,0.0,0.0013230386585928499,0.001633185853715986,0.0,0.0013230386585928499,0.001633185853715986,0.0,0.000997202992227301,0.0016166332309008387,0.0,0.001006827992227301,0.0016166832309008389,2028,0.0,0.0,0.0,,0.0,0.33547089509846306,0.33269377651629894,0.16731739723313244,,0.3520710059171598,0.33547089509846306,0.3191111628904776,0.16731739723313244,,0.3520710059171598,1.0203543937518111,,
bookreview,query1,8,1,5.228104985319078,4.062522700987756,145833.0,0.0,0.0,0.0,4050.0,5.228104985319078,4.062522700987756,145833.0,0.0,0.0,0.0,4050.0,2.6525187474837897,2.044045771472156,103313.0,0.0,2103.0,0.0,4050.0,2.75766874748379,2.044045771472156,103313.0,0.0,2103.0,0.0,4050.0,3.3327242815867066,0.0,3.3327242815867066,0.0,1.7384956134736538,0.0,1.7892456134736539,0.0,0.0,0.0,0.0,0.0,0.0,0.0,0.0,0.0,1.8953807037323713,0.0,1.8953807037323713,0.0,0.9140231340101361,0.0,0.9684231340101362,0.0,0.0,0.0,0.0,0.0,0.0,0.0,0.0,0.0,0.0,0.0013113686534911712,0.0016909833344172186,0.0,0.0013113686534911712,0.0016909833344172186,0.0,0.0008250902040461614,0.0016881250213080885,0.0,0.0008442266646005324,0.0016881676652313294,4050,0.0,0.0,0.0,,0.0,0.496853083190115,0.4926424096432136,0.291566380723156,,0.5192592592592593,0.496853083190115,0.4725299596646324,0.291566380723156,,0.5192592592592593,1.0396415671330304,,
bookreview,query1,8,1/16,5.22566220536828,4.060630311258137,158338.0,0.0,0.0,0.0,4041.0,5.22566220536828,4.060630311258137,158338.0,0.0,0.0,4041.0,4041.0,5.22566220536828,4.060630311258137,158338.0,0.0,0.0,4041.0,4041.0,5.22566220536828,4.060630311258137,158338.0,0.0,0.0,4041.0,4041.0,3.3309456538408995,0.0,3.3309456538408995,0.0,3.3309456538408995,0.0,3.3309456538408995,0.0,0.0,0.0,0.0,0.0,0.0,0.0,0.0,0.0,1.894716551527381,0.0,1.894716551527381,0.0,1.894716551527381,0.0,1.894716551527381,0.0,0.0,0.0,0.0,0.0,0.0,0.0,0.0,0.0,0.0,0.0013102097802591805,0.0016979693142487617,0.0,0.0013102097802591805,0.0016979693142487617,0.0,0.0013102097802591805,0.0016979693142487617,0.0,0.0013102097802591805,0.0016979693142487617,4041,0.0,0.0,0.0,,0.0,0.0,0.0,0.0,,0.0,0.0,0.0,0.0,,0.0,1.0,,
bookreview,query1,8,1/4,5.226895189844072,4.065136539749801,150442.0,0.0,0.0,0.0,4033.0,5.226895189844072,4.065136539749801,150442.0,0.0,0.0,34.0,4033.0,3.7803493336614964,2.931757751852274,126527.0,0.0,1181.0,34.0,4033.0,3.813127224265337,2.9103778330609202,126055.0,0.0,1204.0,120.0,4033.0,3.3531131874769926,0.0,3.3531131874769926,0.0,2.4577472925126553,0.0,2.4710493460804224,0.0,0.0,0.0,0.0,0.0,0.0,0.0,0.0,0.0,1.8737820023670793,0.0,1.8737820023670793,0.0,1.3226020411488415,0.0,1.3420778781849145,0.0,0.0,0.0,0.0,0.0,0.0,0.0,0.0,0.0,0.0,0.0013200130862275634,0.0016866605142150971,0.0,0.0013200130862275634,0.0016866605142150971,0.0,0.0011166909090571683,0.0016849502774031531,0.0,0.0011213964207404815,0.0016849712417637403,4033,0.0,0.0,0.0,,0.0,0.2788046051627294,0.2767504997982806,0.15896491671208834,,0.29283411852219193,0.2840639411240916,0.2704794938926086,0.16210233844272215,,0.29853706917927103,1.0086705983259208,,
bookreview,query1,8,inf,5.179768699221313,4.022871686145663,148936.0,0.0,0.0,0.0,4016.0,5.179768699221313,4.022871686145663,148936.0,0.0,0.0,0.0,4016.0,2.586160980479419,1.9910302413627505,106155.0,0.0,2120.0,0.0,4016.0,2.6921609804794193,1.9910302413627505,106155.0,0.0,2120.0,0.0,4016.0,3.2762467535212636,0.0,3.2762467535212636,0.0,1.6757120763632656,0.0,1.7266620763632656,0.0,0.0,0.0,0.0,0.0,0.0,0.0,0.0,0.0,1.9035219457000494,0.0,1.9035219457000494,0.0,0.9104489041161538,0.0,0.9654989041161538,0.0,0.0,0.0,0.0,0.0,0.0,0.0,0.0,0.0,0.0,0.0013106291657701756,0.0016804870552732608,0.0,0.0013106291657701756,0.0016804870552732608,0.0,0.0008285019559872647,0.0016762466720468675,0.0,0.0008481373726539314,0.0016762935470468676,4016,0.0,0.0,0.0,,0.0,0.5050723968602717,0.5007188292272196,0.2872441854219262,,0.5278884462151394,0.5050723968602717,0.48025459498140555,0.2872441854219262,,0.5278884462151394,1.0409873943656633,,
bookreview,query1,16,inf,10.388259052298963,8.067514112219214,319136.0,0.0,0.0,0.0,8049.0,10.388259052298963,8.067514112219214,319136.0,0.0,0.0,0.0,8049.0,4.085505586964784,3.1317779729142785,214567.0,0.0,5162.0,0.0,8049.0,4.343605586964787,3.1317779729142785,214567.0,0.0,5162.0,0.0,8049.0,6.583238483406603,0.0,6.583238483406603,0.0,2.720640133977234,0.0,2.843590133977234,0.0,0.0,0.0,0.0,0.0,0.0,0.0,0.0,0.0,3.8050205688923597,0.0,3.8050205688923597,0.0,1.364865452987552,0.0,1.5000154529875518,0.0,0.0,0.0,0.0,0.0,0.0,0.0,0.0,0.0,0.0,0.0012985932547771226,0.0017561958635367054,0.0,0.0012985932547771226,0.0017561958635367054,0.0,0.0008245708200464958,0.0017472313206165532,0.0,0.0008435634263311538,0.0017472451838328193,8049,0.0,0.0,0.0,,0.0,0.6118038432469766,0.6067189346745598,0.3276628145994185,,0.6413219033420301,0.6118038432469766,0.5818735781330434,0.3276628145994185,,0.6413219033420301,1.0631745556348025,,
bookreview,query1,50,inf,32.56091829389334,25.303516536951065,927600.0,0.0,0.0,0.0,25200.0,32.56091829389334,25.303516536951065,927600.0,0.0,0.0,0.0,25200.0,8.700752626180636,6.633530557155609,528800.0,0.0,19600.0,0.0,25200.0,9.68075262618066,6.633530557155609,528800.0,0.0,19600.0,0.0,25200.0,20.694073848426342,0.0,20.694073848426342,0.0,6.24013030493259,0.0,6.700130304932597,0.0,0.0,0.0,0.0,0.0,0.0,0.0,0.0,0.0,11.866844445466995,0.0,11.866844445466995,0.0,2.460622321248055,0.0,2.9806223212480547,0.0,0.0,0.0,0.0,0.0,0.0,0.0,0.0,0.0,0.0,0.0012977089112003644,0.0018569439960022768,0.0,0.0012977089112003644,0.0018569439960022768,0.0,0.0007495494672656059,0.0018558975930015246,0.0,0.0007662161339322726,0.0018558975930015246,25200,0.0,0.0,0.0,,0.0,0.7378415546523514,0.7327854040341232,0.4299266925398879,,0.7777777777777778,0.7378415546523514,0.7026879727775908,0.4299266925398879,,0.7777777777777778,1.1126339343393348,,
bookreview,query2,1,inf,0.18709456082433462,0.14029631484299898,31634.0,0.0,0.0,0.0,146.0,0.18709456082433462,0.14029631484299898,31634.0,0.0,0.0,0.0,146.0,0.18709456082433462,0.14029631484299898,31634.0,0.0,0.0,0.0,146.0,0.18709456082433462,0.14029631484299898,31634.0,0.0,0.0,0.0,146.0,0.09101320989429951,0.0,0.09101320989429951,0.0,0.09101320989429951,0.0,0.09101320989429951,0.0,0.0,0.0,0.0,0.0,0.0,0.0,0.0,0.0,0.09608135093003511,0.0,0.09608135093003511,0.0,0.09608135093003511,0.0,0.09608135093003511,0.0,0.0,0.0,0.0,0.0,0.0,0.0,0.0,0.0,0.0,0.0012391153923717551,0.0013178557675363946,0.0,0.0012391153923717551,0.0013178557675363946,0.0,0.0012391153923717551,0.0013178557675363946,0.0,0.0012391153923717551,0.0013178557675363946,146,0.0,0.0,0.0,,0.0,0.0,0.0,0.0,,0.0,0.0,0.0,0.0,,0.0,1.0,,
bookreview,query2,2,1,0.38819465320557356,0.2944463901221752,48972.0,0.0,0.0,0.0,302.0,0.38819465320557356,0.2944463901221752,48972.0,0.0,0.0,0.0,302.0,0.3757134483799338,0.2845946867018938,48775.0,0.0,10.0,0.0,302.0,0.3762134483799338,0.2845946867018938,48775.0,0.0,10.0,0.0,302.0,0.20130445715039968,0.0,0.20130445715039968,0.0,0.19345065502673386,0.0,0.19370065502673386,0.0,0.0,0.0,0.0,0.0,0.0,0.0,0.0,0.0,0.18689019605517387,0.0,0.18689019605517387,0.0,0.18226279335319995,0.0,0.18251279335319995,0.0,0.0,0.0,0.0,0.0,0.0,0.0,0.0,0.0,0.0,0.0012417807483510806,0.0013536645383066914,0.0,0.0012417807483510806,0.0013536645383066914,0.0,0.001219355117054564,0.0013512015906745696,0.0,0.0012198501665595144,0.0013512263431498174,302,0.0,0.0,0.0,,0.0,0.03345839429783337,0.0321519235841462,0.004022706852895519,,0.033112582781456956,0.03345839429783337,0.030863909965537117,0.004022706852895519,,0.033112582781456956,1.0013308014449736,,
bookreview,query2,2,1/16,0.4223605031147599,0.32696114107966423,33513.0,0.0,0.0,0.0,317.0,0.4223605031147599,0.32696114107966423,33513.0,0.0,0.0,29.0,317.0,0.41893233313173056,0.32432151678949594,33450.0,0.0,3.0,29.0,317.0,0.41542320099294183,0.32132741063833237,33391.0,0.0,6.0,96.0,317.0,0.24738554190844297,0.0,0.24738554190844297,0.0,0.2458147814837098,0.0,0.24394771070718765,0.0,0.0,0.0,0.0,0.0,0.0,0.0,0.0,0.0,0.17497496120631695,0.0,0.17497496120631695,0.0,0.17311755164802076,0.0,0.1714754902857542,0.0,0.0,0.0,0.0,0.0,0.0,0.0,0.0,0.0,0.0,0.0012646721016689396,0.0014033485323854604,0.0,0.0012646721016689396,0.0014033485323854604,0.0,0.0012561865324040155,0.001402499975458968,0.0,0.0012561021261632739,0.0014024033519575501,317,0.0,0.0,0.0,,0.0,0.00807320491191077,0.008116691683402677,0.0018798675140989651,,0.00946372239747634,0.017230581049260563,0.01642507306118335,0.0036403783606361317,,0.01892744479495268,0.9916236302112177,,
bookreview,query2,2,1/4,0.3900597058236599,0.3005724297836423,38797.0,0.0,0.0,0.0,293.0,0.3900597058236599,0.3005724297836423,38797.0,0.0,0.0,13.0,293.0,0.3801216917967796,0.29274951852858067,38632.0,0.0,8.0,13.0,293.0,0.38052169179677964,0.29274951852858067,38632.0,0.0,8.0,13.0,293.0,0.22967177163809538,0.0,0.22967177163809538,0.0,0.22338872993916273,0.0,0.22358872993916273,0.0,0.0,0.0,0.0,0.0,0.0,0.0,0.0,0.0,0.16038793418556452,0.0,0.16038793418556452,0.0,0.1567329618576169,0.0,0.1569329618576169,0.0,0.0,0.0,0.0,0.0,0.0,0.0,0.0,0.0,0.0,0.0012923929374665023,0.0014196422071147121,0.0,0.0012923929374665023,0.0014196422071147121,0.0,0.0012715675455920005,0.0014173253644035836,0.0,0.0012722254403288427,0.001417364838087794,293,0.0,0.0,0.0,,0.0,0.02602670930495088,0.025478186745526377,0.004252906152537594,,0.027303754266211604,0.02602670930495088,0.024452702713138597,0.004252906152537594,,0.027303754266211604,1.0010522945904752,,
bookreview,query2,2,inf,0.3725167717784643,0.2851827144622803,38169.0,0.0,0.0,0.0,286.0,0.3725167717784643,0.2851827144622803,38169.0,0.0,0.0,0.0,286.0,0.3691039499914646,0.28255914989858866,38112.0,0.0,3.0,0.0,286.0,0.3692539499914646,0.28255914989858866,38112.0,0.0,3.0,0.0,286.0,0.20563614461570978,0.0,0.20563614461570978,0.0,0.2040653841909766,0.0,0.2041153841909766,0.0,0.0,0.0,0.0,0.0,0.0,0.0,0.0,0.0,0.16688062716275454,0.0,0.16688062716275454,0.0,0.165038565800488,0.0,0.165138565800488,0.0,0.0,0.0,0.0,0.0,0.0,0.0,0.0,0.0,0.0,0.0012490827821851395,0.0013612935831046474,0.0,0.0012490827821851395,0.0013612935831046474,0.0,0.0012425697241484192,0.0013605269465509781,0.0,0.001242828791505932,0.0013605398999188539,286,0.0,0.0,0.0,,0.0,0.009199591807793839,0.009161525186386243,0.0014933584846341663,,0.01048951048951049,0.009199591807793839,0.008758858752647258,0.0014933584846341663,,0.01048951048951049,1.0004063895821311,,
bookreview,query2,4,1,0.7508715130388737,0.5741765629500151,81614.0,0.0,0.0,0.0,576.0,0.7508715130388737,0.5741765629500151,81614.0,0.0,0.0,0.0,576.0,0.717718738066852,0.5491465730592608,81024.0,0.0,31.0,0.0,576.0,0.7192687380668521,0.5491465730592608,81024.0,0.0,31.0,0.0,576.0,0.41036984138190746,0.0,0.41036984138190746,0.0,0.4005489684817195,0.0,0.40084896848171947,0.0,0.0,0.0,0.0,0.0,0.0,0.0,0.0,0.0,0.3405016716569662,0.0,0.3405016716569662,0.0,0.3171697695851326,0.0,0.3184197695851326,0.0,0.0,0.0,0.0,0.0,0.0,0.0,0.0,0.0,0.0,0.001247066981962015,0.0014377296699917522,0.0,0.001247066981962015,0.0014377296699917522,0.0,0.0012187192032614659,0.0014344006901592017,0.0,0.0012200123067097417,0.001434521379814374,576,0.0,0.0,0.0,,0.0,0.0435928449641948,0.044152394113139426,0.0072291518612003225,,0.05381944444444445,0.0435928449641948,0.04208812616171986,0.0072291518612003225,,0.05381944444444445,1.0021596203607208,,
bookreview,query2,4,1/16,0.7357193063944578,0.5566664421930909,96275.0,0.0,0.0,0.0,575.0,0.7357193063944578,0.5566664421930909,96275.0,0.0,0.0,75.0,575.0,0.7216066685944795,0.5464514223858714,95999.0,0.0,15.0,75.0,575.0,0.717174983100295,0.542553368024528,95893.0,0.0,21.0,175.0,575.0,0.3716877559199929,0.0,0.3716877559199929,0.0,0.3716877559199929,0.0,0.3716877559199929,0.0,0.0,0.0,0.0,0.0,0.0,0.0,0.0,0.0,0.3640315504744649,0.0,0.3640315504744649,0.0,0.34991891267448666,0.0,0.3454872271803021,0.0,0.0,0.0,0.0,0.0,0.0,0.0,0.0,0.0,0.0,0.0012193892825523326,0.001405295131663824,0.0,0.0012193892825523326,0.001405295131663824,0.0,0.0012126208417019967,0.0014046437703307331,0.0,0.0012128889475767981,0.0014046782530893539,575,0.0,0.0,0.0,,0.0,0.018350342382730145,0.01918209523294989,0.002866787847312424,,0.02608695652173913,0.025352838071146855,0.025205704312753485,0.003967800571280211,,0.036521739130434785,0.9938585857267417,,
bookreview,query2,4,1/4,0.8290416188538074,0.6403605127707124,74666.0,0.0,0.0,0.0,621.0,0.8290416188538074,0.6403605127707124,74666.0,0.0,0.0,32.0,621.0,0.7868192636191845,0.6073873955756426,73976.0,0.0,35.0,32.0,621.0,0.7885692636191844,0.6073873955756426,73976.0,0.0,35.0,32.0,621.0,0.48747286200523376,0.0,0.48747286200523376,0.0,0.4646895953553915,0.0,0.4653895953553915,0.0,0.0,0.0,0.0,0.0,0.0,0.0,0.0,0.0,0.3415687568485737,0.0,0.3415687568485737,0.0,0.32212966826379297,0.0,0.323179668263793,0.0,0.0,0.0,0.0,0.0,0.0,0.0,0.0,0.0,0.0,0.0012561706667162046,0.0014509996038515108,0.0,0.0012561706667162046,0.0014509996038515108,0.0,0.0012276486265669505,0.0014468044652094106,0.0,0.0012282458961915238,0.001446830062479035,621,0.0,0.0,0.0,,0.0,0.0514914903987469,0.050929114141455845,0.00924115393887448,,0.05636070853462158,0.0514914903987469,0.04881824303414117,0.00924115393887448,,0.05636070853462158,1.0022241448334022,,
bookreview,query2,4,inf,0.7741720573976636,0.5882255807518959,81744.0,0.0,0.0,0.0,609.0,0.7741720573976636,0.5882255807518959,81744.0,0.0,0.0,0.0,609.0,0.7434578097876906,0.5643095057457685,81237.0,0.0,26.0,0.0,609.0,0.7447578097876907,0.5643095057457685,81237.0,0.0,26.0,0.0,609.0,0.3956234510987997,0.0,0.3956234510987997,0.0,0.37991584685146806,0.0,0.38041584685146806,0.0,0.0,0.0,0.0,0.0,0.0,0.0,0.0,0.0,0.3785486062988639,0.0,0.3785486062988639,0.0,0.36354196293622254,0.0,0.36434196293622256,0.0,0.0,0.0,0.0,0.0,0.0,0.0,0.0,0.0,0.0,0.0012078216311791014,0.001399772863469993,0.0,0.0012078216311791014,0.001399772863469993,0.0,0.0011792473919754014,0.0013966491080825015,0.0,0.0011798287873242385,0.001396698941969545,609,0.0,0.0,0.0,,0.0,0.040657998884640056,0.039673671138709454,0.006202290076335881,,0.042692939244663386,0.040657998884640056,0.03799445785843425,0.006202290076335881,,0.042692939244663386,1.0017485861105841,,
bookreview,query2,8,1,1.5408455384895205,1.1816763002425432,150552.0,0.0,0.0,0.0,1180.0,1.5408455384895205,1.1816763002425432,150552.0,0.0,0.0,0.0,1180.0,1.4016404875773192,1.075015221722424,148126.0,0.0,124.0,0.0,1180.0,1.4078404875773192,1.075015221722424,148126.0,0.0,124.0,0.0,1180.0,0.8509816424921155,0.0,0.8509816424921155,0.0,0.7948160965710879,0.0,0.7965660965710878,0.0,0.0,0.0,0.0,0.0,0.0,0.0,0.0,0.0,0.689863895997405,0.0,0.689863895997405,0.0,0.6068243910062313,0.0,0.6112743910062313,0.0,0.0,0.0,0.0,0.0,0.0,0.0,0.0,0.0,0.0,0.0012235495330552098,0.0015434418684075195,0.0,0.0012235495330552098,0.0015434418684075195,0.0,0.0011874439523067793,0.0015401103401509381,0.0,0.001188195318426998,0.0015401513237574954,1180,0.0,0.0,0.0,,0.0,0.09026251816866149,0.09034328713354556,0.01611403368935649,,0.10508474576271186,0.09026251816866149,0.08631952235951257,0.01611403368935649,,0.10508474576271186,1.0044233882047147,,
bookreview,query2,8,1/16,1.5603827722370625,1.2004604199901223,140013.0,0.0,0.0,0.0,1188.0,1.5603827722370625,1.2004604199901223,140013.0,0.0,0.0,126.0,1188.0,1.517434696163237,1.1679776022210717,139235.0,0.0,40.0,126.0,1188.0,1.5110526328599454,1.1623920369893312,139026.0,0.0,53.0,359.0,1188.0,0.8787966249510646,0.0,0.8787966249510646,0.0,0.8658342312014103,0.0,0.8734417229732871,0.0,0.0,0.0,0.0,0.0,0.0,0.0,0.0,0.0,0.6815861472859979,0.0,0.6815861472859979,0.0,0.6516004649618268,0.0,0.6376109098866581,0.0,0.0,0.0,0.0,0.0,0.0,0.0,0.0,0.0,0.0,0.0012299493688431398,0.001552589670549152,0.0,0.0012299493688431398,0.001552589670549152,0.0,0.001214739906035405,0.0015515808529132226,0.0,0.001216250243155255,0.0015514550466231632,1188,0.0,0.0,0.0,,0.0,0.02705863286131327,0.027524064503898882,0.005556626884646421,,0.03367003367003367,0.03171148533252288,0.031614127158296035,0.007049345417925457,,0.04461279461279461,0.995794175973814,,
bookreview,query2,8,1/4,1.4472258910536766,1.1085151117295027,141391.0,0.0,0.0,0.0,1113.0,1.4472258910536766,1.1085151117295027,141391.0,0.0,0.0,58.0,1113.0,1.3227389602273703,1.0115473987534642,139340.0,0.0,105.0,58.0,1113.0,1.3279889602273702,1.0115473987534642,139340.0,0.0,105.0,58.0,1113.0,0.7977504627779126,0.0,0.7977504627779126,0.0,0.7341274250850082,0.0,0.7361274250850082,0.0,0.0,0.0,0.0,0.0,0.0,0.0,0.0,0.0,0.649475428275764,0.0,0.649475428275764,0.0,0.5886115351423621,0.0,0.5918615351423622,0.0,0.0,0.0,0.0,0.0,0.0,0.0,0.0,0.0,0.0,0.0012195755058360066,0.0015093429955587688,0.0,0.0012195755058360066,0.0015093429955587688,0.0,0.0011631271065604654,0.0015030712117496572,0.0,0.0011644932267790445,0.0015031805013671433,1113,0.0,0.0,0.0,,0.0,0.08747531896497984,0.08601762281607028,0.014505873782631129,,0.09433962264150944,0.08747531896497984,0.08238999285695059,0.014505873782631129,,0.09433962264150944,1.003969037094891,,
bookreview,query2,8,inf,1.563481092453003,1.1941080894321203,170390.0,0.0,0.0,0.0,1204.0,1.563481092453003,1.1941080894321203,170390.0,0.0,0.0,0.0,1204.0,1.3823358453637362,1.0532667776569724,167366.0,0.0,153.0,0.0,1204.0,1.3899858453637361,1.0532667776569724,167366.0,0.0,153.0,0.0,1204.0,0.8448729384690523,0.0,0.8448729384690523,0.0,0.7529617321485281,0.0,0.7558117321485281,0.0,0.0,0.0,0.0,0.0,0.0,0.0,0.0,0.0,0.7186081539839506,0.0,0.7186081539839506,0.0,0.6293741132152081,0.0,0.634174113215208,0.0,0.0,0.0,0.0,0.0,0.0,0.0,0.0,0.0,0.0,0.0012140387113898355,0.001538263868670014,0.0,0.0012140387113898355,0.001538263868670014,0.0,0.0011585774182918715,0.001528203499122737,0.0,0.001159513247168877,0.00152823692158263,1204,0.0,0.0,0.0,,0.0,0.11794687015488481,0.11586020960769106,0.017747520394389316,,0.1270764119601329,0.11794687015488481,0.11096728187295424,0.017747520394389316,,0.1270764119601329,1.0055341109945586,,
bookreview,query2,16,inf,3.061298066750169,2.347290084697306,302009.0,0.0,0.0,0.0,2343.0,3.061298066750169,2.347290084697306,302009.0,0.0,0.0,0.0,2343.0,2.4852044238489865,1.9029144970700145,292237.0,0.0,501.0,0.0,2343.0,2.510254423848987,1.9029144970700145,292237.0,0.0,501.0,0.0,2343.0,1.697013832628727,0.0,1.697013832628727,0.0,1.4409074784851075,0.0,1.4488074784851075,0.0,0.0,0.0,0.0,0.0,0.0,0.0,0.0,0.0,1.3642842341214418,0.0,1.3642842341214418,0.0,1.0442969453638793,0.0,1.0614469453638793,0.0,0.0,0.0,0.0,0.0,0.0,0.0,0.0,0.0,0.0,0.001190261591591823,0.001663059937258624,0.0,0.001190261591591823,0.001663059937258624,0.0,0.0010749759662905779,0.0016575528680788402,0.0,0.0010765502735953637,0.0016575843542249362,2343,0.0,0.0,0.0,,0.0,0.18931430355553858,0.18818606693622464,0.03235665162296486,,0.21382842509603073,0.18931430355553858,0.1800032636110348,0.03235665162296486,,0.21382842509603073,1.0100796537136385,,
bookreview,query2,50,inf,9.62552186101675,7.363305240869522,996600.0,0.0,0.0,0.0,7400.0,9.62552186101675,7.363305240869522,996600.0,0.0,0.0,0.0,7400.0,6.115006384849546,4.645287431776524,937000.0,0.0,3000.0,0.0,7400.0,6.26500638484955,4.645287431776524,937000.0,0.0,3000.0,0.0,7400.0,5.247061885893345,0.0,5.247061885893345,0.0,3.597039390802383,0.0,3.6470393908023837,0.0,0.0,0.0,0.0,0.0,0.0,0.0,0.0,0.0,4.3784599751234055,0.0,4.3784599751234055,0.0,2.517966994047165,0.0,2.6179669940471646,0.0,0.0,0.0,0.0,0.0,0.0,0.0,0.0,0.0,0.0,0.0011333932634443045,0.0018510641530156136,0.0,0.0011333932634443045,0.0018510641530156136,0.0,0.0007255791771411896,0.0018285491969436407,0.0,0.0007380791771411896,0.0018285491969436407,7400,0.0,0.0,0.0,,0.0,0.36913012841119586,0.36470910635866405,0.05980333132651017,,0.40540540540540543,0.36913012841119586,0.3491255357049521,0.05980333132651017,,0.40540540540540543,1.0245298190320196,,
bookreview,query3,1,inf,0.03512987494468689,0.027351176366209984,1303.0,0.0,0.0,0.0,27.0,0.03512987494468689,0.027351176366209984,1303.0,0.0,0.0,0.0,27.0,0.03512987494468689,0.027351176366209984,1303.0,0.0,0.0,0.0,27.0,0.03512987494468689,0.027351176366209984,1303.0,0.0,0.0,0.0,27.0,0.020587384700775146,0.0,0.020587384700775146,0.0,0.020587384700775146,0.0,0.020587384700775146,0.0,0.0,0.0,0.0,0.0,0.0,0.0,0.0,0.0,0.014542490243911743,0.0,0.014542490243911743,0.0,0.014542490243911743,0.0,0.014542490243911743,0.0,0.0,0.0,0.0,0.0,0.0,0.0,0.0,0.0,0.0,0.0013039014115929603,0.0013278083093464373,0.0,0.0013039014115929603,0.0013278083093464373,0.0,0.0013039014115929603,0.0013278083093464373,0.0,0.0013039014115929603,0.0013278083093464373,27,0.0,0.0,0.0,,0.0,0.0,0.0,0.0,,0.0,0.0,0.0,0.0,,0.0,1.0,,
bookreview,query3,2,1,0.10490910615772009,0.08202594704926014,5095.0,0.0,0.0,0.0,79.0,0.10490910615772009,0.08202594704926014,5095.0,0.0,0.0,9.0,79.0,0.10490910615772009,0.08202594704926014,5095.0,0.0,0.0,9.0,79.0,0.10490910615772009,0.08202594704926014,5095.0,0.0,0.0,9.0,79.0,0.06680510006844997,0.0,0.06680510006844997,0.0,0.06680510006844997,0.0,0.06680510006844997,0.0,0.0,0.0,0.0,0.0,0.0,0.0,0.0,0.0,0.038104006089270115,0.0,0.038104006089270115,0.0,0.038104006089270115,0.0,0.038104006089270115,0.0,0.0,0.0,0.0,0.0,0.0,0.0,0.0,0.0,0.0,0.001336923659971309,0.0014076021758632528,0.0,0.001336923659971309,0.0014076021758632528,0.0,0.001336923659971309,0.0014076021758632528,0.0,0.001336923659971309,0.0014076021758632528,79,0.0,0.0,0.0,,0.0,0.0,0.0,0.0,,0.0,0.0,0.0,0.0,,0.0,1.0,,
bookreview,query3,2,1/16,0.09304443653672934,0.07197216991335154,4092.0,0.0,0.0,0.0,73.0,0.09304443653672934,0.07197216991335154,4092.0,0.0,0.0,73.0,73.0,0.09304443653672934,0.07197216991335154,4092.0,0.0,0.0,73.0,73.0,0.09304443653672934,0.07197216991335154,4092.0,0.0,0.0,73.0,73.0,0.050793482922017574,0.0,0.050793482922017574,0.0,0.050793482922017574,0.0,0.050793482922017574,0.0,0.0,0.0,0.0,0.0,0.0,0.0,0.0,0.0,0.04225095361471176,0.0,0.04225095361471176,0.0,0.04225095361471176,0.0,0.04225095361471176,0.0,0.0,0.0,0.0,0.0,0.0,0.0,0.0,0.0,0.0,0.0012847920224885456,0.001318218626693124,0.0,0.0012847920224885456,0.001318218626693124,0.0,0.0012847920224885456,0.001318218626693124,0.0,0.0012847920224885456,0.001318218626693124,73,0.0,0.0,0.0,,0.0,0.0,0.0,0.0,,0.0,0.0,0.0,0.0,,0.0,1.0,,
bookreview,query3,2,1/4,0.08009174838662148,0.061698803678154945,3184.0,0.0,0.0,0.0,64.0,0.08009174838662148,0.061698803678154945,3184.0,0.0,0.0,64.0,64.0,0.08009174838662148,0.061698803678154945,3184.0,0.0,0.0,64.0,64.0,0.08009174838662148,0.061698803678154945,3184.0,0.0,0.0,64.0,64.0,0.04271459020674229,0.0,0.04271459020674229,0.0,0.04271459020674229,0.0,0.04271459020674229,0.0,0.0,0.0,0.0,0.0,0.0,0.0,0.0,0.0,0.03737715817987919,0.0,0.03737715817987919,0.0,0.03737715817987919,0.0,0.03737715817987919,0.0,0.0,0.0,0.0,0.0,0.0,0.0,0.0,0.0,0.0,0.0012494998559225024,0.0012855690013486567,0.0,0.0012494998559225024,0.0012855690013486567,0.0,0.0012494998559225024,0.0012855690013486567,0.0,0.0012494998559225024,0.0012855690013486567,64,0.0,0.0,0.0,,0.0,0.0,0.0,0.0,,0.0,0.0,0.0,0.0,,0.0,1.0,,
bookreview,query3,2,inf,0.09237642772495747,0.07125144358724356,4538.0,0.0,0.0,0.0,73.0,0.09237642772495747,0.07125144358724356,4538.0,0.0,0.0,0.0,73.0,0.09237642772495747,0.07125144358724356,4538.0,0.0,0.0,0.0,73.0,0.09237642772495747,0.07125144358724356,4538.0,0.0,0.0,0.0,73.0,0.05016531515866518,0.0,0.05016531515866518,0.0,0.05016531515866518,0.0,0.05016531515866518,0.0,0.0,0.0,0.0,0.0,0.0,0.0,0.0,0.0,0.042211112566292286,0.0,0.042211112566292286,0.0,0.042211112566292286,0.0,0.042211112566292286,0.0,0.0,0.0,0.0,0.0,0.0,0.0,0.0,0.0,0.0,0.0012757787092899282,0.0013306057228085896,0.0,0.0012757787092899282,0.0013306057228085896,0.0,0.0012757787092899282,0.0013306057228085896,0.0,0.0012757787092899282,0.0013306057228085896,73,0.0,0.0,0.0,,0.0,0.0,0.0,0.0,,0.0,0.0,0.0,0.0,,0.0,1.0,,
bookreview,query3,4,1,0.18814950808882713,0.14621255360543728,10508.0,0.0,0.0,0.0,144.0,0.18814950808882713,0.14621255360543728,10508.0,0.0,0.0,20.0,144.0,0.18814950808882713,0.14621255360543728,10508.0,0.0,0.0,20.0,144.0,0.18814950808882713,0.14621255360543728,10508.0,0.0,0.0,20.0,144.0,0.11134892143309116,0.0,0.11134892143309116,0.0,0.11134892143309116,0.0,0.11134892143309116,0.0,0.0,0.0,0.0,0.0,0.0,0.0,0.0,0.0,0.07680058665573597,0.0,0.07680058665573597,0.0,0.07680058665573597,0.0,0.07680058665573597,0.0,0.0,0.0,0.0,0.0,0.0,0.0,0.0,0.0,0.0,0.0013074684605674178,0.001346465969290279,0.0,0.0013074684605674178,0.001346465969290279,0.0,0.0013074684605674178,0.001346465969290279,0.0,0.0013074684605674178,0.001346465969290279,144,0.0,0.0,0.0,,0.0,0.0,0.0,0.0,,0.0,0.0,0.0,0.0,,0.0,1.0,,
bookreview,query3,4,1/16,0.18880583252757788,0.14674116112291813,9733.0,0.0,0.0,0.0,145.0,0.18880583252757788,0.14674116112291813,9733.0,0.0,0.0,145.0,145.0,0.18880583252757788,0.14674116112291813,9733.0,0.0,0.0,145.0,145.0,0.18880583252757788,0.14674116112291813,9733.0,0.0,0.0,145.0,145.0,0.10987683944404125,0.0,0.10987683944404125,0.0,0.10987683944404125,0.0,0.10987683944404125,0.0,0.0,0.0,0.0,0.0,0.0,0.0,0.0,0.0,0.07892899308353662,0.0,0.07892899308353662,0.0,0.07892899308353662,0.0,0.07892899308353662,0.0,0.0,0.0,0.0,0.0,0.0,0.0,0.0,0.0,0.0,0.001311473648471773,0.0013664201825610862,0.0,0.001311473648471773,0.0013664201825610862,0.0,0.001311473648471773,0.0013664201825610862,0.0,0.001311473648471773,0.0013664201825610862,145,0.0,0.0,0.0,,0.0,0.0,0.0,0.0,,0.0,0.0,0.0,0.0,,0.0,1.0,,
bookreview,query3,4,1/4,0.1980215199291706,0.15392324700951576,10302.0,0.0,0.0,0.0,152.0,0.1980215199291706,0.15392324700951576,10302.0,0.0,0.0,152.0,152.0,0.1980215199291706,0.15392324700951576,10302.0,0.0,0.0,152.0,152.0,0.1980215199291706,0.15392324700951576,10302.0,0.0,0.0,152.0,152.0,0.11641368269920349,0.0,0.11641368269920349,0.0,0.11641368269920349,0.0,0.11641368269920349,0.0,0.0,0.0,0.0,0.0,0.0,0.0,0.0,0.0,0.08160783722996712,0.0,0.08160783722996712,0.0,0.08160783722996712,0.0,0.08160783722996712,0.0,0.0,0.0,0.0,0.0,0.0,0.0,0.0,0.0,0.0,0.0013038279600441456,0.0013587597716599703,0.0,0.0013038279600441456,0.0013587597716599703,0.0,0.0013038279600441456,0.0013587597716599703,0.0,0.0013038279600441456,0.0013587597716599703,152,0.0,0.0,0.0,,0.0,0.0,0.0,0.0,,0.0,0.0,0.0,0.0,,0.0,1.0,,
bookreview,query3,4,inf,0.1849750094115734,0.14465386979281902,9275.0,0.0,0.0,0.0,139.0,0.1849750094115734,0.14465386979281902,9275.0,0.0,0.0,0.0,139.0,0.1849750094115734,0.14465386979281902,9275.0,0.0,0.0,0.0,139.0,0.1849750094115734,0.14465386979281902,9275.0,0.0,0.0,0.0,139.0,0.11492290161550045,0.0,0.11492290161550045,0.0,0.11492290161550045,0.0,0.11492290161550045,0.0,0.0,0.0,0.0,0.0,0.0,0.0,0.0,0.0,0.07005210779607296,0.0,0.07005210779607296,0.0,0.07005210779607296,0.0,0.07005210779607296,0.0,0.0,0.0,0.0,0.0,0.0,0.0,0.0,0.0,0.0,0.0013424177646058902,0.0013913724182077266,0.0,0.0013424177646058902,0.0013913724182077266,0.0,0.0013424177646058902,0.0013913724182077266,0.0,0.0013424177646058902,0.0013913724182077266,139,0.0,0.0,0.0,,0.0,0.0,0.0,0.0,,0.0,0.0,0.0,0.0,,0.0,1.0,,
bookreview,query3,8,1,0.38092028070241213,0.295339317061007,17123.0,0.0,0.0,0.0,296.0,0.38092028070241213,0.295339317061007,17123.0,0.0,0.0,29.0,296.0,0.38092028070241213,0.295339317061007,17123.0,0.0,0.0,29.0,296.0,0.38092028070241213,0.295339317061007,17123.0,0.0,0.0,29.0,296.0,0.22005839925259352,0.0,0.22005839925259352,0.0,0.22005839925259352,0.0,0.22005839925259352,0.0,0.0,0.0,0.0,0.0,0.0,0.0,0.0,0.0,0.1608618814498186,0.0,0.1608618814498186,0.0,0.1608618814498186,0.0,0.1608618814498186,0.0,0.0,0.0,0.0,0.0,0.0,0.0,0.0,0.0,0.0,0.0012849631408850353,0.0013936923857887878,0.0,0.0012849631408850353,0.0013936923857887878,0.0,0.0012849631408850353,0.0013936923857887878,0.0,0.0012849631408850353,0.0013936923857887878,296,0.0,0.0,0.0,,0.0,0.0,0.0,0.0,,0.0,0.0,0.0,0.0,,0.0,1.0,,
bookreview,query3,8,1/16,0.3630568152293563,0.28231844771653414,19231.0,0.0,0.0,0.0,278.0,0.3630568152293563,0.28231844771653414,19231.0,0.0,0.0,278.0,278.0,0.3630568152293563,0.28231844771653414,19231.0,0.0,0.0,278.0,278.0,0.3630568152293563,0.28231844771653414,19231.0,0.0,0.0,278.0,278.0,0.213195844553411,0.0,0.213195844553411,0.0,0.213195844553411,0.0,0.213195844553411,0.0,0.0,0.0,0.0,0.0,0.0,0.0,0.0,0.0,0.14986097067594528,0.0,0.14986097067594528,0.0,0.14986097067594528,0.0,0.14986097067594528,0.0,0.0,0.0,0.0,0.0,0.0,0.0,0.0,0.0,0.0,0.001302772710417829,0.0013830581016656828,0.0,0.001302772710417829,0.0013830581016656828,0.0,0.001302772710417829,0.0013830581016656828,0.0,0.001302772710417829,0.0013830581016656828,278,0.0,0.0,0.0,,0.0,0.0,0.0,0.0,,0.0,0.0,0.0,0.0,,0.0,1.0,,
bookreview,query3,8,1/4,0.4058903222903609,0.31554611399769783,17403.0,0.0,0.0,0.0,313.0,0.4058903222903609,0.31554611399769783,17403.0,0.0,0.0,313.0,313.0,0.4058903222903609,0.31554611399769783,17403.0,0.0,0.0,313.0,313.0,0.4058903222903609,0.31554611399769783,17403.0,0.0,0.0,313.0,313.0,0.23773113638162613,0.0,0.23773113638162613,0.0,0.23773113638162613,0.0,0.23773113638162613,0.0,0.0,0.0,0.0,0.0,0.0,0.0,0.0,0.0,0.1681591859087348,0.0,0.1681591859087348,0.0,0.1681591859087348,0.0,0.1681591859087348,0.0,0.0,0.0,0.0,0.0,0.0,0.0,0.0,0.0,0.0,0.0013001779587145878,0.0013879891877551249,0.0,0.0013001779587145878,0.0013879891877551249,0.0,0.0013001779587145878,0.0013879891877551249,0.0,0.0013001779587145878,0.0013879891877551249,313,0.0,0.0,0.0,,0.0,0.0,0.0,0.0,,0.0,0.0,0.0,0.0,,0.0,1.0,,
bookreview,query3,8,inf,0.40333223156630993,0.3136905152350664,20077.0,0.0,0.0,0.0,309.0,0.40333223156630993,0.3136905152350664,20077.0,0.0,0.0,0.0,309.0,0.40333223156630993,0.3136905152350664,20077.0,0.0,0.0,0.0,309.0,0.40333223156630993,0.3136905152350664,20077.0,0.0,0.0,0.0,309.0,0.24133775010704994,0.0,0.24133775010704994,0.0,0.24133775010704994,0.0,0.24133775010704994,0.0,0.0,0.0,0.0,0.0,0.0,0.0,0.0,0.0,0.16199448145926,0.0,0.16199448145926,0.0,0.16199448145926,0.0,0.16199448145926,0.0,0.0,0.0,0.0,0.0,0.0,0.0,0.0,0.0,0.0,0.0012936667925766054,0.0013943548551497032,0.0,0.0012936667925766054,0.0013943548551497032,0.0,0.0012936667925766054,0.0013943548551497032,0.0,0.0012936667925766054,0.0013943548551497032,309,0.0,0.0,0.0,,0.0,0.0,0.0,0.0,,0.0,0.0,0.0,0.0,,0.0,1.0,,
bookreview,query3,16,inf,0.8241150109097362,0.6414854163303971,36537.0,0.0,0.0,0.0,632.0,0.8241150109097362,0.6414854163303971,36537.0,0.0,0.0,0.0,632.0,0.8241150109097362,0.6414854163303971,36537.0,0.0,0.0,0.0,632.0,0.8241150109097362,0.6414854163303971,36537.0,0.0,0.0,0.0,632.0,0.49142478685826063,0.0,0.49142478685826063,0.0,0.49142478685826063,0.0,0.49142478685826063,0.0,0.0,0.0,0.0,0.0,0.0,0.0,0.0,0.0,0.3326902240514755,0.0,0.3326902240514755,0.0,0.3326902240514755,0.0,0.3326902240514755,0.0,0.0,0.0,0.0,0.0,0.0,0.0,0.0,0.0,0.0,0.0012869357874770776,0.0014844556632437472,0.0,0.0012869357874770776,0.0014844556632437472,0.0,0.0012869357874770776,0.0014844556632437472,0.0,0.0012869357874770776,0.0014844556632437472,632,0.0,0.0,0.0,,0.0,0.0,0.0,0.0,,0.0,0.0,0.0,0.0,,0.0,1.0,,
bookreview,query3,50,inf,2.3421600461006165,1.8207890912890434,112800.0,0.0,0.0,0.0,1800.0,2.3421600461006165,1.8207890912890434,112800.0,0.0,0.0,0.0,1800.0,2.3421600461006165,1.8207890912890434,112800.0,0.0,0.0,0.0,1800.0,2.3421600461006165,1.8207890912890434,112800.0,0.0,0.0,0.0,1800.0,1.3827158138155937,0.0,1.3827158138155937,0.0,1.3827158138155937,0.0,1.3827158138155937,0.0,0.0,0.0,0.0,0.0,0.0,0.0,0.0,0.0,0.9594442322850227,0.0,0.9594442322850227,0.0,0.9594442322850227,0.0,0.9594442322850227,0.0,0.0,0.0,0.0,0.0,0.0,0.0,0.0,0.0,0.0,0.0012834062799811363,0.0017704786965623497,0.0,0.0012834062799811363,0.0017704786965623497,0.0,0.0012834062799811363,0.0017704786965623497,0.0,0.0012834062799811363,0.0017704786965623497,1800,0.0,0.0,0.0,,0.0,0.0,0.0,0.0,,0.0,0.0,0.0,0.0,,0.0,1.0,,
crmarenapro,query1,1,inf,0.10038336738944054,0.09575263224542141,211.0,0.0,0.0,0.0,11.0,0.10038336738944054,0.09575263224542141,211.0,0.0,0.0,0.0,11.0,0.10038336738944054,0.09575263224542141,211.0,0.0,0.0,0.0,11.0,0.10038336738944054,0.09575263224542141,211.0,0.0,0.0,0.0,11.0,0.0,0.0,0.0,0.0,0.0,0.0,0.0,0.0,0.0,0.0,0.0,0.0,0.0,0.0,0.0,0.0,0.0027932943776249886,0.0,0.0027932943776249886,0.0,0.0027932943776249886,0.0,0.0027932943776249886,0.0,0.09759007301181555,0.0,0.09759007301181555,0.0,0.09759007301181555,0.0,0.09759007301181555,0.0,0.0,0.00912576067176732,0.00912576067176732,0.0,0.00912576067176732,0.00912576067176732,0.0,0.00912576067176732,0.00912576067176732,0.0,0.00912576067176732,0.00912576067176732,11,0.0,0.0,0.0,,0.0,0.0,0.0,0.0,,0.0,0.0,0.0,0.0,,0.0,1.0,,
crmarenapro,query1,2,1,0.21902852039784193,0.20868998486548662,427.0,0.0,0.0,0.0,24.0,0.21902852039784193,0.20868998486548662,427.0,0.0,0.0,24.0,24.0,0.21902852039784193,0.20868998486548662,427.0,0.0,0.0,24.0,24.0,0.21902852039784193,0.20868998486548662,427.0,0.0,0.0,24.0,24.0,0.0,0.0,0.0,0.0,0.0,0.0,0.0,0.0,0.0,0.0,0.0,0.0,0.0,0.0,0.0,0.0,0.006517686881124973,0.0,0.006517686881124973,0.0,0.006517686881124973,0.0,0.006517686881124973,0.0,0.21251083351671696,0.0,0.21251083351671696,0.0,0.21251083351671696,0.0,0.21251083351671696,0.0,0.0,0.00912618834991008,0.00912618834991008,0.0,0.00912618834991008,0.00912618834991008,0.0,0.00912618834991008,0.00912618834991008,0.0,0.00912618834991008,0.00912618834991008,24,0.0,0.0,0.0,,0.0,0.0,0.0,0.0,,0.0,0.0,0.0,0.0,,0.0,1.0,,
crmarenapro,query1,2,1/16,0.15267955046147108,0.14524911437183619,339.0,0.0,0.0,0.0,18.0,0.15267955046147108,0.14524911437183619,339.0,0.0,0.0,18.0,18.0,0.15267955046147108,0.14524911437183619,339.0,0.0,0.0,18.0,18.0,0.15267955046147108,0.14524911437183619,339.0,0.0,0.0,18.0,18.0,0.0,0.0,0.0,0.0,0.0,0.0,0.0,0.0,0.0,0.0,0.0,0.0,0.0,0.0,0.0,0.0,0.005586588755249977,0.0,0.005586588755249977,0.0,0.005586588755249977,0.0,0.005586588755249977,0.0,0.1470929617062211,0.0,0.1470929617062211,0.0,0.1470929617062211,0.0,0.1470929617062211,0.0,0.0,0.00861059214152834,0.008894800808390273,0.0,0.00861059214152834,0.008894800808390273,0.0,0.00861059214152834,0.008894800808390273,0.0,0.00861059214152834,0.008894800808390273,18,0.0,0.0,0.0,,0.0,0.0,0.0,0.0,,0.0,0.0,0.0,0.0,,0.0,1.0,,
crmarenapro,query1,2,1/4,0.2063914379104972,0.1960745444521308,458.0,0.0,0.0,0.0,25.0,0.2063914379104972,0.1960745444521308,458.0,0.0,0.0,25.0,25.0,0.2063914379104972,0.1960745444521308,458.0,0.0,0.0,25.0,25.0,0.2063914379104972,0.1960745444521308,458.0,0.0,0.0,25.0,25.0,0.0,0.0,0.0,0.0,0.0,0.0,0.0,0.0,0.0,0.0,0.0,0.0,0.0,0.0,0.0,0.0,0.008379883132874966,0.0,0.008379883132874966,0.0,0.008379883132874966,0.0,0.008379883132874966,0.0,0.19801155477762222,0.0,0.19801155477762222,0.0,0.19801155477762222,0.0,0.19801155477762222,0.0,0.0,0.008255657516419887,0.008255657516419887,0.0,0.008255657516419887,0.008255657516419887,0.0,0.008255657516419887,0.008255657516419887,0.0,0.008255657516419887,0.008255657516419887,25,0.0,0.0,0.0,,0.0,0.0,0.0,0.0,,0.0,0.0,0.0,0.0,,0.0,1.0,,
crmarenapro,query1,2,inf,0.26248824223876,0.24961256235837936,514.0,0.0,0.0,0.0,30.0,0.26248824223876,0.24961256235837936,514.0,0.0,0.0,0.0,30.0,0.26248824223876,0.24961256235837936,514.0,0.0,0.0,0.0,30.0,0.26248824223876,0.24961256235837936,514.0,0.0,0.0,0.0,30.0,0.0,0.0,0.0,0.0,0.0,0.0,0.0,0.0,0.0,0.0,0.0,0.0,0.0,0.0,0.0,0.0,0.009310981258749962,0.0,0.009310981258749962,0.0,0.009310981258749962,0.0,0.009310981258749962,0.0,0.25317726098001003,0.0,0.25317726098001003,0.0,0.25317726098001003,0.0,0.25317726098001003,0.0,0.0,0.008749608074625333,0.008749608074625333,0.0,0.008749608074625333,0.008749608074625333,0.0,0.008749608074625333,0.008749608074625333,0.0,0.008749608074625333,0.008749608074625333,30,0.0,0.0,0.0,,0.0,0.0,0.0,0.0,,0.0,0.0,0.0,0.0,,0.0,1.0,,
crmarenapro,query1,4,1,0.3945973189547658,0.3764573922380805,767.0,0.0,0.0,0.0,42.0,0.3945973189547658,0.3764573922380805,767.0,0.0,0.0,42.0,42.0,0.3945973189547658,0.3764573922380805,767.0,0.0,0.0,42.0,42.0,0.3945973189547658,0.3764573922380805,767.0,0.0,0.0,42.0,42.0,0.0,0.0,0.0,0.0,0.0,0.0,0.0,0.0,0.0,0.0,0.0,0.0,0.0,0.0,0.0,0.0,0.010242079384624958,0.0,0.010242079384624958,0.0,0.010242079384624958,0.0,0.010242079384624958,0.0,0.38435523957014084,0.0,0.38435523957014084,0.0,0.38435523957014084,0.0,0.38435523957014084,0.0,0.0,0.009470678899982354,0.009588521517949497,0.0,0.009470678899982354,0.009588521517949497,0.0,0.009470678899982354,0.009588521517949497,0.0,0.009470678899982354,0.009588521517949497,42,0.0,0.0,0.0,,0.0,0.0,0.0,0.0,,0.0,0.0,0.0,0.0,,0.0,1.0,,
crmarenapro,query1,4,1/16,0.43794269766658545,0.41514043416827917,1070.0,0.0,0.0,0.0,57.0,0.43794269766658545,0.41514043416827917,1070.0,0.0,0.0,57.0,57.0,0.43794269766658545,0.41514043416827917,1070.0,0.0,0.0,57.0,57.0,0.43794269766658545,0.41514043416827917,1070.0,0.0,0.0,57.0,57.0,0.0,0.0,0.0,0.0,0.0,0.0,0.0,0.0,0.0,0.0,0.0,0.0,0.0,0.0,0.0,0.0,0.021415256895124912,0.0,0.021415256895124912,0.0,0.021415256895124912,0.0,0.021415256895124912,0.0,0.41652744077146053,0.0,0.41652744077146053,0.0,0.41652744077146053,0.0,0.41652744077146053,0.0,0.0,0.007707914528769574,0.007794192159781233,0.0,0.007707914528769574,0.007794192159781233,0.0,0.007707914528769574,0.007794192159781233,0.0,0.007707914528769574,0.007794192159781233,57,0.0,0.0,0.0,,0.0,0.0,0.0,0.0,,0.0,0.0,0.0,0.0,,0.0,1.0,,
crmarenapro,query1,4,1/4,0.3623208608478308,0.3460747953504324,730.0,0.0,0.0,0.0,38.0,0.3623208608478308,0.3460747953504324,730.0,0.0,0.0,38.0,38.0,0.3623208608478308,0.3460747953504324,730.0,0.0,0.0,38.0,38.0,0.3623208608478308,0.3460747953504324,730.0,0.0,0.0,38.0,38.0,0.0,0.0,0.0,0.0,0.0,0.0,0.0,0.0,0.0,0.0,0.0,0.0,0.0,0.0,0.0,0.0,0.008379883132874966,0.0,0.008379883132874966,0.0,0.008379883132874966,0.0,0.008379883132874966,0.0,0.3539409777149558,0.0,0.3539409777149558,0.0,0.3539409777149558,0.0,0.3539409777149558,0.0,0.0,0.009622199372765986,0.009752781733216063,0.0,0.009622199372765986,0.009752781733216063,0.0,0.009622199372765986,0.009752781733216063,0.0,0.009622199372765986,0.009752781733216063,38,0.0,0.0,0.0,,0.0,0.0,0.0,0.0,,0.0,0.0,0.0,0.0,,0.0,1.0,,
crmarenapro,query1,4,inf,0.47395363450050354,0.45096598751842976,1013.0,0.0,0.0,0.0,55.0,0.47395363450050354,0.45096598751842976,1013.0,0.0,0.0,0.0,55.0,0.47395363450050354,0.45096598751842976,1013.0,0.0,0.0,0.0,55.0,0.47395363450050354,0.45096598751842976,1013.0,0.0,0.0,0.0,55.0,0.0,0.0,0.0,0.0,0.0,0.0,0.0,0.0,0.0,0.0,0.0,0.0,0.0,0.0,0.0,0.0,0.01675976626574993,0.0,0.01675976626574993,0.0,0.01675976626574993,0.0,0.01675976626574993,0.0,0.4571938682347536,0.0,0.4571938682347536,0.0,0.4571938682347536,0.0,0.4571938682347536,0.0,0.0,0.008660262045278042,0.008749735144104947,0.0,0.008660262045278042,0.008749735144104947,0.0,0.008660262045278042,0.008749735144104947,0.0,0.008660262045278042,0.008749735144104947,55,0.0,0.0,0.0,,0.0,0.0,0.0,0.0,,0.0,0.0,0.0,0.0,,0.0,1.0,,
crmarenapro,query1,8,1,0.8876395802944899,0.8459001369774342,1853.0,0.0,0.0,0.0,99.0,0.8876395802944899,0.8459001369774342,1853.0,0.0,0.0,99.0,99.0,0.8876395802944899,0.8459001369774342,1853.0,0.0,0.0,99.0,99.0,0.8876395802944899,0.8459001369774342,1853.0,0.0,0.0,99.0,99.0,0.0,0.0,0.0,0.0,0.0,0.0,0.0,0.0,0.0,0.0,0.0,0.0,0.0,0.0,0.0,0.0,0.02700184565037489,0.0,0.02700184565037489,0.0,0.02700184565037489,0.0,0.02700184565037489,0.0,0.860637734644115,0.0,0.860637734644115,0.0,0.860637734644115,0.0,0.860637734644115,0.0,0.0,0.009049386751333563,0.009200372605603965,0.0,0.009049386751333563,0.009200372605603965,0.0,0.009049386751333563,0.009200372605603965,0.0,0.009049386751333563,0.009200372605603965,99,0.0,0.0,0.0,,0.0,0.0,0.0,0.0,,0.0,0.0,0.0,0.0,,0.0,1.0,,
crmarenapro,query1,8,1/16,1.0012870077043772,0.9550516325980425,1884.0,0.0,0.0,0.0,106.0,1.0012870077043772,0.9550516325980425,1884.0,0.0,0.0,106.0,106.0,1.0012870077043772,0.9550516325980425,1884.0,0.0,0.0,106.0,106.0,1.0012870077043772,0.9550516325980425,1884.0,0.0,0.0,106.0,106.0,0.0,0.0,0.0,0.0,0.0,0.0,0.0,0.0,0.0,0.0,0.0,0.0,0.0,0.0,0.0,0.0,0.026070747524499893,0.0,0.026070747524499893,0.0,0.026070747524499893,0.0,0.026070747524499893,0.0,0.9752162601798773,0.0,0.9752162601798773,0.0,0.9752162601798773,0.0,0.9752162601798773,0.0,0.0,0.009601877103236938,0.009841062614952427,0.0,0.009601877103236938,0.009841062614952427,0.0,0.009601877103236938,0.009841062614952427,0.0,0.009601877103236938,0.009841062614952427,106,0.0,0.0,0.0,,0.0,0.0,0.0,0.0,,0.0,0.0,0.0,0.0,,0.0,1.0,,
crmarenapro,query1,8,1/4,0.9400781346485019,0.895488222129643,1859.0,0.0,0.0,0.0,104.0,0.9400781346485019,0.895488222129643,1859.0,0.0,0.0,104.0,104.0,0.9400781346485019,0.895488222129643,1859.0,0.0,0.0,104.0,104.0,0.9400781346485019,0.895488222129643,1859.0,0.0,0.0,104.0,104.0,0.0,0.0,0.0,0.0,0.0,0.0,0.0,0.0,0.0,0.0,0.0,0.0,0.0,0.0,0.0,0.0,0.028864041902124882,0.0,0.028864041902124882,0.0,0.028864041902124882,0.0,0.028864041902124882,0.0,0.911214092746377,0.0,0.911214092746377,0.0,0.911214092746377,0.0,0.911214092746377,0.0,0.0,0.009148801984265447,0.00934206387773156,0.0,0.009148801984265447,0.00934206387773156,0.0,0.009148801984265447,0.00934206387773156,0.0,0.009148801984265447,0.00934206387773156,104,0.0,0.0,0.0,,0.0,0.0,0.0,0.0,,0.0,0.0,0.0,0.0,,0.0,1.0,,
crmarenapro,query1,8,inf,0.8541279034689069,0.8150267070159316,1631.0,0.0,0.0,0.0,90.0,0.8541279034689069,0.8150267070159316,1631.0,0.0,0.0,0.0,90.0,0.8541279034689069,0.8150267070159316,1631.0,0.0,0.0,0.0,90.0,0.8541279034689069,0.8150267070159316,1631.0,0.0,0.0,0.0,90.0,0.0,0.0,0.0,0.0,0.0,0.0,0.0,0.0,0.0,0.0,0.0,0.0,0.0,0.0,0.0,0.0,0.021415256895124912,0.0,0.021415256895124912,0.0,0.021415256895124912,0.0,0.021415256895124912,0.0,0.832712646573782,0.0,0.832712646573782,0.0,0.832712646573782,0.0,0.832712646573782,0.0,0.0,0.00960033852071769,0.009766943601291926,0.0,0.00960033852071769,0.009766943601291926,0.0,0.00960033852071769,0.009766943601291926,0.0,0.00960033852071769,0.009766943601291926,90,0.0,0.0,0.0,,0.0,0.0,0.0,0.0,,0.0,0.0,0.0,0.0,,0.0,1.0,,
crmarenapro,query1,16,inf,1.4955925159156322,1.4228372778743505,3249.0,0.0,0.0,0.0,175.0,1.4955925159156322,1.4228372778743505,3249.0,0.0,0.0,0.0,175.0,1.4955925159156322,1.4228372778743505,3249.0,0.0,0.0,0.0,175.0,1.4955925159156322,1.4228372778743505,3249.0,0.0,0.0,0.0,175.0,0.0,0.0,0.0,0.0,0.0,0.0,0.0,0.0,0.0,0.0,0.0,0.0,0.0,0.0,0.0,0.0,0.05400369130074978,0.0,0.05400369130074978,0.0,0.05400369130074978,0.0,0.05400369130074978,0.0,1.4415888246148825,0.0,1.4415888246148825,0.0,1.4415888246148825,0.0,1.4415888246148825,0.0,0.0,0.008920702763522664,0.009725960652964811,0.0,0.008920702763522664,0.009725960652964811,0.0,0.008920702763522664,0.009725960652964811,0.0,0.008920702763522664,0.009725960652964811,175,0.0,0.0,0.0,,0.0,0.0,0.0,0.0,,0.0,0.0,0.0,0.0,,0.0,1.0,,
crmarenapro,query1,50,inf,5.136508494615555,4.885935410857201,11000.0,0.0,0.0,0.0,600.0,5.136508494615555,4.885935410857201,11000.0,0.0,0.0,0.0,600.0,5.136508494615555,4.885935410857201,11000.0,0.0,0.0,0.0,600.0,5.136508494615555,4.885935410857201,11000.0,0.0,0.0,0.0,600.0,0.0,0.0,0.0,0.0,0.0,0.0,0.0,0.0,0.0,0.0,0.0,0.0,0.0,0.0,0.0,0.0,0.18621962517499924,0.0,0.18621962517499924,0.0,0.18621962517499924,0.0,0.18621962517499924,0.0,4.950288869440556,0.0,4.950288869440556,0.0,4.950288869440556,0.0,4.950288869440556,0.0,0.0,0.009691529208794236,0.012107302877120673,0.0,0.009691529208794236,0.012107302877120673,0.0,0.009691529208794236,0.012107302877120673,0.0,0.009691529208794236,0.012107302877120673,600,0.0,0.0,0.0,,0.0,0.0,0.0,0.0,,0.0,0.0,0.0,0.0,,0.0,1.0,,
crmarenapro,query10,1,inf,0.5942560769617558,0.44360394682735205,25397.0,0.0,0.0,0.0,494.0,0.5942560769617558,0.44360394682735205,25397.0,0.0,0.0,0.0,494.0,0.5942560769617558,0.44360394682735205,25397.0,0.0,0.0,0.0,494.0,0.5942560769617558,0.44360394682735205,25397.0,0.0,0.0,0.0,494.0,0.0,0.0,0.0,0.0,0.0,0.0,0.0,0.0,0.0,0.0,0.0,0.0,0.0,0.0,0.0,0.0,0.5942560769617558,0.0,0.5942560769617558,0.0,0.5942560769617558,0.0,0.5942560769617558,0.0,0.0,0.0,0.0,0.0,0.0,0.0,0.0,0.0,0.0,0.0011576909876974493,0.0013045979479070881,0.0,0.0011576909876974493,0.0013045979479070881,0.0,0.0011576909876974493,0.0013045979479070881,0.0,0.0011576909876974493,0.0013045979479070881,494,0.0,0.0,0.0,,0.0,0.0,0.0,0.0,,0.0,0.0,0.0,0.0,,0.0,1.0,,
crmarenapro,query10,2,1,1.095509497448802,0.818444674834609,49311.0,0.0,0.0,0.0,917.0,1.095509497448802,0.818444674834609,49311.0,0.0,0.0,0.0,917.0,1.0918061503636838,0.8158087441697717,49239.0,0.0,4.0,0.0,917.0,1.0920061503636838,0.8158087441697717,49239.0,0.0,4.0,0.0,917.0,0.0,0.0,0.0,0.0,0.0,0.0,0.0,0.0,0.0,0.0,0.0,0.0,0.0,0.0,0.0,0.0,1.095509497448802,0.0,1.095509497448802,0.0,1.0918061503636838,0.0,1.0920061503636838,0.0,0.0,0.0,0.0,0.0,0.0,0.0,0.0,0.0,0.0,0.0012589770888404188,0.001414204311208722,0.0,0.0012589770888404188,0.001414204311208722,0.0,0.0012588555000103046,0.0014141775430851868,0.0,0.0012588555000103046,0.0014141775430851868,917,0.0,0.0,0.0,,0.0,0.0032206583363377783,0.0033804792142309026,0.0014601204599379303,,0.004362050163576881,0.0032206583363377783,0.003197915758171632,0.0014601204599379303,,0.004362050163576881,1.0001831827013736,,
crmarenapro,query10,2,1/16,0.8684727717190981,0.6349324136972427,33932.0,0.0,0.0,0.0,774.0,0.8684727717190981,0.6349324136972427,33932.0,0.0,0.0,116.0,774.0,0.8647694246339798,0.6322964830324054,33860.0,0.0,4.0,116.0,774.0,0.8675908212807775,0.6342694461345673,33916.0,0.0,1.0,347.0,774.0,0.0,0.0,0.0,0.0,0.0,0.0,0.0,0.0,0.0,0.0,0.0,0.0,0.0,0.0,0.0,0.0,0.8684727717190981,0.0,0.8684727717190981,0.0,0.8647694246339798,0.0,0.8675908212807775,0.0,0.0,0.0,0.0,0.0,0.0,0.0,0.0,0.0,0.0,0.0010896606485627286,0.0012401902039012272,0.0,0.0010896606485627286,0.0012401902039012272,0.0,0.0010894373760954158,0.0012401686025757905,0.0,0.0010896606485627286,0.0012401800823385175,774,0.0,0.0,0.0,,0.0,0.004151513780007221,0.004264206323691289,0.0021218908405045145,,0.00516795865633075,0.0010441545405045494,0.001015518813070937,0.00047153129788990444,,0.0012919896640826874,1.0032625999097873,,
crmarenapro,query10,2,1/4,1.078372593037784,0.8022965816780925,49029.0,0.0,0.0,0.0,911.0,1.078372593037784,0.8022965816780925,49029.0,0.0,0.0,0.0,911.0,1.066434006089568,0.7937869168817997,48790.0,0.0,13.0,0.0,911.0,1.067084006089568,0.7937869168817997,48790.0,0.0,13.0,39.0,911.0,0.0,0.0,0.0,0.0,0.0,0.0,0.0,0.0,0.0,0.0,0.0,0.0,0.0,0.0,0.0,0.0,1.078372593037784,0.0,1.078372593037784,0.0,1.066434006089568,0.0,1.067084006089568,0.0,0.0,0.0,0.0,0.0,0.0,0.0,0.0,0.0,0.0,0.0011452814492468651,0.001378505870532722,0.0,0.0011452814492468651,0.001378505870532722,0.0,0.0011439424734520608,0.0013783773948028303,0.0,0.0011440065760161633,0.0013783838050592406,911,0.0,0.0,0.0,,0.0,0.010606632248755021,0.011070929496255988,0.004874666013991669,,0.014270032930845226,0.010606632248755021,0.010468169370306368,0.004874666013991669,,0.014270032930845226,1.000609507945441,,
crmarenapro,query10,2,inf,0.963033277541399,0.6993899466469884,44476.0,0.0,0.0,0.0,874.0,0.963033277541399,0.6993899466469884,44476.0,0.0,0.0,0.0,874.0,0.9501834956097603,0.6902564307674766,44234.0,0.0,14.0,0.0,874.0,0.9508834956097603,0.6902564307674766,44234.0,0.0,14.0,0.0,874.0,0.0,0.0,0.0,0.0,0.0,0.0,0.0,0.0,0.0,0.0,0.0,0.0,0.0,0.0,0.0,0.0,0.963033277541399,0.0,0.963033277541399,0.0,0.9501834956097603,0.0,0.9508834956097603,0.0,0.0,0.0,0.0,0.0,0.0,0.0,0.0,0.0,0.0,0.0010960541221720632,0.0012274724866680722,0.0,0.0010960541221720632,0.0012274724866680722,0.0,0.001095643564137087,0.001227398575550372,0.0,0.001095643564137087,0.001227398575550372,874,0.0,0.0,0.0,,0.0,0.01305926103642141,0.013343030019111968,0.005441136792877055,,0.016018306636155607,0.01305926103642141,0.012616160017498879,0.005441136792877055,,0.016018306636155607,1.0007366998092835,,
crmarenapro,query10,4,1,2.0341744255274534,1.4889177698642015,91217.0,0.0,0.0,0.0,1814.0,2.0341744255274534,1.4889177698642015,91217.0,0.0,0.0,0.0,1814.0,1.9697917909860612,1.4430136922746897,89978.0,0.0,70.0,0.0,1814.0,1.973291790986061,1.4430136922746897,89978.0,0.0,70.0,0.0,1814.0,0.0,0.0,0.0,0.0,0.0,0.0,0.0,0.0,0.0,0.0,0.0,0.0,0.0,0.0,0.0,0.0,2.0341744255274534,0.0,2.0341744255274534,0.0,1.9697917909860612,0.0,1.973291790986061,0.0,0.0,0.0,0.0,0.0,0.0,0.0,0.0,0.0,0.0,0.0011441151613270808,0.0013932084150534742,0.0,0.0011441151613270808,0.0013932084150534742,0.0,0.0011432902441204835,0.0013930982634051223,0.0,0.0011432902441204835,0.0013930982634051223,1814,0.0,0.0,0.0,,0.0,0.03083049884863598,0.03165049846927359,0.013582994397974057,,0.03858875413450937,0.03083049884863598,0.02992989872321583,0.013582994397974057,,0.03858875413450937,1.0017768375398943,,
crmarenapro,query10,4,1/16,1.9677860653027892,1.4435802577063441,87806.0,0.0,0.0,0.0,1746.0,1.9677860653027892,1.4435802577063441,87806.0,0.0,0.0,248.0,1746.0,1.9448893851712346,1.4272758979350328,87343.0,0.0,25.0,248.0,1746.0,1.9557123007136583,1.434474821202457,87555.0,0.0,14.0,795.0,1746.0,0.0,0.0,0.0,0.0,0.0,0.0,0.0,0.0,0.0,0.0,0.0,0.0,0.0,0.0,0.0,0.0,1.9677860653027892,0.0,1.9677860653027892,0.0,1.9448893851712346,0.0,1.9557123007136583,0.0,0.0,0.0,0.0,0.0,0.0,0.0,0.0,0.0,0.0,0.0011800346071573675,0.0013951864818299818,0.0,0.0011800346071573675,0.0013951864818299818,0.0,0.0011797969516217138,0.0013951552080891556,0.0,0.0011799411445742127,0.00139516147279161,1746,0.0,0.0,0.0,,0.0,0.011294390931347875,0.011635756820968957,0.005272988178484428,,0.0143184421534937,0.006307537426671672,0.006135709974789849,0.002858574584880258,,0.008018327605956471,1.0055647974763722,,
crmarenapro,query10,4,1/4,1.9768639169633389,1.4465718055143952,86148.0,0.0,0.0,0.0,1771.0,1.9768639169633389,1.4465718055143952,86148.0,0.0,0.0,0.0,1771.0,1.918216413384974,1.4048318741843104,84990.0,0.0,64.0,0.0,1771.0,1.921416413384974,1.4048318741843104,84990.0,0.0,64.0,51.0,1771.0,0.0,0.0,0.0,0.0,0.0,0.0,0.0,0.0,0.0,0.0,0.0,0.0,0.0,0.0,0.0,0.0,1.9768639169633389,0.0,1.9768639169633389,0.0,1.918216413384974,0.0,1.921416413384974,0.0,0.0,0.0,0.0,0.0,0.0,0.0,0.0,0.0,0.0,0.0012110249575534961,0.0014046864542080493,0.0,0.0012110249575534961,0.0014046864542080493,0.0,0.0012095435815983793,0.0014046346254811234,0.0,0.001209591566243293,0.0014046346254811234,1771,0.0,0.0,0.0,,0.0,0.028854379140372033,0.029666940184963964,0.01344198356317039,,0.03613777526821005,0.028854379140372033,0.028048214701362872,0.01344198356317039,,0.03613777526821005,1.001668216358525,,
crmarenapro,query10,4,inf,2.067364737391472,1.518297927454114,89586.0,0.0,0.0,0.0,1815.0,2.067364737391472,1.518297927454114,89586.0,0.0,0.0,0.0,1815.0,1.9874288670474292,1.4613542836159468,88033.0,0.0,87.0,0.0,1815.0,1.991778867047429,1.4613542836159468,88033.0,0.0,87.0,0.0,1815.0,0.0,0.0,0.0,0.0,0.0,0.0,0.0,0.0,0.0,0.0,0.0,0.0,0.0,0.0,0.0,0.0,2.067364737391472,0.0,2.067364737391472,0.0,1.9874288670474292,0.0,1.991778867047429,0.0,0.0,0.0,0.0,0.0,0.0,0.0,0.0,0.0,0.0,0.0011628297599658062,0.0014133340615331846,0.0,0.0011628297599658062,0.0014133340615331846,0.0,0.0011611613889122433,0.0014131436960537539,0.0,0.0011612082932274405,0.0014131436960537539,1815,0.0,0.0,0.0,,0.0,0.03750492100957448,0.03866558662740038,0.01733529792601518,,0.047933884297520664,0.03750492100957448,0.03656145864198812,0.01733529792601518,,0.047933884297520664,1.0021887575812776,,
crmarenapro,query10,8,1,4.045209689065814,2.976391652598977,191092.0,0.0,0.0,0.0,3539.0,4.045209689065814,2.976391652598977,191092.0,0.0,0.0,0.0,3539.0,3.7743198021888733,2.783465630374849,185818.0,0.0,295.0,0.0,3539.0,3.789069802188873,2.783465630374849,185818.0,0.0,295.0,0.0,3539.0,0.0,0.0,0.0,0.0,0.0,0.0,0.0,0.0,0.0,0.0,0.0,0.0,0.0,0.0,0.0,0.0,4.045209689065814,0.0,4.045209689065814,0.0,3.7743198021888733,0.0,3.789069802188873,0.0,0.0,0.0,0.0,0.0,0.0,0.0,0.0,0.0,0.0,0.0012253223242487856,0.0016573907340373068,0.0,0.0012253223242487856,0.0016573907340373068,0.0,0.0012235243220703076,0.0016572618583656376,0.0,0.0012235243220703076,0.0016572618583656376,3539,0.0,0.0,0.0,,0.0,0.06481876202537584,0.06696559825048254,0.027599271555062477,,0.08335688047471038,0.06481876202537584,0.06331931013843017,0.027599271555062477,,0.08335688047471038,1.0039079889286133,,
crmarenapro,query10,8,1/16,4.02784579526633,2.9517958415672183,178660.0,0.0,0.0,0.0,3561.0,4.02784579526633,2.9517958415672183,178660.0,0.0,0.0,549.0,3561.0,3.9773027123942972,2.9157468359917402,177660.0,0.0,55.0,549.0,3561.0,3.9907718895843627,2.9238618928939104,177903.0,0.0,43.0,1654.0,3561.0,0.0,0.0,0.0,0.0,0.0,0.0,0.0,0.0,0.0,0.0,0.0,0.0,0.0,0.0,0.0,0.0,4.02784579526633,0.0,4.02784579526633,0.0,3.9773027123942972,0.0,3.9907718895843627,0.0,0.0,0.0,0.0,0.0,0.0,0.0,0.0,0.0,0.0,0.0011726533352792356,0.0016221257766157807,0.0,0.0011726533352792356,0.0016221257766157807,0.0,0.0011722276625638836,0.0016220907367334493,0.0,0.001172397875245981,0.001622113595091401,3561,0.0,0.0,0.0,,0.0,0.012212567369272453,0.012548415565321047,0.005597223777006555,,0.015445099691098006,0.00946337422119159,0.009204400457817452,0.00423709839919395,,0.012075259758494805,1.0033865104479205,,
crmarenapro,query10,8,1/4,3.914978257380426,2.8863416900858283,166921.0,0.0,0.0,0.0,3404.0,3.914978257380426,2.8863416900858283,166921.0,0.0,0.0,0.0,3404.0,3.725369949966073,2.751354736275971,163181.0,0.0,207.0,0.0,3404.0,3.735719949966073,2.751354736275971,163181.0,0.0,207.0,119.0,3404.0,0.0,0.0,0.0,0.0,0.0,0.0,0.0,0.0,0.0,0.0,0.0,0.0,0.0,0.0,0.0,0.0,3.914978257380426,0.0,3.914978257380426,0.0,3.725369949966073,0.0,3.735719949966073,0.0,0.0,0.0,0.0,0.0,0.0,0.0,0.0,0.0,0.0,0.0011596835792156933,0.001636094816574025,0.0,0.0011596835792156933,0.001636094816574025,0.0,0.0011579084523204402,0.0016360013880521841,0.0,0.0011579471520108428,0.0016360013880521841,3404,0.0,0.0,0.0,,0.0,0.04676748919697149,0.04843150969150534,0.02240580873586906,,0.060810810810810814,0.04676748919697149,0.045787816848387175,0.02240580873586906,,0.060810810810810814,1.002778247567089,,
crmarenapro,query10,8,inf,3.924976191483438,2.8915889114141464,173237.0,0.0,0.0,0.0,3428.0,3.924976191483438,2.8915889114141464,173237.0,0.0,0.0,0.0,3428.0,3.653566637633443,2.6983565483242273,167945.0,0.0,296.0,0.0,3428.0,3.6683666376334427,2.6983565483242273,167945.0,0.0,296.0,0.0,3428.0,0.0,0.0,0.0,0.0,0.0,0.0,0.0,0.0,0.0,0.0,0.0,0.0,0.0,0.0,0.0,0.0,3.924976191483438,0.0,3.924976191483438,0.0,3.653566637633443,0.0,3.6683666376334427,0.0,0.0,0.0,0.0,0.0,0.0,0.0,0.0,0.0,0.0,0.0012247531369122809,0.0016679434071472086,0.0,0.0012247531369122809,0.0016679434071472086,0.0,0.0012230148676074355,0.0016678007218152557,0.0,0.0012230148676074355,0.0016678007218152557,3428,0.0,0.0,0.0,,0.0,0.06682566886570951,0.0691493503677576,0.03054774672847027,,0.08634772462077013,0.06682566886570951,0.06537862685811868,0.03054774672847027,,0.08634772462077013,1.0040508362014129,,
crmarenapro,query10,16,inf,8.11056319065392,6.000898183323443,352997.0,0.0,0.0,0.0,6963.0,8.11056319065392,6.000898183323443,352997.0,0.0,0.0,0.0,6963.0,7.157560949461757,5.321966581046581,334492.0,0.0,1038.0,0.0,6963.0,7.209460949461759,5.321966581046581,334492.0,0.0,1038.0,0.0,6963.0,0.0,0.0,0.0,0.0,0.0,0.0,0.0,0.0,0.0,0.0,0.0,0.0,0.0,0.0,0.0,0.0,8.11056319065392,0.0,8.11056319065392,0.0,7.157560949461757,0.0,7.209460949461759,0.0,0.0,0.0,0.0,0.0,0.0,0.0,0.0,0.0,0.0,0.0011895472989588273,0.001982784632859137,0.0,0.0011895472989588273,0.001982784632859137,0.0,0.0011857359337535593,0.0019826563084936887,0.0,0.0011857686562666485,0.0019826563084936887,6963,0.0,0.0,0.0,,0.0,0.11313833055251954,0.11750136442933334,0.05242254183463313,,0.14907367514002584,0.11313833055251954,0.11110230202392501,0.05242254183463313,,0.14907367514002584,1.0072510734266125,,
crmarenapro,query10,50,inf,25.50868410617113,18.851554580032825,1133400.0,0.0,0.0,0.0,22000.0,25.50868410617113,18.851554580032825,1133400.0,0.0,0.0,0.0,22000.0,20.186974156260487,15.057098679244518,1029400.0,0.0,5800.0,0.0,22000.0,20.476974156260493,15.057098679244518,1029400.0,0.0,5800.0,0.0,22000.0,0.0,0.0,0.0,0.0,0.0,0.0,0.0,0.0,0.0,0.0,0.0,0.0,0.0,0.0,0.0,0.0,25.50868410617113,0.0,25.50868410617113,0.0,20.186974156260487,0.0,20.476974156260493,0.0,0.0,0.0,0.0,0.0,0.0,0.0,0.0,0.0,0.0,0.0011385275050997735,0.002684298548847437,0.0,0.0011385275050997735,0.002684298548847437,0.0,0.0011327262967824937,0.002684298548847437,0.0,0.0011327262967824937,0.002684298548847437,22000,0.0,0.0,0.0,,0.0,0.20128079542083577,0.20862346045608848,0.09175930827598378,,0.2636363636363636,0.20128079542083577,0.19725478307575084,0.09175930827598378,,0.2636363636363636,1.014365699274949,,
crmarenapro,query11,1,inf,0.00982221681624651,0.006690663285553455,220.0,0.0,0.0,0.0,11.0,0.00982221681624651,0.006690663285553455,220.0,0.0,0.0,0.0,11.0,0.00982221681624651,0.006690663285553455,220.0,0.0,0.0,0.0,11.0,0.00982221681624651,0.006690663285553455,220.0,0.0,0.0,0.0,11.0,0.00982221681624651,0.0,0.00982221681624651,0.0,0.00982221681624651,0.0,0.00982221681624651,0.0,0.0,0.0,0.0,0.0,0.0,0.0,0.0,0.0,0.0,0.0,0.0,0.0,0.0,0.0,0.0,0.0,0.0,0.0,0.0,0.0,0.0,0.0,0.0,0.0,0.0,0.0008929288014769554,0.0008929288014769554,0.0,0.0008929288014769554,0.0008929288014769554,0.0,0.0008929288014769554,0.0008929288014769554,0.0,0.0008929288014769554,0.0008929288014769554,11,0.0,0.0,0.0,,0.0,0.0,0.0,0.0,,0.0,0.0,0.0,0.0,,0.0,1.0,,
crmarenapro,query11,2,1,0.0053575728088617325,0.0036494527012109756,120.0,0.0,0.0,0.0,6.0,0.0053575728088617325,0.0036494527012109756,120.0,0.0,0.0,6.0,6.0,0.0053575728088617325,0.0036494527012109756,120.0,0.0,0.0,6.0,6.0,0.0053575728088617325,0.0036494527012109756,120.0,0.0,0.0,6.0,6.0,0.0053575728088617325,0.0,0.0053575728088617325,0.0,0.0053575728088617325,0.0,0.0053575728088617325,0.0,0.0,0.0,0.0,0.0,0.0,0.0,0.0,0.0,0.0,0.0,0.0,0.0,0.0,0.0,0.0,0.0,0.0,0.0,0.0,0.0,0.0,0.0,0.0,0.0,0.0,0.0008929288014769554,0.0008929288014769554,0.0,0.0008929288014769554,0.0008929288014769554,0.0,0.0008929288014769554,0.0008929288014769554,0.0,0.0008929288014769554,0.0008929288014769554,6,0.0,0.0,0.0,,0.0,0.0,0.0,0.0,,0.0,0.0,0.0,0.0,,0.0,1.0,,
crmarenapro,query11,2,1/16,0.008929288014769554,0.006082421168684959,200.0,0.0,0.0,0.0,10.0,0.008929288014769554,0.006082421168684959,200.0,0.0,0.0,10.0,10.0,0.008929288014769554,0.006082421168684959,200.0,0.0,0.0,10.0,10.0,0.008929288014769554,0.006082421168684959,200.0,0.0,0.0,10.0,10.0,0.008929288014769554,0.0,0.008929288014769554,0.0,0.008929288014769554,0.0,0.008929288014769554,0.0,0.0,0.0,0.0,0.0,0.0,0.0,0.0,0.0,0.0,0.0,0.0,0.0,0.0,0.0,0.0,0.0,0.0,0.0,0.0,0.0,0.0,0.0,0.0,0.0,0.0,0.0008929288014769554,0.0008929288014769554,0.0,0.0008929288014769554,0.0008929288014769554,0.0,0.0008929288014769554,0.0008929288014769554,0.0,0.0008929288014769554,0.0008929288014769554,10,0.0,0.0,0.0,,0.0,0.0,0.0,0.0,,0.0,0.0,0.0,0.0,,0.0,1.0,,
crmarenapro,query11,2,1/4,0.008929288014769554,0.006082421168684959,200.0,0.0,0.0,0.0,10.0,0.008929288014769554,0.006082421168684959,200.0,0.0,0.0,10.0,10.0,0.008929288014769554,0.006082421168684959,200.0,0.0,0.0,10.0,10.0,0.008929288014769554,0.006082421168684959,200.0,0.0,0.0,10.0,10.0,0.008929288014769554,0.0,0.008929288014769554,0.0,0.008929288014769554,0.0,0.008929288014769554,0.0,0.0,0.0,0.0,0.0,0.0,0.0,0.0,0.0,0.0,0.0,0.0,0.0,0.0,0.0,0.0,0.0,0.0,0.0,0.0,0.0,0.0,0.0,0.0,0.0,0.0,0.0008929288014769554,0.0008929288014769554,0.0,0.0008929288014769554,0.0008929288014769554,0.0,0.0008929288014769554,0.0008929288014769554,0.0,0.0008929288014769554,0.0008929288014769554,10,0.0,0.0,0.0,,0.0,0.0,0.0,0.0,,0.0,0.0,0.0,0.0,,0.0,1.0,,
crmarenapro,query11,2,inf,0.008929288014769554,0.006082421168684959,200.0,0.0,0.0,0.0,10.0,0.008929288014769554,0.006082421168684959,200.0,0.0,0.0,0.0,10.0,0.008929288014769554,0.006082421168684959,200.0,0.0,0.0,0.0,10.0,0.008929288014769554,0.006082421168684959,200.0,0.0,0.0,0.0,10.0,0.008929288014769554,0.0,0.008929288014769554,0.0,0.008929288014769554,0.0,0.008929288014769554,0.0,0.0,0.0,0.0,0.0,0.0,0.0,0.0,0.0,0.0,0.0,0.0,0.0,0.0,0.0,0.0,0.0,0.0,0.0,0.0,0.0,0.0,0.0,0.0,0.0,0.0,0.0008929288014769554,0.0008929288014769554,0.0,0.0008929288014769554,0.0008929288014769554,0.0,0.0008929288014769554,0.0008929288014769554,0.0,0.0008929288014769554,0.0008929288014769554,10,0.0,0.0,0.0,,0.0,0.0,0.0,0.0,,0.0,0.0,0.0,0.0,,0.0,1.0,,
crmarenapro,query11,4,1,0.010715145617723465,0.007298905402421951,240.0,0.0,0.0,0.0,12.0,0.010715145617723465,0.007298905402421951,240.0,0.0,0.0,12.0,12.0,0.010715145617723465,0.007298905402421951,240.0,0.0,0.0,12.0,12.0,0.010715145617723465,0.007298905402421951,240.0,0.0,0.0,12.0,12.0,0.010715145617723465,0.0,0.010715145617723465,0.0,0.010715145617723465,0.0,0.010715145617723465,0.0,0.0,0.0,0.0,0.0,0.0,0.0,0.0,0.0,0.0,0.0,0.0,0.0,0.0,0.0,0.0,0.0,0.0,0.0,0.0,0.0,0.0,0.0,0.0,0.0,0.0,0.0008929288014769554,0.0008929288014769554,0.0,0.0008929288014769554,0.0008929288014769554,0.0,0.0008929288014769554,0.0008929288014769554,0.0,0.0008929288014769554,0.0008929288014769554,12,0.0,0.0,0.0,,0.0,0.0,0.0,0.0,,0.0,0.0,0.0,0.0,,0.0,1.0,,
crmarenapro,query11,4,1/16,0.015179789625108242,0.010340115986764431,340.0,0.0,0.0,0.0,17.0,0.015179789625108242,0.010340115986764431,340.0,0.0,0.0,17.0,17.0,0.015179789625108242,0.010340115986764431,340.0,0.0,0.0,17.0,17.0,0.015179789625108242,0.010340115986764431,340.0,0.0,0.0,17.0,17.0,0.015179789625108242,0.0,0.015179789625108242,0.0,0.015179789625108242,0.0,0.015179789625108242,0.0,0.0,0.0,0.0,0.0,0.0,0.0,0.0,0.0,0.0,0.0,0.0,0.0,0.0,0.0,0.0,0.0,0.0,0.0,0.0,0.0,0.0,0.0,0.0,0.0,0.0,0.0008929288014769554,0.0008929288014769554,0.0,0.0008929288014769554,0.0008929288014769554,0.0,0.0008929288014769554,0.0008929288014769554,0.0,0.0008929288014769554,0.0008929288014769554,17,0.0,0.0,0.0,,0.0,0.0,0.0,0.0,,0.0,0.0,0.0,0.0,,0.0,1.0,,
crmarenapro,query11,4,1/4,0.013393932022154331,0.009123631753027439,300.0,0.0,0.0,0.0,15.0,0.013393932022154331,0.009123631753027439,300.0,0.0,0.0,15.0,15.0,0.013393932022154331,0.009123631753027439,300.0,0.0,0.0,15.0,15.0,0.013393932022154331,0.009123631753027439,300.0,0.0,0.0,15.0,15.0,0.013393932022154331,0.0,0.013393932022154331,0.0,0.013393932022154331,0.0,0.013393932022154331,0.0,0.0,0.0,0.0,0.0,0.0,0.0,0.0,0.0,0.0,0.0,0.0,0.0,0.0,0.0,0.0,0.0,0.0,0.0,0.0,0.0,0.0,0.0,0.0,0.0,0.0,0.0008929288014769554,0.0008929288014769554,0.0,0.0008929288014769554,0.0008929288014769554,0.0,0.0008929288014769554,0.0008929288014769554,0.0,0.0008929288014769554,0.0008929288014769554,15,0.0,0.0,0.0,,0.0,0.0,0.0,0.0,,0.0,0.0,0.0,0.0,,0.0,1.0,,
crmarenapro,query11,4,inf,0.010715145617723465,0.007298905402421951,240.0,0.0,0.0,0.0,12.0,0.010715145617723465,0.007298905402421951,240.0,0.0,0.0,0.0,12.0,0.010715145617723465,0.007298905402421951,240.0,0.0,0.0,0.0,12.0,0.010715145617723465,0.007298905402421951,240.0,0.0,0.0,0.0,12.0,0.010715145617723465,0.0,0.010715145617723465,0.0,0.010715145617723465,0.0,0.010715145617723465,0.0,0.0,0.0,0.0,0.0,0.0,0.0,0.0,0.0,0.0,0.0,0.0,0.0,0.0,0.0,0.0,0.0,0.0,0.0,0.0,0.0,0.0,0.0,0.0,0.0,0.0,0.0008929288014769554,0.0008929288014769554,0.0,0.0008929288014769554,0.0008929288014769554,0.0,0.0008929288014769554,0.0008929288014769554,0.0,0.0008929288014769554,0.0008929288014769554,12,0.0,0.0,0.0,,0.0,0.0,0.0,0.0,,0.0,0.0,0.0,0.0,,0.0,1.0,,
crmarenapro,query11,8,1,0.026787864044308662,0.018247263506054878,600.0,0.0,0.0,0.0,30.0,0.026787864044308662,0.018247263506054878,600.0,0.0,0.0,30.0,30.0,0.026787864044308662,0.018247263506054878,600.0,0.0,0.0,30.0,30.0,0.026787864044308662,0.018247263506054878,600.0,0.0,0.0,30.0,30.0,0.026787864044308662,0.0,0.026787864044308662,0.0,0.026787864044308662,0.0,0.026787864044308662,0.0,0.0,0.0,0.0,0.0,0.0,0.0,0.0,0.0,0.0,0.0,0.0,0.0,0.0,0.0,0.0,0.0,0.0,0.0,0.0,0.0,0.0,0.0,0.0,0.0,0.0,0.0008929288014769554,0.0008929288014769554,0.0,0.0008929288014769554,0.0008929288014769554,0.0,0.0008929288014769554,0.0008929288014769554,0.0,0.0008929288014769554,0.0008929288014769554,30,0.0,0.0,0.0,,0.0,0.0,0.0,0.0,,0.0,0.0,0.0,0.0,,0.0,1.0,,
crmarenapro,query11,8,1/16,0.03303836565464735,0.02250495832413435,740.0,0.0,0.0,0.0,37.0,0.03303836565464735,0.02250495832413435,740.0,0.0,0.0,37.0,37.0,0.03303836565464735,0.02250495832413435,740.0,0.0,0.0,37.0,37.0,0.03303836565464735,0.02250495832413435,740.0,0.0,0.0,37.0,37.0,0.03303836565464735,0.0,0.03303836565464735,0.0,0.03303836565464735,0.0,0.03303836565464735,0.0,0.0,0.0,0.0,0.0,0.0,0.0,0.0,0.0,0.0,0.0,0.0,0.0,0.0,0.0,0.0,0.0,0.0,0.0,0.0,0.0,0.0,0.0,0.0,0.0,0.0,0.0008929288014769554,0.0008929288014769554,0.0,0.0008929288014769554,0.0008929288014769554,0.0,0.0008929288014769554,0.0008929288014769554,0.0,0.0008929288014769554,0.0008929288014769554,37,0.0,0.0,0.0,,0.0,0.0,0.0,0.0,,0.0,0.0,0.0,0.0,,0.0,1.0,,
crmarenapro,query11,8,1/4,0.02946665044873953,0.020071989856660366,660.0,0.0,0.0,0.0,33.0,0.02946665044873953,0.020071989856660366,660.0,0.0,0.0,33.0,33.0,0.02946665044873953,0.020071989856660366,660.0,0.0,0.0,33.0,33.0,0.02946665044873953,0.020071989856660366,660.0,0.0,0.0,33.0,33.0,0.02946665044873953,0.0,0.02946665044873953,0.0,0.02946665044873953,0.0,0.02946665044873953,0.0,0.0,0.0,0.0,0.0,0.0,0.0,0.0,0.0,0.0,0.0,0.0,0.0,0.0,0.0,0.0,0.0,0.0,0.0,0.0,0.0,0.0,0.0,0.0,0.0,0.0,0.0008929288014769554,0.0008929288014769554,0.0,0.0008929288014769554,0.0008929288014769554,0.0,0.0008929288014769554,0.0008929288014769554,0.0,0.0008929288014769554,0.0008929288014769554,33,0.0,0.0,0.0,,0.0,0.0,0.0,0.0,,0.0,0.0,0.0,0.0,,0.0,1.0,,
crmarenapro,query11,8,inf,0.028573721647262573,0.01946374773979187,640.0,0.0,0.0,0.0,32.0,0.028573721647262573,0.01946374773979187,640.0,0.0,0.0,0.0,32.0,0.028573721647262573,0.01946374773979187,640.0,0.0,0.0,0.0,32.0,0.028573721647262573,0.01946374773979187,640.0,0.0,0.0,0.0,32.0,0.028573721647262573,0.0,0.028573721647262573,0.0,0.028573721647262573,0.0,0.028573721647262573,0.0,0.0,0.0,0.0,0.0,0.0,0.0,0.0,0.0,0.0,0.0,0.0,0.0,0.0,0.0,0.0,0.0,0.0,0.0,0.0,0.0,0.0,0.0,0.0,0.0,0.0,0.0008929288014769554,0.0008929288014769554,0.0,0.0008929288014769554,0.0008929288014769554,0.0,0.0008929288014769554,0.0008929288014769554,0.0,0.0008929288014769554,0.0008929288014769554,32,0.0,0.0,0.0,,0.0,0.0,0.0,0.0,,0.0,0.0,0.0,0.0,,0.0,1.0,,
crmarenapro,query11,16,inf,0.05982622969895601,0.04075222183018923,1340.0,0.0,0.0,0.0,67.0,0.05982622969895601,0.04075222183018923,1340.0,0.0,0.0,0.0,67.0,0.05982622969895601,0.04075222183018923,1340.0,0.0,0.0,0.0,67.0,0.05982622969895601,0.04075222183018923,1340.0,0.0,0.0,0.0,67.0,0.05982622969895601,0.0,0.05982622969895601,0.0,0.05982622969895601,0.0,0.05982622969895601,0.0,0.0,0.0,0.0,0.0,0.0,0.0,0.0,0.0,0.0,0.0,0.0,0.0,0.0,0.0,0.0,0.0,0.0,0.0,0.0,0.0,0.0,0.0,0.0,0.0,0.0,0.0008929288014769554,0.0008929288014769554,0.0,0.0008929288014769554,0.0008929288014769554,0.0,0.0008929288014769554,0.0008929288014769554,0.0,0.0008929288014769554,0.0008929288014769554,67,0.0,0.0,0.0,,0.0,0.0,0.0,0.0,,0.0,0.0,0.0,0.0,,0.0,1.0,,
crmarenapro,query11,50,inf,0.17858576029539108,0.12164842337369919,4000.0,0.0,0.0,0.0,200.0,0.17858576029539108,0.12164842337369919,4000.0,0.0,0.0,0.0,200.0,0.17858576029539108,0.12164842337369919,4000.0,0.0,0.0,0.0,200.0,0.17858576029539108,0.12164842337369919,4000.0,0.0,0.0,0.0,200.0,0.17858576029539108,0.0,0.17858576029539108,0.0,0.17858576029539108,0.0,0.17858576029539108,0.0,0.0,0.0,0.0,0.0,0.0,0.0,0.0,0.0,0.0,0.0,0.0,0.0,0.0,0.0,0.0,0.0,0.0,0.0,0.0,0.0,0.0,0.0,0.0,0.0,0.0,0.0008929288014769554,0.0008929288014769554,0.0,0.0008929288014769554,0.0008929288014769554,0.0,0.0008929288014769554,0.0008929288014769554,0.0,0.0008929288014769554,0.0008929288014769554,200,0.0,0.0,0.0,,0.0,0.0,0.0,0.0,,0.0,0.0,0.0,0.0,,0.0,1.0,,
crmarenapro,query12,1,inf,4.532080963253975,4.354697895236313,61242.0,0.0,0.0,0.0,345.0,4.532080963253975,4.354697895236313,61242.0,0.0,0.0,0.0,345.0,4.532080963253975,4.354697895236313,61242.0,0.0,0.0,0.0,345.0,4.532080963253975,4.354697895236313,61242.0,0.0,0.0,0.0,345.0,0.0,0.0,0.0,0.0,0.0,0.0,0.0,0.0,0.0,0.0,0.0,0.0,0.0,0.0,0.0,0.0,0.0,0.0,0.0,0.0,0.0,0.0,0.0,0.0,4.532080963253975,0.0,4.532080963253975,0.0,4.532080963253975,0.0,4.532080963253975,0.0,0.0,0.01313382571722131,0.013601500463740129,0.0,0.01313382571722131,0.013601500463740129,0.0,0.01313382571722131,0.013601500463740129,0.0,0.01313382571722131,0.013601500463740129,345,0.0,0.0,0.0,,0.0,0.0,0.0,0.0,,0.0,0.0,0.0,0.0,,0.0,1.0,,
crmarenapro,query12,2,1,8.36671331524849,8.044059776701033,88359.0,0.0,0.0,0.0,643.0,8.36671331524849,8.044059776701033,88359.0,0.0,0.0,0.0,643.0,8.316320414977074,7.995425927452743,88268.0,0.0,4.0,0.0,643.0,8.316520414977074,7.995425927452743,88268.0,0.0,4.0,0.0,643.0,0.0,0.0,0.0,0.0,0.0,0.0,0.0,0.0,0.0,0.0,0.0,0.0,0.0,0.0,0.0,0.0,0.0,0.0,0.0,0.0,0.0,0.0,0.0,0.0,8.36671331524849,0.0,8.36671331524849,0.0,8.316320414977074,0.0,8.316520414977074,0.0,0.0,0.012996143199626572,0.013555639672424059,0.0,0.012996143199626572,0.013555639672424059,0.0,0.01299055074418564,0.013555639672424059,0.0,0.01299055074418564,0.013555639672424059,643,0.0,0.0,0.0,,0.0,0.0060459333468846355,0.006023022227805153,0.0010298894283548021,,0.006220839813374806,0.0060459333468846355,0.005999117978613966,0.0010298894283548021,,0.006220839813374806,1.0000240490974397,,
crmarenapro,query12,2,1/16,8.352576754055917,8.027909972704947,101098.0,0.0,0.0,0.0,641.0,8.352576754055917,8.027909972704947,101098.0,0.0,0.0,29.0,641.0,8.315056482804417,7.991708362475038,101033.0,0.0,3.0,29.0,641.0,8.313514940238594,7.9900724133476615,101035.0,0.0,3.0,206.0,641.0,0.0,0.0,0.0,0.0,0.0,0.0,0.0,0.0,0.0,0.0,0.0,0.0,0.0,0.0,0.0,0.0,0.0,0.0,0.0,0.0,0.0,0.0,0.0,0.0,8.352576754055917,0.0,8.352576754055917,0.0,8.315056482804417,0.0,8.313514940238594,0.0,0.0,0.012999541355075977,0.01360741953633852,0.0,0.012999541355075977,0.01360741953633852,0.0,0.012996780766979238,0.01360741953633852,0.0,0.012994334717296947,0.01360741498232898,641,0.0,0.0,0.0,,0.0,0.0045094688845535025,0.004492059439415552,0.0006429405131654908,,0.0046801872074883,0.004713251579294475,0.00467661836191513,0.0006231577281449185,,0.0046801872074883,0.9998146082869057,,
crmarenapro,query12,2,1/4,7.468624886125326,7.185793910175562,54714.0,0.0,0.0,0.0,575.0,7.468624886125326,7.185793910175562,54714.0,0.0,0.0,4.0,575.0,7.404776186852157,7.1242298018187284,54542.0,0.0,5.0,4.0,575.0,7.405026186852157,7.1242298018187284,54542.0,0.0,5.0,12.0,575.0,0.0,0.0,0.0,0.0,0.0,0.0,0.0,0.0,0.0,0.0,0.0,0.0,0.0,0.0,0.0,0.0,0.0,0.0,0.0,0.0,0.0,0.0,0.0,0.0,7.468624886125326,0.0,7.468624886125326,0.0,7.404776186852157,0.0,7.405026186852157,0.0,0.0,0.012938644804431302,0.013529512007210859,0.0,0.012938644804431302,0.013529512007210859,0.0,0.012932678777303091,0.013529512007210859,0.0,0.012932678777303091,0.013529512007210859,575,0.0,0.0,0.0,,0.0,0.008567474815782683,0.008548923027555277,0.003143619548927168,,0.008695652173913044,0.008567474815782683,0.00851544966347395,0.003143619548927168,,0.008695652173913044,1.0000337619927586,,
crmarenapro,query12,2,inf,8.05810092203319,7.747082511894405,82436.0,0.0,0.0,0.0,619.0,8.05810092203319,7.747082511894405,82436.0,0.0,0.0,0.0,619.0,8.006402843022645,7.697197415865958,82338.0,0.0,4.0,0.0,619.0,8.006602843022645,7.697197415865958,82338.0,0.0,4.0,0.0,619.0,0.0,0.0,0.0,0.0,0.0,0.0,0.0,0.0,0.0,0.0,0.0,0.0,0.0,0.0,0.0,0.0,0.0,0.0,0.0,0.0,0.0,0.0,0.0,0.0,8.05810092203319,0.0,8.05810092203319,0.0,8.006402843022645,0.0,8.006602843022645,0.0,0.0,0.013005195460425861,0.013570260453255363,0.0,0.013005195460425861,0.013570260453255363,0.0,0.01299669042984557,0.01357025571869038,0.0,0.01299669042984557,0.01357025571869038,619,0.0,0.0,0.0,,0.0,0.006439210625658998,0.006415665367157208,0.0011888010092677703,,0.006462035541195477,0.006439210625658998,0.006390845623406749,0.0011888010092677703,,0.006462035541195477,1.0000249800071168,,
crmarenapro,query12,4,1,16.060112779960036,15.440826528705657,165835.0,0.0,0.0,0.0,1235.0,16.060112779960036,15.440826528705657,165835.0,0.0,0.0,0.0,1235.0,15.826292977568805,15.215130846947432,165375.0,0.0,19.0,0.0,1235.0,15.827242977568805,15.215130846947432,165375.0,0.0,19.0,0.0,1235.0,0.0,0.0,0.0,0.0,0.0,0.0,0.0,0.0,0.0,0.0,0.0,0.0,0.0,0.0,0.0,0.0,0.0,0.0,0.0,0.0,0.0,0.0,0.0,0.0,16.060112779960036,0.0,16.060112779960036,0.0,15.826292977568805,0.0,15.827242977568805,0.0,0.0,0.013008242324773234,0.013757258585812915,0.0,0.013008242324773234,0.013757258585812915,0.0,0.01300056862653835,0.013757258585812915,0.0,0.01300056862653835,0.013757258585812915,1235,0.0,0.0,0.0,,0.0,0.014616813506624138,0.014559038631596244,0.002773841468930005,,0.015384615384615385,0.014616813506624138,0.014499885871399942,0.002773841468930005,,0.015384615384615385,1.0000600266911113,,
crmarenapro,query12,4,1/16,15.949441990815103,15.342600136063993,117339.0,0.0,0.0,0.0,1225.0,15.949441990815103,15.342600136063993,117339.0,0.0,0.0,42.0,1225.0,15.911292518963515,15.305827711708844,117273.0,0.0,3.0,42.0,1225.0,15.897516544638872,15.292317083105445,117253.0,0.0,4.0,407.0,1225.0,0.0,0.0,0.0,0.0,0.0,0.0,0.0,0.0,0.0,0.0,0.0,0.0,0.0,0.0,0.0,0.0,0.0,0.0,0.0,0.0,0.0,0.0,0.0,0.0,15.949441990815103,0.0,15.949441990815103,0.0,15.911292518963515,0.0,15.897516544638872,0.0,0.0,0.012952401271611926,0.013632829407835082,0.0,0.012952401271611926,0.013632829407835082,0.0,0.012949652514556886,0.013632829407835082,0.0,0.012947166954007024,0.01363282256231756,1225,0.0,0.0,0.0,,0.0,0.002396753094588755,0.002391900097417632,0.000562472835118788,,0.0024489795918367346,0.003277348853037876,0.003255627764666258,0.0007329191487911446,,0.0032653061224489797,0.9991342014290653,,
crmarenapro,query12,4,1/4,15.850792920216918,15.240664678625762,160687.0,0.0,0.0,0.0,1219.0,15.850792920216918,15.240664678625762,160687.0,0.0,0.0,18.0,1219.0,15.654273024186194,15.05096001829952,160240.0,0.0,16.0,18.0,1219.0,15.655073024186194,15.05096001829952,160240.0,0.0,16.0,34.0,1219.0,0.0,0.0,0.0,0.0,0.0,0.0,0.0,0.0,0.0,0.0,0.0,0.0,0.0,0.0,0.0,0.0,0.0,0.0,0.0,0.0,0.0,0.0,0.0,0.0,15.850792920216918,0.0,15.850792920216918,0.0,15.654273024186194,0.0,15.655073024186194,0.0,0.0,0.012990837029899192,0.013726767432686107,0.0,0.012990837029899192,0.013726767432686107,0.0,0.012984830381906336,0.013726758533513328,0.0,0.012984830381906336,0.013726758533513328,1219,0.0,0.0,0.0,,0.0,0.012447269481120071,0.012398111376502263,0.0027818056221100562,,0.013125512715340444,0.012447269481120071,0.012347640715253627,0.0027818056221100562,,0.013125512715340444,1.0000511042575253,,
crmarenapro,query12,4,inf,16.092449779622257,15.473811022937298,152211.0,0.0,0.0,0.0,1239.0,16.092449779622257,15.473811022937298,152211.0,0.0,0.0,0.0,1239.0,15.766393692929745,15.159191267564893,151536.0,0.0,26.0,0.0,1239.0,15.767693692929745,15.159191267564893,151536.0,0.0,26.0,0.0,1239.0,0.0,0.0,0.0,0.0,0.0,0.0,0.0,0.0,0.0,0.0,0.0,0.0,0.0,0.0,0.0,0.0,0.0,0.0,0.0,0.0,0.0,0.0,0.0,0.0,16.092449779622257,0.0,16.092449779622257,0.0,15.766393692929745,0.0,15.767693692929745,0.0,0.0,0.012995232386257008,0.013713251550193768,0.0,0.012995232386257008,0.013713251550193768,0.0,0.01294142904363932,0.013712612096328063,0.0,0.0129415898153435,0.013712612096328063,1239,0.0,0.0,0.0,,0.0,0.02033240259339053,0.02026143260707236,0.004434633502177876,,0.020984665052461663,0.02033240259339053,0.020180649381534632,0.004434633502177876,,0.020984665052461663,1.0000824538588418,,
crmarenapro,query12,8,1,31.651430554687977,30.44070361275226,267693.0,0.0,0.0,0.0,2432.0,31.651430554687977,30.44070361275226,267693.0,0.0,0.0,0.0,2432.0,30.362016769272685,29.196365199051797,264987.0,0.0,103.0,0.0,2432.0,30.367166769272686,29.196365199051797,264987.0,0.0,103.0,0.0,2432.0,0.0,0.0,0.0,0.0,0.0,0.0,0.0,0.0,0.0,0.0,0.0,0.0,0.0,0.0,0.0,0.0,0.0,0.0,0.0,0.0,0.0,0.0,0.0,0.0,31.651430554687977,0.0,31.651430554687977,0.0,30.362016769272685,0.0,30.367166769272686,0.0,0.0,0.01300026320631763,0.01393267120516516,0.0,0.01300026320631763,0.01393267120516516,0.0,0.012973045530778013,0.01393267120516516,0.0,0.012973045530778013,0.01393267120516516,2432,0.0,0.0,0.0,,0.0,0.040877452424561644,0.04073793072914722,0.010108594546738292,,0.04235197368421053,0.040877452424561644,0.04057522086391374,0.010108594546738292,,0.04235197368421053,1.0001696198259535,,
crmarenapro,query12,8,1/16,31.066344370134175,29.87535627093166,276633.0,0.0,0.0,0.0,2383.0,31.066344370134175,29.87535627093166,276633.0,0.0,0.0,97.0,2383.0,30.97596172602415,29.788208339363337,276493.0,0.0,7.0,97.0,2383.0,30.887794774014054,29.702427060343325,276328.0,0.0,14.0,789.0,2383.0,0.0,0.0,0.0,0.0,0.0,0.0,0.0,0.0,0.0,0.0,0.0,0.0,0.0,0.0,0.0,0.0,0.0,0.0,0.0,0.0,0.0,0.0,0.0,0.0,31.066344370134175,0.0,31.066344370134175,0.0,30.97596172602415,0.0,30.887794774014054,0.0,0.0,0.013026005268948985,0.013952450925345592,0.0,0.013026005268948985,0.013952450925345592,0.0,0.013021644473600973,0.013952450925345592,0.0,0.013019689798424456,0.013952450925345592,2383,0.0,0.0,0.0,,0.0,0.0029170507885497576,0.0029093427611944778,0.0005060856803056346,,0.0029374737725556023,0.005788356430634245,0.0057473642213201614,0.0011025438035230373,,0.005874947545111205,0.9971536976707966,,
crmarenapro,query12,8,1/4,31.707736818119884,30.489409779198468,305886.0,0.0,0.0,0.0,2435.0,31.707736818119884,30.489409779198468,305886.0,0.0,0.0,33.0,2435.0,30.674901183314024,29.492814301513135,303674.0,0.0,82.0,33.0,2435.0,30.652750533935727,29.467371434904635,303627.0,0.0,84.0,62.0,2435.0,0.0,0.0,0.0,0.0,0.0,0.0,0.0,0.0,0.0,0.0,0.0,0.0,0.0,0.0,0.0,0.0,0.0,0.0,0.0,0.0,0.0,0.0,0.0,0.0,31.707736818119884,0.0,31.707736818119884,0.0,30.674901183314024,0.0,30.652750533935727,0.0,0.0,0.013021057900140418,0.0139404864792286,0.0,0.013021057900140418,0.0139404864792286,0.0,0.012992422578192534,0.013940475617431383,0.0,0.012992350305331515,0.013940475617431383,2435,0.0,0.0,0.0,,0.0,0.032686611020107836,0.03257361573077111,0.007231452240377134,,0.03367556468172485,0.03352109311709672,0.033272203886253626,0.007385104254526209,,0.03449691991786448,0.9992778901145949,,
crmarenapro,query12,8,inf,31.739135845564306,30.522258036769927,291525.0,0.0,0.0,0.0,2445.0,31.739135845564306,30.522258036769927,291525.0,0.0,0.0,0.0,2445.0,30.49024629947871,29.31702914647758,289074.0,0.0,99.0,0.0,2445.0,30.49519629947871,29.31702914647758,289074.0,0.0,99.0,0.0,2445.0,0.0,0.0,0.0,0.0,0.0,0.0,0.0,0.0,0.0,0.0,0.0,0.0,0.0,0.0,0.0,0.0,0.0,0.0,0.0,0.0,0.0,0.0,0.0,0.0,31.739135845564306,0.0,31.739135845564306,0.0,30.49024629947871,0.0,30.49519629947871,0.0,0.0,0.012976481777397877,0.013874697527090247,0.0,0.012976481777397877,0.013874697527090247,0.0,0.012946421284218655,0.013874674660148734,0.0,0.012946421284218655,0.013874674660148734,2445,0.0,0.0,0.0,,0.0,0.03948688491003571,0.03934856803166975,0.008407512220221292,,0.04049079754601227,0.03948688491003571,0.03919260915414757,0.008407512220221292,,0.04049079754601227,1.0001623469994758,,
crmarenapro,query12,16,inf,63.45889928378165,61.011878431774676,637215.0,0.0,0.0,0.0,4888.0,63.45889928378165,61.011878431774676,637215.0,0.0,0.0,0.0,4888.0,58.28029100625098,56.01421158388257,626588.0,0.0,414.0,0.0,4888.0,58.300991006250975,56.01421158388257,626588.0,0.0,414.0,0.0,4888.0,0.0,0.0,0.0,0.0,0.0,0.0,0.0,0.0,0.0,0.0,0.0,0.0,0.0,0.0,0.0,0.0,0.0,0.0,0.0,0.0,0.0,0.0,0.0,0.0,63.45889928378165,0.0,63.45889928378165,0.0,58.28029100625098,0.0,58.300991006250975,0.0,0.0,0.012958005809442218,0.014181249504232019,0.0,0.012958005809442218,0.014181249504232019,0.0,0.012891611048162804,0.014181241962153063,0.0,0.012891611048162804,0.014181241962153063,4888,0.0,0.0,0.0,,0.0,0.08191301393024064,0.08160570599203854,0.016677259637641884,,0.08469721767594109,0.08191301393024064,0.08127951060835514,0.016677259637641884,,0.08469721767594109,1.0003551801070756,,
crmarenapro,query12,50,inf,197.76015933603048,190.15881586819887,1891000.0,0.0,0.0,0.0,15200.0,197.76015933603048,190.15881586819887,1891000.0,0.0,0.0,0.0,15200.0,155.12093346941478,149.0139052271843,1800000.0,0.0,3400.0,0.0,15200.0,155.29093346941477,149.0139052271843,1800000.0,0.0,3400.0,0.0,15200.0,0.0,0.0,0.0,0.0,0.0,0.0,0.0,0.0,0.0,0.0,0.0,0.0,0.0,0.0,0.0,0.0,0.0,0.0,0.0,0.0,0.0,0.0,0.0,0.0,197.76015933603048,0.0,197.76015933603048,0.0,155.12093346941478,0.0,155.29093346941477,0.0,0.0,0.013090225402265787,0.014819438988342879,0.0,0.013090225402265787,0.014819438988342879,0.0,0.012697555590420961,0.014819438988342879,0.0,0.012697555590420961,0.014819438988342879,15200,0.0,0.0,0.0,,0.0,0.21637130234094726,0.21561079850347364,0.04812268640930728,,0.2236842105263158,0.21637130234094726,0.2147511713643635,0.04812268640930728,,0.2236842105263158,1.0010959191399755,,
crmarenapro,query13,1,inf,1.3217153185978532,1.2450300315394998,6825.0,0.0,0.0,0.0,194.0,1.3217153185978532,1.2450300315394998,6825.0,0.0,0.0,0.0,194.0,1.3217153185978532,1.2450300315394998,6825.0,0.0,0.0,0.0,194.0,1.3217153185978532,1.2450300315394998,6825.0,0.0,0.0,0.0,194.0,0.0918336333706975,0.0,0.0918336333706975,0.0,0.0918336333706975,0.0,0.0918336333706975,0.0,0.0,0.0,0.0,0.0,0.0,0.0,0.0,0.0,0.0,0.0,0.0,0.0,0.0,0.0,0.0,0.0,1.2298816852271557,0.0,1.2298816852271557,0.0,1.2298816852271557,0.0,1.2298816852271557,0.0,0.0,0.006027019398875143,0.009387593698001614,0.0,0.006027019398875143,0.009387593698001614,0.0,0.006027019398875143,0.009387593698001614,0.0,0.006027019398875143,0.009387593698001614,194,0.0,0.0,0.0,,0.0,0.0,0.0,0.0,,0.0,0.0,0.0,0.0,,0.0,1.0,,
crmarenapro,query13,2,1,3.1197766130790114,2.9320032726973295,17036.0,0.0,0.0,0.0,490.0,3.1197766130790114,2.9320032726973295,17036.0,0.0,0.0,0.0,490.0,3.103956336325407,2.9178747851401567,16775.0,0.0,5.0,0.0,490.0,3.104206336325407,2.9178747851401567,16775.0,0.0,5.0,0.0,490.0,0.24661954306066036,0.0,0.24661954306066036,0.0,0.24277410874694585,0.0,0.24297410874694586,0.0,0.0,0.0,0.0,0.0,0.0,0.0,0.0,0.0,0.0,0.0,0.0,0.0,0.0,0.0,0.0,0.0,2.873157070018351,0.0,2.873157070018351,0.0,2.8611822275784613,0.0,2.861232227578461,0.0,0.0,0.005572479295395535,0.008304246380572488,0.0,0.005572479295395535,0.008304246380572488,0.0,0.005570664775927038,0.008291432184315996,0.0,0.005570664775927038,0.008291432184315996,490,0.0,0.0,0.0,,0.0,0.00481871479774143,0.005070964596401328,0.015320497769429453,,0.01020408163265306,0.00481871479774143,0.0049908306538132274,0.015320497769429453,,0.01020408163265306,1.0000805423700954,,
crmarenapro,query13,2,1/16,2.9308786457404494,2.7530199829488993,15176.0,0.0,0.0,0.0,454.0,2.9308786457404494,2.7530199829488993,15176.0,0.0,0.0,454.0,454.0,2.9308786457404494,2.7530199829488993,15176.0,0.0,0.0,454.0,454.0,2.9308786457404494,2.7530199829488993,15176.0,0.0,0.0,454.0,454.0,0.22722799610346556,0.0,0.22722799610346556,0.0,0.22722799610346556,0.0,0.22722799610346556,0.0,0.0,0.0,0.0,0.0,0.0,0.0,0.0,0.0,0.0,0.0,0.0,0.0,0.0,0.0,0.0,0.0,2.703650649636984,0.0,2.703650649636984,0.0,2.703650649636984,0.0,2.703650649636984,0.0,0.0,0.005873000041271249,0.00905600085730354,0.0,0.005873000041271249,0.00905600085730354,0.0,0.005873000041271249,0.00905600085730354,0.0,0.005873000041271249,0.00905600085730354,454,0.0,0.0,0.0,,0.0,0.0,0.0,0.0,,0.0,0.0,0.0,0.0,,0.0,1.0,,
crmarenapro,query13,2,1/4,3.0728631410747766,2.8799966601654887,16844.0,0.0,0.0,0.0,504.0,3.0728631410747766,2.8799966601654887,16844.0,0.0,0.0,36.0,504.0,3.0728631410747766,2.8799966601654887,16844.0,0.0,0.0,36.0,504.0,3.060262330673039,2.8679739898070693,16799.0,0.0,2.0,328.0,504.0,0.2670217836275697,0.0,0.2670217836275697,0.0,0.2670217836275697,0.0,0.2661865278404951,0.0,0.0,0.0,0.0,0.0,0.0,0.0,0.0,0.0,0.0,0.0,0.0,0.0,0.0,0.0,0.0,0.0,2.805841357447207,0.0,2.805841357447207,0.0,2.805841357447207,0.0,2.794075802832544,0.0,0.0,0.005184243240778496,0.008341731511413337,0.0,0.005184243240778496,0.008341731511413337,0.0,0.005184243240778496,0.008341731511413337,0.0,0.005184243240778496,0.008341731511413337,504,0.0,0.0,0.0,,0.0,0.0,0.0,0.0,,0.0,0.0041745431599662375,0.004100674134589144,0.0026715744478745806,,0.003968253968253968,0.9958993258654109,,
crmarenapro,query13,2,inf,3.2740330127999187,3.076734986156225,16737.0,0.0,0.0,0.0,501.0,3.2740330127999187,3.076734986156225,16737.0,0.0,0.0,0.0,501.0,3.272250957482457,3.075488214381039,16695.0,0.0,2.0,0.0,501.0,3.272350957482457,3.075488214381039,16695.0,0.0,2.0,0.0,501.0,0.24744313769042492,0.0,0.24744313769042492,0.0,0.24566108237296344,0.0,0.24576108237296343,0.0,0.0,0.0,0.0,0.0,0.0,0.0,0.0,0.0,0.0,0.0,0.0,0.0,0.0,0.0,0.0,0.0,3.0265898751094937,0.0,3.0265898751094937,0.0,3.0265898751094937,0.0,3.0265898751094937,0.0,0.0,0.006155440098645088,0.008743039794366605,0.0,0.006155440098645088,0.008743039794366605,0.0,0.006155097054061061,0.008743039794366605,0.0,0.006155097054061061,0.008743039794366605,501,0.0,0.0,0.0,,0.0,0.00040522559817335324,0.000544299739952181,0.0025094102885822034,,0.003992015968063872,0.00040522559817335324,0.0005137563704719073,0.0025094102885822034,,0.003992015968063872,1.000030560003282,,
crmarenapro,query13,4,1,6.117005248554051,5.736512772738934,34147.0,0.0,0.0,0.0,974.0,6.117005248554051,5.736512772738934,34147.0,0.0,0.0,0.0,974.0,5.830098469847143,5.463392639532685,33143.0,0.0,36.0,0.0,974.0,5.831898469847142,5.463392639532685,33143.0,0.0,36.0,0.0,974.0,0.5036137411370873,0.0,0.5036137411370873,0.0,0.4911431332218647,0.0,0.4918431332218647,0.0,0.0,0.0,0.0,0.0,0.0,0.0,0.0,0.0,0.0,0.0,0.0,0.0,0.0,0.0,0.0,0.0,5.613391507416964,0.0,5.613391507416964,0.0,5.338955336625278,0.0,5.340055336625278,0.0,0.0,0.005471019965891794,0.008946180505662912,0.0,0.005471019965891794,0.008946180505662912,0.0,0.0051190917850982365,0.008943323727613844,0.0,0.005119295037130757,0.008943323727613844,974,0.0,0.0,0.0,,0.0,0.04761082978916564,0.046903144112019124,0.029402290098690997,,0.03696098562628337,0.04761082978916564,0.04660888247141892,0.029402290098690997,,0.03696098562628337,1.0003087426411936,,
crmarenapro,query13,4,1/16,6.380187172442675,6.0054790284484625,30423.0,0.0,0.0,0.0,949.0,6.380187172442675,6.0054790284484625,30423.0,0.0,0.0,949.0,949.0,6.380187172442675,6.0054790284484625,30423.0,0.0,0.0,949.0,949.0,6.380187172442675,6.0054790284484625,30423.0,0.0,0.0,949.0,949.0,0.4544748552143574,0.0,0.4544748552143574,0.0,0.4544748552143574,0.0,0.4544748552143574,0.0,0.0,0.0,0.0,0.0,0.0,0.0,0.0,0.0,0.0,0.0,0.0,0.0,0.0,0.0,0.0,0.0,5.925712317228317,0.0,5.925712317228317,0.0,5.925712317228317,0.0,5.925712317228317,0.0,0.0,0.006095178446134295,0.009293124437468445,0.0,0.006095178446134295,0.009293124437468445,0.0,0.006095178446134295,0.009293124437468445,0.0,0.006095178446134295,0.009293124437468445,949,0.0,0.0,0.0,,0.0,0.0,0.0,0.0,,0.0,0.0,0.0,0.0,,0.0,1.0,,
crmarenapro,query13,4,1/4,6.14535831194371,5.76953368075192,36247.0,0.0,0.0,0.0,950.0,6.14535831194371,5.76953368075192,36247.0,0.0,0.0,118.0,950.0,6.129953290810287,5.755168890580535,36182.0,0.0,3.0,118.0,950.0,6.113611878950298,5.740664392709732,35991.0,0.0,12.0,631.0,950.0,0.4808213198557496,0.0,0.4808213198557496,0.0,0.47905080828160046,0.0,0.4726059960916638,0.0,0.0,0.0,0.0,0.0,0.0,0.0,0.0,0.0,0.0,0.0,0.0,0.0,0.0,0.0,0.0,0.0,5.66453699208796,0.0,5.66453699208796,0.0,5.650902482528687,0.0,5.641005882858634,0.0,0.0,0.005921297579161113,0.009188364333443581,0.0,0.005921297579161113,0.009188364333443581,0.0,0.005921297579161113,0.009187572127178549,0.0,0.005921297579161113,0.009188364333443581,950,0.0,0.0,0.0,,0.0,0.002489766238701119,0.002506773462416678,0.0017932518553259724,,0.003157894736842105,0.005003747207248388,0.005165920582972605,0.0070626534609761205,,0.01263157894736842,0.9973341702481668,,
crmarenapro,query13,4,inf,5.766611665487289,5.406629418954253,31451.0,0.0,0.0,0.0,931.0,5.766611665487289,5.406629418954253,31451.0,0.0,0.0,0.0,931.0,5.495141816126406,5.149498077109456,30413.0,0.0,38.0,0.0,931.0,5.497041816126406,5.149498077109456,30413.0,0.0,38.0,0.0,931.0,0.4849081141874194,0.0,0.4849081141874194,0.0,0.4688649913823605,0.0,0.46976499138236044,0.0,0.0,0.0,0.0,0.0,0.0,0.0,0.0,0.0,0.0,0.0,0.0,0.0,0.0,0.0,0.0,0.0,5.28170355129987,0.0,5.28170355129987,0.0,5.026276824744046,0.0,5.027276824744046,0.0,0.0,0.005442064856709559,0.008583496726915742,0.0,0.005442064856709559,0.008583496726915742,0.0,0.005145766823415012,0.008570916912192281,0.0,0.005145766823415012,0.008570916912192281,931,0.0,0.0,0.0,,0.0,0.047558528968780545,0.047076145422728755,0.03300372007249375,,0.04081632653061224,0.047558528968780545,0.04674666251140813,0.03300372007249375,,0.04081632653061224,1.0003457599573544,,
crmarenapro,query13,8,1,11.479543042369187,10.77922901045531,64115.0,0.0,0.0,0.0,1777.0,11.479543042369187,10.77922901045531,64115.0,0.0,0.0,0.0,1777.0,10.724949960421323,10.062941576354206,60875.0,0.0,99.0,0.0,1777.0,10.729899960421324,10.062941576354206,60875.0,0.0,99.0,0.0,1777.0,0.8943230332806706,0.0,0.8943230332806706,0.0,0.8558581929022073,0.0,0.8579581929022074,0.0,0.0,0.0,0.0,0.0,0.0,0.0,0.0,0.0,0.0,0.0,0.0,0.0,0.0,0.0,0.0,0.0,10.585220009088516,0.0,10.585220009088516,0.0,9.869091767519116,0.0,9.871941767519116,0.0,0.0,0.005163898150546148,0.008794364810592549,0.0,0.005163898150546148,0.008794364810592549,0.0,0.0045204727947067685,0.008781793209970655,0.0,0.0045206198535302985,0.008781793209970655,1777,0.0,0.0,0.0,,0.0,0.06645071121564838,0.06573372120848187,0.05053419636590506,,0.05571187394485087,0.06645071121564838,0.0653025193756448,0.05053419636590506,,0.05571187394485087,1.0004615406149462,,
crmarenapro,query13,8,1/16,11.643956021405756,10.914346157573164,67346.0,0.0,0.0,0.0,1865.0,11.643956021405756,10.914346157573164,67346.0,0.0,0.0,1865.0,1865.0,11.643956021405756,10.914346157573164,67346.0,0.0,0.0,1865.0,1865.0,11.643956021405756,10.914346157573164,67346.0,0.0,0.0,1865.0,1865.0,0.9691699212417006,0.0,0.9691699212417006,0.0,0.9691699212417006,0.0,0.9691699212417006,0.0,0.0,0.0,0.0,0.0,0.0,0.0,0.0,0.0,0.0,0.0,0.0,0.0,0.0,0.0,0.0,0.0,10.674786100164056,0.0,10.674786100164056,0.0,10.674786100164056,0.0,10.674786100164056,0.0,0.0,0.00506753326176708,0.00892242032767337,0.0,0.00506753326176708,0.00892242032767337,0.0,0.00506753326176708,0.00892242032767337,0.0,0.00506753326176708,0.00892242032767337,1865,0.0,0.0,0.0,,0.0,0.0,0.0,0.0,,0.0,0.0,0.0,0.0,,0.0,1.0,,
crmarenapro,query13,8,1/4,12.719671537168324,11.943068376742303,68933.0,0.0,0.0,0.0,1979.0,12.719671537168324,11.943068376742303,68933.0,0.0,0.0,213.0,1979.0,12.714428911003173,11.939395715482533,68813.0,0.0,6.0,213.0,1979.0,12.609037720575035,11.83964014891535,68323.0,0.0,28.0,1285.0,1979.0,1.0008256770670414,0.0,1.0008256770670414,0.0,0.9955830509018898,0.0,0.984316297391057,0.0,0.0,0.0,0.0,0.0,0.0,0.0,0.0,0.0,0.0,0.0,0.0,0.0,0.0,0.0,0.0,0.0,11.718845860101283,0.0,11.718845860101283,0.0,11.718845860101283,0.0,11.624721423183978,0.0,0.0,0.005219643327462322,0.009118664097862647,0.0,0.005219643327462322,0.009118664097862647,0.0,0.005219643327462322,0.009118664097862647,0.0,0.005203535296844647,0.009118664097862647,1979,0.0,0.0,0.0,,0.0,0.00030751404445794606,0.0004121667882563962,0.001740820797005771,,0.003031834259727135,0.0086601051391757,0.008697851691374603,0.008849172384779447,,0.01414855987872663,0.9917108986045821,,
crmarenapro,query13,8,inf,12.077305350452662,11.330964222550392,65568.0,0.0,0.0,0.0,1922.0,12.077305350452662,11.330964222550392,65568.0,0.0,0.0,0.0,1922.0,10.425739645794332,9.759650071151555,60027.0,0.0,209.0,0.0,1922.0,10.436189645794332,9.759650071151555,60027.0,0.0,209.0,0.0,1922.0,0.9916305262595415,0.0,0.9916305262595415,0.0,0.9174278818669915,0.0,0.9216278818669915,0.0,0.0,0.0,0.0,0.0,0.0,0.0,0.0,0.0,0.0,0.0,0.0,0.0,0.0,0.0,0.0,0.0,11.08567482419312,0.0,11.08567482419312,0.0,9.50831176392734,0.0,9.514561763927341,0.0,0.0,0.004975775503922156,0.008618406999768836,0.0,0.004975775503922156,0.008618406999768836,0.0,0.0035896715512430386,0.00861023853156071,0.0,0.0035898181788090212,0.00861023853156071,1922,0.0,0.0,0.0,,0.0,0.13867435467421885,0.13674951959349346,0.0845076866764275,,0.10874089490114464,0.13867435467421885,0.13588426035753243,0.0845076866764275,,0.10874089490114464,1.0010023269672015,,
crmarenapro,query13,16,inf,23.973069936037064,22.48338886257261,132954.0,0.0,0.0,0.0,3827.0,23.973069936037064,22.48338886257261,132954.0,0.0,0.0,0.0,3827.0,18.37398834954858,17.175417967140675,110813.0,0.0,773.0,0.0,3827.0,18.41263834954858,17.175417967140675,110813.0,0.0,773.0,0.0,3827.0,1.980998756363988,0.0,1.980998756363988,0.0,1.6632803510412573,0.0,1.6810303510412574,0.0,0.0,0.0,0.0,0.0,0.0,0.0,0.0,0.0,0.0,0.0,0.0,0.0,0.0,0.0,0.0,0.0,21.992071179673076,0.0,21.992071179673076,0.0,16.71070799850732,0.0,16.73160799850732,0.0,0.0,0.004091363424891668,0.00794544113176992,0.0,0.004091363424891668,0.00794544113176992,0.0,0.00228183375702953,0.007926213713650638,0.0,0.002282054507581406,0.007926213713650638,3827,0.0,0.0,0.0,,0.0,0.23608411204718105,0.23355713729728755,0.16653128149585572,,0.20198588973085968,0.23608411204718105,0.2319449115747112,0.16653128149585572,,0.20198588973085968,1.0021035171713795,,
crmarenapro,query13,50,inf,75.85913147777319,71.16990834474564,415200.0,0.0,0.0,0.0,12000.0,75.85913147777319,71.16990834474564,415200.0,0.0,0.0,0.0,12000.0,40.49128528404234,37.7760823816061,260400.0,0.0,5400.0,0.0,12000.0,40.761285284042316,37.7760823816061,260400.0,0.0,5400.0,0.0,12000.0,6.155163981020451,0.0,6.155163981020451,0.0,3.6341221464276297,0.0,3.7741221464276324,0.0,0.0,0.0,0.0,0.0,0.0,0.0,0.0,0.0,0.0,0.0,0.0,0.0,0.0,0.0,0.0,0.0,69.70396749675274,0.0,69.70396749675274,0.0,36.85716313761472,0.0,36.98716313761471,0.0,0.0,0.001042911938081185,0.00887952052677671,0.0,0.001042911938081185,0.00887952052677671,0.0,0.000660629737029473,0.00887952052677671,0.0,0.0006772964036961396,0.00887952052677671,12000,0.0,0.0,0.0,,0.0,0.4692127155957613,0.4662305711223924,0.3728323699421965,,0.45,0.4692127155957613,0.46267134239487806,0.3728323699421965,,0.45,1.0066681014965555,,
crmarenapro,query2,1,inf,0.09750808216631413,0.0940941870212555,278.0,0.0,0.0,0.0,8.0,0.09750808216631413,0.0940941870212555,278.0,0.0,0.0,0.0,8.0,0.09750808216631413,0.0940941870212555,278.0,0.0,0.0,0.0,8.0,0.09750808216631413,0.0940941870212555,278.0,0.0,0.0,0.0,8.0,0.0,0.0,0.0,0.0,0.0,0.0,0.0,0.0,0.0,0.0,0.0,0.0,0.0,0.0,0.0,0.0,0.0,0.0,0.0,0.0,0.0,0.0,0.0,0.0,0.09750808216631413,0.0,0.09750808216631413,0.0,0.09750808216631413,0.0,0.09750808216631413,0.0,0.0,0.012188510270789266,0.012188510270789266,0.0,0.012188510270789266,0.012188510270789266,0.0,0.012188510270789266,0.012188510270789266,0.0,0.012188510270789266,0.012188510270789266,8,0.0,0.0,0.0,,0.0,0.0,0.0,0.0,,0.0,0.0,0.0,0.0,,0.0,1.0,,
crmarenapro,query2,2,1,0.25825411174446344,0.2492767246440053,760.0,0.0,0.0,0.0,21.0,0.25825411174446344,0.2492767246440053,760.0,0.0,0.0,21.0,21.0,0.25825411174446344,0.2492767246440053,760.0,0.0,0.0,21.0,21.0,0.25825411174446344,0.2492767246440053,760.0,0.0,0.0,21.0,21.0,0.0,0.0,0.0,0.0,0.0,0.0,0.0,0.0,0.0,0.0,0.0,0.0,0.0,0.0,0.0,0.0,0.0,0.0,0.0,0.0,0.0,0.0,0.0,0.0,0.25825411174446344,0.0,0.25825411174446344,0.0,0.25825411174446344,0.0,0.25825411174446344,0.0,0.0,0.01229781484497445,0.01229781484497445,0.0,0.01229781484497445,0.01229781484497445,0.0,0.01229781484497445,0.01229781484497445,0.0,0.01229781484497445,0.01229781484497445,21,0.0,0.0,0.0,,0.0,0.0,0.0,0.0,,0.0,0.0,0.0,0.0,,0.0,1.0,,
crmarenapro,query2,2,1/16,0.24627427384257317,0.23772217705845833,728.0,0.0,0.0,0.0,20.0,0.24627427384257317,0.23772217705845833,728.0,0.0,0.0,20.0,20.0,0.24627427384257317,0.23772217705845833,728.0,0.0,0.0,20.0,20.0,0.24627427384257317,0.23772217705845833,728.0,0.0,0.0,20.0,20.0,0.0,0.0,0.0,0.0,0.0,0.0,0.0,0.0,0.0,0.0,0.0,0.0,0.0,0.0,0.0,0.0,0.0,0.0,0.0,0.0,0.0,0.0,0.0,0.0,0.24627427384257317,0.0,0.24627427384257317,0.0,0.24627427384257317,0.0,0.24627427384257317,0.0,0.0,0.012313713692128659,0.012313713692128659,0.0,0.012313713692128659,0.012313713692128659,0.0,0.012313713692128659,0.012313713692128659,0.0,0.012313713692128659,0.012313713692128659,20,0.0,0.0,0.0,,0.0,0.0,0.0,0.0,,0.0,0.0,0.0,0.0,,0.0,1.0,,
crmarenapro,query2,2,1/4,0.16158071905374527,0.15601144079118967,493.0,0.0,0.0,0.0,13.0,0.16158071905374527,0.15601144079118967,493.0,0.0,0.0,13.0,13.0,0.16158071905374527,0.15601144079118967,493.0,0.0,0.0,13.0,13.0,0.16158071905374527,0.15601144079118967,493.0,0.0,0.0,13.0,13.0,0.0,0.0,0.0,0.0,0.0,0.0,0.0,0.0,0.0,0.0,0.0,0.0,0.0,0.0,0.0,0.0,0.0,0.0,0.0,0.0,0.0,0.0,0.0,0.0,0.16158071905374527,0.0,0.16158071905374527,0.0,0.16158071905374527,0.0,0.16158071905374527,0.0,0.0,0.012429286081057329,0.012429286081057329,0.0,0.012429286081057329,0.012429286081057329,0.0,0.012429286081057329,0.012429286081057329,0.0,0.012429286081057329,0.012429286081057329,13,0.0,0.0,0.0,,0.0,0.0,0.0,0.0,,0.0,0.0,0.0,0.0,,0.0,1.0,,
crmarenapro,query2,2,inf,0.20866538118571043,0.2014007279649377,610.0,0.0,0.0,0.0,17.0,0.20866538118571043,0.2014007279649377,610.0,0.0,0.0,0.0,17.0,0.20866538118571043,0.2014007279649377,610.0,0.0,0.0,0.0,17.0,0.20866538118571043,0.2014007279649377,610.0,0.0,0.0,0.0,17.0,0.0,0.0,0.0,0.0,0.0,0.0,0.0,0.0,0.0,0.0,0.0,0.0,0.0,0.0,0.0,0.0,0.0,0.0,0.0,0.0,0.0,0.0,0.0,0.0,0.20866538118571043,0.0,0.20866538118571043,0.0,0.20866538118571043,0.0,0.20866538118571043,0.0,0.0,0.01227443418739473,0.01227443418739473,0.0,0.01227443418739473,0.01227443418739473,0.0,0.01227443418739473,0.01227443418739473,0.0,0.01227443418739473,0.01227443418739473,17,0.0,0.0,0.0,,0.0,0.0,0.0,0.0,,0.0,0.0,0.0,0.0,,0.0,1.0,,
crmarenapro,query2,4,1,0.3855646960437298,0.3722823290154338,1179.0,0.0,0.0,0.0,31.0,0.3855646960437298,0.3722823290154338,1179.0,0.0,0.0,31.0,31.0,0.3855646960437298,0.3722823290154338,1179.0,0.0,0.0,31.0,31.0,0.3855646960437298,0.3722823290154338,1179.0,0.0,0.0,31.0,31.0,0.0,0.0,0.0,0.0,0.0,0.0,0.0,0.0,0.0,0.0,0.0,0.0,0.0,0.0,0.0,0.0,0.0,0.0,0.0,0.0,0.0,0.0,0.0,0.0,0.3855646960437298,0.0,0.3855646960437298,0.0,0.3855646960437298,0.0,0.3855646960437298,0.0,0.0,0.012437570840120316,0.012437570840120316,0.0,0.012437570840120316,0.012437570840120316,0.0,0.012437570840120316,0.012437570840120316,0.0,0.012437570840120316,0.012437570840120316,31,0.0,0.0,0.0,,0.0,0.0,0.0,0.0,,0.0,0.0,0.0,0.0,,0.0,1.0,,
crmarenapro,query2,4,1/16,0.40952437184751034,0.39539142418652773,1243.0,0.0,0.0,0.0,33.0,0.40952437184751034,0.39539142418652773,1243.0,0.0,0.0,33.0,33.0,0.40952437184751034,0.39539142418652773,1243.0,0.0,0.0,33.0,33.0,0.40952437184751034,0.39539142418652773,1243.0,0.0,0.0,33.0,33.0,0.0,0.0,0.0,0.0,0.0,0.0,0.0,0.0,0.0,0.0,0.0,0.0,0.0,0.0,0.0,0.0,0.0,0.0,0.0,0.0,0.0,0.0,0.0,0.0,0.40952437184751034,0.0,0.40952437184751034,0.0,0.40952437184751034,0.0,0.40952437184751034,0.0,0.0,0.012409829449924555,0.012409829449924555,0.0,0.012409829449924555,0.012409829449924555,0.0,0.012409829449924555,0.012409829449924555,0.0,0.012409829449924555,0.012409829449924555,33,0.0,0.0,0.0,,0.0,0.0,0.0,0.0,,0.0,0.0,0.0,0.0,,0.0,1.0,,
crmarenapro,query2,4,1/4,0.49087916873395443,0.4737865477800369,1434.0,0.0,0.0,0.0,40.0,0.49087916873395443,0.4737865477800369,1434.0,0.0,0.0,40.0,40.0,0.49087916873395443,0.4737865477800369,1434.0,0.0,0.0,40.0,40.0,0.49087916873395443,0.4737865477800369,1434.0,0.0,0.0,40.0,40.0,0.0,0.0,0.0,0.0,0.0,0.0,0.0,0.0,0.0,0.0,0.0,0.0,0.0,0.0,0.0,0.0,0.0,0.0,0.0,0.0,0.0,0.0,0.0,0.0,0.49087916873395443,0.0,0.49087916873395443,0.0,0.49087916873395443,0.0,0.49087916873395443,0.0,0.0,0.01227197921834886,0.01227197921834886,0.0,0.01227197921834886,0.01227197921834886,0.0,0.01227197921834886,0.01227197921834886,0.0,0.01227197921834886,0.01227197921834886,40,0.0,0.0,0.0,,0.0,0.0,0.0,0.0,,0.0,0.0,0.0,0.0,,0.0,1.0,,
crmarenapro,query2,4,inf,0.5566211845725775,0.5373616078868508,1671.0,0.0,0.0,0.0,45.0,0.5566211845725775,0.5373616078868508,1671.0,0.0,0.0,0.0,45.0,0.5566211845725775,0.5373616078868508,1671.0,0.0,0.0,0.0,45.0,0.5566211845725775,0.5373616078868508,1671.0,0.0,0.0,0.0,45.0,0.0,0.0,0.0,0.0,0.0,0.0,0.0,0.0,0.0,0.0,0.0,0.0,0.0,0.0,0.0,0.0,0.0,0.0,0.0,0.0,0.0,0.0,0.0,0.0,0.5566211845725775,0.0,0.5566211845725775,0.0,0.5566211845725775,0.0,0.5566211845725775,0.0,0.0,0.012369359657168389,0.012369359657168389,0.0,0.012369359657168389,0.012369359657168389,0.0,0.012369359657168389,0.012369359657168389,0.0,0.012369359657168389,0.012369359657168389,45,0.0,0.0,0.0,,0.0,0.0,0.0,0.0,,0.0,0.0,0.0,0.0,,0.0,1.0,,
crmarenapro,query2,8,1,0.7413268899545074,0.7156532406806946,2217.0,0.0,0.0,0.0,60.0,0.7413268899545074,0.7156532406806946,2217.0,0.0,0.0,60.0,60.0,0.7413268899545074,0.7156532406806946,2217.0,0.0,0.0,60.0,60.0,0.7413268899545074,0.7156532406806946,2217.0,0.0,0.0,60.0,60.0,0.0,0.0,0.0,0.0,0.0,0.0,0.0,0.0,0.0,0.0,0.0,0.0,0.0,0.0,0.0,0.0,0.0,0.0,0.0,0.0,0.0,0.0,0.0,0.0,0.7413268899545074,0.0,0.7413268899545074,0.0,0.7413268899545074,0.0,0.7413268899545074,0.0,0.0,0.012355448165908455,0.012355448165908455,0.0,0.012355448165908455,0.012355448165908455,0.0,0.012355448165908455,0.012355448165908455,0.0,0.012355448165908455,0.012355448165908455,60,0.0,0.0,0.0,,0.0,0.0,0.0,0.0,,0.0,0.0,0.0,0.0,,0.0,1.0,,
crmarenapro,query2,8,1/16,0.8396696615964174,0.8105763308703899,2506.0,0.0,0.0,0.0,68.0,0.8396696615964174,0.8105763308703899,2506.0,0.0,0.0,68.0,68.0,0.8396696615964174,0.8105763308703899,2506.0,0.0,0.0,68.0,68.0,0.8396696615964174,0.8105763308703899,2506.0,0.0,0.0,68.0,68.0,0.0,0.0,0.0,0.0,0.0,0.0,0.0,0.0,0.0,0.0,0.0,0.0,0.0,0.0,0.0,0.0,0.0,0.0,0.0,0.0,0.0,0.0,0.0,0.0,0.8396696615964174,0.0,0.8396696615964174,0.0,0.8396696615964174,0.0,0.8396696615964174,0.0,0.0,0.012348083258770844,0.012348083258770844,0.0,0.012348083258770844,0.012348083258770844,0.0,0.012348083258770844,0.012348083258770844,0.0,0.012348083258770844,0.012348083258770844,68,0.0,0.0,0.0,,0.0,0.0,0.0,0.0,,0.0,0.0,0.0,0.0,,0.0,1.0,,
crmarenapro,query2,8,1/4,0.8917624605819583,0.8609390370547771,2689.0,0.0,0.0,0.0,72.0,0.8917624605819583,0.8609390370547771,2689.0,0.0,0.0,72.0,72.0,0.8917624605819583,0.8609390370547771,2689.0,0.0,0.0,72.0,72.0,0.8917624605819583,0.8609390370547771,2689.0,0.0,0.0,72.0,72.0,0.0,0.0,0.0,0.0,0.0,0.0,0.0,0.0,0.0,0.0,0.0,0.0,0.0,0.0,0.0,0.0,0.0,0.0,0.0,0.0,0.0,0.0,0.0,0.0,0.8917624605819583,0.0,0.8917624605819583,0.0,0.8917624605819583,0.0,0.8917624605819583,0.0,0.0,0.012385589730304977,0.012385589730304977,0.0,0.012385589730304977,0.012385589730304977,0.0,0.012385589730304977,0.012385589730304977,0.0,0.012385589730304977,0.012385589730304977,72,0.0,0.0,0.0,,0.0,0.0,0.0,0.0,,0.0,0.0,0.0,0.0,,0.0,1.0,,
crmarenapro,query2,8,inf,0.7508026594296098,0.724721078760922,2216.0,0.0,0.0,0.0,61.0,0.7508026594296098,0.724721078760922,2216.0,0.0,0.0,0.0,61.0,0.7508026594296098,0.724721078760922,2216.0,0.0,0.0,0.0,61.0,0.7508026594296098,0.724721078760922,2216.0,0.0,0.0,0.0,61.0,0.0,0.0,0.0,0.0,0.0,0.0,0.0,0.0,0.0,0.0,0.0,0.0,0.0,0.0,0.0,0.0,0.0,0.0,0.0,0.0,0.0,0.0,0.0,0.0,0.7508026594296098,0.0,0.7508026594296098,0.0,0.7508026594296098,0.0,0.7508026594296098,0.0,0.0,0.012308240318518193,0.012308240318518193,0.0,0.012308240318518193,0.012308240318518193,0.0,0.012308240318518193,0.012308240318518193,0.0,0.012308240318518193,0.012308240318518193,61,0.0,0.0,0.0,,0.0,0.0,0.0,0.0,,0.0,0.0,0.0,0.0,,0.0,1.0,,
crmarenapro,query2,16,inf,1.460363483056426,1.409855192527175,4392.0,0.0,0.0,0.0,118.0,1.460363483056426,1.409855192527175,4392.0,0.0,0.0,0.0,118.0,1.460363483056426,1.409855192527175,4392.0,0.0,0.0,0.0,118.0,1.460363483056426,1.409855192527175,4392.0,0.0,0.0,0.0,118.0,0.0,0.0,0.0,0.0,0.0,0.0,0.0,0.0,0.0,0.0,0.0,0.0,0.0,0.0,0.0,0.0,0.0,0.0,0.0,0.0,0.0,0.0,0.0,0.0,1.460363483056426,0.0,1.460363483056426,0.0,1.460363483056426,0.0,1.460363483056426,0.0,0.0,0.01237596172081717,0.01237596172081717,0.0,0.01237596172081717,0.01237596172081717,0.0,0.01237596172081717,0.01237596172081717,0.0,0.01237596172081717,0.01237596172081717,118,0.0,0.0,0.0,,0.0,0.0,0.0,0.0,,0.0,0.0,0.0,0.0,,0.0,1.0,,
crmarenapro,query2,50,inf,4.958873055875301,4.787599667906761,15000.0,0.0,0.0,0.0,400.0,4.958873055875301,4.787599667906761,15000.0,0.0,0.0,0.0,400.0,4.958873055875301,4.787599667906761,15000.0,0.0,0.0,0.0,400.0,4.958873055875301,4.787599667906761,15000.0,0.0,0.0,0.0,400.0,0.0,0.0,0.0,0.0,0.0,0.0,0.0,0.0,0.0,0.0,0.0,0.0,0.0,0.0,0.0,0.0,0.0,0.0,0.0,0.0,0.0,0.0,0.0,0.0,4.958873055875301,0.0,4.958873055875301,0.0,4.958873055875301,0.0,4.958873055875301,0.0,0.0,0.012397182639688253,0.012397182639688253,0.0,0.012397182639688253,0.012397182639688253,0.0,0.012397182639688253,0.012397182639688253,0.0,0.012397182639688253,0.012397182639688253,400,0.0,0.0,0.0,,0.0,0.0,0.0,0.0,,0.0,0.0,0.0,0.0,,0.0,1.0,,
crmarenapro,query3,1,inf,0.21113882027566433,0.20326906442642212,359.0,0.0,0.0,0.0,16.0,0.21113882027566433,0.20326906442642212,359.0,0.0,0.0,0.0,16.0,0.21113882027566433,0.20326906442642212,359.0,0.0,0.0,0.0,16.0,0.21113882027566433,0.20326906442642212,359.0,0.0,0.0,0.0,16.0,0.0,0.0,0.0,0.0,0.0,0.0,0.0,0.0,0.0,0.0,0.0,0.0,0.0,0.0,0.0,0.0,0.0,0.0,0.0,0.0,0.0,0.0,0.0,0.0,0.21113882027566433,0.0,0.21113882027566433,0.0,0.21113882027566433,0.0,0.21113882027566433,0.0,0.0,0.01319617626722902,0.01319617626722902,0.0,0.01319617626722902,0.01319617626722902,0.0,0.01319617626722902,0.01319617626722902,0.0,0.01319617626722902,0.01319617626722902,16,0.0,0.0,0.0,,0.0,0.0,0.0,0.0,,0.0,0.0,0.0,0.0,,0.0,1.0,,
crmarenapro,query3,2,1,0.2627727882936597,0.2529944572597742,453.0,0.0,0.0,0.0,20.0,0.2627727882936597,0.2529944572597742,453.0,0.0,0.0,20.0,20.0,0.2627727882936597,0.2529944572597742,453.0,0.0,0.0,20.0,20.0,0.2627727882936597,0.2529944572597742,453.0,0.0,0.0,20.0,20.0,0.0,0.0,0.0,0.0,0.0,0.0,0.0,0.0,0.0,0.0,0.0,0.0,0.0,0.0,0.0,0.0,0.0,0.0,0.0,0.0,0.0,0.0,0.0,0.0,0.2627727882936597,0.0,0.2627727882936597,0.0,0.2627727882936597,0.0,0.2627727882936597,0.0,0.0,0.013138639414682985,0.013138639414682985,0.0,0.013138639414682985,0.013138639414682985,0.0,0.013138639414682985,0.013138639414682985,0.0,0.013138639414682985,0.013138639414682985,20,0.0,0.0,0.0,,0.0,0.0,0.0,0.0,,0.0,0.0,0.0,0.0,,0.0,1.0,,
crmarenapro,query3,2,1/16,0.2592502497136593,0.24960435926914215,454.0,0.0,0.0,0.0,20.0,0.2592502497136593,0.24960435926914215,454.0,0.0,0.0,20.0,20.0,0.2592502497136593,0.24960435926914215,454.0,0.0,0.0,20.0,20.0,0.2592502497136593,0.24960435926914215,454.0,0.0,0.0,20.0,20.0,0.0,0.0,0.0,0.0,0.0,0.0,0.0,0.0,0.0,0.0,0.0,0.0,0.0,0.0,0.0,0.0,0.0,0.0,0.0,0.0,0.0,0.0,0.0,0.0,0.2592502497136593,0.0,0.2592502497136593,0.0,0.2592502497136593,0.0,0.2592502497136593,0.0,0.0,0.012962512485682965,0.012962512485682965,0.0,0.012962512485682965,0.012962512485682965,0.0,0.012962512485682965,0.012962512485682965,0.0,0.012962512485682965,0.012962512485682965,20,0.0,0.0,0.0,,0.0,0.0,0.0,0.0,,0.0,0.0,0.0,0.0,,0.0,1.0,,
crmarenapro,query3,2,1/4,0.3060309672728181,0.2946495208889246,547.0,0.0,0.0,0.0,24.0,0.3060309672728181,0.2946495208889246,547.0,0.0,0.0,24.0,24.0,0.3060309672728181,0.2946495208889246,547.0,0.0,0.0,24.0,24.0,0.3060309672728181,0.2946495208889246,547.0,0.0,0.0,24.0,24.0,0.0,0.0,0.0,0.0,0.0,0.0,0.0,0.0,0.0,0.0,0.0,0.0,0.0,0.0,0.0,0.0,0.0,0.0,0.0,0.0,0.0,0.0,0.0,0.0,0.3060309672728181,0.0,0.3060309672728181,0.0,0.3060309672728181,0.0,0.3060309672728181,0.0,0.0,0.01275891970600123,0.012791694532674938,0.0,0.01275891970600123,0.012791694532674938,0.0,0.01275891970600123,0.012791694532674938,0.0,0.01275891970600123,0.012791694532674938,24,0.0,0.0,0.0,,0.0,0.0,0.0,0.0,,0.0,0.0,0.0,0.0,,0.0,1.0,,
crmarenapro,query3,2,inf,0.2507022377103567,0.24137206375598907,455.0,0.0,0.0,0.0,20.0,0.2507022377103567,0.24137206375598907,455.0,0.0,0.0,0.0,20.0,0.2507022377103567,0.24137206375598907,455.0,0.0,0.0,0.0,20.0,0.2507022377103567,0.24137206375598907,455.0,0.0,0.0,0.0,20.0,0.0,0.0,0.0,0.0,0.0,0.0,0.0,0.0,0.0,0.0,0.0,0.0,0.0,0.0,0.0,0.0,0.0,0.0,0.0,0.0,0.0,0.0,0.0,0.0,0.2507022377103567,0.0,0.2507022377103567,0.0,0.2507022377103567,0.0,0.2507022377103567,0.0,0.0,0.012535111885517836,0.012535111885517836,0.0,0.012535111885517836,0.012535111885517836,0.0,0.012535111885517836,0.012535111885517836,0.0,0.012535111885517836,0.012535111885517836,20,0.0,0.0,0.0,,0.0,0.0,0.0,0.0,,0.0,0.0,0.0,0.0,,0.0,1.0,,
crmarenapro,query3,4,1,0.6752968560904264,0.6501665264368057,1179.0,0.0,0.0,0.0,52.0,0.6752968560904264,0.6501665264368057,1179.0,0.0,0.0,52.0,52.0,0.6752968560904264,0.6501665264368057,1179.0,0.0,0.0,52.0,52.0,0.6752968560904264,0.6501665264368057,1179.0,0.0,0.0,52.0,52.0,0.0,0.0,0.0,0.0,0.0,0.0,0.0,0.0,0.0,0.0,0.0,0.0,0.0,0.0,0.0,0.0,0.0,0.0,0.0,0.0,0.0,0.0,0.0,0.0,0.6752968560904264,0.0,0.6752968560904264,0.0,0.6752968560904264,0.0,0.6752968560904264,0.0,0.0,0.012994530236385032,0.013009311040571214,0.0,0.012994530236385032,0.013009311040571214,0.0,0.012994530236385032,0.013009311040571214,0.0,0.012994530236385032,0.013009311040571214,52,0.0,0.0,0.0,,0.0,0.0,0.0,0.0,,0.0,0.0,0.0,0.0,,0.0,1.0,,
crmarenapro,query3,4,1/16,0.7360076354816556,0.7086134348064661,1292.0,0.0,0.0,0.0,57.0,0.7360076354816556,0.7086134348064661,1292.0,0.0,0.0,57.0,57.0,0.7360076354816556,0.7086134348064661,1292.0,0.0,0.0,57.0,57.0,0.7360076354816556,0.7086134348064661,1292.0,0.0,0.0,57.0,57.0,0.0,0.0,0.0,0.0,0.0,0.0,0.0,0.0,0.0,0.0,0.0,0.0,0.0,0.0,0.0,0.0,0.0,0.0,0.0,0.0,0.0,0.0,0.0,0.0,0.7360076354816556,0.0,0.7360076354816556,0.0,0.7360076354816556,0.0,0.7360076354816556,0.0,0.0,0.012924654680219564,0.012952066353437574,0.0,0.012924654680219564,0.012952066353437574,0.0,0.012924654680219564,0.012952066353437574,0.0,0.012924654680219564,0.012952066353437574,57,0.0,0.0,0.0,,0.0,0.0,0.0,0.0,,0.0,0.0,0.0,0.0,,0.0,1.0,,
crmarenapro,query3,4,1/4,0.5696648703888059,0.5484538096934557,995.0,0.0,0.0,0.0,44.0,0.5696648703888059,0.5484538096934557,995.0,0.0,0.0,44.0,44.0,0.5696648703888059,0.5484538096934557,995.0,0.0,0.0,44.0,44.0,0.5696648703888059,0.5484538096934557,995.0,0.0,0.0,44.0,44.0,0.0,0.0,0.0,0.0,0.0,0.0,0.0,0.0,0.0,0.0,0.0,0.0,0.0,0.0,0.0,0.0,0.0,0.0,0.0,0.0,0.0,0.0,0.0,0.0,0.5696648703888059,0.0,0.5696648703888059,0.0,0.5696648703888059,0.0,0.5696648703888059,0.0,0.0,0.012964601007600626,0.013000497246338496,0.0,0.012964601007600626,0.013000497246338496,0.0,0.012964601007600626,0.013000497246338496,0.0,0.012964601007600626,0.013000497246338496,44,0.0,0.0,0.0,,0.0,0.0,0.0,0.0,,0.0,0.0,0.0,0.0,,0.0,1.0,,
crmarenapro,query3,4,inf,0.5272328648716211,0.5076063014566898,929.0,0.0,0.0,0.0,41.0,0.5272328648716211,0.5076063014566898,929.0,0.0,0.0,0.0,41.0,0.5272328648716211,0.5076063014566898,929.0,0.0,0.0,0.0,41.0,0.5272328648716211,0.5076063014566898,929.0,0.0,0.0,0.0,41.0,0.0,0.0,0.0,0.0,0.0,0.0,0.0,0.0,0.0,0.0,0.0,0.0,0.0,0.0,0.0,0.0,0.0,0.0,0.0,0.0,0.0,0.0,0.0,0.0,0.5272328648716211,0.0,0.5272328648716211,0.0,0.5272328648716211,0.0,0.5272328648716211,0.0,0.0,0.012859338167600515,0.012859338167600515,0.0,0.012859338167600515,0.012859338167600515,0.0,0.012859338167600515,0.012859338167600515,0.0,0.012859338167600515,0.012859338167600515,41,0.0,0.0,0.0,,0.0,0.0,0.0,0.0,,0.0,0.0,0.0,0.0,,0.0,1.0,,
crmarenapro,query3,8,1,1.3827904174104333,1.3313308786600828,2402.0,0.0,0.0,0.0,106.0,1.3827904174104333,1.3313308786600828,2402.0,0.0,0.0,106.0,106.0,1.3827904174104333,1.3313308786600828,2402.0,0.0,0.0,106.0,106.0,1.3827904174104333,1.3313308786600828,2402.0,0.0,0.0,106.0,106.0,0.0,0.0,0.0,0.0,0.0,0.0,0.0,0.0,0.0,0.0,0.0,0.0,0.0,0.0,0.0,0.0,0.0,0.0,0.0,0.0,0.0,0.0,0.0,0.0,1.3827904174104333,0.0,1.3827904174104333,0.0,1.3827904174104333,0.0,1.3827904174104333,0.0,0.0,0.013083509236041988,0.013145045645306913,0.0,0.013083509236041988,0.013145045645306913,0.0,0.013083509236041988,0.013145045645306913,0.0,0.013083509236041988,0.013145045645306913,106,0.0,0.0,0.0,,0.0,0.0,0.0,0.0,,0.0,0.0,0.0,0.0,,0.0,1.0,,
crmarenapro,query3,8,1/16,1.264054543338716,1.2170239705592394,2226.0,0.0,0.0,0.0,98.0,1.264054543338716,1.2170239705592394,2226.0,0.0,0.0,98.0,98.0,1.264054543338716,1.2170239705592394,2226.0,0.0,0.0,98.0,98.0,1.264054543338716,1.2170239705592394,2226.0,0.0,0.0,98.0,98.0,0.0,0.0,0.0,0.0,0.0,0.0,0.0,0.0,0.0,0.0,0.0,0.0,0.0,0.0,0.0,0.0,0.0,0.0,0.0,0.0,0.0,0.0,0.0,0.0,1.264054543338716,0.0,1.264054543338716,0.0,1.264054543338716,0.0,1.264054543338716,0.0,0.0,0.012912247736165498,0.012944325226101469,0.0,0.012912247736165498,0.012944325226101469,0.0,0.012912247736165498,0.012944325226101469,0.0,0.012912247736165498,0.012944325226101469,98,0.0,0.0,0.0,,0.0,0.0,0.0,0.0,,0.0,0.0,0.0,0.0,,0.0,1.0,,
crmarenapro,query3,8,1/4,1.2556666238233447,1.2089503202587366,2203.0,0.0,0.0,0.0,97.0,1.2556666238233447,1.2089503202587366,2203.0,0.0,0.0,97.0,97.0,1.2556666238233447,1.2089503202587366,2203.0,0.0,0.0,97.0,97.0,1.2556666238233447,1.2089503202587366,2203.0,0.0,0.0,97.0,97.0,0.0,0.0,0.0,0.0,0.0,0.0,0.0,0.0,0.0,0.0,0.0,0.0,0.0,0.0,0.0,0.0,0.0,0.0,0.0,0.0,0.0,0.0,0.0,0.0,1.2556666238233447,0.0,1.2556666238233447,0.0,1.2556666238233447,0.0,1.2556666238233447,0.0,0.0,0.012960896426711672,0.012993318835894265,0.0,0.012960896426711672,0.012993318835894265,0.0,0.012960896426711672,0.012993318835894265,0.0,0.012960896426711672,0.012993318835894265,97,0.0,0.0,0.0,,0.0,0.0,0.0,0.0,,0.0,0.0,0.0,0.0,,0.0,1.0,,
crmarenapro,query3,8,inf,1.308001614175737,1.2593268994241953,2316.0,0.0,0.0,0.0,102.0,1.308001614175737,1.2593268994241953,2316.0,0.0,0.0,0.0,102.0,1.308001614175737,1.2593268994241953,2316.0,0.0,0.0,0.0,102.0,1.308001614175737,1.2593268994241953,2316.0,0.0,0.0,0.0,102.0,0.0,0.0,0.0,0.0,0.0,0.0,0.0,0.0,0.0,0.0,0.0,0.0,0.0,0.0,0.0,0.0,0.0,0.0,0.0,0.0,0.0,0.0,0.0,0.0,1.308001614175737,0.0,1.308001614175737,0.0,1.308001614175737,0.0,1.308001614175737,0.0,0.0,0.012841799115075877,0.012897343821333427,0.0,0.012841799115075877,0.012897343821333427,0.0,0.012841799115075877,0.012897343821333427,0.0,0.012841799115075877,0.012897343821333427,102,0.0,0.0,0.0,,0.0,0.0,0.0,0.0,,0.0,0.0,0.0,0.0,,0.0,1.0,,
crmarenapro,query3,16,inf,2.3629597518593073,2.275018759071827,4125.0,0.0,0.0,0.0,182.0,2.3629597518593073,2.275018759071827,4125.0,0.0,0.0,0.0,182.0,2.3629597518593073,2.275018759071827,4125.0,0.0,0.0,0.0,182.0,2.3629597518593073,2.275018759071827,4125.0,0.0,0.0,0.0,182.0,0.0,0.0,0.0,0.0,0.0,0.0,0.0,0.0,0.0,0.0,0.0,0.0,0.0,0.0,0.0,0.0,0.0,0.0,0.0,0.0,0.0,0.0,0.0,0.0,2.3629597518593073,0.0,2.3629597518593073,0.0,2.3629597518593073,0.0,2.3629597518593073,0.0,0.0,0.013028018897762748,0.013110755350463455,0.0,0.013028018897762748,0.013110755350463455,0.0,0.013028018897762748,0.013110755350463455,0.0,0.013028018897762748,0.013110755350463455,182,0.0,0.0,0.0,,0.0,0.0,0.0,0.0,,0.0,0.0,0.0,0.0,,0.0,1.0,,
crmarenapro,query3,50,inf,7.747448794543743,7.459088787436485,13600.0,0.0,0.0,0.0,600.0,7.747448794543743,7.459088787436485,13600.0,0.0,0.0,0.0,600.0,7.747448794543743,7.459088787436485,13600.0,0.0,0.0,0.0,600.0,7.747448794543743,7.459088787436485,13600.0,0.0,0.0,0.0,600.0,0.0,0.0,0.0,0.0,0.0,0.0,0.0,0.0,0.0,0.0,0.0,0.0,0.0,0.0,0.0,0.0,0.0,0.0,0.0,0.0,0.0,0.0,0.0,0.0,7.747448794543743,0.0,7.747448794543743,0.0,7.747448794543743,0.0,7.747448794543743,0.0,0.0,0.013080714968964458,0.01345762547571212,0.0,0.013080714968964458,0.01345762547571212,0.0,0.013080714968964458,0.01345762547571212,0.0,0.013080714968964458,0.01345762547571212,600,0.0,0.0,0.0,,0.0,0.0,0.0,0.0,,0.0,0.0,0.0,0.0,,0.0,1.0,,
crmarenapro,query4,1,inf,0.5488591138273478,0.4403739180415869,11655.0,0.0,0.0,0.0,358.0,0.5488591138273478,0.4403739180415869,11655.0,0.0,0.0,0.0,358.0,0.5488591138273478,0.4403739180415869,11655.0,0.0,0.0,0.0,358.0,0.5488591138273478,0.4403739180415869,11655.0,0.0,0.0,0.0,358.0,0.062225828878581524,0.0,0.062225828878581524,0.0,0.062225828878581524,0.0,0.062225828878581524,0.0,0.0,0.0,0.0,0.0,0.0,0.0,0.0,0.0,0.2933287164196372,0.0,0.2933287164196372,0.0,0.2933287164196372,0.0,0.2933287164196372,0.0,0.19330456852912903,0.0,0.19330456852912903,0.0,0.19330456852912903,0.0,0.19330456852912903,0.0,0.0,0.0013121632178368322,0.0018080864141323508,0.0,0.0013121632178368322,0.0018080864141323508,0.0,0.0013121632178368322,0.0018080864141323508,0.0,0.0013121632178368322,0.0018080864141323508,358,0.0,0.0,0.0,,0.0,0.0,0.0,0.0,,0.0,0.0,0.0,0.0,,0.0,1.0,,
crmarenapro,query4,2,1,1.112394099123776,0.8850416066125035,27216.0,0.0,0.0,0.0,741.0,1.112394099123776,0.8850416066125035,27216.0,0.0,0.0,0.0,741.0,1.1068917652767896,0.8811474917456508,27090.0,0.0,6.0,0.0,741.0,1.1071917652767898,0.8811474917456508,27090.0,0.0,6.0,0.0,741.0,0.14555581752210855,0.0,0.14555581752210855,0.0,0.14005348367512227,0.0,0.14035348367512226,0.0,0.0,0.0,0.0,0.0,0.0,0.0,0.0,0.0,0.6082040630280972,0.0,0.6082040630280972,0.0,0.6082040630280972,0.0,0.6082040630280972,0.0,0.35863421857357025,0.0,0.35863421857357025,0.0,0.35863421857357025,0.0,0.35863421857357025,0.0,0.0,0.0012286479642059196,0.00192230017733221,0.0,0.0012286479642059196,0.00192230017733221,0.0,0.001227307767651496,0.001922166165573947,0.0,0.0012273808670667005,0.0019221734755154676,741,0.0,0.0,0.0,,0.0,0.004399922938942313,0.004946388920366029,0.00462962962962965,,0.008097165991902834,0.004399922938942313,0.004676700326875172,0.00462962962962965,,0.008097165991902834,1.000271029209369,,
crmarenapro,query4,2,1/16,1.0450594099238515,0.8259455701336265,22663.0,0.0,0.0,0.0,723.0,1.0450594099238515,0.8259455701336265,22663.0,0.0,0.0,723.0,723.0,1.0450594099238515,0.8259455701336265,22663.0,0.0,0.0,723.0,723.0,1.0450594099238515,0.8259455701336265,22663.0,0.0,0.0,723.0,723.0,0.13885089568793774,0.0,0.13885089568793774,0.0,0.13885089568793774,0.0,0.13885089568793774,0.0,0.0,0.0,0.0,0.0,0.0,0.0,0.0,0.0,0.5887549770995975,0.0,0.5887549770995975,0.0,0.5887549770995975,0.0,0.5887549770995975,0.0,0.3174535371363163,0.0,0.3174535371363163,0.0,0.3174535371363163,0.0,0.3174535371363163,0.0,0.0,0.001162211367634335,0.001823763952542075,0.0,0.001162211367634335,0.001823763952542075,0.0,0.001162211367634335,0.001823763952542075,0.0,0.001162211367634335,0.001823763952542075,723,0.0,0.0,0.0,,0.0,0.0,0.0,0.0,,0.0,0.0,0.0,0.0,,0.0,1.0,,
crmarenapro,query4,2,1/4,0.9950629668310285,0.7899635005742311,18873.0,0.0,0.0,0.0,679.0,0.9950629668310285,0.7899635005742311,18873.0,0.0,0.0,6.0,679.0,0.993210022033155,0.7886476432904601,18834.0,0.0,2.0,6.0,679.0,0.9941964344379306,0.7893148120492697,18852.0,0.0,1.0,72.0,679.0,0.1445741467177868,0.0,0.1445741467177868,0.0,0.1436576143246889,0.0,0.1437076143246889,0.0,0.0,0.0,0.0,0.0,0.0,0.0,0.0,0.0,0.5386387994512916,0.0,0.5386387994512916,0.0,0.537702387046516,0.0,0.5386387994512916,0.0,0.3118500206619501,0.0,0.3118500206619501,0.0,0.3118500206619501,0.0,0.3118500206619501,0.0,0.0,0.0012300055488594808,0.0018804862433171366,0.0,0.0012300055488594808,0.0018804862433171366,0.0,0.001230005380057264,0.0018804862264369146,0.0,0.001230005380057264,0.0018804862264369146,679,0.0,0.0,0.0,,0.0,0.0016657190905839947,0.0018621382361103667,0.0020664441265300093,,0.0029455081001472753,0.000821162654337737,0.0008708317181750358,0.001112700683516099,,0.0014727540500736377,1.0009931559115326,,
crmarenapro,query4,2,inf,1.1102640302851796,0.8814689526334405,22747.0,0.0,0.0,0.0,755.0,1.1102640302851796,0.8814689526334405,22747.0,0.0,0.0,0.0,755.0,1.1010482873439789,0.8749287137761712,22540.0,0.0,10.0,0.0,755.0,1.1015482873439788,0.8749287137761712,22540.0,0.0,10.0,0.0,755.0,0.1464731376618147,0.0,0.1464731376618147,0.0,0.13822120663553478,0.0,0.13867120663553476,0.0,0.0,0.0,0.0,0.0,0.0,0.0,0.0,0.0,0.6133229015395045,0.0,0.6133229015395045,0.0,0.6123590896245837,0.0,0.6124090896245837,0.0,0.3504679910838604,0.0,0.3504679910838604,0.0,0.3504679910838604,0.0,0.3504679910838604,0.0,0.0,0.0013588515936698712,0.0019144356357012416,0.0,0.0013588515936698712,0.0019144356357012416,0.0,0.0013561980414151307,0.0019141664821225573,0.0,0.0013563388864855533,0.0019141805666295993,755,0.0,0.0,0.0,,0.0,0.007419704162840879,0.00830049671953581,0.009100101112234582,,0.013245033112582781,0.007419704162840879,0.007850153390056347,0.009100101112234582,,0.013245033112582781,1.0004541126903763,,
crmarenapro,query4,4,1,2.0088476492092013,1.5895027220249176,42001.0,0.0,0.0,0.0,1378.0,2.0088476492092013,1.5895027220249176,42001.0,0.0,0.0,0.0,1378.0,1.9802357237142325,1.5691838786005974,41361.0,0.0,31.0,0.0,1378.0,1.9817857237142325,1.5691838786005974,41361.0,0.0,31.0,0.0,1378.0,0.29531195294111967,0.0,0.29531195294111967,0.0,0.27146845660030844,0.0,0.2727684566003084,0.0,0.0,0.0,0.0,0.0,0.0,0.0,0.0,0.0,1.1010428741574287,0.0,1.1010428741574287,0.0,1.096274445003271,0.0,1.0965244450032712,0.0,0.6124928221106529,0.0,0.6124928221106529,0.0,0.6124928221106529,0.0,0.6124928221106529,0.0,0.0,0.001127677858653833,0.002175709480621122,0.0,0.001127677858653833,0.002175709480621122,0.0,0.0011275511518743172,0.002175702477281304,0.0,0.0011275511518743172,0.002175702477281304,1378,0.0,0.0,0.0,,0.0,0.01278314478029674,0.014242954415299769,0.015237732434941975,,0.022496371552975326,0.01278314478029674,0.013471367779244958,0.015237732434941975,,0.022496371552975326,1.0007827350963514,,
crmarenapro,query4,4,1/16,2.1271887123584747,1.6870030127465725,44940.0,0.0,0.0,0.0,1451.0,2.1271887123584747,1.6870030127465725,44940.0,0.0,0.0,1451.0,1451.0,2.1271887123584747,1.6870030127465725,44940.0,0.0,0.0,1451.0,1451.0,2.1271887123584747,1.6870030127465725,44940.0,0.0,0.0,1451.0,1451.0,0.3013218976557255,0.0,0.3013218976557255,0.0,0.3013218976557255,0.0,0.3013218976557255,0.0,0.0,0.0,0.0,0.0,0.0,0.0,0.0,0.0,1.1589875482022762,0.0,1.1589875482022762,0.0,1.1589875482022762,0.0,1.1589875482022762,0.0,0.666879266500473,0.0,0.666879266500473,0.0,0.666879266500473,0.0,0.666879266500473,0.0,0.0,0.0010913890310304058,0.0022757274479159434,0.0,0.0010913890310304058,0.0022757274479159434,0.0,0.0010913890310304058,0.0022757274479159434,0.0,0.0010913890310304058,0.0022757274479159434,1451,0.0,0.0,0.0,,0.0,0.0,0.0,0.0,,0.0,0.0,0.0,0.0,,0.0,1.0,,
crmarenapro,query4,4,1/4,1.7959548085927963,1.383004047907889,43851.0,0.0,0.0,0.0,1371.0,1.7959548085927963,1.383004047907889,43851.0,0.0,0.0,21.0,1371.0,1.7858300527569653,1.3758295299485326,43626.0,0.0,11.0,21.0,1371.0,1.786380052756965,1.3758295299485326,43626.0,0.0,11.0,149.0,1371.0,0.25031585060060024,0.0,0.25031585060060024,0.0,0.24206391957432033,0.0,0.2425139195743203,0.0,0.0,0.0,0.0,0.0,0.0,0.0,0.0,0.0,1.1443036086857319,0.0,1.1443036086857319,0.0,1.1424307838761807,0.0,1.1425307838761807,0.0,0.4013353493064642,0.0,0.4013353493064642,0.0,0.4013353493064642,0.0,0.4013353493064642,0.0,0.0,0.0011700277982076796,0.001845182930488176,0.0,0.0011700277982076796,0.001845182930488176,0.0,0.0011699082339090285,0.0018451829104324672,0.0,0.0011699082339090285,0.0018451829104324672,1371,0.0,0.0,0.0,,0.0,0.0051876333769300675,0.005637533743827472,0.005131011835533994,,0.008023340627279359,0.0051876333769300675,0.0053312899578655815,0.005131011835533994,,0.008023340627279359,1.0003079800337948,,
crmarenapro,query4,4,inf,1.8964520115405321,1.4731678497046232,46422.0,0.0,0.0,0.0,1394.0,1.8964520115405321,1.4731678497046232,46422.0,0.0,0.0,0.0,1394.0,1.8790314448001981,1.4608230320736766,46035.0,0.0,19.0,0.0,1394.0,1.8799814448001981,1.4608230320736766,46035.0,0.0,19.0,0.0,1394.0,0.2653646282851696,0.0,0.2653646282851696,0.0,0.2516051060959697,0.0,0.2523551060959697,0.0,0.0,0.0,0.0,0.0,0.0,0.0,0.0,0.0,1.1650718953460455,0.0,1.1650718953460455,0.0,1.1614108507949115,0.0,1.1616108507949114,0.0,0.466015487909317,0.0,0.466015487909317,0.0,0.466015487909317,0.0,0.466015487909317,0.0,0.0,0.001188048903823347,0.0019591845895273415,0.0,0.001188048903823347,0.0019591845895273415,0.0,0.0011879856474137395,0.0019591830023109238,0.0,0.0011879856474137395,0.0019591830023109238,1394,0.0,0.0,0.0,,0.0,0.00837977670597534,0.009185872689803976,0.008336564559906945,,0.013629842180774749,0.00837977670597534,0.008684937261847492,0.008336564559906945,,0.013629842180774749,1.0005055796179616,,
crmarenapro,query4,8,1,4.300024451687932,3.42767951823771,88250.0,0.0,0.0,0.0,2870.0,4.300024451687932,3.42767951823771,88250.0,0.0,0.0,0.0,2870.0,4.177873233720065,3.3408810133114457,85547.0,0.0,132.0,0.0,2870.0,4.184473233720064,3.3408810133114457,85547.0,0.0,132.0,0.0,2870.0,0.6217910228297114,0.0,0.6217910228297114,0.0,0.5254733458444476,0.0,0.5307233458444476,0.0,0.0,0.0,0.0,0.0,0.0,0.0,0.0,0.0,2.264026283286512,0.0,2.264026283286512,0.0,2.238192742303908,0.0,2.239542742303908,0.0,1.4142071455717087,0.0,1.4142071455717087,0.0,1.4142071455717087,0.0,1.4142071455717087,0.0,0.0,0.0010416731795846997,0.0029615584439532426,0.0,0.0010416731795846997,0.0029615584439532426,0.0,0.0010400416804307922,0.0029615384481733596,0.0,0.0010401003658768017,0.0029615384481733596,2870,0.0,0.0,0.0,,0.0,0.02532281809440884,0.02840709845729328,0.03062889518413603,,0.045993031358885016,0.02532281809440884,0.026872223464336153,0.03062889518413603,,0.045993031358885016,1.0015797511391036,,
crmarenapro,query4,8,1/16,4.327783388085663,3.456910079345107,87502.0,0.0,0.0,0.0,2867.0,4.327783388085663,3.456910079345107,87502.0,0.0,0.0,2867.0,2867.0,4.327783388085663,3.456910079345107,87502.0,0.0,0.0,2867.0,2867.0,4.327783388085663,3.456910079345107,87502.0,0.0,0.0,2867.0,2867.0,0.5543345147743821,0.0,0.5543345147743821,0.0,0.5543345147743821,0.0,0.5543345147743821,0.0,0.0,0.0,0.0,0.0,0.0,0.0,0.0,0.0,2.3297893032431602,0.0,2.3297893032431602,0.0,2.3297893032431602,0.0,2.3297893032431602,0.0,1.443659570068121,0.0,1.443659570068121,0.0,1.443659570068121,0.0,1.443659570068121,0.0,0.0,0.001043376172903405,0.0030163011505125715,0.0,0.001043376172903405,0.0030163011505125715,0.0,0.001043376172903405,0.0030163011505125715,0.0,0.001043376172903405,0.0030163011505125715,2867,0.0,0.0,0.0,,0.0,0.0,0.0,0.0,,0.0,0.0,0.0,0.0,,0.0,1.0,,
crmarenapro,query4,8,1/4,3.8691538348793983,3.0441850563511252,85958.0,0.0,0.0,0.0,2715.0,3.8691538348793983,3.0441850563511252,85958.0,0.0,0.0,31.0,2715.0,3.8145849810469152,3.005426684394479,84728.0,0.0,59.0,31.0,2715.0,3.8167082086771726,3.0048149563372135,84701.0,0.0,60.0,296.0,2715.0,0.5487268529832363,0.0,0.5487268529832363,0.0,0.5010440959566832,0.0,0.5010444987773895,0.0,0.0,0.0,0.0,0.0,0.0,0.0,0.0,0.0,2.2094253487885,0.0,2.2094253487885,0.0,2.2025392519825697,0.0,2.204662076792121,0.0,1.1110016331076622,0.0,1.1110016331076622,0.0,1.1110016331076622,0.0,1.1110016331076622,0.0,0.0,0.0010311795061501716,0.0026724744045765513,0.0,0.0010311795061501716,0.0026724744045765513,0.0,0.0010289603801856462,0.00267226175204915,0.0,0.0010291017220886705,0.0026722733529772245,2715,0.0,0.0,0.0,,0.0,0.012731936869535665,0.014103562732646902,0.014309313850950467,,0.021731123388581953,0.012932886564098078,0.01355480511770879,0.014623420740361603,,0.022099447513812154,1.0005566077675048,,
crmarenapro,query4,8,inf,4.133671756833792,3.268662791699171,88532.0,0.0,0.0,0.0,2857.0,4.133671756833792,3.268662791699171,88532.0,0.0,0.0,0.0,2857.0,4.019980894296467,3.1878992216661572,86013.0,0.0,123.0,0.0,2857.0,4.026130894296467,3.1878992216661572,86013.0,0.0,123.0,0.0,2857.0,0.5571440495550632,0.0,0.5571440495550632,0.0,0.4700074684485793,0.0,0.4747574684485793,0.0,0.0,0.0,0.0,0.0,0.0,0.0,0.0,0.0,2.3200480584055185,0.0,2.3200480584055185,0.0,2.293493776974678,0.0,2.294893776974678,0.0,1.25647964887321,0.0,1.25647964887321,0.0,1.25647964887321,0.0,1.25647964887321,0.0,0.0,0.0010251633373538514,0.0027912623018877345,0.0,0.0010251633373538514,0.0027912623018877345,0.0,0.0010246942253970045,0.0027912486974141252,0.0,0.0010246942253970045,0.0027912486974141252,2857,0.0,0.0,0.0,,0.0,0.02470844353786339,0.02750360193679391,0.0284529887498306,,0.04305215260763038,0.02470844353786339,0.026015820525550404,0.0284529887498306,,0.04305215260763038,1.0015298580171677,,
crmarenapro,query4,16,inf,8.125674244947731,6.410460936836898,176352.0,0.0,0.0,0.0,5670.0,8.125674244947731,6.410460936836898,176352.0,0.0,0.0,0.0,5670.0,7.735332961968183,6.133281571790576,167703.0,0.0,423.0,0.0,5670.0,7.756482961968183,6.133281571790576,167703.0,0.0,423.0,0.0,5670.0,1.1685985010117292,0.0,1.1685985010117292,0.0,0.8668087592366338,0.0,0.8832587592366338,0.0,0.0,0.0,0.0,0.0,0.0,0.0,0.0,0.0,4.554887971840799,0.0,4.554887971840799,0.0,4.466336430636346,0.0,4.471036430636347,0.0,2.4021877720952034,0.0,2.4021877720952034,0.0,2.4021877720952034,0.0,2.4021877720952034,0.0,0.0,0.001014477177773432,0.0031537235678443967,0.0,0.001014477177773432,0.0031537235678443967,0.0,0.0010138144816762657,0.0031537235678443967,0.0,0.0010138144816762657,0.0031537235678443967,5670,0.0,0.0,0.0,,0.0,0.04323860137007407,0.048038017672471844,0.049043957539466554,,0.0746031746031746,0.04323860137007407,0.045435156745189276,0.049043957539466554,,0.0746031746031746,1.0027342068019551,,
crmarenapro,query4,50,inf,25.72759948670864,20.33065278083086,551000.0,0.0,0.0,0.0,17800.0,25.72759948670864,20.33065278083086,551000.0,0.0,0.0,0.0,17800.0,23.12184808975458,18.473495543003082,494400.0,0.0,2800.0,0.0,17800.0,23.261848089754583,18.473495543003082,494400.0,0.0,2800.0,0.0,17800.0,3.569132462143898,0.0,3.569132462143898,0.0,1.9170668960213662,0.0,2.007066896021366,0.0,0.0,0.0,0.0,0.0,0.0,0.0,0.0,0.0,14.426284283399582,0.0,14.426284283399582,0.0,13.472598452568054,0.0,13.522598452568054,0.0,7.732182741165161,0.0,7.732182741165161,0.0,7.732182741165161,0.0,7.732182741165161,0.0,0.0,0.00100333026299874,0.004388274035106097,0.0,0.00100333026299874,0.004388274035106097,0.0,0.000999302292863528,0.004388274035106097,0.0,0.000999302292863528,0.004388274035106097,17800,0.0,0.0,0.0,,0.0,0.09134764426151798,0.10128233682665355,0.10272232304900186,,0.15730337078651685,0.09134764426151798,0.09584070982712212,0.10272232304900186,,0.15730337078651685,1.0060548793269704,,
crmarenapro,query5,1,inf,0.21429867297410965,0.15953532792627811,9608.0,0.0,0.0,0.0,184.0,0.21429867297410965,0.15953532792627811,9608.0,0.0,0.0,0.0,184.0,0.21429867297410965,0.15953532792627811,9608.0,0.0,0.0,0.0,184.0,0.21429867297410965,0.15953532792627811,9608.0,0.0,0.0,0.0,184.0,0.048007857985794544,0.0,0.048007857985794544,0.0,0.048007857985794544,0.0,0.048007857985794544,0.0,0.0,0.0,0.0,0.0,0.0,0.0,0.0,0.0,0.12881372775882483,0.0,0.12881372775882483,0.0,0.12881372775882483,0.0,0.12881372775882483,0.0,0.03747708722949028,0.0,0.03747708722949028,0.0,0.03747708722949028,0.0,0.03747708722949028,0.0,0.0,0.0011273576594565226,0.0012761082265364087,0.0,0.0011273576594565226,0.0012761082265364087,0.0,0.0011273576594565226,0.0012761082265364087,0.0,0.0011273576594565226,0.0012761082265364087,184,0.0,0.0,0.0,,0.0,0.0,0.0,0.0,,0.0,0.0,0.0,0.0,,0.0,1.0,,
crmarenapro,query5,2,1,0.4138009501621127,0.3106954600661993,13461.0,0.0,0.0,0.0,351.0,0.4138009501621127,0.3106954600661993,13461.0,0.0,0.0,0.0,351.0,0.410237660022378,0.3081909939646721,13383.0,0.0,4.0,0.0,351.0,0.41043766002237797,0.3081909939646721,13383.0,0.0,4.0,0.0,351.0,0.0956796295940876,0.0,0.0956796295940876,0.0,0.09390455919593572,0.0,0.09400455919593573,0.0,0.0,0.0,0.0,0.0,0.0,0.0,0.0,0.0,0.24316714610904455,0.0,0.24316714610904455,0.0,0.2413789263674617,0.0,0.24147892636746168,0.0,0.07495417445898056,0.0,0.07495417445898056,0.0,0.07495417445898056,0.0,0.07495417445898056,0.0,0.0,0.0010665917467162177,0.0013369903741097386,0.0,0.0010665917467162177,0.0013369903741097386,0.0,0.0010661855544690248,0.0013369903741097386,0.0,0.0010661855544690248,0.0013369903741097386,351,0.0,0.0,0.0,,0.0,0.008060839064058412,0.008611121212599326,0.005794517494985496,,0.011396011396011397,0.008060839064058412,0.00812779704448996,0.005794517494985496,,0.011396011396011397,1.00048752228157,,
crmarenapro,query5,2,1/16,0.4657490039244294,0.3564746333286166,13520.0,0.0,0.0,0.0,370.0,0.4657490039244294,0.3564746333286166,13520.0,0.0,0.0,370.0,370.0,0.4657490039244294,0.3564746333286166,13520.0,0.0,0.0,370.0,370.0,0.4657490039244294,0.3564746333286166,13520.0,0.0,0.0,370.0,370.0,0.10318261571228504,0.0,0.10318261571228504,0.0,0.10318261571228504,0.0,0.10318261571228504,0.0,0.0,0.0,0.0,0.0,0.0,0.0,0.0,0.0,0.25013512652367353,0.0,0.25013512652367353,0.0,0.25013512652367353,0.0,0.25013512652367353,0.0,0.11243126168847084,0.0,0.11243126168847084,0.0,0.11243126168847084,0.0,0.11243126168847084,0.0,0.0,0.0012126963362485792,0.001507491287581312,0.0,0.0012126963362485792,0.001507491287581312,0.0,0.0012126963362485792,0.001507491287581312,0.0,0.0012126963362485792,0.001507491287581312,370,0.0,0.0,0.0,,0.0,0.0,0.0,0.0,,0.0,0.0,0.0,0.0,,0.0,1.0,,
crmarenapro,query5,2,1/4,0.3708365373313427,0.27252428513020277,10198.0,0.0,0.0,0.0,336.0,0.3708365373313427,0.27252428513020277,10198.0,0.0,0.0,20.0,336.0,0.3690483175897598,0.27125543635338545,10162.0,0.0,2.0,20.0,336.0,0.3699924274605513,0.2718898607417941,10180.0,0.0,1.0,144.0,336.0,0.10047541093081236,0.0,0.10047541093081236,0.0,0.10047541093081236,0.0,0.10047541093081236,0.0,0.0,0.0,0.0,0.0,0.0,0.0,0.0,0.0,0.22039167676120996,0.0,0.22039167676120996,0.0,0.2186034570196271,0.0,0.21954756689041852,0.0,0.049969449639320374,0.0,0.049969449639320374,0.0,0.049969449639320374,0.0,0.049969449639320374,0.0,0.0,0.001060032243892718,0.0012291051426462913,0.0,0.001060032243892718,0.0012291051426462913,0.0,0.0010598002582411753,0.0012290819950945928,0.0,0.0010599545752524994,0.0012290819950945928,336,0.0,0.0,0.0,,0.0,0.004655910852902956,0.004822123932154754,0.003530103941949414,,0.005952380952380952,0.002327955426451478,0.002276231670336193,0.0017650519709746515,,0.002976190476190476,1.002558228355998,,
crmarenapro,query5,2,inf,0.4096398092806339,0.30614542961120605,12284.0,0.0,0.0,0.0,351.0,0.4096398092806339,0.30614542961120605,12284.0,0.0,0.0,0.0,351.0,0.40257320990025997,0.30118204466998577,12126.0,0.0,8.0,0.0,351.0,0.40297320990026,0.30118204466998577,12126.0,0.0,8.0,0.0,351.0,0.10460777673870325,0.0,0.10460777673870325,0.0,0.10023332683593035,0.0,0.10048332683593035,0.0,0.0,0.0,0.0,0.0,0.0,0.0,0.0,0.0,0.23007785808295012,0.0,0.23007785808295012,0.0,0.22738570860534907,0.0,0.22753570860534905,0.0,0.07495417445898056,0.0,0.07495417445898056,0.0,0.07495417445898056,0.0,0.07495417445898056,0.0,0.0,0.00115305519335576,0.0013504566710341621,0.0,0.00115305519335576,0.0013504566710341621,0.0,0.0011502583632912184,0.0013501918358266353,0.0,0.0011503934984263536,0.0013502053493401488,351,0.0,0.0,0.0,,0.0,0.016212507067388193,0.017250763280999393,0.01286225985021161,,0.022792022792022793,0.016212507067388193,0.016274295684496898,0.01286225985021161,,0.022792022792022793,1.0009936080945354,,
crmarenapro,query5,4,1,0.8679153472185135,0.6587934177368879,23531.0,0.0,0.0,0.0,712.0,0.8679153472185135,0.6587934177368879,23531.0,0.0,0.0,0.0,712.0,0.8572241254502535,0.6513186851516366,23288.0,0.0,12.0,0.0,712.0,0.8578241254502534,0.6513186851516366,23288.0,0.0,12.0,0.0,712.0,0.19750519189983606,0.0,0.19750519189983606,0.0,0.18949629974395038,0.0,0.18994629974395036,0.0,0.0,0.0,0.0,0.0,0.0,0.0,0.0,0.0,0.483024719171226,0.0,0.483024719171226,0.0,0.4803423895588517,0.0,0.4804923895588517,0.0,0.1873854361474514,0.0,0.1873854361474514,0.0,0.1873854361474514,0.0,0.1873854361474514,0.0,0.0,0.0012074768981886804,0.0015477644050741765,0.0,0.0012074768981886804,0.0015477644050741765,0.0,0.001207178228124722,0.0015477620087462275,0.0,0.001207178228124722,0.0015477620087462275,712,0.0,0.0,0.0,,0.0,0.011346094821239716,0.012318277125209387,0.01032680294080146,,0.016853932584269662,0.011346094821239716,0.011626965464547112,0.01032680294080146,,0.016853932584269662,1.0006999336371742,,
crmarenapro,query5,4,1/16,1.0141026955097914,0.8036835640668869,22455.0,0.0,0.0,0.0,710.0,1.0141026955097914,0.8036835640668869,22455.0,0.0,0.0,710.0,710.0,1.0141026955097914,0.8036835640668869,22455.0,0.0,0.0,710.0,710.0,1.0141026955097914,0.8036835640668869,22455.0,0.0,0.0,710.0,710.0,0.18994192872196436,0.0,0.18994192872196436,0.0,0.18994192872196436,0.0,0.18994192872196436,0.0,0.0,0.0,0.0,0.0,0.0,0.0,0.0,0.0,0.4743746193125844,0.0,0.4743746193125844,0.0,0.4743746193125844,0.0,0.4743746193125844,0.0,0.3497861474752426,0.0,0.3497861474752426,0.0,0.3497861474752426,0.0,0.3497861474752426,0.0,0.0,0.0012912304766917477,0.0020245548147863938,0.0,0.0012912304766917477,0.0020245548147863938,0.0,0.0012912304766917477,0.0020245548147863938,0.0,0.0012912304766917477,0.0020245548147863938,710,0.0,0.0,0.0,,0.0,0.0,0.0,0.0,,0.0,0.0,0.0,0.0,,0.0,1.0,,
crmarenapro,query5,4,1/4,0.8166167670860887,0.6117525473237038,25104.0,0.0,0.0,0.0,697.0,0.8166167670860887,0.6117525473237038,25104.0,0.0,0.0,52.0,697.0,0.8113491572615504,0.6080485368147492,24985.0,0.0,6.0,52.0,697.0,0.8098752847141027,0.6067736279219389,24940.0,0.0,8.0,295.0,697.0,0.20405675936490297,0.0,0.20405675936490297,0.0,0.20058718914717436,0.0,0.19816920672893523,0.0,0.0,0.0,0.0,0.0,0.0,0.0,0.0,0.0,0.46265165880322456,0.0,0.46265165880322456,0.0,0.46085361919641493,0.0,0.4617977290672064,0.0,0.14990834891796112,0.0,0.14990834891796112,0.0,0.14990834891796112,0.0,0.14990834891796112,0.0,0.0,0.0010957451031959437,0.0014424823739744245,0.0,0.0010957451031959437,0.0014424823739744245,0.0,0.0010925994995627422,0.0014421678136111045,0.0,0.0010925074409392286,0.0014421720759281557,697,0.0,0.0,0.0,,0.0,0.00605475289830637,0.006450528616176343,0.004740280433397026,,0.00860832137733142,0.008138780007613589,0.008255380790234468,0.006532823454429626,,0.011477761836441894,0.9981834299891033,,
crmarenapro,query5,4,inf,0.932089232839644,0.7198622804135084,23838.0,0.0,0.0,0.0,719.0,0.932089232839644,0.7198622804135084,23838.0,0.0,0.0,0.0,719.0,0.9160320004975796,0.7086196672171354,23478.0,0.0,18.0,0.0,719.0,0.9169320004975796,0.7086196672171354,23478.0,0.0,18.0,0.0,719.0,0.1830435898154974,0.0,0.1830435898154974,0.0,0.17235101669818162,0.0,0.17295101669818164,0.0,0.0,0.0,0.0,0.0,0.0,0.0,0.0,0.0,0.4991983948275447,0.0,0.4991983948275447,0.0,0.4938337356027961,0.0,0.49413373560279605,0.0,0.24984724819660187,0.0,0.24984724819660187,0.0,0.24984724819660187,0.0,0.24984724819660187,0.0,0.0,0.001166919677249961,0.001674864321505114,0.0,0.001166919677249961,0.001674864321505114,0.0,0.0011664504232674331,0.0016748521104454994,0.0,0.0011664504232674331,0.0016748521104454994,719,0.0,0.0,0.0,,0.0,0.015617727865828601,0.017227140681740694,0.015101938082053845,,0.025034770514603615,0.015617727865828601,0.016261567892901452,0.015101938082053845,,0.025034770514603615,1.000982498427469,,
crmarenapro,query5,8,1,1.5762288076803088,1.1959602795541286,40496.0,0.0,0.0,0.0,1294.0,1.5762288076803088,1.1959602795541286,40496.0,0.0,0.0,0.0,1294.0,1.4987557546922565,1.141625544987619,38773.0,0.0,87.0,0.0,1294.0,1.5031057546922564,1.141625544987619,38773.0,0.0,87.0,0.0,1294.0,0.3617194164544344,0.0,0.3617194164544344,0.0,0.31380108852863314,0.0,0.3165010885286331,0.0,0.0,0.0,0.0,0.0,0.0,0.0,0.0,0.0,0.8647232437506318,0.0,0.8647232437506318,0.0,0.8351685186883807,0.0,0.8368185186883808,0.0,0.3497861474752426,0.0,0.3497861474752426,0.0,0.3497861474752426,0.0,0.3497861474752426,0.0,0.0,0.001067702624585349,0.0017569047516849483,0.0,0.001067702624585349,0.0017569047516849483,0.0,0.0010635566158066542,0.001756586114812331,0.0,0.001063691386696142,0.0017565995919012797,1294,0.0,0.0,0.0,,0.0,0.04543188891420913,0.049150892694359016,0.04254741209008295,,0.06723338485316847,0.04543188891420913,0.046391141077839815,0.04254741209008295,,0.06723338485316847,1.0029024075379733,,
crmarenapro,query5,8,1/16,1.7207561545073986,1.3363724732771516,47317.0,0.0,0.0,0.0,1296.0,1.7207561545073986,1.3363724732771516,47317.0,0.0,0.0,1296.0,1296.0,1.7207561545073986,1.3363724732771516,47317.0,0.0,0.0,1296.0,1296.0,1.7207561545073986,1.3363724732771516,47317.0,0.0,0.0,1296.0,1296.0,0.3591291643679142,0.0,0.3591291643679142,0.0,0.3591291643679142,0.0,0.3591291643679142,0.0,0.0,0.0,0.0,0.0,0.0,0.0,0.0,0.0,0.8619324937462807,0.0,0.8619324937462807,0.0,0.8619324937462807,0.0,0.8619324937462807,0.0,0.49969449639320374,0.0,0.49969449639320374,0.0,0.49969449639320374,0.0,0.49969449639320374,0.0,0.0,0.0011454842573443017,0.002022970471071539,0.0,0.0011454842573443017,0.002022970471071539,0.0,0.0011454842573443017,0.002022970471071539,0.0,0.0011454842573443017,0.002022970471071539,1296,0.0,0.0,0.0,,0.0,0.0,0.0,0.0,,0.0,0.0,0.0,0.0,,0.0,1.0,,
crmarenapro,query5,8,1/4,1.677235429175198,1.2770721651613712,45175.0,0.0,0.0,0.0,1357.0,1.677235429175198,1.2770721651613712,45175.0,0.0,0.0,88.0,1357.0,1.6569138674429058,1.262814361602068,44715.0,0.0,23.0,88.0,1357.0,1.6478303414478899,1.2553166402503848,44460.0,0.0,35.0,545.0,1357.0,0.38541577011346817,0.0,0.38541577011346817,0.0,0.3713726172071695,0.0,0.361094981341362,0.0,0.0,0.0,0.0,0.0,0.0,0.0,0.0,0.0,0.904556424356997,0.0,0.904556424356997,0.0,0.8982780155310035,0.0,0.8994721254017949,0.0,0.3872632347047329,0.0,0.3872632347047329,0.0,0.3872632347047329,0.0,0.3872632347047329,0.0,0.0,0.0011284107677056454,0.0018394418833243735,0.0,0.0011284107677056454,0.0018394418833243735,0.0,0.0011280790664992917,0.0018394270472830005,0.0,0.0011277106944665622,0.0018394077160337472,1357,0.0,0.0,0.0,,0.0,0.011164446260953254,0.012116105693215418,0.010182623132263369,,0.01694915254237288,0.01703547027684016,0.017531878480392282,0.015827338129496438,,0.025792188651436992,0.9945178043509079,,
crmarenapro,query5,8,inf,1.691192532889545,1.2775535946711898,42845.0,0.0,0.0,0.0,1406.0,1.691192532889545,1.2775535946711898,42845.0,0.0,0.0,0.0,1406.0,1.609996969923079,1.2206510212272406,41044.0,0.0,91.0,0.0,1406.0,1.614546969923079,1.2206510212272406,41044.0,0.0,91.0,0.0,1406.0,0.39871284179389477,0.0,0.39871284179389477,0.0,0.3479955733561516,0.0,0.3508455733561516,0.0,0.0,0.0,0.0,0.0,0.0,0.0,0.0,0.0,0.9426935436204076,0.0,0.9426935436204076,0.0,0.9122152490916848,0.0,0.9139152490916849,0.0,0.3497861474752426,0.0,0.3497861474752426,0.0,0.3497861474752426,0.0,0.3497861474752426,0.0,0.0,0.0010981382183770985,0.0017514915604315959,0.0,0.0010981382183770985,0.0017514915604315959,0.0,0.001096384077355629,0.001751442549518009,0.0,0.001096384077355629,0.001751442549518009,1406,0.0,0.0,0.0,,0.0,0.04454026326668081,0.04801083341335277,0.042035243318940374,,0.06472261735419631,0.04454026326668081,0.045320424183466934,0.042035243318940374,,0.06472261735419631,1.0028260922753274,,
crmarenapro,query5,16,inf,3.4793869722634554,2.6605964554473758,95420.0,0.0,0.0,0.0,2777.0,3.4793869722634554,2.6605964554473758,95420.0,0.0,0.0,0.0,2777.0,3.1621484464251997,2.437968854792416,88360.0,0.0,357.0,0.0,2777.0,3.1799984464251994,2.437968854792416,88360.0,0.0,357.0,0.0,2777.0,0.7689741691574454,0.0,0.7689741691574454,0.0,0.5753486623886228,0.0,0.5862986623886227,0.0,0.0,0.0,0.0,0.0,0.0,0.0,0.0,0.0,1.8734245216473937,0.0,1.8734245216473937,0.0,1.7498115025779606,0.0,1.7567115025779605,0.0,0.8369882814586163,0.0,0.8369882814586163,0.0,0.8369882814586163,0.0,0.8369882814586163,0.0,0.0,0.001070258539210964,0.002362645498609968,0.0,0.001070258539210964,0.002362645498609968,0.0,0.0010663172864651942,0.0023626301160266433,0.0,0.0010663172864651942,0.0023626301160266433,2777,0.0,0.0,0.0,,0.0,0.08367582396764683,0.09117655735541297,0.07398868161810945,,0.12855599567879006,0.08367582396764683,0.08604634328543626,0.07398868161810945,,0.12855599567879006,1.005644896279357,,
crmarenapro,query5,50,inf,10.697540454566479,8.159720338881016,297000.0,0.0,0.0,0.0,8600.0,10.697540454566479,8.159720338881016,297000.0,0.0,0.0,0.0,8600.0,8.741208203375338,6.787754409015179,253400.0,0.0,2200.0,0.0,8600.0,8.851208203375341,6.787754409015179,253400.0,0.0,2200.0,0.0,8600.0,2.3519448935985565,0.0,2.3519448935985565,0.0,1.1128645120859146,0.0,1.1828645120859145,0.0,0.0,0.0,0.0,0.0,0.0,0.0,0.0,0.0,5.8471230790019035,0.0,5.8471230790019035,0.0,5.129871209323406,0.0,5.169871209323406,0.0,2.4984724819660187,0.0,2.4984724819660187,0.0,2.4984724819660187,0.0,2.4984724819660187,0.0,0.0,0.0010263960187633832,0.0020719616829107204,0.0,0.0010263960187633832,0.0020719616829107204,0.0,0.0010148917014400165,0.0020719616829107204,0.0,0.0010148917014400165,0.0020719616829107204,8600,0.0,0.0,0.0,,0.0,0.16813884212776609,0.1828768266406543,0.14680134680134682,,0.2558139534883721,0.16813884212776609,0.17259408917710517,0.14680134680134682,,0.2558139534883721,1.012584072755243,,
crmarenapro,query6,1,inf,0.11901758424937725,0.11474313214421272,264.0,0.0,0.0,0.0,10.0,0.11901758424937725,0.11474313214421272,264.0,0.0,0.0,0.0,10.0,0.11901758424937725,0.11474313214421272,264.0,0.0,0.0,0.0,10.0,0.11901758424937725,0.11474313214421272,264.0,0.0,0.0,0.0,10.0,0.0,0.0,0.0,0.0,0.0,0.0,0.0,0.0,0.0,0.0,0.0,0.0,0.0,0.0,0.0,0.0,0.0,0.0,0.0,0.0,0.0,0.0,0.0,0.0,0.11901758424937725,0.0,0.11901758424937725,0.0,0.11901758424937725,0.0,0.11901758424937725,0.0,0.0,0.011901758424937726,0.011901758424937726,0.0,0.011901758424937726,0.011901758424937726,0.0,0.011901758424937726,0.011901758424937726,0.0,0.011901758424937726,0.011901758424937726,10,0.0,0.0,0.0,,0.0,0.0,0.0,0.0,,0.0,0.0,0.0,0.0,,0.0,1.0,,
crmarenapro,query6,2,1,0.25014965794980526,0.24117240216583014,555.0,0.0,0.0,0.0,21.0,0.25014965794980526,0.24117240216583014,555.0,0.0,0.0,21.0,21.0,0.25014965794980526,0.24117240216583014,555.0,0.0,0.0,21.0,21.0,0.25014965794980526,0.24117240216583014,555.0,0.0,0.0,21.0,21.0,0.0,0.0,0.0,0.0,0.0,0.0,0.0,0.0,0.0,0.0,0.0,0.0,0.0,0.0,0.0,0.0,0.0,0.0,0.0,0.0,0.0,0.0,0.0,0.0,0.25014965794980526,0.0,0.25014965794980526,0.0,0.25014965794980526,0.0,0.25014965794980526,0.0,0.0,0.01191188847380025,0.01191188847380025,0.0,0.01191188847380025,0.01191188847380025,0.0,0.01191188847380025,0.01191188847380025,0.0,0.01191188847380025,0.01191188847380025,21,0.0,0.0,0.0,,0.0,0.0,0.0,0.0,,0.0,0.0,0.0,0.0,,0.0,1.0,,
crmarenapro,query6,2,1/16,0.13042297028005123,0.1257231878116727,289.0,0.0,0.0,0.0,11.0,0.13042297028005123,0.1257231878116727,289.0,0.0,0.0,11.0,11.0,0.13042297028005123,0.1257231878116727,289.0,0.0,0.0,11.0,11.0,0.13042297028005123,0.1257231878116727,289.0,0.0,0.0,11.0,11.0,0.0,0.0,0.0,0.0,0.0,0.0,0.0,0.0,0.0,0.0,0.0,0.0,0.0,0.0,0.0,0.0,0.0,0.0,0.0,0.0,0.0,0.0,0.0,0.0,0.13042297028005123,0.0,0.13042297028005123,0.0,0.13042297028005123,0.0,0.13042297028005123,0.0,0.0,0.01185663366182284,0.01185663366182284,0.0,0.01185663366182284,0.01185663366182284,0.0,0.01185663366182284,0.01185663366182284,0.0,0.01185663366182284,0.01185663366182284,11,0.0,0.0,0.0,,0.0,0.0,0.0,0.0,,0.0,0.0,0.0,0.0,,0.0,1.0,,
crmarenapro,query6,2,1/4,0.13042297028005123,0.1257231878116727,289.0,0.0,0.0,0.0,11.0,0.13042297028005123,0.1257231878116727,289.0,0.0,0.0,11.0,11.0,0.13042297028005123,0.1257231878116727,289.0,0.0,0.0,11.0,11.0,0.13042297028005123,0.1257231878116727,289.0,0.0,0.0,11.0,11.0,0.0,0.0,0.0,0.0,0.0,0.0,0.0,0.0,0.0,0.0,0.0,0.0,0.0,0.0,0.0,0.0,0.0,0.0,0.0,0.0,0.0,0.0,0.0,0.0,0.13042297028005123,0.0,0.13042297028005123,0.0,0.13042297028005123,0.0,0.13042297028005123,0.0,0.0,0.01185663366182284,0.01185663366182284,0.0,0.01185663366182284,0.01185663366182284,0.0,0.01185663366182284,0.01185663366182284,0.0,0.01185663366182284,0.01185663366182284,11,0.0,0.0,0.0,,0.0,0.0,0.0,0.0,,0.0,0.0,0.0,0.0,,0.0,1.0,,
crmarenapro,query6,2,inf,0.17994458321481943,0.17352686263620853,400.0,0.0,0.0,0.0,15.0,0.17994458321481943,0.17352686263620853,400.0,0.0,0.0,0.0,15.0,0.17994458321481943,0.17352686263620853,400.0,0.0,0.0,0.0,15.0,0.17994458321481943,0.17352686263620853,400.0,0.0,0.0,0.0,15.0,0.0,0.0,0.0,0.0,0.0,0.0,0.0,0.0,0.0,0.0,0.0,0.0,0.0,0.0,0.0,0.0,0.0,0.0,0.0,0.0,0.0,0.0,0.0,0.0,0.17994458321481943,0.0,0.17994458321481943,0.0,0.17994458321481943,0.0,0.17994458321481943,0.0,0.0,0.011996305547654629,0.011996305547654629,0.0,0.011996305547654629,0.011996305547654629,0.0,0.011996305547654629,0.011996305547654629,0.0,0.011996305547654629,0.011996305547654629,15,0.0,0.0,0.0,,0.0,0.0,0.0,0.0,,0.0,0.0,0.0,0.0,,0.0,1.0,,
crmarenapro,query6,4,1,0.43151244800537825,0.4161114292219281,959.0,0.0,0.0,0.0,36.0,0.43151244800537825,0.4161114292219281,959.0,0.0,0.0,36.0,36.0,0.43151244800537825,0.4161114292219281,959.0,0.0,0.0,36.0,36.0,0.43151244800537825,0.4161114292219281,959.0,0.0,0.0,36.0,36.0,0.0,0.0,0.0,0.0,0.0,0.0,0.0,0.0,0.0,0.0,0.0,0.0,0.0,0.0,0.0,0.0,0.0,0.0,0.0,0.0,0.0,0.0,0.0,0.0,0.43151244800537825,0.0,0.43151244800537825,0.0,0.43151244800537825,0.0,0.43151244800537825,0.0,0.0,0.011986456889038285,0.011986456889038285,0.0,0.011986456889038285,0.011986456889038285,0.0,0.011986456889038285,0.011986456889038285,0.0,0.011986456889038285,0.011986456889038285,36,0.0,0.0,0.0,,0.0,0.0,0.0,0.0,,0.0,0.0,0.0,0.0,,0.0,1.0,,
crmarenapro,query6,4,1/16,0.47784309554845095,0.4607377341017127,1061.0,0.0,0.0,0.0,40.0,0.47784309554845095,0.4607377341017127,1061.0,0.0,0.0,40.0,40.0,0.47784309554845095,0.4607377341017127,1061.0,0.0,0.0,40.0,40.0,0.47784309554845095,0.4607377341017127,1061.0,0.0,0.0,40.0,40.0,0.0,0.0,0.0,0.0,0.0,0.0,0.0,0.0,0.0,0.0,0.0,0.0,0.0,0.0,0.0,0.0,0.0,0.0,0.0,0.0,0.0,0.0,0.0,0.0,0.47784309554845095,0.0,0.47784309554845095,0.0,0.47784309554845095,0.0,0.47784309554845095,0.0,0.0,0.011946304665448574,0.011950395646719977,0.0,0.011946304665448574,0.011950395646719977,0.0,0.011946304665448574,0.011950395646719977,0.0,0.011946304665448574,0.011950395646719977,40,0.0,0.0,0.0,,0.0,0.0,0.0,0.0,,0.0,0.0,0.0,0.0,,0.0,1.0,,
crmarenapro,query6,4,1/4,0.37094000075012445,0.35768073983490467,824.0,0.0,0.0,0.0,31.0,0.37094000075012445,0.35768073983490467,824.0,0.0,0.0,31.0,31.0,0.37094000075012445,0.35768073983490467,824.0,0.0,0.0,31.0,31.0,0.37094000075012445,0.35768073983490467,824.0,0.0,0.0,31.0,31.0,0.0,0.0,0.0,0.0,0.0,0.0,0.0,0.0,0.0,0.0,0.0,0.0,0.0,0.0,0.0,0.0,0.0,0.0,0.0,0.0,0.0,0.0,0.0,0.0,0.37094000075012445,0.0,0.37094000075012445,0.0,0.37094000075012445,0.0,0.37094000075012445,0.0,0.0,0.011965806475810466,0.011965806475810466,0.0,0.011965806475810466,0.011965806475810466,0.0,0.011965806475810466,0.011965806475810466,0.0,0.011965806475810466,0.011965806475810466,31,0.0,0.0,0.0,,0.0,0.0,0.0,0.0,,0.0,0.0,0.0,0.0,,0.0,1.0,,
crmarenapro,query6,4,inf,0.38128173165023327,0.36760167218744755,846.0,0.0,0.0,0.0,32.0,0.38128173165023327,0.36760167218744755,846.0,0.0,0.0,0.0,32.0,0.38128173165023327,0.36760167218744755,846.0,0.0,0.0,0.0,32.0,0.38128173165023327,0.36760167218744755,846.0,0.0,0.0,0.0,32.0,0.0,0.0,0.0,0.0,0.0,0.0,0.0,0.0,0.0,0.0,0.0,0.0,0.0,0.0,0.0,0.0,0.0,0.0,0.0,0.0,0.0,0.0,0.0,0.0,0.38128173165023327,0.0,0.38128173165023327,0.0,0.38128173165023327,0.0,0.38128173165023327,0.0,0.0,0.011914339292073441,0.011919486010447143,0.0,0.011914339292073441,0.011919486010447143,0.0,0.011914339292073441,0.011919486010447143,0.0,0.011914339292073441,0.011919486010447143,32,0.0,0.0,0.0,,0.0,0.0,0.0,0.0,,0.0,0.0,0.0,0.0,,0.0,1.0,,
crmarenapro,query6,8,1,0.6082660658285022,0.5864609219133854,1350.0,0.0,0.0,0.0,51.0,0.6082660658285022,0.5864609219133854,1350.0,0.0,0.0,51.0,51.0,0.6082660658285022,0.5864609219133854,1350.0,0.0,0.0,51.0,51.0,0.6082660658285022,0.5864609219133854,1350.0,0.0,0.0,51.0,51.0,0.0,0.0,0.0,0.0,0.0,0.0,0.0,0.0,0.0,0.0,0.0,0.0,0.0,0.0,0.0,0.0,0.0,0.0,0.0,0.0,0.0,0.0,0.0,0.0,0.6082660658285022,0.0,0.6082660658285022,0.0,0.6082660658285022,0.0,0.6082660658285022,0.0,0.0,0.011925898115844168,0.011939476691979043,0.0,0.011925898115844168,0.011939476691979043,0.0,0.011925898115844168,0.011939476691979043,0.0,0.011925898115844168,0.011939476691979043,51,0.0,0.0,0.0,,0.0,0.0,0.0,0.0,,0.0,0.0,0.0,0.0,,0.0,1.0,,
crmarenapro,query6,8,1/16,0.942508046515286,0.9087302070111036,2092.0,0.0,0.0,0.0,79.0,0.942508046515286,0.9087302070111036,2092.0,0.0,0.0,79.0,79.0,0.942508046515286,0.9087302070111036,2092.0,0.0,0.0,79.0,79.0,0.942508046515286,0.9087302070111036,2092.0,0.0,0.0,79.0,79.0,0.0,0.0,0.0,0.0,0.0,0.0,0.0,0.0,0.0,0.0,0.0,0.0,0.0,0.0,0.0,0.0,0.0,0.0,0.0,0.0,0.0,0.0,0.0,0.0,0.942508046515286,0.0,0.942508046515286,0.0,0.942508046515286,0.0,0.942508046515286,0.0,0.0,0.011929723066868077,0.011947700336680446,0.0,0.011929723066868077,0.011947700336680446,0.0,0.011929723066868077,0.011947700336680446,0.0,0.011929723066868077,0.011947700336680446,79,0.0,0.0,0.0,,0.0,0.0,0.0,0.0,,0.0,0.0,0.0,0.0,,0.0,1.0,,
crmarenapro,query6,8,1/4,0.799970586784184,0.7713208813220263,1776.0,0.0,0.0,0.0,67.0,0.799970586784184,0.7713208813220263,1776.0,0.0,0.0,67.0,67.0,0.799970586784184,0.7713208813220263,1776.0,0.0,0.0,67.0,67.0,0.799970586784184,0.7713208813220263,1776.0,0.0,0.0,67.0,67.0,0.0,0.0,0.0,0.0,0.0,0.0,0.0,0.0,0.0,0.0,0.0,0.0,0.0,0.0,0.0,0.0,0.0,0.0,0.0,0.0,0.0,0.0,0.0,0.0,0.799970586784184,0.0,0.799970586784184,0.0,0.799970586784184,0.0,0.799970586784184,0.0,0.0,0.011940072883941954,0.01195293967987621,0.0,0.011940072883941954,0.01195293967987621,0.0,0.011940072883941954,0.01195293967987621,0.0,0.011940072883941954,0.01195293967987621,67,0.0,0.0,0.0,,0.0,0.0,0.0,0.0,,0.0,0.0,0.0,0.0,,0.0,1.0,,
crmarenapro,query6,8,inf,0.7622089115902781,0.7348503032699227,1691.0,0.0,0.0,0.0,64.0,0.7622089115902781,0.7348503032699227,1691.0,0.0,0.0,0.0,64.0,0.7622089115902781,0.7348503032699227,1691.0,0.0,0.0,0.0,64.0,0.7622089115902781,0.7348503032699227,1691.0,0.0,0.0,0.0,64.0,0.0,0.0,0.0,0.0,0.0,0.0,0.0,0.0,0.0,0.0,0.0,0.0,0.0,0.0,0.0,0.0,0.0,0.0,0.0,0.0,0.0,0.0,0.0,0.0,0.7622089115902781,0.0,0.7622089115902781,0.0,0.7622089115902781,0.0,0.7622089115902781,0.0,0.0,0.011906112568747056,0.011925706215889046,0.0,0.011906112568747056,0.011925706215889046,0.0,0.011906112568747056,0.011925706215889046,0.0,0.011906112568747056,0.011925706215889046,64,0.0,0.0,0.0,,0.0,0.0,0.0,0.0,,0.0,0.0,0.0,0.0,,0.0,1.0,,
crmarenapro,query6,16,inf,1.644853614270687,1.5858559031039476,3650.0,0.0,0.0,0.0,138.0,1.644853614270687,1.5858559031039476,3650.0,0.0,0.0,0.0,138.0,1.644853614270687,1.5858559031039476,3650.0,0.0,0.0,0.0,138.0,1.644853614270687,1.5858559031039476,3650.0,0.0,0.0,0.0,138.0,0.0,0.0,0.0,0.0,0.0,0.0,0.0,0.0,0.0,0.0,0.0,0.0,0.0,0.0,0.0,0.0,0.0,0.0,0.0,0.0,0.0,0.0,0.0,0.0,1.644853614270687,0.0,1.644853614270687,0.0,1.644853614270687,0.0,1.644853614270687,0.0,0.0,0.011916180867386066,0.011943222946976707,0.0,0.011916180867386066,0.011943222946976707,0.0,0.011916180867386066,0.011943222946976707,0.0,0.011916180867386066,0.011943222946976707,138,0.0,0.0,0.0,,0.0,0.0,0.0,0.0,,0.0,0.0,0.0,0.0,,0.0,1.0,,
crmarenapro,query6,50,inf,4.774885438382626,4.603846929967403,10600.0,0.0,0.0,0.0,400.0,4.774885438382626,4.603846929967403,10600.0,0.0,0.0,0.0,400.0,4.774885438382626,4.603846929967403,10600.0,0.0,0.0,0.0,400.0,4.774885438382626,4.603846929967403,10600.0,0.0,0.0,0.0,400.0,0.0,0.0,0.0,0.0,0.0,0.0,0.0,0.0,0.0,0.0,0.0,0.0,0.0,0.0,0.0,0.0,0.0,0.0,0.0,0.0,0.0,0.0,0.0,0.0,4.774885438382626,0.0,4.774885438382626,0.0,4.774885438382626,0.0,4.774885438382626,0.0,0.0,0.011937213595956564,0.01209676186554134,0.0,0.011937213595956564,0.01209676186554134,0.0,0.011937213595956564,0.01209676186554134,0.0,0.011937213595956564,0.01209676186554134,400,0.0,0.0,0.0,,0.0,0.0,0.0,0.0,,0.0,0.0,0.0,0.0,,0.0,1.0,,
crmarenapro,query7,1,inf,0.005463939160108566,0.003790777176618576,96.0,0.0,0.0,0.0,6.0,0.005463939160108566,0.003790777176618576,96.0,0.0,0.0,0.0,6.0,0.005463939160108566,0.003790777176618576,96.0,0.0,0.0,0.0,6.0,0.005463939160108566,0.003790777176618576,96.0,0.0,0.0,0.0,6.0,0.0,0.0,0.0,0.0,0.0,0.0,0.0,0.0,0.0,0.0,0.0,0.0,0.0,0.0,0.0,0.0,0.005463939160108566,0.0,0.005463939160108566,0.0,0.005463939160108566,0.0,0.005463939160108566,0.0,0.0,0.0,0.0,0.0,0.0,0.0,0.0,0.0,0.0,0.000910656526684761,0.000910656526684761,0.0,0.000910656526684761,0.000910656526684761,0.0,0.000910656526684761,0.000910656526684761,0.0,0.000910656526684761,0.000910656526684761,6,0.0,0.0,0.0,,0.0,0.0,0.0,0.0,,0.0,0.0,0.0,0.0,,0.0,1.0,,
crmarenapro,query7,2,1,0.00819590874016285,0.005686165764927864,144.0,0.0,0.0,0.0,9.0,0.00819590874016285,0.005686165764927864,144.0,0.0,0.0,9.0,9.0,0.00819590874016285,0.005686165764927864,144.0,0.0,0.0,9.0,9.0,0.00819590874016285,0.005686165764927864,144.0,0.0,0.0,9.0,9.0,0.0,0.0,0.0,0.0,0.0,0.0,0.0,0.0,0.0,0.0,0.0,0.0,0.0,0.0,0.0,0.0,0.00819590874016285,0.0,0.00819590874016285,0.0,0.00819590874016285,0.0,0.00819590874016285,0.0,0.0,0.0,0.0,0.0,0.0,0.0,0.0,0.0,0.0,0.000910656526684761,0.000910656526684761,0.0,0.000910656526684761,0.000910656526684761,0.0,0.000910656526684761,0.000910656526684761,0.0,0.000910656526684761,0.000910656526684761,9,0.0,0.0,0.0,,0.0,0.0,0.0,0.0,,0.0,0.0,0.0,0.0,,0.0,1.0,,
crmarenapro,query7,2,1/16,0.010927878320217133,0.007581554353237152,192.0,0.0,0.0,0.0,12.0,0.010927878320217133,0.007581554353237152,192.0,0.0,0.0,12.0,12.0,0.010927878320217133,0.007581554353237152,192.0,0.0,0.0,12.0,12.0,0.010927878320217133,0.007581554353237152,192.0,0.0,0.0,12.0,12.0,0.0,0.0,0.0,0.0,0.0,0.0,0.0,0.0,0.0,0.0,0.0,0.0,0.0,0.0,0.0,0.0,0.010927878320217133,0.0,0.010927878320217133,0.0,0.010927878320217133,0.0,0.010927878320217133,0.0,0.0,0.0,0.0,0.0,0.0,0.0,0.0,0.0,0.0,0.000910656526684761,0.000910656526684761,0.0,0.000910656526684761,0.000910656526684761,0.0,0.000910656526684761,0.000910656526684761,0.0,0.000910656526684761,0.000910656526684761,12,0.0,0.0,0.0,,0.0,0.0,0.0,0.0,,0.0,0.0,0.0,0.0,,0.0,1.0,,
crmarenapro,query7,2,1/4,0.00910656526684761,0.00631796196103096,160.0,0.0,0.0,0.0,10.0,0.00910656526684761,0.00631796196103096,160.0,0.0,0.0,10.0,10.0,0.00910656526684761,0.00631796196103096,160.0,0.0,0.0,10.0,10.0,0.00910656526684761,0.00631796196103096,160.0,0.0,0.0,10.0,10.0,0.0,0.0,0.0,0.0,0.0,0.0,0.0,0.0,0.0,0.0,0.0,0.0,0.0,0.0,0.0,0.0,0.00910656526684761,0.0,0.00910656526684761,0.0,0.00910656526684761,0.0,0.00910656526684761,0.0,0.0,0.0,0.0,0.0,0.0,0.0,0.0,0.0,0.0,0.000910656526684761,0.000910656526684761,0.0,0.000910656526684761,0.000910656526684761,0.0,0.000910656526684761,0.000910656526684761,0.0,0.000910656526684761,0.000910656526684761,10,0.0,0.0,0.0,,0.0,0.0,0.0,0.0,,0.0,0.0,0.0,0.0,,0.0,1.0,,
crmarenapro,query7,2,inf,0.006374595686793327,0.004422573372721672,112.0,0.0,0.0,0.0,7.0,0.006374595686793327,0.004422573372721672,112.0,0.0,0.0,0.0,7.0,0.006374595686793327,0.004422573372721672,112.0,0.0,0.0,0.0,7.0,0.006374595686793327,0.004422573372721672,112.0,0.0,0.0,0.0,7.0,0.0,0.0,0.0,0.0,0.0,0.0,0.0,0.0,0.0,0.0,0.0,0.0,0.0,0.0,0.0,0.0,0.006374595686793327,0.0,0.006374595686793327,0.0,0.006374595686793327,0.0,0.006374595686793327,0.0,0.0,0.0,0.0,0.0,0.0,0.0,0.0,0.0,0.0,0.000910656526684761,0.000910656526684761,0.0,0.000910656526684761,0.000910656526684761,0.0,0.000910656526684761,0.000910656526684761,0.0,0.000910656526684761,0.000910656526684761,7,0.0,0.0,0.0,,0.0,0.0,0.0,0.0,,0.0,0.0,0.0,0.0,,0.0,1.0,,
crmarenapro,query7,4,1,0.019123787060379982,0.013267720118165016,336.0,0.0,0.0,0.0,21.0,0.019123787060379982,0.013267720118165016,336.0,0.0,0.0,21.0,21.0,0.019123787060379982,0.013267720118165016,336.0,0.0,0.0,21.0,21.0,0.019123787060379982,0.013267720118165016,336.0,0.0,0.0,21.0,21.0,0.0,0.0,0.0,0.0,0.0,0.0,0.0,0.0,0.0,0.0,0.0,0.0,0.0,0.0,0.0,0.0,0.019123787060379982,0.0,0.019123787060379982,0.0,0.019123787060379982,0.0,0.019123787060379982,0.0,0.0,0.0,0.0,0.0,0.0,0.0,0.0,0.0,0.0,0.000910656526684761,0.000910656526684761,0.0,0.000910656526684761,0.000910656526684761,0.0,0.000910656526684761,0.000910656526684761,0.0,0.000910656526684761,0.000910656526684761,21,0.0,0.0,0.0,,0.0,0.0,0.0,0.0,,0.0,0.0,0.0,0.0,,0.0,1.0,,
crmarenapro,query7,4,1/16,0.015481160953640938,0.010740535333752632,272.0,0.0,0.0,0.0,17.0,0.015481160953640938,0.010740535333752632,272.0,0.0,0.0,17.0,17.0,0.015481160953640938,0.010740535333752632,272.0,0.0,0.0,17.0,17.0,0.015481160953640938,0.010740535333752632,272.0,0.0,0.0,17.0,17.0,0.0,0.0,0.0,0.0,0.0,0.0,0.0,0.0,0.0,0.0,0.0,0.0,0.0,0.0,0.0,0.0,0.015481160953640938,0.0,0.015481160953640938,0.0,0.015481160953640938,0.0,0.015481160953640938,0.0,0.0,0.0,0.0,0.0,0.0,0.0,0.0,0.0,0.0,0.000910656526684761,0.000910656526684761,0.0,0.000910656526684761,0.000910656526684761,0.0,0.000910656526684761,0.000910656526684761,0.0,0.000910656526684761,0.000910656526684761,17,0.0,0.0,0.0,,0.0,0.0,0.0,0.0,,0.0,0.0,0.0,0.0,,0.0,1.0,,
crmarenapro,query7,4,1/4,0.015481160953640938,0.010740535333752632,272.0,0.0,0.0,0.0,17.0,0.015481160953640938,0.010740535333752632,272.0,0.0,0.0,17.0,17.0,0.015481160953640938,0.010740535333752632,272.0,0.0,0.0,17.0,17.0,0.015481160953640938,0.010740535333752632,272.0,0.0,0.0,17.0,17.0,0.0,0.0,0.0,0.0,0.0,0.0,0.0,0.0,0.0,0.0,0.0,0.0,0.0,0.0,0.0,0.0,0.015481160953640938,0.0,0.015481160953640938,0.0,0.015481160953640938,0.0,0.015481160953640938,0.0,0.0,0.0,0.0,0.0,0.0,0.0,0.0,0.0,0.0,0.000910656526684761,0.000910656526684761,0.0,0.000910656526684761,0.000910656526684761,0.0,0.000910656526684761,0.000910656526684761,0.0,0.000910656526684761,0.000910656526684761,17,0.0,0.0,0.0,,0.0,0.0,0.0,0.0,,0.0,0.0,0.0,0.0,,0.0,1.0,,
crmarenapro,query7,4,inf,0.012749191373586655,0.008845146745443344,224.0,0.0,0.0,0.0,14.0,0.012749191373586655,0.008845146745443344,224.0,0.0,0.0,0.0,14.0,0.012749191373586655,0.008845146745443344,224.0,0.0,0.0,0.0,14.0,0.012749191373586655,0.008845146745443344,224.0,0.0,0.0,0.0,14.0,0.0,0.0,0.0,0.0,0.0,0.0,0.0,0.0,0.0,0.0,0.0,0.0,0.0,0.0,0.0,0.0,0.012749191373586655,0.0,0.012749191373586655,0.0,0.012749191373586655,0.0,0.012749191373586655,0.0,0.0,0.0,0.0,0.0,0.0,0.0,0.0,0.0,0.0,0.000910656526684761,0.000910656526684761,0.0,0.000910656526684761,0.000910656526684761,0.0,0.000910656526684761,0.000910656526684761,0.0,0.000910656526684761,0.000910656526684761,14,0.0,0.0,0.0,,0.0,0.0,0.0,0.0,,0.0,0.0,0.0,0.0,,0.0,1.0,,
crmarenapro,query7,8,1,0.03369429148733616,0.023376459255814552,592.0,0.0,0.0,0.0,37.0,0.03369429148733616,0.023376459255814552,592.0,0.0,0.0,37.0,37.0,0.03369429148733616,0.023376459255814552,592.0,0.0,0.0,37.0,37.0,0.03369429148733616,0.023376459255814552,592.0,0.0,0.0,37.0,37.0,0.0,0.0,0.0,0.0,0.0,0.0,0.0,0.0,0.0,0.0,0.0,0.0,0.0,0.0,0.0,0.0,0.03369429148733616,0.0,0.03369429148733616,0.0,0.03369429148733616,0.0,0.03369429148733616,0.0,0.0,0.0,0.0,0.0,0.0,0.0,0.0,0.0,0.0,0.000910656526684761,0.000910656526684761,0.0,0.000910656526684761,0.000910656526684761,0.0,0.000910656526684761,0.000910656526684761,0.0,0.000910656526684761,0.000910656526684761,37,0.0,0.0,0.0,,0.0,0.0,0.0,0.0,,0.0,0.0,0.0,0.0,,0.0,1.0,,
crmarenapro,query7,8,1/16,0.02458772622048855,0.017058497294783592,432.0,0.0,0.0,0.0,27.0,0.02458772622048855,0.017058497294783592,432.0,0.0,0.0,27.0,27.0,0.02458772622048855,0.017058497294783592,432.0,0.0,0.0,27.0,27.0,0.02458772622048855,0.017058497294783592,432.0,0.0,0.0,27.0,27.0,0.0,0.0,0.0,0.0,0.0,0.0,0.0,0.0,0.0,0.0,0.0,0.0,0.0,0.0,0.0,0.0,0.02458772622048855,0.0,0.02458772622048855,0.0,0.02458772622048855,0.0,0.02458772622048855,0.0,0.0,0.0,0.0,0.0,0.0,0.0,0.0,0.0,0.0,0.000910656526684761,0.000910656526684761,0.0,0.000910656526684761,0.000910656526684761,0.0,0.000910656526684761,0.000910656526684761,0.0,0.000910656526684761,0.000910656526684761,27,0.0,0.0,0.0,,0.0,0.0,0.0,0.0,,0.0,0.0,0.0,0.0,,0.0,1.0,,
crmarenapro,query7,8,1/4,0.028230352327227592,0.019585682079195976,496.0,0.0,0.0,0.0,31.0,0.028230352327227592,0.019585682079195976,496.0,0.0,0.0,31.0,31.0,0.028230352327227592,0.019585682079195976,496.0,0.0,0.0,31.0,31.0,0.028230352327227592,0.019585682079195976,496.0,0.0,0.0,31.0,31.0,0.0,0.0,0.0,0.0,0.0,0.0,0.0,0.0,0.0,0.0,0.0,0.0,0.0,0.0,0.0,0.0,0.028230352327227592,0.0,0.028230352327227592,0.0,0.028230352327227592,0.0,0.028230352327227592,0.0,0.0,0.0,0.0,0.0,0.0,0.0,0.0,0.0,0.0,0.000910656526684761,0.000910656526684761,0.0,0.000910656526684761,0.000910656526684761,0.0,0.000910656526684761,0.000910656526684761,0.0,0.000910656526684761,0.000910656526684761,31,0.0,0.0,0.0,,0.0,0.0,0.0,0.0,,0.0,0.0,0.0,0.0,,0.0,1.0,,
crmarenapro,query7,8,inf,0.03187297843396664,0.02211286686360836,560.0,0.0,0.0,0.0,35.0,0.03187297843396664,0.02211286686360836,560.0,0.0,0.0,0.0,35.0,0.03187297843396664,0.02211286686360836,560.0,0.0,0.0,0.0,35.0,0.03187297843396664,0.02211286686360836,560.0,0.0,0.0,0.0,35.0,0.0,0.0,0.0,0.0,0.0,0.0,0.0,0.0,0.0,0.0,0.0,0.0,0.0,0.0,0.0,0.0,0.03187297843396664,0.0,0.03187297843396664,0.0,0.03187297843396664,0.0,0.03187297843396664,0.0,0.0,0.0,0.0,0.0,0.0,0.0,0.0,0.0,0.0,0.000910656526684761,0.000910656526684761,0.0,0.000910656526684761,0.000910656526684761,0.0,0.000910656526684761,0.000910656526684761,0.0,0.000910656526684761,0.000910656526684761,35,0.0,0.0,0.0,,0.0,0.0,0.0,0.0,,0.0,0.0,0.0,0.0,,0.0,1.0,,
crmarenapro,query7,16,inf,0.055550048127770424,0.038539567962288857,976.0,0.0,0.0,0.0,61.0,0.055550048127770424,0.038539567962288857,976.0,0.0,0.0,0.0,61.0,0.055550048127770424,0.038539567962288857,976.0,0.0,0.0,0.0,61.0,0.055550048127770424,0.038539567962288857,976.0,0.0,0.0,0.0,61.0,0.0,0.0,0.0,0.0,0.0,0.0,0.0,0.0,0.0,0.0,0.0,0.0,0.0,0.0,0.0,0.0,0.055550048127770424,0.0,0.055550048127770424,0.0,0.055550048127770424,0.0,0.055550048127770424,0.0,0.0,0.0,0.0,0.0,0.0,0.0,0.0,0.0,0.0,0.000910656526684761,0.000910656526684761,0.0,0.000910656526684761,0.000910656526684761,0.0,0.000910656526684761,0.000910656526684761,0.0,0.000910656526684761,0.000910656526684761,61,0.0,0.0,0.0,,0.0,0.0,0.0,0.0,,0.0,0.0,0.0,0.0,,0.0,1.0,,
crmarenapro,query7,50,inf,0.1821313053369522,0.1263592392206192,3200.0,0.0,0.0,0.0,200.0,0.1821313053369522,0.1263592392206192,3200.0,0.0,0.0,0.0,200.0,0.1821313053369522,0.1263592392206192,3200.0,0.0,0.0,0.0,200.0,0.1821313053369522,0.1263592392206192,3200.0,0.0,0.0,0.0,200.0,0.0,0.0,0.0,0.0,0.0,0.0,0.0,0.0,0.0,0.0,0.0,0.0,0.0,0.0,0.0,0.0,0.1821313053369522,0.0,0.1821313053369522,0.0,0.1821313053369522,0.0,0.1821313053369522,0.0,0.0,0.0,0.0,0.0,0.0,0.0,0.0,0.0,0.0,0.000910656526684761,0.000910656526684761,0.0,0.000910656526684761,0.000910656526684761,0.0,0.000910656526684761,0.000910656526684761,0.0,0.000910656526684761,0.000910656526684761,200,0.0,0.0,0.0,,0.0,0.0,0.0,0.0,,0.0,0.0,0.0,0.0,,0.0,1.0,,
crmarenapro,query8,1,inf,0.7961519006639719,0.6134226443246007,25403.0,0.0,0.0,0.0,613.0,0.7961519006639719,0.6134226443246007,25403.0,0.0,0.0,0.0,613.0,0.7961519006639719,0.6134226443246007,25403.0,0.0,0.0,0.0,613.0,0.7961519006639719,0.6134226443246007,25403.0,0.0,0.0,0.0,613.0,0.002781257964670658,0.0,0.002781257964670658,0.0,0.002781257964670658,0.0,0.002781257964670658,0.0,0.0,0.0,0.0,0.0,0.0,0.0,0.0,0.0,0.7933706426993012,0.0,0.7933706426993012,0.0,0.7933706426993012,0.0,0.7933706426993012,0.0,0.0,0.0,0.0,0.0,0.0,0.0,0.0,0.0,0.0,0.0013285260087247679,0.001394236094522524,0.0,0.0013285260087247679,0.001394236094522524,0.0,0.0013285260087247679,0.001394236094522524,0.0,0.0013285260087247679,0.001394236094522524,613,0.0,0.0,0.0,,0.0,0.0,0.0,0.0,,0.0,0.0,0.0,0.0,,0.0,1.0,,
crmarenapro,query8,2,1,1.5418161749839783,1.1915709972381592,54777.0,0.0,0.0,0.0,1183.0,1.5418161749839783,1.1915709972381592,54777.0,0.0,0.0,0.0,1183.0,1.537148471160233,1.188208150677383,54687.0,0.0,5.0,0.0,1183.0,1.537398471160233,1.188208150677383,54687.0,0.0,5.0,0.0,1183.0,0.008343773894011974,0.0,0.008343773894011974,0.0,0.008343773894011974,0.0,0.008343773894011974,0.0,0.0,0.0,0.0,0.0,0.0,0.0,0.0,0.0,1.5334724010899663,0.0,1.5334724010899663,0.0,1.528804697266221,0.0,1.5290546972662211,0.0,0.0,0.0,0.0,0.0,0.0,0.0,0.0,0.0,0.0,0.00127314611021033,0.0014124572015506156,0.0,0.00127314611021033,0.0014124572015506156,0.0,0.0012720047296485367,0.0014123433169330687,0.0,0.0012720579211378986,0.001412348636082005,1183,0.0,0.0,0.0,,0.0,0.002822195713533371,0.0030274061846534694,0.0016430253573580522,,0.00422654268808115,0.002822195713533371,0.002865259747188098,0.0016430253573580522,,0.00422654268808115,1.0001626388112081,,
crmarenapro,query8,2,1/16,1.5183605952188373,1.167052585631609,49786.0,0.0,0.0,0.0,1188.0,1.5183605952188373,1.167052585631609,49786.0,0.0,0.0,26.0,1188.0,1.5156229897490143,1.1650969060137868,49732.0,0.0,3.0,26.0,1188.0,1.5157729897490144,1.1650969060137868,49732.0,0.0,3.0,477.0,1188.0,0.01019794587045908,0.0,0.01019794587045908,0.0,0.01019794587045908,0.0,0.01019794587045908,0.0,0.0,0.0,0.0,0.0,0.0,0.0,0.0,0.0,1.5081626493483782,0.0,1.5081626493483782,0.0,1.5054250438785552,0.0,1.5055750438785553,0.0,0.0,0.0,0.0,0.0,0.0,0.0,0.0,0.0,0.0,0.0012532037669361745,0.001379860156746812,0.0,0.0012532037669361745,0.001379860156746812,0.0,0.00125216589339724,0.0013797563693929186,0.0,0.0012522142808881304,0.0013797615346821748,1188,0.0,0.0,0.0,,0.0,0.0016757425002951187,0.001803000867148019,0.001084642268910918,,0.0025252525252525255,0.0016757425002951187,0.0017042101052746617,0.001084642268910918,,0.0025252525252525255,1.000098969203433,,
crmarenapro,query8,2,1/4,1.610135406255722,1.2446747487410903,64965.0,0.0,0.0,0.0,1229.0,1.610135406255722,1.2446747487410903,64965.0,0.0,0.0,10.0,1229.0,1.6037660854452849,1.2401289651170373,64839.0,0.0,7.0,10.0,1229.0,1.604116085445285,1.2401289651170373,64839.0,0.0,7.0,10.0,1229.0,0.007416687905788422,0.0,0.007416687905788422,0.0,0.007416687905788422,0.0,0.007416687905788422,0.0,0.0,0.0,0.0,0.0,0.0,0.0,0.0,0.0,1.6027187183499336,0.0,1.6027187183499336,0.0,1.5963493975394965,0.0,1.5966993975394965,0.0,0.0,0.0,0.0,0.0,0.0,0.0,0.0,0.0,0.0,0.001267314612658076,0.0014221777485879823,0.0,0.001267314612658076,0.0014221777485879823,0.0,0.0012664000694764773,0.0014220867678927144,0.0,0.0012664497712657418,0.0014220917380716408,1229,0.0,0.0,0.0,,0.0,0.003652185945485553,0.003955767189325221,0.0019395058877856863,,0.005695687550854353,0.003652185945485553,0.003738394166758141,0.0019395058877856863,,0.005695687550854353,1.00021823631462,,
crmarenapro,query8,2,inf,1.579042112454772,1.2223333418369293,67654.0,0.0,0.0,0.0,1199.0,1.579042112454772,1.2223333418369293,67654.0,0.0,0.0,0.0,1199.0,1.5771986168557406,1.2210120866075158,67618.0,0.0,2.0,0.0,1199.0,1.5772986168557406,1.2210120866075158,67618.0,0.0,2.0,0.0,1199.0,0.006489601917564869,0.0,0.006489601917564869,0.0,0.006489601917564869,0.0,0.006489601917564869,0.0,0.0,0.0,0.0,0.0,0.0,0.0,0.0,0.0,1.5725525105372071,0.0,1.5725525105372071,0.0,1.5707090149381757,0.0,1.5708090149381757,0.0,0.0,0.0,0.0,0.0,0.0,0.0,0.0,0.0,0.0,0.0012626838908359713,0.0014231643694624001,0.0,0.0012626838908359713,0.0014231643694624001,0.0,0.0012626674406382501,0.0014231632900785426,0.0,0.0012626674406382501,0.0014231632900785426,1199,0.0,0.0,0.0,,0.0,0.0010809287321148497,0.001167477158772856,0.0005321193129748103,,0.0016680567139282735,0.0010809287321148497,0.0011041476255000404,0.0005321193129748103,,0.0016680567139282735,1.0000634035554756,,
crmarenapro,query8,4,1,3.089523481205106,2.3831384191289544,109085.0,0.0,0.0,0.0,2385.0,3.089523481205106,2.3831384191289544,109085.0,0.0,0.0,0.0,2385.0,3.060102000615895,2.362089448608458,108509.0,0.0,32.0,0.0,2385.0,3.061702000615895,2.362089448608458,108509.0,0.0,32.0,0.0,2385.0,0.012979203835129738,0.0,0.012979203835129738,0.0,0.012979203835129738,0.0,0.012979203835129738,0.0,0.0,0.0,0.0,0.0,0.0,0.0,0.0,0.0,3.076544277369976,0.0,3.076544277369976,0.0,3.0471227967807653,0.0,3.048722796780765,0.0,0.0,0.0,0.0,0.0,0.0,0.0,0.0,0.0,0.0,0.0012229675437560323,0.0014156625183131485,0.0,0.0012229675437560323,0.0014156625183131485,0.0,0.0012219306694203538,0.0014155653899658675,0.0,0.0012219708623463989,0.001415569409258472,2385,0.0,0.0,0.0,,0.0,0.008832458220446093,0.009522983323543066,0.005280286015492464,,0.013417190775681341,0.008832458220446093,0.009005104106979855,0.005280286015492464,,0.013417190775681341,1.0005228583882753,,
crmarenapro,query8,4,1/16,3.1284215869382024,2.417046880349517,120298.0,0.0,0.0,0.0,2392.0,3.1284215869382024,2.417046880349517,120298.0,0.0,0.0,66.0,2392.0,3.1210476045420767,2.411761859431863,120154.0,0.0,8.0,66.0,2392.0,3.11798106798172,2.4091325029730797,120082.0,0.0,12.0,933.0,2392.0,0.02039589174091816,0.0,0.02039589174091816,0.0,0.02039589174091816,0.0,0.02039589174091816,0.0,0.0,0.0,0.0,0.0,0.0,0.0,0.0,0.0,3.108025695197284,0.0,3.108025695197284,0.0,3.1006517128011586,0.0,3.097585176240802,0.0,0.0,0.0,0.0,0.0,0.0,0.0,0.0,0.0,0.0,0.001232953927535155,0.0014293195129456845,0.0,0.001232953927535155,0.0014293195129456845,0.0,0.0012307017176775817,0.001429080593781388,0.0,0.0012307835523744455,0.0014290892726913282,2392,0.0,0.0,0.0,,0.0,0.0021865611960698583,0.002357093566581203,0.0011970273820013366,,0.0033444816053511705,0.0032743996158207667,0.003337312017048344,0.0017955410730020605,,0.005016722408026756,0.9990174656240765,,
crmarenapro,query8,4,1/4,3.13344728667289,2.420411068946123,116144.0,0.0,0.0,0.0,2398.0,3.13344728667289,2.420411068946123,116144.0,0.0,0.0,14.0,2398.0,3.109258929964602,2.403053901158273,115524.0,0.0,26.0,14.0,2398.0,3.110558929964602,2.403053901158273,115524.0,0.0,26.0,14.0,2398.0,0.01668754778802395,0.0,0.01668754778802395,0.0,0.01668754778802395,0.0,0.01668754778802395,0.0,0.0,0.0,0.0,0.0,0.0,0.0,0.0,0.0,3.1167597388848662,0.0,3.1167597388848662,0.0,3.092571382176578,0.0,3.093871382176578,0.0,0.0,0.0,0.0,0.0,0.0,0.0,0.0,0.0,0.0,0.0012305336883215885,0.0014296560092427865,0.0,0.0012305336883215885,0.0014296560092427865,0.0,0.0012285001066164758,0.0014296114882378559,0.0,0.0012285814074294839,0.0014296114882378559,2398,0.0,0.0,0.0,,0.0,0.0071711652663228875,0.007719407571069037,0.005338200854112185,,0.010842368640533779,0.0071711652663228875,0.00730452904238621,0.005338200854112185,,0.010842368640533779,1.000418106059766,,
crmarenapro,query8,4,inf,3.1150202099233866,2.3986465828493237,137593.0,0.0,0.0,0.0,2395.0,3.1150202099233866,2.3986465828493237,137593.0,0.0,0.0,0.0,2395.0,3.084778944592774,2.377007469534874,136999.0,0.0,33.0,0.0,2395.0,3.086428944592774,2.377007469534874,136999.0,0.0,33.0,0.0,2395.0,0.01390628982335329,0.0,0.01390628982335329,0.0,0.01390628982335329,0.0,0.01390628982335329,0.0,0.0,0.0,0.0,0.0,0.0,0.0,0.0,0.0,3.1011139201000333,0.0,3.1011139201000333,0.0,3.0708726547694205,0.0,3.0725226547694207,0.0,0.0,0.0,0.0,0.0,0.0,0.0,0.0,0.0,0.0,0.001230409589128145,0.0014346328966392725,0.0,0.001230409589128145,0.0014346328966392725,0.0,0.001228492622168433,0.0014344403901042115,0.0,0.0012285744552289893,0.0014344485734102672,2395,0.0,0.0,0.0,,0.0,0.009021384587947434,0.009708208387950279,0.0043170800840158785,,0.013778705636743214,0.009021384587947434,0.009178516800478764,0.0043170800840158785,,0.013778705636743214,1.0005348843562656,,
crmarenapro,query8,8,1,6.215617033652961,4.796279960311949,249814.0,0.0,0.0,0.0,4761.0,6.215617033652961,4.796279960311949,249814.0,0.0,0.0,0.0,4761.0,6.087081897324621,4.704182359389961,246856.0,0.0,139.0,0.0,4761.0,6.094031897324622,4.704182359389961,246856.0,0.0,139.0,0.0,4761.0,0.025958407670259476,0.0,0.025958407670259476,0.0,0.025958407670259476,0.0,0.025958407670259476,0.0,0.0,0.0,0.0,0.0,0.0,0.0,0.0,0.0,6.189658625982702,0.0,6.189658625982702,0.0,6.061123489654362,0.0,6.068073489654362,0.0,0.0,0.0,0.0,0.0,0.0,0.0,0.0,0.0,0.0,0.0012249152190077419,0.0014552961723227561,0.0,0.0012249152190077419,0.0014552961723227561,0.0,0.0012200889285885895,0.0014551424010313557,0.0,0.0012202938466213766,0.001455145816331902,4761,0.0,0.0,0.0,,0.0,0.019201881809250865,0.020679384787128496,0.01184080956231437,,0.029195547153959254,0.019201881809250865,0.019561233530001276,0.01184080956231437,,0.029195547153959254,1.001141762196933,,
crmarenapro,query8,8,1/16,6.3146266881376505,4.87689227424562,226195.0,0.0,0.0,0.0,4835.0,6.3146266881376505,4.87689227424562,226195.0,0.0,0.0,130.0,4835.0,6.287008012732864,4.85711307451129,225579.0,0.0,30.0,130.0,4835.0,6.2874812770244475,4.856289208866656,225637.0,0.0,31.0,1946.0,4835.0,0.03059383761137724,0.0,0.03059383761137724,0.0,0.03059383761137724,0.0,0.03059383761137724,0.0,0.0,0.0,0.0,0.0,0.0,0.0,0.0,0.0,6.284032850526273,0.0,6.284032850526273,0.0,6.256414175121487,0.0,6.25688743941307,0.0,0.0,0.0,0.0,0.0,0.0,0.0,0.0,0.0,0.0,0.0012255195835804476,0.0014647606525565173,0.0,0.0012255195835804476,0.0014647606525565173,0.0,0.0012245501314621559,0.0014646846499630512,0.0,0.0012239892337377618,0.0014646658227474968,4835,0.0,0.0,0.0,,0.0,0.00405569748562673,0.004373762182437457,0.002723313954773543,,0.0062047569803516025,0.004224629993934137,0.004298814871225409,0.002466898030460407,,0.006411582213029989,1.0000752765529526,,
crmarenapro,query8,8,1/4,6.154500061646104,4.755542957223952,233116.0,0.0,0.0,0.0,4718.0,6.154500061646104,4.755542957223952,233116.0,0.0,0.0,30.0,4718.0,6.021748155777455,4.660455351695418,230372.0,0.0,144.0,30.0,4718.0,6.028948155777455,4.660455351695418,230372.0,0.0,144.0,30.0,4718.0,0.03059383761137724,0.0,0.03059383761137724,0.0,0.03059383761137724,0.0,0.03059383761137724,0.0,0.0,0.0,0.0,0.0,0.0,0.0,0.0,0.0,6.123906224034727,0.0,6.123906224034727,0.0,5.991154318166077,0.0,5.9983543181660774,0.0,0.0,0.0,0.0,0.0,0.0,0.0,0.0,0.0,0.0,0.0012289071412366723,0.0014567143876668784,0.0,0.0012289071412366723,0.0014567143876668784,0.0,0.0012262863764589756,0.001456632421645941,0.0,0.0012263526894563232,0.001456632421645941,4718,0.0,0.0,0.0,,0.0,0.01999511020799205,0.02156989268648135,0.011770963812007706,,0.03052140737600678,0.01999511020799205,0.0204000169974925,0.011770963812007706,,0.03052140737600678,1.0011956660779797,,
crmarenapro,query8,8,inf,6.134300930425525,4.738819423131645,251551.0,0.0,0.0,0.0,4696.0,6.134300930425525,4.738819423131645,251551.0,0.0,0.0,0.0,4696.0,6.027161079488397,4.662080327048898,249159.0,0.0,116.0,0.0,4696.0,6.0329610794883965,4.662080327048898,249159.0,0.0,116.0,0.0,4696.0,0.023177149705588818,0.0,0.023177149705588818,0.0,0.023177149705588818,0.0,0.023177149705588818,0.0,0.0,0.0,0.0,0.0,0.0,0.0,0.0,0.0,6.111123780719936,0.0,6.111123780719936,0.0,6.003983929782808,0.0,6.009783929782808,0.0,0.0,0.0,0.0,0.0,0.0,0.0,0.0,0.0,0.0,0.0012283386284602342,0.0014641019907992616,0.0,0.0012283386284602342,0.0014641019907992616,0.0,0.001226246468046996,0.001463968099802215,0.0,0.0012263132237212283,0.0014639714375859268,4696,0.0,0.0,0.0,,0.0,0.01619371603571973,0.017465698561628273,0.009509006125994368,,0.024701873935264053,0.01619371603571973,0.016520195550644212,0.009509006125994368,,0.024701873935264053,1.0009623104349639,,
crmarenapro,query8,16,inf,12.301989817991853,9.498639827594161,465031.0,0.0,0.0,0.0,9441.0,12.301989817991853,9.498639827594161,465031.0,0.0,0.0,0.0,9441.0,11.87261055794239,9.190922105684876,455007.0,0.0,464.0,0.0,9441.0,11.89581055794239,9.190922105684876,455007.0,0.0,464.0,0.0,9441.0,0.0686043631285429,0.0,0.0686043631285429,0.0,0.0686043631285429,0.0,0.0686043631285429,0.0,0.0,0.0,0.0,0.0,0.0,0.0,0.0,0.0,12.23338545486331,0.0,12.23338545486331,0.0,11.804006194813848,0.0,11.827206194813847,0.0,0.0,0.0,0.0,0.0,0.0,0.0,0.0,0.0,0.0,0.001228271933900483,0.0014701756039407923,0.0,0.001228271933900483,0.0014701756039407923,0.0,0.001226057448005731,0.0014700738484586732,0.0,0.001226057448005731,0.0014700738484586732,9441,0.0,0.0,0.0,,0.0,0.03239597747620082,0.03490323650093485,0.021555552210497764,,0.04914733608727889,0.03239597747620082,0.03301736272415212,0.021555552210497764,,0.04914733608727889,1.0019540774025035,,
crmarenapro,query8,50,inf,38.9091731980443,30.05931843072176,1479200.0,0.0,0.0,0.0,29800.0,38.9091731980443,30.05931843072176,1479200.0,0.0,0.0,0.0,29800.0,36.118835498988624,28.05724423378706,1410000.0,0.0,3000.0,0.0,29800.0,36.26883549898863,28.05724423378706,1410000.0,0.0,3000.0,0.0,29800.0,0.18541719764471054,0.0,0.18541719764471054,0.0,0.18541719764471054,0.0,0.18541719764471054,0.0,0.0,0.0,0.0,0.0,0.0,0.0,0.0,0.0,38.72375600039959,0.0,38.72375600039959,0.0,35.93341830134391,0.0,36.08341830134392,0.0,0.0,0.0,0.0,0.0,0.0,0.0,0.0,0.0,0.0,0.0012110348790884018,0.0015012997109442947,0.0,0.0012110348790884018,0.0015012997109442947,0.0,0.0012053136713802814,0.0015012997109442947,0.0,0.0012053136713802814,0.0015012997109442947,29800,0.0,0.0,0.0,,0.0,0.06660411151865986,0.07171413498953316,0.04678204434829636,,0.10067114093959731,0.06660411151865986,0.06785900295584746,0.04678204434829636,,0.10067114093959731,1.0041529578107302,,
crmarenapro,query9,1,inf,0.017909022979438305,0.012489700689911842,864.0,0.0,0.0,0.0,18.0,0.017909022979438305,0.012489700689911842,864.0,0.0,0.0,0.0,18.0,0.017909022979438305,0.012489700689911842,864.0,0.0,0.0,0.0,18.0,0.017909022979438305,0.012489700689911842,864.0,0.0,0.0,0.0,18.0,0.0,0.0,0.0,0.0,0.0,0.0,0.0,0.0,0.0,0.0,0.0,0.0,0.0,0.0,0.0,0.0,0.017909022979438305,0.0,0.017909022979438305,0.0,0.017909022979438305,0.0,0.017909022979438305,0.0,0.0,0.0,0.0,0.0,0.0,0.0,0.0,0.0,0.0,0.0009949457210799058,0.0009949457210799058,0.0,0.0009949457210799058,0.0009949457210799058,0.0,0.0009949457210799058,0.0009949457210799058,0.0,0.0009949457210799058,0.0009949457210799058,18,0.0,0.0,0.0,,0.0,0.0,0.0,0.0,,0.0,0.0,0.0,0.0,,0.0,1.0,,
crmarenapro,query9,2,1,0.02937404252588749,0.02054010983556509,1215.0,0.0,0.0,0.0,30.0,0.02937404252588749,0.02054010983556509,1215.0,0.0,0.0,30.0,30.0,0.02937404252588749,0.02054010983556509,1215.0,0.0,0.0,30.0,30.0,0.02937404252588749,0.02054010983556509,1215.0,0.0,0.0,30.0,30.0,0.0,0.0,0.0,0.0,0.0,0.0,0.0,0.0,0.0,0.0,0.0,0.0,0.0,0.0,0.0,0.0,0.02937404252588749,0.0,0.02937404252588749,0.0,0.02937404252588749,0.0,0.02937404252588749,0.0,0.0,0.0,0.0,0.0,0.0,0.0,0.0,0.0,0.0,0.0009791347508629163,0.0009791347508629163,0.0,0.0009791347508629163,0.0009791347508629163,0.0,0.0009791347508629163,0.0009791347508629163,0.0,0.0009791347508629163,0.0009791347508629163,30,0.0,0.0,0.0,,0.0,0.0,0.0,0.0,,0.0,0.0,0.0,0.0,,0.0,1.0,,
crmarenapro,query9,2,1/16,0.022460670210421085,0.01571255549788475,904.0,0.0,0.0,0.0,23.0,0.022460670210421085,0.01571255549788475,904.0,0.0,0.0,23.0,23.0,0.022460670210421085,0.01571255549788475,904.0,0.0,0.0,23.0,23.0,0.022460670210421085,0.01571255549788475,904.0,0.0,0.0,23.0,23.0,0.0,0.0,0.0,0.0,0.0,0.0,0.0,0.0,0.0,0.0,0.0,0.0,0.0,0.0,0.0,0.0,0.022460670210421085,0.0,0.022460670210421085,0.0,0.022460670210421085,0.0,0.022460670210421085,0.0,0.0,0.0,0.0,0.0,0.0,0.0,0.0,0.0,0.0,0.0009765508787139603,0.0009765508787139603,0.0,0.0009765508787139603,0.0009765508787139603,0.0,0.0009765508787139603,0.0009765508787139603,0.0,0.0009765508787139603,0.0009765508787139603,23,0.0,0.0,0.0,,0.0,0.0,0.0,0.0,,0.0,0.0,0.0,0.0,,0.0,1.0,,
crmarenapro,query9,2,1/4,0.026310286484658718,0.018311471678316593,1423.0,0.0,0.0,0.0,26.0,0.026310286484658718,0.018311471678316593,1423.0,0.0,0.0,26.0,26.0,0.026310286484658718,0.018311471678316593,1423.0,0.0,0.0,26.0,26.0,0.026310286484658718,0.018311471678316593,1423.0,0.0,0.0,26.0,26.0,0.0,0.0,0.0,0.0,0.0,0.0,0.0,0.0,0.0,0.0,0.0,0.0,0.0,0.0,0.0,0.0,0.026310286484658718,0.0,0.026310286484658718,0.0,0.026310286484658718,0.0,0.026310286484658718,0.0,0.0,0.0,0.0,0.0,0.0,0.0,0.0,0.0,0.0,0.001014326485649993,0.00101761853050751,0.0,0.001014326485649993,0.00101761853050751,0.0,0.001014326485649993,0.00101761853050751,0.0,0.001014326485649993,0.00101761853050751,26,0.0,0.0,0.0,,0.0,0.0,0.0,0.0,,0.0,0.0,0.0,0.0,,0.0,1.0,,
crmarenapro,query9,2,inf,0.020915692672133446,0.014588141813874245,1008.0,0.0,0.0,0.0,21.0,0.020915692672133446,0.014588141813874245,1008.0,0.0,0.0,0.0,21.0,0.020915692672133446,0.014588141813874245,1008.0,0.0,0.0,0.0,21.0,0.020915692672133446,0.014588141813874245,1008.0,0.0,0.0,0.0,21.0,0.0,0.0,0.0,0.0,0.0,0.0,0.0,0.0,0.0,0.0,0.0,0.0,0.0,0.0,0.0,0.0,0.020915692672133446,0.0,0.020915692672133446,0.0,0.020915692672133446,0.0,0.020915692672133446,0.0,0.0,0.0,0.0,0.0,0.0,0.0,0.0,0.0,0.0,0.000995985365339688,0.000995985365339688,0.0,0.000995985365339688,0.000995985365339688,0.0,0.000995985365339688,0.000995985365339688,0.0,0.000995985365339688,0.000995985365339688,21,0.0,0.0,0.0,,0.0,0.0,0.0,0.0,,0.0,0.0,0.0,0.0,,0.0,1.0,,
crmarenapro,query9,4,1,0.04618125781416893,0.03227347042411566,1981.0,0.0,0.0,0.0,47.0,0.04618125781416893,0.03227347042411566,1981.0,0.0,0.0,47.0,47.0,0.04618125781416893,0.03227347042411566,1981.0,0.0,0.0,47.0,47.0,0.04618125781416893,0.03227347042411566,1981.0,0.0,0.0,47.0,47.0,0.0,0.0,0.0,0.0,0.0,0.0,0.0,0.0,0.0,0.0,0.0,0.0,0.0,0.0,0.0,0.0,0.04618125781416893,0.0,0.04618125781416893,0.0,0.04618125781416893,0.0,0.04618125781416893,0.0,0.0,0.0,0.0,0.0,0.0,0.0,0.0,0.0,0.0,0.000981637594205412,0.0009852289158681577,0.0,0.000981637594205412,0.0009852289158681577,0.0,0.000981637594205412,0.0009852289158681577,0.0,0.000981637594205412,0.0009852289158681577,47,0.0,0.0,0.0,,0.0,0.0,0.0,0.0,,0.0,0.0,0.0,0.0,,0.0,1.0,,
crmarenapro,query9,4,1/16,0.04583010636270046,0.03206251282244921,1831.0,0.0,0.0,0.0,47.0,0.04583010636270046,0.03206251282244921,1831.0,0.0,0.0,47.0,47.0,0.04583010636270046,0.03206251282244921,1831.0,0.0,0.0,47.0,47.0,0.04583010636270046,0.03206251282244921,1831.0,0.0,0.0,47.0,47.0,0.0,0.0,0.0,0.0,0.0,0.0,0.0,0.0,0.0,0.0,0.0,0.0,0.0,0.0,0.0,0.0,0.04583010636270046,0.0,0.04583010636270046,0.0,0.04583010636270046,0.0,0.04583010636270046,0.0,0.0,0.0,0.0,0.0,0.0,0.0,0.0,0.0,0.0,0.0009747479007475906,0.000976503658004933,0.0,0.0009747479007475906,0.000976503658004933,0.0,0.0009747479007475906,0.000976503658004933,0.0,0.0009747479007475906,0.000976503658004933,47,0.0,0.0,0.0,,0.0,0.0,0.0,0.0,,0.0,0.0,0.0,0.0,,0.0,1.0,,
crmarenapro,query9,4,1/4,0.045048562809824944,0.0314071225002408,2235.0,0.0,0.0,0.0,45.0,0.045048562809824944,0.0314071225002408,2235.0,0.0,0.0,45.0,45.0,0.045048562809824944,0.0314071225002408,2235.0,0.0,0.0,45.0,45.0,0.045048562809824944,0.0314071225002408,2235.0,0.0,0.0,45.0,45.0,0.0,0.0,0.0,0.0,0.0,0.0,0.0,0.0,0.0,0.0,0.0,0.0,0.0,0.0,0.0,0.0,0.045048562809824944,0.0,0.045048562809824944,0.0,0.045048562809824944,0.0,0.045048562809824944,0.0,0.0,0.0,0.0,0.0,0.0,0.0,0.0,0.0,0.0,0.0010004873514514077,0.001002193697389554,0.0,0.0010004873514514077,0.001002193697389554,0.0,0.0010004873514514077,0.001002193697389554,0.0,0.0010004873514514077,0.001002193697389554,45,0.0,0.0,0.0,,0.0,0.0,0.0,0.0,,0.0,0.0,0.0,0.0,,0.0,1.0,,
crmarenapro,query9,4,inf,0.045882776379585266,0.03190086781978607,2610.0,0.0,0.0,0.0,45.0,0.045882776379585266,0.03190086781978607,2610.0,0.0,0.0,0.0,45.0,0.045882776379585266,0.03190086781978607,2610.0,0.0,0.0,0.0,45.0,0.045882776379585266,0.03190086781978607,2610.0,0.0,0.0,0.0,45.0,0.0,0.0,0.0,0.0,0.0,0.0,0.0,0.0,0.0,0.0,0.0,0.0,0.0,0.0,0.0,0.0,0.045882776379585266,0.0,0.045882776379585266,0.0,0.045882776379585266,0.0,0.045882776379585266,0.0,0.0,0.0,0.0,0.0,0.0,0.0,0.0,0.0,0.0,0.0010194467507641423,0.0010211530967022887,0.0,0.0010194467507641423,0.0010211530967022887,0.0,0.0010194467507641423,0.0010211530967022887,0.0,0.0010194467507641423,0.0010211530967022887,45,0.0,0.0,0.0,,0.0,0.0,0.0,0.0,,0.0,0.0,0.0,0.0,,0.0,1.0,,
crmarenapro,query9,8,1,0.10855971835553646,0.0758134787902236,4855.0,0.0,0.0,0.0,110.0,0.10855971835553646,0.0758134787902236,4855.0,0.0,0.0,110.0,110.0,0.10855971835553646,0.0758134787902236,4855.0,0.0,0.0,110.0,110.0,0.10855971835553646,0.0758134787902236,4855.0,0.0,0.0,110.0,110.0,0.0,0.0,0.0,0.0,0.0,0.0,0.0,0.0,0.0,0.0,0.0,0.0,0.0,0.0,0.0,0.0,0.10855971835553646,0.0,0.10855971835553646,0.0,0.10855971835553646,0.0,0.10855971835553646,0.0,0.0,0.0,0.0,0.0,0.0,0.0,0.0,0.0,0.0,0.000984927411385191,0.0009930347155507964,0.0,0.000984927411385191,0.0009930347155507964,0.0,0.000984927411385191,0.0009930347155507964,0.0,0.000984927411385191,0.0009930347155507964,110,0.0,0.0,0.0,,0.0,0.0,0.0,0.0,,0.0,0.0,0.0,0.0,,0.0,1.0,,
crmarenapro,query9,8,1/16,0.1061673779040575,0.07389674801379442,5715.0,0.0,0.0,0.0,105.0,0.1061673779040575,0.07389674801379442,5715.0,0.0,0.0,105.0,105.0,0.1061673779040575,0.07389674801379442,5715.0,0.0,0.0,105.0,105.0,0.1061673779040575,0.07389674801379442,5715.0,0.0,0.0,105.0,105.0,0.0,0.0,0.0,0.0,0.0,0.0,0.0,0.0,0.0,0.0,0.0,0.0,0.0,0.0,0.0,0.0,0.1061673779040575,0.0,0.1061673779040575,0.0,0.1061673779040575,0.0,0.1061673779040575,0.0,0.0,0.0,0.0,0.0,0.0,0.0,0.0,0.0,0.0,0.001011668337095115,0.0010219845553446148,0.0,0.001011668337095115,0.0010219845553446148,0.0,0.001011668337095115,0.0010219845553446148,0.0,0.001011668337095115,0.0010219845553446148,105,0.0,0.0,0.0,,0.0,0.0,0.0,0.0,,0.0,0.0,0.0,0.0,,0.0,1.0,,
crmarenapro,query9,8,1/4,0.09880183078348637,0.06889641378074884,4827.0,0.0,0.0,0.0,99.0,0.09880183078348637,0.06889641378074884,4827.0,0.0,0.0,99.0,99.0,0.09880183078348637,0.06889641378074884,4827.0,0.0,0.0,99.0,99.0,0.09880183078348637,0.06889641378074884,4827.0,0.0,0.0,99.0,99.0,0.0,0.0,0.0,0.0,0.0,0.0,0.0,0.0,0.0,0.0,0.0,0.0,0.0,0.0,0.0,0.0,0.09880183078348637,0.0,0.09880183078348637,0.0,0.09880183078348637,0.0,0.09880183078348637,0.0,0.0,0.0,0.0,0.0,0.0,0.0,0.0,0.0,0.0,0.00099535612943804,0.0010073965886563418,0.0,0.00099535612943804,0.0010073965886563418,0.0,0.00099535612943804,0.0010073965886563418,0.0,0.00099535612943804,0.0010073965886563418,99,0.0,0.0,0.0,,0.0,0.0,0.0,0.0,,0.0,0.0,0.0,0.0,,0.0,1.0,,
crmarenapro,query9,8,inf,0.08557636570185423,0.05970139801502228,4078.0,0.0,0.0,0.0,86.0,0.08557636570185423,0.05970139801502228,4078.0,0.0,0.0,0.0,86.0,0.08557636570185423,0.05970139801502228,4078.0,0.0,0.0,0.0,86.0,0.08557636570185423,0.05970139801502228,4078.0,0.0,0.0,0.0,86.0,0.0,0.0,0.0,0.0,0.0,0.0,0.0,0.0,0.0,0.0,0.0,0.0,0.0,0.0,0.0,0.0,0.08557636570185423,0.0,0.08557636570185423,0.0,0.08557636570185423,0.0,0.08557636570185423,0.0,0.0,0.0,0.0,0.0,0.0,0.0,0.0,0.0,0.0,0.000995192217870035,0.0010077309133349986,0.0,0.000995192217870035,0.0010077309133349986,0.0,0.000995192217870035,0.0010077309133349986,0.0,0.000995192217870035,0.0010077309133349986,86,0.0,0.0,0.0,,0.0,0.0,0.0,0.0,,0.0,0.0,0.0,0.0,,0.0,1.0,,
crmarenapro,query9,16,inf,0.17782470863312483,0.1239879447966814,8744.0,0.0,0.0,0.0,178.0,0.17782470863312483,0.1239879447966814,8744.0,0.0,0.0,0.0,178.0,0.17782470863312483,0.1239879447966814,8744.0,0.0,0.0,0.0,178.0,0.17782470863312483,0.1239879447966814,8744.0,0.0,0.0,0.0,178.0,0.0,0.0,0.0,0.0,0.0,0.0,0.0,0.0,0.0,0.0,0.0,0.0,0.0,0.0,0.0,0.0,0.17782470863312483,0.0,0.17782470863312483,0.0,0.17782470863312483,0.0,0.17782470863312483,0.0,0.0,0.0,0.0,0.0,0.0,0.0,0.0,0.0,0.0,0.0009991139358350339,0.0010189869867651973,0.0,0.0009991139358350339,0.0010189869867651973,0.0,0.0009991139358350339,0.0010189869867651973,0.0,0.0009991139358350339,0.0010189869867651973,178,0.0,0.0,0.0,,0.0,0.0,0.0,0.0,,0.0,0.0,0.0,0.0,,0.0,1.0,,
crmarenapro,query9,50,inf,0.5978407338261604,0.4169963300228119,28800.0,0.0,0.0,0.0,600.0,0.5978407338261604,0.4169963300228119,28800.0,0.0,0.0,0.0,600.0,0.5978407338261604,0.4169963300228119,28800.0,0.0,0.0,0.0,600.0,0.5978407338261604,0.4169963300228119,28800.0,0.0,0.0,0.0,600.0,0.0,0.0,0.0,0.0,0.0,0.0,0.0,0.0,0.0,0.0,0.0,0.0,0.0,0.0,0.0,0.0,0.5978407338261604,0.0,0.5978407338261604,0.0,0.5978407338261604,0.0,0.5978407338261604,0.0,0.0,0.0,0.0,0.0,0.0,0.0,0.0,0.0,0.0,0.000943697988986969,0.001093856431543827,0.0,0.000943697988986969,0.001093856431543827,0.0,0.000943697988986969,0.001093856431543827,0.0,0.000943697988986969,0.001093856431543827,600,0.0,0.0,0.0,,0.0,0.0,0.0,0.0,,0.0,0.0,0.0,0.0,,0.0,1.0,,
googlelocal,query1,1,inf,0.13530015829019248,0.09521991945803165,2372.0,0.0,0.0,0.0,143.0,0.13530015829019248,0.09521991945803165,2372.0,0.0,0.0,0.0,143.0,0.13530015829019248,0.09521991945803165,2372.0,0.0,0.0,0.0,143.0,0.13530015829019248,0.09521991945803165,2372.0,0.0,0.0,0.0,143.0,0.0,0.0,0.0,0.0,0.0,0.0,0.0,0.0,0.0,0.0,0.0,0.0,0.0,0.0,0.0,0.0,0.13530015829019248,0.0,0.13530015829019248,0.0,0.13530015829019248,0.0,0.13530015829019248,0.0,0.0,0.0,0.0,0.0,0.0,0.0,0.0,0.0,0.0,0.0009464373527737582,0.0009497678686197089,0.0,0.0009464373527737582,0.0009497678686197089,0.0,0.0009464373527737582,0.0009497678686197089,0.0,0.0009464373527737582,0.0009497678686197089,143,0.0,0.0,0.0,,0.0,0.0,0.0,0.0,,0.0,0.0,0.0,0.0,,0.0,1.0,,
googlelocal,query1,2,1,0.2438673316501081,0.17184799164533615,4278.0,0.0,0.0,0.0,257.0,0.2438673316501081,0.17184799164533615,4278.0,0.0,0.0,257.0,257.0,0.2438673316501081,0.17184799164533615,4278.0,0.0,0.0,257.0,257.0,0.2438673316501081,0.17184799164533615,4278.0,0.0,0.0,257.0,257.0,0.0,0.0,0.0,0.0,0.0,0.0,0.0,0.0,0.0,0.0,0.0,0.0,0.0,0.0,0.0,0.0,0.2438673316501081,0.0,0.2438673316501081,0.0,0.2438673316501081,0.0,0.2438673316501081,0.0,0.0,0.0,0.0,0.0,0.0,0.0,0.0,0.0,0.0,0.0009480456173621926,0.0009546001328867916,0.0,0.0009480456173621926,0.0009546001328867916,0.0,0.0009480456173621926,0.0009546001328867916,0.0,0.0009480456173621926,0.0009546001328867916,257,0.0,0.0,0.0,,0.0,0.0,0.0,0.0,,0.0,0.0,0.0,0.0,,0.0,1.0,,
googlelocal,query1,2,1/16,0.25140631874091923,0.17715934687294066,4343.0,0.0,0.0,0.0,265.0,0.25140631874091923,0.17715934687294066,4343.0,0.0,0.0,265.0,265.0,0.25140631874091923,0.17715934687294066,4343.0,0.0,0.0,265.0,265.0,0.25140631874091923,0.17715934687294066,4343.0,0.0,0.0,265.0,265.0,0.0,0.0,0.0,0.0,0.0,0.0,0.0,0.0,0.0,0.0,0.0,0.0,0.0,0.0,0.0,0.0,0.25140631874091923,0.0,0.25140631874091923,0.0,0.25140631874091923,0.0,0.25140631874091923,0.0,0.0,0.0,0.0,0.0,0.0,0.0,0.0,0.0,0.0,0.0009483485773671418,0.0009555295532109307,0.0,0.0009483485773671418,0.0009555295532109307,0.0,0.0009483485773671418,0.0009555295532109307,0.0,0.0009483485773671418,0.0009555295532109307,265,0.0,0.0,0.0,,0.0,0.0,0.0,0.0,,0.0,0.0,0.0,0.0,,0.0,1.0,,
googlelocal,query1,2,1/4,0.2708172742277384,0.19118750980123878,4702.0,0.0,0.0,0.0,284.0,0.2708172742277384,0.19118750980123878,4702.0,0.0,0.0,284.0,284.0,0.2708172742277384,0.19118750980123878,4702.0,0.0,0.0,284.0,284.0,0.2708172742277384,0.19118750980123878,4702.0,0.0,0.0,284.0,284.0,0.0,0.0,0.0,0.0,0.0,0.0,0.0,0.0,0.0,0.0,0.0,0.0,0.0,0.0,0.0,0.0,0.2708172742277384,0.0,0.2708172742277384,0.0,0.2708172742277384,0.0,0.2708172742277384,0.0,0.0,0.0,0.0,0.0,0.0,0.0,0.0,0.0,0.0,0.0009500807520064912,0.0009581814949751277,0.0,0.0009500807520064912,0.0009581814949751277,0.0,0.0009500807520064912,0.0009581814949751277,0.0,0.0009500807520064912,0.0009581814949751277,284,0.0,0.0,0.0,,0.0,0.0,0.0,0.0,,0.0,0.0,0.0,0.0,,0.0,1.0,,
googlelocal,query1,2,inf,0.24415818136185408,0.17234787321649492,4195.0,0.0,0.0,0.0,256.0,0.24415818136185408,0.17234787321649492,4195.0,0.0,0.0,0.0,256.0,0.24050716901749372,0.16973497322760522,4131.0,0.0,4.0,0.0,256.0,0.24070716901749373,0.16973497322760522,4131.0,0.0,4.0,0.0,256.0,0.0,0.0,0.0,0.0,0.0,0.0,0.0,0.0,0.0,0.0,0.0,0.0,0.0,0.0,0.0,0.0,0.24415818136185408,0.0,0.24415818136185408,0.0,0.24050716901749372,0.0,0.24070716901749373,0.0,0.0,0.0,0.0,0.0,0.0,0.0,0.0,0.0,0.0,0.0009506753350501792,0.0009622632651652317,0.0,0.0009506753350501792,0.0009622632651652317,0.0,0.0009475700386483598,0.0009619535828567041,0.0,0.0009477378238832591,0.0009619703613801941,256,0.0,0.0,0.0,,0.0,0.01516061637504218,0.014953471245550354,0.015256257449344446,,0.015625,0.01516061637504218,0.014134330150689434,0.015256257449344446,,0.015625,1.000831576043313,,
googlelocal,query1,4,1,0.4860191443003714,0.34231710876338184,8445.0,0.0,0.0,0.0,513.0,0.4860191443003714,0.34231710876338184,8445.0,0.0,0.0,513.0,513.0,0.4860191443003714,0.34231710876338184,8445.0,0.0,0.0,513.0,513.0,0.4860191443003714,0.34231710876338184,8445.0,0.0,0.0,513.0,513.0,0.0,0.0,0.0,0.0,0.0,0.0,0.0,0.0,0.0,0.0,0.0,0.0,0.0,0.0,0.0,0.0,0.4860191443003714,0.0,0.4860191443003714,0.0,0.4860191443003714,0.0,0.4860191443003714,0.0,0.0,0.0,0.0,0.0,0.0,0.0,0.0,0.0,0.0,0.0009453535379628031,0.0009619684477167374,0.0,0.0009453535379628031,0.0009619684477167374,0.0,0.0009453535379628031,0.0009619684477167374,0.0,0.0009453535379628031,0.0009619684477167374,513,0.0,0.0,0.0,,0.0,0.0,0.0,0.0,,0.0,0.0,0.0,0.0,,0.0,1.0,,
googlelocal,query1,4,1/16,0.46085636876523495,0.32496903697028756,7970.0,0.0,0.0,0.0,485.0,0.46085636876523495,0.32496903697028756,7970.0,0.0,0.0,485.0,485.0,0.46085636876523495,0.32496903697028756,7970.0,0.0,0.0,485.0,485.0,0.46085636876523495,0.32496903697028756,7970.0,0.0,0.0,485.0,485.0,0.0,0.0,0.0,0.0,0.0,0.0,0.0,0.0,0.0,0.0,0.0,0.0,0.0,0.0,0.0,0.0,0.46085636876523495,0.0,0.46085636876523495,0.0,0.46085636876523495,0.0,0.46085636876523495,0.0,0.0,0.0,0.0,0.0,0.0,0.0,0.0,0.0,0.0,0.0009480690795550439,0.0009621424238056928,0.0,0.0009480690795550439,0.0009621424238056928,0.0,0.0009480690795550439,0.0009621424238056928,0.0,0.0009480690795550439,0.0009621424238056928,485,0.0,0.0,0.0,,0.0,0.0,0.0,0.0,,0.0,0.0,0.0,0.0,,0.0,1.0,,
googlelocal,query1,4,1/4,0.44215788994915783,0.3117709669750184,7668.0,0.0,0.0,0.0,465.0,0.44215788994915783,0.3117709669750184,7668.0,0.0,0.0,465.0,465.0,0.44215788994915783,0.3117709669750184,7668.0,0.0,0.0,465.0,465.0,0.44215788994915783,0.3117709669750184,7668.0,0.0,0.0,465.0,465.0,0.0,0.0,0.0,0.0,0.0,0.0,0.0,0.0,0.0,0.0,0.0,0.0,0.0,0.0,0.0,0.0,0.44215788994915783,0.0,0.44215788994915783,0.0,0.44215788994915783,0.0,0.44215788994915783,0.0,0.0,0.0,0.0,0.0,0.0,0.0,0.0,0.0,0.0,0.0009490393332813478,0.0009620201162351164,0.0,0.0009490393332813478,0.0009620201162351164,0.0,0.0009490393332813478,0.0009620201162351164,0.0,0.0009490393332813478,0.0009620201162351164,465,0.0,0.0,0.0,,0.0,0.0,0.0,0.0,,0.0,0.0,0.0,0.0,,0.0,1.0,,
googlelocal,query1,4,inf,0.4575096426997334,0.3226449084468186,7893.0,0.0,0.0,0.0,481.0,0.4575096426997334,0.3226449084468186,7893.0,0.0,0.0,0.0,481.0,0.4186455862430483,0.2947062128223479,7221.0,0.0,42.0,0.0,481.0,0.4207455862430483,0.2947062128223479,7221.0,0.0,42.0,0.0,481.0,0.0,0.0,0.0,0.0,0.0,0.0,0.0,0.0,0.0,0.0,0.0,0.0,0.0,0.0,0.0,0.0,0.4575096426997334,0.0,0.4575096426997334,0.0,0.4186455862430483,0.0,0.4207455862430483,0.0,0.0,0.0,0.0,0.0,0.0,0.0,0.0,0.0,0.0,0.0009481224150869166,0.0009632908471008118,0.0,0.0009481224150869166,0.0009632908471008118,0.0,0.0009316367295940552,0.000962744857900286,0.0,0.0009324661134803112,0.0009627685545827505,481,0.0,0.0,0.0,,0.0,0.08659270576735545,0.08494696686030678,0.08513873052071452,,0.08731808731808732,0.08659270576735545,0.08035689967044812,0.08513873052071452,,0.08731808731808732,1.0050161761380205,,
googlelocal,query1,8,1,0.9667749598156661,0.6819167472422123,16730.0,0.0,0.0,0.0,1016.0,0.9667749598156661,0.6819167472422123,16730.0,0.0,0.0,1016.0,1016.0,0.9667749598156661,0.6819167472422123,16730.0,0.0,0.0,1016.0,1016.0,0.9667749598156661,0.6819167472422123,16730.0,0.0,0.0,1016.0,1016.0,0.0,0.0,0.0,0.0,0.0,0.0,0.0,0.0,0.0,0.0,0.0,0.0,0.0,0.0,0.0,0.0,0.9667749598156661,0.0,0.9667749598156661,0.0,0.9667749598156661,0.0,0.9667749598156661,0.0,0.0,0.0,0.0,0.0,0.0,0.0,0.0,0.0,0.0,0.0009462351761794011,0.0009749988914231888,0.0,0.0009462351761794011,0.0009749988914231888,0.0,0.0009462351761794011,0.0009749988914231888,0.0,0.0009462351761794011,0.0009749988914231888,1016,0.0,0.0,0.0,,0.0,0.0,0.0,0.0,,0.0,0.0,0.0,0.0,,0.0,1.0,,
googlelocal,query1,8,1/16,0.9038504387717694,0.6369834993965924,15677.0,0.0,0.0,0.0,952.0,0.9038504387717694,0.6369834993965924,15677.0,0.0,0.0,952.0,952.0,0.9038504387717694,0.6369834993965924,15677.0,0.0,0.0,952.0,952.0,0.9038504387717694,0.6369834993965924,15677.0,0.0,0.0,952.0,952.0,0.0,0.0,0.0,0.0,0.0,0.0,0.0,0.0,0.0,0.0,0.0,0.0,0.0,0.0,0.0,0.0,0.9038504387717694,0.0,0.9038504387717694,0.0,0.9038504387717694,0.0,0.9038504387717694,0.0,0.0,0.0,0.0,0.0,0.0,0.0,0.0,0.0,0.0,0.0009459117659406872,0.0009686517439982443,0.0,0.0009459117659406872,0.0009686517439982443,0.0,0.0009459117659406872,0.0009686517439982443,0.0,0.0009459117659406872,0.0009686517439982443,952,0.0,0.0,0.0,,0.0,0.0,0.0,0.0,,0.0,0.0,0.0,0.0,,0.0,1.0,,
googlelocal,query1,8,1/4,0.9351698732934892,0.6593087173532695,16061.0,0.0,0.0,0.0,985.0,0.9351698732934892,0.6593087173532695,16061.0,0.0,0.0,985.0,985.0,0.9351698732934892,0.6593087173532695,16061.0,0.0,0.0,985.0,985.0,0.9351698732934892,0.6593087173532695,16061.0,0.0,0.0,985.0,985.0,0.0,0.0,0.0,0.0,0.0,0.0,0.0,0.0,0.0,0.0,0.0,0.0,0.0,0.0,0.0,0.0,0.9351698732934892,0.0,0.9351698732934892,0.0,0.9351698732934892,0.0,0.9351698732934892,0.0,0.0,0.0,0.0,0.0,0.0,0.0,0.0,0.0,0.0,0.0009468530416903406,0.000972047636213784,0.0,0.0009468530416903406,0.000972047636213784,0.0,0.0009468530416903406,0.000972047636213784,0.0,0.0009468530416903406,0.000972047636213784,985,0.0,0.0,0.0,,0.0,0.0,0.0,0.0,,0.0,0.0,0.0,0.0,,0.0,1.0,,
googlelocal,query1,8,inf,0.9952345287892967,0.7019304123241454,17213.0,0.0,0.0,0.0,1046.0,0.9952345287892967,0.7019304123241454,17213.0,0.0,0.0,0.0,1046.0,0.8330507715889066,0.5854941315483302,14391.0,0.0,176.0,0.0,1046.0,0.8418507715889066,0.5854941315483302,14391.0,0.0,176.0,0.0,1046.0,0.0,0.0,0.0,0.0,0.0,0.0,0.0,0.0,0.0,0.0,0.0,0.0,0.0,0.0,0.0,0.0,0.9952345287892967,0.0,0.9952345287892967,0.0,0.8330507715889066,0.0,0.8418507715889066,0.0,0.0,0.0,0.0,0.0,0.0,0.0,0.0,0.0,0.0,0.0009468408608148848,0.0009742697569673686,0.0,0.0009468408608148848,0.0009742697569673686,0.0,0.0009377092765851307,0.0009736638516337929,0.0,0.0009380824109134889,0.000973673179992002,1046,0.0,0.0,0.0,,0.0,0.16588009114790425,0.16296034000919035,0.16394585487712776,,0.1682600382409178,0.16588009114790425,0.15411820306011836,0.16394585487712776,,0.1682600382409178,1.0105635818369336,,
googlelocal,query1,16,inf,1.9116744799539447,1.3483110279776156,33018.0,0.0,0.0,0.0,2010.0,1.9116744799539447,1.3483110279776156,33018.0,0.0,0.0,0.0,2010.0,1.4010411341767013,0.9816276133060455,24138.0,0.0,554.0,0.0,2010.0,1.4287411341767013,0.9816276133060455,24138.0,0.0,554.0,0.0,2010.0,0.0,0.0,0.0,0.0,0.0,0.0,0.0,0.0,0.0,0.0,0.0,0.0,0.0,0.0,0.0,0.0,1.9116744799539447,0.0,1.9116744799539447,0.0,1.4010411341767013,0.0,1.4287411341767013,0.0,0.0,0.0,0.0,0.0,0.0,0.0,0.0,0.0,0.0,0.0009450034645657027,0.0009808426284477314,0.0,0.0009450034645657027,0.0009808426284477314,0.0,0.0009237717513955607,0.0009799330456363017,0.0,0.0009246914838370322,0.0009799330456363017,2010,0.0,0.0,0.0,,0.0,0.27195758772482403,0.2671131257605873,0.2689442122478648,,0.27562189054726366,0.27195758772482403,0.2526232111383723,0.2689442122478648,,0.27562189054726366,1.0197710112317848,,
googlelocal,query1,50,inf,5.891888402402401,4.154009278863668,102000.0,0.0,0.0,0.0,6200.0,5.891888402402401,4.154009278863668,102000.0,0.0,0.0,0.0,6200.0,2.924129298642276,2.018620679154992,50600.0,0.0,3200.0,0.0,6200.0,3.0841292986422792,2.018620679154992,50600.0,0.0,3200.0,0.0,6200.0,0.0,0.0,0.0,0.0,0.0,0.0,0.0,0.0,0.0,0.0,0.0,0.0,0.0,0.0,0.0,0.0,5.891888402402401,0.0,5.891888402402401,0.0,2.924129298642276,0.0,3.0841292986422792,0.0,0.0,0.0,0.0,0.0,0.0,0.0,0.0,0.0,0.0,0.0009420611313544214,0.0009917245071846992,0.0,0.0009420611313544214,0.0009917245071846992,0.0,0.0004838642019219697,0.0009736298408824951,0.0,0.0005088642019219696,0.0009736298408824951,6200,0.0,0.0,0.0,,0.0,0.5140548458988549,0.5037025315262301,0.503921568627451,,0.5161290322580645,0.5140548458988549,0.4765465521402723,0.503921568627451,,0.5161290322580645,1.0547171426633883,,
googlelocal,query2,1,inf,0.22428987873718143,0.16180167137645185,3876.0,0.0,0.0,0.0,222.0,0.22428987873718143,0.16180167137645185,3876.0,0.0,0.0,0.0,222.0,0.22428987873718143,0.16180167137645185,3876.0,0.0,0.0,0.0,222.0,0.22428987873718143,0.16180167137645185,3876.0,0.0,0.0,0.0,222.0,0.029213514178991318,0.0,0.029213514178991318,0.0,0.029213514178991318,0.0,0.029213514178991318,0.0,0.0,0.0,0.0,0.0,0.0,0.0,0.0,0.0,0.1950763645581901,0.0,0.1950763645581901,0.0,0.1950763645581901,0.0,0.1950763645581901,0.0,0.0,0.0,0.0,0.0,0.0,0.0,0.0,0.0,0.0,0.0009748379533822812,0.0009864938595188397,0.0,0.0009748379533822812,0.0009864938595188397,0.0,0.0009748379533822812,0.0009864938595188397,0.0,0.0009748379533822812,0.0009864938595188397,222,0.0,0.0,0.0,,0.0,0.0,0.0,0.0,,0.0,0.0,0.0,0.0,,0.0,1.0,,
googlelocal,query2,2,1,0.47919840877875686,0.34654656215570867,8343.0,0.0,0.0,0.0,471.0,0.47919840877875686,0.34654656215570867,8343.0,0.0,0.0,0.0,471.0,0.4699712380439043,0.3399190157651901,8178.0,0.0,10.0,0.0,471.0,0.47302957809880375,0.34184752125293016,8229.0,0.0,7.0,109.0,471.0,0.0730337854474783,0.0,0.0730337854474783,0.0,0.0730337854474783,0.0,0.0730337854474783,0.0,0.0,0.0,0.0,0.0,0.0,0.0,0.0,0.0,0.40616462333127856,0.0,0.40616462333127856,0.0,0.396937452596426,0.0,0.39999579265132545,0.0,0.0,0.0,0.0,0.0,0.0,0.0,0.0,0.0,0.0,0.0009870631138569322,0.001017982161726974,0.0,0.0009870631138569322,0.001017982161726974,0.0,0.000983781433740481,0.0010176998260261,0.0,0.0009839251119014005,0.001017714193842192,471,0.0,0.0,0.0,,0.0,0.01912454808176889,0.01925542857783713,0.019777058612010068,,0.021231422505307854,0.013559623484786343,0.012873228639624368,0.013664149586479657,,0.014861995753715499,1.0065075047307763,,
googlelocal,query2,2,1/16,0.4579739160835743,0.3283522466663271,7835.0,0.0,0.0,0.0,461.0,0.4579739160835743,0.3283522466663271,7835.0,0.0,0.0,461.0,461.0,0.4579739160835743,0.3283522466663271,7835.0,0.0,0.0,461.0,461.0,0.4579739160835743,0.3283522466663271,7835.0,0.0,0.0,461.0,461.0,0.03651689272373915,0.0,0.03651689272373915,0.0,0.03651689272373915,0.0,0.03651689272373915,0.0,0.0,0.0,0.0,0.0,0.0,0.0,0.0,0.0,0.42145702335983515,0.0,0.42145702335983515,0.0,0.42145702335983515,0.0,0.42145702335983515,0.0,0.0,0.0,0.0,0.0,0.0,0.0,0.0,0.0,0.0,0.0009756829553303779,0.000997703081317326,0.0,0.0009756829553303779,0.000997703081317326,0.0,0.0009756829553303779,0.000997703081317326,0.0,0.0009756829553303779,0.000997703081317326,461,0.0,0.0,0.0,,0.0,0.0,0.0,0.0,,0.0,0.0,0.0,0.0,,0.0,1.0,,
googlelocal,query2,2,1/4,0.4754073009826243,0.34117971104569733,8167.0,0.0,0.0,0.0,477.0,0.4754073009826243,0.34117971104569733,8167.0,0.0,0.0,477.0,477.0,0.4754073009826243,0.34117971104569733,8167.0,0.0,0.0,477.0,477.0,0.4754073009826243,0.34117971104569733,8167.0,0.0,0.0,477.0,477.0,0.04382027126848698,0.0,0.04382027126848698,0.0,0.04382027126848698,0.0,0.04382027126848698,0.0,0.0,0.0,0.0,0.0,0.0,0.0,0.0,0.0,0.4315870297141373,0.0,0.4315870297141373,0.0,0.4315870297141373,0.0,0.4315870297141373,0.0,0.0,0.0,0.0,0.0,0.0,0.0,0.0,0.0,0.0,0.0009746003738679999,0.0010015378421096986,0.0,0.0009746003738679999,0.0010015378421096986,0.0,0.0009746003738679999,0.0010015378421096986,0.0,0.0009746003738679999,0.0010015378421096986,477,0.0,0.0,0.0,,0.0,0.0,0.0,0.0,,0.0,0.0,0.0,0.0,,0.0,1.0,,
googlelocal,query2,2,inf,0.5172772782389075,0.37226935918442905,8924.0,0.0,0.0,0.0,515.0,0.5172772782389075,0.37226935918442905,8924.0,0.0,0.0,0.0,515.0,0.5023069985990226,0.36146101471967995,8662.0,0.0,16.0,0.0,515.0,0.5031069985990226,0.36146101471967995,8662.0,0.0,16.0,0.0,515.0,0.058427028357982635,0.0,0.058427028357982635,0.0,0.058427028357982635,0.0,0.058427028357982635,0.0,0.0,0.0,0.0,0.0,0.0,0.0,0.0,0.0,0.4588502498809248,0.0,0.4588502498809248,0.0,0.44387997024104,0.0,0.44467997024104,0.0,0.0,0.0,0.0,0.0,0.0,0.0,0.0,0.0,0.0,0.000981419662939911,0.001011352284758291,0.0,0.000981419662939911,0.001011352284758291,0.0,0.0009762923871545606,0.0010108219346838762,0.0,0.0009765641262849953,0.0010108491085969195,515,0.0,0.0,0.0,,0.0,0.02903366661287443,0.028940532031199617,0.029359031824294002,,0.031067961165048542,0.02903366661287443,0.02739397270285704,0.029359031824294002,,0.031067961165048542,1.0015926515103937,,
googlelocal,query2,4,1,0.9081251041498035,0.6531087814364582,15704.0,0.0,0.0,0.0,906.0,0.9081251041498035,0.6531087814364582,15704.0,0.0,0.0,0.0,906.0,0.8691099028868228,0.6250046319328249,15009.0,0.0,42.0,0.0,906.0,0.8780570547479392,0.6301710449624807,15145.0,0.0,34.0,186.0,906.0,0.10224729962646961,0.0,0.10224729962646961,0.0,0.10224729962646961,0.0,0.10224729962646961,0.0,0.0,0.0,0.0,0.0,0.0,0.0,0.0,0.0,0.8058778045233339,0.0,0.8058778045233339,0.0,0.7668626032603532,0.0,0.7758097551214695,0.0,0.0,0.0,0.0,0.0,0.0,0.0,0.0,0.0,0.0,0.0009882894740088951,0.0010361736365383368,0.0,0.0009882894740088951,0.0010361736365383368,0.0,0.0009831968122477359,0.0010357098957145745,0.0,0.0009832976491899047,0.0010356997738039336,906,0.0,0.0,0.0,,0.0,0.0430313453171165,0.042962363979032636,0.04425624044829346,,0.046357615894039736,0.03512085142007726,0.03311002995563528,0.03559602649006621,,0.037527593818984545,1.0102946150209515,,
googlelocal,query2,4,1/16,0.915032391436398,0.6559353915508837,15660.0,0.0,0.0,0.0,921.0,0.915032391436398,0.6559353915508837,15660.0,0.0,0.0,921.0,921.0,0.915032391436398,0.6559353915508837,15660.0,0.0,0.0,921.0,921.0,0.915032391436398,0.6559353915508837,15660.0,0.0,0.0,921.0,921.0,0.0730337854474783,0.0,0.0730337854474783,0.0,0.0730337854474783,0.0,0.0730337854474783,0.0,0.0,0.0,0.0,0.0,0.0,0.0,0.0,0.0,0.8419986059889197,0.0,0.8419986059889197,0.0,0.8419986059889197,0.0,0.8419986059889197,0.0,0.0,0.0,0.0,0.0,0.0,0.0,0.0,0.0,0.0,0.0009829873493539967,0.001032476571129578,0.0,0.0009829873493539967,0.001032476571129578,0.0,0.0009829873493539967,0.001032476571129578,0.0,0.0009829873493539967,0.001032476571129578,921,0.0,0.0,0.0,,0.0,0.0,0.0,0.0,,0.0,0.0,0.0,0.0,,0.0,1.0,,
googlelocal,query2,4,1/4,0.8693281109444797,0.625877380836755,15045.0,0.0,0.0,0.0,865.0,0.8693281109444797,0.625877380836755,15045.0,0.0,0.0,865.0,865.0,0.8693281109444797,0.625877380836755,15045.0,0.0,0.0,865.0,865.0,0.8693281109444797,0.625877380836755,15045.0,0.0,0.0,865.0,865.0,0.10224729962646961,0.0,0.10224729962646961,0.0,0.10224729962646961,0.0,0.10224729962646961,0.0,0.0,0.0,0.0,0.0,0.0,0.0,0.0,0.0,0.7670808113180101,0.0,0.7670808113180101,0.0,0.7670808113180101,0.0,0.7670808113180101,0.0,0.0,0.0,0.0,0.0,0.0,0.0,0.0,0.0,0.0,0.0009880392278820201,0.0010423800693017107,0.0,0.0009880392278820201,0.0010423800693017107,0.0,0.0009880392278820201,0.0010423800693017107,0.0,0.0009880392278820201,0.0010423800693017107,865,0.0,0.0,0.0,,0.0,0.0,0.0,0.0,,0.0,0.0,0.0,0.0,,0.0,1.0,,
googlelocal,query2,4,inf,0.8864909894764423,0.6376478946767747,15365.0,0.0,0.0,0.0,884.0,0.8864909894764423,0.6376478946767747,15365.0,0.0,0.0,0.0,884.0,0.828291193766743,0.5958162769675255,14320.0,0.0,63.0,0.0,884.0,0.831441193766743,0.5958162769675255,14320.0,0.0,63.0,0.0,884.0,0.10224729962646961,0.0,0.10224729962646961,0.0,0.10224729962646961,0.0,0.10224729962646961,0.0,0.0,0.0,0.0,0.0,0.0,0.0,0.0,0.0,0.7842436898499727,0.0,0.7842436898499727,0.0,0.7260438941402734,0.0,0.7291938941402734,0.0,0.0,0.0,0.0,0.0,0.0,0.0,0.0,0.0,0.0,0.0009794340350175973,0.0010373453869521993,0.0,0.0009794340350175973,0.0010373453869521993,0.0,0.0009680033753050322,0.0010366059625528264,0.0,0.0009685084258100827,0.001036631215078079,884,0.0,0.0,0.0,,0.0,0.0656030045083954,0.06565187509020465,0.06801171493654412,,0.07126696832579185,0.0656030045083954,0.062098539481164394,0.06801171493654412,,0.07126696832579185,1.0038030103708757,,
googlelocal,query2,8,1,1.7906221670564264,1.2899370032828301,31080.0,0.0,0.0,0.0,1778.0,1.7906221670564264,1.2899370032828301,31080.0,0.0,0.0,0.0,1778.0,1.6945948223526774,1.220916423248127,29357.0,0.0,104.0,0.0,1778.0,1.6974414096531272,1.2189827477559447,29339.0,0.0,106.0,375.0,1778.0,0.2264047348871827,0.0,0.2264047348871827,0.0,0.2264047348871827,0.0,0.2264047348871827,0.0,0.0,0.0,0.0,0.0,0.0,0.0,0.0,0.0,1.5642174321692437,0.0,1.5642174321692437,0.0,1.468190087465495,0.0,1.4710366747659445,0.0,0.0,0.0,0.0,0.0,0.0,0.0,0.0,0.0,0.0,0.0009744200302520767,0.0010965776395169087,0.0,0.0009744200302520767,0.0010965776395169087,0.0,0.0009717555792303756,0.0010963193899369797,0.0,0.000970777400652878,0.0010963193899369797,1778,0.0,0.0,0.0,,0.0,0.053506938601690535,0.05362792132837646,0.0554375804375804,,0.05849268841394826,0.05500598505687493,0.05203820164723949,0.05601673101673099,,0.05961754780652419,1.0016798040823103,,
googlelocal,query2,8,1/16,1.8935409227851778,1.3686953731812537,32880.0,0.0,0.0,0.0,1863.0,1.8935409227851778,1.3686953731812537,32880.0,0.0,0.0,1863.0,1863.0,1.8935409227851778,1.3686953731812537,32880.0,0.0,0.0,1863.0,1863.0,1.8935409227851778,1.3686953731812537,32880.0,0.0,0.0,1863.0,1863.0,0.2775283847004175,0.0,0.2775283847004175,0.0,0.2775283847004175,0.0,0.2775283847004175,0.0,0.0,0.0,0.0,0.0,0.0,0.0,0.0,0.0,1.6160125380847603,0.0,1.6160125380847603,0.0,1.6160125380847603,0.0,1.6160125380847603,0.0,0.0,0.0,0.0,0.0,0.0,0.0,0.0,0.0,0.0,0.0009832005138741807,0.0011131168698193506,0.0,0.0009832005138741807,0.0011131168698193506,0.0,0.0009832005138741807,0.0011131168698193506,0.0,0.0009832005138741807,0.0011131168698193506,1863,0.0,0.0,0.0,,0.0,0.0,0.0,0.0,,0.0,0.0,0.0,0.0,,0.0,1.0,,
googlelocal,query2,8,1/4,1.8103307029232383,1.3045359796378762,31380.0,0.0,0.0,0.0,1797.0,1.8103307029232383,1.3045359796378762,31380.0,0.0,0.0,1797.0,1797.0,1.8103307029232383,1.3045359796378762,31380.0,0.0,0.0,1797.0,1797.0,1.8103307029232383,1.3045359796378762,31380.0,0.0,0.0,1797.0,1797.0,0.2264047348871827,0.0,0.2264047348871827,0.0,0.2264047348871827,0.0,0.2264047348871827,0.0,0.0,0.0,0.0,0.0,0.0,0.0,0.0,0.0,1.5839259680360556,0.0,1.5839259680360556,0.0,1.5839259680360556,0.0,1.5839259680360556,0.0,0.0,0.0,0.0,0.0,0.0,0.0,0.0,0.0,0.0,0.0009792866354109719,0.001096525247907266,0.0,0.0009792866354109719,0.001096525247907266,0.0,0.0009792866354109719,0.001096525247907266,0.0,0.0009792866354109719,0.001096525247907266,1797,0.0,0.0,0.0,,0.0,0.0,0.0,0.0,,0.0,0.0,0.0,0.0,,0.0,1.0,,
googlelocal,query2,8,inf,1.8409082535654306,1.3291120815556496,31925.0,0.0,0.0,0.0,1816.0,1.8409082535654306,1.3291120815556496,31925.0,0.0,0.0,0.0,1816.0,1.5739120860302447,1.136722062015906,27193.0,0.0,287.0,0.0,1816.0,1.5882620860302448,1.136722062015906,27193.0,0.0,287.0,0.0,1816.0,0.25561824906617403,0.0,0.25561824906617403,0.0,0.25561824906617403,0.0,0.25561824906617403,0.0,0.0,0.0,0.0,0.0,0.0,0.0,0.0,0.0,1.5852900044992566,0.0,1.5852900044992566,0.0,1.3182938369640707,0.0,1.3326438369640707,0.0,0.0,0.0,0.0,0.0,0.0,0.0,0.0,0.0,0.0,0.0009775546088349075,0.0011034000661456957,0.0,0.0009775546088349075,0.0011034000661456957,0.0,0.0009704792033880949,0.0011026456699473784,0.0,0.0009704792033880949,0.0011026456699473784,1816,0.0,0.0,0.0,,0.0,0.14475078679185738,0.14503502117396327,0.14822239624119027,,0.15803964757709252,0.14475078679185738,0.13723995589995663,0.14822239624119027,,0.15803964757709252,1.0091174088612496,,
googlelocal,query2,16,inf,3.6402597764972597,2.619891382055357,62941.0,0.0,0.0,0.0,3624.0,3.6402597764972597,2.619891382055357,62941.0,0.0,0.0,0.0,3624.0,2.7173130173465605,1.9549690722487867,46561.0,0.0,993.0,0.0,3624.0,2.7669630173465616,1.9549690722487867,46561.0,0.0,993.0,0.0,3624.0,0.4235959555953741,0.0,0.4235959555953741,0.0,0.4235959555953741,0.0,0.4235959555953741,0.0,0.0,0.0,0.0,0.0,0.0,0.0,0.0,0.0,3.2166638209018856,0.0,3.2166638209018856,0.0,2.2937170617511864,0.0,2.343367061751187,0.0,0.0,0.0,0.0,0.0,0.0,0.0,0.0,0.0,0.0,0.0009672931494424119,0.0011462786740157752,0.0,0.0009672931494424119,0.0011462786740157752,0.0,0.0009435809095377103,0.0011438973369658923,0.0,0.0009439559095377102,0.0011438973369658923,3624,0.0,0.0,0.0,,0.0,0.25379766289582795,0.25353870762453645,0.26024372030949616,,0.2740066225165563,0.25379766289582795,0.23989957112099403,0.26024372030949616,,0.2740066225165563,1.0182717264014303,,
googlelocal,query2,50,inf,11.492717592045665,8.282367931678891,199200.0,0.0,0.0,0.0,11400.0,11.492717592045665,8.282367931678891,199200.0,0.0,0.0,0.0,11400.0,6.458620463490482,4.650965379551053,110400.0,0.0,5400.0,0.0,11400.0,6.72862046349049,4.650965379551053,110400.0,0.0,5400.0,0.0,11400.0,1.4606757089495659,0.0,1.4606757089495659,0.0,1.4606757089495659,0.0,1.4606757089495659,0.0,0.0,0.0,0.0,0.0,0.0,0.0,0.0,0.0,10.032041883096099,0.0,10.032041883096099,0.0,4.997944754540916,0.0,5.267944754540923,0.0,0.0,0.0,0.0,0.0,0.0,0.0,0.0,0.0,0.0,0.0009658320341259241,0.0014099131803959608,0.0,0.0009658320341259241,0.0014099131803959608,0.0,0.000922780018299818,0.0014099131803959608,0.0,0.000922780018299818,0.0014099131803959608,11400,0.0,0.0,0.0,,0.0,0.4384497986666632,0.43802495695529664,0.4457831325301205,,0.47368421052631576,0.4384497986666632,0.41453181898879166,0.4457831325301205,,0.47368421052631576,1.0418045930282285,,
googlelocal,query3,1,inf,0.34102938370779157,0.24912086292169988,6523.0,0.0,0.0,0.0,325.0,0.34102938370779157,0.24912086292169988,6523.0,0.0,0.0,0.0,325.0,0.34102938370779157,0.24912086292169988,6523.0,0.0,0.0,0.0,325.0,0.34102938370779157,0.24912086292169988,6523.0,0.0,0.0,0.0,325.0,0.14134719665162265,0.0,0.14134719665162265,0.0,0.14134719665162265,0.0,0.14134719665162265,0.0,0.0,0.0,0.0,0.0,0.0,0.0,0.0,0.0,0.1996821870561689,0.0,0.1996821870561689,0.0,0.1996821870561689,0.0,0.1996821870561689,0.0,0.0,0.0,0.0,0.0,0.0,0.0,0.0,0.0,0.0,0.0010173898111903467,0.0011158934798843872,0.0,0.0010173898111903467,0.0011158934798843872,0.0,0.0010173898111903467,0.0011158934798843872,0.0,0.0010173898111903467,0.0011158934798843872,325,0.0,0.0,0.0,,0.0,0.0,0.0,0.0,,0.0,0.0,0.0,0.0,,0.0,1.0,,
googlelocal,query3,2,1,0.671822230797261,0.4898636247962713,12787.0,0.0,0.0,0.0,643.0,0.671822230797261,0.4898636247962713,12787.0,0.0,0.0,0.0,643.0,0.6275621410343051,0.45827000797726214,11944.0,0.0,49.0,0.0,643.0,0.5905847037070989,0.42881840700283647,11138.0,0.0,97.0,221.0,643.0,0.27647364931181073,0.0,0.27647364931181073,0.0,0.27397208956345914,0.0,0.27647364931181073,0.0,0.0,0.0,0.0,0.0,0.0,0.0,0.0,0.0,0.39534858148545027,0.0,0.39534858148545027,0.0,0.35359005147084593,0.0,0.31411105439528825,0.0,0.0,0.0,0.0,0.0,0.0,0.0,0.0,0.0,0.0,0.000990345148554395,0.0011773149459334167,0.0,0.000990345148554395,0.0011773149459334167,0.0,0.0009527652132440327,0.0011731205256962918,0.0,0.0009556404202437598,0.0011738444731023534,643,0.0,0.0,0.0,,0.0,0.06449471897846792,0.0658806567184177,0.06592633143035898,,0.07620528771384137,0.12461676006015521,0.12092116540078812,0.12895909908500824,,0.15085536547433903,0.9410776480775872,,
googlelocal,query3,2,1/16,0.6624037579167634,0.4824359759222716,12641.0,0.0,0.0,0.0,636.0,0.6624037579167634,0.4824359759222716,12641.0,0.0,0.0,636.0,636.0,0.6624037579167634,0.4824359759222716,12641.0,0.0,0.0,636.0,636.0,0.6624037579167634,0.4824359759222716,12641.0,0.0,0.0,636.0,636.0,0.2643947007600218,0.0,0.2643947007600218,0.0,0.2643947007600218,0.0,0.2643947007600218,0.0,0.0,0.0,0.0,0.0,0.0,0.0,0.0,0.0,0.3980090571567416,0.0,0.3980090571567416,0.0,0.3980090571567416,0.0,0.3980090571567416,0.0,0.0,0.0,0.0,0.0,0.0,0.0,0.0,0.0,0.0,0.0009957482265731828,0.0011689252196041451,0.0,0.0009957482265731828,0.0011689252196041451,0.0,0.0009957482265731828,0.0011689252196041451,0.0,0.0009957482265731828,0.0011689252196041451,636,0.0,0.0,0.0,,0.0,0.0,0.0,0.0,,0.0,0.0,0.0,0.0,,0.0,1.0,,
googlelocal,query3,2,1/4,0.6640868978574872,0.4835208961740136,12611.0,0.0,0.0,0.0,639.0,0.6640868978574872,0.4835208961740136,12611.0,0.0,0.0,639.0,639.0,0.6640868978574872,0.4835208961740136,12611.0,0.0,0.0,639.0,639.0,0.6640868978574872,0.4835208961740136,12611.0,0.0,0.0,639.0,639.0,0.2617592313326895,0.0,0.2617592313326895,0.0,0.2617592313326895,0.0,0.2617592313326895,0.0,0.0,0.0,0.0,0.0,0.0,0.0,0.0,0.0,0.4023276665247977,0.0,0.4023276665247977,0.0,0.4023276665247977,0.0,0.4023276665247977,0.0,0.0,0.0,0.0,0.0,0.0,0.0,0.0,0.0,0.0,0.0009852324005520307,0.0011715113836589998,0.0,0.0009852324005520307,0.0011715113836589998,0.0,0.0009852324005520307,0.0011715113836589998,0.0,0.0009852324005520307,0.0011715113836589998,639,0.0,0.0,0.0,,0.0,0.0,0.0,0.0,,0.0,0.0,0.0,0.0,,0.0,1.0,,
googlelocal,query3,2,inf,0.6977890704292804,0.5086292447522283,13423.0,0.0,0.0,0.0,667.0,0.6977890704292804,0.5086292447522283,13423.0,0.0,0.0,0.0,667.0,0.5758360125091672,0.41935767186805606,11141.0,0.0,126.0,0.0,667.0,0.5821360125091672,0.41935767186805606,11141.0,0.0,126.0,0.0,667.0,0.2851104401051998,0.0,0.2851104401051998,0.0,0.25009193590044976,0.0,0.25149193590044977,0.0,0.0,0.0,0.0,0.0,0.0,0.0,0.0,0.0,0.4126786303240806,0.0,0.4126786303240806,0.0,0.32574407660871746,0.0,0.3306440766087174,0.0,0.0,0.0,0.0,0.0,0.0,0.0,0.0,0.0,0.0,0.0009977427056642265,0.0011836675375253266,0.0,0.0009977427056642265,0.0011836675375253266,0.0,0.0008976549233929292,0.0011742326368616848,0.0,0.0009021264681083763,0.001174415563690953,667,0.0,0.0,0.0,,0.0,0.17551403857570091,0.1747706622075459,0.17000670490948377,,0.1889055472263868,0.17551403857570091,0.16574214590229008,0.17000670490948377,,0.1889055472263868,1.0109406147985573,,
googlelocal,query3,4,1,1.333088707877323,0.9707467218395323,25344.0,0.0,0.0,0.0,1282.0,1.333088707877323,0.9707467218395323,25344.0,0.0,0.0,0.0,1282.0,1.2026171347834915,0.8779615443199873,22847.0,0.0,146.0,0.0,1282.0,1.122311149980277,0.8123981531243771,21060.0,0.0,252.0,436.0,1282.0,0.5274393567815423,0.0,0.5274393567815423,0.0,0.5236870171590149,0.0,0.5274393567815423,0.0,0.0,0.0,0.0,0.0,0.0,0.0,0.0,0.0,0.8056493510957807,0.0,0.8056493510957807,0.0,0.6789301176244765,0.0,0.5948717931987345,0.0,0.0,0.0,0.0,0.0,0.0,0.0,0.0,0.0,0.0,0.0009805464604355889,0.0012411241853174835,0.0,0.0009805464604355889,0.0012411241853174835,0.0,0.0009577805110024672,0.0012399258285384926,0.0,0.0009265022740425432,0.0012403562203413285,1282,0.0,0.0,0.0,,0.0,0.09558124218407882,0.09787163624060802,0.09852430555555558,,0.11388455538221529,0.16312037440115168,0.1581121771203562,0.16903409090909094,,0.19656786271450857,0.9332239808659701,,
googlelocal,query3,4,1/16,1.3492654643487185,0.9841685404535383,25420.0,0.0,0.0,0.0,1293.0,1.3492654643487185,0.9841685404535383,25420.0,0.0,0.0,1293.0,1293.0,1.3492654643487185,0.9841685404535383,25420.0,0.0,0.0,1293.0,1293.0,1.3492654643487185,0.9841685404535383,25420.0,0.0,0.0,1293.0,1293.0,0.552853194065392,0.0,0.552853194065392,0.0,0.552853194065392,0.0,0.552853194065392,0.0,0.0,0.0,0.0,0.0,0.0,0.0,0.0,0.0,0.7964122702833265,0.0,0.7964122702833265,0.0,0.7964122702833265,0.0,0.7964122702833265,0.0,0.0,0.0,0.0,0.0,0.0,0.0,0.0,0.0,0.0,0.0009756112330011513,0.0012353979418430786,0.0,0.0009756112330011513,0.0012353979418430786,0.0,0.0009756112330011513,0.0012353979418430786,0.0,0.0009756112330011513,0.0012353979418430786,1293,0.0,0.0,0.0,,0.0,0.0,0.0,0.0,,0.0,0.0,0.0,0.0,,0.0,1.0,,
googlelocal,query3,4,1/4,1.3274149328935891,0.9649164443835616,25418.0,0.0,0.0,0.0,1281.0,1.3274149328935891,0.9649164443835616,25418.0,0.0,0.0,1281.0,1281.0,1.3274149328935891,0.9649164443835616,25418.0,0.0,0.0,1281.0,1281.0,1.3274149328935891,0.9649164443835616,25418.0,0.0,0.0,1281.0,1281.0,0.5045407598372549,0.0,0.5045407598372549,0.0,0.5045407598372549,0.0,0.5045407598372549,0.0,0.0,0.0,0.0,0.0,0.0,0.0,0.0,0.0,0.8228741730563343,0.0,0.8228741730563343,0.0,0.8228741730563343,0.0,0.8228741730563343,0.0,0.0,0.0,0.0,0.0,0.0,0.0,0.0,0.0,0.0,0.000972076804847807,0.0012342917147479737,0.0,0.000972076804847807,0.0012342917147479737,0.0,0.000972076804847807,0.0012342917147479737,0.0,0.000972076804847807,0.0012342917147479737,1281,0.0,0.0,0.0,,0.0,0.0,0.0,0.0,,0.0,0.0,0.0,0.0,,0.0,1.0,,
googlelocal,query3,4,inf,1.308732419507578,0.952756910584867,24770.0,0.0,0.0,0.0,1260.0,1.308732419507578,0.952756910584867,24770.0,0.0,0.0,0.0,1260.0,0.8288605559008568,0.6007937209215015,15804.0,0.0,493.0,0.0,1260.0,0.8535105559008569,0.6007937209215015,15804.0,0.0,493.0,0.0,1260.0,0.517901998013258,0.0,0.517901998013258,0.0,0.3715732487553358,0.0,0.3774232487553358,0.0,0.0,0.0,0.0,0.0,0.0,0.0,0.0,0.0,0.79083042149432,0.0,0.79083042149432,0.0,0.45728730714552107,0.0,0.47608730714552105,0.0,0.0,0.0,0.0,0.0,0.0,0.0,0.0,0.0,0.0,0.0009757228634623965,0.0012315042538478247,0.0,0.0009757228634623965,0.0012315042538478247,0.0,0.0007852186559625371,0.001208522412670409,0.0,0.0007952544982564439,0.001208576176111269,1260,0.0,0.0,0.0,,0.0,0.3694155201113225,0.36666919566894896,0.3619701251513928,,0.39126984126984127,0.3694155201113225,0.3478341766592764,0.3619701251513928,,0.39126984126984127,1.0297396224545985,,
googlelocal,query3,8,1,2.722055873600766,1.983850954566151,51744.0,0.0,0.0,0.0,2609.0,2.722055873600766,1.983850954566151,51744.0,0.0,0.0,0.0,2609.0,2.4308866734458503,1.776120031485334,46188.0,0.0,323.0,0.0,2609.0,2.2323085676811636,1.6158667928539217,41799.0,0.0,585.0,905.0,2609.0,1.105837769806385,0.0,1.105837769806385,0.0,1.0895801306462287,0.0,1.105837769806385,0.0,0.0,0.0,0.0,0.0,0.0,0.0,0.0,0.0,1.616218103794381,0.0,1.616218103794381,0.0,1.3413065427996218,0.0,1.1264707978747786,0.0,0.0,0.0,0.0,0.0,0.0,0.0,0.0,0.0,0.0,0.0009845254999780505,0.001254457620674453,0.0,0.0009845254999780505,0.001254457620674453,0.0,0.0009813351125653646,0.001254456514831918,0.0,0.0009566458592666065,0.001254457620674453,2609,0.0,0.0,0.0,,0.0,0.10471095250512186,0.10696665082401624,0.10737476808905377,,0.1238022230739747,0.18548982264280223,0.1799181679807914,0.19219619666048238,,0.22422384055193562,0.9183104223105569,,
googlelocal,query3,8,1/16,2.6933676367625594,1.96249515353702,51171.0,0.0,0.0,0.0,2587.0,2.6933676367625594,1.96249515353702,51171.0,0.0,0.0,2587.0,2587.0,2.6933676367625594,1.96249515353702,51171.0,0.0,0.0,2587.0,2587.0,2.6933676367625594,1.96249515353702,51171.0,0.0,0.0,2587.0,2587.0,1.071178941288963,0.0,1.071178941288963,0.0,1.071178941288963,0.0,1.071178941288963,0.0,0.0,0.0,0.0,0.0,0.0,0.0,0.0,0.0,1.6221886954735965,0.0,1.6221886954735965,0.0,1.6221886954735965,0.0,1.6221886954735965,0.0,0.0,0.0,0.0,0.0,0.0,0.0,0.0,0.0,0.0,0.0009841006183554627,0.0012693976992064152,0.0,0.0009841006183554627,0.0012693976992064152,0.0,0.0009841006183554627,0.0012693976992064152,0.0,0.0009841006183554627,0.0012693976992064152,2587,0.0,0.0,0.0,,0.0,0.0,0.0,0.0,,0.0,0.0,0.0,0.0,,0.0,1.0,,
googlelocal,query3,8,1/4,2.6489189479034394,1.9305849601514637,50081.0,0.0,0.0,0.0,2544.0,2.6489189479034394,1.9305849601514637,50081.0,0.0,0.0,2544.0,2544.0,2.6489189479034394,1.9305849601514637,50081.0,0.0,0.0,2544.0,2544.0,2.6489189479034394,1.9305849601514637,50081.0,0.0,0.0,2544.0,2544.0,1.0683480899315327,0.0,1.0683480899315327,0.0,1.0683480899315327,0.0,1.0683480899315327,0.0,0.0,0.0,0.0,0.0,0.0,0.0,0.0,0.0,1.5805708579719067,0.0,1.5805708579719067,0.0,1.5805708579719067,0.0,1.5805708579719067,0.0,0.0,0.0,0.0,0.0,0.0,0.0,0.0,0.0,0.0,0.0009874233429039282,0.0012833026157958167,0.0,0.0009874233429039282,0.0012833026157958167,0.0,0.0009874233429039282,0.0012833026157958167,0.0,0.0009874233429039282,0.0012833026157958167,2544,0.0,0.0,0.0,,0.0,0.0,0.0,0.0,,0.0,0.0,0.0,0.0,,0.0,1.0,,
googlelocal,query3,8,inf,2.710166384698823,1.9771771542727947,51213.0,0.0,0.0,0.0,2595.0,2.710166384698823,1.9771771542727947,51213.0,0.0,0.0,0.0,2595.0,1.2328000306955726,0.8854463382158428,23785.0,0.0,1484.0,0.0,2595.0,1.3070000306955725,0.8854463382158428,23785.0,0.0,1484.0,0.0,2595.0,1.119276164798066,0.0,1.119276164798066,0.0,0.5689896687876433,0.0,0.5909896687876434,0.0,0.0,0.0,0.0,0.0,0.0,0.0,0.0,0.0,1.590890219900757,0.0,1.590890219900757,0.0,0.6638103619079292,0.0,0.7160103619079292,0.0,0.0,0.0,0.0,0.0,0.0,0.0,0.0,0.0,0.0,0.0009829401669943809,0.0012705310418533356,0.0,0.0009829401669943809,0.0012705310418533356,0.0,0.0004896436727380643,0.0012427625804139655,0.0,0.0005170976604681257,0.0012427625804139655,2595,0.0,0.0,0.0,,0.0,0.5521664124520447,0.5451201676562113,0.535567141155566,,0.571868978805395,0.5521664124520447,0.5177417747948277,0.535567141155566,,0.571868978805395,1.0601881879887158,,
googlelocal,query3,16,inf,5.429585753940046,3.9575678356923163,103584.0,0.0,0.0,0.0,5204.0,5.429585753940046,3.9575678356923163,103584.0,0.0,0.0,0.0,5204.0,1.8648294650243225,1.3202320274431258,37495.0,0.0,3567.0,0.0,5204.0,2.043179465024322,1.3202320274431258,37495.0,0.0,3567.0,0.0,5204.0,2.1818767187651247,0.0,2.1818767187651247,0.0,0.8186874380458147,0.0,0.8731874380458147,0.0,0.0,0.0,0.0,0.0,0.0,0.0,0.0,0.0,3.247709035174921,0.0,3.247709035174921,0.0,1.0461420269785078,0.0,1.1699920269785078,0.0,0.0,0.0,0.0,0.0,0.0,0.0,0.0,0.0,0.0,0.0009994679414755466,0.001290735212773729,0.0,0.0009994679414755466,0.001290735212773729,0.0,0.000575288320094859,0.0012608611699683652,0.0,0.000598985002559314,0.0012608611699683652,5204,0.0,0.0,0.0,,0.0,0.6664031844163775,0.656542957504431,0.6380232468334879,,0.68543428132206,0.6664031844163775,0.6236951477298864,0.6380232468334879,,0.68543428132206,1.095638771986946,,
googlelocal,query3,50,inf,16.90497323870659,12.32398939318955,321800.0,0.0,0.0,0.0,16200.0,16.90497323870659,12.32398939318955,321800.0,0.0,0.0,0.0,16200.0,3.8234323023259584,2.6252153795212507,79800.0,0.0,13000.0,0.0,16200.0,4.473432302325969,2.6252153795212507,79800.0,0.0,13000.0,0.0,16200.0,6.818935973569751,0.0,6.818935973569751,0.0,1.5664935700744393,0.0,1.7764935700744386,0.0,0.0,0.0,0.0,0.0,0.0,0.0,0.0,0.0,10.086037265136838,0.0,10.086037265136838,0.0,2.2569387322515255,0.0,2.696938732251525,0.0,0.0,0.0,0.0,0.0,0.0,0.0,0.0,0.0,0.0,0.0009648031555116177,0.001284232906376322,0.0,0.0009648031555116177,0.001284232906376322,0.0,0.0006652268228679896,0.001168477019139876,0.0,0.0006818934895346562,0.001168477019139876,16200,0.0,0.0,0.0,,0.0,0.7869833139444286,0.7738279588889493,0.7520198881292728,,0.8024691358024691,0.7869833139444286,0.7353777353469366,0.7520198881292728,,0.8024691358024691,1.17000431774471,,
googlelocal,query4,1,inf,0.10456625442020595,0.08403628785163164,1648.0,0.0,0.0,0.0,72.0,0.10456625442020595,0.08403628785163164,1648.0,0.0,0.0,0.0,72.0,0.10456625442020595,0.08403628785163164,1648.0,0.0,0.0,0.0,72.0,0.10456625442020595,0.08403628785163164,1648.0,0.0,0.0,0.0,72.0,0.10456625442020595,0.0,0.10456625442020595,0.0,0.10456625442020595,0.0,0.10456625442020595,0.0,0.0,0.0,0.0,0.0,0.0,0.0,0.0,0.0,0.0,0.0,0.0,0.0,0.0,0.0,0.0,0.0,0.0,0.0,0.0,0.0,0.0,0.0,0.0,0.0,0.0,0.0014523090891695272,0.0014523090891695272,0.0,0.0014523090891695272,0.0014523090891695272,0.0,0.0014523090891695272,0.0014523090891695272,0.0,0.0014523090891695272,0.0014523090891695272,72,0.0,0.0,0.0,,0.0,0.0,0.0,0.0,,0.0,0.0,0.0,0.0,,0.0,1.0,,
googlelocal,query4,2,1,0.21183758974075317,0.17018385138362646,3339.0,0.0,0.0,0.0,146.0,0.21183758974075317,0.17018385138362646,3339.0,0.0,0.0,0.0,146.0,0.2093360299924016,0.168209511321038,3295.0,0.0,2.0,0.0,146.0,0.2094360299924016,0.168209511321038,3295.0,0.0,2.0,0.0,146.0,0.21183758974075317,0.0,0.21183758974075317,0.0,0.2093360299924016,0.0,0.2094360299924016,0.0,0.0,0.0,0.0,0.0,0.0,0.0,0.0,0.0,0.0,0.0,0.0,0.0,0.0,0.0,0.0,0.0,0.0,0.0,0.0,0.0,0.0,0.0,0.0,0.0,0.0,0.0014553289018031067,0.001463393431569215,0.0,0.0014553289018031067,0.001463393431569215,0.0,0.0014457809638322992,0.0014624386377721343,0.0,0.001446162643221612,0.0014624768057110657,146,0.0,0.0,0.0,,0.0,0.011601218602920849,0.01180885673507226,0.013177598083258468,,0.0136986301369863,0.011601218602920849,0.011336796983437147,0.013177598083258468,,0.0136986301369863,1.0004777008525652,,
googlelocal,query4,2,1/16,0.2184435825329274,0.1746993742417544,3728.0,0.0,0.0,0.0,152.0,0.2184435825329274,0.1746993742417544,3728.0,0.0,0.0,152.0,152.0,0.2184435825329274,0.1746993742417544,3728.0,0.0,0.0,152.0,152.0,0.2184435825329274,0.1746993742417544,3728.0,0.0,0.0,152.0,152.0,0.2184435825329274,0.0,0.2184435825329274,0.0,0.2184435825329274,0.0,0.2184435825329274,0.0,0.0,0.0,0.0,0.0,0.0,0.0,0.0,0.0,0.0,0.0,0.0,0.0,0.0,0.0,0.0,0.0,0.0,0.0,0.0,0.0,0.0,0.0,0.0,0.0,0.0,0.0014384450328383427,0.0014492536643033484,0.0,0.0014384450328383427,0.0014492536643033484,0.0,0.0014384450328383427,0.0014492536643033484,0.0,0.0014384450328383427,0.0014492536643033484,152,0.0,0.0,0.0,,0.0,0.0,0.0,0.0,,0.0,0.0,0.0,0.0,,0.0,1.0,,
googlelocal,query4,2,1/4,0.2342591763008386,0.18832582491450012,4081.0,0.0,0.0,0.0,158.0,0.2342591763008386,0.18832582491450012,4081.0,0.0,0.0,158.0,158.0,0.2342591763008386,0.18832582491450012,4081.0,0.0,0.0,158.0,158.0,0.2342591763008386,0.18832582491450012,4081.0,0.0,0.0,158.0,158.0,0.2342591763008386,0.0,0.2342591763008386,0.0,0.2342591763008386,0.0,0.2342591763008386,0.0,0.0,0.0,0.0,0.0,0.0,0.0,0.0,0.0,0.0,0.0,0.0,0.0,0.0,0.0,0.0,0.0,0.0,0.0,0.0,0.0,0.0,0.0,0.0,0.0,0.0,0.0014828089313109365,0.0014928776393710098,0.0,0.0014828089313109365,0.0014928776393710098,0.0,0.0014828089313109365,0.0014928776393710098,0.0,0.0014828089313109365,0.0014928776393710098,158,0.0,0.0,0.0,,0.0,0.0,0.0,0.0,,0.0,0.0,0.0,0.0,,0.0,1.0,,
googlelocal,query4,2,inf,0.1910617370158434,0.15331154293380678,3731.0,0.0,0.0,0.0,128.0,0.1910617370158434,0.15331154293380678,3731.0,0.0,0.0,0.0,128.0,0.18856017726749183,0.15133720287121832,3687.0,0.0,2.0,0.0,128.0,0.18866017726749182,0.15133720287121832,3687.0,0.0,2.0,0.0,128.0,0.1910617370158434,0.0,0.1910617370158434,0.0,0.18856017726749183,0.0,0.18866017726749182,0.0,0.0,0.0,0.0,0.0,0.0,0.0,0.0,0.0,0.0,0.0,0.0,0.0,0.0,0.0,0.0,0.0,0.0,0.0,0.0,0.0,0.0,0.0,0.0,0.0,0.0,0.0014968321923071802,0.0015043748805094197,0.0,0.0014968321923071802,0.0015043748805094197,0.0,0.0014862323628650124,0.0015033148975652027,0.0,0.001486656091678572,0.0015033572704465587,128,0.0,0.0,0.0,,0.0,0.012877960946755862,0.0130929394206446,0.011793084963816702,,0.015625,0.012877960946755862,0.012569548387139529,0.011793084963816702,,0.015625,1.0005303346732546,,
googlelocal,query4,4,1,0.47810578788630664,0.3834379178006202,8111.0,0.0,0.0,0.0,328.0,0.47810578788630664,0.3834379178006202,8111.0,0.0,0.0,0.0,328.0,0.45809330989949404,0.36764319729991257,7759.0,0.0,16.0,0.0,328.0,0.45889330989949406,0.36764319729991257,7759.0,0.0,16.0,0.0,328.0,0.47810578788630664,0.0,0.47810578788630664,0.0,0.45809330989949404,0.0,0.45889330989949406,0.0,0.0,0.0,0.0,0.0,0.0,0.0,0.0,0.0,0.0,0.0,0.0,0.0,0.0,0.0,0.0,0.0,0.0,0.0,0.0,0.0,0.0,0.0,0.0,0.0,0.0,0.001468635355831419,0.0014936155788102207,0.0,0.001468635355831419,0.0014936155788102207,0.0,0.001435178281007787,0.0014902698713278573,0.0,0.0014365157295674576,0.0014904036161838246,328,0.0,0.0,0.0,,0.0,0.04119238021973759,0.04185784504991508,0.0433978547651338,,0.04878048780487805,0.04119238021973759,0.04018457519987462,0.0433978547651338,,0.04878048780487805,1.0017463690971071,,
googlelocal,query4,4,1/16,0.38738439441658556,0.311139750527218,6399.0,0.0,0.0,0.0,265.0,0.38738439441658556,0.311139750527218,6399.0,0.0,0.0,265.0,265.0,0.38738439441658556,0.311139750527218,6399.0,0.0,0.0,265.0,265.0,0.38738439441658556,0.311139750527218,6399.0,0.0,0.0,265.0,265.0,0.38738439441658556,0.0,0.38738439441658556,0.0,0.38738439441658556,0.0,0.38738439441658556,0.0,0.0,0.0,0.0,0.0,0.0,0.0,0.0,0.0,0.0,0.0,0.0,0.0,0.0,0.0,0.0,0.0,0.0,0.0,0.0,0.0,0.0,0.0,0.0,0.0,0.0,0.0014686908970618147,0.001484058353031705,0.0,0.0014686908970618147,0.001484058353031705,0.0,0.0014686908970618147,0.001484058353031705,0.0,0.0014686908970618147,0.001484058353031705,265,0.0,0.0,0.0,,0.0,0.0,0.0,0.0,,0.0,0.0,0.0,0.0,,0.0,1.0,,
googlelocal,query4,4,1/4,0.4337051447946578,0.34758298797532916,7550.0,0.0,0.0,0.0,298.0,0.4337051447946578,0.34758298797532916,7550.0,0.0,0.0,298.0,298.0,0.4337051447946578,0.34758298797532916,7550.0,0.0,0.0,298.0,298.0,0.4337051447946578,0.34758298797532916,7550.0,0.0,0.0,298.0,298.0,0.4337051447946578,0.0,0.4337051447946578,0.0,0.4337051447946578,0.0,0.4337051447946578,0.0,0.0,0.0,0.0,0.0,0.0,0.0,0.0,0.0,0.0,0.0,0.0,0.0,0.0,0.0,0.0,0.0,0.0,0.0,0.0,0.0,0.0,0.0,0.0,0.0,0.0,0.0014611940719681767,0.001483438318014244,0.0,0.0014611940719681767,0.001483438318014244,0.0,0.0014611940719681767,0.001483438318014244,0.0,0.0014611940719681767,0.001483438318014244,298,0.0,0.0,0.0,,0.0,0.0,0.0,0.0,,0.0,0.0,0.0,0.0,,0.0,1.0,,
googlelocal,query4,4,inf,0.40369165642187,0.32394993281923234,6685.0,0.0,0.0,0.0,277.0,0.40369165642187,0.32394993281923234,6685.0,0.0,0.0,0.0,277.0,0.3924346375542879,0.3150654025375843,6487.0,0.0,9.0,0.0,277.0,0.39288463755428793,0.3150654025375843,6487.0,0.0,9.0,0.0,277.0,0.40369165642187,0.0,0.40369165642187,0.0,0.3924346375542879,0.0,0.39288463755428793,0.0,0.0,0.0,0.0,0.0,0.0,0.0,0.0,0.0,0.0,0.0,0.0,0.0,0.0,0.0,0.0,0.0,0.0,0.0,0.0,0.0,0.0,0.0,0.0,0.0,0.0,0.0014651015265593054,0.001483196411690851,0.0,0.0014651015265593054,0.001483196411690851,0.0,0.0014481990958272002,0.0014815061686176405,0.0,0.0014488747715028756,0.001481573736185208,277,0.0,0.0,0.0,,0.0,0.02742562779479174,0.027885190809636473,0.029618548990276716,,0.032490974729241874,0.02742562779479174,0.026770478645435247,0.029618548990276716,,0.032490974729241874,1.001146687771509,,
googlelocal,query4,8,1,0.888062282698229,0.7119121614377946,15630.0,0.0,0.0,0.0,608.0,0.888062282698229,0.7119121614377946,15630.0,0.0,0.0,0.0,608.0,0.8455357669762522,0.6783483803737909,14882.0,0.0,34.0,0.0,608.0,0.8472357669762522,0.6783483803737909,14882.0,0.0,34.0,0.0,608.0,0.888062282698229,0.0,0.888062282698229,0.0,0.8455357669762522,0.0,0.8472357669762522,0.0,0.0,0.0,0.0,0.0,0.0,0.0,0.0,0.0,0.0,0.0,0.0,0.0,0.0,0.0,0.0,0.0,0.0,0.0,0.0,0.0,0.0,0.0,0.0,0.0,0.0,0.0014731971527719816,0.0015317999349683854,0.0,0.0014731971527719816,0.0015317999349683854,0.0,0.0014361893663524523,0.0015280991563264325,0.0,0.0014376686562932806,0.0015282470853205153,608,0.0,0.0,0.0,,0.0,0.04714595828257451,0.04788686171060774,0.047856685860524606,,0.05592105263157895,0.04714595828257451,0.045972581560306924,0.047856685860524606,,0.05592105263157895,1.0020105595368005,,
googlelocal,query4,8,1/16,0.8481639847159386,0.6796492168214172,14509.0,0.0,0.0,0.0,585.0,0.8481639847159386,0.6796492168214172,14509.0,0.0,0.0,585.0,585.0,0.8481639847159386,0.6796492168214172,14509.0,0.0,0.0,585.0,585.0,0.8481639847159386,0.6796492168214172,14509.0,0.0,0.0,585.0,585.0,0.8481639847159386,0.0,0.8481639847159386,0.0,0.8481639847159386,0.0,0.8481639847159386,0.0,0.0,0.0,0.0,0.0,0.0,0.0,0.0,0.0,0.0,0.0,0.0,0.0,0.0,0.0,0.0,0.0,0.0,0.0,0.0,0.0,0.0,0.0,0.0,0.0,0.0,0.0014535682015583752,0.0015086101984492393,0.0,0.0014535682015583752,0.0015086101984492393,0.0,0.0014535682015583752,0.0015086101984492393,0.0,0.0014535682015583752,0.0015086101984492393,585,0.0,0.0,0.0,,0.0,0.0,0.0,0.0,,0.0,0.0,0.0,0.0,,0.0,1.0,,
googlelocal,query4,8,1/4,0.8468191113788635,0.6789475521072745,14820.0,0.0,0.0,0.0,580.0,0.8468191113788635,0.6789475521072745,14820.0,0.0,0.0,580.0,580.0,0.8468191113788635,0.6789475521072745,14820.0,0.0,0.0,580.0,580.0,0.8468191113788635,0.6789475521072745,14820.0,0.0,0.0,580.0,580.0,0.8468191113788635,0.0,0.8468191113788635,0.0,0.8468191113788635,0.0,0.8468191113788635,0.0,0.0,0.0,0.0,0.0,0.0,0.0,0.0,0.0,0.0,0.0,0.0,0.0,0.0,0.0,0.0,0.0,0.0,0.0,0.0,0.0,0.0,0.0,0.0,0.0,0.0,0.0014733212517758964,0.0015249275925696103,0.0,0.0014733212517758964,0.0015249275925696103,0.0,0.0014733212517758964,0.0015249275925696103,0.0,0.0014733212517758964,0.0015249275925696103,580,0.0,0.0,0.0,,0.0,0.0,0.0,0.0,,0.0,0.0,0.0,0.0,,0.0,1.0,,
googlelocal,query4,8,inf,0.8268002578988671,0.6630266315769404,14592.0,0.0,0.0,0.0,564.0,0.8268002578988671,0.6630266315769404,14592.0,0.0,0.0,0.0,564.0,0.7730167233093083,0.6205783202312887,13646.0,0.0,43.0,0.0,564.0,0.7751667233093082,0.6205783202312887,13646.0,0.0,43.0,0.0,564.0,0.8268002578988671,0.0,0.8268002578988671,0.0,0.7730167233093083,0.0,0.7751667233093082,0.0,0.0,0.0,0.0,0.0,0.0,0.0,0.0,0.0,0.0,0.0,0.0,0.0,0.0,0.0,0.0,0.0,0.0,0.0,0.0,0.0,0.0,0.0,0.0,0.0,0.0,0.0014721512616063669,0.001523938874759047,0.0,0.0014721512616063669,0.001523938874759047,0.0,0.0014253879450138577,0.0015198468899151362,0.0,0.0014272571038923623,0.0015200104413170055,564,0.0,0.0,0.0,,0.0,0.06402203067574042,0.0650502150619039,0.06483004385964908,,0.07624113475177305,0.06402203067574042,0.06244982883867778,0.06483004385964908,,0.07624113475177305,1.002781311109022,,
googlelocal,query4,16,inf,1.6997139763552696,1.3642484035808593,29039.0,0.0,0.0,0.0,1162.0,1.6997139763552696,1.3642484035808593,29039.0,0.0,0.0,0.0,1162.0,1.538363372586593,1.236903469543904,26201.0,0.0,129.0,0.0,1162.0,1.5448133725865931,1.236903469543904,26201.0,0.0,129.0,0.0,1162.0,1.6997139763552696,0.0,1.6997139763552696,0.0,1.538363372586593,0.0,1.5448133725865931,0.0,0.0,0.0,0.0,0.0,0.0,0.0,0.0,0.0,0.0,0.0,0.0,0.0,0.0,0.0,0.0,0.0,0.0,0.0,0.0,0.0,0.0,0.0,0.0,0.0,0.0,0.0014647039599740544,0.001576472201074163,0.0,0.0014647039599740544,0.001576472201074163,0.0,0.0014245806842922972,0.0015743854318786318,0.0,0.0014261832483948612,0.001574468765211965,1162,0.0,0.0,0.0,,0.0,0.09334438926422939,0.09492809143963377,0.09773063810737281,,0.11101549053356283,0.09334438926422939,0.09113333532788437,0.09773063810737281,,0.11101549053356283,1.0041927675313507,,
googlelocal,query4,50,inf,5.261033587157726,4.219178156927228,91400.0,0.0,0.0,0.0,3600.0,5.261033587157726,4.219178156927228,91400.0,0.0,0.0,0.0,3600.0,4.260409687817097,3.4294421318918467,73800.0,0.0,800.0,0.0,3600.0,4.300409687817097,3.4294421318918467,73800.0,0.0,800.0,0.0,3600.0,5.261033587157726,0.0,5.261033587157726,0.0,4.260409687817097,0.0,4.300409687817097,0.0,0.0,0.0,0.0,0.0,0.0,0.0,0.0,0.0,0.0,0.0,0.0,0.0,0.0,0.0,0.0,0.0,0.0,0.0,0.0,0.0,0.0,0.0,0.0,0.0,0.0,0.0014238683506846428,0.0016955369501374662,0.0,0.0014238683506846428,0.0016955369501374662,0.0,0.0014238683506846428,0.0016955369501374662,0.0,0.0014238683506846428,0.0016955369501374662,3600,0.0,0.0,0.0,,0.0,0.18717769092986958,0.19019530720791633,0.19256017505470457,,0.2222222222222222,0.18717769092986958,0.1825922384691725,0.19256017505470457,,0.2222222222222222,1.00938876843567,,
music_brainz_20k,query1,1,inf,9.32185358228162,9.00293485657312,21314.0,0.0,0.0,0.0,711.0,9.32185358228162,9.00293485657312,21314.0,0.0,0.0,0.0,711.0,9.32185358228162,9.00293485657312,21314.0,0.0,0.0,0.0,711.0,9.32185358228162,9.00293485657312,21314.0,0.0,0.0,0.0,711.0,0.01298584509640932,0.0,0.01298584509640932,0.0,0.01298584509640932,0.0,0.01298584509640932,0.0,0.0,0.0,0.0,0.0,0.0,0.0,0.0,0.0,0.0,0.0,0.0,0.0,0.0,0.0,0.0,0.0,9.30886773718521,0.0,9.30886773718521,0.0,9.30886773718521,0.0,9.30886773718521,0.0,0.0,0.01319948670413505,0.013266834272850598,0.0,0.01319948670413505,0.013266834272850598,0.0,0.01319948670413505,0.013266834272850598,0.0,0.01319948670413505,0.013266834272850598,711,0.0,0.0,0.0,,0.0,0.0,0.0,0.0,,0.0,0.0,0.0,0.0,,0.0,1.0,,
music_brainz_20k,query1,2,1,18.15841512870975,17.539803363149986,41593.0,0.0,0.0,0.0,1388.0,18.15841512870975,17.539803363149986,41593.0,0.0,0.0,0.0,1388.0,17.13578510989666,16.551083670696244,39263.0,0.0,76.0,0.0,1388.0,17.13958510989666,16.551083670696244,39263.0,0.0,76.0,0.0,1388.0,0.03462892025709152,0.0,0.03462892025709152,0.0,0.03462892025709152,0.0,0.03462892025709152,0.0,0.0,0.0,0.0,0.0,0.0,0.0,0.0,0.0,0.0,0.0,0.0,0.0,0.0,0.0,0.0,0.0,18.123786208452657,0.0,18.123786208452657,0.0,17.101156189639568,0.0,17.10495618963957,0.0,0.0,0.013137068423035374,0.013492877266808834,0.0,0.013137068423035374,0.013492877266808834,0.0,0.0125144434830296,0.013429698204764704,0.0,0.012516727332948036,0.013429926589756547,1388,0.0,0.0,0.0,,0.0,0.05637005569463682,0.05631714065156701,0.05601904166566485,,0.05475504322766571,0.05637005569463682,0.05610787128675365,0.05601904166566485,,0.05475504322766571,1.000221758149722,,
music_brainz_20k,query1,2,1/16,18.049924382241443,17.431315216701478,41346.0,0.0,0.0,0.0,1375.0,18.049924382241443,17.431315216701478,41346.0,0.0,0.0,1375.0,1375.0,18.049924382241443,17.431315216701478,41346.0,0.0,0.0,1375.0,1375.0,18.049924382241443,17.431315216701478,41346.0,0.0,0.0,1375.0,1375.0,0.03462892025709152,0.0,0.03462892025709152,0.0,0.03462892025709152,0.0,0.03462892025709152,0.0,0.0,0.0,0.0,0.0,0.0,0.0,0.0,0.0,0.0,0.0,0.0,0.0,0.0,0.0,0.0,0.0,18.01529546198435,0.0,18.01529546198435,0.0,18.01529546198435,0.0,18.01529546198435,0.0,0.0,0.013186881934575392,0.013567673799634847,0.0,0.013186881934575392,0.013567673799634847,0.0,0.013186881934575392,0.013567673799634847,0.0,0.013186881934575392,0.013567673799634847,1375,0.0,0.0,0.0,,0.0,0.0,0.0,0.0,,0.0,0.0,0.0,0.0,,0.0,1.0,,
music_brainz_20k,query1,2,1/4,18.02475126646459,17.41003215359524,41393.0,0.0,0.0,0.0,1381.0,18.02475126646459,17.41003215359524,41393.0,0.0,0.0,0.0,1381.0,17.18193188328132,16.594603788340464,39468.0,0.0,63.0,0.0,1381.0,17.10549822124645,16.51734044821933,39277.0,0.0,69.0,276.0,1381.0,0.03895753528922796,0.0,0.03895753528922796,0.0,0.03895753528922796,0.0,0.03895753528922796,0.0,0.0,0.0,0.0,0.0,0.0,0.0,0.0,0.0,0.0,0.0,0.0,0.0,0.0,0.0,0.0,0.0,17.985793731175363,0.0,17.985793731175363,0.0,17.14297434799209,0.0,17.06654068595722,0.0,0.0,0.013124772252673965,0.013519837896612177,0.0,0.013124772252673965,0.013519837896612177,0.0,0.012509237420323357,0.013458124999308464,0.0,0.012509642479093277,0.01345791530747694,1381,0.0,0.0,0.0,,0.0,0.04683669496189791,0.04675900214786066,0.04650544778102583,,0.04561911658218682,0.05127455811111559,0.050999485742054596,0.05111975454787043,,0.0499637943519189,0.9955515094254772,,
music_brainz_20k,query1,2,inf,18.086468065157533,17.472047929884866,41429.0,0.0,0.0,0.0,1379.0,18.086468065157533,17.472047929884866,41429.0,0.0,0.0,0.0,1379.0,16.888110247238725,16.313057143241167,38680.0,0.0,90.0,0.0,1379.0,16.892610247238725,16.313057143241167,38680.0,0.0,90.0,0.0,1379.0,0.01731446012854576,0.0,0.01731446012854576,0.0,0.01731446012854576,0.0,0.01731446012854576,0.0,0.0,0.0,0.0,0.0,0.0,0.0,0.0,0.0,0.0,0.0,0.0,0.0,0.0,0.0,0.0,0.0,18.069153605028987,0.0,18.069153605028987,0.0,16.87079578711018,0.0,16.87529578711018,0.0,0.0,0.01316153459404125,0.013496837936454007,0.0,0.01316153459404125,0.013496837936454007,0.0,0.012412711918522886,0.013420803433275869,0.0,0.012415480648164579,0.013421080306240039,1379,0.0,0.0,0.0,,0.0,0.06633399766843107,0.06625714946675354,0.06635448598807603,,0.06526468455402465,0.06633399766843107,0.0660083446706049,0.06635448598807603,,0.06526468455402465,1.0002664596532187,,
music_brainz_20k,query1,4,1,36.37124423100613,35.12817412451841,83108.0,0.0,0.0,0.0,2772.0,36.37124423100613,35.12817412451841,83108.0,0.0,0.0,0.0,2772.0,30.723068015492558,29.66640720050782,70189.0,0.0,423.0,0.0,2772.0,30.74421801549256,29.66640720050782,70189.0,0.0,423.0,0.0,2772.0,0.05194338038563728,0.0,0.05194338038563728,0.0,0.05194338038563728,0.0,0.05194338038563728,0.0,0.0,0.0,0.0,0.0,0.0,0.0,0.0,0.0,0.0,0.0,0.0,0.0,0.0,0.0,0.0,0.0,36.31930085062049,0.0,36.31930085062049,0.0,30.67112463510692,0.0,30.692274635106923,0.0,0.0,0.013123140622250595,0.01372722915587844,0.0,0.013123140622250595,0.01372722915587844,0.0,0.012180110787488402,0.01366436433757328,0.0,0.01218310763291427,0.013664494463756246,2772,0.0,0.0,0.0,,0.0,0.15548109345650396,0.15529235622625626,0.15544833229051358,,0.1525974025974026,0.15548109345650396,0.15471085288626407,0.15544833229051358,,0.1525974025974026,1.0006884078110083,,
music_brainz_20k,query1,4,1/16,36.36086575733498,35.120785570237786,83577.0,0.0,0.0,0.0,2799.0,36.36086575733498,35.120785570237786,83577.0,0.0,0.0,2799.0,2799.0,36.36086575733498,35.120785570237786,83577.0,0.0,0.0,2799.0,2799.0,36.36086575733498,35.120785570237786,83577.0,0.0,0.0,2799.0,2799.0,0.12552983593195677,0.0,0.12552983593195677,0.0,0.12552983593195677,0.0,0.12552983593195677,0.0,0.0,0.0,0.0,0.0,0.0,0.0,0.0,0.0,0.0,0.0,0.0,0.0,0.0,0.0,0.0,0.0,36.23533592140302,0.0,36.23533592140302,0.0,36.23533592140302,0.0,36.23533592140302,0.0,0.0,0.013052860373217198,0.01372361379115665,0.0,0.013052860373217198,0.01372361379115665,0.0,0.013052860373217198,0.01372361379115665,0.0,0.013052860373217198,0.01372361379115665,2799,0.0,0.0,0.0,,0.0,0.0,0.0,0.0,,0.0,0.0,0.0,0.0,,0.0,1.0,,
music_brainz_20k,query1,4,1/4,36.71677541267127,35.463460439117625,83972.0,0.0,0.0,0.0,2806.0,36.71677541267127,35.463460439117625,83972.0,0.0,0.0,0.0,2806.0,33.92854862193376,32.76739193289541,77574.0,0.0,208.0,0.0,2806.0,33.58971671324886,32.42846513632685,76758.0,0.0,234.0,563.0,2806.0,0.07791507057845592,0.0,0.07791507057845592,0.0,0.07791507057845592,0.0,0.07791507057845592,0.0,0.0,0.0,0.0,0.0,0.0,0.0,0.0,0.0,0.0,0.0,0.0,0.0,0.0,0.0,0.0,0.0,36.63886034209281,0.0,36.63886034209281,0.0,33.8506335513553,0.0,33.511801642670406,0.0,0.0,0.013097016461234434,0.013751522708756464,0.0,0.013097016461234434,0.013751522708756464,0.0,0.012606517022658185,0.01370840992798373,0.0,0.012601758596251272,0.01370592199241402,2806,0.0,0.0,0.0,,0.0,0.07602384180333244,0.07593877074987554,0.07619206402134049,,0.07412687099073414,0.08558091244370092,0.08516702962818545,0.0859095889105892,,0.08339272986457591,0.9900133686100014,,
music_brainz_20k,query1,4,inf,36.81305447756313,35.5571011826396,84427.0,0.0,0.0,0.0,2817.0,36.81305447756313,35.5571011826396,84427.0,0.0,0.0,0.0,2817.0,30.8707027982302,29.80998819321394,70794.0,0.0,445.0,0.0,2817.0,30.8929527982302,29.80998819321394,70794.0,0.0,445.0,0.0,2817.0,0.0865723006427288,0.0,0.0865723006427288,0.0,0.0865723006427288,0.0,0.0865723006427288,0.0,0.0,0.0,0.0,0.0,0.0,0.0,0.0,0.0,0.0,0.0,0.0,0.0,0.0,0.0,0.0,0.0,36.7264821769204,0.0,36.7264821769204,0.0,30.784130497587473,0.0,30.806380497587472,0.0,0.0,0.013105131647912653,0.013756897902133153,0.0,0.013105131647912653,0.013756897902133153,0.0,0.012171268674369353,0.013699066867953063,0.0,0.012174240148220383,0.013699189688872238,2817,0.0,0.0,0.0,,0.0,0.16163052662548405,0.1614196855888359,0.1614767787556114,,0.1579694710685126,0.16163052662548405,0.16081528043105253,0.1614767787556114,,0.1579694710685126,1.000720748087448,,
music_brainz_20k,query1,8,1,73.5705109804403,71.06133112148382,168675.0,0.0,0.0,0.0,5626.0,73.5705109804403,71.06133112148382,168675.0,0.0,0.0,0.0,5626.0,53.824495795800686,51.9656804620754,123512.0,0.0,1482.0,0.0,5626.0,53.89859579580069,51.9656804620754,123512.0,0.0,1482.0,0.0,5626.0,0.1731446012854576,0.0,0.1731446012854576,0.0,0.1731446012854576,0.0,0.1731446012854576,0.0,0.0,0.0,0.0,0.0,0.0,0.0,0.0,0.0,0.0,0.0,0.0,0.0,0.0,0.0,0.0,0.0,73.39736637915485,0.0,73.39736637915485,0.0,53.65135119451523,0.0,53.72545119451523,0.0,0.0,0.013076501206854697,0.013875396156306096,0.0,0.013076501206854697,0.013875396156306096,0.0,0.011050507341154935,0.013827195443564517,0.0,0.011057022492670088,0.013827214382958457,5626,0.0,0.0,0.0,,0.0,0.268720700246428,0.2683957868647855,0.2677515933007263,,0.2634198364735158,0.268720700246428,0.2673885898368934,0.2677515933007263,,0.2634198364735158,1.001376696593334,,
music_brainz_20k,query1,8,1/16,72.8283865954727,70.34892590437084,166896.0,0.0,0.0,0.0,5572.0,72.8283865954727,70.34892590437084,166896.0,0.0,0.0,5572.0,5572.0,72.8283865954727,70.34892590437084,166896.0,0.0,0.0,5572.0,5572.0,72.8283865954727,70.34892590437084,166896.0,0.0,0.0,5572.0,5572.0,0.11254399083554745,0.0,0.11254399083554745,0.0,0.11254399083554745,0.0,0.11254399083554745,0.0,0.0,0.0,0.0,0.0,0.0,0.0,0.0,0.0,0.0,0.0,0.0,0.0,0.0,0.0,0.0,0.0,72.71584260463715,0.0,72.71584260463715,0.0,72.71584260463715,0.0,72.71584260463715,0.0,0.0,0.013066260213324823,0.013855625542179572,0.0,0.013066260213324823,0.013855625542179572,0.0,0.013066260213324823,0.013855625542179572,0.0,0.013066260213324823,0.013855625542179572,5572,0.0,0.0,0.0,,0.0,0.0,0.0,0.0,,0.0,0.0,0.0,0.0,,0.0,1.0,,
music_brainz_20k,query1,8,1/4,72.7410496538505,70.26191783463582,166529.0,0.0,0.0,0.0,5561.0,72.7410496538505,70.26191783463582,166529.0,0.0,0.0,0.0,5561.0,65.81444206435197,63.56330420169979,150673.0,0.0,520.0,0.0,5561.0,65.27337810244053,63.01302043884061,149360.0,0.0,562.0,1071.0,5561.0,0.12552983593195677,0.0,0.12552983593195677,0.0,0.12552983593195677,0.0,0.12552983593195677,0.0,0.0,0.0,0.0,0.0,0.0,0.0,0.0,0.0,0.0,0.0,0.0,0.0,0.0,0.0,0.0,0.0,72.61551981791854,0.0,72.61551981791854,0.0,65.68891222842001,0.0,65.14784826650857,0.0,0.0,0.013073634706036228,0.013877025663454157,0.0,0.013073634706036228,0.013877025663454157,0.0,0.012769584428286561,0.013871016576854378,0.0,0.012761344087981874,0.013868471361274164,5561,0.0,0.0,0.0,,0.0,0.09533775677318512,0.0952228160366102,0.09521464729866869,,0.09350836180543068,0.1031696489249806,0.10266103647041158,0.10309915990608243,,0.10106096025894623,0.9917789478275544,,
music_brainz_20k,query1,8,inf,73.2876169278752,70.79078452172689,167784.0,0.0,0.0,0.0,5607.0,73.2876169278752,70.79078452172689,167784.0,0.0,0.0,0.0,5607.0,52.48926977838725,50.67222467553802,120177.0,0.0,1570.0,0.0,5607.0,52.56776977838725,50.67222467553802,120177.0,0.0,1570.0,0.0,5607.0,0.16881598625332117,0.0,0.16881598625332117,0.0,0.16881598625332117,0.0,0.16881598625332117,0.0,0.0,0.0,0.0,0.0,0.0,0.0,0.0,0.0,0.0,0.0,0.0,0.0,0.0,0.0,0.0,0.0,73.11880094162188,0.0,73.11880094162188,0.0,52.32045379213393,0.0,52.39895379213393,0.0,0.0,0.013086142859254146,0.01390181525291665,0.0,0.013086142859254146,0.01390181525291665,0.0,0.011193707895710007,0.013850435114035484,0.0,0.011199653017661229,0.013850435114035484,5607,0.0,0.0,0.0,,0.0,0.2841974415471289,0.28379074148305705,0.28373980832498924,,0.2800071339397182,0.2841974415471289,0.2827196191940454,0.28373980832498924,,0.2800071339397182,1.0014955437622095,,
music_brainz_20k,query1,16,inf,145.59136857884005,140.6282227782067,333313.0,0.0,0.0,0.0,11121.0,145.59136857884005,140.6282227782067,333313.0,0.0,0.0,0.0,11121.0,84.84993015931838,81.87459225999191,194413.0,0.0,4594.0,0.0,11121.0,85.07963015931836,81.87459225999191,194413.0,0.0,4594.0,0.0,11121.0,0.26404551696032286,0.0,0.26404551696032286,0.0,0.26404551696032286,0.0,0.26404551696032286,0.0,0.0,0.0,0.0,0.0,0.0,0.0,0.0,0.0,0.0,0.0,0.0,0.0,0.0,0.0,0.0,0.0,145.32732306187972,0.0,145.32732306187972,0.0,84.58588464235805,0.0,84.81558464235803,0.0,0.0,0.013062174172809233,0.013895773599620168,0.0,0.013062174172809233,0.013895773599620168,0.0,0.008922615423395439,0.013821097022925983,0.0,0.008936302574233428,0.013821097022925983,11121,0.0,0.0,0.0,,0.0,0.4177940199875717,0.41720494155963106,0.4167254202506353,,0.4130923478104487,0.4177940199875717,0.4156272381405194,0.4167254202506353,,0.4130923478104487,1.0027071324580785,,
music_brainz_20k,query1,50,inf,455.3831771481782,439.85773380845785,1042600.0,0.0,0.0,0.0,34800.0,455.3831771481782,439.85773380845785,1042600.0,0.0,0.0,0.0,34800.0,165.697080923766,159.62356715463102,381000.0,0.0,22000.0,0.0,34800.0,166.7970809237659,159.62356715463102,381000.0,0.0,22000.0,0.0,34800.0,0.865723006427288,0.0,0.865723006427288,0.0,0.865723006427288,0.0,0.865723006427288,0.0,0.0,0.0,0.0,0.0,0.0,0.0,0.0,0.0,0.0,0.0,0.0,0.0,0.0,0.0,0.0,0.0,454.51745414175093,0.0,454.51745414175093,0.0,164.8313579173387,0.0,165.9313579173386,0.0,0.0,0.013019658479606733,0.013927420423715375,0.0,0.013019658479606733,0.013927420423715375,0.0,0.003147907237159088,0.01368988985195756,0.0,0.003185407237159088,0.01368988985195756,34800,0.0,0.0,0.0,,0.0,0.6371018288741939,0.6361370177057519,0.6345674275848839,,0.632183908045977,0.6371018288741939,0.6337214695362112,0.6345674275848839,,0.632183908045977,1.0066386202693938,,
music_brainz_20k,query2,1,inf,0.771925091277808,0.737844257382676,3096.0,0.0,0.0,0.0,80.0,0.771925091277808,0.737844257382676,3096.0,0.0,0.0,0.0,80.0,0.771925091277808,0.737844257382676,3096.0,0.0,0.0,0.0,80.0,0.771925091277808,0.737844257382676,3096.0,0.0,0.0,0.0,80.0,0.10723986010998487,0.0,0.10723986010998487,0.0,0.10723986010998487,0.0,0.10723986010998487,0.0,0.0,0.0,0.0,0.0,0.0,0.0,0.0,0.0,0.0,0.0,0.0,0.0,0.0,0.0,0.0,0.0,0.6646852311678231,0.0,0.6646852311678231,0.0,0.6646852311678231,0.0,0.6646852311678231,0.0,0.0,0.010133013165054413,0.010529542417946057,0.0,0.010133013165054413,0.010529542417946057,0.0,0.010133013165054413,0.010529542417946057,0.0,0.010133013165054413,0.010529542417946057,80,0.0,0.0,0.0,,0.0,0.0,0.0,0.0,,0.0,0.0,0.0,0.0,,0.0,1.0,,
music_brainz_20k,query2,2,1,1.814865536056459,1.7372150293085724,6769.0,0.0,0.0,0.0,179.0,1.814865536056459,1.7372150293085724,6769.0,0.0,0.0,0.0,179.0,1.814865536056459,1.7372150293085724,6769.0,0.0,0.0,0.0,179.0,1.8009015700571984,1.7236948302015662,6726.0,0.0,1.0,45.0,179.0,0.22655954957008362,0.0,0.22655954957008362,0.0,0.22655954957008362,0.0,0.22655954957008362,0.0,0.0,0.0,0.0,0.0,0.0,0.0,0.0,0.0,0.0,0.0,0.0,0.0,0.0,0.0,0.0,0.0,1.5883059864863753,0.0,1.5883059864863753,0.0,1.5883059864863753,0.0,1.5743420204871148,0.0,0.0,0.010793776530772448,0.011716039983920104,0.0,0.010793776530772448,0.011716039983920104,0.0,0.010793776530772448,0.011716039983920104,0.0,0.0106924321482201,0.01170590554566487,179,0.0,0.0,0.0,,0.0,0.0,0.0,0.0,,0.0,0.007782686011176931,0.00769421520318414,0.00635248928940757,,0.00558659217877095,0.9923057847968159,,
music_brainz_20k,query2,2,1/16,1.5537146825809032,1.4869502817746252,6615.0,0.0,0.0,0.0,155.0,1.5537146825809032,1.4869502817746252,6615.0,0.0,0.0,155.0,155.0,1.5537146825809032,1.4869502817746252,6615.0,0.0,0.0,155.0,155.0,1.5537146825809032,1.4869502817746252,6615.0,0.0,0.0,155.0,155.0,0.18845298327505589,0.0,0.18845298327505589,0.0,0.18845298327505589,0.0,0.18845298327505589,0.0,0.0,0.0,0.0,0.0,0.0,0.0,0.0,0.0,0.0,0.0,0.0,0.0,0.0,0.0,0.0,0.0,1.3652616993058473,0.0,1.3652616993058473,0.0,1.3652616993058473,0.0,1.3652616993058473,0.0,0.0,0.010511987478971557,0.011248484265284863,0.0,0.010511987478971557,0.011248484265284863,0.0,0.010511987478971557,0.011248484265284863,0.0,0.010511987478971557,0.011248484265284863,155,0.0,0.0,0.0,,0.0,0.0,0.0,0.0,,0.0,0.0,0.0,0.0,,0.0,1.0,,
music_brainz_20k,query2,2,1/4,1.5407525121700019,1.4756611702032387,5936.0,0.0,0.0,0.0,150.0,1.5407525121700019,1.4756611702032387,5936.0,0.0,0.0,150.0,150.0,1.5407525121700019,1.4756611702032387,5936.0,0.0,0.0,150.0,150.0,1.5407525121700019,1.4756611702032387,5936.0,0.0,0.0,150.0,150.0,0.1949484902434051,0.0,0.1949484902434051,0.0,0.1949484902434051,0.0,0.1949484902434051,0.0,0.0,0.0,0.0,0.0,0.0,0.0,0.0,0.0,0.0,0.0,0.0,0.0,0.0,0.0,0.0,0.0,1.3458040219265968,0.0,1.3458040219265968,0.0,1.3458040219265968,0.0,1.3458040219265968,0.0,0.0,0.010803338020233456,0.011414824432655016,0.0,0.010803338020233456,0.011414824432655016,0.0,0.010803338020233456,0.011414824432655016,0.0,0.010803338020233456,0.011414824432655016,150,0.0,0.0,0.0,,0.0,0.0,0.0,0.0,,0.0,0.0,0.0,0.0,,0.0,1.0,,
music_brainz_20k,query2,2,inf,1.618409588234499,1.5472286867443472,5897.0,0.0,0.0,0.0,168.0,1.618409588234499,1.5472286867443472,5897.0,0.0,0.0,0.0,168.0,1.6043956222352385,1.533708487637341,5854.0,0.0,1.0,0.0,168.0,1.6044456222352386,1.533708487637341,5854.0,0.0,1.0,0.0,168.0,0.26014171494171023,0.0,0.26014171494171023,0.0,0.26014171494171023,0.0,0.26014171494171023,0.0,0.0,0.0,0.0,0.0,0.0,0.0,0.0,0.0,0.0,0.0,0.0,0.0,0.0,0.0,0.0,0.0,1.3582678732927889,0.0,1.3582678732927889,0.0,1.3442539072935282,0.0,1.3443039072935283,0.0,0.0,0.009969872275285204,0.010742713397314006,0.0,0.009969872275285204,0.010742713397314006,0.0,0.00985561145181932,0.010731287314967418,0.0,0.00985561145181932,0.010731287314967418,168,0.0,0.0,0.0,,0.0,0.008738332751220601,0.0086590972403644,0.007291843310157753,,0.005952380952380952,0.008738332751220601,0.008628202712573918,0.007291843310157753,,0.005952380952380952,1.0000311643832152,,
music_brainz_20k,query2,4,1,2.596821515355259,2.4818695690482855,10052.0,0.0,0.0,0.0,273.0,2.596821515355259,2.4818695690482855,10052.0,0.0,0.0,0.0,273.0,2.526239099383727,2.4137543418910354,9831.0,0.0,5.0,0.0,273.0,2.526489099383727,2.4137543418910354,9831.0,0.0,5.0,72.0,273.0,0.4039591187611222,0.0,0.4039591187611222,0.0,0.4039591187611222,0.0,0.4039591187611222,0.0,0.0,0.0,0.0,0.0,0.0,0.0,0.0,0.0,0.0,0.0,0.0,0.0,0.0,0.0,0.0,0.0,2.192862396594137,0.0,2.192862396594137,0.0,2.1222799806226047,0.0,2.1225299806226046,0.0,0.0,0.009850629635652757,0.011175472221468027,0.0,0.009850629635652757,0.011175472221468027,0.0,0.009585156019373401,0.011152715280843235,0.0,0.009585669718003538,0.011152766650706247,273,0.0,0.0,0.0,,0.0,0.027445127659698088,0.02718031083544692,0.02198567449263833,,0.018315018315018316,0.027445127659698088,0.027084039297907037,0.02198567449263833,,0.018315018315018316,1.0000989613374525,,
music_brainz_20k,query2,4,1/16,2.7340851156041026,2.6146002397872508,11751.0,0.0,0.0,0.0,282.0,2.7340851156041026,2.6146002397872508,11751.0,0.0,0.0,282.0,282.0,2.7340851156041026,2.6146002397872508,11751.0,0.0,0.0,282.0,282.0,2.7340851156041026,2.6146002397872508,11751.0,0.0,0.0,282.0,282.0,0.38254416547715664,0.0,0.38254416547715664,0.0,0.38254416547715664,0.0,0.38254416547715664,0.0,0.0,0.0,0.0,0.0,0.0,0.0,0.0,0.0,0.0,0.0,0.0,0.0,0.0,0.0,0.0,0.0,2.351540950126946,0.0,2.351540950126946,0.0,2.351540950126946,0.0,2.351540950126946,0.0,0.0,0.00995548883382083,0.010937047095519077,0.0,0.00995548883382083,0.010937047095519077,0.0,0.00995548883382083,0.010937047095519077,0.0,0.00995548883382083,0.010937047095519077,282,0.0,0.0,0.0,,0.0,0.0,0.0,0.0,,0.0,0.0,0.0,0.0,,0.0,1.0,,
music_brainz_20k,query2,4,1/4,2.7717867156025022,2.6500649319496006,10843.0,0.0,0.0,0.0,285.0,2.7717867156025022,2.6500649319496006,10843.0,0.0,0.0,285.0,285.0,2.7717867156025022,2.6500649319496006,10843.0,0.0,0.0,285.0,285.0,2.7717867156025022,2.6500649319496006,10843.0,0.0,0.0,285.0,285.0,0.34690680261701345,0.0,0.34690680261701345,0.0,0.34690680261701345,0.0,0.34690680261701345,0.0,0.0,0.0,0.0,0.0,0.0,0.0,0.0,0.0,0.0,0.0,0.0,0.0,0.0,0.0,0.0,0.0,2.4248799129854888,0.0,2.4248799129854888,0.0,2.4248799129854888,0.0,2.4248799129854888,0.0,0.0,0.00999545677144441,0.011103553109006174,0.0,0.00999545677144441,0.011103553109006174,0.0,0.00999545677144441,0.011103553109006174,0.0,0.00999545677144441,0.011103553109006174,285,0.0,0.0,0.0,,0.0,0.0,0.0,0.0,,0.0,0.0,0.0,0.0,,0.0,1.0,,
music_brainz_20k,query2,4,inf,2.913066105451435,2.787073924439028,11352.0,0.0,0.0,0.0,291.0,2.913066105451435,2.787073924439028,11352.0,0.0,0.0,0.0,291.0,2.739410910485983,2.61988313565962,10781.0,0.0,14.0,0.0,291.0,2.740110910485983,2.61988313565962,10781.0,0.0,14.0,0.0,291.0,0.3599332869052887,0.0,0.3599332869052887,0.0,0.3552145628938079,0.0,0.35531456289380786,0.0,0.0,0.0,0.0,0.0,0.0,0.0,0.0,0.0,0.0,0.0,0.0,0.0,0.0,0.0,0.0,0.0,2.553132818546146,0.0,2.553132818546146,0.0,2.384196347592175,0.0,2.384796347592175,0.0,0.0,0.010701486339242566,0.011653279331153345,0.0,0.010701486339242566,0.011653279331153345,0.0,0.0100846944777575,0.011604614739939595,0.0,0.0100850300482273,0.011604631518463086,291,0.0,0.0,0.0,,0.0,0.05998792759437099,0.059612514333429734,0.0502995066948555,,0.048109965635738834,0.05998792759437099,0.059372217692481466,0.0502995066948555,,0.048109965635738834,1.0002555293903959,,
music_brainz_20k,query2,8,1,5.692646919051185,5.442041126778349,23414.0,0.0,0.0,0.0,591.0,5.692646919051185,5.442041126778349,23414.0,0.0,0.0,0.0,591.0,5.451846567187607,5.209626583848149,22653.0,0.0,17.0,0.0,591.0,5.299092941195742,5.0609043936710805,22180.0,0.0,28.0,200.0,591.0,0.7665408384054899,0.0,0.7665408384054899,0.0,0.7665408384054899,0.0,0.7665408384054899,0.0,0.0,0.0,0.0,0.0,0.0,0.0,0.0,0.0,0.0,0.0,0.0,0.0,0.0,0.0,0.0,0.0,4.926106080645695,0.0,4.926106080645695,0.0,4.685305728782117,0.0,4.532552102790252,0.0,0.0,0.009758873977935527,0.011132175543537381,0.0,0.009758873977935527,0.011132175543537381,0.0,0.009268007904150765,0.011087087044308875,0.0,0.008928757514063166,0.011080176725079478,591,0.0,0.0,0.0,,0.0,0.042707237508105456,0.04230024368061691,0.032501921927052146,,0.028764805414551606,0.07003562160378218,0.06913374102622871,0.05270351072008195,,0.047377326565143825,0.9719813050295242,,
music_brainz_20k,query2,8,1/16,5.859306303784251,5.599636260885745,24309.0,0.0,0.0,0.0,614.0,5.859306303784251,5.599636260885745,24309.0,0.0,0.0,614.0,614.0,5.859306303784251,5.599636260885745,24309.0,0.0,0.0,614.0,614.0,5.859306303784251,5.599636260885745,24309.0,0.0,0.0,614.0,614.0,0.8315076287835836,0.0,0.8315076287835836,0.0,0.8315076287835836,0.0,0.8315076287835836,0.0,0.0,0.0,0.0,0.0,0.0,0.0,0.0,0.0,0.0,0.0,0.0,0.0,0.0,0.0,0.0,0.0,5.027798675000668,0.0,5.027798675000668,0.0,5.027798675000668,0.0,5.027798675000668,0.0,0.0,0.009806271338505037,0.011641150093098341,0.0,0.009806271338505037,0.011641150093098341,0.0,0.009806271338505037,0.011641150093098341,0.0,0.009806271338505037,0.011641150093098341,614,0.0,0.0,0.0,,0.0,0.0,0.0,0.0,,0.0,0.0,0.0,0.0,,0.0,1.0,,
music_brainz_20k,query2,8,1/4,5.774011049186811,5.522742147557437,23392.0,0.0,0.0,0.0,588.0,5.774011049186811,5.522742147557437,23392.0,0.0,0.0,588.0,588.0,5.774011049186811,5.522742147557437,23392.0,0.0,0.0,588.0,588.0,5.774011049186811,5.522742147557437,23392.0,0.0,0.0,588.0,588.0,0.7555902884341776,0.0,0.7555902884341776,0.0,0.7555902884341776,0.0,0.7555902884341776,0.0,0.0,0.0,0.0,0.0,0.0,0.0,0.0,0.0,0.0,0.0,0.0,0.0,0.0,0.0,0.0,0.0,5.018420760752633,0.0,5.018420760752633,0.0,5.018420760752633,0.0,5.018420760752633,0.0,0.0,0.010129455217810453,0.011633050799828884,0.0,0.010129455217810453,0.011633050799828884,0.0,0.010129455217810453,0.011633050799828884,0.0,0.010129455217810453,0.011633050799828884,588,0.0,0.0,0.0,,0.0,0.0,0.0,0.0,,0.0,0.0,0.0,0.0,,0.0,1.0,,
music_brainz_20k,query2,8,inf,5.5958847645670176,5.354549049399793,21973.0,0.0,0.0,0.0,562.0,5.5958847645670176,5.354549049399793,21973.0,0.0,0.0,0.0,562.0,5.080715800749808,4.857956682099029,20314.0,0.0,39.0,0.0,562.0,5.082665800749808,4.857956682099029,20314.0,0.0,39.0,0.0,562.0,0.7354415813460946,0.0,0.7354415813460946,0.0,0.7283634953288733,0.0,0.7285134953288734,0.0,0.0,0.0,0.0,0.0,0.0,0.0,0.0,0.0,0.0,0.0,0.0,0.0,0.0,0.0,0.0,0.0,4.860443183220923,0.0,4.860443183220923,0.0,4.352352305420935,0.0,4.354152305420935,0.0,0.0,0.010587359351156206,0.01210348390786927,0.0,0.010587359351156206,0.01210348390786927,0.0,0.009657444163814333,0.012048539143435948,0.0,0.009657934359892765,0.012048588163043791,562,0.0,0.0,0.0,,0.0,0.09274214555125393,0.09206211090679428,0.07550175215036636,,0.0693950177935943,0.09274214555125393,0.09171364054293918,0.07550175215036636,,0.0693950177935943,1.0003838041875344,,
music_brainz_20k,query2,16,inf,11.904086866881698,11.389124863548204,47304.0,0.0,0.0,0.0,1207.0,11.904086866881698,11.389124863548204,47304.0,0.0,0.0,0.0,1207.0,9.95799618856512,9.514251671964303,40943.0,0.0,152.0,0.0,1207.0,9.96559618856512,9.514251671964303,40943.0,0.0,152.0,0.0,1207.0,1.6717315227724612,0.0,1.6717315227724612,0.0,1.6316223686748743,0.0,1.6324723686748743,0.0,0.0,0.0,0.0,0.0,0.0,0.0,0.0,0.0,0.0,0.0,0.0,0.0,0.0,0.0,0.0,0.0,10.232355344109237,0.0,10.232355344109237,0.0,8.326373819890247,0.0,8.333123819890245,0.0,0.0,0.01026722280301522,0.01158939177943252,0.0,0.01026722280301522,0.01158939177943252,0.0,0.008033619482441886,0.011528274644679074,0.0,0.00803399971057877,0.011528284150382498,1207,0.0,0.0,0.0,,0.0,0.16461960107089368,0.16348088686506368,0.13447065787248436,,0.1259320629660315,0.16461960107089368,0.16284245066369962,0.13447065787248436,,0.1259320629660315,1.0007632057550622,,
music_brainz_20k,query2,50,inf,37.31685499660671,35.69193286821246,149600.0,0.0,0.0,0.0,3800.0,37.31685499660671,35.69193286821246,149600.0,0.0,0.0,0.0,3800.0,22.72849940115214,21.65118223056197,100800.0,0.0,1200.0,0.0,3800.0,22.788499401152134,21.65118223056197,100800.0,0.0,1200.0,0.0,3800.0,4.87474175170064,0.0,4.87474175170064,0.0,4.4028693505525585,0.0,4.412869350552559,0.0,0.0,0.0,0.0,0.0,0.0,0.0,0.0,0.0,0.0,0.0,0.0,0.0,0.0,0.0,0.0,0.0,32.44211324490607,0.0,32.44211324490607,0.0,18.325630050599578,0.0,18.375630050599575,0.0,0.0,0.008830165374092758,0.00933795387391001,0.0,0.008830165374092758,0.00933795387391001,0.0,0.003455925383605063,0.00930323016946204,0.0,0.003455925383605063,0.00930323016946204,3800,0.0,0.0,0.0,,0.0,0.3933872309323797,0.39093207604931113,0.3262032085561497,,0.3157894736842105,0.3933872309323797,0.38932422351175267,0.3262032085561497,,0.3157894736842105,1.0026398575172524,,
music_brainz_20k,query3,1,inf,1.314686892554164,1.2565217735245824,15779.0,0.0,0.0,0.0,141.0,1.314686892554164,1.2565217735245824,15779.0,0.0,0.0,0.0,141.0,1.314686892554164,1.2565217735245824,15779.0,0.0,0.0,0.0,141.0,1.314686892554164,1.2565217735245824,15779.0,0.0,0.0,0.0,141.0,0.30194735317490995,0.0,0.30194735317490995,0.0,0.30194735317490995,0.0,0.30194735317490995,0.0,0.0,0.0,0.0,0.0,0.0,0.0,0.0,0.0,0.0,0.0,0.0,0.0,0.0,0.0,0.0,0.0,1.012739539379254,0.0,1.012739539379254,0.0,1.012739539379254,0.0,1.012739539379254,0.0,0.0,0.009117791637857786,0.012229921827632252,0.0,0.009117791637857786,0.012229921827632252,0.0,0.009117791637857786,0.012229921827632252,0.0,0.009117791637857786,0.012229921827632252,141,0.0,0.0,0.0,,0.0,0.0,0.0,0.0,,0.0,0.0,0.0,0.0,,0.0,1.0,,
music_brainz_20k,query3,2,1,2.105800351127982,2.015552167315036,29300.0,0.0,0.0,0.0,217.0,2.105800351127982,2.015552167315036,29300.0,0.0,0.0,0.0,217.0,2.0921885822182147,2.0026599841658026,29251.0,0.0,2.0,0.0,217.0,2.092288582218215,2.0026599841658026,29251.0,0.0,2.0,0.0,217.0,0.5679146605543792,0.0,0.5679146605543792,0.0,0.5654563995417953,0.0,0.5655063995417953,0.0,0.0,0.0,0.0,0.0,0.0,0.0,0.0,0.0,0.0,0.0,0.0,0.0,0.0,0.0,0.0,0.0,1.537885690573603,0.0,1.537885690573603,0.0,1.5267321826764195,0.0,1.5267821826764196,0.0,0.0,0.008935371893070016,0.011953363696229645,0.0,0.008935371893070016,0.011953363696229645,0.0,0.008861959201749415,0.011946022427097584,0.0,0.008861959201749415,0.011946022427097584,217,0.0,0.0,0.0,,0.0,0.006396352998596644,0.00646394084912949,0.0016723549488054656,,0.009216589861751152,0.006396352998596644,0.0064164529664597625,0.0016723549488054656,,0.009216589861751152,1.0000477968386072,,
music_brainz_20k,query3,2,1/16,2.382847203873098,2.2917204899713397,36713.0,0.0,0.0,0.0,212.0,2.382847203873098,2.2917204899713397,36713.0,0.0,0.0,128.0,212.0,2.382847203873098,2.2917204899713397,36713.0,0.0,0.0,128.0,212.0,2.382847203873098,2.2917204899713397,36713.0,0.0,0.0,138.0,212.0,0.7603282406926155,0.0,0.7603282406926155,0.0,0.7603282406926155,0.0,0.7603282406926155,0.0,0.0,0.0,0.0,0.0,0.0,0.0,0.0,0.0,0.0,0.0,0.0,0.0,0.0,0.0,0.0,0.0,1.6225189631804824,0.0,1.6225189631804824,0.0,1.6225189631804824,0.0,1.6225189631804824,0.0,0.0,0.010807166112774685,0.014136800655758617,0.0,0.010807166112774685,0.014136800655758617,0.0,0.010807166112774685,0.014136800655758617,0.0,0.010807166112774685,0.014136800655758617,212,0.0,0.0,0.0,,0.0,0.0,0.0,0.0,,0.0,0.0,0.0,0.0,,0.0,1.0,,
music_brainz_20k,query3,2,1/4,2.6395506323315203,2.534768721787259,41502.0,0.0,0.0,0.0,243.0,2.6395506323315203,2.534768721787259,41502.0,0.0,0.0,9.0,243.0,2.6347483863802252,2.5305194028187543,41452.0,0.0,2.0,9.0,243.0,2.6348483863802254,2.5305194028187543,41452.0,0.0,2.0,9.0,243.0,0.756783464923501,0.0,0.756783464923501,0.0,0.7519812189722062,0.0,0.7520812189722061,0.0,0.0,0.0,0.0,0.0,0.0,0.0,0.0,0.0,0.0,0.0,0.0,0.0,0.0,0.0,0.0,0.0,1.8827671674080193,0.0,1.8827671674080193,0.0,1.8827671674080193,0.0,1.8827671674080193,0.0,0.0,0.010123221064532117,0.013510360148666222,0.0,0.010123221064532117,0.013510360148666222,0.0,0.010123221064532117,0.013510360148666222,0.0,0.010123221064532117,0.013510360148666222,243,0.0,0.0,0.0,,0.0,0.0016764128939971146,0.0018193422366947765,0.001204761216326955,,0.00823045267489712,0.0016764128939971146,0.0017814570001793983,0.001204761216326955,,0.00823045267489712,1.0000379542883553,,
music_brainz_20k,query3,2,inf,2.5963133834302425,2.495439757127315,55501.0,0.0,0.0,0.0,234.0,2.5963133834302425,2.495439757127315,55501.0,0.0,0.0,0.0,234.0,2.5851598755330594,2.4847243221011013,55475.0,0.0,1.0,0.0,234.0,2.5852098755330593,2.4847243221011013,55475.0,0.0,1.0,0.0,234.0,0.8855388786178082,0.0,0.8855388786178082,0.0,0.8855388786178082,0.0,0.8855388786178082,0.0,0.0,0.0,0.0,0.0,0.0,0.0,0.0,0.0,0.0,0.0,0.0,0.0,0.0,0.0,0.0,0.0,1.7107745048124343,0.0,1.7107745048124343,0.0,1.699620996915251,0.0,1.699670996915251,0.0,0.0,0.010442446202928708,0.013690582913290145,0.0,0.010442446202928708,0.013690582913290145,0.0,0.01037570739263725,0.013683909032260999,0.0,0.01037570739263725,0.013683909032260999,234,0.0,0.0,0.0,,0.0,0.004294006695857444,0.004295902015667763,0.0004684600277472528,,0.004273504273504274,0.004294006695857444,0.004276643939844171,0.0004684600277472528,,0.004273504273504274,1.0000193411635672,,
music_brainz_20k,query3,4,1,5.16204172722064,4.957533031934872,92865.0,0.0,0.0,0.0,482.0,5.16204172722064,4.957533031934872,92865.0,0.0,0.0,0.0,482.0,5.137276450413689,4.933925413759425,92790.0,0.0,3.0,0.0,482.0,5.137426450413689,4.933925413759425,92790.0,0.0,3.0,0.0,482.0,1.6233784295618534,0.0,1.6233784295618534,0.0,1.6209201685492693,0.0,1.6209701685492695,0.0,0.0,0.0,0.0,0.0,0.0,0.0,0.0,0.0,0.0,0.0,0.0,0.0,0.0,0.0,0.0,0.0,3.538663297658786,0.0,3.538663297658786,0.0,3.5163562818644194,0.0,3.5164562818644196,0.0,0.0,0.009962819828270485,0.013856952195105961,0.0,0.009962819828270485,0.013856952195105961,0.0,0.009886875664835378,0.01384935777876245,0.0,0.009886875664835378,0.01384935777876245,482,0.0,0.0,0.0,,0.0,0.004761968911427106,0.004797573928230214,0.0008076239702794474,,0.006224066390041493,0.004761968911427106,0.004768515658668204,0.0008076239702794474,,0.006224066390041493,1.0000291983508085,,
music_brainz_20k,query3,4,1/16,4.922201127978042,4.7286720857955515,110261.0,0.0,0.0,0.0,444.0,4.922201127978042,4.7286720857955515,110261.0,0.0,0.0,257.0,444.0,4.911047620080859,4.717956650769338,110235.0,0.0,1.0,257.0,444.0,4.9110976200808585,4.717956650769338,110235.0,0.0,1.0,280.0,444.0,1.628727886127308,0.0,1.628727886127308,0.0,1.628727886127308,0.0,1.628727886127308,0.0,0.0,0.0,0.0,0.0,0.0,0.0,0.0,0.0,0.0,0.0,0.0,0.0,0.0,0.0,0.0,0.0,3.2934732418507338,0.0,3.2934732418507338,0.0,3.2823197339535506,0.0,3.2823697339535505,0.0,0.0,0.010471725309222904,0.013991780089179876,0.0,0.010471725309222904,0.013991780089179876,0.0,0.010433255776653156,0.0139879331359229,0.0,0.010433255776653156,0.0139879331359229,444,0.0,0.0,0.0,,0.0,0.00226605584650319,0.0022659593964550195,0.0002358041374557196,,0.0022522522522522522,0.00226605584650319,0.002255801339378527,0.0002358041374557196,,0.0022522522522522522,1.0000101811270972,,
music_brainz_20k,query3,4,1/4,5.050398397957906,4.841592350974679,68405.0,0.0,0.0,0.0,500.0,5.050398397957906,4.841592350974679,68405.0,0.0,0.0,14.0,500.0,4.982910933778435,4.777652321616188,68140.0,0.0,10.0,14.0,500.0,4.983410933778435,4.777652321616188,68140.0,0.0,10.0,14.0,500.0,1.4725842589978129,0.0,1.4725842589978129,0.0,1.4608643343042582,0.0,1.4611143343042583,0.0,0.0,0.0,0.0,0.0,0.0,0.0,0.0,0.0,0.0,0.0,0.0,0.0,0.0,0.0,0.0,0.0,3.5778141389600933,0.0,3.5778141389600933,0.0,3.522046599474177,0.0,3.522296599474177,0.0,0.0,0.009533260164012198,0.013212251007991139,0.0,0.009533260164012198,0.013212251007991139,0.0,0.009374686000414727,0.013193665516517569,0.0,0.009374896970878862,0.013193665516517569,500,0.0,0.0,0.0,,0.0,0.013206404984843267,0.013362800092515226,0.00387398581975007,,0.02,0.013206404984843267,0.013263798001867944,0.00387398581975007,,0.02,1.0001003429534754,,
music_brainz_20k,query3,4,inf,4.698377994354814,4.504206848563626,74364.0,0.0,0.0,0.0,454.0,4.698377994354814,4.504206848563626,74364.0,0.0,0.0,0.0,454.0,4.673726993621737,4.480703407665715,74285.0,0.0,3.0,0.0,454.0,4.673876993621737,4.480703407665715,74285.0,0.0,3.0,0.0,454.0,1.2656645122915506,0.0,1.2656645122915506,0.0,1.2633205273528396,0.0,1.2633705273528397,0.0,0.0,0.0,0.0,0.0,0.0,0.0,0.0,0.0,0.0,0.0,0.0,0.0,0.0,0.0,0.0,0.0,3.4327134820632637,0.0,3.4327134820632637,0.0,3.410406466268897,0.0,3.410506466268897,0.0,0.0,0.009749704906945615,0.01307297872917843,0.0,0.009749704906945615,0.01307297872917843,0.0,0.009671048451959255,0.013065113083679794,0.0,0.009671048451959255,0.013065113083679794,454,0.0,0.0,0.0,,0.0,0.005218108689969858,0.005246704450492468,0.0010623419934376876,,0.006607929515418502,0.005218108689969858,0.005214778539001319,0.0010623419934376876,,0.006607929515418502,1.000032094300802,,
music_brainz_20k,query3,8,1,9.170012853806838,8.793595869792625,150776.0,0.0,0.0,0.0,897.0,9.170012853806838,8.793595869792625,150776.0,0.0,0.0,0.0,897.0,9.061804358971939,8.691083468263969,150360.0,0.0,16.0,0.0,897.0,9.062604358971939,8.691083468263969,150360.0,0.0,16.0,0.0,897.0,2.791534287389368,0.0,2.791534287389368,0.0,2.7725538557319345,0.0,2.7729538557319344,0.0,0.0,0.0,0.0,0.0,0.0,0.0,0.0,0.0,0.0,0.0,0.0,0.0,0.0,0.0,0.0,0.0,6.378478566417471,0.0,6.378478566417471,0.0,6.289250503240004,0.0,6.289650503240004,0.0,0.0,0.00951513445169849,0.013945993143268142,0.0,0.00951513445169849,0.013945993143268142,0.0,0.009346095636898939,0.013933892150193318,0.0,0.009346095636898939,0.013933892150193318,897,0.0,0.0,0.0,,0.0,0.011657620278048286,0.011800255524176073,0.0027590597973152775,,0.017837235228539576,0.011657620278048286,0.011713014643192188,0.0027590597973152775,,0.017837235228539576,1.0000882826386788,,
music_brainz_20k,query3,8,1/16,9.503953539766371,9.113225114066154,152018.0,0.0,0.0,0.0,926.0,9.503953539766371,9.113225114066154,152018.0,0.0,0.0,512.0,926.0,9.318122630373686,8.935247909277678,151533.0,0.0,19.0,512.0,926.0,9.319072630373686,8.935247909277678,151533.0,0.0,19.0,567.0,926.0,2.778576431563124,0.0,2.778576431563124,0.0,2.771201648525372,0.0,2.771351648525372,0.0,0.0,0.0,0.0,0.0,0.0,0.0,0.0,0.0,0.0,0.0,0.0,0.0,0.0,0.0,0.0,0.0,6.725377108203247,0.0,6.725377108203247,0.0,6.546920981848315,0.0,6.547720981848315,0.0,0.0,0.009389573575524416,0.013674002756566838,0.0,0.009389573575524416,0.013674002756566838,0.0,0.009146677702052616,0.013651829674643904,0.0,0.009146677702052616,0.013651829674643904,926,0.0,0.0,0.0,,0.0,0.019529552113638715,0.01955301113532726,0.003190411661776915,,0.020518358531317494,0.019529552113638715,0.019453052734223486,0.003190411661776915,,0.020518358531317494,1.0001019518670964,,
music_brainz_20k,query3,8,1/4,9.79436858696863,9.392469389364123,149832.0,0.0,0.0,0.0,947.0,9.79436858696863,9.392469389364123,149832.0,0.0,0.0,32.0,947.0,9.61776338293627,9.22605700744316,149054.0,0.0,30.0,32.0,947.0,9.61926338293627,9.22605700744316,149054.0,0.0,30.0,32.0,947.0,2.7695394190959632,0.0,2.7695394190959632,0.0,2.7267763098298015,0.0,2.727676309829801,0.0,0.0,0.0,0.0,0.0,0.0,0.0,0.0,0.0,0.0,0.0,0.0,0.0,0.0,0.0,0.0,0.0,7.024829167872667,0.0,7.024829167872667,0.0,6.8909870731064675,0.0,6.891587073106468,0.0,0.0,0.009722951464354992,0.014100931235340734,0.0,0.009722951464354992,0.014100931235340734,0.0,0.009537337820367814,0.014085661395546047,0.0,0.009537537820367812,0.014085661395546047,947,0.0,0.0,0.0,,0.0,0.01771763899591794,0.018031300585045762,0.005192482246783037,,0.03167898627243928,0.01771763899591794,0.017878151355804395,0.005192482246783037,,0.03167898627243928,1.0001559614164206,,
music_brainz_20k,query3,8,inf,10.443846682319418,10.016307720448822,174106.0,0.0,0.0,0.0,1002.0,10.443846682319418,10.016307720448822,174106.0,0.0,0.0,0.0,1002.0,10.261118768488913,9.84363757702522,173344.0,0.0,29.0,0.0,1002.0,10.262568768488913,9.84363757702522,173344.0,0.0,29.0,0.0,1002.0,3.0757462410256267,0.0,3.0757462410256267,0.0,3.0380139298585056,0.0,3.038813929858506,0.0,0.0,0.0,0.0,0.0,0.0,0.0,0.0,0.0,0.0,0.0,0.0,0.0,0.0,0.0,0.0,0.0,7.368100441293791,0.0,7.368100441293791,0.0,7.223104838630408,0.0,7.223754838630408,0.0,0.0,0.009738969890167936,0.014144578494975574,0.0,0.009738969890167936,0.014144578494975574,0.0,0.009579100843603909,0.014133487807499477,0.0,0.00957922584360391,0.014133487807499477,1002,0.0,0.0,0.0,,0.0,0.017238901623508163,0.01749622714587029,0.004376644113356254,,0.028942115768463075,0.017238901623508163,0.017357389412599566,0.004376644113356254,,0.028942115768463075,1.000141310127357,,
music_brainz_20k,query3,16,inf,18.17323622945696,17.412543633254245,252777.0,0.0,0.0,0.0,1821.0,18.17323622945696,17.412543633254245,252777.0,0.0,0.0,0.0,1821.0,17.439866313122362,16.719686311436817,249706.0,0.0,117.0,0.0,1821.0,17.44571631312236,16.719686311436817,249706.0,0.0,117.0,0.0,1821.0,5.184765759157017,0.0,5.184765759157017,0.0,5.031378253475949,0.0,5.034628253475949,0.0,0.0,0.0,0.0,0.0,0.0,0.0,0.0,0.0,0.0,0.0,0.0,0.0,0.0,0.0,0.0,0.0,12.988470470299944,0.0,12.988470470299944,0.0,12.408488059646412,0.0,12.411088059646413,0.0,0.0,0.009174152754386452,0.014777068371327471,0.0,0.009174152754386452,0.014777068371327471,0.0,0.008710990515866848,0.014758825745198562,0.0,0.00871141107661451,0.014758825745198562,1821,0.0,0.0,0.0,,0.0,0.039790701255973726,0.040354392969694675,0.012149048370698301,,0.0642504118616145,0.039790701255973726,0.04003249102960349,0.012149048370698301,,0.0642504118616145,1.0003354383511298,,
music_brainz_20k,query3,50,inf,59.483698196709156,57.03563140705228,930200.0,0.0,0.0,0.0,5800.0,59.483698196709156,57.03563140705228,930200.0,0.0,0.0,0.0,5800.0,53.593048859834674,51.48507943376899,904400.0,0.0,1000.0,0.0,5800.0,53.64304885983467,51.48507943376899,904400.0,0.0,1000.0,0.0,5800.0,17.245215270668268,0.0,17.245215270668268,0.0,15.815969092667103,0.0,15.845969092667103,0.0,0.0,0.0,0.0,0.0,0.0,0.0,0.0,0.0,0.0,0.0,0.0,0.0,0.0,0.0,0.0,0.0,42.23848292604089,0.0,42.23848292604089,0.0,37.77707976716757,0.0,37.79707976716757,0.0,0.0,0.009228578303009272,0.01943142625580852,0.0,0.009228578303009272,0.01943142625580852,0.0,0.007736719950723152,0.01943142625580852,0.0,0.007736719950723152,0.01943142625580852,5800,0.0,0.0,0.0,,0.0,0.0973172705614509,0.09902964199358355,0.027735970758976602,,0.1724137931034483,0.0973172705614509,0.09818907556083345,0.027735970758976602,,0.1724137931034483,1.0009329568118202,,
stockindex,query1,1,inf,2.696230452740565,2.606011532014236,39389.0,0.0,0.0,0.0,204.0,2.696230452740565,2.606011532014236,39389.0,0.0,0.0,0.0,204.0,2.696230452740565,2.606011532014236,39389.0,0.0,0.0,0.0,204.0,2.696230452740565,2.606011532014236,39389.0,0.0,0.0,0.0,204.0,0.0,0.0,0.0,0.0,0.0,0.0,0.0,0.0,0.0,0.0,0.0,0.0,0.0,0.0,0.0,0.0,0.0,0.0,0.0,0.0,0.0,0.0,0.0,0.0,2.696230452740565,0.0,2.696230452740565,0.0,2.696230452740565,0.0,2.696230452740565,0.0,0.0,0.013081972067432597,0.013214891790808675,0.0,0.013081972067432597,0.013214891790808675,0.0,0.013081972067432597,0.013214891790808675,0.0,0.013081972067432597,0.013214891790808675,204,0.0,0.0,0.0,,0.0,0.0,0.0,0.0,,0.0,0.0,0.0,0.0,,0.0,1.0,,
stockindex,query1,2,1,5.2182776015251875,5.045971425250173,71265.0,0.0,0.0,0.0,394.0,5.2182776015251875,5.045971425250173,71265.0,0.0,0.0,0.0,394.0,5.179149609300718,5.008170283632353,70482.0,0.0,3.0,0.0,394.0,5.179299609300718,5.008170283632353,70482.0,0.0,3.0,0.0,394.0,0.0,0.0,0.0,0.0,0.0,0.0,0.0,0.0,0.0,0.0,0.0,0.0,0.0,0.0,0.0,0.0,0.0,0.0,0.0,0.0,0.0,0.0,0.0,0.0,5.2182776015251875,0.0,5.2182776015251875,0.0,5.179149609300718,0.0,5.179299609300718,0.0,0.0,0.013027465335394279,0.013378832685317895,0.0,0.013027465335394279,0.013378832685317895,0.0,0.012960235108204468,0.013372109662598913,0.0,0.012960492840163231,0.013372135435794791,394,0.0,0.0,0.0,,0.0,0.00749135070972895,0.007498258086735987,0.010987160597768941,,0.007614213197969543,0.00749135070972895,0.007469512969773273,0.010987160597768941,,0.007614213197969543,1.0000289622836402,,
stockindex,query1,2,1/16,4.918595503317192,4.754911536816508,70302.0,0.0,0.0,0.0,372.0,4.918595503317192,4.754911536816508,70302.0,0.0,0.0,270.0,372.0,4.906445188528374,4.743114651879296,70275.0,0.0,1.0,270.0,372.0,4.906495188528374,4.743114651879296,70275.0,0.0,1.0,270.0,372.0,0.0,0.0,0.0,0.0,0.0,0.0,0.0,0.0,0.0,0.0,0.0,0.0,0.0,0.0,0.0,0.0,0.0,0.0,0.0,0.0,0.0,0.0,0.0,0.0,4.918595503317192,0.0,4.918595503317192,0.0,4.906445188528374,0.0,4.906495188528374,0.0,0.0,0.013095895175560358,0.013348992612598682,0.0,0.013095895175560358,0.013348992612598682,0.0,0.013095895175560358,0.013348992612598682,0.0,0.013095895175560358,0.013348992612598682,372,0.0,0.0,0.0,,0.0,0.0024809893613940703,0.002470281359917448,0.00038405735256463736,,0.002688172043010753,0.0024809893613940703,0.0024601158563776204,0.00038405735256463736,,0.002688172043010753,1.0000101906773802,,
stockindex,query1,2,1/4,4.711683777626604,4.553253852529451,68047.0,0.0,0.0,0.0,360.0,4.711683777626604,4.553253852529451,68047.0,0.0,0.0,0.0,360.0,4.6345303277660905,4.478655788814649,66715.0,0.0,6.0,0.0,360.0,4.634830327766091,4.478655788814649,66715.0,0.0,6.0,0.0,360.0,0.0,0.0,0.0,0.0,0.0,0.0,0.0,0.0,0.0,0.0,0.0,0.0,0.0,0.0,0.0,0.0,0.0,0.0,0.0,0.0,0.0,0.0,0.0,0.0,4.711683777626604,0.0,4.711683777626604,0.0,4.6345303277660905,0.0,4.634830327766091,0.0,0.0,0.012983618421395393,0.01318698146528649,0.0,0.012983618421395393,0.01318698146528649,0.0,0.012843339421649006,0.013172953565311852,0.0,0.01284388487619446,0.013173008110766396,360,0.0,0.0,0.0,,0.0,0.01638346249317091,0.016374921047731528,0.0195747057181066,,0.016666666666666666,0.01638346249317091,0.016311249542138473,0.0195747057181066,,0.016666666666666666,1.0000647314784419,,
stockindex,query1,2,inf,4.8438973787706345,4.681761756539345,72691.0,0.0,0.0,0.0,366.0,4.8438973787706345,4.681761756539345,72691.0,0.0,0.0,0.0,366.0,4.752483461615965,4.593446142505854,70864.0,0.0,7.0,0.0,366.0,4.752833461615965,4.593446142505854,70864.0,0.0,7.0,0.0,366.0,0.0,0.0,0.0,0.0,0.0,0.0,0.0,0.0,0.0,0.0,0.0,0.0,0.0,0.0,0.0,0.0,0.0,0.0,0.0,0.0,0.0,0.0,0.0,0.0,4.8438973787706345,0.0,4.8438973787706345,0.0,4.752483461615965,0.0,4.752833461615965,0.0,0.0,0.013102923274047173,0.013340410610935442,0.0,0.013102923274047173,0.013340410610935442,0.0,0.01293237492114667,0.013323355775645392,0.0,0.012933027906221296,0.013323421074152854,366,0.0,0.0,0.0,,0.0,0.01886375655705541,0.018871976428590287,0.025133785475505932,,0.01912568306010929,0.01886375655705541,0.018799720562573397,0.025133785475505932,,0.01912568306010929,1.0000736457060455,,
stockindex,query1,4,1,9.074739694129676,8.76989209256135,133864.0,0.0,0.0,0.0,691.0,9.074739694129676,8.76989209256135,133864.0,0.0,0.0,0.0,691.0,8.608266619372442,8.319159366888925,124936.0,0.0,36.0,0.0,691.0,8.610066619372443,8.319159366888925,124936.0,0.0,36.0,0.0,691.0,0.0,0.0,0.0,0.0,0.0,0.0,0.0,0.0,0.0,0.0,0.0,0.0,0.0,0.0,0.0,0.0,0.0,0.0,0.0,0.0,0.0,0.0,0.0,0.0,9.074739694129676,0.0,9.074739694129676,0.0,8.608266619372442,0.0,8.610066619372443,0.0,0.0,0.012908963105002546,0.01340533793313887,0.0,0.012908963105002546,0.01340533793313887,0.0,0.012664952500631535,0.013380807293458388,0.0,0.012665868730998028,0.013380898916495037,691,0.0,0.0,0.0,,0.0,0.051395469968750995,0.0514034661577113,0.06669455566843963,,0.05209840810419682,0.051395469968750995,0.05120511336075273,0.06669455566843963,,0.05209840810419682,1.000209101330104,,
stockindex,query1,4,1/16,9.921607585158199,9.589696211507544,141390.0,0.0,0.0,0.0,757.0,9.921607585158199,9.589696211507544,141390.0,0.0,0.0,535.0,757.0,9.872253658339307,9.54175544041209,141282.0,0.0,4.0,535.0,757.0,9.872453658339307,9.54175544041209,141282.0,0.0,4.0,535.0,757.0,0.0,0.0,0.0,0.0,0.0,0.0,0.0,0.0,0.0,0.0,0.0,0.0,0.0,0.0,0.0,0.0,0.0,0.0,0.0,0.0,0.0,0.0,0.0,0.0,9.921607585158199,0.0,9.921607585158199,0.0,9.872253658339307,0.0,9.872453658339307,0.0,0.0,0.012859056359882083,0.0133670661931828,0.0,0.012859056359882083,0.0133670661931828,0.0,0.012828121869794191,0.01336397274417401,0.0,0.012828243524295407,0.013363984909624132,757,0.0,0.0,0.0,,0.0,0.00499919601602461,0.0049743881115315025,0.0007638446849140834,,0.005284015852047556,0.00499919601602461,0.004954230087916622,0.0007638446849140834,,0.005284015852047556,1.0000202587987426,,
stockindex,query1,4,1/4,9.047891459427774,8.744305881438777,132499.0,0.0,0.0,0.0,689.0,9.047891459427774,8.744305881438777,132499.0,0.0,0.0,0.0,689.0,8.559025693951398,8.271798873553053,123751.0,0.0,38.0,0.0,689.0,8.560925693951399,8.271798873553053,123751.0,0.0,38.0,0.0,689.0,0.0,0.0,0.0,0.0,0.0,0.0,0.0,0.0,0.0,0.0,0.0,0.0,0.0,0.0,0.0,0.0,0.0,0.0,0.0,0.0,0.0,0.0,0.0,0.0,9.047891459427774,0.0,9.047891459427774,0.0,8.559025693951398,0.0,8.560925693951399,0.0,0.0,0.012938120862296879,0.013415043950014175,0.0,0.012938120862296879,0.013415043950014175,0.0,0.012680156554836624,0.013390915764946927,0.0,0.012681133117336624,0.01339100691078026,689,0.0,0.0,0.0,,0.0,0.05403596515175635,0.05403090517481668,0.06602313979728147,,0.055152394775036286,0.05403596515175635,0.05382091149744772,0.06602313979728147,,0.055152394775036286,1.0002219878836611,,
stockindex,query1,4,inf,9.608865595189855,9.284950754139572,144199.0,0.0,0.0,0.0,733.0,9.608865595189855,9.284950754139572,144199.0,0.0,0.0,0.0,733.0,9.168832167694642,8.85981140122749,135793.0,0.0,34.0,0.0,733.0,9.170532167694644,8.85981140122749,135793.0,0.0,34.0,0.0,733.0,0.0,0.0,0.0,0.0,0.0,0.0,0.0,0.0,0.0,0.0,0.0,0.0,0.0,0.0,0.0,0.0,0.0,0.0,0.0,0.0,0.0,0.0,0.0,0.0,9.608865595189855,0.0,9.608865595189855,0.0,9.168832167694642,0.0,9.170532167694644,0.0,0.0,0.0129082899398531,0.013314692614430832,0.0,0.0129082899398531,0.013314692614430832,0.0,0.012741590091685217,0.013298196480771496,0.0,0.012742183915913247,0.013298255863194297,733,0.0,0.0,0.0,,0.0,0.04578800299210428,0.04579452414398333,0.058294440322054886,,0.04638472032742155,0.04578800299210428,0.04561760419613303,0.058294440322054886,,0.04638472032742155,1.0001854107446737,,
stockindex,query1,8,1,19.569779250072315,18.913629334419966,290939.0,0.0,0.0,0.0,1484.0,19.569779250072315,18.913629334419966,290939.0,0.0,0.0,0.0,1484.0,17.147793160526305,16.57282144483179,247253.0,0.0,188.0,0.0,1484.0,17.157193160526305,16.57282144483179,247253.0,0.0,188.0,0.0,1484.0,0.0,0.0,0.0,0.0,0.0,0.0,0.0,0.0,0.0,0.0,0.0,0.0,0.0,0.0,0.0,0.0,0.0,0.0,0.0,0.0,0.0,0.0,0.0,0.0,19.569779250072315,0.0,19.569779250072315,0.0,17.147793160526305,0.0,17.157193160526305,0.0,0.0,0.012804961190027558,0.01375633804962972,0.0,0.012804961190027558,0.01375633804962972,0.0,0.01244867378728583,0.013742813083240695,0.0,0.012449931040670745,0.013742851767960229,1484,0.0,0.0,0.0,,0.0,0.12376302021147567,0.12376154368409953,0.15015518716981913,,0.12668463611859837,0.12376302021147567,0.12328121123477132,0.15015518716981913,,0.12668463611859837,1.000548175494771,,
stockindex,query1,8,1/16,19.004677078919485,18.37159934756346,274866.0,0.0,0.0,0.0,1435.0,19.004677078919485,18.37159934756346,274866.0,0.0,0.0,1054.0,1435.0,18.88267215258889,18.25312834396027,274596.0,0.0,10.0,1054.0,1435.0,18.883172152588887,18.25312834396027,274596.0,0.0,10.0,1054.0,1435.0,0.0,0.0,0.0,0.0,0.0,0.0,0.0,0.0,0.0,0.0,0.0,0.0,0.0,0.0,0.0,0.0,0.0,0.0,0.0,0.0,0.0,0.0,0.0,0.0,19.004677078919485,0.0,19.004677078919485,0.0,18.88267215258889,0.0,18.883172152588887,0.0,0.0,0.012790898602075114,0.013849001751446495,0.0,0.012790898602075114,0.013849001751446495,0.0,0.012705173169245312,0.013840429208163516,0.0,0.012705523870648118,0.013840464278303797,1435,0.0,0.0,0.0,,0.0,0.00644859499501893,0.006419731617851476,0.0009822968282726663,,0.006968641114982578,0.00644859499501893,0.006393422304732277,0.0009822968282726663,,0.006968641114982578,1.0000264793031388,,
stockindex,query1,8,1/4,19.04967476380989,18.418609735323116,268798.0,0.0,0.0,0.0,1437.0,19.04967476380989,18.418609735323116,268798.0,0.0,0.0,0.0,1437.0,17.569692128752543,16.988078331574798,242761.0,0.0,115.0,0.0,1437.0,17.575442128752545,16.988078331574798,242761.0,0.0,115.0,0.0,1437.0,0.0,0.0,0.0,0.0,0.0,0.0,0.0,0.0,0.0,0.0,0.0,0.0,0.0,0.0,0.0,0.0,0.0,0.0,0.0,0.0,0.0,0.0,0.0,0.0,19.04967476380989,0.0,19.04967476380989,0.0,17.569692128752543,0.0,17.575442128752545,0.0,0.0,0.012866018174139604,0.013903196561724356,0.0,0.012866018174139604,0.013903196561724356,0.0,0.012617589218808655,0.01388457878974602,0.0,0.012618469845031748,0.0138846423905288,1437,0.0,0.0,0.0,,0.0,0.07766771891609459,0.077690703563558,0.09686456000416666,,0.08002783576896312,0.07766771891609459,0.07738886113993171,0.09686456000416666,,0.08002783576896312,1.0003272681136282,,
stockindex,query1,8,inf,19.118308608885854,18.480160285020247,275180.0,0.0,0.0,0.0,1448.0,19.118308608885854,18.480160285020247,275180.0,0.0,0.0,0.0,1448.0,17.160010613868906,16.587200585985556,240656.0,0.0,152.0,0.0,1448.0,17.167610613868906,16.587200585985556,240656.0,0.0,152.0,0.0,1448.0,0.0,0.0,0.0,0.0,0.0,0.0,0.0,0.0,0.0,0.0,0.0,0.0,0.0,0.0,0.0,0.0,0.0,0.0,0.0,0.0,0.0,0.0,0.0,0.0,19.118308608885854,0.0,19.118308608885854,0.0,17.160010613868906,0.0,17.167610613868906,0.0,0.0,0.012810586025904623,0.013797201251189885,0.0,0.012810586025904623,0.013797201251189885,0.0,0.012612975159587751,0.013788886233739093,0.0,0.01261364309851905,0.013788905317708558,1448,0.0,0.0,0.0,,0.0,0.10243199570996675,0.10243050444884894,0.1254596991060397,,0.10497237569060773,0.10243199570996675,0.10203297974331782,0.1254596991060397,,0.10497237569060773,1.0004428901689524,,
stockindex,query1,16,inf,38.56988961645402,37.27997174113989,569481.0,0.0,0.0,0.0,2920.0,38.56988961645402,37.27997174113989,569481.0,0.0,0.0,0.0,2920.0,31.097468844063954,30.058443885529414,433779.0,0.0,580.0,0.0,2920.0,31.126468844063954,30.058443885529414,433779.0,0.0,580.0,0.0,2920.0,0.0,0.0,0.0,0.0,0.0,0.0,0.0,0.0,0.0,0.0,0.0,0.0,0.0,0.0,0.0,0.0,0.0,0.0,0.0,0.0,0.0,0.0,0.0,0.0,38.56988961645402,0.0,38.56988961645402,0.0,31.097468844063954,0.0,31.126468844063954,0.0,0.0,0.012765793525219216,0.014151237946027354,0.0,0.012765793525219216,0.014151237946027354,0.0,0.01228534886859951,0.014138213389569339,0.0,0.01228700141097239,0.014138243050586285,2920,0.0,0.0,0.0,,0.0,0.19371065798425058,0.1937371573187575,0.23829065412191097,,0.19863013698630136,0.19371065798425058,0.1929852754676975,0.23829065412191097,,0.19863013698630136,1.000932551782443,,
stockindex,query1,50,inf,118.81659380160272,114.85020411200821,1724000.0,0.0,0.0,0.0,9000.0,118.81659380160272,114.85020411200821,1724000.0,0.0,0.0,0.0,9000.0,75.16192127394676,72.6502965670079,977000.0,0.0,3400.0,0.0,9000.0,75.33192127394675,72.6502965670079,977000.0,0.0,3400.0,0.0,9000.0,0.0,0.0,0.0,0.0,0.0,0.0,0.0,0.0,0.0,0.0,0.0,0.0,0.0,0.0,0.0,0.0,0.0,0.0,0.0,0.0,0.0,0.0,0.0,0.0,118.81659380160272,0.0,118.81659380160272,0.0,75.16192127394676,0.0,75.33192127394675,0.0,0.0,0.012700452352873981,0.014659154787659645,0.0,0.012700452352873981,0.014659154787659645,0.0,0.00838825493476043,0.014647878993613025,0.0,0.008404921601427098,0.014647878993613025,9000,0.0,0.0,0.0,,0.0,0.3674343277948784,0.36741225388559406,0.4332946635730859,,0.37777777777777777,0.3674343277948784,0.365981477303294,0.4332946635730859,,0.37777777777777777,1.0022617835882663,,
stockindex,query2,1,inf,3.238939778180793,3.1322486631106585,45286.0,0.0,0.0,0.0,242.0,3.238939778180793,3.1322486631106585,45286.0,0.0,0.0,0.0,242.0,3.238939778180793,3.1322486631106585,45286.0,0.0,0.0,0.0,242.0,3.238939778180793,3.1322486631106585,45286.0,0.0,0.0,0.0,242.0,0.0,0.0,0.0,0.0,0.0,0.0,0.0,0.0,0.0,0.0,0.0,0.0,0.0,0.0,0.0,0.0,0.0,0.0,0.0,0.0,0.0,0.0,0.0,0.0,3.238939778180793,0.0,3.238939778180793,0.0,3.238939778180793,0.0,3.238939778180793,0.0,0.0,0.01346260432377289,0.013489043303107951,0.0,0.01346260432377289,0.013489043303107951,0.0,0.01346260432377289,0.013489043303107951,0.0,0.01346260432377289,0.013489043303107951,242,0.0,0.0,0.0,,0.0,0.0,0.0,0.0,,0.0,0.0,0.0,0.0,,0.0,1.0,,
stockindex,query2,2,1,6.4676435654982924,6.252959234872833,91053.0,0.0,0.0,0.0,486.0,6.4676435654982924,6.252959234872833,91053.0,0.0,0.0,0.0,486.0,6.310094178922251,6.1007381160743535,87921.0,0.0,12.0,0.0,486.0,6.310694178922251,6.1007381160743535,87921.0,0.0,12.0,0.0,486.0,0.0,0.0,0.0,0.0,0.0,0.0,0.0,0.0,0.0,0.0,0.0,0.0,0.0,0.0,0.0,0.0,0.0,0.0,0.0,0.0,0.0,0.0,0.0,0.0,6.4676435654982924,0.0,6.4676435654982924,0.0,6.310094178922251,0.0,6.310694178922251,0.0,0.0,0.013332475857393932,0.013453256887426965,0.0,0.013332475857393932,0.013453256887426965,0.0,0.013129448297373258,0.013432954131424897,0.0,0.013130221493249548,0.013433031451012526,486,0.0,0.0,0.0,,0.0,0.0243438527392823,0.024359627270817863,0.03439754868043887,,0.024691358024691357,0.0243438527392823,0.024266857780055995,0.03439754868043887,,0.024691358024691357,1.0000950857440456,,
stockindex,query2,2,1/16,6.206400729948655,6.0016022676136345,88506.0,0.0,0.0,0.0,464.0,6.206400729948655,6.0016022676136345,88506.0,0.0,0.0,464.0,464.0,6.206400729948655,6.0016022676136345,88506.0,0.0,0.0,464.0,464.0,6.206400729948655,6.0016022676136345,88506.0,0.0,0.0,464.0,464.0,0.0,0.0,0.0,0.0,0.0,0.0,0.0,0.0,0.0,0.0,0.0,0.0,0.0,0.0,0.0,0.0,0.0,0.0,0.0,0.0,0.0,0.0,0.0,0.0,6.206400729948655,0.0,6.206400729948655,0.0,6.206400729948655,0.0,6.206400729948655,0.0,0.0,0.013433584795517086,0.013591199384471009,0.0,0.013433584795517086,0.013591199384471009,0.0,0.013433584795517086,0.013591199384471009,0.0,0.013433584795517086,0.013591199384471009,464,0.0,0.0,0.0,,0.0,0.0,0.0,0.0,,0.0,0.0,0.0,0.0,,0.0,1.0,,
stockindex,query2,2,1/4,6.294012448051944,6.085492522455752,88989.0,0.0,0.0,0.0,474.0,6.294012448051944,6.085492522455752,88989.0,0.0,0.0,0.0,474.0,6.1233051287701725,5.920558072859421,85596.0,0.0,13.0,0.0,474.0,6.123955128770173,5.920558072859421,85596.0,0.0,13.0,0.0,474.0,0.0,0.0,0.0,0.0,0.0,0.0,0.0,0.0,0.0,0.0,0.0,0.0,0.0,0.0,0.0,0.0,0.0,0.0,0.0,0.0,0.0,0.0,0.0,0.0,6.294012448051944,0.0,6.294012448051944,0.0,6.1233051287701725,0.0,6.123955128770173,0.0,0.0,0.013343363731285562,0.013455189890090886,0.0,0.013343363731285562,0.013455189890090886,0.0,0.013114533544580776,0.013432306871420408,0.0,0.013115404858253696,0.0134323940027877,474,0.0,0.0,0.0,,0.0,0.027102892491891906,0.027122176940499565,0.03812830799312272,,0.027426160337552744,0.027102892491891906,0.02701890418637576,0.03812830799312272,,0.027426160337552744,1.0001061518226402,,
stockindex,query2,2,inf,6.088301134761423,5.887619176181033,86682.0,0.0,0.0,0.0,456.0,6.088301134761423,5.887619176181033,86682.0,0.0,0.0,0.0,456.0,5.917927562142014,5.723032739479095,83289.0,0.0,13.0,0.0,456.0,5.918577562142015,5.723032739479095,83289.0,0.0,13.0,0.0,456.0,0.0,0.0,0.0,0.0,0.0,0.0,0.0,0.0,0.0,0.0,0.0,0.0,0.0,0.0,0.0,0.0,0.0,0.0,0.0,0.0,0.0,0.0,0.0,0.0,6.088301134761423,0.0,6.088301134761423,0.0,5.917927562142014,0.0,5.918577562142015,0.0,0.0,0.013447229539182174,0.013573823633678045,0.0,0.013447229539182174,0.013573823633678045,0.0,0.013204532142288433,0.01354955389398867,0.0,0.013205458068214356,0.013549646486581265,456,0.0,0.0,0.0,,0.0,0.02795466754503928,0.02798376244017453,0.03914307468678624,,0.02850877192982456,0.02795466754503928,0.02787700030971929,0.03914307468678624,,0.02850877192982456,1.0001098357479328,,
stockindex,query2,4,1,12.768417956540361,12.344531710259616,181540.0,0.0,0.0,0.0,960.0,12.768417956540361,12.344531710259616,181540.0,0.0,0.0,0.0,960.0,11.537242674389034,11.1550600330811,157006.0,0.0,94.0,0.0,960.0,11.541942674389034,11.1550600330811,157006.0,0.0,94.0,0.0,960.0,0.0,0.0,0.0,0.0,0.0,0.0,0.0,0.0,0.0,0.0,0.0,0.0,0.0,0.0,0.0,0.0,0.0,0.0,0.0,0.0,0.0,0.0,0.0,0.0,12.768417956540361,0.0,12.768417956540361,0.0,11.537242674389034,0.0,11.541942674389034,0.0,0.0,0.013304719860489964,0.01359985571260764,0.0,0.013304719860489964,0.01359985571260764,0.0,0.012375392821453978,0.013506832483601235,0.0,0.012378926852867593,0.013507185886742596,960,0.0,0.0,0.0,,0.0,0.0963561603709876,0.09642347911400273,0.1351437699680511,,0.09791666666666667,0.0963561603709876,0.09605538339407904,0.1351437699680511,,0.09791666666666667,1.0004073763664894,,
stockindex,query2,4,1/16,12.904238879680634,12.47705010487698,184411.0,0.0,0.0,0.0,968.0,12.904238879680634,12.47705010487698,184411.0,0.0,0.0,968.0,968.0,12.904238879680634,12.47705010487698,184411.0,0.0,0.0,968.0,968.0,12.904238879680634,12.47705010487698,184411.0,0.0,0.0,968.0,968.0,0.0,0.0,0.0,0.0,0.0,0.0,0.0,0.0,0.0,0.0,0.0,0.0,0.0,0.0,0.0,0.0,0.0,0.0,0.0,0.0,0.0,0.0,0.0,0.0,12.904238879680634,0.0,12.904238879680634,0.0,12.904238879680634,0.0,12.904238879680634,0.0,0.0,0.013354904034973256,0.013680226212537882,0.0,0.013354904034973256,0.013680226212537882,0.0,0.013354904034973256,0.013680226212537882,0.0,0.013354904034973256,0.013680226212537882,968,0.0,0.0,0.0,,0.0,0.0,0.0,0.0,,0.0,0.0,0.0,0.0,,0.0,1.0,,
stockindex,query2,4,1/4,11.972868693294004,11.573955896077678,178924.0,0.0,0.0,0.0,898.0,11.972868693294004,11.573955896077678,178924.0,0.0,0.0,0.0,898.0,10.685752322175578,10.330367947230116,153346.0,0.0,98.0,0.0,898.0,10.690652322175577,10.330367947230116,153346.0,0.0,98.0,0.0,898.0,0.0,0.0,0.0,0.0,0.0,0.0,0.0,0.0,0.0,0.0,0.0,0.0,0.0,0.0,0.0,0.0,0.0,0.0,0.0,0.0,0.0,0.0,0.0,0.0,11.972868693294004,0.0,11.972868693294004,0.0,10.685752322175578,0.0,10.690652322175577,0.0,0.0,0.013309558977741304,0.01361548854255312,0.0,0.013309558977741304,0.01361548854255312,0.0,0.012265124229746245,0.01350985271644967,0.0,0.012269088781985052,0.013510253835852654,898,0.0,0.0,0.0,,0.0,0.10744709587747814,0.10750275511159146,0.14295455053542283,,0.1091314031180401,0.10744709587747814,0.10709349646811006,0.14295455053542283,,0.1091314031180401,1.0004585545174793,,
stockindex,query2,4,inf,12.434220030903816,12.01975947828032,181956.0,0.0,0.0,0.0,937.0,12.434220030903816,12.01975947828032,181956.0,0.0,0.0,0.0,937.0,11.228836399229392,10.855222693411633,157944.0,0.0,92.0,0.0,937.0,11.233436399229392,10.855222693411633,157944.0,0.0,92.0,0.0,937.0,0.0,0.0,0.0,0.0,0.0,0.0,0.0,0.0,0.0,0.0,0.0,0.0,0.0,0.0,0.0,0.0,0.0,0.0,0.0,0.0,0.0,0.0,0.0,0.0,12.434220030903816,0.0,12.434220030903816,0.0,11.228836399229392,0.0,11.233436399229392,0.0,0.0,0.013266666031582452,0.01358588409288991,0.0,0.013266666031582452,0.01358588409288991,0.0,0.012363108083288502,0.013496699972490095,0.0,0.01236654214922257,0.013497038800328922,937,0.0,0.0,0.0,,0.0,0.09688519865751077,0.09694083172716761,0.1319659697948955,,0.09818569903948772,0.09688519865751077,0.09657088492000421,0.1319659697948955,,0.09818569903948772,1.0004096595440928,,
stockindex,query2,8,1,25.314715232234448,24.4735164931044,360900.0,0.0,0.0,0.0,1907.0,25.314715232234448,24.4735164931044,360900.0,0.0,0.0,0.0,1907.0,20.62503532060407,19.942728688707575,267462.0,0.0,358.0,0.0,1907.0,20.64293532060407,19.942728688707575,267462.0,0.0,358.0,0.0,1907.0,0.0,0.0,0.0,0.0,0.0,0.0,0.0,0.0,0.0,0.0,0.0,0.0,0.0,0.0,0.0,0.0,0.0,0.0,0.0,0.0,0.0,0.0,0.0,0.0,25.314715232234448,0.0,25.314715232234448,0.0,20.62503532060407,0.0,20.64293532060407,0.0,0.0,0.013188126606090192,0.013863552701377185,0.0,0.013188126606090192,0.013863552701377185,0.0,0.0112812306226927,0.013665847347187279,0.0,0.01128841727119406,0.013666589853999267,1907,0.0,0.0,0.0,,0.0,0.1851302327425406,0.18525509248702832,0.2589027431421447,,0.18772941793392764,0.1851302327425406,0.18454799387518195,0.2589027431421447,,0.18772941793392764,1.0008678773016266,,
stockindex,query2,8,1/16,24.600994110107422,23.787391618127003,354394.0,0.0,0.0,0.0,1845.0,24.600994110107422,23.787391618127003,354394.0,0.0,0.0,1845.0,1845.0,24.600994110107422,23.787391618127003,354394.0,0.0,0.0,1845.0,1845.0,24.600994110107422,23.787391618127003,354394.0,0.0,0.0,1845.0,1845.0,0.0,0.0,0.0,0.0,0.0,0.0,0.0,0.0,0.0,0.0,0.0,0.0,0.0,0.0,0.0,0.0,0.0,0.0,0.0,0.0,0.0,0.0,0.0,0.0,24.600994110107422,0.0,24.600994110107422,0.0,24.600994110107422,0.0,24.600994110107422,0.0,0.0,0.013215091960571175,0.013934499543509445,0.0,0.013215091960571175,0.013934499543509445,0.0,0.013215091960571175,0.013934499543509445,0.0,0.013215091960571175,0.013934499543509445,1845,0.0,0.0,0.0,,0.0,0.0,0.0,0.0,,0.0,0.0,0.0,0.0,,0.0,1.0,,
stockindex,query2,8,1/4,24.965422212611884,24.13755621598102,359636.0,0.0,0.0,0.0,1877.0,24.965422212611884,24.13755621598102,359636.0,0.0,0.0,0.0,1877.0,20.93610747419238,20.244570738403127,279509.0,0.0,307.0,0.0,1877.0,20.95145747419238,20.244570738403127,279509.0,0.0,307.0,0.0,1877.0,0.0,0.0,0.0,0.0,0.0,0.0,0.0,0.0,0.0,0.0,0.0,0.0,0.0,0.0,0.0,0.0,0.0,0.0,0.0,0.0,0.0,0.0,0.0,0.0,24.965422212611884,0.0,24.965422212611884,0.0,20.93610747419238,0.0,20.95145747419238,0.0,0.0,0.013165323673741021,0.013851416946986843,0.0,0.013165323673741021,0.013851416946986843,0.0,0.011158772156794146,0.01363821443899155,0.0,0.011166365776766406,0.013639022344678097,1877,0.0,0.0,0.0,,0.0,0.16128333136725836,0.16139581794791358,0.22280027583445483,,0.1635588705380927,0.16128333136725836,0.16078096754124804,0.22280027583445483,,0.1635588705380927,1.000733183091409,,
stockindex,query2,8,inf,25.341631739167497,24.502193931723014,361890.0,0.0,0.0,0.0,1903.0,25.341631739167497,24.502193931723014,361890.0,0.0,0.0,0.0,1903.0,20.79042950506188,20.105089181568474,271323.0,0.0,347.0,0.0,1903.0,20.80777950506188,20.105089181568474,271323.0,0.0,347.0,0.0,1903.0,0.0,0.0,0.0,0.0,0.0,0.0,0.0,0.0,0.0,0.0,0.0,0.0,0.0,0.0,0.0,0.0,0.0,0.0,0.0,0.0,0.0,0.0,0.0,0.0,25.341631739167497,0.0,25.341631739167497,0.0,20.79042950506188,0.0,20.80777950506188,0.0,0.0,0.013178921556603844,0.013915752751109834,0.0,0.013178921556603844,0.013915752751109834,0.0,0.01097727694539887,0.013688959304189117,0.0,0.010985598574612353,0.01368981604576215,1903,0.0,0.0,0.0,,0.0,0.17945759316114152,0.17959389043884544,0.2502611290723701,,0.18234366789280085,0.17945759316114152,0.17890924628575466,0.2502611290723701,,0.18234366789280085,1.0008345185940375,,
stockindex,query2,16,inf,49.607488265261054,47.96010624431074,719224.0,0.0,0.0,0.0,3719.0,49.607488265261054,47.96010624431074,719224.0,0.0,0.0,0.0,3719.0,35.713774760025814,34.53729472402483,442303.0,0.0,1061.0,0.0,3719.0,35.76682476002581,34.53729472402483,442303.0,0.0,1061.0,0.0,3719.0,0.0,0.0,0.0,0.0,0.0,0.0,0.0,0.0,0.0,0.0,0.0,0.0,0.0,0.0,0.0,0.0,0.0,0.0,0.0,0.0,0.0,0.0,0.0,0.0,49.607488265261054,0.0,49.607488265261054,0.0,35.713774760025814,0.0,35.76682476002581,0.0,0.0,0.013077178319051749,0.014405216482875476,0.0,0.013077178319051749,0.014405216482875476,0.0,0.00975985872527723,0.013941386616326833,0.0,0.009772279910649235,0.013943139453653443,3719,0.0,0.0,0.0,,0.0,0.279874515955189,0.2800729081654528,0.38502747405537074,,0.2852917450927669,0.279874515955189,0.27900351316370775,0.38502747405537074,,0.2852917450927669,1.0014854212515047,,
stockindex,query2,50,inf,154.403463518247,149.27677852101624,2228400.0,0.0,0.0,0.0,11600.0,154.403463518247,149.27677852101624,2228400.0,0.0,0.0,0.0,11600.0,86.45200841100514,83.63298466429114,871200.0,0.0,5200.0,0.0,11600.0,86.71200841100513,83.63298466429114,871200.0,0.0,5200.0,0.0,11600.0,0.0,0.0,0.0,0.0,0.0,0.0,0.0,0.0,0.0,0.0,0.0,0.0,0.0,0.0,0.0,0.0,0.0,0.0,0.0,0.0,0.0,0.0,0.0,0.0,154.403463518247,0.0,154.403463518247,0.0,86.45200841100514,0.0,86.71200841100513,0.0,0.0,0.01295962353469804,0.015123793220845982,0.0,0.01295962353469804,0.015123793220845982,0.0,0.006290863482970744,0.013314577473808077,0.0,0.006315863482970744,0.013321452473808077,11600,0.0,0.0,0.0,,0.0,0.43974551505667236,0.4400902256911584,0.6090468497576736,,0.4482758620689655,0.43974551505667236,0.43840632564076043,0.6090468497576736,,0.4482758620689655,1.0030074489277787,,
stockindex,query3,1,inf,8.971882223384455,8.83414668100886,53201.0,0.0,0.0,0.0,315.0,8.971882223384455,8.83414668100886,53201.0,0.0,0.0,0.0,315.0,8.971882223384455,8.83414668100886,53201.0,0.0,0.0,0.0,315.0,8.971882223384455,8.83414668100886,53201.0,0.0,0.0,0.0,315.0,0.0,0.0,0.0,0.0,0.0,0.0,0.0,0.0,0.0,0.0,0.0,0.0,0.0,0.0,0.0,0.0,0.0,0.0,0.0,0.0,0.0,0.0,0.0,0.0,8.971882223384455,0.0,8.971882223384455,0.0,8.971882223384455,0.0,8.971882223384455,0.0,0.0,0.02926275666949517,0.029290015866082895,0.0,0.02926275666949517,0.029290015866082895,0.0,0.02926275666949517,0.029290015866082895,0.0,0.02926275666949517,0.029290015866082895,315,0.0,0.0,0.0,,0.0,0.0,0.0,0.0,,0.0,0.0,0.0,0.0,,0.0,1.0,,
stockindex,query3,2,1,13.1833442193456,12.919179614866152,102721.0,0.0,0.0,0.0,603.0,13.1833442193456,12.919179614866152,102721.0,0.0,0.0,0.0,603.0,12.849978497644365,12.597051492659375,97976.0,0.0,28.0,0.0,603.0,12.851378497644365,12.597051492659375,97976.0,0.0,28.0,0.0,603.0,0.0,0.0,0.0,0.0,0.0,0.0,0.0,0.0,0.0,0.0,0.0,0.0,0.0,0.0,0.0,0.0,0.0,0.0,0.0,0.0,0.0,0.0,0.0,0.0,13.1833442193456,0.0,13.1833442193456,0.0,12.849978497644365,0.0,12.851378497644365,0.0,0.0,0.023838629017497392,0.025263516761546652,0.0,0.023838629017497392,0.025263516761546652,0.0,0.023510731194455868,0.025230726979242498,0.0,0.02351212654329308,0.02523086651412622,603,0.0,0.0,0.0,,0.0,0.0249341004467577,0.025286885949017734,0.04619308612649797,,0.04643449419568822,0.0249341004467577,0.02518069134644141,0.04619308612649797,,0.04643449419568822,1.0001089495986517,,
stockindex,query3,2,1/16,14.732937625609338,14.460404265671968,107107.0,0.0,0.0,0.0,619.0,14.732937625609338,14.460404265671968,107107.0,0.0,0.0,619.0,619.0,14.732937625609338,14.460404265671968,107107.0,0.0,0.0,619.0,619.0,14.732937625609338,14.460404265671968,107107.0,0.0,0.0,619.0,619.0,0.0,0.0,0.0,0.0,0.0,0.0,0.0,0.0,0.0,0.0,0.0,0.0,0.0,0.0,0.0,0.0,0.0,0.0,0.0,0.0,0.0,0.0,0.0,0.0,14.732937625609338,0.0,14.732937625609338,0.0,14.732937625609338,0.0,14.732937625609338,0.0,0.0,0.025287017175371105,0.027141903541559334,0.0,0.025287017175371105,0.027141903541559334,0.0,0.025287017175371105,0.027141903541559334,0.0,0.025287017175371105,0.027141903541559334,619,0.0,0.0,0.0,,0.0,0.0,0.0,0.0,,0.0,0.0,0.0,0.0,,0.0,1.0,,
stockindex,query3,2,1/4,14.714004769455642,14.452810043934733,99873.0,0.0,0.0,0.0,597.0,14.714004769455642,14.452810043934733,99873.0,0.0,0.0,0.0,597.0,14.36338437031433,14.113991746446118,95305.0,0.0,30.0,0.0,597.0,14.403170750753358,14.15111518651247,96088.0,0.0,27.0,8.0,597.0,0.0,0.0,0.0,0.0,0.0,0.0,0.0,0.0,0.0,0.0,0.0,0.0,0.0,0.0,0.0,0.0,0.0,0.0,0.0,0.0,0.0,0.0,0.0,0.0,14.714004769455642,0.0,14.714004769455642,0.0,14.36338437031433,0.0,14.403170750753358,0.0,0.0,0.02806259149170185,0.029185867838653123,0.0,0.02806259149170185,0.029185867838653123,0.0,0.02771701597790918,0.029151310287273857,0.0,0.02771849702056321,0.02915145839153926,597,0.0,0.0,0.0,,0.0,0.02344307414673341,0.023829025791071712,0.04573808737096108,,0.05025125628140704,0.020874477454913443,0.02112504539535931,0.037898130625894866,,0.04522613065326633,1.002769986474863,,
stockindex,query3,2,inf,13.907987869577482,13.632022821344435,108681.0,0.0,0.0,0.0,627.0,13.907987869577482,13.632022821344435,108681.0,0.0,0.0,0.0,627.0,13.531000139825865,13.26779539952986,102687.0,0.0,31.0,0.0,627.0,13.532550139825865,13.26779539952986,102687.0,0.0,31.0,0.0,627.0,0.0,0.0,0.0,0.0,0.0,0.0,0.0,0.0,0.0,0.0,0.0,0.0,0.0,0.0,0.0,0.0,0.0,0.0,0.0,0.0,0.0,0.0,0.0,0.0,13.907987869577482,0.0,13.907987869577482,0.0,13.531000139825865,0.0,13.532550139825865,0.0,0.0,0.02523798508165095,0.026164299542189483,0.0,0.02523798508165095,0.026164299542189483,0.0,0.02488634805695244,0.026129135839719635,0.0,0.02488778814911834,0.026129279848936225,627,0.0,0.0,0.0,,0.0,0.026718516143054316,0.027105842576714112,0.05515223452121343,,0.049441786283891544,0.026718516143054316,0.026994395830100992,0.05515223452121343,,0.049441786283891544,1.000114551768826,,
stockindex,query3,4,1,26.98065778752789,26.43999713123776,213640.0,0.0,0.0,0.0,1227.0,26.98065778752789,26.43999713123776,213640.0,0.0,0.0,0.0,1227.0,25.000156418196635,24.526498629478738,181610.0,0.0,162.0,0.0,1227.0,25.008256418196634,24.526498629478738,181610.0,0.0,162.0,0.0,1227.0,0.0,0.0,0.0,0.0,0.0,0.0,0.0,0.0,0.0,0.0,0.0,0.0,0.0,0.0,0.0,0.0,0.0,0.0,0.0,0.0,0.0,0.0,0.0,0.0,26.98065778752789,0.0,26.98065778752789,0.0,25.000156418196635,0.0,25.008256418196634,0.0,0.0,0.025969345048133308,0.03053293170490172,0.0,0.025969345048133308,0.03053293170490172,0.0,0.025320818404575403,0.030483903015696933,0.0,0.025323496976003976,0.030484107097329585,1227,0.0,0.0,0.0,,0.0,0.07237135814581097,0.07340448794568544,0.14992510765774203,,0.13202933985330073,0.07237135814581097,0.0731042728781438,0.14992510765774203,,0.13202933985330073,1.000323997972833,,
stockindex,query3,4,1/16,27.903773311292753,27.379031859105453,197197.0,0.0,0.0,0.0,1205.0,27.903773311292753,27.379031859105453,197197.0,0.0,0.0,1205.0,1205.0,27.903773311292753,27.379031859105453,197197.0,0.0,0.0,1205.0,1205.0,27.903773311292753,27.379031859105453,197197.0,0.0,0.0,1205.0,1205.0,0.0,0.0,0.0,0.0,0.0,0.0,0.0,0.0,0.0,0.0,0.0,0.0,0.0,0.0,0.0,0.0,0.0,0.0,0.0,0.0,0.0,0.0,0.0,0.0,27.903773311292753,0.0,27.903773311292753,0.0,27.903773311292753,0.0,27.903773311292753,0.0,0.0,0.02959882717037273,0.033400476689912875,0.0,0.02959882717037273,0.033400476689912875,0.0,0.02959882717037273,0.033400476689912875,0.0,0.02959882717037273,0.033400476689912875,1205,0.0,0.0,0.0,,0.0,0.0,0.0,0.0,,0.0,0.0,0.0,0.0,,0.0,1.0,,
stockindex,query3,4,1/4,28.599215663503855,28.03955672774464,218143.0,0.0,0.0,0.0,1272.0,28.599215663503855,28.03955672774464,218143.0,0.0,0.0,0.0,1272.0,27.01362036300391,26.507448147516698,194642.0,0.0,132.0,0.0,1272.0,27.058506743442937,26.54457158758305,195425.0,0.0,129.0,11.0,1272.0,0.0,0.0,0.0,0.0,0.0,0.0,0.0,0.0,0.0,0.0,0.0,0.0,0.0,0.0,0.0,0.0,0.0,0.0,0.0,0.0,0.0,0.0,0.0,0.0,28.599215663503855,0.0,28.599215663503855,0.0,27.01362036300391,0.0,27.058506743442937,0.0,0.0,0.026672135190819485,0.031312042279848705,0.0,0.026672135190819485,0.031312042279848705,0.0,0.026134779842565674,0.031263835374116485,0.0,0.026137044943236813,0.03126404091102924,1272,0.0,0.0,0.0,,0.0,0.0546409700803846,0.05544191558104028,0.10773208399994494,,0.10377358490566038,0.05331700335627376,0.05387241867709869,0.10414269538788778,,0.10141509433962265,1.0016616203173012,,
stockindex,query3,4,inf,29.497190789319575,28.96374942571856,207121.0,0.0,0.0,0.0,1217.0,29.497190789319575,28.96374942571856,207121.0,0.0,0.0,0.0,1217.0,27.453404395169244,26.989149872912094,174457.0,0.0,168.0,0.0,1217.0,27.461804395169242,26.989149872912094,174457.0,0.0,168.0,0.0,1217.0,0.0,0.0,0.0,0.0,0.0,0.0,0.0,0.0,0.0,0.0,0.0,0.0,0.0,0.0,0.0,0.0,0.0,0.0,0.0,0.0,0.0,0.0,0.0,0.0,29.497190789319575,0.0,29.497190789319575,0.0,27.453404395169244,0.0,27.461804395169242,0.0,0.0,0.029818121781940328,0.035244152957324366,0.0,0.029818121781940328,0.035244152957324366,0.0,0.02914946188707813,0.03518633100744115,0.0,0.02915226890462199,0.035186576621476236,1217,0.0,0.0,0.0,,0.0,0.06817485967659653,0.0692874927903423,0.15770491644980467,,0.13804437140509448,0.06817485967659653,0.06900271990942641,0.15770491644980467,,0.13804437140509448,1.000305972981678,,
stockindex,query3,8,1,58.356320205610245,57.265190933365375,421312.0,0.0,0.0,0.0,2480.0,58.356320205610245,57.265190933365375,421312.0,0.0,0.0,0.0,2480.0,50.847012909399865,50.00959738413803,306735.0,0.0,622.0,0.0,2480.0,50.87811290939987,50.00959738413803,306735.0,0.0,622.0,0.0,2480.0,0.0,0.0,0.0,0.0,0.0,0.0,0.0,0.0,0.0,0.0,0.0,0.0,0.0,0.0,0.0,0.0,0.0,0.0,0.0,0.0,0.0,0.0,0.0,0.0,58.356320205610245,0.0,58.356320205610245,0.0,50.847012909399865,0.0,50.87811290939987,0.0,0.0,0.028314310783040086,0.04337260442350771,0.0,0.028314310783040086,0.04337260442350771,0.0,0.02720245933793793,0.04332992222724669,0.0,0.027207195805174396,0.04333010385117831,2480,0.0,0.0,0.0,,0.0,0.12670163900562315,0.12868027438591734,0.27195285204314146,,0.2508064516129032,0.12670163900562315,0.12814734153664886,0.27195285204314146,,0.2508064516129032,1.0006116386827957,,
stockindex,query3,8,1/16,55.79188524140045,54.73019901080988,413369.0,0.0,0.0,0.0,2429.0,55.79188524140045,54.73019901080988,413369.0,0.0,0.0,2429.0,2429.0,55.79188524140045,54.73019901080988,413369.0,0.0,0.0,2429.0,2429.0,55.79188524140045,54.73019901080988,413369.0,0.0,0.0,2429.0,2429.0,0.0,0.0,0.0,0.0,0.0,0.0,0.0,0.0,0.0,0.0,0.0,0.0,0.0,0.0,0.0,0.0,0.0,0.0,0.0,0.0,0.0,0.0,0.0,0.0,55.79188524140045,0.0,55.79188524140045,0.0,55.79188524140045,0.0,55.79188524140045,0.0,0.0,0.029808217652423356,0.04199956842633975,0.0,0.029808217652423356,0.04199956842633975,0.0,0.029808217652423356,0.04199956842633975,0.0,0.029808217652423356,0.04199956842633975,2429,0.0,0.0,0.0,,0.0,0.0,0.0,0.0,,0.0,0.0,0.0,0.0,,0.0,1.0,,
stockindex,query3,8,1/4,54.404869445832446,53.33066464588046,420352.0,0.0,0.0,0.0,2441.0,54.404869445832446,53.33066464588046,420352.0,0.0,0.0,0.0,2441.0,49.22380735397674,48.32378316530958,355234.0,0.0,445.0,0.0,2441.0,49.37323718358837,48.44709268165752,357844.0,0.0,435.0,29.0,2441.0,0.0,0.0,0.0,0.0,0.0,0.0,0.0,0.0,0.0,0.0,0.0,0.0,0.0,0.0,0.0,0.0,0.0,0.0,0.0,0.0,0.0,0.0,0.0,0.0,54.404869445832446,0.0,54.404869445832446,0.0,49.22380735397674,0.0,49.37323718358837,0.0,0.0,0.026303628063218443,0.04214442907175078,0.0,0.026303628063218443,0.04214442907175078,0.0,0.025533908958763448,0.04210640757609111,0.0,0.02553740986245298,0.042106578609570004,2441,0.0,0.0,0.0,,0.0,0.09388372550420931,0.09523158762496742,0.15491302527405604,,0.18230233510856206,0.09157155637662151,0.09248496161274233,0.14870394336175397,,0.17820565342072922,1.0030357227050126,,
stockindex,query3,8,inf,56.030158187961206,54.96186337387189,416554.0,0.0,0.0,0.0,2438.0,56.030158187961206,54.96186337387189,416554.0,0.0,0.0,0.0,2438.0,48.553500051415114,47.737665340537205,304773.0,0.0,622.0,0.0,2438.0,48.584600051415116,47.737665340537205,304773.0,0.0,622.0,0.0,2438.0,0.0,0.0,0.0,0.0,0.0,0.0,0.0,0.0,0.0,0.0,0.0,0.0,0.0,0.0,0.0,0.0,0.0,0.0,0.0,0.0,0.0,0.0,0.0,0.0,56.030158187961206,0.0,56.030158187961206,0.0,48.553500051415114,0.0,48.584600051415116,0.0,0.0,0.02936705689507581,0.04225711396221863,0.0,0.02936705689507581,0.04225711396221863,0.0,0.028318966887094166,0.042223535322846624,0.0,0.02832339359246427,0.042223676832280586,2438,0.0,0.0,0.0,,0.0,0.1314401948891888,0.13343988984404742,0.2683469610182594,,0.2551271534044299,0.1314401948891888,0.13288483162172948,0.2683469610182594,,0.2551271534044299,1.0006405305480979,,
stockindex,query3,16,inf,111.42414828436449,109.26460133166984,837812.0,0.0,0.0,0.0,4921.0,111.42414828436449,109.26460133166984,837812.0,0.0,0.0,0.0,4921.0,87.72541817289316,86.36581494193524,487357.0,0.0,1973.0,0.0,4921.0,87.82406817289315,86.36581494193524,487357.0,0.0,1973.0,0.0,4921.0,0.0,0.0,0.0,0.0,0.0,0.0,0.0,0.0,0.0,0.0,0.0,0.0,0.0,0.0,0.0,0.0,0.0,0.0,0.0,0.0,0.0,0.0,0.0,0.0,111.42414828436449,0.0,111.42414828436449,0.0,87.72541817289316,0.0,87.82406817289315,0.0,0.0,0.0240594449662266,0.05655131220746397,0.0,0.0240594449662266,0.05655131220746397,0.0,0.02123851468479111,0.05651516609768275,0.0,0.021250602958835903,0.056515294556180776,4921,0.0,0.0,0.0,,0.0,0.20957186600833266,0.21268935393600708,0.41829789976748966,,0.400934769355822,0.20957186600833266,0.21180399827909657,0.41829789976748966,,0.400934769355822,1.0011245315446153,,
stockindex,query3,50,inf,350.688539724797,343.9290563110262,2631200.0,0.0,0.0,0.0,15400.0,350.688539724797,343.9290563110262,2631200.0,0.0,0.0,0.0,15400.0,239.7825892508179,236.7683231830597,975600.0,0.0,9200.0,0.0,15400.0,240.24258925081787,236.7683231830597,975600.0,0.0,9200.0,0.0,15400.0,0.0,0.0,0.0,0.0,0.0,0.0,0.0,0.0,0.0,0.0,0.0,0.0,0.0,0.0,0.0,0.0,0.0,0.0,0.0,0.0,0.0,0.0,0.0,0.0,350.688539724797,0.0,350.688539724797,0.0,239.7825892508179,0.0,240.24258925081787,0.0,0.0,0.012586756347445771,0.07949959243414924,0.0,0.012586756347445771,0.07949959243414924,0.0,0.0067385048135090615,0.07949959243414924,0.0,0.006763504813509061,0.07949959243414924,15400,0.0,0.0,0.0,,0.0,0.3115780163425843,0.31625199546301863,0.629218607479477,,0.5974025974025974,0.3115780163425843,0.3149402902092314,0.629218607479477,,0.5974025974025974,1.0019184045073382,,
stockmarket,query1,1,inf,377.02531265001744,376.47019281145185,41120.0,0.0,0.0,0.0,941.0,375.8324079884058,375.2788534704596,40997.0,0.0,3.0,0.0,941.0,375.8324079884058,375.2788534704596,40997.0,0.0,3.0,0.0,941.0,375.8324079884058,375.2788534704596,40997.0,0.0,3.0,0.0,941.0,0.0,0.0,0.0,0.0,0.0,0.0,0.0,0.0,0.0,0.0,0.0,0.0,0.0,0.0,0.0,0.0,0.0,0.0,0.0,0.0,0.0,0.0,0.0,0.0,377.02531265001744,0.0,375.8324079884058,0.0,375.8324079884058,0.0,375.8324079884058,0.0,0.0,0.4006739850622663,0.4006739850622663,0.0,0.40003810837697235,0.40061039739373694,0.0,0.40003810837697235,0.40061039739373694,0.0,0.40003810837697235,0.40061039739373694,941,0.0031644984483245597,0.0031639909087987084,0.00299124513618676,,0.003188097768331562,0.0031644984483245597,0.0031639909087987084,0.00299124513618676,,0.003188097768331562,0.0031644984483245597,0.0031639909087987084,0.00299124513618676,,0.003188097768331562,1.0,,
stockmarket,query1,2,1,766.264126948081,765.1475554741919,82582.0,0.0,0.0,0.0,1893.0,764.6735873992654,763.5591030195355,82418.0,0.0,4.0,0.0,1893.0,693.1296978764615,692.1168071674183,74474.0,0.0,183.0,0.0,1893.0,693.1386478764615,692.1168071674183,74474.0,0.0,183.0,0.0,1893.0,0.0,0.0,0.0,0.0,0.0,0.0,0.0,0.0,0.0,0.0,0.0,0.0,0.0,0.0,0.0,0.0,0.0,0.0,0.0,0.0,0.0,0.0,0.0,0.0,766.264126948081,0.0,764.6735873992654,0.0,693.1296978764615,0.0,693.1386478764615,0.0,0.0,0.40564600555488817,0.4107016443102813,0.0,0.4054451194335438,0.41068155569814685,0.0,0.3694210058772477,0.4070791443425172,0.0,0.3694255124230684,0.4070795949970993,1893,0.0020760080108626067,0.002075706656333276,0.0019859049187473943,,0.0021130480718436345,0.09544662043847685,0.0954428460104263,0.09818120171465938,,0.09667194928684628,0.09544662043847685,0.09543116596475376,0.09818120171465938,,0.09667194928684628,1.000012912446296,,
stockmarket,query1,2,1/16,771.9250186756253,770.7971595255658,83466.0,0.0,0.0,0.0,1913.0,771.9250186756253,770.7971595255658,83466.0,0.0,0.0,1913.0,1913.0,769.1415744651982,768.0173677299172,83179.0,0.0,7.0,1906.0,1913.0,771.9250186756253,770.7971595255658,83466.0,0.0,0.0,1913.0,1913.0,0.0,0.0,0.0,0.0,0.0,0.0,0.0,0.0,0.0,0.0,0.0,0.0,0.0,0.0,0.0,0.0,0.0,0.0,0.0,0.0,0.0,0.0,0.0,0.0,771.9250186756253,0.0,771.9250186756253,0.0,769.1415744651982,0.0,771.9250186756253,0.0,0.0,0.4039125606148879,0.408415211565646,0.0,0.4039125606148879,0.408415211565646,0.0,0.40391078415137877,0.408415033919295,0.0,0.4039125606148879,0.408415211565646,1913,0.0,0.0,0.0,,0.0,0.003606385624668862,0.003605847903728532,0.0034385258668200303,,0.0036591740721380033,0.0,0.0,0.0,,0.0,1.0036188970962368,,
stockmarket,query1,2,1/4,758.3871653880924,757.2767319334671,82226.0,0.0,0.0,0.0,1883.0,755.2060862904614,754.0998270241544,81898.0,0.0,8.0,0.0,1883.0,682.0416029714954,681.0392139488831,73760.0,0.0,191.0,0.0,1883.0,682.0507529714954,681.0392139488831,73760.0,0.0,191.0,0.0,1883.0,0.0,0.0,0.0,0.0,0.0,0.0,0.0,0.0,0.0,0.0,0.0,0.0,0.0,0.0,0.0,0.0,0.0,0.0,0.0,0.0,0.0,0.0,0.0,0.0,758.3871653880924,0.0,755.2060862904614,0.0,682.0416029714954,0.0,682.0507529714954,0.0,0.0,0.40295792666220515,0.40696379723916254,0.0,0.40255407392000936,0.4069234119649429,0.0,0.36532630660919463,0.40320063523386146,0.0,0.36533091187235256,0.4032010957601772,1883,0.004195170372132684,0.004194531820700287,0.0039890059105393005,,0.004248539564524694,0.10067326086982176,0.10066832074818721,0.10296013426410133,,0.10143388210302709,0.10067326086982176,0.10065625567058889,0.10296013426410133,,0.10143388210302709,1.0000134156039164,,
stockmarket,query1,2,inf,756.6926784766838,755.5856348006055,82075.0,0.0,0.0,0.0,1877.0,753.5115993790528,752.4087298912928,81747.0,0.0,8.0,0.0,1877.0,684.7897357654721,683.7844313420355,74145.0,0.0,180.0,0.0,1877.0,684.7983357654721,683.7844313420355,74145.0,0.0,180.0,0.0,1877.0,0.0,0.0,0.0,0.0,0.0,0.0,0.0,0.0,0.0,0.0,0.0,0.0,0.0,0.0,0.0,0.0,0.0,0.0,0.0,0.0,0.0,0.0,0.0,0.0,756.6926784766838,0.0,753.5115993790528,0.0,684.7897357654721,0.0,684.7983357654721,0.0,0.0,0.4044405414187985,0.40742423383776133,0.0,0.4040360998938872,0.40738378968527017,0.0,0.3690919904394966,0.40388937873983116,0.0,0.36909631298752493,0.403889810994634,1877,0.004204559699114818,0.00420392477436804,0.003996344806579399,,0.004262120404901438,0.09502722147108822,0.0950226488988386,0.09661894608589705,,0.09589770911028236,0.09502722147108822,0.09501128365077349,0.09661894608589705,,0.09589770911028236,1.0000125585994515,,
stockmarket,query1,4,1,1542.5848864698783,1540.3374744430184,166151.0,0.0,0.0,0.0,3810.0,1536.6203631618203,1534.380777738057,165536.0,0.0,15.0,0.0,3810.0,1191.5850135826395,1189.834097487852,127599.0,0.0,875.0,0.0,3810.0,1191.6280135826394,1189.834097487852,127599.0,0.0,875.0,0.0,3810.0,0.0,0.0,0.0,0.0,0.0,0.0,0.0,0.0,0.0,0.0,0.0,0.0,0.0,0.0,0.0,0.0,0.0,0.0,0.0,0.0,0.0,0.0,0.0,0.0,1542.5848864698783,0.0,1536.6203631618203,0.0,1191.5850135826395,0.0,1191.6280135826394,0.0,0.0,0.4001380593487993,0.41934728511981667,0.0,0.4001339765135199,0.41934720417782667,0.0,0.3482316532368663,0.41670815933598443,0.0,0.3482378282368663,0.4167084293359844,3810,0.003867137431760037,0.0038665770424520796,0.0037014522933958016,,0.003937007874015748,0.22754973034847925,0.22754006989559128,0.23202990051218475,,0.22965879265091863,0.22754973034847925,0.22751219460627847,0.23202990051218475,,0.22965879265091863,1.0000360863887257,,
stockmarket,query1,4,1/16,1539.2663557548076,1537.0132309421897,166782.0,0.0,0.0,0.0,3821.0,1539.2663557548076,1537.0132309421897,166782.0,0.0,0.0,3821.0,3821.0,1531.711292897934,1529.468081782572,166003.0,0.0,19.0,3802.0,3821.0,1539.2663557548076,1537.0132309421897,166782.0,0.0,0.0,3821.0,3821.0,0.0,0.0,0.0,0.0,0.0,0.0,0.0,0.0,0.0,0.0,0.0,0.0,0.0,0.0,0.0,0.0,0.0,0.0,0.0,0.0,0.0,0.0,0.0,0.0,1539.2663557548076,0.0,1539.2663557548076,0.0,1531.711292897934,0.0,1539.2663557548076,0.0,0.0,0.40008615120267493,0.4131551243268419,0.0,0.40008615120267493,0.4131551243268419,0.0,0.400081840028055,0.4131550489996095,0.0,0.40008615120267493,0.4131551243268419,3821,0.0,0.0,0.0,,0.0,0.004908968255915802,0.004908223212069629,0.004670767828662603,,0.004972520282648521,0.0,0.0,0.0,,0.0,1.0049324326927038,,
stockmarket,query1,4,1/4,1541.7346982816234,1539.4789942875504,166811.0,0.0,0.0,0.0,3824.0,1536.1678098607692,1533.9194106962532,166237.0,0.0,14.0,0.0,3824.0,1214.5256828417573,1212.7344554774463,130543.0,0.0,819.0,0.0,3824.0,1214.5659328417573,1212.7344554774463,130543.0,0.0,819.0,0.0,3824.0,0.0,0.0,0.0,0.0,0.0,0.0,0.0,0.0,0.0,0.0,0.0,0.0,0.0,0.0,0.0,0.0,0.0,0.0,0.0,0.0,0.0,0.0,0.0,0.0,1541.7346982816234,0.0,1536.1678098607692,0.0,1214.5256828417573,0.0,1214.5659328417573,0.0,0.0,0.39982105606095864,0.4145777823995333,0.0,0.3998191322130151,0.4145777531407308,0.0,0.34849436252796756,0.4129539728366799,0.0,0.34850058752796753,0.4129541553366799,3824,0.0036113409873904656,0.0036107953119682845,0.003441020076613621,,0.0036610878661087866,0.21224358372055407,0.21223432008410048,0.21741971452721942,,0.214173640167364,0.21224358372055407,0.21220821312805616,0.21741971452721942,,0.214173640167364,1.0000331405095575,,
stockmarket,query1,4,inf,1539.9067988572642,1537.6591431200504,166205.0,0.0,0.0,0.0,3811.0,1532.3517360003907,1530.1139939604327,165426.0,0.0,19.0,0.0,3811.0,1175.5490963605848,1173.817990214564,126043.0,0.0,911.0,0.0,3811.0,1175.5936963605848,1173.817990214564,126043.0,0.0,911.0,0.0,3811.0,0.0,0.0,0.0,0.0,0.0,0.0,0.0,0.0,0.0,0.0,0.0,0.0,0.0,0.0,0.0,0.0,0.0,0.0,0.0,0.0,0.0,0.0,0.0,0.0,1539.9067988572642,0.0,1532.3517360003907,0.0,1175.5490963605848,0.0,1175.5936963605848,0.0,0.0,0.4008785859560594,0.4169626873513218,0.0,0.4008776688682847,0.4169626873513218,0.0,0.3444997623443692,0.4148185162842678,0.0,0.34450623734436914,0.4148187387842678,3811,0.0049069061848829865,0.004906181895215966,0.004686982942751383,,0.004985568092364209,0.2366201602828698,0.2366102304159332,0.24164134652988778,,0.23904487011283126,0.2366201602828698,0.23658126762413756,0.24164134652988778,,0.23904487011283126,1.0000379397169696,,
stockmarket,query1,8,1,3071.5860317936167,3067.097745549865,332147.0,0.0,0.0,0.0,7610.0,3062.8380642751317,3058.361257049255,331245.0,0.0,22.0,0.0,7610.0,1892.1419415226578,1889.3259023977444,202346.0,0.0,2945.0,0.0,7610.0,1892.2880915226579,1889.3259023977444,202346.0,0.0,2945.0,0.0,7610.0,0.0,0.0,0.0,0.0,0.0,0.0,0.0,0.0,0.0,0.0,0.0,0.0,0.0,0.0,0.0,0.0,0.0,0.0,0.0,0.0,0.0,0.0,0.0,0.0,3071.5860317936167,0.0,3062.8380642751317,0.0,1892.1419415226578,0.0,1892.2880915226579,0.0,0.0,0.39894937663851304,0.4242674245000817,0.0,0.398947165183723,0.4242674245000817,0.0,0.28796868767494205,0.42282700932356704,0.0,0.287982212674942,0.422827039323567,7610,0.002848454540872014,0.0028480294635852,0.00271566505191978,,0.0028909329829172143,0.38400205694813005,0.3839853671890272,0.39079383525968925,,0.38699080157687255,0.38400205694813005,0.3839377859074068,0.39079383525968925,,0.38699080157687255,1.0000772405054783,,
stockmarket,query1,8,1/16,3084.714435731992,3080.2052152482793,333322.0,0.0,0.0,0.0,7646.0,3084.714435731992,3080.2052152482793,333322.0,0.0,0.0,7646.0,7646.0,3071.1948495670604,3066.7033693837,331928.0,0.0,34.0,7612.0,7646.0,3084.714435731992,3080.2052152482793,333322.0,0.0,0.0,7646.0,7646.0,0.0,0.0,0.0,0.0,0.0,0.0,0.0,0.0,0.0,0.0,0.0,0.0,0.0,0.0,0.0,0.0,0.0,0.0,0.0,0.0,0.0,0.0,0.0,0.0,3084.714435731992,0.0,3084.714435731992,0.0,3071.1948495670604,0.0,3084.714435731992,0.0,0.0,0.39877567352633925,0.4236006974602118,0.0,0.39877567352633925,0.4236006974602118,0.0,0.3987738529792987,0.4236006974602118,0.0,0.39877567352633925,0.4236006974602118,7646,0.0,0.0,0.0,,0.0,0.004383424129580482,0.004382767496506901,0.004182142192834526,,0.004446769552707298,0.0,0.0,0.0,,0.0,1.0044020607050828,,
stockmarket,query1,8,1/4,3077.2383525809273,3072.735532411374,332993.0,0.0,0.0,0.0,7634.0,3059.344782656753,3054.86544229649,331148.0,0.0,45.0,0.0,7634.0,2195.6666311105178,2192.414142722264,235580.0,0.0,2205.0,0.0,7634.0,2195.774631110518,2192.414142722264,235580.0,0.0,2205.0,0.0,7634.0,0.0,0.0,0.0,0.0,0.0,0.0,0.0,0.0,0.0,0.0,0.0,0.0,0.0,0.0,0.0,0.0,0.0,0.0,0.0,0.0,0.0,0.0,0.0,0.0,3077.2383525809273,0.0,3059.344782656753,0.0,2195.6666311105178,0.0,2195.774631110518,0.0,0.0,0.39876758738979695,0.4233439197046682,0.0,0.39876391358254476,0.4233439197046682,0.0,0.32865163601517755,0.4228395181458909,0.0,0.3286601360151775,0.4228395181458909,7634,0.005815694167750296,0.00581481441278886,0.005540657010808081,,0.005894681687188891,0.28649435670705614,0.2864814552733693,0.29253768097227273,,0.2888394026722557,0.28649435670705614,0.28644635886950787,0.29253768097227273,,0.2888394026722557,1.0000491877949367,,
stockmarket,query1,8,inf,3071.5233930163085,3067.0368993645534,331834.0,0.0,0.0,0.0,7608.0,3056.8109021897653,3052.343714158982,330317.0,0.0,37.0,0.0,7608.0,1909.8072606700925,1906.9695008136332,203948.0,0.0,2905.0,0.0,7608.0,1909.9506606700927,1906.9695008136332,203948.0,0.0,2905.0,0.0,7608.0,0.0,0.0,0.0,0.0,0.0,0.0,0.0,0.0,0.0,0.0,0.0,0.0,0.0,0.0,0.0,0.0,0.0,0.0,0.0,0.0,0.0,0.0,0.0,0.0,3071.5233930163085,0.0,3056.8109021897653,0.0,1909.8072606700925,0.0,1909.9506606700927,0.0,0.0,0.3986904673255049,0.4249751170116477,0.0,0.3986892224922776,0.4249751170116477,0.0,0.2967078702447124,0.42423013829817063,0.0,0.2967202202447124,0.42423013829817063,7608,0.0047906776761034164,0.004789965415856745,0.0045715628898787,,0.0048633017875920085,0.3782371835145739,0.37822148286013324,0.38539149092618596,,0.3818349106203996,0.3782371835145739,0.37817479592936587,0.38539149092618596,,0.3818349106203996,1.0000750861110193,,
stockmarket,query1,16,inf,6119.793952523731,6110.843376439996,661785.0,0.0,0.0,0.0,15176.0,6097.526398840314,6088.605042074807,659489.0,0.0,56.0,0.0,15176.0,2928.3403290476476,2923.922888223082,310828.0,0.0,7979.0,0.0,15176.0,2928.7364790476477,2923.922888223082,310828.0,0.0,7979.0,0.0,15176.0,0.0,0.0,0.0,0.0,0.0,0.0,0.0,0.0,0.0,0.0,0.0,0.0,0.0,0.0,0.0,0.0,0.0,0.0,0.0,0.0,0.0,0.0,0.0,0.0,6119.793952523731,0.0,6097.526398840314,0.0,2928.3403290476476,0.0,2928.7364790476477,0.0,0.0,0.3988193041905761,0.43106811897233127,0.0,0.39881881717592477,0.43106811897233127,0.0,0.15991514786601083,0.4273123217422981,0.0,0.1599447228660108,0.4273123217422981,15176,0.003639159604536424,0.003638611668328129,0.0034694047160331865,,0.0036900369003690036,0.5215189282225596,0.5214969079408246,0.5303187591136094,,0.525764364786505,0.5215189282225596,0.5214321753692588,0.5303187591136094,,0.525764364786505,1.0001352814070381,,
stockmarket,query1,50,inf,19207.217123918235,19179.141914471984,2076400.0,0.0,0.0,0.0,47600.0,19127.69014647746,19099.719291739166,2068200.0,0.0,200.0,0.0,47600.0,5250.93267180747,5242.6518911495805,549600.0,0.0,34800.0,0.0,47600.0,5252.662671807468,5242.6518911495805,549600.0,0.0,34800.0,0.0,47600.0,0.0,0.0,0.0,0.0,0.0,0.0,0.0,0.0,0.0,0.0,0.0,0.0,0.0,0.0,0.0,0.0,0.0,0.0,0.0,0.0,0.0,0.0,0.0,0.0,19207.217123918235,0.0,19127.69014647746,0.0,5250.93267180747,0.0,5252.662671807468,0.0,0.0,0.3989677900448442,0.4723390052653846,0.0,0.3989677900448442,0.4723390052653846,0.0,0.0396563265118301,0.3993291181605309,0.0,0.039696326511830096,0.3993291181605309,47600,0.004141093646785499,0.004140473704633774,0.003949142747062262,,0.004201680672268907,0.7266482559788747,0.7266166859087242,0.7353111153920247,,0.7310924369747899,0.7266482559788747,0.726526615598755,0.7353111153920247,,0.7310924369747899,1.0003294652794323,,
stockmarket,query2,1,inf,1151.3569764466956,1149.246879214421,1145621.0,1525995.0,0.0,0.0,2860.0,1123.068602370904,1120.9956931248307,1142984.0,1525995.0,71.0,0.0,2860.0,1123.070128365904,1120.9956931248307,1142984.0,3051990.0,71.0,0.0,2860.0,1123.068602370904,1120.9956931248307,1142984.0,1525995.0,71.0,0.0,2860.0,0.3866068162024021,1062550.0,0.3866068162024021,1062550.0,0.3876693662024021,2125100.0,0.3866068162024021,1062550.0,0.0,0.0,0.0,0.0,0.0,0.0,0.0,0.0,0.0,0.0,0.0,0.0,0.0,0.0,0.0,0.0,1150.9703696304932,463445.0,1122.6819955547016,463445.0,1122.6824589997018,926890.0,1122.6819955547016,463445.0,1525.995,0.39945096464420493,0.4332546652603576,1525.995,0.39944613098878246,0.4332515664798811,3051.99,0.39944740221240055,0.43325283770349915,1525.995,0.39944613098878246,0.4332515664798811,2860,0.024582347449054298,0.024569594534524675,0.002301808364197244,0.0,0.024825174825174826,0.024582347449054298,0.02456826914628163,0.002301808364197244,-1.0,0.024825174825174826,0.024582347449054298,0.024569594534524675,0.002301808364197244,0.0,0.024825174825174826,0.999998641229108,0.5,0.5
stockmarket,query2,2,1,2017.1280493363738,2013.4269471708685,1941159.0,2580860.0,0.0,0.0,5034.0,1955.4123462064101,1951.7925777072087,1935444.0,2580860.0,155.0,0.0,5034.0,1947.8139709605312,1944.214922485873,1906560.0,5119218.0,175.0,0.0,5034.0,1947.8123901005313,1944.214922485873,1906560.0,2538358.0,175.0,0.0,5034.0,0.816068391315639,2210104.0,0.816068391315639,2210104.0,0.803216127619771,4377706.0,0.801056023619771,2167602.0,0.0,0.0,0.0,0.0,0.0,0.0,0.0,0.0,0.0,0.0,0.0,0.0,0.0,0.0,0.0,0.0,2016.3119809450582,370756.0,1954.5962778150945,370756.0,1947.0107548329115,741512.0,1947.0113340769115,370756.0,2580.86,0.3974187325758488,0.4222902265525993,2580.86,0.39741188658128707,0.42228670020241166,5119.218,0.3970566887537108,0.4222525261057303,2538.358,0.39705610606235275,0.4222516888661359,5034,0.030611674066578054,0.03059582813806383,0.0029441174061475284,0.0,0.03079062375844259,0.03437523510959639,0.0343627557004359,0.017823887687716478,-0.9835318459738227,0.034763607469209375,0.03437523510959639,0.034363539418653666,0.017823887687716478,0.016468154026177295,0.034763607469209375,0.9999991883927195,0.4958487800285122,0.49584878002851224
stockmarket,query2,2,1/16,1994.2513033933938,1990.4108096482232,2434971.0,3287555.0,0.0,0.0,4970.0,1941.3277194363823,1937.5569314872846,2430084.0,3287555.0,133.0,62.0,4970.0,1930.9614941441732,1927.205522258766,2429140.0,3287555.0,159.0,62.0,4970.0,1930.9627941441734,1927.205522258766,2429140.0,3287555.0,159.0,62.0,4970.0,0.768706607632339,2082598.0,0.768706607632339,2082598.0,0.768706607632339,2082598.0,0.768706607632339,2082598.0,0.0,0.0,0.0,0.0,0.0,0.0,0.0,0.0,0.0,0.0,0.0,0.0,0.0,0.0,0.0,0.0,1993.4825967857614,1204957.0,1940.55901282875,1204957.0,1930.192787536541,1204957.0,1930.194087536541,1204957.0,3287.555,0.39962603119784035,0.4271023533196259,3287.555,0.3996229261222955,0.4270988041838993,3287.555,0.39927318492105285,0.42706427520969137,3287.555,0.3992732283238306,0.42706427954996923,4970,0.026554255988129327,0.026538071639696237,0.0020070054222411926,0.0,0.02676056338028169,0.031754895563809726,0.03173612530252701,0.002394689710883635,0.0,0.03199195171026157,0.031754895563809726,0.03173547342881489,0.002394689710883635,0.0,0.03199195171026157,1.0000006732397326,1.0,1.0
stockmarket,query2,2,1/4,1989.520363489166,1985.772855417803,2238259.0,3009488.0,0.0,0.0,4935.0,1929.8152121595592,1926.146265687421,2232711.0,3009488.0,150.0,10.0,4935.0,1925.034412917462,1921.3702031532302,2232277.0,5092086.0,162.0,10.0,4935.0,1925.0329303194621,1921.3702031532302,2232277.0,3009488.0,162.0,34.0,4935.0,0.7686433419585228,2082598.0,0.7686433419585228,2082598.0,0.7707259399585228,4165196.0,0.7686433419585228,2082598.0,0.0,0.0,0.0,0.0,0.0,0.0,0.0,0.0,0.0,0.0,0.0,0.0,0.0,0.0,0.0,0.0,1988.7517201472074,926890.0,1929.0465688176007,926890.0,1924.2636869775035,926890.0,1924.2642869775036,926890.0,3009.488,0.39908996543760017,0.43108425827481,3009.488,0.3990840956965094,0.43107806587822173,4794.572,0.3987396106716567,0.43104379373190976,2966.986,0.39873954362494385,0.4310437208476537,4935,0.030026893341653982,0.030009821676264425,0.002478712249118664,0.0,0.030395136778115502,0.032432033748906575,0.03241281253267003,0.0026726129549797806,-0.6920107340517723,0.03282674772036474,0.032432033748906575,0.03241355773640209,0.0026726129549797806,0.0,0.03282674772036474,0.999999229832989,0.591012799076842,0.6188218677287566
stockmarket,query2,2,inf,1987.48238615226,1983.804344881326,2063612.0,2739106.0,0.0,0.0,4927.0,1945.6885440567569,1942.0655007269233,2059747.0,2739106.0,105.0,0.0,4927.0,1932.5296999352825,1928.9231326216832,2058390.0,5478212.0,138.0,0.0,4927.0,1932.5286108292823,1928.9231326216832,2058390.0,2739106.0,138.0,0.0,4927.0,0.7409363482147455,1997594.0,0.7409363482147455,1997594.0,0.7429339422147455,3995188.0,0.7409363482147455,1997594.0,0.0,0.0,0.0,0.0,0.0,0.0,0.0,0.0,0.0,0.0,0.0,0.0,0.0,0.0,0.0,0.0,1986.7414498040453,741512.0,1944.9476077085421,741512.0,1931.7867659930675,1483024.0,1931.7876744810676,741512.0,2739.106,0.3966560831971518,0.43171725965172314,2739.106,0.39665279601317494,0.43171286417881466,5478.212,0.39595503073982535,0.43164530607401924,2739.106,0.3959539533646102,0.4316437205055167,4927,0.021039798739275084,0.021028534585614822,0.0018729296011071872,0.0,0.021311142683174345,0.02766462952924209,0.027649395335455185,0.002530514457175115,-1.0,0.02800893038360057,0.02766462952924209,0.027649943318173276,0.002530514457175115,0.0,0.02800893038360057,0.9999994364350518,0.5,0.5
stockmarket,query2,4,1,3913.39144399669,3906.1274439571425,4183678.0,5593956.0,0.0,0.0,9682.0,3802.32479533816,3795.2069856366143,4173354.0,5593956.0,279.0,0.0,9682.0,3761.655232016462,3754.602330480702,4141237.0,11145410.0,382.0,0.0,9682.0,3761.654788060462,3754.602330480702,4141237.0,5551454.0,382.0,0.0,9682.0,1.37546815443784,3740176.0,1.37546815443784,3740176.0,1.3641459627419719,7437850.0,1.360455786741972,3697674.0,0.0,0.0,0.0,0.0,0.0,0.0,0.0,0.0,0.0,0.0,0.0,0.0,0.0,0.0,0.0,0.0,3912.0159758422524,1853780.0,3800.9493271837223,1853780.0,3760.29108605372,3707560.0,3760.29433227372,1853780.0,5593.956,0.39915570672989514,0.42317525071868045,5593.956,0.39914800243051207,0.4231697080025009,11145.41,0.39802278338315894,0.4230605668318112,5551.454,0.39802253606788107,0.4230584952182001,9682,0.02839652825258543,0.028381175317616414,0.002467685132555575,0.0,0.028816360256145424,0.038791646112533495,0.038773584025947105,0.010144423160673433,-0.9924021568993393,0.03945465812848585,0.038791646112533495,0.03877369747128123,0.010144423160673433,0.007597843100660806,0.03945465812848585,0.9999998819785514,0.49809329580517897,0.49809329580517897
stockmarket,query2,4,1/16,3688.938490460627,3682.0600585062057,3942406.0,5265702.0,0.0,0.0,9167.0,3590.9977152349516,3584.248181873001,3933325.0,5265702.0,246.0,105.0,9167.0,3553.5688754601083,3546.871796229854,3929910.0,5265702.0,338.0,105.0,9167.0,3553.573475460108,3546.871796229854,3929910.0,5265702.0,338.0,105.0,9167.0,1.4044039929285645,3782678.0,1.4044039929285645,3782678.0,1.4044039929285645,3782678.0,1.4044039929285645,3782678.0,0.0,0.0,0.0,0.0,0.0,0.0,0.0,0.0,0.0,0.0,0.0,0.0,0.0,0.0,0.0,0.0,3687.534086467698,1483024.0,3589.593311242023,1483024.0,3552.1644714671797,1483024.0,3552.1690714671795,1483024.0,5265.702,0.3992471258307309,0.42100701138927626,5265.702,0.3992409426249376,0.421002882797824,5265.702,0.3980943696198669,0.4204297040023281,5265.702,0.3980945096758893,0.4204297180079304,9167,0.02656444356665011,0.026549853156658476,0.0023034157314086867,0.0,0.02683538780407985,0.03671538761678883,0.036696088956369444,0.0031696380332213447,0.0,0.036871386495036546,0.03671538761678883,0.0366948419851848,0.0031696380332213447,0.0,0.036871386495036546,1.0000012944732917,1.0,1.0
stockmarket,query2,4,1/4,4132.382224055007,4124.689042405225,4378468.0,5887862.0,0.0,0.0,10241.0,4018.4732050637867,4010.9299063356593,4367859.0,5887862.0,286.0,14.0,10241.0,3969.1123861575106,3961.6446711020544,4335045.0,10435576.0,405.0,14.0,10241.0,3968.7167485194636,3961.248201574199,4335008.0,5845360.0,406.0,64.0,10241.0,1.6704327575862408,4590216.0,1.6704327575862408,4590216.0,1.6598490865313205,9137930.0,1.6553088705313206,4547714.0,0.0,0.0,0.0,0.0,0.0,0.0,0.0,0.0,0.0,0.0,0.0,0.0,0.0,0.0,0.0,0.0,4130.711791297421,1297646.0,4016.8027723062005,1297646.0,3967.4525370709794,1297646.0,3967.0614396489323,1297646.0,5887.862,0.3990420795116445,0.42390291492698773,5887.862,0.3990351584373877,0.42389265853603336,9033.01,0.39844867788683813,0.422432232365387,5377.838,0.3984487468523554,0.42243223581366285,10241,0.02758005146570508,0.02756497652326173,0.0024229936132912355,0.0,0.027926960257787327,0.039528888026937214,0.03950985873162616,0.009917395764911352,-0.7723880077352356,0.039546919246167364,0.039625009097829955,0.039605599545664116,0.009925846209221989,0.007218579511544254,0.039644565960355434,0.9999003208779306,0.5601377441935165,0.5953539296425001
stockmarket,query2,4,inf,3937.2209920836613,3930.0040460759774,3929375.0,5215515.0,0.0,0.0,9761.0,3834.5508360623767,3827.469160044566,3919803.0,5215515.0,258.0,0.0,9761.0,3783.106928025999,3776.1061328174546,3886657.0,10388528.0,388.0,0.0,9761.0,3783.1082125109992,3776.1061328174546,3886657.0,5173013.0,388.0,0.0,9761.0,1.4111199211329222,3825180.0,1.4111199211329222,3825180.0,1.39993098712229,7607858.0,1.3961558071222901,3782678.0,0.0,0.0,0.0,0.0,0.0,0.0,0.0,0.0,0.0,0.0,0.0,0.0,0.0,0.0,0.0,0.0,3935.8098721625283,1390335.0,3833.1397161412438,1390335.0,3781.706997038877,2780670.0,3781.712056703877,1390335.0,5215.515,0.399468970637897,0.4184111656147087,5215.515,0.3994646489177028,0.4184066743769779,10388.528,0.39861672465469095,0.4183259526670895,5173.013,0.39861618886848404,0.4183243265716412,9761,0.026090274928289303,0.026076808039913746,0.002436010815969447,0.0,0.02643171806167401,0.039159734049685424,0.03914285339012724,0.010871449021791046,-0.9918508526962342,0.039750025612129904,0.039159734049685424,0.03914252714859734,0.010871449021791046,0.008149147303765814,0.039750025612129904,1.0000003395317723,0.49795437813711435,0.4979543781371143
stockmarket,query2,8,1,8026.029938453808,8011.087692953646,8448894.0,11350704.0,0.0,0.0,19961.0,7809.91961090521,7795.262086740695,8428834.0,11350704.0,543.0,0.0,19961.0,7586.880688829496,7572.741981160827,7928769.0,21978874.0,1119.0,0.0,19961.0,7586.898138125496,7572.741981160827,7928769.0,10628170.0,1119.0,0.0,19961.0,3.2282957434654236,8755412.0,3.2282957434654236,8755412.0,2.980578068896114,16788290.0,2.972672656896114,8032878.0,0.0,0.0,0.0,0.0,0.0,0.0,0.0,0.0,0.0,0.0,0.0,0.0,0.0,0.0,0.0,0.0,8022.801642710343,2595292.0,7806.691315161745,2595292.0,7583.9001107606,5190584.0,7583.9254654686,2595292.0,11350.704,0.39871728943062823,0.41351559515575625,11350.704,0.3987115197537259,0.41351047475275055,21978.874,0.3981389858839697,0.4134569569476511,10628.17,0.3981388140844773,0.41345506363883133,19961,0.026940861776208802,0.026926180092250118,0.0023742752601702,0.0,0.027203045939582185,0.054717377788583876,0.054715625656999944,0.06156131204865389,-0.936344565059577,0.05605931566554782,0.054717377788583876,0.05471345156892227,0.06156131204865389,0.06365543494042303,0.05605931566554782,1.0000022999301974,0.4835629887136165,0.4835629887136165
stockmarket,query2,8,1/16,7851.839158122428,7837.207828039303,8352371.0,11242645.0,0.0,0.0,19460.0,7634.0635277418805,7619.718711204827,8332159.0,11242645.0,547.0,235.0,19460.0,7452.299642219702,7438.214083488099,8314629.0,11242645.0,999.0,235.0,19460.0,7452.322242219702,7438.214083488099,8314629.0,11242645.0,999.0,235.0,19460.0,3.2764910692349076,8925420.0,3.2764910692349076,8925420.0,3.2764910692349076,8925420.0,3.2764910692349076,8925420.0,0.0,0.0,0.0,0.0,0.0,0.0,0.0,0.0,0.0,0.0,0.0,0.0,0.0,0.0,0.0,0.0,7848.562667053193,2317225.0,7630.787036672646,2317225.0,7449.023151150467,2317225.0,7449.045751150467,2317225.0,11242.645,0.3987244049099031,0.41386085686677243,11242.645,0.39871751729304056,0.4138544307977768,11242.645,0.39765880058545994,0.41374607298632987,11242.645,0.39765892797399494,0.41374608254046996,19460,0.02775084208643319,0.027735620406241557,0.0024199116634067153,0.0,0.028108941418293936,0.05091019063239821,0.05088483193003479,0.0045187169008655825,0.0,0.0513360739979445,0.05091019063239821,0.05088195362349479,0.0045187169008655825,0.0,0.0513360739979445,1.0000030326209473,1.0,1.0
stockmarket,query2,8,1/4,8067.040364338085,8052.345994261093,7778545.0,10303524.0,0.0,0.0,20036.0,7858.150236628048,7843.7310061259195,7759139.0,10303524.0,525.0,30.0,20036.0,7676.742385419023,7662.597659048624,7685457.0,17741374.0,978.0,30.0,20036.0,7675.5407789703295,7661.394836915657,7657154.0,10176018.0,982.0,117.0,20036.0,2.817736640572548,7522854.0,2.817736640572548,7522854.0,2.795134759180812,14960704.0,2.7725880181258917,7395348.0,0.0,0.0,0.0,0.0,0.0,0.0,0.0,0.0,0.0,0.0,0.0,0.0,0.0,0.0,0.0,0.0,8064.2226276975125,2780670.0,7855.332499987476,2780670.0,7673.947250659842,2780670.0,7672.768190952203,2780670.0,10303.524,0.39864969351781065,0.41031258474714805,10303.524,0.3986441963628254,0.41031097293359287,15191.254,0.39784684589146135,0.4097457662048317,8985.962,0.39784664105174333,0.4097457756625871,20036,0.02590735523335108,0.02589427079520712,0.0024948110475673246,0.0,0.026202834897185067,0.048401836618824245,0.04838180563028416,0.011967276656495551,-0.7218743800664704,0.04881213815132761,0.048551211985186304,0.04853075820699437,0.015605874877628101,0.01237498937256809,0.049011778798163305,0.9998434744337682,0.5735755302830547,0.5915220692116661
stockmarket,query2,8,inf,7991.171616833657,7976.4788515986875,8137556.0,10817156.0,0.0,0.0,19794.0,7748.386028610063,7734.013492506929,8115039.0,10817156.0,610.0,0.0,19794.0,7517.99924741904,7504.0052023641765,7952150.0,21421802.0,1187.0,0.0,19794.0,7518.01728026304,7504.0052023641765,7952150.0,10604646.0,1187.0,0.0,19794.0,2.7736747227609158,7480352.0,2.7736747227609158,7480352.0,2.7055086782044193,14748194.0,2.698278326204419,7267842.0,0.0,0.0,0.0,0.0,0.0,0.0,0.0,0.0,0.0,0.0,0.0,0.0,0.0,0.0,0.0,0.0,7988.397942110896,3336804.0,7745.612353887302,3336804.0,7515.293738740836,6673608.0,7515.319001936837,3336804.0,10817.156,0.3987484859388279,0.41305101723749177,10817.156,0.3987411485686375,0.4130449408152061,21421.802,0.39843306606471096,0.4123731199441601,10604.646,0.39843309799319127,0.4123711699205331,19794,0.030397543026540186,0.030381726217987737,0.0027670470101833766,0.0,0.03081741942002627,0.0592333607378418,0.05921188933270616,0.02278399067238368,-0.9803543556180572,0.05996766696978882,0.0592333607378418,0.05920963273694457,0.02278399067238368,0.01964564438194294,0.05996766696978882,1.0000023986227462,0.49503986639405967,0.4950398663940597
stockmarket,query2,16,inf,15531.41821631603,15502.546044015326,16437831.0,22024984.0,0.0,0.0,38530.0,15095.189898929315,15066.89152839128,16397350.0,22024984.0,1096.0,0.0,38530.0,14231.142717111306,14204.811557904817,14542281.0,41372342.0,3272.0,0.0,38530.0,14231.229492127308,14204.811557904817,14542281.0,19347358.0,3272.0,0.0,38530.0,6.003962775692344,16278266.0,6.003962775692344,16278266.0,5.070302843791095,29878906.0,5.057174577791095,13600640.0,0.0,0.0,0.0,0.0,0.0,0.0,0.0,0.0,0.0,0.0,0.0,0.0,0.0,0.0,0.0,0.0,15525.414253540337,5746718.0,15089.185936153623,5746718.0,14226.072414267515,11493436.0,14226.172317549517,5746718.0,22024.984,0.39831660720694345,0.40752991564245894,22024.984,0.3983094630227424,0.40752256183052665,41372.342,0.39817705140972975,0.4073351463366198,19347.358,0.39817705140972975,0.40733404565474485,38530,0.02810212686271807,0.028086830919822225,0.002462672842907354,0.0,0.028445367246301582,0.0837110551019129,0.08371904491238025,0.1153163090677839,-0.8784277890962373,0.08492084090319232,0.0837110551019129,0.0837134578491261,0.1153163090677839,0.12157221090376269,0.08492084090319232,1.0000060975437972,0.46763990300573266,0.4676399030057327
stockmarket,query2,50,inf,49442.82064847648,49351.11343506724,51938800.0,69540200.0,0.0,0.0,122600.0,48089.58994648801,47999.66490287334,51813200.0,69540200.0,3400.0,0.0,122600.0,41147.313901500216,41074.47946090251,34258400.0,113579200.0,21000.0,0.0,122600.0,41148.1243613001,41074.47946090251,34258400.0,44039000.0,21000.0,0.0,122600.0,18.83971095085144,51002400.0,18.83971095085144,51002400.0,9.840639598567389,76503600.0,9.81963719856739,25501200.0,0.0,0.0,0.0,0.0,0.0,0.0,0.0,0.0,0.0,0.0,0.0,0.0,0.0,0.0,0.0,0.0,49423.98093752563,18537800.0,48070.75023553716,18537800.0,41137.47326190165,37075600.0,41138.30472410153,18537800.0,69540.2,0.3979946947656572,0.4071289818850346,69540.2,0.39798762055579573,0.40709017448825763,113579.2,0.3976686940295622,0.4070815083454363,44039.0,0.3976686940295622,0.4070815083454363,122600,0.027384357477000854,0.02736960966708457,0.002418230686885292,0.0,0.02773246329526917,0.16770916394935131,0.16777980378495827,0.3404083267229894,-0.6332883713305397,0.17128874388254486,0.16770916394935131,0.1677634119248408,0.3404083267229894,0.3667116286694603,0.17128874388254486,1.0000196965420836,0.38773824784819755,0.38773824784819755
stockmarket,query3,1,inf,3556.4814859358594,3551.578603534028,353054.0,76171.0,0.0,0.0,7985.0,3502.776708242906,3497.943259104155,349218.0,76171.0,132.0,0.0,7985.0,3502.776784413906,3497.943259104155,349218.0,152342.0,132.0,0.0,7985.0,3502.776708242906,3497.943259104155,349218.0,76171.0,132.0,0.0,7985.0,0.0,0.0,0.0,0.0,0.0,0.0,0.0,0.0,0.0,0.0,0.0,0.0,0.0,0.0,0.0,0.0,0.0,0.0,0.0,0.0,0.0,0.0,0.0,0.0,3556.4814859358594,76171.0,3502.776708242906,76171.0,3502.776784413906,152342.0,3502.776708242906,76171.0,76.171,0.4154945824767894,0.6230628426726866,76.171,0.41377279831977287,0.6220217184285465,152.342,0.41377279831977287,0.6220218483577575,76.171,0.41377279831977287,0.6220217184285465,7985,0.0151018322884654,0.015100536275903464,0.010865193426501274,0.0,0.016530995616781466,0.0151018322884654,0.015100514858387148,0.010865193426501274,-1.0,0.016530995616781466,0.0151018322884654,0.015100536275903464,0.010865193426501274,0.0,0.016530995616781466,0.9999999782541096,0.5,0.5
stockmarket,query3,2,1,7383.18393818289,7372.9033577777445,926586.0,457026.0,0.0,0.0,16604.0,7276.7945769196185,7266.654548360966,918123.0,457026.0,263.0,0.0,16604.0,7265.236826040008,7255.1129284296185,917156.0,914052.0,292.0,0.0,16604.0,7265.237819014008,7255.1129284296185,917156.0,457026.0,292.0,0.0,16604.0,0.0,0.0,0.0,0.0,0.0,0.0,0.0,0.0,0.0,0.0,0.0,0.0,0.0,0.0,0.0,0.0,0.0,0.0,0.0,0.0,0.0,0.0,0.0,0.0,7383.18393818289,457026.0,7276.7945769196185,457026.0,7265.236826040008,914052.0,7265.237819014008,457026.0,457.026,0.4088861499230471,0.6387561373680324,457.026,0.4078866560564093,0.6382083330691568,914.052,0.40756067284809067,0.6382074679710957,457.026,0.407560713564703,0.6382072570741902,16604,0.014410715054971601,0.014409685869136823,0.009133528889924913,0.0,0.015839556733317273,0.015976125500664295,0.01597510141023395,0.010177144916931669,-1.0,0.017586123825584197,0.015976125500664295,0.015974966918934852,0.010177144916931669,0.0,0.017586123825584197,1.0000001366746913,0.5,0.5
stockmarket,query3,2,1/16,7140.201664103195,7130.180538715795,1101670.0,761710.0,0.0,0.0,15999.0,7018.93494751446,7009.071834154427,1092347.0,761710.0,297.0,10.0,15999.0,6966.922637164668,6957.13198104687,1088209.0,761710.0,422.0,10.0,15999.0,6966.928887164668,6957.13198104687,1088209.0,761710.0,422.0,75.0,15999.0,0.0,0.0,0.0,0.0,0.0,0.0,0.0,0.0,0.0,0.0,0.0,0.0,0.0,0.0,0.0,0.0,0.0,0.0,0.0,0.0,0.0,0.0,0.0,0.0,7140.201664103195,761710.0,7018.93494751446,761710.0,6966.922637164668,761710.0,6966.928887164668,761710.0,761.71,0.4051684822083207,0.6343200221455222,761.71,0.4025279184832683,0.6336057984963982,761.71,0.4015381843345155,0.6331944624018367,761.71,0.40153830789299977,0.6331944624018367,15999,0.01698536297976827,0.016983654285059435,0.008462606769722325,0.0,0.0185636602287643,0.024269870409212912,0.024268085845484344,0.012218722484954703,0.0,0.026376648540533783,0.024269870409212912,0.024267210520067306,0.012218722484954703,0.0,0.026376648540533783,1.0000008970962253,1.0,1.0
stockmarket,query3,2,1/4,7536.481149561703,7525.854809746146,1186868.0,837881.0,0.0,0.0,16971.0,7428.913370721887,7418.427344982512,1178606.0,837881.0,264.0,11.0,16971.0,7417.082814956695,7406.611540401354,1177869.0,837881.0,290.0,11.0,16971.0,7417.084114956695,7406.611540401354,1177869.0,837881.0,290.0,11.0,16971.0,0.0,0.0,0.0,0.0,0.0,0.0,0.0,0.0,0.0,0.0,0.0,0.0,0.0,0.0,0.0,0.0,0.0,0.0,0.0,0.0,0.0,0.0,0.0,0.0,7536.481149561703,837881.0,7428.913370721887,837881.0,7417.082814956695,837881.0,7417.084114956695,837881.0,837.881,0.4050759733397895,0.6167051502598051,837.881,0.4019208399646958,0.6153334883010348,837.881,0.4016073634936828,0.6150167644593155,837.881,0.40160740286376156,0.6150167644593155,16971,0.014274453531114228,0.01427294472116769,0.006961178496681986,0.0,0.015555948382534912,0.015844481771076557,0.01584271654576508,0.007582140558174966,0.0,0.017087973602026987,0.015844481771076557,0.015842544051470453,0.007582140558174966,0.0,0.017087973602026987,1.0000001752710643,1.0,1.0
stockmarket,query3,2,inf,7075.892411196604,7065.884929927066,1144576.0,837881.0,0.0,0.0,15963.0,6969.001319617081,6959.133029041812,1136198.0,837881.0,262.0,0.0,15963.0,6932.852436262799,6923.0274318559095,1133347.0,1675762.0,337.0,0.0,15963.0,6932.855348381799,6923.0274318559095,1133347.0,837881.0,337.0,0.0,15963.0,0.0,0.0,0.0,0.0,0.0,0.0,0.0,0.0,0.0,0.0,0.0,0.0,0.0,0.0,0.0,0.0,0.0,0.0,0.0,0.0,0.0,0.0,0.0,0.0,7075.892411196604,837881.0,6969.001319617081,837881.0,6932.852436262799,1675762.0,6932.855348381799,837881.0,837.881,0.4101625763685195,0.6102678353899725,837.881,0.4075741488602167,0.6094348696926128,1675.762,0.40693041141828384,0.6082780328392793,837.881,0.4069304919335817,0.6082774624767189,15963,0.015108072370824233,0.015106376039633274,0.007319741109371503,0.0,0.016412954958341164,0.020217920258804867,0.020215114450788607,0.009810619827778977,-1.0,0.021111319927331954,0.020217920258804867,0.02021470289577465,0.009810619827778977,0.0,0.021111319927331954,1.000000420046298,0.5,0.5
stockmarket,query3,4,1,14286.679628474638,14266.68428850919,2011900.0,1218736.0,0.0,0.0,32074.0,14117.723949704376,14097.949353707023,1998432.0,1218736.0,414.0,0.0,32074.0,13923.920353321424,13904.399303346872,1983733.0,2437472.0,847.0,0.0,32074.0,13923.940784585426,13904.399303346872,1983733.0,1218736.0,847.0,0.0,32074.0,0.0,0.0,0.0,0.0,0.0,0.0,0.0,0.0,0.0,0.0,0.0,0.0,0.0,0.0,0.0,0.0,0.0,0.0,0.0,0.0,0.0,0.0,0.0,0.0,14286.679628474638,1218736.0,14117.723949704376,1218736.0,13923.920353321424,2437472.0,13923.940784585426,1218736.0,1218.736,0.40362511882482127,0.6563005258391553,1218.736,0.40170628932028196,0.6547793516674508,2437.472,0.40169686944728644,0.6512019714878394,1218.736,0.40169686944728644,0.651201498020558,32074,0.01182720044755392,0.011826098377226701,0.006694169690342422,0.0,0.012907651056930848,0.02539377600541093,0.025391433460172363,0.014000198817038623,-1.0,0.02640768223483195,0.02539377600541093,0.025390003368329306,0.014000198817038623,0.0,0.02640768223483195,1.000001467349962,0.5,0.5
stockmarket,query3,4,1/16,14640.374448119663,14619.980398709886,1933208.0,1066394.0,0.0,0.0,32867.0,14428.66346457937,14408.544724236242,1916458.0,1066394.0,517.0,14.0,32867.0,14315.264163022,14295.294076360762,1908070.0,1066394.0,771.0,14.0,32867.0,14315.276863022002,14295.294076360762,1908070.0,1066394.0,771.0,165.0,32867.0,0.0,0.0,0.0,0.0,0.0,0.0,0.0,0.0,0.0,0.0,0.0,0.0,0.0,0.0,0.0,0.0,0.0,0.0,0.0,0.0,0.0,0.0,0.0,0.0,14640.374448119663,1066394.0,14428.66346457937,1066394.0,14315.264163022,1066394.0,14315.276863022002,1066394.0,1066.394,0.40280464425514156,0.6499819953274107,1066.394,0.402234417786678,0.6493339143991427,1066.394,0.40222735086492745,0.6474696586113763,1066.394,0.40222735086492745,0.6474696586113763,32867,0.014462103826917705,0.014460762891722712,0.008664354792655482,0.0,0.015730063589618766,0.022208396556932075,0.022206418712153786,0.013003256762852189,0.0,0.023458179937323152,0.022208396556932075,0.022205551248002053,0.013003256762852189,0.0,0.023458179937323152,1.000000887164907,1.0,1.0
stockmarket,query3,4,1/4,14469.322416659445,14449.110665524378,1929082.0,1066394.0,0.0,0.0,32524.0,14276.391991787128,14256.434230039828,1913706.0,1066394.0,477.0,14.0,32524.0,13968.196672772954,13948.639040973969,1889685.0,1066394.0,1153.0,14.0,32524.0,13968.230472772955,13948.639040973969,1889685.0,1066394.0,1153.0,14.0,32524.0,0.0,0.0,0.0,0.0,0.0,0.0,0.0,0.0,0.0,0.0,0.0,0.0,0.0,0.0,0.0,0.0,0.0,0.0,0.0,0.0,0.0,0.0,0.0,0.0,14469.322416659445,1066394.0,14276.391991787128,1066394.0,13968.196672772954,1066394.0,13968.230472772955,1066394.0,1066.394,0.4013147699188773,0.655707071144406,1066.394,0.39962893749512396,0.6548587666252152,1066.394,0.3996099319129775,0.6494328281944359,1066.394,0.3996099319129775,0.6494328281944359,32524,0.013334830076724202,0.013333756710693256,0.007970630590094174,0.0,0.014666092731521339,0.03463684624857477,0.03463367042740806,0.020422667361988722,0.0,0.03545074406592055,0.03463684624857477,0.034631334450710094,0.020422667361988722,0.0,0.03545074406592055,1.000002419782653,1.0,1.0
stockmarket,query3,4,inf,14985.149231154472,14964.329622293822,1964777.0,1066394.0,0.0,0.0,33532.0,14779.04525596813,14758.491650651209,1949035.0,1066394.0,501.0,0.0,33532.0,14514.638811277955,14494.428450240754,1928801.0,2132788.0,1087.0,0.0,33532.0,14514.667044883956,14494.428450240754,1928801.0,1066394.0,1087.0,0.0,33532.0,0.0,0.0,0.0,0.0,0.0,0.0,0.0,0.0,0.0,0.0,0.0,0.0,0.0,0.0,0.0,0.0,0.0,0.0,0.0,0.0,0.0,0.0,0.0,0.0,14985.149231154472,1066394.0,14779.04525596813,1066394.0,14514.638811277955,2132788.0,14514.667044883956,1066394.0,1066.394,0.4036682620752863,0.673472305579256,1066.394,0.4017443077453333,0.6713604930798146,2132.788,0.4011862804724983,0.6673338384067535,1066.394,0.40118631467222476,0.6673331975700231,33532,0.013755241754094816,0.013753882060636768,0.008012105190563612,0.0,0.014940951926517954,0.031401418166638884,0.031398447397394946,0.018310474929215892,-1.0,0.032416795896457115,0.031401418166638884,0.03139656329163354,0.018310474929215892,0.0,0.032416795896457115,1.0000019451814384,0.5,0.5
stockmarket,query3,8,1,28654.548323362134,28614.332893281244,4074631.0,2513643.0,0.0,0.0,64539.0,28251.10591671135,28211.41492262855,4042952.0,2513643.0,984.0,0.0,64539.0,27068.708800196357,27030.554802693427,3952951.0,5027286.0,3600.0,0.0,64539.0,27068.837086553358,27030.554802693427,3952951.0,2513643.0,3600.0,0.0,64539.0,0.0,0.0,0.0,0.0,0.0,0.0,0.0,0.0,0.0,0.0,0.0,0.0,0.0,0.0,0.0,0.0,0.0,0.0,0.0,0.0,0.0,0.0,0.0,0.0,28654.548323362134,2513643.0,28251.10591671135,2513643.0,27068.708800196357,5027286.0,27068.837086553358,2513643.0,2513.643,0.4006969996158532,0.6958118112816527,2513.643,0.39991321165671245,0.6938682159177447,5027.286,0.3988704033838475,0.6816968642826362,2513.643,0.39887046707811497,0.6816964179302796,64539,0.01408098424504245,0.014079524203208571,0.007774691745093043,0.0,0.015246595082043415,0.05534911809737475,0.055343378833608736,0.02986282684247976,-1.0,0.05578022590991494,0.05534911809737475,0.055338901835557563,0.02986282684247976,0.0,0.05578022590991494,1.0000047392861606,0.5,0.5
stockmarket,query3,8,1/16,28572.1567563368,28532.255435607396,3781725.0,2056617.0,0.0,0.0,64157.0,28160.197894499866,28120.832122351043,3749633.0,2056617.0,1006.0,27.0,64157.0,27830.384012662842,27791.442573407665,3725321.0,2056617.0,1735.0,27.0,64157.0,27830.42046266284,27791.442573407665,3725321.0,2056617.0,1735.0,293.0,64157.0,0.0,0.0,0.0,0.0,0.0,0.0,0.0,0.0,0.0,0.0,0.0,0.0,0.0,0.0,0.0,0.0,0.0,0.0,0.0,0.0,0.0,0.0,0.0,0.0,28572.1567563368,2056617.0,28160.197894499866,2056617.0,27830.384012662842,2056617.0,27830.42046266284,2056617.0,2056.617,0.3989157100114732,0.6913725344412107,2056.617,0.39786806750479425,0.6900510378959257,2056.617,0.3978588827854029,0.6872608543704459,2056.617,0.3978588827854029,0.6872608543704459,64157,0.01441958607810967,0.01441819269543132,0.008486074476594663,0.0,0.015680284302570256,0.025964048438849252,0.025961384364498352,0.01491488672497343,0.0,0.027043035054631608,0.025964048438849252,0.025960108647011926,0.01491488672497343,0.0,0.027043035054631608,1.000001309719621,1.0,1.0
stockmarket,query3,8,1/4,29324.462871883996,29283.688627612777,3680228.0,1828104.0,0.0,0.0,65825.0,28926.908884635053,28886.651542848907,3649147.0,1828104.0,970.0,24.0,65825.0,28017.17456535378,27978.086997672915,3582702.0,1828104.0,2991.0,24.0,65825.0,28017.27561535378,27978.086997672915,3582702.0,1828104.0,2991.0,24.0,65825.0,0.0,0.0,0.0,0.0,0.0,0.0,0.0,0.0,0.0,0.0,0.0,0.0,0.0,0.0,0.0,0.0,0.0,0.0,0.0,0.0,0.0,0.0,0.0,0.0,29324.462871883996,1828104.0,28926.908884635053,1828104.0,28017.17456535378,1828104.0,28017.27561535378,1828104.0,1828.104,0.40007045233683963,0.6980822536780743,1828.104,0.39903309530910613,0.6957509566867449,1828.104,0.39900722872028144,0.6882131969838761,1828.104,0.39900722872028144,0.6882131969838761,65825,0.01355830168162242,0.013557076526373946,0.008445400665393565,0.0,0.014736042537030003,0.04458460293519029,0.04458012793760768,0.02649998858766356,0.0,0.04543866312191416,0.04458460293519029,0.04457668200918807,0.02649998858766356,0.0,0.04543866312191416,1.0000036067162934,1.0,1.0
stockmarket,query3,8,inf,28705.880289173685,28665.71193758957,4115435.0,2589814.0,0.0,0.0,64445.0,28314.9529594191,28275.294578790665,4084758.0,2589814.0,956.0,0.0,64445.0,27288.888534969097,27250.552058161236,4008382.0,5179628.0,3213.0,0.0,64445.0,27288.998795155097,27250.552058161236,4008382.0,2589814.0,3213.0,0.0,64445.0,0.0,0.0,0.0,0.0,0.0,0.0,0.0,0.0,0.0,0.0,0.0,0.0,0.0,0.0,0.0,0.0,0.0,0.0,0.0,0.0,0.0,0.0,0.0,0.0,28705.880289173685,2589814.0,28314.9529594191,2589814.0,27288.888534969097,5179628.0,27288.998795155097,2589814.0,2589.814,0.4008992114397237,0.6901039632534025,2589.814,0.39934771313080125,0.6885941173720231,5179.628,0.3993207178015025,0.6790931120131587,2589.814,0.3993207178015025,0.6790923688814514,64445,0.013619663786788694,0.013618371072982582,0.0074541330381843185,0.0,0.014834354876251067,0.049367686471886496,0.049362421215802255,0.02601256003314356,-1.0,0.04985646675459694,0.049367686471886496,0.04935858018445649,0.02601256003314356,0.0,0.04985646675459694,1.000004040479181,0.5,0.5
stockmarket,query3,16,inf,57506.382065509446,57426.12963882089,7715486.0,4341747.0,0.0,0.0,129165.0,56699.88632910968,56620.679072718136,7653494.0,4341747.0,1965.0,0.0,129165.0,52646.192785219566,52572.235196055844,7345700.0,8683494.0,10924.0,0.0,129165.0,52646.636393472494,52572.235196055844,7345700.0,4341747.0,10924.0,0.0,129165.0,0.0,0.0,0.0,0.0,0.0,0.0,0.0,0.0,0.0,0.0,0.0,0.0,0.0,0.0,0.0,0.0,0.0,0.0,0.0,0.0,0.0,0.0,0.0,0.0,57506.382065509446,4341747.0,56699.88632910968,4341747.0,52646.192785219566,8683494.0,52646.636393472494,4341747.0,4341.747,0.39765558677733653,0.7320431136423591,4341.747,0.3976310570153159,0.7296901674414323,8683.494,0.39757297488945875,0.7091084792645368,4341.747,0.39757297488945875,0.7091081217661012,129165,0.014025854975228125,0.014024456198288293,0.008034749852439571,0.0,0.015213099523864824,0.08452414385739382,0.08451565036300335,0.04792776501700602,-1.0,0.08457399450315488,0.08452414385739382,0.08450793629306885,0.04792776501700602,0.0,0.08457399450315488,1.0000084262171576,0.5,0.5
stockmarket,query3,50,inf,181179.50123865157,180926.10602974892,25299000.0,15234200.0,0.0,0.0,407000.0,178639.70969836376,178389.61515203118,25100800.0,15234200.0,6200.0,0.0,407000.0,149064.86806645067,148853.31468582153,22833800.0,30468400.0,72000.0,0.0,407000.0,149068.1428322499,148853.31468582153,22833800.0,15234200.0,72000.0,0.0,407000.0,0.0,0.0,0.0,0.0,0.0,0.0,0.0,0.0,0.0,0.0,0.0,0.0,0.0,0.0,0.0,0.0,0.0,0.0,0.0,0.0,0.0,0.0,0.0,0.0,181179.50123865157,15234200.0,178639.70969836376,15234200.0,149064.86806645067,30468400.0,149068.1428322499,15234200.0,15234.2,0.39766753499861807,0.751472666324116,15234.2,0.3976417266530916,0.7503762644948435,30468.4,0.3974702003179118,0.7031656110892073,15234.2,0.3974702003179118,0.7031656110892073,407000,0.014019485265993947,0.014018095440843314,0.007834301751057371,0.0,0.015233415233415233,0.17727011346087218,0.17725312716199149,0.09744258666350447,-1.0,0.1769041769041769,0.17727011346087218,0.1772350524583035,0.09744258666350447,0.0,0.1769041769041769,1.000021968729733,0.5,0.5
stockmarket,query4,1,inf,734.1003518616781,732.729055179283,568966.0,648823.0,0.0,0.0,1829.0,696.4655662042522,695.147617219016,565170.0,648823.0,92.0,0.0,1829.0,696.4662150272522,695.147617219016,565170.0,1297646.0,92.0,0.0,1829.0,696.4655662042522,695.147617219016,565170.0,648823.0,92.0,0.0,1829.0,0.03395289555191994,0.0,0.03395289555191994,0.0,0.03395289555191994,0.0,0.03395289555191994,0.0,0.0,0.0,0.0,0.0,0.0,0.0,0.0,0.0,0.0,0.0,0.0,0.0,0.0,0.0,0.0,0.0,734.0663989661261,648823.0,696.4316133087003,648823.0,696.4322621317003,1297646.0,696.4316133087003,648823.0,648.823,0.40011558124633956,0.4277002233454796,648.823,0.40008955124816664,0.42584726758701,1297.646,0.4000908209604954,0.4258500609541333,648.823,0.40008955124816664,0.42584726758701,1829,0.05128967889921021,0.05126654082372262,0.006671751914877122,0.0,0.05030071077091307,0.05128967889921021,0.05126565698951879,0.006671751914877122,-1.0,0.05030071077091307,0.05128967889921021,0.05126654082372262,0.006671751914877122,0.0,0.05030071077091307,0.9999990684070728,0.5,0.5
stockmarket,query4,2,1,1165.3848684057593,1163.0479264240712,1357351.0,1668402.0,0.0,0.0,2893.0,1141.7299624447503,1139.4262995226309,1354801.0,1668402.0,57.0,0.0,2893.0,1137.338781789025,1135.0407832218334,1354155.0,3336804.0,68.0,0.0,2893.0,1137.337663387025,1135.0407832218334,1354155.0,1668402.0,68.0,0.0,2893.0,0.053225077688694,0.0,0.053225077688694,0.0,0.053225077688694,0.0,0.053225077688694,0.0,0.0,0.0,0.0,0.0,0.0,0.0,0.0,0.0,0.0,0.0,0.0,0.0,0.0,0.0,0.0,0.0,1165.3316433280706,1668402.0,1141.6767373670616,1668402.0,1137.2855567113363,3336804.0,1137.2844383093363,1668402.0,1668.402,0.4002175282425278,0.4299338252674732,1668.402,0.40020463821053326,0.4286517366534803,3336.804,0.4002043192591332,0.4286485970422108,1668.402,0.4002020790416106,0.42864418661396303,2893,0.02031010620006679,0.02029793470149377,0.0018786592414195002,0.0,0.0197027307293467,0.02408081607466428,0.024065943686999547,0.0023545862492457825,-1.0,0.023505012098167993,0.02408081607466428,0.024066903371675608,0.0023545862492457825,0.0,0.023505012098167993,0.9999990166500801,0.5,0.5
stockmarket,query4,2,1/16,1228.8593882247806,1226.5087681896985,1106072.0,1297646.0,0.0,0.0,3052.0,1188.0948958563736,1185.8013329934329,1101760.0,1297646.0,98.0,14.0,3052.0,1181.7205407212455,1179.4372187228873,1100971.0,1297646.0,114.0,14.0,3052.0,1181.7213407212453,1179.4372187228873,1100971.0,1297646.0,114.0,213.0,3052.0,0.053225077688694,0.0,0.053225077688694,0.0,0.053225077688694,0.0,0.053225077688694,0.0,0.0,0.0,0.0,0.0,0.0,0.0,0.0,0.0,0.0,0.0,0.0,0.0,0.0,0.0,0.0,0.0,1228.8061631470919,1297646.0,1188.0416707786849,1297646.0,1181.6673156435568,1297646.0,1181.6681156435566,1297646.0,1297.646,0.39956116886575244,0.4318298136830765,1297.646,0.399541910595545,0.42968720496314283,1297.646,0.39953946293482256,0.42968298756868806,1297.646,0.39953946293482256,0.42968298756868806,3052,0.03318968135576306,0.033172625573781644,0.0038984803882567975,0.0,0.03211009174311927,0.038378485900502524,0.03835983836330714,0.004611815505681349,0.0,0.037352555701179554,0.038378485900502524,0.038359187353104174,0.004611815505681349,0.0,0.037352555701179554,1.0000006769790084,1.0,1.0
stockmarket,query4,2,1/4,1347.4312824746594,1344.7726679341868,1451400.0,1761091.0,0.0,0.0,3351.0,1287.192940892266,1284.61858938355,1444854.0,1761091.0,144.0,19.0,3351.0,1282.8099136508881,1280.2425416335464,1444328.0,1761091.0,155.0,19.0,3351.0,1282.810463650888,1280.2425416335464,1444328.0,1761091.0,155.0,19.0,3351.0,0.06422062963247299,0.0,0.06422062963247299,0.0,0.06422062963247299,0.0,0.06422062963247299,0.0,0.0,0.0,0.0,0.0,0.0,0.0,0.0,0.0,0.0,0.0,0.0,0.0,0.0,0.0,0.0,0.0,1347.367061845027,1761091.0,1287.1287202626336,1761091.0,1282.7456930212556,1761091.0,1282.7462430212556,1761091.0,1761.091,0.39943845431071834,0.42650768882540374,1761.091,0.39940440597673577,0.4233941798879495,1761.091,0.399401707842378,0.4233941798879495,1761.091,0.399401707842378,0.4233941798879495,3351,0.0447317825421335,0.04470605838374264,0.004510128152129034,0.0,0.04297224709042077,0.047985899653783304,0.047958934651635254,0.004872536860961785,0.0,0.0462548492987168,0.047985899653783304,0.04795852646755405,0.004872536860961785,0.0,0.0462548492987168,1.000000428746297,1.0,1.0
stockmarket,query4,2,inf,1080.6906981486827,1078.4031655797735,1555603.0,1946469.0,0.0,0.0,2687.0,1035.7177022062658,1033.4945908663794,1550679.0,1946469.0,110.0,0.0,2687.0,1031.3382197696906,1029.1203937260434,1550097.0,3892938.0,121.0,0.0,2687.0,1031.3368233006906,1029.1203937260434,1550097.0,1946469.0,121.0,0.0,2687.0,0.058722853660583496,0.0,0.058722853660583496,0.0,0.058722853660583496,0.0,0.058722853660583496,0.0,0.0,0.0,0.0,0.0,0.0,0.0,0.0,0.0,0.0,0.0,0.0,0.0,0.0,0.0,0.0,0.0,1080.6319752950221,1946469.0,1035.6589793526052,1946469.0,1031.27949691603,3892938.0,1031.27810044703,1946469.0,1946.469,0.40019380778468505,0.42722207348968005,1946.469,0.4001733801681891,0.42569552329111776,3892.938,0.40017332338243405,0.4257004420632036,1946.469,0.4001721860940905,0.42569552329111776,2687,0.041643585763447066,0.041615048616093,0.0031653320288016484,0.0,0.04093784890212133,0.045699765567022044,0.04566753323919348,0.0035394634749353893,-1.0,0.04503163379233346,0.045699765567022044,0.04566882543963746,0.0035394634749353893,0.0,0.04503163379233346,0.9999986459640755,0.5,0.5
stockmarket,query4,4,1,2508.652141265571,2503.623445178382,2934365.0,3614871.0,0.0,0.0,6203.0,2420.913670347627,2416.00938013196,2924930.0,3614871.0,213.0,0.0,6203.0,2390.6318181998554,2385.7736125551164,2921173.0,7229742.0,289.0,0.0,6203.0,2390.6320033288557,2385.7736125551164,2921173.0,3614871.0,289.0,0.0,6203.0,0.11376054584980011,0.0,0.11376054584980011,0.0,0.11376054584980011,0.0,0.11376054584980011,0.0,0.0,0.0,0.0,0.0,0.0,0.0,0.0,0.0,0.0,0.0,0.0,0.0,0.0,0.0,0.0,0.0,2508.5383807197213,3614871.0,2420.799909801777,3614871.0,2390.5180576540056,7229742.0,2390.518242783006,3614871.0,3614.871,0.3988904961315392,0.4335983953239568,3614.871,0.3988662692044224,0.4314526675721393,7229.742,0.398423455563501,0.431456199636228,3614.871,0.3984235103880624,0.4314521241659429,6203,0.03499490517040582,0.03497434717022252,0.003215346420775922,0.0,0.034338223440270835,0.04707170834744634,0.04704531215163876,0.004495691572111826,-1.0,0.046590359503466065,0.04707170834744634,0.047045238355436725,0.004495691572111826,0.0,0.046590359503466065,1.000000077439361,0.5,0.5
stockmarket,query4,4,1/16,2540.4425775893033,2535.4797764522955,2633128.0,3151426.0,0.0,0.0,6288.0,2456.308299273482,2451.464546323754,2624089.0,3151426.0,204.0,34.0,6288.0,2430.8150264190335,2426.0133196497336,2620619.0,3151426.0,268.0,34.0,6288.0,2430.8182264190336,2426.0133196497336,2620619.0,3151426.0,268.0,511.0,6288.0,0.13581158220767975,0.0,0.13581158220767975,0.0,0.13581158220767975,0.0,0.13581158220767975,0.0,0.0,0.0,0.0,0.0,0.0,0.0,0.0,0.0,0.0,0.0,0.0,0.0,0.0,0.0,0.0,0.0,2540.3067660070956,3151426.0,2456.1724876912745,3151426.0,2430.679214836826,3151426.0,2430.682414836826,3151426.0,3151.426,0.3990724239506406,0.4327511172927313,3151.426,0.3990533393978318,0.43048301052587135,3151.426,0.3990434681081438,0.43048301052587135,3151.426,0.3990434681081438,0.43048301052587135,6288,0.03313583129663045,0.033117961042700816,0.0034327993170100157,0.0,0.03244274809160305,0.04317386311624616,0.043152934113668606,0.004750623592928216,0.0,0.04262086513994911,0.04317386311624616,0.04315167449062962,0.004750623592928216,0.0,0.04262086513994911,1.0000013164308947,1.0,1.0
stockmarket,query4,4,1/4,2971.675279121846,2965.9858877435327,2704730.0,3244115.0,0.0,0.0,7373.0,2864.9048112779665,2859.3677811315283,2693977.0,3244115.0,263.0,35.0,7373.0,2785.90072632544,2780.488776890561,2686075.0,3244115.0,461.0,35.0,7373.0,2785.9106263254403,2780.488776890561,2686075.0,3244115.0,461.0,35.0,7373.0,0.10276499390602112,0.0,0.10276499390602112,0.0,0.10276499390602112,0.0,0.10276499390602112,0.0,0.0,0.0,0.0,0.0,0.0,0.0,0.0,0.0,0.0,0.0,0.0,0.0,0.0,0.0,0.0,0.0,2971.57251412794,3244115.0,2864.8020462840605,3244115.0,2785.7979613315338,3244115.0,2785.8078613315342,3244115.0,3244.115,0.3991838997419648,0.4266285211646952,3244.115,0.39916451631684946,0.4253202278133474,3244.115,0.3987387846061474,0.42530894703595845,3244.115,0.3987388360464766,0.42530894703595845,7373,0.03594693658273518,0.0359293858901808,0.003975627881526056,0.0,0.035670690356706905,0.0625414677863132,0.06251509177385761,0.006897176427961393,0.0,0.0625254306252543,0.0625414677863132,0.06251176031968764,0.006897176427961393,0.0,0.0625254306252543,1.0000035536083203,1.0,1.0
stockmarket,query4,4,inf,2625.97840362601,2620.9233544999734,2479800.0,2966048.0,0.0,0.0,6506.0,2517.5158465447903,2512.6144464807585,2468436.0,2966048.0,264.0,0.0,6506.0,2488.3984767159077,2483.5421251049265,2464366.0,5932096.0,337.0,0.0,6506.0,2488.3991606679074,2483.5421251049265,2464366.0,2966048.0,337.0,0.0,6506.0,0.10279496014118195,0.0,0.10279496014118195,0.0,0.10279496014118195,0.0,0.10279496014118195,0.0,0.0,0.0,0.0,0.0,0.0,0.0,0.0,0.0,0.0,0.0,0.0,0.0,0.0,0.0,0.0,0.0,2625.8756086658686,2966048.0,2517.413051584649,2966048.0,2488.2956817557665,5932096.0,2488.296365707766,2966048.0,2966.048,0.39900837112942505,0.42922859755799997,2966.048,0.3989828015036053,0.4269020420182496,5932.096,0.39896404694869286,0.42688864534388865,2966.048,0.39896404694869286,0.426886080948222,6506,0.041324713991828355,0.04130367444433358,0.004582627631260605,0.0,0.040577928066400246,0.05241711061835186,0.05239187295681058,0.006223889023308282,-1.0,0.051798339993851826,0.05241711061835186,0.05239161250074642,0.006223889023308282,0.0,0.051798339993851826,1.0000002748563006,0.5,0.5
stockmarket,query4,8,1,5103.829887224361,5094.247394337319,4060347.0,4634450.0,0.0,0.0,12659.0,4903.018355460498,4893.720323394984,4039356.0,4634450.0,489.0,0.0,12659.0,4750.337580905113,4741.284663424827,4020277.0,9268900.0,872.0,0.0,12659.0,4750.352096455113,4741.284663424827,4020277.0,4634450.0,872.0,0.0,12659.0,0.22114697471261024,0.0,0.22114697471261024,0.0,0.22114697471261024,0.0,0.22114697471261024,0.0,0.0,0.0,0.0,0.0,0.0,0.0,0.0,0.0,0.0,0.0,0.0,0.0,0.0,0.0,0.0,0.0,5103.608740249649,4634450.0,4902.797208485786,4634450.0,4750.1164339304005,9268900.0,4750.1309494804,4634450.0,4634.45,0.39884985020208413,0.4154112070320877,4634.45,0.3988248167454654,0.41270709010180306,9083.522,0.3984653617752171,0.41270081563886113,4449.072,0.39846540316594553,0.4126985751431657,12659,0.039363433971667194,0.03934526349840228,0.005169755195799763,0.0,0.03862864365273718,0.06928653117727246,0.06926020540067201,0.009868614677513987,-1.0,0.06888379808831661,0.06928653117727246,0.06925736135016092,0.009868614677513987,0.0,0.06888379808831661,1.0000030556880963,0.5,0.4897959183673469
stockmarket,query4,8,1/16,5005.243631658144,4995.589730345644,4741671.0,5561340.0,0.0,0.0,12435.0,4814.770692372973,4805.388471755199,4721461.0,5561340.0,466.0,60.0,12435.0,4706.436667362062,4697.233654572628,4706619.0,5561340.0,738.0,60.0,12435.0,4699.662562190926,4690.4556276816875,4706048.0,5561340.0,755.0,883.0,12435.0,0.2688443101942539,0.0,0.2688443101942539,0.0,0.2688443101942539,0.0,0.2688443101942539,0.0,0.0,0.0,0.0,0.0,0.0,0.0,0.0,0.0,0.0,0.0,0.0,0.0,0.0,0.0,0.0,0.0,5004.97478734795,5561340.0,4814.501848062779,5561340.0,4706.167823051867,5561340.0,4699.393717880732,5561340.0,5561.34,0.3988692151644452,0.41876599321044206,5561.34,0.3988466896573872,0.4166612580221784,5561.34,0.3984923792587947,0.41665959758970716,5561.34,0.3984913942550745,0.41665959758970716,12435,0.038073834893820435,0.038054678913216344,0.004262210516081777,0.0,0.037474869320466425,0.05972389485082319,0.059698785171241164,0.007392330678362091,0.0,0.05934861278648974,0.06108069700168195,0.061052186857482704,0.007512752360929298,0.0,0.0607157217531162,0.9985606721921678,1.0,1.0
stockmarket,query4,8,1/4,5107.616311122663,5097.895915802568,4496822.0,5190584.0,0.0,0.0,12671.0,4921.391577919237,4911.935501453467,4476974.0,5190584.0,453.0,56.0,12671.0,4781.138640933372,4771.912416537292,4458890.0,5190584.0,805.0,56.0,12671.0,4781.156240933372,4771.912416537292,4458890.0,5190584.0,805.0,56.0,12671.0,0.2716231644153595,0.0,0.2716231644153595,0.0,0.2716231644153595,0.0,0.2716231644153595,0.0,0.0,0.0,0.0,0.0,0.0,0.0,0.0,0.0,0.0,0.0,0.0,0.0,0.0,0.0,0.0,0.0,5107.344687958248,5190584.0,4921.119954754821,5190584.0,4780.867017768956,5190584.0,4780.884617768957,5190584.0,5190.584,0.39890436085803826,0.41650256733519075,5190.584,0.3988823581854486,0.41347223971581026,5190.584,0.39852595804589075,0.41346952594827585,5190.584,0.3985259998519108,0.41346952594827585,12671,0.03647787585710749,0.03646020410693185,0.0044137837788553735,0.0,0.035750927314339834,0.06394471457425899,0.06391977202326915,0.008435290522951555,0.0,0.06353089732459948,0.06394471457425899,0.06391632618886656,0.008435290522951555,0.0,0.06353089732459948,1.000003681131488,1.0,1.0
stockmarket,query4,8,inf,5266.183092249557,5256.18313243892,4678668.0,5468651.0,0.0,0.0,13033.0,5073.577701878878,5063.850326492451,4658370.0,5468651.0,468.0,0.0,13033.0,4911.770820004926,4902.2995795514435,4639237.0,10937302.0,874.0,0.0,13033.0,4911.7856513539255,4902.2995795514435,4639237.0,5468651.0,874.0,0.0,13033.0,0.2550998702645302,0.0,0.2550998702645302,0.0,0.2550998702645302,0.0,0.2550998702645302,0.0,0.0,0.0,0.0,0.0,0.0,0.0,0.0,0.0,0.0,0.0,0.0,0.0,0.0,0.0,0.0,0.0,5265.927992379293,5468651.0,5073.322602008613,5468651.0,4911.515720134661,10937302.0,4911.530551483661,5468651.0,5468.651,0.39900405860771415,0.4201466516933983,5468.651,0.39897913373080135,0.41736810545674186,10937.302,0.39727206287596367,0.41736449999378916,5468.651,0.3972722736685438,0.4173617490217824,13033,0.036591724660328784,0.0365740018903149,0.004338414266624624,0.0,0.035908846773574775,0.06732709724352237,0.06729964872779182,0.008427826039376973,-1.0,0.0670605386327016,0.06732709724352237,0.0672968323902775,0.008427826039376973,0.0,0.0670605386327016,1.000003019552325,0.5,0.5
stockmarket,query4,16,inf,9637.459124123678,9618.362417159602,10736626.0,13069149.0,0.0,0.0,23826.0,9285.007336280665,9266.408346850425,10698697.0,13069149.0,852.0,0.0,23826.0,8722.857578375102,8705.159834650345,10629893.0,26138298.0,2262.0,0.0,23826.0,8722.915009226102,8705.159834650345,10629893.0,13069149.0,2262.0,0.0,23826.0,0.4651913605630398,0.0,0.4651913605630398,0.0,0.4651913605630398,0.0,0.4651913605630398,0.0,0.0,0.0,0.0,0.0,0.0,0.0,0.0,0.0,0.0,0.0,0.0,0.0,0.0,0.0,0.0,0.0,9636.993932763115,13069149.0,9284.542144920102,13069149.0,8722.392387014539,26138298.0,8722.44981786554,13069149.0,13069.149,0.39886729042005514,0.41452174555135873,13069.149,0.39884411498719036,0.410709421287535,26138.298,0.39850219648510987,0.4107022297016054,13069.149,0.3985022325081647,0.4106975151170233,23826,0.03659189111872874,0.0365710280379592,0.003532674044900097,0.0,0.03575925459581969,0.09494366534578291,0.09490069259637346,0.009941018714817895,-1.0,0.09493830269453538,0.09494366534578291,0.09489473346853061,0.009941018714817895,0.0,0.09493830269453538,1.00000658394918,0.5,0.5
stockmarket,query4,50,inf,31561.485293135047,31500.30171237886,31062800.0,37075600.0,0.0,0.0,78200.0,30407.563795333266,30348.014119267464,30939600.0,37075600.0,2800.0,0.0,78200.0,25303.26255813875,25251.926509663463,30337800.0,74151200.0,15600.0,0.0,78200.0,25303.86548253877,25251.926509663463,30337800.0,37075600.0,15600.0,0.0,78200.0,1.4680713415145874,0.0,1.4680713415145874,0.0,1.4680713415145874,0.0,1.4680713415145874,0.0,0.0,0.0,0.0,0.0,0.0,0.0,0.0,0.0,0.0,0.0,0.0,0.0,0.0,0.0,0.0,0.0,31560.017221793532,37075600.0,30406.09572399175,37075600.0,25301.794486797236,74151200.0,25302.397411197257,37075600.0,37075.6,0.39883981563616544,0.4150537883862853,37075.6,0.39879893453326076,0.41038548052310936,74151.2,0.3986118460306898,0.41038234161678694,37075.6,0.3986118460306898,0.41038234161678694,78200,0.036580208139992965,0.03656106444561946,0.003966158878143666,0.0,0.03580562659846547,0.19835921762806275,0.1982866990216562,0.02333981482673808,-1.0,0.19948849104859334,0.19835921762806275,0.19826759585225773,0.02333981482673808,0.0,0.19948849104859334,1.0000238279312257,0.5,0.5
stockmarket,query5,1,inf,2626.4184817010537,2622.519596067257,663120.0,741512.0,0.0,0.0,6296.0,2587.708962346548,2583.8600493744016,654776.0,741512.0,95.0,0.0,6296.0,2587.709703858548,2583.8600493744016,654776.0,1483024.0,95.0,0.0,6296.0,2587.708962346548,2583.8600493744016,654776.0,741512.0,95.0,0.0,6296.0,0.03405986353754997,0.0,0.0249132660317421,0.0,0.0249132660317421,0.0,0.0249132660317421,0.0,0.0,0.0,0.0,0.0,0.0,0.0,0.0,0.0,0.0,0.0,0.0,0.0,0.0,0.0,0.0,0.0,2626.384421837516,741512.0,2587.684049080516,741512.0,2587.684790592516,1483024.0,2587.684049080516,741512.0,741.512,0.4467420938880348,0.48440172835676504,741.512,0.44587908930320114,0.48414420735058716,1483.024,0.4458806943075302,0.48414725685881227,741.512,0.44587908930320114,0.48414420735058716,6296,0.01474137571777523,0.014738519251294102,0.012582941247436308,0.0,0.015088945362134688,0.01474137571777523,0.01473823692309506,0.012582941247436308,-1.0,0.015088945362134688,0.01474137571777523,0.014738519251294102,0.012582941247436308,0.0,0.015088945362134688,0.9999997134485377,0.5,0.5
stockmarket,query5,2,1,5112.5407188124955,5105.051900043152,1071733.0,1112268.0,0.0,0.0,12207.0,4781.310211636542,4774.227797987871,1049800.0,1112268.0,782.0,0.0,12207.0,4763.772295518706,4756.713745280169,1049081.0,2224536.0,826.0,0.0,12207.0,4763.7733832507065,4756.713745280169,1049081.0,1112268.0,826.0,0.0,12207.0,0.07770146522670984,0.0,0.06398156896799803,0.0,0.06398156896799803,0.0,0.06398156896799803,0.0,0.0,0.0,0.0,0.0,0.0,0.0,0.0,0.0,0.0,0.0,0.0,0.0,0.0,0.0,0.0,0.0,5112.463017347269,1112268.0,4781.246230067574,1112268.0,4763.708313949738,2224536.0,4763.709401681738,1112268.0,1112.268,0.4729464720514109,0.5380750047139187,1112.268,0.46836946559256093,0.5367092236632967,2224.536,0.4683698160451866,0.5367105972927129,1112.268,0.4683681608844723,0.5367090958254934,12207,0.0648032788956533,0.06478784725510989,0.02046498521553408,0.0,0.06406160399770623,0.06823400850440697,0.06821821917435966,0.021135861263952838,-1.0,0.06766609322519866,0.06823400850440697,0.0682180064167387,0.021135861263952838,0.0,0.06766609322519866,1.0000002283341713,0.5,0.5
stockmarket,query5,2,1/16,5009.8706678645685,5002.579108119942,915639.0,926890.0,0.0,0.0,11967.0,5004.688586008319,4997.408798027784,903108.0,926890.0,20.0,10.0,11967.0,4681.420168113783,4674.531799404882,892272.0,926890.0,776.0,10.0,11967.0,4884.947960715239,4877.804156577215,899462.0,926890.0,284.0,6901.0,11967.0,0.05200142692774534,0.0,0.03599488129258156,0.0,0.03599488129258156,0.0,0.03599488129258156,0.0,0.0,0.0,0.0,0.0,0.0,0.0,0.0,0.0,0.0,0.0,0.0,0.0,0.0,0.0,0.0,0.0,5009.818666437641,926890.0,5004.652591127026,926890.0,4681.38417323249,926890.0,4884.911965833947,926890.0,926.89,0.47006632459123393,0.5267901715599755,926.89,0.47006632459123393,0.5267901715599755,926.89,0.46790438228804154,0.5254563878818944,926.89,0.4700612107442843,0.5258735241017279,11967,0.001033528901875136,0.0010343743780630854,0.013685524535324456,0.0,0.0016712626389237069,0.06557563641174413,0.06556067442171831,0.025519882835921104,0.0,0.06484499039023983,0.02494212462131762,0.024935315785821976,0.017667443173565167,0.0,0.02373192947271664,1.0434756516810284,1.0,1.0
stockmarket,query5,2,1/4,4939.372653559782,4932.2336656162515,794615.0,741512.0,0.0,0.0,11786.0,4573.414147482733,4566.723959674127,769921.0,741512.0,864.0,8.0,11786.0,4573.016371334299,4566.326753067784,769889.0,741512.0,865.0,8.0,11786.0,4573.016421334299,4566.326753067784,769889.0,741512.0,865.0,8.0,11786.0,0.05960476119071245,0.0,0.04359821555554867,0.0,0.04359821555554867,0.0,0.04359821555554867,0.0,0.0,0.0,0.0,0.0,0.0,0.0,0.0,0.0,0.0,0.0,0.0,0.0,0.0,0.0,0.0,0.0,4939.313048798591,741512.0,4573.370549267178,741512.0,4572.972773118743,741512.0,4572.972823118744,741512.0,741.512,0.4777453755144652,0.5297159714606994,741.512,0.4740380213530386,0.5281760172797392,741.512,0.4735105330925156,0.5280186806090265,741.512,0.4735105330925156,0.5280186806090265,11786,0.07410632397450623,0.07409007818296609,0.031076684935471888,0.0,0.07330731376209061,0.07418685677835779,0.07417060989748392,0.031116956010143304,0.0,0.073392160190056,0.07418685677835779,0.07417059977474094,0.031116956010143304,0.0,0.073392160190056,1.0000000109337024,1.0,1.0
stockmarket,query5,2,inf,4511.357529425062,4504.814675811678,772790.0,741512.0,0.0,0.0,10736.0,4214.0647892312845,4207.885680795647,756993.0,741512.0,700.0,0.0,10736.0,4164.769315360757,4158.6558499448,755314.0,1483024.0,817.0,0.0,10736.0,4164.774423848757,4158.6558499448,755314.0,741512.0,817.0,0.0,10736.0,0.0407515661790967,0.0,0.03389161804974079,0.0,0.03389161804974079,0.0,0.03389161804974079,0.0,0.0,0.0,0.0,0.0,0.0,0.0,0.0,0.0,0.0,0.0,0.0,0.0,0.0,0.0,0.0,0.0,4511.316777858883,741512.0,4214.030897613235,741512.0,4164.735423742707,1483024.0,4164.740532230707,741512.0,741.512,0.47431027432168393,0.5125064253345083,741.512,0.47220700688649203,0.5113852377085162,1483.024,0.47116210237752937,0.5112516168640544,741.512,0.4711612486630557,0.5112503850760282,10736,0.06591369820613768,0.06589873186833528,0.02044151710037656,0.0,0.06520119225037257,0.07684196815588362,0.07682570308464898,0.022614164261959946,-1.0,0.07609910581222057,0.07684196815588362,0.07682457072305571,0.022614164261959946,0.0,0.07609910581222057,1.000001226595668,0.5,0.5
stockmarket,query5,4,1,10120.915314315818,10106.3335877778,1504992.0,1297646.0,0.0,0.0,24168.0,9462.411301691116,9448.642131906003,1447791.0,1297646.0,1562.0,0.0,24168.0,9348.042375540677,9334.426181787625,1443837.0,2595292.0,1834.0,0.0,24168.0,9348.054677894677,9334.426181787625,1443837.0,1297646.0,1834.0,0.0,24168.0,0.18550598621368408,0.0,0.1397729986846447,0.0,0.1397729986846447,0.0,0.1397729986846447,0.0,0.0,0.0,0.0,0.0,0.0,0.0,0.0,0.0,0.0,0.0,0.0,0.0,0.0,0.0,0.0,0.0,10120.729808329605,1297646.0,9462.271528692432,1297646.0,9347.902602541993,2595292.0,9347.914904895992,1297646.0,1297.646,0.45136285881337573,0.572846163309836,1297.646,0.4494673394628334,0.5713499430374247,2595.292,0.44833845824781765,0.5709009370183767,1297.646,0.448337231739311,0.5709003237641235,24168,0.06507715683036464,0.06506368171001908,0.038007511003380734,0.0,0.06463091691492884,0.0763785797575186,0.07636393693383925,0.0406347674937807,-1.0,0.07588546838795102,0.0763785797575186,0.07636272139615141,0.0406347674937807,0.0,0.07588546838795102,1.0000013160353265,0.5,0.5
stockmarket,query5,4,1/16,10210.488115417771,10195.883947734721,1325284.0,1112268.0,0.0,0.0,24278.0,10198.540884009595,10183.960462581366,1305225.0,1112268.0,41.0,12.0,24278.0,9802.639969763237,9788.539084605873,1291924.0,1112268.0,967.0,12.0,24278.0,10011.775544491347,9997.410749048926,1299572.0,1112268.0,460.0,14076.0,24278.0,0.1126729603856802,0.0,0.08751981724470854,0.0,0.08751981724470854,0.0,0.08751981724470854,0.0,0.0,0.0,0.0,0.0,0.0,0.0,0.0,0.0,0.0,0.0,0.0,0.0,0.0,0.0,0.0,0.0,10210.375442457385,1112268.0,10198.45336419235,1112268.0,9802.552449945992,1112268.0,10011.688024674102,1112268.0,1112.268,0.4456778754464095,0.5578708788590959,1112.268,0.4456778754464095,0.5578708788590959,1112.268,0.44566782205875055,0.5569540340146818,1112.268,0.4456709223636739,0.5573694673830718,24278,0.0011694410425301394,0.0011700940516384817,0.015135623760643035,0.0,0.0016887717274899085,0.03995189286352663,0.03994403999537355,0.025171963141485176,0.0,0.03983029903616443,0.0194660119419946,0.01946161326277529,0.01940112458914467,0.0,0.018947194991350193,1.0213346175492726,1.0,1.0
stockmarket,query5,4,1/4,9479.4031496495,9465.406486494467,2418887.0,2687981.0,0.0,0.0,22576.0,8818.539874514934,8805.351592816412,2380431.0,2687981.0,1557.0,29.0,22576.0,8702.011121359443,8688.98114979919,2376329.0,2687981.0,1836.0,29.0,22576.0,8702.025071359443,8688.98114979919,2376329.0,2687981.0,1836.0,29.0,22576.0,0.1222546985372901,0.0,0.10167485414922238,0.0,0.10167485414922238,0.0,0.10167485414922238,0.0,0.0,0.0,0.0,0.0,0.0,0.0,0.0,0.0,0.0,0.0,0.0,0.0,0.0,0.0,0.0,0.0,9479.280894950964,2687981.0,8818.438199660784,2687981.0,8701.909446505295,2687981.0,8701.923396505295,2687981.0,2687.981,0.44736749575268037,0.582489722580319,2687.981,0.4450025317946314,0.5806552339420382,2687.981,0.44343684245325976,0.5804389242992157,2687.981,0.44343684245325976,0.5804389242992157,22576,0.06973339123046018,0.06971570516641667,0.015898220958647458,0.0,0.06896704464918497,0.08202768024839757,0.08200854167899818,0.017594042218590622,0.0,0.08132530120481928,0.08202768024839757,0.08200707006735974,0.017594042218590622,0.0,0.08132530120481928,1.000001603077703,1.0,1.0
stockmarket,query5,4,inf,10329.944912141189,10315.040855413303,1546923.0,1390335.0,0.0,0.0,24647.0,9383.29448625286,9369.552340686321,1479879.0,1390335.0,2236.0,0.0,24647.0,9126.70584132189,9113.315231340937,1470840.0,2780670.0,2858.0,0.0,24647.0,9126.735550986887,9113.315231340937,1470840.0,1390335.0,2858.0,0.0,24647.0,0.14748931489884853,0.0,0.10175632736980915,0.0,0.10175632736980915,0.0,0.10175632736980915,0.0,0.0,0.0,0.0,0.0,0.0,0.0,0.0,0.0,0.0,0.0,0.0,0.0,0.0,0.0,0.0,0.0,10329.79742282629,1390335.0,9383.19272992549,1390335.0,9126.604084994518,2780670.0,9126.633794659518,1390335.0,1390.335,0.44866766242839484,0.5649066430791045,1390.335,0.4459359275955281,0.5627583988756485,2780.67,0.445155367983567,0.5622418105337457,1390.335,0.44515437617520126,0.5622408908568975,24647,0.09166115073899994,0.09164138182147452,0.043340230897077614,0.0,0.09072098024100296,0.11650226508232431,0.11648068610754014,0.049183443519813186,-1.0,0.1159573173205664,0.11650226508232431,0.11647781003557178,0.049183443519813186,0.0,0.1159573173205664,1.0000032552451579,0.5,0.5
stockmarket,query5,8,1,20214.12498623412,20184.872988599353,3487715.0,3336804.0,0.0,0.0,48166.0,19076.325032932433,19048.477772057056,3387951.0,3336804.0,2700.0,0.0,48166.0,18530.21884897779,18503.122030162252,3368246.0,6673608.0,4028.0,0.0,48166.0,18530.28191217378,18503.122030162252,3368246.0,3336804.0,4028.0,0.0,48166.0,0.3132304744794965,0.0,0.23319774630367757,0.0,0.23319774630367757,0.0,0.23319774630367757,0.0,0.0,0.0,0.0,0.0,0.0,0.0,0.0,0.0,0.0,0.0,0.0,0.0,0.0,0.0,0.0,0.0,20213.81175575964,3336804.0,19076.09183518613,3336804.0,18529.985651231487,6673608.0,18530.048714427478,3336804.0,3336.804,0.4196885270635789,0.6386170748431481,3336.804,0.41797909176214165,0.6366148333719034,6673.608,0.41527671229932445,0.6361216001493003,3336.804,0.4152739583816674,0.6361213640992154,48166,0.05629934937832626,0.0562873710376548,0.02860440144908627,0.0,0.05605613918531745,0.0833173911664925,0.08330343947131402,0.034254232355568015,-1.0,0.08362745505128098,0.0833173911664925,0.0833003197124309,0.034254232355568015,0.0,0.08362745505128098,1.0000034032623415,0.5,0.5
stockmarket,query5,8,1/16,18719.609190501273,18692.355958498083,3555686.0,3522182.0,0.0,0.0,44642.0,18691.314431757113,18664.12303967215,3494375.0,3522182.0,105.0,38.0,44642.0,17717.13605115989,17691.125161126256,3461550.0,3522182.0,2384.0,38.0,44642.0,18241.81993929125,18215.142076770775,3481130.0,3522182.0,1104.0,25238.0,44642.0,0.2857071729376912,0.0,0.20796109413832425,0.0,0.20796109413832425,0.0,0.20796109413832425,0.0,0.0,0.0,0.0,0.0,0.0,0.0,0.0,0.0,0.0,0.0,0.0,0.0,0.0,0.0,0.0,0.0,18719.323483328335,3522182.0,18691.106470662977,3522182.0,17716.92809006575,3522182.0,18241.61197819711,3522182.0,3522.182,0.43173069679377296,0.6417813031228147,3522.182,0.43173069679377296,0.6417813031228147,3522.182,0.43035697211762597,0.6403434631154418,3522.182,0.4310438588277524,0.6408384480217519,44642,0.0015103991646968629,0.0015115037101585127,0.017243086144277053,0.0,0.002352045159267058,0.05356364920477763,0.053552033546194866,0.026474778706556235,0.0,0.05340262533040634,0.02552989482903323,0.025523462928513596,0.02096810573262098,0.0,0.024730074817436495,1.0296144865973984,1.0,1.0
stockmarket,query5,8,1/4,20630.94981179107,20600.894603098743,4033219.0,4078316.0,0.0,0.0,49199.0,19562.998526997413,19534.26410184335,3935554.0,4078316.0,2537.0,44.0,49199.0,19098.869772186852,19070.77090022154,3919116.0,4078316.0,3657.0,44.0,49199.0,19098.92577218685,19070.77090022154,3919116.0,4078316.0,3657.0,44.0,49199.0,0.32463547587394714,0.0,0.24460274769812823,0.0,0.24460274769812823,0.0,0.24460274769812823,0.0,0.0,0.0,0.0,0.0,0.0,0.0,0.0,0.0,0.0,0.0,0.0,0.0,0.0,0.0,0.0,0.0,20630.625176315196,4078316.0,19562.753924249715,4078316.0,19098.625169439154,4078316.0,19098.68116943915,4078316.0,4078.316,0.42783364026439125,0.6430280275005733,4078.316,0.42747934498563633,0.6415469821436312,4078.316,0.4254559876898261,0.6409996008131545,4078.316,0.4254559876898261,0.6409996008131545,49199,0.05177593118188917,0.05176452342408866,0.024215149239354417,0.0,0.05156608874164109,0.0742746241052582,0.07426124602021955,0.028290801962402745,0.0,0.07433077908087563,0.0742746241052582,0.0742585316517339,0.028290801962402745,0.0,0.07433077908087563,1.000002932110678,1.0,1.0
stockmarket,query5,8,inf,20792.03763033822,20761.953552881256,3471873.0,3336804.0,0.0,0.0,49526.0,19395.672498373897,19367.301297129132,3379988.0,3336804.0,3296.0,0.0,49526.0,18605.75602292064,18578.459801700898,3352215.0,6673608.0,5197.0,0.0,49526.0,18605.84773611663,18578.459801700898,3352215.0,3336804.0,5197.0,0.0,49526.0,0.2394858170300722,0.0,0.18231958261877299,0.0,0.18231958261877299,0.0,0.18231958261877299,0.0,0.0,0.0,0.0,0.0,0.0,0.0,0.0,0.0,0.0,0.0,0.0,0.0,0.0,0.0,0.0,0.0,20791.79814452119,3336804.0,19395.49017879128,3336804.0,18605.573703338017,6673608.0,18605.66541653401,3336804.0,3336.804,0.42237137141875897,0.6066134897281602,3336.804,0.42132944782539716,0.604291919083414,6673.608,0.4199585965001989,0.6031054079036109,3336.804,0.41995614482869725,0.6031052418226381,49526,0.06717345996367374,0.0671586477857683,0.026465541798331937,0.0,0.0665509025562331,0.10516802985898899,0.10514994471862249,0.03446497034885776,-1.0,0.10493478173080806,0.10516802985898899,0.10514553374180424,0.03446497034885776,0.0,0.10493478173080806,1.0000049292915525,0.5,0.5
stockmarket,query5,16,inf,39623.84852625709,39566.28425892722,7126827.0,7044364.0,0.0,0.0,94541.0,37237.735088405745,37183.10699650273,6943901.0,7044364.0,5647.0,0.0,94541.0,34834.85696248562,34783.53333836235,6857704.0,14088728.0,11484.0,0.0,94541.0,34835.14176812156,34783.53333836235,6857704.0,7044364.0,11484.0,0.0,94541.0,0.4672563513740897,0.0,0.3346306875398755,0.0,0.3346306875398755,0.0,0.3346306875398755,0.0,0.0,0.0,0.0,0.0,0.0,0.0,0.0,0.0,0.0,0.0,0.0,0.0,0.0,0.0,0.0,0.0,39623.381269905716,7044364.0,37237.400457718206,7044364.0,34834.52233179808,14088728.0,34834.80713743402,7044364.0,7044.364,0.4133833257202059,0.688782381060533,7044.364,0.41335384398077923,0.6862186002332404,14088.728,0.4133210378166636,0.6836423419396546,7044.364,0.4133177164608302,0.6836423419396546,94541,0.06023252643156107,0.060219123749934766,0.025667242939950707,0.0,0.05973069885023429,0.12087945608604256,0.12086134340529808,0.03776196615969496,-1.0,0.12147110777334702,0.12087945608604256,0.12085415567249236,0.03776196615969496,0.0,0.12147110777334702,1.0000081758807349,0.5,0.5
stockmarket,query5,50,inf,122987.21106331795,122809.50672589242,19893000.0,18537800.0,0.0,0.0,293200.0,115644.05007003018,115475.39661414921,19292800.0,18537800.0,17400.0,0.0,293200.0,90996.16254956891,90861.41713410616,18412200.0,37075600.0,77200.0,0.0,293200.0,90999.13401176817,90861.41713410616,18412200.0,18537800.0,77200.0,0.0,293200.0,1.7029931768774986,0.0,1.2456633015871048,0.0,1.2456633015871048,0.0,1.2456633015871048,0.0,0.0,0.0,0.0,0.0,0.0,0.0,0.0,0.0,0.0,0.0,0.0,0.0,0.0,0.0,0.0,0.0,122985.50807014108,18537800.0,115642.80440672858,18537800.0,90994.91688626733,37075600.0,90997.88834846659,18537800.0,18537.8,0.41530091501772404,0.7339674859928588,18537.8,0.4152651025603215,0.7301233356508116,37075.6,0.4151361449621618,0.7189628817296275,18537.8,0.4151361449621618,0.7189628817296275,293200,0.059719400454174565,0.05970670389059618,0.030171417081385377,0.0,0.059345156889495224,0.2601434566714249,0.26011687099139913,0.07443824460865633,-1.0,0.26330150068212826,0.2601434566714249,0.26009271025002145,0.07443824460865633,0.0,0.26330150068212826,1.0000326548078073,0.5,0.5
yelp,query1,1,inf,7.242421664297581,7.007117559202015,24237.0,0.0,0.0,0.0,614.0,7.207485489345193,6.9730959897860885,24117.0,0.0,3.0,0.0,614.0,7.207485489345193,6.9730959897860885,24117.0,0.0,3.0,0.0,614.0,7.207485489345193,6.9730959897860885,24117.0,0.0,3.0,0.0,614.0,0.0,0.0,0.0,0.0,0.0,0.0,0.0,0.0,0.0,0.0,0.0,0.0,0.0,0.0,0.0,0.0,0.0,0.0,0.0,0.0,0.0,0.0,0.0,0.0,7.242421664297581,0.0,7.207485489345193,0.0,7.207485489345193,0.0,7.207485489345193,0.0,0.0,0.01178547282259656,0.011813825593364339,0.0,0.011754773196100611,0.011810755630714743,0.0,0.011754773196100611,0.011810755630714743,0.0,0.011754773196100611,0.011810755630714743,614,0.00485528737437102,0.004823825036950002,0.004951107810372557,,0.004885993485342019,0.00485528737437102,0.004823825036950002,0.004951107810372557,,0.004885993485342019,0.00485528737437102,0.004823825036950002,0.004951107810372557,,0.004885993485342019,1.0,,
yelp,query1,2,1,14.736789311282337,14.2594675431028,48981.0,0.0,0.0,0.0,1247.0,14.585399219821989,14.11204074230045,48461.0,0.0,13.0,0.0,1247.0,13.321077154390215,12.886268079280853,44337.0,0.0,121.0,0.0,1247.0,13.326477154390217,12.886268079280853,44337.0,0.0,121.0,0.0,1247.0,0.0,0.0,0.0,0.0,0.0,0.0,0.0,0.0,0.0,0.0,0.0,0.0,0.0,0.0,0.0,0.0,0.0,0.0,0.0,0.0,0.0,0.0,0.0,0.0,14.736789311282337,0.0,14.585399219821989,0.0,13.321077154390215,0.0,13.326477154390217,0.0,0.0,0.011809529429056534,0.011899057701842762,0.0,0.011732860380267038,0.011891396259967237,0.0,0.01093879986005041,0.011811990207945575,0.0,0.010942188017945147,0.011812329023735049,1247,0.010338871374875325,0.010272935865646482,0.010616361446275091,,0.010425020048115477,0.09630089340090076,0.09606652622822442,0.09481227414711824,,0.09703287890938252,0.09630089340090076,0.0957000963440795,0.09481227414711824,,0.09703287890938252,1.0004053726239566,,
yelp,query1,2,1/16,14.55027050152421,14.078199548646808,48503.0,0.0,0.0,0.0,1233.0,14.55027050152421,14.078199548646808,48503.0,0.0,0.0,1233.0,1233.0,14.352298843460678,13.885410655289888,47823.0,0.0,17.0,1216.0,1233.0,14.55027050152421,14.078199548646808,48503.0,0.0,0.0,1233.0,1233.0,0.0,0.0,0.0,0.0,0.0,0.0,0.0,0.0,0.0,0.0,0.0,0.0,0.0,0.0,0.0,0.0,0.0,0.0,0.0,0.0,0.0,0.0,0.0,0.0,14.55027050152421,0.0,14.55027050152421,0.0,14.352298843460678,0.0,14.55027050152421,0.0,0.0,0.011803002143401584,0.01187393430633947,0.0,0.011803002143401584,0.01187393430633947,0.0,0.011687777291975503,0.011862411821196864,0.0,0.011803002143401584,0.01187393430633947,1233,0.0,0.0,0.0,,0.0,0.013694144104915096,0.013606046570941333,0.014019751355586307,,0.013787510137875101,0.0,0.0,0.0,,0.0,1.0137937246306528,,
yelp,query1,2,1/4,14.649182650260627,14.173818335868418,48984.0,0.0,0.0,0.0,1240.0,14.579310300355852,14.105775197036564,48744.0,0.0,6.0,0.0,1240.0,13.385598421922921,12.94845387339592,44827.0,0.0,108.0,0.0,1240.0,13.414380404478013,12.971547809429467,44898.0,0.0,106.0,100.0,1240.0,0.0,0.0,0.0,0.0,0.0,0.0,0.0,0.0,0.0,0.0,0.0,0.0,0.0,0.0,0.0,0.0,0.0,0.0,0.0,0.0,0.0,0.0,0.0,0.0,14.649182650260627,0.0,14.579310300355852,0.0,13.385598421922921,0.0,13.414380404478013,0.0,0.0,0.011814110382012539,0.011896594850007783,0.0,0.011776300668860604,0.01189281387869259,0.0,0.011036104859359078,0.011818794297742437,0.0,0.011042004707948729,0.011819384282601403,1240,0.00480062162640138,0.004769709790159005,0.004899559039686419,,0.004838709677419355,0.086452671639764,0.08625629555620462,0.08486444553323536,,0.08709677419354839,0.08482333397744157,0.08429154549183293,0.08341499265066143,,0.08548387096774193,1.002150220083396,,
yelp,query1,2,inf,14.443178988993168,13.975154303014278,48031.0,0.0,0.0,0.0,1223.0,14.3500158557868,13.88443011790514,47711.0,0.0,8.0,0.0,1223.0,13.029047360591292,12.603758741170168,43366.0,0.0,121.0,0.0,1223.0,13.034697360591293,12.603758741170168,43366.0,0.0,121.0,0.0,1223.0,0.0,0.0,0.0,0.0,0.0,0.0,0.0,0.0,0.0,0.0,0.0,0.0,0.0,0.0,0.0,0.0,0.0,0.0,0.0,0.0,0.0,0.0,0.0,0.0,14.443178988993168,0.0,14.3500158557868,0.0,13.029047360591292,0.0,13.034697360591293,0.0,0.0,0.011809295122087239,0.01189158117334645,0.0,0.01174776068800113,0.01188542772993784,0.0,0.010942863537527256,0.011804938014890453,0.0,0.010946298147831088,0.011805281475920837,1223,0.006491819921413677,0.006450320478432414,0.006662363889987755,,0.006541291905151268,0.0981309781709041,0.09790999817142432,0.09712477358372718,,0.09893704006541292,0.0981309781709041,0.09751881005388408,0.09712477358372718,,0.09893704006541292,1.0004336464396537,,
yelp,query1,4,1,28.432752024382353,27.512617426924407,94428.0,0.0,0.0,0.0,2407.0,28.21148958301723,27.297147487290204,93668.0,0.0,19.0,0.0,2407.0,22.287543915104866,21.553838538005948,74241.0,0.0,525.0,0.0,2407.0,22.312843915104867,21.553838538005948,74241.0,0.0,525.0,0.0,2407.0,0.0,0.0,0.0,0.0,0.0,0.0,0.0,0.0,0.0,0.0,0.0,0.0,0.0,0.0,0.0,0.0,0.0,0.0,0.0,0.0,0.0,0.0,0.0,0.0,28.432752024382353,0.0,28.21148958301723,0.0,22.287543915104866,0.0,22.312843915104867,0.0,0.0,0.011780494457151116,0.011970476385263329,0.0,0.011707319758681913,0.011963173117979477,0.0,0.010498423877075705,0.011881479460842049,0.0,0.010503440980838533,0.011881812984217192,2407,0.00783167723705347,0.007781956568093773,0.008048460202482288,,0.007893643539675945,0.21658349681724853,0.21613131588555679,0.21378192908882954,,0.2181138346489406,0.21658349681724853,0.21524149699013984,0.21378192908882954,,0.2181138346489406,1.0011351632147703,,
yelp,query1,4,1/16,28.456660411320627,27.533271866850555,94673.0,0.0,0.0,0.0,2412.0,28.456660411320627,27.533271866850555,94673.0,0.0,0.0,2412.0,2412.0,28.316915711511076,27.397185589186847,94193.0,0.0,12.0,2400.0,2412.0,28.456660411320627,27.533271866850555,94673.0,0.0,0.0,2412.0,2412.0,0.0,0.0,0.0,0.0,0.0,0.0,0.0,0.0,0.0,0.0,0.0,0.0,0.0,0.0,0.0,0.0,0.0,0.0,0.0,0.0,0.0,0.0,0.0,0.0,28.456660411320627,0.0,28.456660411320627,0.0,28.316915711511076,0.0,28.456660411320627,0.0,0.0,0.011782569191648478,0.011953860906462789,0.0,0.011782569191648478,0.011953860906462789,0.0,0.011722403563142645,0.011947844343612204,0.0,0.011782569191648478,0.011953860906462789,2412,0.0,0.0,0.0,,0.0,0.004942611917748585,0.004910790577307478,0.00507008333949488,,0.004975124378109453,0.0,0.0,0.0,,0.0,1.0049350254538048,,
yelp,query1,4,1/4,28.969585625454783,28.030476118437946,96241.0,0.0,0.0,0.0,2455.0,28.899713275550006,27.962432979606092,96001.0,0.0,6.0,0.0,2455.0,24.530668347676396,23.726494806818664,81761.0,0.0,379.0,0.0,2455.0,24.43271020787537,23.61296419519931,81356.0,0.0,389.0,176.0,2455.0,0.0,0.0,0.0,0.0,0.0,0.0,0.0,0.0,0.0,0.0,0.0,0.0,0.0,0.0,0.0,0.0,0.0,0.0,0.0,0.0,0.0,0.0,0.0,0.0,28.969585625454783,0.0,28.899713275550006,0.0,24.530668347676396,0.0,24.43271020787537,0.0,0.0,0.011771257077333154,0.01196935111296136,0.0,0.01175131447334428,0.01196736158135815,0.0,0.010675355484318454,0.011879984924557474,0.0,0.010653918852988708,0.011880292076162095,2455,0.0024274699632054197,0.002411920930045386,0.0024937396743591744,,0.002443991853360489,0.15354649323235003,0.15322681294681795,0.1504556270196694,,0.15437881873727088,0.15759674950126423,0.15660822616644487,0.1546638127201505,,0.15845213849287168,0.9960067072607786,,
yelp,query1,4,inf,28.921874154359102,27.983148348517716,96751.0,0.0,0.0,0.0,2451.0,28.747193279597163,27.81304050143808,96151.0,0.0,15.0,0.0,2451.0,22.57508891144782,21.829298567026854,75861.0,0.0,542.0,0.0,2451.0,22.601438911447822,21.829298567026854,75861.0,0.0,542.0,0.0,2451.0,0.0,0.0,0.0,0.0,0.0,0.0,0.0,0.0,0.0,0.0,0.0,0.0,0.0,0.0,0.0,0.0,0.0,0.0,0.0,0.0,0.0,0.0,0.0,0.0,28.921874154359102,0.0,28.747193279597163,0.0,22.57508891144782,0.0,22.601438911447822,0.0,0.0,0.01177704516929158,0.011959933337791983,0.0,0.011743360796474643,0.011956579250334954,0.0,0.010350941974355878,0.011858308749659992,0.0,0.010356615937489518,0.011858700454729115,2451,0.006078938829934932,0.0060397494930531925,0.00620148628954742,,0.006119951040391677,0.2199127026325769,0.21944584949916512,0.21591508098107515,,0.2211342309261526,0.2199127026325769,0.21853477437798285,0.21591508098107515,,0.2211342309261526,1.0011672157794531,,
yelp,query1,8,1,57.20096128527075,55.34195052925497,192151.0,0.0,0.0,0.0,4846.0,56.93311727730244,55.0811184970662,191231.0,0.0,23.0,0.0,4846.0,35.61654326853365,34.417457547970116,120575.0,0.0,1843.0,0.0,4846.0,35.70754326853365,34.417457547970116,120575.0,0.0,1843.0,0.0,4846.0,0.0,0.0,0.0,0.0,0.0,0.0,0.0,0.0,0.0,0.0,0.0,0.0,0.0,0.0,0.0,0.0,0.0,0.0,0.0,0.0,0.0,0.0,0.0,0.0,57.20096128527075,0.0,56.93311727730244,0.0,35.61654326853365,0.0,35.70754326853365,0.0,0.0,0.011763393367102314,0.01206727521228781,0.0,0.011695786644628248,0.012060518919663402,0.0,0.008559162474746662,0.011988629786767286,0.0,0.008572084415674933,0.011988882951324248,4846,0.0047130979247088645,0.0046825088591173625,0.004787901181882992,,0.0047461824184894755,0.3780946060118302,0.37734362380890774,0.3724987119504972,,0.38031366075113493,0.3780946060118302,0.37575274145386883,0.3724987119504972,,0.38031366075113493,1.002554992473972,,
yelp,query1,8,1/16,57.75035886373371,55.87717000301927,192701.0,0.0,0.0,0.0,4894.0,57.75035886373371,55.87717000301927,192701.0,0.0,0.0,4894.0,4894.0,57.37770633090824,55.51427326258272,191421.0,0.0,32.0,4862.0,4894.0,57.75035886373371,55.87717000301927,192701.0,0.0,0.0,4894.0,4894.0,0.0,0.0,0.0,0.0,0.0,0.0,0.0,0.0,0.0,0.0,0.0,0.0,0.0,0.0,0.0,0.0,0.0,0.0,0.0,0.0,0.0,0.0,0.0,0.0,57.75035886373371,0.0,57.75035886373371,0.0,57.37770633090824,0.0,57.75035886373371,0.0,0.0,0.011758033758675164,0.012053636633633513,0.0,0.011758033758675164,0.012053636633633513,0.0,0.011690284104441109,0.012046866057092352,0.0,0.011758033758675164,0.012053636633633513,4894,0.0,0.0,0.0,,0.0,0.006494544022486171,0.006452817612870088,0.006642414932979124,,0.006538618716796077,0.0,0.0,0.0,,0.0,1.0064947269010076,,
yelp,query1,8,1/4,57.68243122193962,55.808851420879364,193379.0,0.0,0.0,0.0,4885.0,57.309778689114154,55.44595468044281,192099.0,0.0,32.0,0.0,4885.0,46.30556313163042,44.77698014304042,156059.0,0.0,970.0,0.0,4885.0,46.06176718142033,44.49402545951307,155042.0,0.0,995.0,309.0,4885.0,0.0,0.0,0.0,0.0,0.0,0.0,0.0,0.0,0.0,0.0,0.0,0.0,0.0,0.0,0.0,0.0,0.0,0.0,0.0,0.0,0.0,0.0,0.0,0.0,57.68243122193962,0.0,57.309778689114154,0.0,46.30556313163042,0.0,46.06176718142033,0.0,0.0,0.011770197494927817,0.012077250150256874,0.0,0.011709119426709769,0.01207114669551327,0.0,0.010650184157156939,0.012006184227788895,0.0,0.010599844600195281,0.012006341124129417,4885,0.006502494339110987,0.006460416541592129,0.006619126171921508,,0.0065506653019447286,0.1976724300352053,0.19723281160836348,0.19298889745008507,,0.1985670419651996,0.20274249824702828,0.20145933162573337,0.19824800004136955,,0.20368474923234392,0.9947350613247685,,
yelp,query1,8,inf,57.070071200840175,55.21811583638191,190478.0,0.0,0.0,0.0,4838.0,56.55767396820515,54.71913281828165,188718.0,0.0,44.0,0.0,4838.0,35.297173702185155,34.10838501807302,118568.0,0.0,1859.0,0.0,4838.0,35.387923702185155,34.10838501807302,118568.0,0.0,1859.0,0.0,4838.0,0.0,0.0,0.0,0.0,0.0,0.0,0.0,0.0,0.0,0.0,0.0,0.0,0.0,0.0,0.0,0.0,0.0,0.0,0.0,0.0,0.0,0.0,0.0,0.0,57.070071200840175,0.0,56.55767396820515,0.0,35.297173702185155,0.0,35.387923702185155,0.0,0.0,0.011760502251069895,0.012050028887104379,0.0,0.011675012933757136,0.012041492997936257,0.0,0.008538927022644518,0.011954292583928338,0.0,0.008551256865576456,0.011954554364033051,4838,0.00903658175477795,0.008978387828390888,0.009239912220833868,,0.009094667217858619,0.3822971953780463,0.38151165822155986,0.37752391352282155,,0.3842496899545267,0.3822971953780463,0.3799215077610736,0.37752391352282155,,0.3842496899545267,1.0025710273792936,,
yelp,query1,16,inf,114.4318562168628,110.72207578457892,381353.0,0.0,0.0,0.0,9694.0,113.63996958460868,109.95092021115124,378633.0,0.0,68.0,0.0,9694.0,53.57131378651202,51.72088297549635,179911.0,0.0,5192.0,0.0,9694.0,53.82751378651202,51.72088297549635,179911.0,0.0,5192.0,0.0,9694.0,0.0,0.0,0.0,0.0,0.0,0.0,0.0,0.0,0.0,0.0,0.0,0.0,0.0,0.0,0.0,0.0,0.0,0.0,0.0,0.0,0.0,0.0,0.0,0.0,114.4318562168628,0.0,113.63996958460868,0.0,53.57131378651202,0.0,53.82751378651202,0.0,0.0,0.011754475948560076,0.012144549063807897,0.0,0.0117368606504693,0.012142791710943087,0.0,0.004717619290704609,0.012091736198371714,0.0,0.004745989512032576,0.012091824226540728,9694,0.006964786091330555,0.006920158935055598,0.007132499285438909,,0.007014648236022282,0.5328765053490814,0.5318496478376823,0.5282297503887474,,0.5355890241386425,0.5328765053490814,0.529610760796346,0.5282297503887474,,0.5355890241386425,1.0047824102470397,,
yelp,query1,50,inf,358.86699575930834,347.2286216914654,1197600.0,0.0,0.0,0.0,30400.0,356.53791742914916,344.9605170637369,1189600.0,0.0,200.0,0.0,30400.0,110.32004649901391,106.29486851394176,371800.0,0.0,21200.0,0.0,30400.0,111.37004649901385,106.29486851394176,371800.0,0.0,21200.0,0.0,30400.0,0.0,0.0,0.0,0.0,0.0,0.0,0.0,0.0,0.0,0.0,0.0,0.0,0.0,0.0,0.0,0.0,0.0,0.0,0.0,0.0,0.0,0.0,0.0,0.0,358.86699575930834,0.0,356.53791742914916,0.0,110.32004649901391,0.0,111.37004649901385,0.0,0.0,0.01175614083185792,0.01229786396957934,0.0,0.01175614083185792,0.01229786396957934,0.0,0.002342470799744129,0.012243445431813597,0.0,0.0023824707997441292,0.012243445431813597,30400,0.006532020939632677,0.0064900878533875606,0.006680026720106924,,0.006578947368421052,0.6938764206817274,0.6925879286681313,0.6895457581830327,,0.6973684210526315,0.6938764206817274,0.689662053587927,0.6895457581830327,,0.6973684210526315,1.0095177624857992,,
yelp,query2,1,inf,3.036015858873725,2.9353938968852162,9505.0,0.0,0.0,0.0,262.0,3.036015858873725,2.9353938968852162,9505.0,0.0,0.0,0.0,262.0,3.036015858873725,2.9353938968852162,9505.0,0.0,0.0,0.0,262.0,3.036015858873725,2.9353938968852162,9505.0,0.0,0.0,0.0,262.0,0.0,0.0,0.0,0.0,0.0,0.0,0.0,0.0,0.0,0.0,0.0,0.0,0.0,0.0,0.0,0.0,0.0,0.0,0.0,0.0,0.0,0.0,0.0,0.0,3.036015858873725,0.0,3.036015858873725,0.0,3.036015858873725,0.0,3.036015858873725,0.0,0.0,0.011671771158409469,0.011743621814849914,0.0,0.011671771158409469,0.011743621814849914,0.0,0.011671771158409469,0.011743621814849914,0.0,0.011671771158409469,0.011743621814849914,262,0.0,0.0,0.0,,0.0,0.0,0.0,0.0,,0.0,0.0,0.0,0.0,,0.0,1.0,,
yelp,query2,2,1,6.885545011609793,6.658804837614298,21191.0,0.0,0.0,0.0,593.0,6.885545011609793,6.658804837614298,21191.0,0.0,0.0,0.0,593.0,6.8181410618302225,6.5934685952961445,20988.0,0.0,6.0,0.0,593.0,6.818441061830223,6.5934685952961445,20988.0,0.0,6.0,0.0,593.0,0.0,0.0,0.0,0.0,0.0,0.0,0.0,0.0,0.0,0.0,0.0,0.0,0.0,0.0,0.0,0.0,0.0,0.0,0.0,0.0,0.0,0.0,0.0,0.0,6.885545011609793,0.0,6.885545011609793,0.0,6.8181410618302225,0.0,6.818441061830223,0.0,0.0,0.011559956221555529,0.011806605145631527,0.0,0.011559956221555529,0.011806605145631527,0.0,0.01154272080065259,0.011804881603541234,0.0,0.011542791823379863,0.01180488870581396,593,0.0,0.0,0.0,,0.0,0.009812007396444722,0.009789196013666235,0.009579538483318384,,0.01011804384485666,0.009812007396444722,0.009745626477849711,0.009579538483318384,,0.01011804384485666,1.000044000263016,,
yelp,query2,2,1/16,6.029106924310327,5.828857710584998,18604.0,0.0,0.0,0.0,524.0,6.029106924310327,5.828857710584998,18604.0,0.0,0.0,524.0,524.0,6.029106924310327,5.828857710584998,18604.0,0.0,0.0,524.0,524.0,6.029106924310327,5.828857710584998,18604.0,0.0,0.0,524.0,524.0,0.0,0.0,0.0,0.0,0.0,0.0,0.0,0.0,0.0,0.0,0.0,0.0,0.0,0.0,0.0,0.0,0.0,0.0,0.0,0.0,0.0,0.0,0.0,0.0,6.029106924310327,0.0,6.029106924310327,0.0,6.029106924310327,0.0,6.029106924310327,0.0,0.0,0.011476664431961027,0.01167590799826629,0.0,0.011476664431961027,0.01167590799826629,0.0,0.011476664431961027,0.01167590799826629,0.0,0.011476664431961027,0.01167590799826629,524,0.0,0.0,0.0,,0.0,0.0,0.0,0.0,,0.0,0.0,0.0,0.0,,0.0,1.0,,
yelp,query2,2,1/4,6.213257723487914,6.008784024976194,18879.0,0.0,0.0,0.0,536.0,6.213257723487914,6.008784024976194,18879.0,0.0,0.0,0.0,536.0,6.149078117701113,5.946641426533461,18722.0,0.0,6.0,0.0,536.0,6.17052511937052,5.967220130376518,18775.0,0.0,4.0,126.0,536.0,0.0,0.0,0.0,0.0,0.0,0.0,0.0,0.0,0.0,0.0,0.0,0.0,0.0,0.0,0.0,0.0,0.0,0.0,0.0,0.0,0.0,0.0,0.0,0.0,6.213257723487914,0.0,6.213257723487914,0.0,6.149078117701113,0.0,6.17052511937052,0.0,0.0,0.011602309437606621,0.011839296714902891,0.0,0.011602309437606621,0.011839296714902891,0.0,0.011552545021410895,0.011834320273283317,0.0,0.011552850405063342,0.011834350811648561,536,0.0,0.0,0.0,,0.0,0.010341959069327555,0.01032946139417057,0.008316118438476572,,0.011194029850746268,0.0069171889731618474,0.006877648734230357,0.005508766354150096,,0.007462686567164179,1.0034878401703287,,
yelp,query2,2,inf,6.598363704048097,6.37985966168344,20440.0,0.0,0.0,0.0,570.0,6.598363704048097,6.37985966168344,20440.0,0.0,0.0,0.0,570.0,6.533049186709225,6.316603334620595,20267.0,0.0,6.0,0.0,570.0,6.533349186709225,6.316603334620595,20267.0,0.0,6.0,0.0,570.0,0.0,0.0,0.0,0.0,0.0,0.0,0.0,0.0,0.0,0.0,0.0,0.0,0.0,0.0,0.0,0.0,0.0,0.0,0.0,0.0,0.0,0.0,0.0,0.0,6.598363704048097,0.0,6.598363704048097,0.0,6.533049186709225,0.0,6.533349186709225,0.0,0.0,0.011591304342673962,0.011811645207033213,0.0,0.011591304342673962,0.011811645207033213,0.0,0.011511759381977365,0.01180369071096355,0.0,0.011512122754070387,0.011803727048172855,570,0.0,0.0,0.0,,0.0,0.009915002902454728,0.009898593085858831,0.008463796477495067,,0.010526315789473684,0.009915002902454728,0.009853127268353745,0.008463796477495067,,0.010526315789473684,1.0000459203645076,,
yelp,query2,4,1,13.76525114197284,13.310777384787798,41569.0,0.0,0.0,0.0,1192.0,13.76525114197284,13.310777384787798,41569.0,0.0,0.0,0.0,1192.0,13.49076397895068,13.044995156116784,40787.0,0.0,25.0,0.0,1192.0,13.492013978950679,13.044995156116784,40787.0,0.0,25.0,0.0,1192.0,0.0,0.0,0.0,0.0,0.0,0.0,0.0,0.0,0.0,0.0,0.0,0.0,0.0,0.0,0.0,0.0,0.0,0.0,0.0,0.0,0.0,0.0,0.0,0.0,13.76525114197284,0.0,13.76525114197284,0.0,13.49076397895068,0.0,13.492013978950679,0.0,0.0,0.01143037894700761,0.011859369524037483,0.0,0.01143037894700761,0.011859369524037483,0.0,0.011382339760379659,0.011854626970364365,0.0,0.011382534692153537,0.011854646463541754,1192,0.0,0.0,0.0,,0.0,0.019967446001670996,0.019940585187377846,0.01881209555197383,,0.02097315436241611,0.019967446001670996,0.01984977681874689,0.01881209555197383,,0.02097315436241611,1.0000926559831562,,
yelp,query2,4,1/16,12.595420494675636,12.179742907173932,38505.0,0.0,0.0,0.0,1089.0,12.595420494675636,12.179742907173932,38505.0,0.0,0.0,1089.0,1089.0,12.595420494675636,12.179742907173932,38505.0,0.0,0.0,1089.0,1089.0,12.595420494675636,12.179742907173932,38505.0,0.0,0.0,1089.0,1089.0,0.0,0.0,0.0,0.0,0.0,0.0,0.0,0.0,0.0,0.0,0.0,0.0,0.0,0.0,0.0,0.0,0.0,0.0,0.0,0.0,0.0,0.0,0.0,0.0,12.595420494675636,0.0,12.595420494675636,0.0,12.595420494675636,0.0,12.595420494675636,0.0,0.0,0.011433178521296446,0.011864095001204058,0.0,0.011433178521296446,0.011864095001204058,0.0,0.011433178521296446,0.011864095001204058,0.0,0.011433178521296446,0.011864095001204058,1089,0.0,0.0,0.0,,0.0,0.0,0.0,0.0,,0.0,0.0,0.0,0.0,,0.0,1.0,,
yelp,query2,4,1/4,13.086923751048744,12.652457614429295,40906.0,0.0,0.0,0.0,1132.0,13.086923751048744,12.652457614429295,40906.0,0.0,0.0,0.0,1132.0,12.842469903084039,12.41586832050234,40133.0,0.0,22.0,0.0,1132.0,12.785462948537766,12.35927667003125,39947.0,0.0,27.0,255.0,1132.0,0.0,0.0,0.0,0.0,0.0,0.0,0.0,0.0,0.0,0.0,0.0,0.0,0.0,0.0,0.0,0.0,0.0,0.0,0.0,0.0,0.0,0.0,0.0,0.0,13.086923751048744,0.0,13.086923751048744,0.0,12.842469903084039,0.0,12.785462948537766,0.0,0.0,0.0114426175253952,0.011815877756231042,0.0,0.0114426175253952,0.011815877756231042,0.0,0.011371546390345658,0.011809061225374541,0.0,0.01137071049050903,0.011809097137448599,1132,0.0,0.0,0.0,,0.0,0.01869907816621652,0.018679244459196553,0.018896983327629235,,0.019434628975265017,0.023171857462987444,0.02303526850508464,0.023443993546179098,,0.023851590106007067,0.9955610599069745,,
yelp,query2,4,inf,13.434484561905265,12.991735118441284,41136.0,0.0,0.0,0.0,1159.0,13.434484561905265,12.991735118441284,41136.0,0.0,0.0,0.0,1159.0,13.018994333023429,12.589333578944206,40003.0,0.0,38.0,0.0,1159.0,13.02089433302343,12.589333578944206,40003.0,0.0,38.0,0.0,1159.0,0.0,0.0,0.0,0.0,0.0,0.0,0.0,0.0,0.0,0.0,0.0,0.0,0.0,0.0,0.0,0.0,0.0,0.0,0.0,0.0,0.0,0.0,0.0,0.0,13.434484561905265,0.0,13.434484561905265,0.0,13.018994333023429,0.0,13.02089433302343,0.0,0.0,0.011476469786072878,0.011847135134330404,0.0,0.011476469786072878,0.011847135134330404,0.0,0.01137015530653371,0.01183755802341277,0.0,0.01137064646566927,0.01183760222773497,1159,0.0,0.0,0.0,,0.0,0.030973656392199955,0.03092714327574564,0.027542784908595852,,0.03278688524590164,0.030973656392199955,0.03078571619000625,0.027542784908595852,,0.03278688524590164,1.000145940611955,,
yelp,query2,8,1,26.172953047789633,25.310312600806355,80109.0,0.0,0.0,0.0,2259.0,26.172953047789633,25.310312600806355,80109.0,0.0,0.0,0.0,2259.0,24.14497728776455,23.345589115284383,74137.0,0.0,181.0,0.0,2259.0,24.15402728776455,23.345589115284383,74137.0,0.0,181.0,0.0,2259.0,0.0,0.0,0.0,0.0,0.0,0.0,0.0,0.0,0.0,0.0,0.0,0.0,0.0,0.0,0.0,0.0,0.0,0.0,0.0,0.0,0.0,0.0,0.0,0.0,26.172953047789633,0.0,26.172953047789633,0.0,24.14497728776455,0.0,24.15402728776455,0.0,0.0,0.011367877900921676,0.011904776442032337,0.0,0.011367877900921676,0.011904776442032337,0.0,0.011215675237259732,0.011894633187243238,0.0,0.011216242559498765,0.011894674790874101,2259,0.0,0.0,0.0,,0.0,0.07762541366080866,0.07748364337498204,0.07454842776716719,,0.08012394864984507,0.07762541366080866,0.07713786657312582,0.07454842776716719,,0.08012394864984507,1.000374819155642,,
yelp,query2,8,1/16,26.423926753923297,25.552700818516314,81101.0,0.0,0.0,0.0,2280.0,26.423926753923297,25.552700818516314,81101.0,0.0,0.0,2280.0,2280.0,26.423926753923297,25.552700818516314,81101.0,0.0,0.0,2280.0,2280.0,26.423926753923297,25.552700818516314,81101.0,0.0,0.0,2280.0,2280.0,0.0,0.0,0.0,0.0,0.0,0.0,0.0,0.0,0.0,0.0,0.0,0.0,0.0,0.0,0.0,0.0,0.0,0.0,0.0,0.0,0.0,0.0,0.0,0.0,26.423926753923297,0.0,26.423926753923297,0.0,26.423926753923297,0.0,26.423926753923297,0.0,0.0,0.011400275201009011,0.011903092318717634,0.0,0.011400275201009011,0.011903092318717634,0.0,0.011400275201009011,0.011903092318717634,0.0,0.011400275201009011,0.011903092318717634,2280,0.0,0.0,0.0,,0.0,0.0,0.0,0.0,,0.0,0.0,0.0,0.0,,0.0,1.0,,
yelp,query2,8,1/4,26.358183283358812,25.4860897436738,81350.0,0.0,0.0,0.0,2276.0,26.358183283358812,25.4860897436738,81350.0,0.0,0.0,0.0,2276.0,25.745173525850177,24.893039245158434,79485.0,0.0,56.0,0.0,2276.0,25.629155428360104,24.777281237766147,79114.0,0.0,66.0,535.0,2276.0,0.0,0.0,0.0,0.0,0.0,0.0,0.0,0.0,0.0,0.0,0.0,0.0,0.0,0.0,0.0,0.0,0.0,0.0,0.0,0.0,0.0,0.0,0.0,0.0,26.358183283358812,0.0,26.358183283358812,0.0,25.745173525850177,0.0,25.629155428360104,0.0,0.0,0.011396377491854142,0.011923700232166065,0.0,0.011396377491854142,0.011923700232166065,0.0,0.011340811594843953,0.01191855838915884,0.0,0.011335721813487645,0.01191852302879049,2276,0.0,0.0,0.0,,0.0,0.023269575854121594,0.0232569047312019,0.022925629993853724,,0.02460456942003515,0.027811583221925895,0.027658501618318287,0.027486170866625637,,0.02899824253075571,0.995493598154482,,
yelp,query2,8,inf,26.33278094045818,25.463796171359718,81557.0,0.0,0.0,0.0,2270.0,26.33278094045818,25.463796171359718,81557.0,0.0,0.0,0.0,2270.0,24.438387261739074,23.629079232923687,76024.0,0.0,171.0,0.0,2270.0,24.446937261739077,23.629079232923687,76024.0,0.0,171.0,0.0,2270.0,0.0,0.0,0.0,0.0,0.0,0.0,0.0,0.0,0.0,0.0,0.0,0.0,0.0,0.0,0.0,0.0,0.0,0.0,0.0,0.0,0.0,0.0,0.0,0.0,26.33278094045818,0.0,26.33278094045818,0.0,24.438387261739074,0.0,24.446937261739077,0.0,0.0,0.01143489531767998,0.011958200235953665,0.0,0.01143489531767998,0.011958200235953665,0.0,0.011336974443710365,0.011950531630353315,0.0,0.011337346467519889,0.011950565112496172,2270,0.0,0.0,0.0,,0.0,0.07205198023457404,0.07194050954977271,0.06784212268720036,,0.07533039647577093,0.07205198023457404,0.07161581919445725,0.06784212268720036,,0.07533039647577093,1.0003498594202813,,
yelp,query2,16,inf,52.15131391212344,50.43274850398302,160466.0,0.0,0.0,0.0,4489.0,52.15131391212344,50.43274850398302,160466.0,0.0,0.0,0.0,4489.0,45.21174731132626,43.71210278198123,139737.0,0.0,622.0,0.0,4489.0,45.242847311326265,43.71210278198123,139737.0,0.0,622.0,0.0,4489.0,0.0,0.0,0.0,0.0,0.0,0.0,0.0,0.0,0.0,0.0,0.0,0.0,0.0,0.0,0.0,0.0,0.0,0.0,0.0,0.0,0.0,0.0,0.0,0.0,52.15131391212344,0.0,52.15131391212344,0.0,45.21174731132626,0.0,45.242847311326265,0.0,0.0,0.011398921013370276,0.011958794433721925,0.0,0.011398921013370276,0.011958794433721925,0.0,0.01112328193677245,0.011935645514367814,0.0,0.011124315231835597,0.011935743103346,4489,0.0,0.0,0.0,,0.0,0.13325955696170344,0.13306599738772762,0.1291800132115214,,0.1385609267097349,0.13325955696170344,0.13246965574900282,0.1291800132115214,,0.1385609267097349,1.000687874321376,,
yelp,query2,50,inf,164.66862466186285,159.23966355621815,505800.0,0.0,0.0,0.0,14200.0,164.66862466186285,159.23966355621815,505800.0,0.0,0.0,0.0,14200.0,120.02721479713918,116.01325329393148,369200.0,0.0,4000.0,0.0,14200.0,120.22721479713917,116.01325329393148,369200.0,0.0,4000.0,0.0,14200.0,0.0,0.0,0.0,0.0,0.0,0.0,0.0,0.0,0.0,0.0,0.0,0.0,0.0,0.0,0.0,0.0,0.0,0.0,0.0,0.0,0.0,0.0,0.0,0.0,164.66862466186285,0.0,164.66862466186285,0.0,120.02721479713918,0.0,120.22721479713917,0.0,0.0,0.011368130799382925,0.012065735943615437,0.0,0.011368130799382925,0.012065735943615437,0.0,0.010065075926154852,0.011946281165224313,0.0,0.010070075926154852,0.011946781165224313,14200,0.0,0.0,0.0,,0.0,0.27145504641829366,0.27109845580111047,0.27006722024515617,,0.28169014084507044,0.27145504641829366,0.2698838953442494,0.27006722024515617,,0.28169014084507044,1.0016662887690764,,
yelp,query3,1,inf,0.5182375945150852,0.5004737097769976,4929.0,0.0,0.0,0.0,44.0,0.5182375945150852,0.5004737097769976,4929.0,0.0,0.0,0.0,44.0,0.5182375945150852,0.5004737097769976,4929.0,0.0,0.0,0.0,44.0,0.5182375945150852,0.5004737097769976,4929.0,0.0,0.0,0.0,44.0,0.0,0.0,0.0,0.0,0.0,0.0,0.0,0.0,0.0,0.0,0.0,0.0,0.0,0.0,0.0,0.0,0.0,0.0,0.0,0.0,0.0,0.0,0.0,0.0,0.5182375945150852,0.0,0.5182375945150852,0.0,0.5182375945150852,0.0,0.5182375945150852,0.0,0.0,0.011778127148070118,0.011778127148070118,0.0,0.011778127148070118,0.011778127148070118,0.0,0.011778127148070118,0.011778127148070118,0.0,0.011778127148070118,0.011778127148070118,44,0.0,0.0,0.0,,0.0,0.0,0.0,0.0,,0.0,0.0,0.0,0.0,,0.0,1.0,,
yelp,query3,2,1,1.116080529987812,1.0790404500439763,6075.0,0.0,0.0,0.0,96.0,1.116080529987812,1.0790404500439763,6075.0,0.0,0.0,3.0,96.0,1.116080529987812,1.0790404500439763,6075.0,0.0,0.0,3.0,96.0,1.116080529987812,1.0790404500439763,6075.0,0.0,0.0,3.0,96.0,0.0,0.0,0.0,0.0,0.0,0.0,0.0,0.0,0.0,0.0,0.0,0.0,0.0,0.0,0.0,0.0,0.0,0.0,0.0,0.0,0.0,0.0,0.0,0.0,1.116080529987812,0.0,1.116080529987812,0.0,1.116080529987812,0.0,1.116080529987812,0.0,0.0,0.011630638963245649,0.0116392635448063,0.0,0.011630638963245649,0.0116392635448063,0.0,0.011630638963245649,0.0116392635448063,0.0,0.011630638963245649,0.0116392635448063,96,0.0,0.0,0.0,,0.0,0.0,0.0,0.0,,0.0,0.0,0.0,0.0,,0.0,1.0,,
yelp,query3,2,1/16,1.193787352181971,1.1516576651483774,14072.0,0.0,0.0,0.0,102.0,1.193787352181971,1.1516576651483774,14072.0,0.0,0.0,102.0,102.0,1.193787352181971,1.1516576651483774,14072.0,0.0,0.0,102.0,102.0,1.193787352181971,1.1516576651483774,14072.0,0.0,0.0,102.0,102.0,0.0,0.0,0.0,0.0,0.0,0.0,0.0,0.0,0.0,0.0,0.0,0.0,0.0,0.0,0.0,0.0,0.0,0.0,0.0,0.0,0.0,0.0,0.0,0.0,1.193787352181971,0.0,1.193787352181971,0.0,1.193787352181971,0.0,1.193787352181971,0.0,0.0,0.011742484411418749,0.011761140122447007,0.0,0.011742484411418749,0.011761140122447007,0.0,0.011742484411418749,0.011761140122447007,0.0,0.011742484411418749,0.011761140122447007,102,0.0,0.0,0.0,,0.0,0.0,0.0,0.0,,0.0,0.0,0.0,0.0,,0.0,1.0,,
yelp,query3,2,1/4,1.1826212462037802,1.1395147619768977,17774.0,0.0,0.0,0.0,101.0,1.1826212462037802,1.1395147619768977,17774.0,0.0,0.0,12.0,101.0,1.1826212462037802,1.1395147619768977,17774.0,0.0,0.0,12.0,101.0,1.1826212462037802,1.1395147619768977,17774.0,0.0,0.0,12.0,101.0,0.0,0.0,0.0,0.0,0.0,0.0,0.0,0.0,0.0,0.0,0.0,0.0,0.0,0.0,0.0,0.0,0.0,0.0,0.0,0.0,0.0,0.0,0.0,0.0,1.1826212462037802,0.0,1.1826212462037802,0.0,1.1826212462037802,0.0,1.1826212462037802,0.0,0.0,0.011742973292712122,0.011751631135120988,0.0,0.011742973292712122,0.011751631135120988,0.0,0.011742973292712122,0.011751631135120988,0.0,0.011742973292712122,0.011751631135120988,101,0.0,0.0,0.0,,0.0,0.0,0.0,0.0,,0.0,0.0,0.0,0.0,,0.0,1.0,,
yelp,query3,2,inf,1.064727726392448,1.0280647268518806,9710.0,0.0,0.0,0.0,91.0,1.064727726392448,1.0280647268518806,9710.0,0.0,0.0,0.0,91.0,1.064727726392448,1.0280647268518806,9710.0,0.0,0.0,0.0,91.0,1.064727726392448,1.0280647268518806,9710.0,0.0,0.0,0.0,91.0,0.0,0.0,0.0,0.0,0.0,0.0,0.0,0.0,0.0,0.0,0.0,0.0,0.0,0.0,0.0,0.0,0.0,0.0,0.0,0.0,0.0,0.0,0.0,0.0,1.064727726392448,0.0,1.064727726392448,0.0,1.064727726392448,0.0,1.064727726392448,0.0,0.0,0.011716630050531503,0.011727308161789551,0.0,0.011716630050531503,0.011727308161789551,0.0,0.011716630050531503,0.011727308161789551,0.0,0.011716630050531503,0.011727308161789551,91,0.0,0.0,0.0,,0.0,0.0,0.0,0.0,,0.0,0.0,0.0,0.0,,0.0,1.0,,
yelp,query3,4,1,2.064374187029898,1.9926143800839782,20899.0,0.0,0.0,0.0,177.0,2.064374187029898,1.9926143800839782,20899.0,0.0,0.0,13.0,177.0,2.064374187029898,1.9926143800839782,20899.0,0.0,0.0,13.0,177.0,2.064374187029898,1.9926143800839782,20899.0,0.0,0.0,13.0,177.0,0.0,0.0,0.0,0.0,0.0,0.0,0.0,0.0,0.0,0.0,0.0,0.0,0.0,0.0,0.0,0.0,0.0,0.0,0.0,0.0,0.0,0.0,0.0,0.0,2.064374187029898,0.0,2.064374187029898,0.0,2.064374187029898,0.0,2.064374187029898,0.0,0.0,0.01169626809998498,0.01174094598604767,0.0,0.01169626809998498,0.01174094598604767,0.0,0.01169626809998498,0.01174094598604767,0.0,0.01169626809998498,0.01174094598604767,177,0.0,0.0,0.0,,0.0,0.0,0.0,0.0,,0.0,0.0,0.0,0.0,,0.0,1.0,,
yelp,query3,4,1/16,2.339648979716003,2.2572530144825578,28857.0,0.0,0.0,0.0,197.0,2.339648979716003,2.2572530144825578,28857.0,0.0,0.0,197.0,197.0,2.339648979716003,2.2572530144825578,28857.0,0.0,0.0,197.0,197.0,2.339648979716003,2.2572530144825578,28857.0,0.0,0.0,197.0,197.0,0.0,0.0,0.0,0.0,0.0,0.0,0.0,0.0,0.0,0.0,0.0,0.0,0.0,0.0,0.0,0.0,0.0,0.0,0.0,0.0,0.0,0.0,0.0,0.0,2.339648979716003,0.0,2.339648979716003,0.0,2.339648979716003,0.0,2.339648979716003,0.0,0.0,0.011928360604229029,0.011976395271805643,0.0,0.011928360604229029,0.011976395271805643,0.0,0.011928360604229029,0.011976395271805643,0.0,0.011928360604229029,0.011976395271805643,197,0.0,0.0,0.0,,0.0,0.0,0.0,0.0,,0.0,0.0,0.0,0.0,,0.0,1.0,,
yelp,query3,4,1/4,2.1376800695434213,2.062312478199601,24830.0,0.0,0.0,0.0,183.0,2.1376800695434213,2.062312478199601,24830.0,0.0,0.0,16.0,183.0,2.126946918514073,2.051921504549682,24804.0,0.0,1.0,16.0,183.0,2.126996918514073,2.051921504549682,24804.0,0.0,1.0,16.0,183.0,0.0,0.0,0.0,0.0,0.0,0.0,0.0,0.0,0.0,0.0,0.0,0.0,0.0,0.0,0.0,0.0,0.0,0.0,0.0,0.0,0.0,0.0,0.0,0.0,2.1376800695434213,0.0,2.1376800695434213,0.0,2.126946918514073,0.0,2.126996918514073,0.0,0.0,0.011725747336943945,0.011796774767721311,0.0,0.011725747336943945,0.011796774767721311,0.0,0.01169134621184988,0.011793334655211905,0.0,0.011691506468260135,0.011793350680852929,183,0.0,0.0,0.0,,0.0,0.005038505929513826,0.005020934227842888,0.0010471204188481353,,0.00546448087431694,0.005038505929513826,0.004997544385409447,0.0010471204188481353,,0.00546448087431694,1.0000235078739224,,
yelp,query3,4,inf,2.3466419875621796,2.2635275283828378,30278.0,0.0,0.0,0.0,198.0,2.3466419875621796,2.2635275283828378,30278.0,0.0,0.0,0.0,198.0,2.3466419875621796,2.2635275283828378,30278.0,0.0,0.0,0.0,198.0,2.3466419875621796,2.2635275283828378,30278.0,0.0,0.0,0.0,198.0,0.0,0.0,0.0,0.0,0.0,0.0,0.0,0.0,0.0,0.0,0.0,0.0,0.0,0.0,0.0,0.0,0.0,0.0,0.0,0.0,0.0,0.0,0.0,0.0,2.3466419875621796,0.0,2.3466419875621796,0.0,2.3466419875621796,0.0,2.3466419875621796,0.0,0.0,0.01188817534497694,0.011951418198939218,0.0,0.01188817534497694,0.011951418198939218,0.0,0.01188817534497694,0.011951418198939218,0.0,0.01188817534497694,0.011951418198939218,198,0.0,0.0,0.0,,0.0,0.0,0.0,0.0,,0.0,0.0,0.0,0.0,,0.0,1.0,,
yelp,query3,8,1,4.44876154512167,4.292887838557363,48453.0,0.0,0.0,0.0,381.0,4.44876154512167,4.292887838557363,48453.0,0.0,0.0,31.0,381.0,4.362733192454875,4.20959254167974,48245.0,0.0,8.0,31.0,381.0,4.363133192454875,4.20959254167974,48245.0,0.0,8.0,31.0,381.0,0.0,0.0,0.0,0.0,0.0,0.0,0.0,0.0,0.0,0.0,0.0,0.0,0.0,0.0,0.0,0.0,0.0,0.0,0.0,0.0,0.0,0.0,0.0,0.0,4.44876154512167,0.0,4.44876154512167,0.0,4.362733192454875,0.0,4.363133192454875,0.0,0.0,0.011766879240446405,0.011874366844908576,0.0,0.011766879240446405,0.011874366844908576,0.0,0.011674650595814295,0.011865143980445365,0.0,0.011675078678006077,0.011865186788664543,381,0.0,0.0,0.0,,0.0,0.019403091813741447,0.019337595821724896,0.004292819846036355,,0.02099737532808399,0.019403091813741447,0.019247683158179485,0.004292819846036355,,0.02099737532808399,1.0000916856434612,,
yelp,query3,8,1/16,4.867810955271125,4.6981073543429375,52058.0,0.0,0.0,0.0,415.0,4.867810955271125,4.6981073543429375,52058.0,0.0,0.0,415.0,415.0,4.867810955271125,4.6981073543429375,52058.0,0.0,0.0,415.0,415.0,4.867810955271125,4.6981073543429375,52058.0,0.0,0.0,415.0,415.0,0.0,0.0,0.0,0.0,0.0,0.0,0.0,0.0,0.0,0.0,0.0,0.0,0.0,0.0,0.0,0.0,0.0,0.0,0.0,0.0,0.0,0.0,0.0,0.0,4.867810955271125,0.0,4.867810955271125,0.0,4.867810955271125,0.0,4.867810955271125,0.0,0.0,0.01185845383824628,0.012006319305538887,0.0,0.01185845383824628,0.012006319305538887,0.0,0.01185845383824628,0.012006319305538887,0.0,0.01185845383824628,0.012006319305538887,415,0.0,0.0,0.0,,0.0,0.0,0.0,0.0,,0.0,0.0,0.0,0.0,,0.0,1.0,,
yelp,query3,8,1/4,4.679067051038146,4.512794432230294,59208.0,0.0,0.0,0.0,398.0,4.679067051038146,4.512794432230294,59208.0,0.0,0.0,39.0,398.0,4.582338176228404,4.419141663238406,58974.0,0.0,9.0,39.0,398.0,4.582788176228404,4.419141663238406,58974.0,0.0,9.0,39.0,398.0,0.0,0.0,0.0,0.0,0.0,0.0,0.0,0.0,0.0,0.0,0.0,0.0,0.0,0.0,0.0,0.0,0.0,0.0,0.0,0.0,0.0,0.0,0.0,0.0,4.679067051038146,0.0,4.679067051038146,0.0,4.582338176228404,0.0,4.582788176228404,0.0,0.0,0.0118557286740211,0.011979237144185724,0.0,0.0118557286740211,0.011979237144185724,0.0,0.011782547567258177,0.011971919033509432,0.0,0.0117828877033126,0.011971953047114873,398,0.0,0.0,0.0,,0.0,0.020752722154375403,0.020672684053176904,0.003952168625861341,,0.022613065326633167,0.020752722154375403,0.020576511035117706,0.003952168625861341,,0.022613065326633167,1.000098203140557,,
yelp,query3,8,inf,4.822829189710319,4.65368109382689,53261.0,0.0,0.0,0.0,413.0,4.822829189710319,4.65368109382689,53261.0,0.0,0.0,0.0,413.0,4.650837742149532,4.487157503142953,52845.0,0.0,16.0,0.0,413.0,4.651637742149532,4.487157503142953,52845.0,0.0,16.0,0.0,413.0,0.0,0.0,0.0,0.0,0.0,0.0,0.0,0.0,0.0,0.0,0.0,0.0,0.0,0.0,0.0,0.0,0.0,0.0,0.0,0.0,0.0,0.0,0.0,0.0,4.822829189710319,0.0,4.822829189710319,0.0,4.650837742149532,0.0,4.651637742149532,0.0,0.0,0.01180615854563296,0.011923918753659519,0.0,0.01180615854563296,0.011923918753659519,0.0,0.011682016724074143,0.011911504571503636,0.0,0.011682594281829918,0.011911562327279215,413,0.0,0.0,0.0,,0.0,0.03578319771520888,0.035661940490809174,0.007810593116914788,,0.0387409200968523,0.03578319771520888,0.03549606275213524,0.007810593116914788,,0.0387409200968523,1.0001720120211355,,
yelp,query3,16,inf,9.013534659519792,8.69480914156884,108564.0,0.0,0.0,0.0,768.0,9.013534659519792,8.69480914156884,108564.0,0.0,0.0,0.0,768.0,8.562122367445529,8.257751719094813,107472.0,0.0,42.0,0.0,768.0,8.56422236744553,8.257751719094813,107472.0,0.0,42.0,0.0,768.0,0.0,0.0,0.0,0.0,0.0,0.0,0.0,0.0,0.0,0.0,0.0,0.0,0.0,0.0,0.0,0.0,0.0,0.0,0.0,0.0,0.0,0.0,0.0,0.0,9.013534659519792,0.0,9.013534659519792,0.0,8.562122367445529,0.0,8.56422236744553,0.0,0.0,0.011938057700381824,0.012166647224368209,0.0,0.011938057700381824,0.012166647224368209,0.0,0.011816600974620664,0.012158116593056602,0.0,0.011817164037683727,0.012158156007471017,768,0.0,0.0,0.0,,0.0,0.05026647685508212,0.05008160606532941,0.010058582955675965,,0.0546875,0.05026647685508212,0.04984862310366933,0.010058582955675965,,0.0546875,1.0002452662914496,,
yelp,query3,50,inf,28.145922161638737,27.160581946372986,312000.0,0.0,0.0,0.0,2400.0,28.145922161638737,27.160581946372986,312000.0,0.0,0.0,0.0,2400.0,23.846135972619056,22.99749217927456,301600.0,0.0,400.0,0.0,2400.0,23.866135972619055,22.99749217927456,301600.0,0.0,400.0,0.0,2400.0,0.0,0.0,0.0,0.0,0.0,0.0,0.0,0.0,0.0,0.0,0.0,0.0,0.0,0.0,0.0,0.0,0.0,0.0,0.0,0.0,0.0,0.0,0.0,0.0,28.145922161638737,0.0,28.145922161638737,0.0,23.846135972619056,0.0,23.866135972619055,0.0,0.0,0.012025843995312849,0.012795415893197059,0.0,0.012025843995312849,0.012795415893197059,0.0,0.012025843995312849,0.012795415893197059,0.0,0.012025843995312849,0.012795415893197059,2400,0.0,0.0,0.0,,0.0,0.1532768986805294,0.15276764301153511,0.033333333333333326,,0.16666666666666666,0.1532768986805294,0.15205706050209944,0.033333333333333326,,0.16666666666666666,1.0008387103060623,,
yelp,query4,1,inf,2.440188798122108,2.360843668691814,7497.0,0.0,0.0,0.0,212.0,2.440188798122108,2.360843668691814,7497.0,0.0,0.0,0.0,212.0,2.440188798122108,2.360843668691814,7497.0,0.0,0.0,0.0,212.0,2.440188798122108,2.360843668691814,7497.0,0.0,0.0,0.0,212.0,0.0,0.0,0.0,0.0,0.0,0.0,0.0,0.0,0.0,0.0,0.0,0.0,0.0,0.0,0.0,0.0,0.0,0.0,0.0,0.0,0.0,0.0,0.0,0.0,2.440188798122108,0.0,2.440188798122108,0.0,2.440188798122108,0.0,2.440188798122108,0.0,0.0,0.011454544136333362,0.01154241989399388,0.0,0.011454544136333362,0.01154241989399388,0.0,0.011454544136333362,0.01154241989399388,0.0,0.011454544136333362,0.01154241989399388,212,0.0,0.0,0.0,,0.0,0.0,0.0,0.0,,0.0,0.0,0.0,0.0,,0.0,1.0,,
yelp,query4,2,1,4.93079595733434,4.76995665859431,15574.0,0.0,0.0,0.0,429.0,4.93079595733434,4.76995665859431,15574.0,0.0,0.0,0.0,429.0,4.874248830771446,4.715162429958582,15399.0,0.0,5.0,0.0,429.0,4.874498830771446,4.715162429958582,15399.0,0.0,5.0,0.0,429.0,0.0,0.0,0.0,0.0,0.0,0.0,0.0,0.0,0.0,0.0,0.0,0.0,0.0,0.0,0.0,0.0,0.0,0.0,0.0,0.0,0.0,0.0,0.0,0.0,4.93079595733434,0.0,4.93079595733434,0.0,4.874248830771446,0.0,4.874498830771446,0.0,0.0,0.011409377442341856,0.011553595468194228,0.0,0.011409377442341856,0.011553595468194228,0.0,0.011369381868479975,0.01154959591080804,0.0,0.01136955608450785,0.011549613332410827,429,0.0,0.0,0.0,,0.0,0.011487364049105664,0.011468153834023997,0.011236676512135557,,0.011655011655011656,0.011487364049105664,0.011417452080764723,0.011236676512135557,,0.011655011655011656,1.000051289954346,,
yelp,query4,2,1/16,5.247764619067311,5.0771064991131425,16425.0,0.0,0.0,0.0,455.0,5.247764619067311,5.0771064991131425,16425.0,0.0,0.0,455.0,455.0,5.247764619067311,5.0771064991131425,16425.0,0.0,0.0,455.0,455.0,5.247764619067311,5.0771064991131425,16425.0,0.0,0.0,455.0,455.0,0.0,0.0,0.0,0.0,0.0,0.0,0.0,0.0,0.0,0.0,0.0,0.0,0.0,0.0,0.0,0.0,0.0,0.0,0.0,0.0,0.0,0.0,0.0,0.0,5.247764619067311,0.0,5.247764619067311,0.0,5.247764619067311,0.0,5.247764619067311,0.0,0.0,0.011437971693839854,0.011585637602171805,0.0,0.011437971693839854,0.011585637602171805,0.0,0.011437971693839854,0.011585637602171805,0.0,0.011437971693839854,0.011585637602171805,455,0.0,0.0,0.0,,0.0,0.0,0.0,0.0,,0.0,0.0,0.0,0.0,,0.0,1.0,,
yelp,query4,2,1/4,4.949488636106253,4.788224320858717,15627.0,0.0,0.0,0.0,431.0,4.949488636106253,4.788224320858717,15627.0,0.0,0.0,0.0,431.0,4.869467440857887,4.710681165568531,15368.0,0.0,7.0,0.0,431.0,4.869817440857887,4.710681165568531,15368.0,0.0,7.0,80.0,431.0,0.0,0.0,0.0,0.0,0.0,0.0,0.0,0.0,0.0,0.0,0.0,0.0,0.0,0.0,0.0,0.0,0.0,0.0,0.0,0.0,0.0,0.0,0.0,0.0,4.949488636106253,0.0,4.949488636106253,0.0,4.869467440857887,0.0,4.869817440857887,0.0,0.0,0.011380579265188689,0.011533933990425103,0.0,0.011380579265188689,0.011533933990425103,0.0,0.011340742034983467,0.01152995026740458,0.0,0.011340918091321496,0.011529967873038383,431,0.0,0.0,0.0,,0.0,0.016194553574357173,0.016167568234143448,0.016573878543546416,,0.016241299303944315,0.016194553574357173,0.016096853858228566,0.016573878543546416,,0.016241299303944315,1.000071876443215,,
yelp,query4,2,inf,4.872113569639623,4.713916338048875,15379.0,0.0,0.0,0.0,421.0,4.872113569639623,4.713916338048875,15379.0,0.0,0.0,0.0,421.0,4.803241191449463,4.647173014469445,15157.0,0.0,6.0,0.0,421.0,4.8035411914494635,4.647173014469445,15157.0,0.0,6.0,0.0,421.0,0.0,0.0,0.0,0.0,0.0,0.0,0.0,0.0,0.0,0.0,0.0,0.0,0.0,0.0,0.0,0.0,0.0,0.0,0.0,0.0,0.0,0.0,0.0,0.0,4.872113569639623,0.0,4.872113569639623,0.0,4.803241191449463,0.0,4.8035411914494635,0.0,0.0,0.011496062437576723,0.011649958619894964,0.0,0.011496062437576723,0.011649958619894964,0.0,0.011433903251484521,0.011643742701285745,0.0,0.011434174009607265,0.011643769777098018,421,0.0,0.0,0.0,,0.0,0.01415878407529314,0.014136037102939314,0.014435268873138729,,0.014251781472684086,0.01415878407529314,0.014074462183612857,0.014435268873138729,,0.014251781472684086,1.0000624578254647,,
yelp,query4,4,1,10.167178169824183,9.83649967238307,31880.0,0.0,0.0,0.0,881.0,10.167178169824183,9.83649967238307,31880.0,0.0,0.0,0.0,881.0,9.837393584901392,9.51695672608912,30791.0,0.0,29.0,0.0,881.0,9.838843584901392,9.51695672608912,30791.0,0.0,29.0,0.0,881.0,0.0,0.0,0.0,0.0,0.0,0.0,0.0,0.0,0.0,0.0,0.0,0.0,0.0,0.0,0.0,0.0,0.0,0.0,0.0,0.0,0.0,0.0,0.0,0.0,10.167178169824183,0.0,10.167178169824183,0.0,9.837393584901392,0.0,9.838843584901392,0.0,0.0,0.011370934111072994,0.011618255203348428,0.0,0.011370934111072994,0.011618255203348428,0.0,0.011285975332960378,0.011611262433283523,0.0,0.011286342081126636,0.01161129299563071,881,0.0,0.0,0.0,,0.0,0.032485432515297896,0.03243619610223614,0.03415934755332495,,0.032917139614074914,0.032485432515297896,0.032293580326670845,0.03415934755332495,,0.032917139614074914,1.000147396765971,,
yelp,query4,4,1/16,9.414330995641649,9.108342556282878,28946.0,0.0,0.0,0.0,816.0,9.414330995641649,9.108342556282878,28946.0,0.0,0.0,816.0,816.0,9.414330995641649,9.108342556282878,28946.0,0.0,0.0,816.0,816.0,9.414330995641649,9.108342556282878,28946.0,0.0,0.0,816.0,816.0,0.0,0.0,0.0,0.0,0.0,0.0,0.0,0.0,0.0,0.0,0.0,0.0,0.0,0.0,0.0,0.0,0.0,0.0,0.0,0.0,0.0,0.0,0.0,0.0,9.414330995641649,0.0,9.414330995641649,0.0,9.414330995641649,0.0,9.414330995641649,0.0,0.0,0.011379513871502276,0.011632290369174045,0.0,0.011379513871502276,0.011632290369174045,0.0,0.011379513871502276,0.011632290369174045,0.0,0.011379513871502276,0.011632290369174045,816,0.0,0.0,0.0,,0.0,0.0,0.0,0.0,,0.0,0.0,0.0,0.0,,0.0,1.0,,
yelp,query4,4,1/4,9.876328607089818,9.555192629806697,30664.0,0.0,0.0,0.0,857.0,9.876328607089818,9.555192629806697,30664.0,0.0,0.0,0.0,857.0,9.694096815198362,9.37860661931336,30081.0,0.0,16.0,0.0,857.0,9.558003167598546,9.245367288589478,29633.0,0.0,28.0,142.0,857.0,0.0,0.0,0.0,0.0,0.0,0.0,0.0,0.0,0.0,0.0,0.0,0.0,0.0,0.0,0.0,0.0,0.0,0.0,0.0,0.0,0.0,0.0,0.0,0.0,9.876328607089818,0.0,9.876328607089818,0.0,9.694096815198362,0.0,9.558003167598546,0.0,0.0,0.011368032984262076,0.01160907487957921,0.0,0.011368032984262076,0.01160907487957921,0.0,0.011322540284131525,0.011604717443070501,0.0,0.011322108644963625,0.011604735825423445,857,0.0,0.0,0.0,,0.0,0.01848063323626692,0.01845136985019291,0.019012522828071976,,0.01866977829638273,0.03242481373433992,0.03223115108409402,0.03362248891207931,,0.03267211201866978,0.985961183368166,,
yelp,query4,4,inf,9.905489052645862,9.583209102973342,30766.0,0.0,0.0,0.0,860.0,9.905489052645862,9.583209102973342,30766.0,0.0,0.0,0.0,860.0,9.392833299601078,9.08646041341126,29077.0,0.0,45.0,0.0,860.0,9.395083299601078,9.08646041341126,29077.0,0.0,45.0,0.0,860.0,0.0,0.0,0.0,0.0,0.0,0.0,0.0,0.0,0.0,0.0,0.0,0.0,0.0,0.0,0.0,0.0,0.0,0.0,0.0,0.0,0.0,0.0,0.0,0.0,9.905489052645862,0.0,9.905489052645862,0.0,9.392833299601078,0.0,9.395083299601078,0.0,0.0,0.011365516609068782,0.011595966555178167,0.0,0.011365516609068782,0.011595966555178167,0.0,0.01121206193785547,0.011581016809568837,0.0,0.011212716699760228,0.011581082285759313,860,0.0,0.0,0.0,,0.0,0.0518353178172809,0.05175471400958731,0.054898264317753354,,0.05232558139534884,0.0518353178172809,0.05152756722379592,0.054898264317753354,,0.05232558139534884,1.000239544334306,,
yelp,query4,8,1,19.813096630387008,19.16940249875188,61859.0,0.0,0.0,0.0,1717.0,19.813096630387008,19.16940249875188,61859.0,0.0,0.0,0.0,1717.0,18.095770809155404,17.505369508638978,56227.0,0.0,151.0,0.0,1717.0,18.103320809155406,17.505369508638978,56227.0,0.0,151.0,0.0,1717.0,0.0,0.0,0.0,0.0,0.0,0.0,0.0,0.0,0.0,0.0,0.0,0.0,0.0,0.0,0.0,0.0,0.0,0.0,0.0,0.0,0.0,0.0,0.0,0.0,19.813096630387008,0.0,19.813096630387008,0.0,18.095770809155404,0.0,18.103320809155406,0.0,0.0,0.011278259966793252,0.011683647792643644,0.0,0.011278259966793252,0.011683647792643644,0.0,0.011232293891127135,0.01168241549989868,0.0,0.011232441238867803,0.011682420411490035,1717,0.0,0.0,0.0,,0.0,0.08680672181729432,0.08667629564768642,0.09104576536963094,,0.08794408852649971,0.08680672181729432,0.08629523456769239,0.09104576536963094,,0.08794408852649971,1.0004172245592424,,
yelp,query4,8,1/16,20.851847584359348,20.17353075556457,65248.0,0.0,0.0,0.0,1807.0,20.851847584359348,20.17353075556457,65248.0,0.0,0.0,1807.0,1807.0,20.851847584359348,20.17353075556457,65248.0,0.0,0.0,1807.0,1807.0,20.851847584359348,20.17353075556457,65248.0,0.0,0.0,1807.0,1807.0,0.0,0.0,0.0,0.0,0.0,0.0,0.0,0.0,0.0,0.0,0.0,0.0,0.0,0.0,0.0,0.0,0.0,0.0,0.0,0.0,0.0,0.0,0.0,0.0,20.851847584359348,0.0,20.851847584359348,0.0,20.851847584359348,0.0,20.851847584359348,0.0,0.0,0.01129642908797222,0.01167156787478403,0.0,0.01129642908797222,0.01167156787478403,0.0,0.01129642908797222,0.01167156787478403,0.0,0.01129642908797222,0.01167156787478403,1807,0.0,0.0,0.0,,0.0,0.0,0.0,0.0,,0.0,0.0,0.0,0.0,,0.0,1.0,,
yelp,query4,8,1/4,19.782889193855226,19.139072880148888,61558.0,0.0,0.0,0.0,1718.0,19.782889193855226,19.139072880148888,61558.0,0.0,0.0,0.0,1718.0,19.137512443288564,18.513776555657387,59422.0,0.0,57.0,0.0,1718.0,19.01632665198505,18.39308810327202,59013.0,0.0,68.0,314.0,1718.0,0.0,0.0,0.0,0.0,0.0,0.0,0.0,0.0,0.0,0.0,0.0,0.0,0.0,0.0,0.0,0.0,0.0,0.0,0.0,0.0,0.0,0.0,0.0,0.0,19.782889193855226,0.0,19.782889193855226,0.0,19.137512443288564,0.0,19.01632665198505,0.0,0.0,0.011271797173688394,0.011631266984153723,0.0,0.011271797173688394,0.011631266984153723,0.0,0.011215429175133771,0.011626894694355136,0.0,0.011215184803399126,0.011627040181934946,1718,0.0,0.0,0.0,,0.0,0.032671191985483294,0.03262297757635535,0.034698983072874334,,0.03317811408614668,0.03897705921014616,0.03874876588341192,0.0413431235582703,,0.03958090803259604,0.9936676309597378,,
yelp,query4,8,inf,19.384158249013126,18.754027045331895,60974.0,0.0,0.0,0.0,1681.0,19.384158249013126,18.754027045331895,60974.0,0.0,0.0,0.0,1681.0,17.52315028789103,16.95057623833418,54871.0,0.0,163.0,0.0,1681.0,17.531300287891032,16.95057623833418,54871.0,0.0,163.0,0.0,1681.0,0.0,0.0,0.0,0.0,0.0,0.0,0.0,0.0,0.0,0.0,0.0,0.0,0.0,0.0,0.0,0.0,0.0,0.0,0.0,0.0,0.0,0.0,0.0,0.0,19.384158249013126,0.0,19.384158249013126,0.0,17.52315028789103,0.0,17.531300287891032,0.0,0.0,0.011297728913175068,0.011657697250670257,0.0,0.011297728913175068,0.011657697250670257,0.0,0.011179607353924668,0.011650620550438041,0.0,0.011180042557019444,0.011650644728387751,1681,0.0,0.0,0.0,,0.0,0.0961633894756816,0.09600664301308215,0.10009184242463998,,0.09696609161213564,0.0961633894756816,0.09558619659001322,0.10009184242463998,,0.09696609161213564,1.0004650990185042,,
yelp,query4,16,inf,39.349906174466014,38.06991704273969,123206.0,0.0,0.0,0.0,3414.0,39.349906174466014,38.06991704273969,123206.0,0.0,0.0,0.0,3414.0,33.12214111107499,32.03546444699168,102763.0,0.0,548.0,0.0,3414.0,33.14954111107498,32.03546444699168,102763.0,0.0,548.0,0.0,3414.0,0.0,0.0,0.0,0.0,0.0,0.0,0.0,0.0,0.0,0.0,0.0,0.0,0.0,0.0,0.0,0.0,0.0,0.0,0.0,0.0,0.0,0.0,0.0,0.0,39.349906174466014,0.0,39.349906174466014,0.0,33.12214111107499,0.0,33.14954111107498,0.0,0.0,0.011193945650274883,0.011673040895242503,0.0,0.011193945650274883,0.011673040895242503,0.0,0.011149257036863867,0.011671030327489776,0.0,0.011149335653216068,0.011671038189124995,3414,0.0,0.0,0.0,,0.0,0.15850973851540973,0.15826632561152576,0.16592536077788422,,0.1605155243116579,0.15850973851540973,0.1575700088305273,0.16592536077788422,,0.1605155243116579,1.000827241207267,,
yelp,query4,50,inf,124.54446628689766,120.49459014087915,389200.0,0.0,0.0,0.0,10800.0,124.54446628689766,120.49459014087915,389200.0,0.0,0.0,0.0,10800.0,83.8288623945117,81.04510847479105,254600.0,0.0,3600.0,0.0,10800.0,84.00886239451168,81.04510847479105,254600.0,0.0,3600.0,0.0,10800.0,0.0,0.0,0.0,0.0,0.0,0.0,0.0,0.0,0.0,0.0,0.0,0.0,0.0,0.0,0.0,0.0,0.0,0.0,0.0,0.0,0.0,0.0,0.0,0.0,124.54446628689766,0.0,124.54446628689766,0.0,83.8288623945117,0.0,84.00886239451168,0.0,0.0,0.011139463284052908,0.011808077630121261,0.0,0.011139463284052908,0.011808077630121261,0.0,0.011072582099586725,0.011808077630121261,0.0,0.011072582099586725,0.011808077630121261,10800,0.0,0.0,0.0,,0.0,0.3273962890779145,0.3269162019498679,0.3458376156217883,,0.3333333333333333,0.3273962890779145,0.32547093500733404,0.3458376156217883,,0.3333333333333333,1.0021472318108395,,
yelp,query5,1,inf,2.2673052391037345,2.1898214435204864,23168.0,0.0,0.0,0.0,192.0,2.2673052391037345,2.1898214435204864,23168.0,0.0,0.0,0.0,192.0,2.2673052391037345,2.1898214435204864,23168.0,0.0,0.0,0.0,192.0,2.2673052391037345,2.1898214435204864,23168.0,0.0,0.0,0.0,192.0,0.0,0.0,0.0,0.0,0.0,0.0,0.0,0.0,0.0,0.0,0.0,0.0,0.0,0.0,0.0,0.0,0.0,0.0,0.0,0.0,0.0,0.0,0.0,0.0,2.2673052391037345,0.0,2.2673052391037345,0.0,2.2673052391037345,0.0,2.2673052391037345,0.0,0.0,0.011795973636827526,0.011812574253791076,0.0,0.011795973636827526,0.011812574253791076,0.0,0.011795973636827526,0.011812574253791076,0.0,0.011795973636827526,0.011812574253791076,192,0.0,0.0,0.0,,0.0,0.0,0.0,0.0,,0.0,0.0,0.0,0.0,,0.0,1.0,,
yelp,query5,2,1,4.66616281773895,4.50901195500046,39436.0,0.0,0.0,0.0,392.0,4.66616281773895,4.50901195500046,39436.0,0.0,0.0,0.0,392.0,4.6058778410613535,4.450506643392146,39239.0,0.0,5.0,0.0,392.0,4.606127841061354,4.450506643392146,39239.0,0.0,5.0,0.0,392.0,0.0,0.0,0.0,0.0,0.0,0.0,0.0,0.0,0.0,0.0,0.0,0.0,0.0,0.0,0.0,0.0,0.0,0.0,0.0,0.0,0.0,0.0,0.0,0.0,4.66616281773895,0.0,4.66616281773895,0.0,4.6058778410613535,0.0,4.606127841061354,0.0,0.0,0.011857007858740939,0.011939370638276336,0.0,0.011857007858740939,0.011939370638276336,0.0,0.011765110028439723,0.011930180855246216,0.0,0.011765491126000699,0.011930218965002314,392,0.0,0.0,0.0,,0.0,0.0129751954956413,0.012919604187067057,0.004995435642560109,,0.012755102040816327,0.0129751954956413,0.012866026973890943,0.004995435642560109,,0.012755102040816327,1.000054278469518,,
yelp,query5,2,1/16,4.8891747342422605,4.7237940253689885,42810.0,0.0,0.0,0.0,412.0,4.8891747342422605,4.7237940253689885,42810.0,0.0,0.0,412.0,412.0,4.8891747342422605,4.7237940253689885,42810.0,0.0,0.0,412.0,412.0,4.8891747342422605,4.7237940253689885,42810.0,0.0,0.0,412.0,412.0,0.0,0.0,0.0,0.0,0.0,0.0,0.0,0.0,0.0,0.0,0.0,0.0,0.0,0.0,0.0,0.0,0.0,0.0,0.0,0.0,0.0,0.0,0.0,0.0,4.8891747342422605,0.0,4.8891747342422605,0.0,4.8891747342422605,0.0,4.8891747342422605,0.0,0.0,0.011841815401392872,0.011923131061031924,0.0,0.011841815401392872,0.011923131061031924,0.0,0.011841815401392872,0.011923131061031924,0.0,0.011841815401392872,0.011923131061031924,412,0.0,0.0,0.0,,0.0,0.0,0.0,0.0,,0.0,0.0,0.0,0.0,,0.0,1.0,,
yelp,query5,2,1/4,4.900213587097824,4.736615885049105,37332.0,0.0,0.0,0.0,415.0,4.900213587097824,4.736615885049105,37332.0,0.0,0.0,8.0,415.0,4.819837413593531,4.6586968041956425,37057.0,0.0,7.0,8.0,415.0,4.820187413593531,4.6586968041956425,37057.0,0.0,7.0,8.0,415.0,0.0,0.0,0.0,0.0,0.0,0.0,0.0,0.0,0.0,0.0,0.0,0.0,0.0,0.0,0.0,0.0,0.0,0.0,0.0,0.0,0.0,0.0,0.0,0.0,4.900213587097824,0.0,4.900213587097824,0.0,4.819837413593531,0.0,4.820187413593531,0.0,0.0,0.011745706554784468,0.01185299608249669,0.0,0.011745706554784468,0.01185299608249669,0.0,0.011623924473717358,0.011840817874389977,0.0,0.01162445477674766,0.011840870904693008,415,0.0,0.0,0.0,,0.0,0.01645036936590316,0.01640258573951181,0.007366334511946904,,0.016867469879518072,0.01645036936590316,0.016331160281462087,0.007366334511946904,,0.016867469879518072,1.000072616557358,,
yelp,query5,2,inf,4.881347455084324,4.72034874279052,27638.0,0.0,0.0,0.0,412.0,4.881347455084324,4.72034874279052,27638.0,0.0,0.0,0.0,412.0,4.704063852827251,4.548343528062105,27056.0,0.0,15.0,0.0,412.0,4.704813852827251,4.548343528062105,27056.0,0.0,15.0,0.0,412.0,0.0,0.0,0.0,0.0,0.0,0.0,0.0,0.0,0.0,0.0,0.0,0.0,0.0,0.0,0.0,0.0,0.0,0.0,0.0,0.0,0.0,0.0,0.0,0.0,4.881347455084324,0.0,4.881347455084324,0.0,4.704063852827251,0.0,4.704813852827251,0.0,0.0,0.011818659783908602,0.011881712253602255,0.0,0.011818659783908602,0.011881712253602255,0.0,0.01155640593441589,0.011855486868652983,0.0,0.011557515401871511,0.011855597815398546,412,0.0,0.0,0.0,,0.0,0.036439090436087396,0.03631857881217149,0.02105796367320356,,0.03640776699029126,0.036439090436087396,0.03616493271201138,0.02105796367320356,,0.03640776699029126,1.000159436611293,,
yelp,query5,4,1,10.039441008120775,9.700376358814538,86327.0,0.0,0.0,0.0,848.0,10.039441008120775,9.700376358814538,86327.0,0.0,0.0,0.0,848.0,9.322469763481319,9.00487710814923,83940.0,0.0,61.0,0.0,848.0,9.325519763481319,9.00487710814923,83940.0,0.0,61.0,0.0,848.0,0.0,0.0,0.0,0.0,0.0,0.0,0.0,0.0,0.0,0.0,0.0,0.0,0.0,0.0,0.0,0.0,0.0,0.0,0.0,0.0,0.0,0.0,0.0,0.0,10.039441008120775,0.0,10.039441008120775,0.0,9.322469763481319,0.0,9.325519763481319,0.0,0.0,0.011768322459411347,0.011945378468496817,0.0,0.011768322459411347,0.011945378468496817,0.0,0.011459189511365417,0.011915617886822627,0.0,0.011460482614813694,0.011915742407895424,848,0.0,0.0,0.0,,0.0,0.07169817179653248,0.07141545471102495,0.027650677076696772,,0.07193396226415094,0.07169817179653248,0.0711116529358532,0.027650677076696772,,0.07193396226415094,1.000327166521038,,
yelp,query5,4,1/16,9.793412510305643,9.46779098175466,69775.0,0.0,0.0,0.0,829.0,9.793412510305643,9.46779098175466,69775.0,0.0,0.0,829.0,829.0,9.793412510305643,9.46779098175466,69775.0,0.0,0.0,829.0,829.0,9.793412510305643,9.46779098175466,69775.0,0.0,0.0,829.0,829.0,0.0,0.0,0.0,0.0,0.0,0.0,0.0,0.0,0.0,0.0,0.0,0.0,0.0,0.0,0.0,0.0,0.0,0.0,0.0,0.0,0.0,0.0,0.0,0.0,9.793412510305643,0.0,9.793412510305643,0.0,9.793412510305643,0.0,9.793412510305643,0.0,0.0,0.011705637215179409,0.011883920702228476,0.0,0.011705637215179409,0.011883920702228476,0.0,0.011705637215179409,0.011883920702228476,0.0,0.011705637215179409,0.011883920702228476,829,0.0,0.0,0.0,,0.0,0.0,0.0,0.0,,0.0,0.0,0.0,0.0,,0.0,1.0,,
yelp,query5,4,1/4,9.91743572242558,9.584938797168434,75981.0,0.0,0.0,0.0,836.0,9.91743572242558,9.584938797168434,75981.0,0.0,0.0,16.0,836.0,9.202509687305689,8.891431353986263,73655.0,0.0,61.0,16.0,836.0,9.205559687305689,8.891431353986263,73655.0,0.0,61.0,16.0,836.0,0.0,0.0,0.0,0.0,0.0,0.0,0.0,0.0,0.0,0.0,0.0,0.0,0.0,0.0,0.0,0.0,0.0,0.0,0.0,0.0,0.0,0.0,0.0,0.0,9.91743572242558,0.0,9.91743572242558,0.0,9.202509687305689,0.0,9.205559687305689,0.0,0.0,0.011779229497176268,0.011961759254336356,0.0,0.011779229497176268,0.011961759254336356,0.0,0.011560133393361222,0.011941024590130881,0.0,0.011561022721424464,0.011941108582225742,836,0.0,0.0,0.0,,0.0,0.07235387286844708,0.07208779115182773,0.030612916386991484,,0.0729665071770335,0.07235387286844708,0.0717802519768469,0.030612916386991484,,0.0729665071770335,1.000331431327283,,
yelp,query5,4,inf,10.131523893214762,9.793440515175462,71525.0,0.0,0.0,0.0,858.0,10.131523893214762,9.793440515175462,71525.0,0.0,0.0,0.0,858.0,9.469887367303372,9.151555369608104,69324.0,0.0,56.0,0.0,858.0,9.472687367303372,9.151555369608104,69324.0,0.0,56.0,0.0,858.0,0.0,0.0,0.0,0.0,0.0,0.0,0.0,0.0,0.0,0.0,0.0,0.0,0.0,0.0,0.0,0.0,0.0,0.0,0.0,0.0,0.0,0.0,0.0,0.0,10.131523893214762,0.0,10.131523893214762,0.0,9.469887367303372,0.0,9.472687367303372,0.0,0.0,0.011719237179882694,0.011888991287284363,0.0,0.011719237179882694,0.011888991287284363,0.0,0.01141031019770488,0.01186037476398587,0.0,0.011411567451089793,0.011860490818144477,858,0.0,0.0,0.0,,0.0,0.0655423540453145,0.06530473923616753,0.030772457182803192,,0.06526806526806526,0.0655423540453145,0.06502837409805873,0.030772457182803192,,0.06526806526806526,1.0002956740551814,,
yelp,query5,8,1,19.489607768133283,18.83860085066408,140282.0,0.0,0.0,0.0,1650.0,19.489607768133283,18.83860085066408,140282.0,0.0,0.0,0.0,1650.0,16.564900065883993,16.00174376182258,130632.0,0.0,250.0,0.0,1650.0,16.577400065883996,16.00174376182258,130632.0,0.0,250.0,0.0,1650.0,0.0,0.0,0.0,0.0,0.0,0.0,0.0,0.0,0.0,0.0,0.0,0.0,0.0,0.0,0.0,0.0,0.0,0.0,0.0,0.0,0.0,0.0,0.0,0.0,19.489607768133283,0.0,19.489607768133283,0.0,16.564900065883993,0.0,16.577400065883996,0.0,0.0,0.011703782973754259,0.012023022804065933,0.0,0.011703782973754259,0.012023022804065933,0.0,0.011161455016013976,0.011994983906905714,0.0,0.011163704653169274,0.01199509638876348,1650,0.0,0.0,0.0,,0.0,0.150587461952701,0.15006498524979905,0.06879000869676799,,0.15151515151515152,0.150587461952701,0.14942361780163305,0.06879000869676799,,0.15151515151515152,1.0007546076312133,,
yelp,query5,8,1/16,20.042417193762958,19.368015724234283,160339.0,0.0,0.0,0.0,1693.0,20.042417193762958,19.368015724234283,160339.0,0.0,0.0,1693.0,1693.0,20.042417193762958,19.368015724234283,160339.0,0.0,0.0,1693.0,1693.0,20.042417193762958,19.368015724234283,160339.0,0.0,0.0,1693.0,1693.0,0.0,0.0,0.0,0.0,0.0,0.0,0.0,0.0,0.0,0.0,0.0,0.0,0.0,0.0,0.0,0.0,0.0,0.0,0.0,0.0,0.0,0.0,0.0,0.0,20.042417193762958,0.0,20.042417193762958,0.0,20.042417193762958,0.0,20.042417193762958,0.0,0.0,0.01172479614362707,0.012042944783122459,0.0,0.01172479614362707,0.012042944783122459,0.0,0.01172479614362707,0.012042944783122459,0.0,0.01172479614362707,0.012042944783122459,1693,0.0,0.0,0.0,,0.0,0.0,0.0,0.0,,0.0,0.0,0.0,0.0,,0.0,1.0,,
yelp,query5,8,1/4,19.795191177167,19.127414948306978,173540.0,0.0,0.0,0.0,1672.0,19.795191177167,19.127414948306978,173540.0,0.0,0.0,41.0,1672.0,17.169962612326742,16.580982480198145,164874.0,0.0,224.0,41.0,1672.0,17.18116261232674,16.580982480198145,164874.0,0.0,224.0,41.0,1672.0,0.0,0.0,0.0,0.0,0.0,0.0,0.0,0.0,0.0,0.0,0.0,0.0,0.0,0.0,0.0,0.0,0.0,0.0,0.0,0.0,0.0,0.0,0.0,0.0,19.795191177167,0.0,19.795191177167,0.0,17.169962612326742,0.0,17.18116261232674,0.0,0.0,0.011743816788350105,0.012048309008481707,0.0,0.011743816788350105,0.012048309008481707,0.0,0.011339506427857233,0.01202293083881383,0.0,0.011341170682560561,0.012023024905384018,1672,0.0,0.0,0.0,,0.0,0.13312998515433083,0.13261951053386933,0.04993661403710958,,0.1339712918660287,0.13312998515433083,0.1320537165539194,0.04993661403710958,,0.1339712918660287,1.0006523019445575,,
yelp,query5,8,inf,20.099359859712422,19.426814168691635,147798.0,0.0,0.0,0.0,1699.0,20.099359859712422,19.426814168691635,147798.0,0.0,0.0,0.0,1699.0,17.0397828131181,16.458969998173416,137754.0,0.0,261.0,0.0,1699.0,17.0528328131181,16.458969998173416,137754.0,0.0,261.0,0.0,1699.0,0.0,0.0,0.0,0.0,0.0,0.0,0.0,0.0,0.0,0.0,0.0,0.0,0.0,0.0,0.0,0.0,0.0,0.0,0.0,0.0,0.0,0.0,0.0,0.0,20.099359859712422,0.0,20.099359859712422,0.0,17.0397828131181,0.0,17.0528328131181,0.0,0.0,0.01171104503007663,0.012032464151114164,0.0,0.01171104503007663,0.012032464151114164,0.0,0.011243582405128023,0.012008396312351507,0.0,0.011245508175436146,0.012008480345964955,1699,0.0,0.0,0.0,,0.0,0.15277050291144567,0.1522226114637114,0.06795761782974064,,0.15361977633902296,0.15277050291144567,0.15157333705442244,0.06795761782974064,,0.15361977633902296,1.0007658548317853,,
yelp,query5,16,inf,39.413963770493865,38.09882189333439,283840.0,0.0,0.0,0.0,3335.0,39.413963770493865,38.09882189333439,283840.0,0.0,0.0,0.0,3335.0,29.15779758423567,28.150396679528058,250139.0,0.0,875.0,0.0,3335.0,29.20154758423567,28.150396679528058,250139.0,0.0,875.0,0.0,3335.0,0.0,0.0,0.0,0.0,0.0,0.0,0.0,0.0,0.0,0.0,0.0,0.0,0.0,0.0,0.0,0.0,0.0,0.0,0.0,0.0,0.0,0.0,0.0,0.0,39.413963770493865,0.0,39.413963770493865,0.0,29.15779758423567,0.0,29.20154758423567,0.0,0.0,0.01163630164524465,0.012182630957992522,0.0,0.01163630164524465,0.012182630957992522,0.0,0.010787478266022282,0.012148473046891487,0.0,0.01079097537584887,0.012148551081573568,3335,0.0,0.0,0.0,,0.0,0.2611215969265146,0.26021656299223017,0.11873238444193912,,0.2623688155922039,0.2611215969265146,0.2591065503009222,0.11873238444193912,,0.2623688155922039,1.001500456262981,,
yelp,query5,50,inf,122.97123000025749,118.85291561484337,942400.0,0.0,0.0,0.0,10400.0,122.97123000025749,118.85291561484337,942400.0,0.0,0.0,0.0,10400.0,66.84073490566017,64.41064290702343,758000.0,0.0,4800.0,0.0,10400.0,67.08073490566015,64.41064290702343,758000.0,0.0,4800.0,0.0,10400.0,0.0,0.0,0.0,0.0,0.0,0.0,0.0,0.0,0.0,0.0,0.0,0.0,0.0,0.0,0.0,0.0,0.0,0.0,0.0,0.0,0.0,0.0,0.0,0.0,122.97123000025749,0.0,122.97123000025749,0.0,66.84073490566017,0.0,67.08073490566015,0.0,0.0,0.011545616295188665,0.012802774924784899,0.0,0.011545616295188665,0.012802774924784899,0.0,0.009169004547685385,0.012705557728186248,0.0,0.009179004547685384,0.012705557728186248,10400,0.0,0.0,0.0,,0.0,0.45806425888824154,0.4564522538684844,0.19567062818336167,,0.46153846153846156,0.45806425888824154,0.4545005778545137,0.19567062818336167,,0.46153846153846156,1.003590624793978,,
yelp,query6,1,inf,1.312251546420157,1.269138228148222,3323.0,0.0,0.0,0.0,113.0,1.312251546420157,1.269138228148222,3323.0,0.0,0.0,0.0,113.0,1.312251546420157,1.269138228148222,3323.0,0.0,0.0,0.0,113.0,1.312251546420157,1.269138228148222,3323.0,0.0,0.0,0.0,113.0,0.0,0.0,0.0,0.0,0.0,0.0,0.0,0.0,0.002003772184252739,0.0,0.002003772184252739,0.0,0.002003772184252739,0.0,0.002003772184252739,0.0,0.0,0.0,0.0,0.0,0.0,0.0,0.0,0.0,1.3102477742359042,0.0,1.3102477742359042,0.0,1.3102477742359042,0.0,1.3102477742359042,0.0,0.0,0.01159863444814168,0.011602315841533177,0.0,0.01159863444814168,0.011602315841533177,0.0,0.01159863444814168,0.011602315841533177,0.0,0.01159863444814168,0.011602315841533177,113,0.0,0.0,0.0,,0.0,0.0,0.0,0.0,,0.0,0.0,0.0,0.0,,0.0,1.0,,
yelp,query6,2,1,2.6915105944499373,2.6021170737221837,6978.0,0.0,0.0,0.0,232.0,2.6915105944499373,2.6021170737221837,6978.0,0.0,0.0,0.0,232.0,2.6591072385287284,2.5707450518384576,6900.0,0.0,3.0,0.0,232.0,2.6592572385287285,2.5707450518384576,6900.0,0.0,3.0,0.0,232.0,0.0,0.0,0.0,0.0,0.0,0.0,0.0,0.0,0.004007544368505478,0.0,0.004007544368505478,0.0,0.004007544368505478,0.0,0.004007544368505478,0.0,0.0,0.0,0.0,0.0,0.0,0.0,0.0,0.0,2.687503050081432,0.0,2.687503050081432,0.0,2.655099694160223,0.0,2.655249694160223,0.0,0.0,0.011515521581788531,0.011604858763882371,0.0,0.011515521581788531,0.011604858763882371,0.0,0.011456870483267503,0.011598993654030268,0.0,0.011457143707311218,0.01159902097643464,232,0.0,0.0,0.0,,0.0,0.01205634527383126,0.01203909655344726,0.011177987962166847,,0.01293103448275862,0.01205634527383126,0.011983365767802345,0.011177987962166847,,0.01293103448275862,1.0000564099099978,,
yelp,query6,2,1/16,2.973957858979702,2.8756746519356966,7400.0,0.0,0.0,0.0,254.0,2.973957858979702,2.8756746519356966,7400.0,0.0,0.0,254.0,254.0,2.973957858979702,2.8756746519356966,7400.0,0.0,0.0,254.0,254.0,2.973957858979702,2.8756746519356966,7400.0,0.0,0.0,254.0,254.0,0.0,0.0,0.0,0.0,0.0,0.0,0.0,0.0,0.0033396203070878983,0.0,0.0033396203070878983,0.0,0.0033396203070878983,0.0,0.0033396203070878983,0.0,0.0,0.0,0.0,0.0,0.0,0.0,0.0,0.0,2.970618238672614,0.0,2.970618238672614,0.0,2.970618238672614,0.0,2.970618238672614,0.0,0.0,0.011662450952001803,0.011779139414333154,0.0,0.011662450952001803,0.011779139414333154,0.0,0.011662450952001803,0.011779139414333154,0.0,0.011662450952001803,0.011779139414333154,254,0.0,0.0,0.0,,0.0,0.0,0.0,0.0,,0.0,0.0,0.0,0.0,,0.0,1.0,,
yelp,query6,2,1/4,2.8872263431549072,2.7920734491199255,7079.0,0.0,0.0,0.0,246.0,2.8872263431549072,2.7920734491199255,7079.0,0.0,0.0,246.0,246.0,2.8872263431549072,2.7920734491199255,7079.0,0.0,0.0,246.0,246.0,2.8872263431549072,2.7920734491199255,7079.0,0.0,0.0,246.0,246.0,0.0,0.0,0.0,0.0,0.0,0.0,0.0,0.0,0.0033396203070878983,0.0,0.0033396203070878983,0.0,0.0033396203070878983,0.0,0.0033396203070878983,0.0,0.0,0.0,0.0,0.0,0.0,0.0,0.0,0.0,2.8838867228478193,0.0,2.8838867228478193,0.0,2.8838867228478193,0.0,2.8838867228478193,0.0,0.0,0.011684620924236088,0.011795599556677623,0.0,0.011684620924236088,0.011795599556677623,0.0,0.011684620924236088,0.011795599556677623,0.0,0.011684620924236088,0.011795599556677623,246,0.0,0.0,0.0,,0.0,0.0,0.0,0.0,,0.0,0.0,0.0,0.0,,0.0,1.0,,
yelp,query6,2,inf,3.0019222470000386,2.9029416386038065,7371.0,0.0,0.0,0.0,260.0,3.0019222470000386,2.9029416386038065,7371.0,0.0,0.0,0.0,260.0,2.9695188910788297,2.8715696167200804,7293.0,0.0,3.0,0.0,260.0,2.96966889107883,2.8715696167200804,7293.0,0.0,3.0,0.0,260.0,0.0,0.0,0.0,0.0,0.0,0.0,0.0,0.0,0.0066792406141757965,0.0,0.0066792406141757965,0.0,0.0066792406141757965,0.0,0.0066792406141757965,0.0,0.0,0.0,0.0,0.0,0.0,0.0,0.0,0.0,2.995243006385863,0.0,2.995243006385863,0.0,2.962839650464654,0.0,2.962989650464654,0.0,0.0,0.01140665533994116,0.011502067452824826,0.0,0.01140665533994116,0.011502067452824826,0.0,0.01135325657860112,0.011496727576690824,0.0,0.011353505334820024,0.011496752452312714,260,0.0,0.0,0.0,,0.0,0.010806976436086635,0.010794202266095065,0.010582010582010581,,0.011538461538461539,0.010806976436086635,0.010744234283030174,0.010582010582010581,,0.011538461538461539,1.0000505132331203,,
yelp,query6,4,1,5.753390638157725,5.562665039673448,14486.0,0.0,0.0,0.0,494.0,5.753390638157725,5.562665039673448,14486.0,0.0,0.0,0.0,494.0,5.602432238752246,5.416276720352471,14167.0,0.0,13.0,0.0,494.0,5.603082238752246,5.416276720352471,14167.0,0.0,13.0,0.0,494.0,0.0,0.0,0.0,0.0,0.0,0.0,0.0,0.0,0.009350936859846115,0.0,0.009350936859846115,0.0,0.009350936859846115,0.0,0.009350936859846115,0.0,0.0,0.0,0.0,0.0,0.0,0.0,0.0,0.0,5.744039701297879,0.0,5.744039701297879,0.0,5.5930813018924,0.0,5.5937313018924,0.0,0.0,0.01140714547889381,0.011677849015879987,0.0,0.01140714547889381,0.011677849015879987,0.0,0.011277788372520182,0.01166671601241488,0.0,0.01127832988876567,0.011666761138768671,494,0.0,0.0,0.0,,0.0,0.02631622042257109,0.026238162659126707,0.022021261908049206,,0.02631578947368421,0.02631622042257109,0.026125185800630613,0.022021261908049206,,0.02631578947368421,1.0001160210373459,,
yelp,query6,4,1/16,6.070185621269047,5.869420008733869,15438.0,0.0,0.0,0.0,522.0,6.070185621269047,5.869420008733869,15438.0,0.0,0.0,522.0,522.0,6.070185621269047,5.869420008733869,15438.0,0.0,0.0,522.0,522.0,6.070185621269047,5.869420008733869,15438.0,0.0,0.0,522.0,522.0,0.0,0.0,0.0,0.0,0.0,0.0,0.0,0.0,0.0066792406141757965,0.0,0.0066792406141757965,0.0,0.0066792406141757965,0.0,0.0066792406141757965,0.0,0.0,0.0,0.0,0.0,0.0,0.0,0.0,0.0,6.0635063806548715,0.0,6.0635063806548715,0.0,6.0635063806548715,0.0,6.0635063806548715,0.0,0.0,0.011445030039012954,0.011722143400754583,0.0,0.011445030039012954,0.011722143400754583,0.0,0.011445030039012954,0.011722143400754583,0.0,0.011445030039012954,0.011722143400754583,522,0.0,0.0,0.0,,0.0,0.0,0.0,0.0,,0.0,0.0,0.0,0.0,,0.0,1.0,,
yelp,query6,4,1/4,5.526216885074973,5.3437974490225315,13383.0,0.0,0.0,0.0,485.0,5.526216885074973,5.3437974490225315,13383.0,0.0,0.0,485.0,485.0,5.526216885074973,5.3437974490225315,13383.0,0.0,0.0,485.0,485.0,5.526216885074973,5.3437974490225315,13383.0,0.0,0.0,485.0,485.0,0.0,0.0,0.0,0.0,0.0,0.0,0.0,0.0,0.014694329351186752,0.0,0.014694329351186752,0.0,0.014694329351186752,0.0,0.014694329351186752,0.0,0.0,0.0,0.0,0.0,0.0,0.0,0.0,0.0,5.511522555723786,0.0,5.511522555723786,0.0,5.511522555723786,0.0,5.511522555723786,0.0,0.0,0.010997833887709299,0.011313225285360409,0.0,0.010997833887709299,0.011313225285360409,0.0,0.010997833887709299,0.011313225285360409,0.0,0.010997833887709299,0.011313225285360409,485,0.0,0.0,0.0,,0.0,0.0,0.0,0.0,,0.0,0.0,0.0,0.0,,0.0,1.0,,
yelp,query6,4,inf,5.650778576731682,5.4657196206972,13818.0,0.0,0.0,0.0,483.0,5.650778576731682,5.4657196206972,13818.0,0.0,0.0,0.0,483.0,5.462676876429617,5.2835060544312,13384.0,0.0,17.0,0.0,483.0,5.463526876429618,5.2835060544312,13384.0,0.0,17.0,0.0,483.0,0.0,0.0,0.0,0.0,0.0,0.0,0.0,0.0,0.006011316552758217,0.0,0.006011316552758217,0.0,0.006011316552758217,0.0,0.006011316552758217,0.0,0.0,0.0,0.0,0.0,0.0,0.0,0.0,0.0,5.644767260178924,0.0,5.644767260178924,0.0,5.456665559876859,0.0,5.457515559876859,0.0,0.0,0.01153025570856307,0.011786732690969623,0.0,0.01153025570856307,0.011786732690969623,0.0,0.01146455850256814,0.011780164788118186,0.0,0.01146482731977244,0.011780191669838617,483,0.0,0.0,0.0,,0.0,0.03333752532347378,0.033287749245141995,0.0314083080040527,,0.035196687370600416,0.03333752532347378,0.033137327495562086,0.0314083080040527,,0.035196687370600416,1.000155601368931,,
yelp,query6,8,1,10.399623921141028,10.057375251315534,25589.0,0.0,0.0,0.0,895.0,10.399623921141028,10.057375251315534,25589.0,0.0,0.0,0.0,895.0,9.893375283704698,9.566787391901016,24456.0,0.0,45.0,0.0,895.0,9.895625283704698,9.566787391901016,24456.0,0.0,45.0,0.0,895.0,0.0,0.0,0.0,0.0,0.0,0.0,0.0,0.0,0.01803394965827465,0.0,0.01803394965827465,0.0,0.01803394965827465,0.0,0.01803394965827465,0.0,0.0,0.0,0.0,0.0,0.0,0.0,0.0,0.0,10.381589971482754,0.0,10.381589971482754,0.0,9.875341334046423,0.0,9.877591334046423,0.0,0.0,0.011090095223052734,0.01151181838405666,0.0,0.011090095223052734,0.01151181838405666,0.0,0.01102952537595692,0.011507360528881603,0.0,0.011029674629688263,0.01150736799156817,895,0.0,0.0,0.0,,0.0,0.04877891568680881,0.04867951392042125,0.04427683770370083,,0.05027932960893855,0.04877891568680881,0.048463159942906175,0.04427683770370083,,0.05027932960893855,1.0002274249116685,,
yelp,query6,8,1/16,11.261107782833278,10.89210903737694,26498.0,0.0,0.0,0.0,971.0,11.261107782833278,10.89210903737694,26498.0,0.0,0.0,971.0,971.0,11.261107782833278,10.89210903737694,26498.0,0.0,0.0,971.0,971.0,11.261107782833278,10.89210903737694,26498.0,0.0,0.0,971.0,971.0,0.0,0.0,0.0,0.0,0.0,0.0,0.0,0.0,0.02070564590394497,0.0,0.02070564590394497,0.0,0.02070564590394497,0.0,0.02070564590394497,0.0,0.0,0.0,0.0,0.0,0.0,0.0,0.0,0.0,11.240402136929333,0.0,11.240402136929333,0.0,11.240402136929333,0.0,11.240402136929333,0.0,0.0,0.010970652438489135,0.01144758547595557,0.0,0.010970652438489135,0.01144758547595557,0.0,0.010970652438489135,0.01144758547595557,0.0,0.010970652438489135,0.01144758547595557,971,0.0,0.0,0.0,,0.0,0.0,0.0,0.0,,0.0,0.0,0.0,0.0,,0.0,1.0,,
yelp,query6,8,1/4,11.045873016119003,10.6815879130736,27415.0,0.0,0.0,0.0,953.0,11.045873016119003,10.6815879130736,27415.0,0.0,0.0,953.0,953.0,11.045873016119003,10.6815879130736,27415.0,0.0,0.0,953.0,953.0,11.045873016119003,10.6815879130736,27415.0,0.0,0.0,953.0,953.0,0.0,0.0,0.0,0.0,0.0,0.0,0.0,0.0,0.01803394965827465,0.0,0.01803394965827465,0.0,0.01803394965827465,0.0,0.01803394965827465,0.0,0.0,0.0,0.0,0.0,0.0,0.0,0.0,0.0,11.027839066460729,0.0,11.027839066460729,0.0,11.027839066460729,0.0,11.027839066460729,0.0,0.0,0.0110599968672937,0.011504933926561432,0.0,0.0110599968672937,0.011504933926561432,0.0,0.0110599968672937,0.011504933926561432,0.0,0.0110599968672937,0.011504933926561432,953,0.0,0.0,0.0,,0.0,0.0,0.0,0.0,,0.0,0.0,0.0,0.0,,0.0,1.0,,
yelp,query6,8,inf,11.01463326998055,10.647803303785622,27650.0,0.0,0.0,0.0,962.0,11.01463326998055,10.647803303785622,27650.0,0.0,0.0,0.0,962.0,10.291455254456698,9.946967642754316,26035.0,0.0,64.0,0.0,962.0,10.2946552544567,9.946967642754316,26035.0,0.0,64.0,0.0,962.0,0.0,0.0,0.0,0.0,0.0,0.0,0.0,0.0,0.026716962456703186,0.0,0.026716962456703186,0.0,0.026716962456703186,0.0,0.026716962456703186,0.0,0.0,0.0,0.0,0.0,0.0,0.0,0.0,0.0,10.987916307523847,0.0,10.987916307523847,0.0,10.264738291999995,0.0,10.267938291999997,0.0,0.0,0.010759899230541214,0.011206686496243156,0.0,0.010759899230541214,0.011206686496243156,0.0,0.010712540460092488,0.011202619707137701,0.0,0.010712606423153175,0.011202626303443769,962,0.0,0.0,0.0,,0.0,0.06581974150312653,0.06565611380769365,0.058408679927667295,,0.06652806652806653,0.06581974150312653,0.06536559119821894,0.058408679927667295,,0.06652806652806653,1.0003109375613926,,
yelp,query6,16,inf,22.00838673207909,21.281774250790477,54976.0,0.0,0.0,0.0,1909.0,22.00838673207909,21.281774250790477,54976.0,0.0,0.0,0.0,1909.0,19.28216798580736,18.639372032135725,48961.0,0.0,240.0,0.0,1909.0,19.29416798580736,18.639372032135725,48961.0,0.0,240.0,0.0,1909.0,0.0,0.0,0.0,0.0,0.0,0.0,0.0,0.0,0.04475091211497784,0.0,0.04475091211497784,0.0,0.04475091211497784,0.0,0.04475091211497784,0.0,0.0,0.0,0.0,0.0,0.0,0.0,0.0,0.0,21.96363581996411,0.0,21.96363581996411,0.0,19.23741707369238,0.0,19.24941707369238,0.0,0.0,0.010445365864128362,0.010901679492180363,0.0,0.010445365864128362,0.010901679492180363,0.0,0.01036858792898266,0.010898747922307935,0.0,0.010368639053727036,0.010898747922307935,1909,0.0,0.0,0.0,,0.0,0.1241626843474577,0.1238718121168797,0.10941137951105939,,0.12572027239392353,0.1241626843474577,0.12332656542769338,0.10941137951105939,,0.12572027239392353,1.0006223366588671,,
yelp,query6,50,inf,69.36865299940109,67.0789061114192,171400.0,0.0,0.0,0.0,6000.0,69.36865299940109,67.0789061114192,171400.0,0.0,0.0,0.0,6000.0,48.58904919183254,46.931649185717106,126800.0,0.0,1800.0,0.0,6000.0,48.679049191832526,46.931649185717106,126800.0,0.0,1800.0,0.0,6000.0,0.0,0.0,0.0,0.0,0.0,0.0,0.0,0.0,0.13358481228351593,0.0,0.13358481228351593,0.0,0.13358481228351593,0.0,0.13358481228351593,0.0,0.0,0.0,0.0,0.0,0.0,0.0,0.0,0.0,69.23506818711758,0.0,69.23506818711758,0.0,48.45546437954902,0.0,48.54546437954901,0.0,0.0,0.009621384087949991,0.00991911932360381,0.0,0.009621384087949991,0.00991911932360381,0.0,0.009373413166031241,0.009916645928751678,0.0,0.009373413166031241,0.009916645928751678,6000,0.0,0.0,0.0,,0.0,0.30035160221958834,0.29955322626414504,0.2602100350058343,,0.3,0.30035160221958834,0.29825581026846804,0.2602100350058343,,0.3,1.0018522692149143,,
yelp,query7,1,inf,0.8516837488859892,0.8208208587020636,15444.0,0.0,0.0,0.0,83.0,0.8484335258960723,0.8177937250584364,15434.0,0.0,5.0,0.0,83.0,0.8484335258960723,0.8177937250584364,15434.0,0.0,5.0,0.0,83.0,0.8484335258960723,0.8177937250584364,15434.0,0.0,5.0,0.0,83.0,0.0,0.0,0.0,0.0,0.0,0.0,0.0,0.0,0.007200445979833603,0.0,0.003950222989916801,0.0,0.003950222989916801,0.0,0.003950222989916801,0.0,0.0,0.0,0.0,0.0,0.0,0.0,0.0,0.0,0.8444833029061556,0.0,0.8444833029061556,0.0,0.8444833029061556,0.0,0.8444833029061556,0.0,0.0,0.010839489217595024,0.010882391839809083,0.0,0.01081194495496861,0.010879637413546443,0.0,0.01081194495496861,0.010879637413546443,0.0,0.01081194495496861,0.010879637413546443,83,0.0036879345980728173,0.0038162322507246937,0.0006475006475006317,,0.060240963855421686,0.0036879345980728173,0.0038162322507246937,0.0006475006475006317,,0.060240963855421686,0.0036879345980728173,0.0038162322507246937,0.0006475006475006317,,0.060240963855421686,1.0,,
yelp,query7,2,1,2.0821376238018274,2.0088451402261853,27345.0,0.0,0.0,0.0,198.0,2.0769372670179607,2.004001726396382,27329.0,0.0,8.0,0.0,198.0,2.0769372670179607,2.004001726396382,27329.0,0.0,8.0,0.0,198.0,2.0769372670179607,2.004001726396382,27329.0,0.0,8.0,0.0,198.0,0.0,0.0,0.0,0.0,0.0,0.0,0.0,0.0,0.011520713567733765,0.0,0.006320356783866882,0.0,0.006320356783866882,0.0,0.006320356783866882,0.0,0.0,0.0,0.0,0.0,0.0,0.0,0.0,0.0,2.0706169102340937,0.0,2.0706169102340937,0.0,2.0706169102340937,0.0,2.0706169102340937,0.0,0.0,0.01091280190582226,0.010976101850558605,0.0,0.010893251692349077,0.010974146829211287,0.0,0.010893251692349077,0.010974146829211287,0.0,0.010893251692349077,0.010974146829211287,198,0.002411043904189669,0.002497604732952907,0.0005851161089778234,,0.04040404040404041,0.002411043904189669,0.002497604732952907,0.0005851161089778234,,0.04040404040404041,0.002411043904189669,0.002497604732952907,0.0005851161089778234,,0.04040404040404041,1.0,,
yelp,query7,2,1/16,2.0728992195799947,1.9969476843252778,45541.0,0.0,0.0,0.0,193.0,2.0683489073941113,1.9927096972241998,45527.0,0.0,7.0,9.0,193.0,2.0683489073941113,1.9927096972241998,45527.0,0.0,7.0,9.0,193.0,2.0683489073941113,1.9927096972241998,45527.0,0.0,7.0,50.0,193.0,0.0,0.0,0.0,0.0,0.0,0.0,0.0,0.0,0.010080624371767044,0.0,0.005530312185883522,0.0,0.005530312185883522,0.0,0.005530312185883522,0.0,0.0,0.0,0.0,0.0,0.0,0.0,0.0,0.0,2.0628185952082276,0.0,2.0628185952082276,0.0,2.0628185952082276,0.0,2.0628185952082276,0.0,0.0,0.011118166192213622,0.011171756091815747,0.0,0.011101798162767998,0.011170119288871185,0.0,0.011101798162767998,0.011170119288871185,0.0,0.011101798162767998,0.011170119288871185,193,0.0021222324121675795,0.0021951439524423577,0.0003074152961067833,,0.03626943005181347,0.0021222324121675795,0.0021951439524423577,0.0003074152961067833,,0.03626943005181347,0.0021222324121675795,0.0021951439524423577,0.0003074152961067833,,0.03626943005181347,1.0,,
yelp,query7,2,1/4,1.9654483059421182,1.8904974311590195,54477.0,0.0,0.0,0.0,193.0,1.9576477707663178,1.8832323104143143,54453.0,0.0,12.0,11.0,193.0,1.9576477707663178,1.8832323104143143,54453.0,0.0,12.0,11.0,193.0,1.9576477707663178,1.8832323104143143,54453.0,0.0,12.0,11.0,193.0,0.0,0.0,0.0,0.0,0.0,0.0,0.0,0.0,0.017281070351600647,0.0,0.009480535175800324,0.0,0.009480535175800324,0.0,0.009480535175800324,0.0,0.0,0.0,0.0,0.0,0.0,0.0,0.0,0.0,1.9481672355905175,0.0,1.9481672355905175,0.0,1.9481672355905175,0.0,1.9481672355905175,0.0,0.0,0.010633455729490615,0.010732289743268997,0.0,0.010601746236906061,0.010729118794010542,0.0,0.010601746236906061,0.010729118794010542,0.0,0.010601746236906061,0.010729118794010542,193,0.0038429677951221652,0.003968832531599631,0.00044055289388178487,,0.06217616580310881,0.0038429677951221652,0.003968832531599631,0.00044055289388178487,,0.06217616580310881,0.0038429677951221652,0.003968832531599631,0.00044055289388178487,,0.06217616580310881,1.0,,
yelp,query7,2,inf,1.730558654293418,1.6680819420143962,31086.0,0.0,0.0,0.0,164.0,1.7266583867055179,1.6644493816420436,31074.0,0.0,6.0,0.0,164.0,1.716031304935515,1.6541630094870925,31048.0,0.0,7.0,0.0,164.0,1.716081304935515,1.6541630094870925,31048.0,0.0,7.0,0.0,164.0,0.0,0.0,0.0,0.0,0.0,0.0,0.0,0.0,0.008640535175800323,0.0,0.004740267587900162,0.0,0.004740267587900162,0.0,0.004740267587900162,0.0,0.0,0.0,0.0,0.0,0.0,0.0,0.0,0.0,1.7219181191176176,0.0,1.7219181191176176,0.0,1.7112910373476147,0.0,1.7113410373476148,0.0,0.0,0.010900234461787645,0.0109638550895514,0.0,0.010882343326063332,0.010962065975978971,0.0,0.010882343326063332,0.010962065975978971,0.0,0.010882343326063332,0.010962065975978971,164,0.002177687007369644,0.002253762146821048,0.00038602586373281955,,0.036585365853658534,0.008344273849338002,0.008394600969959365,0.0012224152351540951,,0.042682926829268296,0.008344273849338002,0.008365708565835295,0.0012224152351540951,,0.042682926829268296,1.0000291369975922,,
yelp,query7,4,1,3.5448973905295134,3.414626030251384,80673.0,0.0,0.0,0.0,330.0,3.537096855353713,3.4073609095066786,80649.0,0.0,12.0,0.0,330.0,3.537096855353713,3.4073609095066786,80649.0,0.0,12.0,0.0,330.0,3.537096855353713,3.4073609095066786,80649.0,0.0,12.0,0.0,330.0,0.0,0.0,0.0,0.0,0.0,0.0,0.0,0.0,0.017281070351600647,0.0,0.009480535175800324,0.0,0.009480535175800324,0.0,0.009480535175800324,0.0,0.0,0.0,0.0,0.0,0.0,0.0,0.0,0.0,3.5276163201779127,0.0,3.5276163201779127,0.0,3.5276163201779127,0.0,3.5276163201779127,0.0,0.0,0.01102403627934857,0.01118421879092179,0.0,0.011005810729872402,0.011182396235974175,0.0,0.011005810729872402,0.011182396235974175,0.0,0.011005810729872402,0.011182396235974175,330,0.0021276475609162127,0.0022004967468564063,0.00029749730393069385,,0.03636363636363636,0.0021276475609162127,0.0022004967468564063,0.00029749730393069385,,0.03636363636363636,0.0021276475609162127,0.0022004967468564063,0.00029749730393069385,,0.03636363636363636,1.0,,
yelp,query7,4,1/16,3.7048185048624873,3.568758907727897,80799.0,0.0,0.0,0.0,353.0,3.6931177020987866,3.5578612266108394,80763.0,0.0,18.0,16.0,353.0,3.6931177020987866,3.5578612266108394,80763.0,0.0,18.0,16.0,353.0,3.6931177020987866,3.5578612266108394,80763.0,0.0,18.0,84.0,353.0,0.0,0.0,0.0,0.0,0.0,0.0,0.0,0.0,0.02592160552740097,0.0,0.014220802763700484,0.0,0.014220802763700484,0.0,0.014220802763700484,0.0,0.0,0.0,0.0,0.0,0.0,0.0,0.0,0.0,3.6788968993350863,0.0,3.6788968993350863,0.0,3.6788968993350863,0.0,3.6788968993350863,0.0,0.0,0.010896889415952111,0.011030172312374426,0.0,0.01087077155264028,0.011027560526043242,0.0,0.01087077155264028,0.011027560526043242,0.0,0.01087077155264028,0.011027560526043242,353,0.0030536333215055445,0.003158266119742126,0.0004455500686889602,,0.05099150141643059,0.0030536333215055445,0.003158266119742126,0.0004455500686889602,,0.05099150141643059,0.0030536333215055445,0.003158266119742126,0.0004455500686889602,,0.05099150141643059,1.0,,
yelp,query7,4,1/4,3.7984291706234217,3.654509825631976,99503.0,0.0,0.0,0.0,373.0,3.7841281894677876,3.6411904376000166,99459.0,0.0,22.0,20.0,373.0,3.773501107697785,3.6309040654450655,99433.0,0.0,23.0,20.0,373.0,3.773551107697785,3.6309040654450655,99433.0,0.0,23.0,20.0,373.0,0.0,0.0,0.0,0.0,0.0,0.0,0.0,0.0,0.03168196231126785,0.0,0.017380981155633926,0.0,0.017380981155633926,0.0,0.017380981155633926,0.0,0.0,0.0,0.0,0.0,0.0,0.0,0.0,0.0,3.766747208312154,0.0,3.766747208312154,0.0,3.756120126542151,0.0,3.756170126542151,0.0,0.0,0.010555230942963246,0.010675408478148216,0.0,0.010523869142183348,0.010672272298070225,0.0,0.010523869142183348,0.010672272298070225,0.0,0.010523869142183348,0.010672272298070225,373,0.0036446441978457145,0.003764972443407899,0.0004421977226817253,,0.058981233243967826,0.0064593505868679735,0.006562729435216852,0.0007034963769936287,,0.06166219839142091,0.0064593505868679735,0.006549566099070869,0.0007034963769936287,,0.06166219839142091,1.000013250294242,,
yelp,query7,4,inf,3.796889496035874,3.652166132815182,103998.0,0.0,0.0,0.0,372.0,3.78258851488024,3.6388467447832227,103954.0,0.0,22.0,0.0,372.0,3.78258851488024,3.6388467447832227,103954.0,0.0,22.0,0.0,372.0,3.78258851488024,3.6388467447832227,103954.0,0.0,22.0,0.0,372.0,0.0,0.0,0.0,0.0,0.0,0.0,0.0,0.0,0.03168196231126785,0.0,0.017380981155633926,0.0,0.017380981155633926,0.0,0.017380981155633926,0.0,0.0,0.0,0.0,0.0,0.0,0.0,0.0,0.0,3.765207533724606,0.0,3.765207533724606,0.0,3.765207533724606,0.0,3.765207533724606,0.0,0.0,0.010594475066926314,0.010727585175626981,0.0,0.010563520562260441,0.010724489725160392,0.0,0.010563520562260441,0.010724489725160392,0.0,0.010563520562260441,0.010724489725160392,372,0.0036469830636353118,0.0037664991753288968,0.0004230850593280877,,0.05913978494623656,0.0036469830636353118,0.0037664991753288968,0.0004230850593280877,,0.05913978494623656,0.0036469830636353118,0.0037664991753288968,0.0004230850593280877,,0.05913978494623656,1.0,,
yelp,query7,8,1,7.662559463642538,7.394469458609819,89247.0,0.0,0.0,0.0,738.0,7.637207724321186,7.3708578161895275,89169.0,0.0,39.0,0.0,738.0,7.605326479011178,7.339998699724674,89091.0,0.0,42.0,0.0,738.0,7.605476479011178,7.339998699724674,89091.0,0.0,42.0,0.0,738.0,0.0,0.0,0.0,0.0,0.0,0.0,0.0,0.0,0.0561634786427021,0.0,0.03081173932135105,0.0,0.03081173932135105,0.0,0.03081173932135105,0.0,0.0,0.0,0.0,0.0,0.0,0.0,0.0,0.0,7.6063959849998355,0.0,7.6063959849998355,0.0,7.574514739689827,0.0,7.574664739689827,0.0,0.0,0.010558774305766896,0.010824488550070909,0.0,0.010526683496499363,0.010821279469144155,0.0,0.010526683496499363,0.010821279469144155,0.0,0.010526683496499363,0.010821279469144155,738,0.003193148954425573,0.0033085210550913846,0.0008739789572759227,,0.052845528455284556,0.007366418806655783,0.007469173309899824,0.0017479579145517343,,0.056910569105691054,0.007366418806655783,0.0074495976053704505,0.0017479579145517343,,0.056910569105691054,1.0000197230191779,,
yelp,query7,8,1/16,7.451694394461811,7.171843936666846,184825.0,0.0,0.0,0.0,721.0,7.426342655140459,7.148232294246554,184747.0,0.0,39.0,37.0,721.0,7.4157155733704565,7.137945922091603,184721.0,0.0,40.0,37.0,721.0,7.394611409830451,7.117373177781701,184669.0,0.0,42.0,190.0,721.0,0.0,0.0,0.0,0.0,0.0,0.0,0.0,0.0,0.0561634786427021,0.0,0.03081173932135105,0.0,0.03081173932135105,0.0,0.03081173932135105,0.0,0.0,0.0,0.0,0.0,0.0,0.0,0.0,0.0,7.3955309158191085,0.0,7.3955309158191085,0.0,7.384903834049106,0.0,7.3637996705091,0.0,0.0,0.010518157097826247,0.010738477489287732,0.0,0.010485402912656542,0.010735202070770762,0.0,0.010485402912656542,0.010735202070770762,0.0,0.010485402912656542,0.010735202070770762,721,0.00329226941199523,0.0034021442613364483,0.0004220208305153461,,0.05409153952843273,0.004726541022725739,0.0048282738377051215,0.0005626944406871282,,0.05547850208044383,0.007595084244186867,0.007660403340451594,0.0008440416610306922,,0.05825242718446602,0.9971541298568961,,
yelp,query7,8,1/4,7.4150264309719205,7.138773410581052,175528.0,0.0,0.0,0.0,716.0,7.389674691650569,7.11516176816076,175450.0,0.0,39.0,35.0,716.0,7.315285119260549,7.043157163076103,175268.0,0.0,46.0,35.0,716.0,7.315635119260549,7.043157163076103,175268.0,0.0,46.0,35.0,716.0,0.0,0.0,0.0,0.0,0.0,0.0,0.0,0.0,0.0561634786427021,0.0,0.03081173932135105,0.0,0.03081173932135105,0.0,0.03081173932135105,0.0,0.0,0.0,0.0,0.0,0.0,0.0,0.0,0.0,7.358862952329218,0.0,7.358862952329218,0.0,7.2844733799391985,0.0,7.284823379939199,0.0,0.0,0.01054684018852745,0.01080689518029816,0.0,0.010513657283656571,0.010803576889811074,0.0,0.010513657283656571,0.010803576889811074,0.0,0.010513657283656571,0.010803576889811074,716,0.0033075209230334357,0.0034189681665137694,0.00044437354724036204,,0.05446927374301676,0.013393932263381259,0.013451241561966754,0.0014812451574677254,,0.06424581005586592,0.013393932263381259,0.013404040111876347,0.0014812451574677254,,0.06424581005586592,1.0000478450250803,,
yelp,query7,8,inf,7.127023356966674,6.865573484450579,147687.0,0.0,0.0,0.0,679.0,7.107522019027174,6.847410682588816,147627.0,0.0,30.0,0.0,679.0,7.0225053648671505,6.765119705349207,147419.0,0.0,38.0,0.0,679.0,7.0229053648671504,6.765119705349207,147419.0,0.0,38.0,0.0,679.0,0.0,0.0,0.0,0.0,0.0,0.0,0.0,0.0,0.04320267587900162,0.0,0.023701337939500806,0.0,0.023701337939500806,0.0,0.023701337939500806,0.0,0.0,0.0,0.0,0.0,0.0,0.0,0.0,0.0,7.083820681087673,0.0,7.083820681087673,0.0,6.99880402692765,0.0,6.99920402692765,0.0,0.0,0.010642581090629512,0.010880298258669839,0.0,0.01061564554098932,0.01087760470370582,0.0,0.01061564554098932,0.01087760470370582,0.0,0.01061564554098932,0.01087760470370582,679,0.0026454893976298743,0.002736252845367493,0.0004062646001340431,,0.044182621502209134,0.014631520488256888,0.014665027300262423,0.0018146485472655405,,0.055964653902798235,0.014631520488256888,0.014608902887591646,0.0018146485472655405,,0.055964653902798235,1.0000569597286464,,
yelp,query7,16,inf,15.352391453459859,14.789593778550625,329598.0,0.0,0.0,0.0,1452.0,15.312738732982874,14.752662748098373,329476.0,0.0,61.0,0.0,1452.0,15.11082417935282,14.557221677154303,328982.0,0.0,80.0,0.0,1452.0,15.11177417935282,14.557221677154303,328982.0,0.0,80.0,0.0,1452.0,0.0,0.0,0.0,0.0,0.0,0.0,0.0,0.0,0.08784544095396996,0.0,0.048192720476984974,0.0,0.048192720476984974,0.0,0.048192720476984974,0.0,0.0,0.0,0.0,0.0,0.0,0.0,0.0,0.0,15.264546012505889,0.0,15.264546012505889,0.0,15.062631458875835,0.0,15.063581458875834,0.0,0.0,0.01028867149845838,0.010837878459012927,0.0,0.010252091498018355,0.010834220458968924,0.0,0.010252091498018355,0.010834220458968924,0.0,0.010252091498018355,0.010834220458968924,1452,0.002497095660991877,0.002582836725938842,0.00037014787711087127,,0.04201101928374656,0.01571186503670785,0.015734830292683744,0.0018689433795108235,,0.05509641873278237,0.01571186503670785,0.015672950682404152,0.0018689433795108235,,0.05509641873278237,1.0000628688408206,,
yelp,query7,50,inf,46.30635101348162,44.60304547101259,1012200.0,0.0,0.0,0.0,4400.0,46.17634209388495,44.481960125267506,1011800.0,0.0,200.0,0.0,4400.0,44.05092573988438,42.42468569427729,1006600.0,0.0,400.0,0.0,4400.0,44.060925739884375,42.42468569427729,1006600.0,0.0,400.0,0.0,4400.0,0.0,0.0,0.0,0.0,0.0,0.0,0.0,0.0,0.2880178391933441,0.0,0.15800891959667204,0.0,0.15800891959667204,0.0,0.15800891959667204,0.0,0.0,0.0,0.0,0.0,0.0,0.0,0.0,0.0,46.01833317428827,0.0,46.01833317428827,0.0,43.8929168202877,0.0,43.90291682028771,0.0,0.0,0.00880510057322681,0.00976842544041574,0.0,0.00872384499847889,0.009760299882940948,0.0,0.00872384499847889,0.009760299882940948,0.0,0.00872384499847889,0.009760299882940948,4400,0.0027147326929454207,0.0028075829071225744,0.00039517881841533153,,0.045454545454545456,0.04883881254590605,0.048706607716522465,0.0055325034578146415,,0.09090909090909091,0.04883881254590605,0.04849065461762492,0.0055325034578146415,,0.09090909090909091,1.0002270099851942,,
